publishedDate,title,source,url,neg,neu,pos,compound,trading_date
2025-04-10 21:27:58,"Nvidia and AMD Push Forward With AI Chip Strategies Amid Tariff Relief, Stock Volatility",Yahoo,https://finnhub.io/api/news?id=18983a4e1ab3ab36676e7d05d76f25e5e5ce881db75c49e65d756b6ac268f70c,0.07,0.841,0.09,0.1779,2025-04-11
2025-04-10 21:25:44,"TD Cowen Cuts NVIDIA Target to $140, Maintains Buy Despite YTD Decline",Yahoo,https://finnhub.io/api/news?id=599fae7b552d4eb9ce2b24af016235eb86f31d9cb64887db4b88d18d2b22ec6e,0.112,0.888,0.0,-0.2846,2025-04-11
2025-04-10 20:49:00,"These Stocks Moved the Most Today: Nvidia, Apple, Tesla, GM, Microsoft, CarMax, U.S. Steel, Warner Bros., and More",Yahoo,https://finnhub.io/api/news?id=ad0e76daeb145dcbb8d7d54d020fed157452201110488bcaba990dc3b85229e5,0.0,0.961,0.039,0.3597,2025-04-11
2025-04-10 20:21:10,"Stocks pummeled as Nasdaq sinks 4%, Dow drops 1,000 points as new China tariffs loom over markets",Yahoo,https://finnhub.io/api/news?id=8d4144d795f13f0e7eb9d6b3f670e6a4135cd216e229d53e7ed310e2aba98647,0.115,0.885,0.0,-0.5106,2025-04-11
2025-04-10 11:08:00,"Nvidia’s stock retreats, but analysts aren’t buying into tariff fears right now",MarketWatch,https://finnhub.io/api/news?id=5450a0a4f3da095373cc0b0aabaf412e9c19453a0e59b721c08baf555f211ac0,0.252,0.748,0.0,-0.8126,2025-04-10
2025-04-10 19:33:07,"U.S. Lifts NVIDIA Chip Ban, Easing Strain on Samsung and SK Hynix",Yahoo,https://finnhub.io/api/news?id=4a2f2526558a535fca1539eb369940f1a4f995f7f895e61ce9535b57a77f4480,0.225,0.722,0.053,-0.7506,2025-04-11
2025-04-10 19:00:00,"Can Palantir Outperform NVIDIA, and Should You Buy the Stock?",Yahoo,https://finnhub.io/api/news?id=f16cebe791375fb3a29bcb71b34508585c4d8eada5f6325d5f4d8f4bcfe0f3ce,0.0,0.754,0.246,0.8574,2025-04-11
2025-04-10 18:43:13,Nvidia and Broadcom Lead the Tech Sell-Off Amid Market Turbulence,Yahoo,https://finnhub.io/api/news?id=8608eebcb6c6fcd7359dd99784cd0af482c5c7d712546c7bd350657ddd2d2c0f,0.123,0.741,0.136,0.079,2025-04-11
2025-04-10 18:43:10,"Why Nvidia, Palantir, Broadcom, and Other Semiconductor and AI Stocks Rallied This Week",Yahoo,https://finnhub.io/api/news?id=6d425ecc81c71bc2767747645cf086255832659669966f0ebcba720f9eb3559d,0.0,0.799,0.201,0.7003,2025-04-11
2025-04-10 18:00:58,Chip Stocks Reverse Rally as Trade Fears Resurface,Yahoo,https://finnhub.io/api/news?id=fea7ff486bfb8cb512b26c70b4e1d06815389acd7c47936378c865d8bf54dd6e,0.267,0.733,0.0,-0.7906,2025-04-11
2025-04-10 18:00:10,Jim Cramer on Taiwan Semiconductor Manufacturing (TSM): The US Build “Is The Biggest Build In The World”,Yahoo,https://finnhub.io/api/news?id=d7cac88360ac31b48293a4f28effe6fd7755c9e8d2b8034d4e24bdcedf41ef1c,0.026,0.974,0.0,-0.2263,2025-04-11
2025-04-10 17:56:35,Luminary launches AI open-source model for SUV aerodynamics analysis,Yahoo,https://finnhub.io/api/news?id=36b92bd33553e1238bac60066e01038ea23644c25cf3d48a93166634eb557376,0.0,1.0,0.0,0.0,2025-04-11
2025-04-10 17:45:57,Nvidia Is Sinking Today. Is It Time to Buy the Artificial Intelligence (AI) Stock?,Yahoo,https://finnhub.io/api/news?id=9867689e0e766bd6eaab608bd682ceb011993e2dbf14cc08088c8557c358d206,0.0,0.854,0.146,0.8689,2025-04-11
2025-04-10 17:08:51,Mag 7 market cap value surged on tariff pause news,Yahoo,https://finnhub.io/api/news?id=f750267b019b90d543853466e0bd750d0855bc71685119b6770e39f8b345a636,0.0,0.924,0.076,0.7906,2025-04-11
2025-04-10 16:34:00,"Apple, Nvidia, Meta, and more Magnificent 7 stocks slide as the Nasdaq rally kicks into reverse",Yahoo,https://finnhub.io/api/news?id=8b35ad0335bb127e20138e8ceb5bdf924a543d50b5738bb7073ecadc2a4a95cd,0.0,0.874,0.126,0.7089,2025-04-11
2025-04-10 16:31:44,"Top Stock Movers Now: CarMax, Tesla, Nvidia, and More",Yahoo,https://finnhub.io/api/news?id=998034aea73005cc0e2c26daeaf1074dc1bd798d7450e6da236368d00e8eafbd,0.0,0.829,0.171,0.6808,2025-04-11
2025-04-10 15:56:00,"Nike, Chevron share losses lead Dow's 975-point drop",MarketWatch,https://finnhub.io/api/news?id=e756302da60c247d8f9067abfecffefe4a5280b58c3c56cc93dd4defcfda12ec,0.4,0.417,0.183,-0.6369,2025-04-10
2025-04-10 15:55:58,Nvidia Cleared To Sell H20 AI Chips To China As Trump Backs Off,Yahoo,https://finnhub.io/api/news?id=5d80d6ffdaa0c501bd99d339769cd6a1b58056e01eebec988de3884cc838b405,0.1,0.826,0.074,-0.2263,2025-04-10
2025-04-10 15:49:45,NVIDIA (NVDA) — Jim Cramer Pleads: “This Is the Highest Quality Company in the World”,Yahoo,https://finnhub.io/api/news?id=a431a27824c6364822139996025c72a333dd9d45cba14bf64b1b5ede69118b29,0.044,0.956,0.0,-0.4939,2025-04-10
2025-04-10 15:46:39,Runway AI Secures $300M From Nvidia And Fidelity To Revolutionize Film With Gen-4 Model And Studio Deals Raising Its Valuation To $3B,Yahoo,https://finnhub.io/api/news?id=caa1323ddc678715ac4c8ff0c242be7261216aa40e777d2386c6130c92da16ac,0.0,0.826,0.174,0.9517,2025-04-10
2025-04-10 15:30:00,Harbor Mid Cap Value Fund Q4 2024 Commentary,SeekingAlpha,https://finnhub.io/api/news?id=c641fbb5af096e14d02db6cb15aa59cf2865db40883254d9c95f8e7d11676f44,0.0,0.745,0.255,0.34,2025-04-10
2025-04-10 15:30:00,Get diversified: 'Mag 7 will no longer be the Mag 7' in 5 years,Yahoo,https://finnhub.io/api/news?id=646a81f5169b632b113568ad4389dd616f249786c4587f9f785b7eb568735b80,0.017,0.857,0.126,0.891,2025-04-10
2025-04-10 15:02:31,Tesla Rally? Don't Be Fooled - $42 Is In Sight,SeekingAlpha,https://finnhub.io/api/news?id=f10b6ee91c454d3aee0438589f48c30a8a96889875a5501ffc997c9ec7af890b,0.0,0.805,0.195,0.2924,2025-04-10
2025-04-10 14:54:00,"Nike, Chevron share losses lead Dow's 1,087-point fall",MarketWatch,https://finnhub.io/api/news?id=2f5e8206353e86a1f742917ec8f228c4acaf4750f4118caeb463c6183fc65f2f,0.248,0.55,0.202,-0.25,2025-04-10
2025-04-10 14:49:41,The Medium-Term Impact Of Tariffs On The Technology Sector,SeekingAlpha,https://finnhub.io/api/news?id=ad828c92fd62b5ed49bdaf848c1441259d2fd4aea6a403858de718a2e10f8e7f,0.0,0.935,0.065,0.3612,2025-04-10
2025-04-10 14:45:23,Why Shares of Nvidia Are Sinking Today,Yahoo,https://finnhub.io/api/news?id=34702dda335ed3b1cd6301010d4e9a9cdf4683c392fa4e6fc688b8d04e49e0f1,0.021,0.891,0.087,0.7003,2025-04-10
2025-04-10 14:42:09,Shares of technology stocks are trading lower amid an overall market reversal following Wednesday's surge.,Benzinga,https://finnhub.io/api/news?id=41a3e77e4aeff37967aace9bfa1516b7cf78050e9a00b343729cb4f304f0bf32,0.126,0.747,0.126,0.0,2025-04-10
2025-04-10 14:38:00,Nvidia Stock Runs Out of Steam After Tariff Rally. But There’s Good News.,Yahoo,https://finnhub.io/api/news?id=2a3865c57c4e6a8e0c2974252d6bd2f843e43da69becfdb8ce992e47fa4cad03,0.0,0.879,0.121,0.5927,2025-04-10
2025-04-10 13:53:00,"Nike, Chevron share losses contribute to Dow's 1300-point fall",MarketWatch,https://finnhub.io/api/news?id=62368362a27e39e0707487fdf0d891adbec81cc05599abc2a8839b8cb8994905,0.227,0.588,0.185,-0.25,2025-04-10
2025-04-10 13:52:29,"Stocks to Watch Thursday: CarMax, TSMC, Trump Media, U.S. Steel",Yahoo,https://finnhub.io/api/news?id=e808edf80655b0dd5a308757c35fa098f185a58de9db99071a438af15954870e,0.0,0.899,0.101,0.6597,2025-04-10
2025-04-10 13:51:00,"These Stocks Are Moving the Most Today: Nvidia, Apple, Tesla, Ford, Microsoft, U.S. Steel, CarMax, and More",Yahoo,https://finnhub.io/api/news?id=adb5292831040d920c369b32e7521aab3d879b0e8c41836e9907cce1f2d807c7,0.0,0.96,0.04,0.3597,2025-04-10
2025-04-10 13:46:00,Trump's Tariff Pause Triggers Epic Rally: How to Play Mag 7 Now,Yahoo,https://finnhub.io/api/news?id=09361f0a30fe0107ec0f68c31af4b83bfa0092f811da79e8d7c20c69670ffb1d,0.0,0.725,0.275,0.8555,2025-04-10
2025-04-10 13:43:04,Nvidia Climbs After U.S. Reportedly Halts Export Ban on AI Chips to China,Yahoo,https://finnhub.io/api/news?id=dd383e76d582b194fabf40a221564884fb13ce225db63e8dfa38a917aafa290a,0.202,0.728,0.07,-0.6908,2025-04-10
2025-04-10 13:33:00,Alphabet Can’t Shake Off AI Concerns Even With Low Multiple,Yahoo,https://finnhub.io/api/news?id=303143669ecfb15d8e30c7e26f3dde7175cae2a09d6c52ae3dd6c19c88961b91,0.125,0.768,0.107,-0.2023,2025-04-10
2025-04-10 13:24:45,Tesla and Nvidia Lead $1.5 Trillion Tech Rally After Trump Delays Tariffs,Yahoo,https://finnhub.io/api/news?id=e674ef6d63894e3faa19bb56d4b45ea84bf37ac5f5640a1986ecf47c90821079,0.0,1.0,0.0,0.0,2025-04-10
2025-04-10 13:14:32,What should investors do after Trump's tariff U-turn?,Yahoo,https://finnhub.io/api/news?id=5a817f8780df1e68682bc1540d1c7fd69551bcf9d578cf076e36442af0f6d273,0.0,1.0,0.0,0.0,2025-04-10
2025-04-10 13:10:00,Top Big Data Stocks to Power Up Your Portfolio Right Away,Yahoo,https://finnhub.io/api/news?id=dfc269998e6f6deb09617bdc5d1ac764813e67c039cb9aa20d3bb68b07ea845a,0.0,0.819,0.181,0.743,2025-04-10
2025-04-10 13:00:00,Why Nvidia Stock Could Be Tech's Biggest Bargain in 2025,Yahoo,https://finnhub.io/api/news?id=70ad8505cb4fe36e86f37aa4d15931bee1efa474997cbce5728956e539089db3,0.058,0.819,0.123,0.6808,2025-04-10
2025-04-10 12:57:51,Trump's 90-day tariff pause ripples through markets: What Wall Street is saying,Yahoo,https://finnhub.io/api/news?id=b445c4bf14bdc85ffadea94b93aed969430a623fb35ff12bd3701221669bfa6e,0.0,0.909,0.091,0.2732,2025-04-10
2025-04-10 12:53:00,3 Signs AI Demand Remains Strong Amid Tariff Uncertainty,MarketWatch,https://finnhub.io/api/news?id=5806dc28604622536cf6ab11519ae469a7c0bea06c1664af843bcf8e5b243052,0.295,0.455,0.25,0.2023,2025-04-10
2025-04-10 12:52:00,"Nike, Walt Disney share losses contribute to Dow's 1,586-point drop",MarketWatch,https://finnhub.io/api/news?id=df74ceed051e2331115204d88735d30e0f63520fef0a282ad8bae10e0fcab182,0.343,0.5,0.157,-0.6369,2025-04-10
2025-04-10 12:46:13,QQQ: I Have Been Waiting For A Drop Like This,SeekingAlpha,https://finnhub.io/api/news?id=dc5c4aa9b26ac5e0b891768c545b8382da973c1a6362aa9114f40ca27995964f,0.04,0.691,0.269,0.836,2025-04-10
2025-04-10 12:45:14,"Wall Street Tumbles, Dollar Crashes, Gold Hits Record Highs As Inflation Cools More Than Predicted: What's Driving Markets Thursday",Benzinga,https://finnhub.io/api/news?id=17cd4c5b66ea29ada954dc61b80eca8bd525061d7af53f1932610eabc5e58df9,0.109,0.891,0.0,-0.4118,2025-04-10
2025-04-10 12:30:00,Nvidia (NVDA) Moves 18.7% Higher: Will This Strength Last?,Yahoo,https://finnhub.io/api/news?id=20a80a5f176b81442116a7a1ee916199e0bde14d299141a32104b0ec4682e16c,0.0,0.809,0.191,0.8571,2025-04-10
2025-04-10 12:30:00,"Tariffs Are Crushing These 2 Stocks, but Long-Term Investors Could Get an Amazing Bargain",Yahoo,https://finnhub.io/api/news?id=467f0936b6cb7954612cd9b01c79fbcbd0fba19c66b651183a94c53649e2780a,0.07,0.648,0.283,0.9568,2025-04-10
2025-04-10 12:21:22,Why META Platforms Stock is a Smart Buy for Black Swan Portfolios,Yahoo,https://finnhub.io/api/news?id=413e8269197c1be4b2c18c44c566e766176ca13eb41bb5d254dc2701be6a33a2,0.034,0.858,0.107,0.7383,2025-04-10
2025-04-10 12:09:14,NVIDIA (NVDA) Stays Strong Despite Supply Chain Snags – Analysts Say “Own It”,Yahoo,https://finnhub.io/api/news?id=6773b788f8a614eacf498aec952e289deeb194e442e04d1634264251e5f9773d,0.0,0.925,0.075,0.6597,2025-04-10
2025-04-10 12:03:08,Shares of semiconductor stocks are trading lower as stocks pull back after surging Wednesday following President Trump's tariff pause announcement.,Benzinga,https://finnhub.io/api/news?id=c171dea57f1018b03388de10e096da7875d7ab5f7b2a911217059652ae52ed30,0.098,0.804,0.098,0.0,2025-04-10
2025-04-10 11:57:00,5 AI Bigwigs to Buy at Attractive Valuations Amid Extreme Volatility,Yahoo,https://finnhub.io/api/news?id=952188b31930ef5c158df295fa065624464a3abdc0d01bff21c749f4c00f9adb,0.0,0.767,0.233,0.8316,2025-04-10
2025-04-10 11:41:32,Crisis Creates Opportunity: My Top Picks In The Current Selloff,SeekingAlpha,https://finnhub.io/api/news?id=3428a0113593abe43fee1dbffd7143f8e52e055967ba55882fb021da7c933994,0.089,0.607,0.304,0.784,2025-04-10
2025-04-10 11:25:06,"Apple, Nvidia, Other Mag 7 Stocks Sink as Risk Fears Return After Rally",Yahoo,https://finnhub.io/api/news?id=f2ecd9cac9052ae2e83a93f30cf27f6f576de6ce93b6ae7850192b86e3ecb791,0.112,0.803,0.086,0.0258,2025-04-10
2025-04-10 11:13:00,Harbor Capital Factor U.S. Large Cap ETF Q4 2024 Commentary,SeekingAlpha,https://finnhub.io/api/news?id=d513c95f6496914a3dbc2eb9f9d0b1f3e3ebba81993138c72ceab7f04b45ca60,0.0,1.0,0.0,0.0,2025-04-10
2025-04-10 10:58:30,Hedge Fund Veteran Set to Lead Trump’s Sanctions Strategy,Yahoo,https://finnhub.io/api/news?id=441bbbbb7f9ac33e15baf58042f1f9aae79185aaac5988a8ed9d8e0b7c80f695,0.1,0.826,0.074,-0.6597,2025-04-10
2025-04-10 10:39:00,Harbor Dividend Growth Leaders ETF Q4 2024 Commentary,SeekingAlpha,https://finnhub.io/api/news?id=4e4e7ace0952f54374a9a311db1fd617812c541c75ac31706ebafdbff6f351a3,0.0,0.729,0.271,0.3818,2025-04-10
2025-04-10 10:25:00,Amazon CEO: AI is Key to Staying ‘Competitive’ as Company Takes On Nvidia,MarketWatch,https://finnhub.io/api/news?id=80c22f3284ac94704aa00a70397756ed6abdb7112215bcbb222271e47e7d7632,0.0,0.876,0.124,0.34,2025-04-10
2025-04-10 10:00:00,"Most large cryptocurrencies decrease on Ethereum, Solana drops",MarketWatch,https://finnhub.io/api/news?id=6783fc99580cb61ec24559956e6133a7e32bd8d9ce91b4cdb04e4a3f238d42a9,0.0,1.0,0.0,0.0,2025-04-10
2025-04-10 09:57:00,TSMC Sales Soar 42%. But a Threat Hangs Over the Stock.,MarketWatch,https://finnhub.io/api/news?id=7ba48e98ada67e9b13862b1bdf0070ea0ed39ad1072fe0fc6c4bc44cd5dfe757,0.315,0.685,0.0,-0.8807,2025-04-10
2025-04-10 09:49:00,"Nike, American Express share losses contribute to Dow's 720-point fall",MarketWatch,https://finnhub.io/api/news?id=e1915284c9b94a27c3c61ece42fb4ab7b35837955b3bb2b1238e5be92fc7ce66,0.209,0.62,0.171,-0.25,2025-04-10
2025-04-10 09:45:00,Could 1 of These Stocks Be the Next Nvidia?,Yahoo,https://finnhub.io/api/news?id=f9eb738ded778d3a20ac4d9333c529618e4fcc789dfb3e60886a0a86b51befd5,0.028,0.853,0.119,0.807,2025-04-10
2025-04-10 09:45:00,Nvidia: An Attractive Way To Participate In The Generative AI Buildout,SeekingAlpha,https://finnhub.io/api/news?id=293a7fb43556849cd838c4ed9e691667d509b54a844fdf55529993171bb82406,0.0,0.775,0.225,0.4404,2025-04-10
2025-04-10 09:38:10,"Top 10 Trending Stocks On WallStreetBets As Of April 10, 2025 (Via Swaggy Stocks)",Benzinga,https://finnhub.io/api/news?id=9e558cbca1f111de6651ae5b6523ed9e4af652d5453b669707b7840055664a6e,0.0,0.899,0.101,0.2023,2025-04-10
2025-04-10 09:30:00,Super Micro Computer: The Shift You Can't Ignore,SeekingAlpha,https://finnhub.io/api/news?id=63202a50b92b5649e528f61972f314856af3c1a42e6049bddee01ae852ac2fc4,0.046,0.662,0.292,0.9024,2025-04-10
2025-04-10 09:30:00,"Microsoft: Still Stable, But Now Cheaper",SeekingAlpha,https://finnhub.io/api/news?id=7f29aa5ed29ee0314696cced54b2b75314f9233c52a8099b04429d7393f027e3,0.0,0.817,0.183,0.7227,2025-04-10
2025-04-10 09:15:00,4 Artificial Intelligence Stocks You Can Buy and Hold for the Next Decade,Yahoo,https://finnhub.io/api/news?id=c058fda61d5c533afaadb1dd8610a0e85026d3742cfe31a6cd084cfeadd49392,0.0,0.815,0.185,0.7096,2025-04-10
2025-04-10 09:14:31,"Dow Jones Futures Tumble 600 Points After Surprise Inflation Report; Nvidia, Tesla Sell Off",DowJones,https://finnhub.io/api/news?id=c10081ca209374ee31a7ba8040ba750538362d74aced870426f81028149a7eda,0.0,0.861,0.139,0.4939,2025-04-10
2025-04-10 09:13:47,Nvidia: The Dip We're Backing With Conviction (Rating Upgrade),SeekingAlpha,https://finnhub.io/api/news?id=3b50bc9a5ff1af7c10e27c328c1cc05221218693be2fac7ac0b6d04669beebd4,0.04,0.755,0.204,0.743,2025-04-10
2025-04-10 09:06:00,Broadcom: The Trade War's Next Big Loser,SeekingAlpha,https://finnhub.io/api/news?id=885309ef39974379f215e796d4c10fbb92db048541d603864f33422f1e2e6250,0.093,0.907,0.0,-0.5267,2025-04-10
2025-04-10 09:00:00,Microsoft: Playing Defense During The Global Trade War,SeekingAlpha,https://finnhub.io/api/news?id=04a6edb98d1dd116c18ffe2702dfc50ab1df047906d49547499648d738c57fd2,0.32,0.41,0.27,-0.3818,2025-04-10
2025-04-10 08:55:03,Retail Investors’ Dogged Optimism Is Rewarded in Monster Rally,Yahoo,https://finnhub.io/api/news?id=5d5475aa43d69db78bb93d6b6f1c346ce8cc9ee067233d41b0b50cd111516f17,0.0,0.843,0.157,0.9392,2025-04-10
2025-04-10 08:50:00,Cathie Wood Goes Bargain Hunting in the Market Crash. 2 AI Stocks She Just Bought.,Yahoo,https://finnhub.io/api/news?id=61a042c84c207f54fefff6b8613461ed1fffa5be494742c6dcc06d3819e96532,0.023,0.876,0.101,0.7351,2025-04-10
2025-04-10 08:45:00,Nvidia rules the AI chip market. Here’s what Amazon’s CEO wants to do about that.,MarketWatch,https://finnhub.io/api/news?id=c751ef7f670b8dd6dd9b84e5fa83a591bf64cc0907b2f239c2c3000e2eb62678,0.0,1.0,0.0,0.0,2025-04-10
2025-04-10 08:20:00,Mawer Investment Management Q1 2025 Quarterly Update,SeekingAlpha,https://finnhub.io/api/news?id=77e12cfaf5927aea6e017d0149386bcec442a4e2c435a0a00d4e2e585eabeac4,0.0,1.0,0.0,0.0,2025-04-10
2025-04-10 08:10:00,Harbor Long-Term Growers ETF Q4 2024 Commentary,SeekingAlpha,https://finnhub.io/api/news?id=173fbd7b23fced2ec3e98b940b9ea88a5d7b0263c2a1d891a5af41eb92fdfb67,0.0,1.0,0.0,0.0,2025-04-10
2025-04-10 06:53:00,Trump Can’t Beat the Bond Market. Why He Must Conquer China on Tariffs and 4 Other Things to Know Today.,MarketWatch,https://finnhub.io/api/news?id=bd09f1a56789b65e68d4cb56b082b0bcb54defd60eb91fad5d27c848b06a2142,0.0,1.0,0.0,0.0,2025-04-10
2025-04-10 06:20:00,Artisan Developing World Fund Q1 2025 Commentary,SeekingAlpha,https://finnhub.io/api/news?id=b8d9e629675063d11b017893fe34c5af2ab86e2499c3146aa546d68776c62a99,0.0,1.0,0.0,0.0,2025-04-10
2025-04-10 05:43:21,US Stocks Likely To Open Lower Ahead Of March Inflation Release: Expert Highlights 'Fairly Weak Returns' After 5%+ Gains In S&P 500,Benzinga,https://finnhub.io/api/news?id=4e9da0118cc3f717e9caccfb41b3715ffc962b7c1ca2a27155bb7118049c59f7,0.192,0.717,0.091,-0.4019,2025-04-10
2025-04-10 04:47:26,Taiwan March exports hit monthly record ahead of Trump tariffs,Finnhub,https://finnhub.io/api/news?id=056013aa34173c370b76b268c175430fad32417b4f152f6a5f539bd33617f9e6,0.055,0.945,0.0,-0.34,2025-04-10
2025-04-10 03:20:33,S&P 500 Records Biggest Surge Since 2008 As Trump Pauses Tariffs: Greed Index Remains In 'Extreme Fear' Zone,Benzinga,https://finnhub.io/api/news?id=8037e632fe6cef5e62a09215740034c4b42c5b0630d9b9b165c6a77075eb40a7,0.279,0.721,0.0,-0.7346,2025-04-10
2025-04-09 23:17:00,Surprising China news sends Nvidia stock surging,Yahoo,https://finnhub.io/api/news?id=13b018a9ec9b2427dd21a50ed4a2fca8811e3eb4bc0cd28e0ab9981a8c7d1e70,0.0,0.877,0.123,0.2732,2025-04-10
2025-04-09 22:19:46,"Trump Pauses Plans to Curb Nvidia H20 Chip Sales to Chinese Firms, Report Says",Yahoo,https://finnhub.io/api/news?id=547eaf1ace9f40f5774bd3f39a6f5c004396a45c4c907a6f184425bea6e53cca,0.075,0.925,0.0,-0.3818,2025-04-10
2025-04-09 22:10:00,The Stock Market Has Crashed: My Top 5 Dirt Cheap Tech Stocks to Buy Now,Yahoo,https://finnhub.io/api/news?id=199f201cee01d446b8ae8210b04f673072dc2f5cb05adda1f63411a254da70fb,0.088,0.862,0.049,-0.4882,2025-04-10
2025-04-09 21:44:00,Nvidia and AMD just helped the chip sector to its best day ever,MarketWatch,https://finnhub.io/api/news?id=c5a659c5102a4f2ac387891ff9fd66a777b5d47784e1ee5647d8a2d5c0d55e8c,0.0,0.741,0.259,0.8555,2025-04-10
2025-04-09 21:28:00,Chip Stocks Are Going Wild. When to Buy Them.,Yahoo,https://finnhub.io/api/news?id=bc1ffdea2819cbcea593fb0875b7ac67cc544e19104d51d08da91b9a6c02464c,0.0,1.0,0.0,0.0,2025-04-10
2025-04-09 21:07:20,Nvidia's H20 AI chips may be spared from export controls — for now,Yahoo,https://finnhub.io/api/news?id=50480d76a6a2b7239932c378f97513fc683fc29a7d70f0f82125f3e3d8e2f569,0.04,0.889,0.071,0.5095,2025-04-10
2025-04-09 20:55:07,Trump administration eases on Nvidia H20 chip crackdown,Yahoo,https://finnhub.io/api/news?id=46d0bae793d51341d381e1170c85d18a0902ee4d321b0c2f08be971addbc9b16,0.03,0.918,0.052,0.4445,2025-04-10
2025-04-09 20:54:00,Tariffs Are Still Coming for the AI Boom,Yahoo,https://finnhub.io/api/news?id=a98fd724b8fba154420410e938fa329de1abf9935bc54032034e82dd42bde2b0,0.185,0.815,0.0,-0.9307,2025-04-10
2025-04-09 20:34:00,"These Stocks Moved the Most Today: Walmart, Apple, Tesla, Delta, Bristol Myers, Nvidia, Ford, and More",Yahoo,https://finnhub.io/api/news?id=e1138bafe793d239afa4116059479c20699906654ce124e06fc49e964f7d8f16,0.0,0.948,0.052,0.296,2025-04-10
2025-04-09 20:31:45,US stocks stage historic rally as Trump's 90-day pause takes worst case scenario 'off the table',Yahoo,https://finnhub.io/api/news?id=9992118b32f4b057af44980a3370f646f96e9678f78b6314770b6c8e41d7757c,0.175,0.825,0.0,-0.7783,2025-04-10
2025-04-09 20:24:03,"Tesla, Nvidia Lead Magnificent 7 Stocks Higher as Tech Drives Broad Relief Rally",Yahoo,https://finnhub.io/api/news?id=0df5b927e57a67fc0c404123ef4ac49180078d8d7a73820b63cc0c904f222acd,0.0,0.717,0.283,0.9451,2025-04-10
2025-04-09 20:20:27,Trump Administration Drops Nvidia H20 Export Ban After CEO's Mar-a-Lago Dinner,Yahoo,https://finnhub.io/api/news?id=73c255390447f9f5f8f41bb330d85c995bfdf321ad13df12eb6edfbbbb045c5b,0.13,0.83,0.04,-0.5423,2025-04-10
2025-04-09 19:29:14,The tech world aggressively backed Trump. It couldn't stop his tariffs.,Yahoo,https://finnhub.io/api/news?id=ab4fc22b7222b05c738fee786e1927eefef184cb795d7d24bc1edcecf319668c,0.07,0.836,0.094,0.0372,2025-04-10
2025-04-09 19:00:00,"CTSH Expands Clientele With OMRON Deal: Buy, Sell or Hold the Stock?",Yahoo,https://finnhub.io/api/news?id=01927b41f7958d0d1467320ae5138d2fb687486a4f2cafa6adfb0d84bfceb806,0.0,0.828,0.172,0.5859,2025-04-10
2025-04-09 18:27:06,Why Nvidia Stock Is Skyrocketing Today,Yahoo,https://finnhub.io/api/news?id=f51f6bc52901479eda11616885d1c06af93950977f1ca2f8c3eb83ca09d096ff,0.0,0.967,0.033,0.296,2025-04-10
2025-04-09 18:20:39,Tariff Pause Sends Tech Stocks Soaring,Yahoo,https://finnhub.io/api/news?id=c04c0a748a5e2e861c79a23be071680940a01acb80e7a00720c22bd284a62410,0.0,0.699,0.301,0.9153,2025-04-10
2025-04-09 18:19:43,"Chip stocks, small caps, 10-year Treasury: Market Minute",Yahoo,https://finnhub.io/api/news?id=8f142066d4bb8345b99a0308e8af9e3ba4252c92bd4fe5d3b8046e2b8f2c2b66,0.017,0.902,0.081,0.5133,2025-04-10
2025-04-09 18:15:06,Why Is Nvidia (NVDA) Stock Rocketing Higher Today,Yahoo,https://finnhub.io/api/news?id=a8cbdfddf82dd8d2973bba222ea35cc663cf9966675ea3d7c74820812cf8313c,0.052,0.837,0.111,0.6369,2025-04-10
2025-04-09 17:24:21,Investment Bank Cuts NVDA Price Target But Remains Bullish on the Name,Yahoo,https://finnhub.io/api/news?id=febb363963e9b81c58acca80ea97cc16f60290225e9c66e683d15989fe5a0e69,0.04,0.721,0.24,0.9636,2025-04-10
2025-04-09 17:08:56,Nvidia Stock Is Marching Higher Again. Is It Time to Buy?,Yahoo,https://finnhub.io/api/news?id=0d289501d8fdeb60352c8b6f68f7fffff74867e6fd555e8c8724d9ea06211bed,0.051,0.83,0.119,0.6486,2025-04-10
2025-04-09 16:46:00,"Dow Jones Futures: Stocks Surge On Trump Tariff Rollback; Tesla, Nvidia Spike, Palantir Eyes Entry",DowJones,https://finnhub.io/api/news?id=3e2d5acc63ffefed93b32f85ec64335fe77c7fabf03dbd726a35e909b1b68cd8,0.0,1.0,0.0,0.0,2025-04-10
2025-04-09 16:29:00,Wall Street Lunch: Trump Yields To Bond Market,SeekingAlpha,https://finnhub.io/api/news?id=8c5f88c29c7fe99ef52239884b5417119601b7096209ea511c47e911f85c5631,0.066,0.934,0.0,-0.3818,2025-04-10
2025-04-09 15:23:47,Nvidia: Get Out While You Still Can,SeekingAlpha,https://finnhub.io/api/news?id=c3f18fec28b05638e3819d80d5f320debf7a7f65275bfdd6729146ac3c15c6c0,0.176,0.755,0.069,-0.34,2025-04-09
2025-04-09 15:16:29,Nvidia Just Got Too Cheap,SeekingAlpha,https://finnhub.io/api/news?id=c265210ca395036d3eff2b8eda0d74cb5cda57d11f5e6b40f0cccdfe697dfd98,0.075,0.925,0.0,-0.2732,2025-04-09
2025-04-09 15:03:02,"Nvidia: 2025 Should Be Strong, But Demand Could Drop In The Years After",SeekingAlpha,https://finnhub.io/api/news?id=efe0ce8a68da9ece71b0b14d57177c516d2193a4d267c695e489714d6ef8bef5,0.103,0.704,0.192,0.5859,2025-04-09
2025-04-09 15:00:00,"Dow's 2125-point surge highlighted by gains for NVIDIA Corp., Boeing shares",MarketWatch,https://finnhub.io/api/news?id=172fe8639d681474d9bd919466e4a4b63700536fdd811a7ffffb3668b87b9395,0.0,0.662,0.338,0.802,2025-04-09
2025-04-09 14:45:00,Magnificent Seven to add more than $1 trillion in value after Trump pauses some tariffs,Finnhub,https://finnhub.io/api/news?id=c4bf8097bed666969485a29313f68d3a926b5997d8435f186cacf081a44b8f8f,0.035,0.603,0.362,0.9618,2025-04-09
2025-04-09 14:40:19,Nvidia: Tariffs Have Strengthened My Conviction (Rating Upgrade To Strong Buy),SeekingAlpha,https://finnhub.io/api/news?id=9db7ce7cfe2567e6192bb0a020716013dd5bd8e45beb6008ded52159168b04bc,0.0,0.84,0.16,0.7269,2025-04-09
2025-04-09 14:20:55,NVIDIA (NVDA) Gets Tariff Exemption – But Jim Cramer Still Sees Order Declines Ahead,Yahoo,https://finnhub.io/api/news?id=69e3aa8871009fcd0da2639e542c3b06957ba49ed8eee306ba7ecbc11b33fe65,0.059,0.941,0.0,-0.5023,2025-04-09
2025-04-09 14:06:08,YieldMax's New ETF Taps Into Semiconductor Power With Weekly Income Promise,Benzinga,https://finnhub.io/api/news?id=9bfa3f6733037930593bfd85616cf788535af55ede29e14f0c288f699b4b4219,0.0,0.913,0.087,0.3182,2025-04-09
2025-04-09 13:59:00,"NVIDIA Corp., Boeing share gains lead Dow's nearly 2450-point surge",MarketWatch,https://finnhub.io/api/news?id=e58b84b1aa7d6aa73706ec4ef3469b56d3a8a2ca08ebb2c939e31e238bf45545,0.0,0.635,0.365,0.802,2025-04-09
2025-04-09 13:54:00,Here's 1 Nasdaq ETF to Consider Even as the Index Enters Into a Bear Market,Yahoo,https://finnhub.io/api/news?id=633d8af1cd8c4ce299e607a0f61e48c8ba2e9149c89bfb2a0134b7f12f1d1065,0.0,0.958,0.042,0.4404,2025-04-09
2025-04-09 13:46:09,"Shares of companies in the broader technology sector are trading higher after President Trump issued a 90-day pause on reciprocal tariffs for all countries except China, which is restoring investor confidence.",Benzinga,https://finnhub.io/api/news?id=717c67fc405cdef28315b413851ad718a10f5199b54fb048bb6529f1696da953,0.0,0.784,0.216,0.7717,2025-04-09
2025-04-09 13:46:00,Tesla Underdelivers,Yahoo,https://finnhub.io/api/news?id=038284b73fc30c3605a4441ff1dd60ecdd59dd1097642a32f38ed74d02d75ab4,0.0,1.0,0.0,0.0,2025-04-09
2025-04-09 13:42:12,"Trump Administration Pausing H20 Chip Restriction Plans, NPR Says",Finnhub,https://finnhub.io/api/news?id=502e048e3ece81a7ed94b98e06c3775ed66f73e7bd81fefbe7fc01b38f35d794,0.055,0.945,0.0,-0.2732,2025-04-09
2025-04-09 13:33:06,Cathie Wood Doubled Down On This China Stock Prior To Trump Tariffs Taking Effect,Yahoo,https://finnhub.io/api/news?id=9fbab3080cac1e8a058b01b880a55ff65dec5084e629ff05b195ff1052ce6724,0.0,1.0,0.0,0.0,2025-04-09
2025-04-09 13:28:18,"Veteran Investor Sings the Praises of Nvidia (NVDA), JPMorgan (JPM)",Yahoo,https://finnhub.io/api/news?id=b65ad90aa734fdaa5ce6cde7cd7272fd4e33c1be3af3f25564d96b355b7396fa,0.0,0.907,0.093,0.765,2025-04-09
2025-04-09 13:19:16,Trump tariffs should be reworked but not withdrawn: Veteran economist,Yahoo,https://finnhub.io/api/news?id=2eba6e3a2efc97f752166684996ffb38f3ade96774e8bd7ba7dad82f172b6124,0.0,0.839,0.161,0.5927,2025-04-09
2025-04-09 13:14:59,Shares of chip stocks are trading higher amid overall market volatility as investors assess ongoing trade tensions and recent market weakness.,Benzinga,https://finnhub.io/api/news?id=315d8d2aca23ad351b637857c94957315f6cc531e9f1c0457f8cf4d736282399,0.214,0.7,0.086,-0.5106,2025-04-09
2025-04-09 13:11:31,Short Sellers Mint $159 Billion Profit in 6 Days as Stocks Sink,Yahoo,https://finnhub.io/api/news?id=8ab5ee105ac9796511f87513d0b736e27af48dad5e77be88472c36a32ad993b0,0.037,0.856,0.107,0.7425,2025-04-09
2025-04-09 13:02:37,"Trump administration backs off Nvidia's H20 chip crackdown after Mar-a-Lago dinner, NPR reports",Finnhub,https://finnhub.io/api/news?id=cdc3a9c38354adc2cb4674ce97b7398efc3b45faf769a3818f18542362a4a8a0,0.026,0.974,0.0,-0.0516,2025-04-09
2025-04-09 12:58:00,"Apple, Walmart share gains lead Dow's 325-point jump",MarketWatch,https://finnhub.io/api/news?id=03eb637b8c5be11f9baec3c0b9d7f5ea41132066aef6a63c370e9646a381dccd,0.0,0.566,0.434,0.802,2025-04-09
2025-04-09 12:30:00,Mar Vista Global Quality Strategy Q1 2025 Commentary,SeekingAlpha,https://finnhub.io/api/news?id=fbb523c3836e7da2fa57bbb4595fa54050d26e89b6228e38809696f9e07dcbef,0.0,1.0,0.0,0.0,2025-04-09
2025-04-09 12:28:57,Trump's economy still hasn't shaken the faith of teens,Yahoo,https://finnhub.io/api/news?id=d3c6d447bd9fb03a1f550a29e180c07f7fb473e4abc70dc2ad50e9001cb4d720,0.077,0.796,0.127,0.1255,2025-04-09
2025-04-09 12:18:59,Using A Bear Call Spread Is One Way To Trade Nvidia Stock,DowJones,https://finnhub.io/api/news?id=128d623787cc793544d0cb2fef9d0d2be9ea1642d50f78019b77889159ad94d5,0.0,1.0,0.0,0.0,2025-04-09
2025-04-09 12:00:26,Trump Tariffs Spark 'Demand Destruction' Concern For Electronics,DowJones,https://finnhub.io/api/news?id=4c6e63cb56b450927115a24841f66313ca7502d436a5b7dd02de92a236c1eaa7,0.43,0.413,0.157,-0.765,2025-04-09
2025-04-09 12:00:00,Is Nvidia's Artificial Intelligence (AI) Business Recession-Resistant?,Yahoo,https://finnhub.io/api/news?id=69601bc8e42e8ec8129697bd010a37dcc1d1ee09b267e3fdacf6cb2a5431dae5,0.0,0.806,0.194,0.9062,2025-04-09
2025-04-09 11:38:02,This Week In AI Chips - LPL Financial Enhances AI Strategy With Key Executive Appointment,Yahoo,https://finnhub.io/api/news?id=2d98c85287c0a8a2da4e964378785b15725329865ebf89b3686899ea27fd76c1,0.0,0.886,0.114,0.8591,2025-04-09
2025-04-09 11:23:00,"Down 61%, Should You Buy the Dip on Rigetti Computing?",Yahoo,https://finnhub.io/api/news?id=5509e88381e42de0f380f08774a03ba2fb2fc50133048032fee5187fa127beed,0.129,0.805,0.066,-0.3939,2025-04-09
2025-04-09 10:45:00,Mar Vista U.S. Quality Premier Strategy Q1 2025 Commentary,SeekingAlpha,https://finnhub.io/api/news?id=5d1db2072218b3c756c5f54e504f1e2464d1f3287819271d6c4ab907ca089d76,0.0,1.0,0.0,0.0,2025-04-09
2025-04-09 10:45:00,Quantum Computing Is a Hot Topic in the Artificial Intelligence Sector. But Which Stocks Will Still be Around Decades From Now?,Yahoo,https://finnhub.io/api/news?id=86d59c82508884d0f2448f6798f35edb7bcf34e5f620ac08d40570ebd4f951de,0.0,0.782,0.218,0.8752,2025-04-09
2025-04-09 10:38:00,"The Zacks Analyst Blog Highlights Apple, NVIDIA and Broadcom",Yahoo,https://finnhub.io/api/news?id=76f66d81899a7edb6b993f875260774e80fb0f2f8b483a03c5c373c4d285fd67,0.0,1.0,0.0,0.0,2025-04-09
2025-04-09 10:23:23,"Google Cloud News: Ironwood Processor, AI Gemini Models, Global Network",DowJones,https://finnhub.io/api/news?id=6475e0ff12353dae41a8fc8e8dfa0d5dc4d11f4f729264b7fed8ee2abcd60c0b,0.0,1.0,0.0,0.0,2025-04-09
2025-04-09 10:23:00,Nvidia Stock Gains as Tariffs Take Effect. Cathie Wood Is Scooping Up Shares.,MarketWatch,https://finnhub.io/api/news?id=3a4e1986ffb453c3bcb33a2051f529abe41edb693bbde73ba7d843c52bf9fcc7,0.0,0.705,0.295,0.802,2025-04-09
2025-04-09 10:00:00,Large cryptocurrencies mixed as Dogecoin climbs,MarketWatch,https://finnhub.io/api/news?id=900f60dec6f07dc6a2523bc9e477246f57ff1c3f0946ae69024ebecb667000ce,0.0,1.0,0.0,0.0,2025-04-09
2025-04-09 10:00:00,Mar Vista U.S. Quality Q1 2025 Commentary,SeekingAlpha,https://finnhub.io/api/news?id=b402e3eb56d62b2c08f6e8b6787df9601c844b1dc0d698ca3b0f64f247e58a17,0.0,1.0,0.0,0.0,2025-04-09
2025-04-09 09:59:13,A diminished ‘Magnificent 7’ tests Big Tech’s role in the market: Morning Brief,Yahoo,https://finnhub.io/api/news?id=0dabadbb9516a390770604ac1733650b9e1d8540e5b01e4352701f761274334b,0.06,0.914,0.026,-0.34,2025-04-09
2025-04-09 09:55:00,"Got $3,000? 2 Artificial Intelligence (AI) Stocks to Buy and Hold for the Long Term",Yahoo,https://finnhub.io/api/news?id=5ff882471b8a1d9de9748eba50e44500d6ba70eac8704ac98ea6a6ee57adb1e1,0.0,0.875,0.125,0.8402,2025-04-09
2025-04-09 09:50:00,"These Stocks Are Moving the Most Today: Walmart, Pfizer, Apple, Tesla, Delta, Peabody Energy, Nvidia, Ford, and More",MarketWatch,https://finnhub.io/api/news?id=94607a5e4439c6970c94078ebb32a977bf0c847faa5958925d5f73c8fe070b2f,0.0,0.89,0.11,0.4939,2025-04-09
2025-04-09 09:45:43,Nvidia Stock: A Strong Buy Amidst Tariff Wars (Rating Upgrade),SeekingAlpha,https://finnhub.io/api/news?id=1ab4c12a75758aef0aec185a6249043540f2333b37b3e992d1c4f41c4b3d188e,0.081,0.699,0.22,0.7308,2025-04-09
2025-04-09 09:30:00,Tariffs Are Coming for the AI Boom,Yahoo,https://finnhub.io/api/news?id=de9d322baa2b788c2b0bc83c8761ede3e8d3d6b4ed03460b47d5554eb2a79c50,0.03,0.896,0.074,0.4767,2025-04-09
2025-04-09 09:25:00,"Nvidia Has Generated 21,000% Returns in 10 Years. Here's How Well the S&P 500's Second-Best-Performing Stock Has Done",Yahoo,https://finnhub.io/api/news?id=b21b66fb29c26483a15f52e39e1b55c17b7e7d1a5f2070e3b50d7794e98a6550,0.021,0.913,0.066,0.5849,2025-04-09
2025-04-09 09:21:31,"Dow Jones Futures Pare Losses On U.S.-China Trade War; Apple, Nvidia, Tesla Rally",DowJones,https://finnhub.io/api/news?id=c439379b764e892458794f07941ad6801f918839a72603371ccb5bd2d1be6ce8,0.375,0.625,0.0,-0.9217,2025-04-09
2025-04-09 09:21:00,"These Stocks Are Moving the Most Today: Apple, Microsoft, Tesla, Peabody Energy, Nvidia, Cal-Maine, and Delta",Yahoo,https://finnhub.io/api/news?id=6b57b74d00a8d358bec5111cd9192bd00f0dceb9718b3d0042b2aacec8b3dc8f,0.0,0.781,0.219,0.9342,2025-04-09
2025-04-09 09:18:54,"Top 10 Trending Stocks On WallStreetBets As Of April 9, 2025 (Via Swaggy Stocks)",Benzinga,https://finnhub.io/api/news?id=489be2289852084e5e531c242bd734ce5ebfc42a0c8435e60a40259c23bea4d2,0.0,0.899,0.101,0.2023,2025-04-09
2025-04-09 09:12:56,Here's Where Bridgewater Is Placing Its Bets As Ray Dalio Warns Of 'Once-In-A-Lifetime' Breakdown,Benzinga,https://finnhub.io/api/news?id=f01033f1b2ed5681008c9ed160d02a66e70a23d4b1b5f0463ff2573bdd8ebb78,0.143,0.713,0.145,0.0284,2025-04-09
2025-04-09 08:55:00,Where Will Nvidia Stock Be in 3 Years?,Yahoo,https://finnhub.io/api/news?id=f27da894610ce8f037dd6f89e5fcfe0c131ac1fecef8089489e4c922e7ee57a0,0.014,0.845,0.141,0.8591,2025-04-09
2025-04-09 08:52:31,Behind the Curtain of the AI Revolution,Yahoo,https://finnhub.io/api/news?id=4726dfa938ec7abeab7fd23c6f16db648377ba5bbe3b526cc7ed9c6bc747a131,0.0,1.0,0.0,0.0,2025-04-09
2025-04-09 08:40:00,The Nasdaq Just Moved From a Correction to a Bear Market. Here's How Long It Could Last.,Yahoo,https://finnhub.io/api/news?id=eef5b10d357a32ca3d7a25a5b2850b0e8b2cf5a2e40f8fdb7139cc1e073dd333,0.03,0.97,0.0,-0.4019,2025-04-09
2025-04-09 08:19:00,Prediction: This Relentless Vanguard ETF Will Beat the S&P 500 Again in 2025,Yahoo,https://finnhub.io/api/news?id=8521aaf32eb14da909faa9905e2eb272efc987a2754df02513169184cc6eb6a8,0.028,0.817,0.155,0.8555,2025-04-09
2025-04-09 08:00:00,Client Update February 2025: A New Year,SeekingAlpha,https://finnhub.io/api/news?id=2add1af658e317edd3d9a3b8b82d84eafd6af57d4ceb89f5e3cea879a3c3492a,0.0,1.0,0.0,0.0,2025-04-09
2025-04-09 08:00:00,Stock Market Crash: 3 Tech Stocks You Can Buy and Hold for the Next Decade,Yahoo,https://finnhub.io/api/news?id=68d7af5234608163c8d3eeadf65dc8f369ab560328de53e693e0c02ae0d7f1f8,0.095,0.871,0.034,-0.5423,2025-04-09
2025-04-09 07:58:00,Nvidia Stock Falls as Tariffs Take Effect. Cathie Wood Is Scooping Up Shares.,Yahoo,https://finnhub.io/api/news?id=1ef4cc481f863ac7a4b3d18ffca72ffc338879c2cca96ff5a7141eb604e85513,0.039,0.802,0.159,0.7184,2025-04-09
2025-04-09 07:51:00,Nvidia and Palantir Are Down 37% and 41% From Their Respective All-Time High -- but It Isn't Time to Buy Just Yet,Yahoo,https://finnhub.io/api/news?id=3ca0025886e90be6388e121e9d6e60fcfe6c8a9778bfe52a9228f9f82f49ad37,0.0,0.75,0.25,0.8847,2025-04-09
2025-04-09 07:31:00,Best AI Stock to Buy Now: Nvidia vs. Palantir Technologies,Yahoo,https://finnhub.io/api/news?id=7daa4ee619c2a5d477ddc09b15bc84dc95a76412437f276561119f93da53ca38,0.038,0.799,0.163,0.8074,2025-04-09
2025-04-09 05:55:00,ClearBridge Appreciation Strategy Q1 2025 Commentary,SeekingAlpha,https://finnhub.io/api/news?id=083f158d4301c89c95f0620eb374801f3c24c5ea5191a271a05948cd419529b0,0.0,0.784,0.216,0.765,2025-04-09
2025-04-09 05:53:59,"US Stocks Futures Trade Mixed Ahead Of Opening Bell: 'Preserve Capital In Conditions Of High Uncertainty,' Says Expert",Benzinga,https://finnhub.io/api/news?id=18f85ab94f0bc696dd06f8137fb9905bb5e1e821ce5c54fe207787a4036ba398,0.057,0.885,0.057,0.0,2025-04-09
2025-04-09 05:40:00,ClearBridge Global Growth Strategy Q1 2025 Commentary,SeekingAlpha,https://finnhub.io/api/news?id=7d34102d44b898665644c314af3136e5c6d933ec19214224955ab36b39f01452,0.0,0.698,0.302,0.3818,2025-04-09
2025-04-09 04:49:37,"Nvidia: Too Much Fear, Strong Buy",SeekingAlpha,https://finnhub.io/api/news?id=d51ffe9535c973f5bf384c52d059e796dee1158dabd9957a3161644efc2c115a,0.305,0.381,0.314,0.0258,2025-04-09
2025-04-09 04:10:50,"Nvidia Hasn't Bottomed, But It's A Buy Nonetheless (Technical Analysis)(Rating Upgrade)",SeekingAlpha,https://finnhub.io/api/news?id=9815191887924bc19912f9adb86453e592816139a725980462212d009037a80c,0.111,0.889,0.0,-0.6297,2025-04-09
2025-04-09 03:48:02,"Dow Dips Over 300 Points As US-China Trade Tensions Escalate: Apple, Tesla, Nvidia, Amazon Decline, Greed Index Remains In 'Extreme Fear' Zone",Benzinga,https://finnhub.io/api/news?id=b1333595cfad4d5a45b8f973c79a6b24c94280f153083d6d9d75bb403fbd1660,0.17,0.668,0.162,-0.3384,2025-04-09
2025-04-09 01:00:00,Prediction: This Artificial Intelligence (AI) Stock Will Be Worth More Than Nvidia in 2030,Yahoo,https://finnhub.io/api/news?id=967e89e8f1820ea1e0e68b650b3107db4beece2ea4549d45d021fafaf7d85113,0.06,0.704,0.236,0.7389,2025-04-09
2025-04-08 22:37:00,Cathie Wood buys $15 million of tumbling megacap AI stock,Yahoo,https://finnhub.io/api/news?id=db88e805f4732d2c34d3b22cdc8325b03781fa8fe90fcefa6ebb086d09073654,0.0,1.0,0.0,0.0,2025-04-09
2025-04-08 22:05:40,"Cathie Wood Loads Up On $18.2 Million Worth Of Nvidia Stock, Adds $5.8 Million Worth Of Amazon Shares To Her Shopping Cart Amid Trump Tariff Upheaval",Benzinga,https://finnhub.io/api/news?id=6cd11e6f1712fd8d8ae2fc09f61af307b118e9373fe7215cd3a54b7da141396d,0.0,0.713,0.287,0.9022,2025-04-09
2025-04-08 21:45:16,Nvidia (NVDA) Stock Moves -1.37%: What You Should Know,Yahoo,https://finnhub.io/api/news?id=296258e4c5860025f1ccb2bd8f13af02fc025406ad74b79294840a6fb3562c29,0.0,1.0,0.0,0.0,2025-04-09
2025-04-08 20:32:00,"These Stocks Moved the Most Today: Apple, Nvidia, Broadcom, Humana, CVS, Tesla, Super Micro, Marvell, and More",Yahoo,https://finnhub.io/api/news?id=cb7640f64282c4b3271792b9933ac44de69e0e071461958b8d33d86822ad4780,0.0,0.861,0.139,0.8126,2025-04-09
2025-04-08 13:47:50,Cathie Wood Buys Two Dow Giants And This China Stock Before Market Bounce,Yahoo,https://finnhub.io/api/news?id=52a0003614e6eecbc0f34f64e8d994ac7bba24136e88cdee2a64b30187361d8d,0.0,1.0,0.0,0.0,2025-04-08
2025-04-08 19:57:36,How Rigetti's 2024 Quantum Dreams Turned Into 2025 Nightmares,Yahoo,https://finnhub.io/api/news?id=eb62f051e3b1a2e58c580a9e191b411c5f0ed4f9431cdb53956728bcdcac2926,0.046,0.759,0.195,0.7096,2025-04-09
2024-08-05 14:51:42,"Magnificent Seven Stocks Roiled: Nvidia Plunges On AI Chip Delay; Apple, Tesla Dive",Yahoo,https://finnhub.io/api/news?id=6264206311288f6909f43f3bc1eef793b6f3ca7a8bd3c552c611802093f1eb32,0.108,0.804,0.088,0.0772,2024-10-01
2025-04-08 19:03:00,"Tesla, Amazon, and Apple forfeit gains after fleeting Magnificent 7 stock rally",Yahoo,https://finnhub.io/api/news?id=dc7fb610b864a4838ec319cd46bb5ce70456bc93d3ba1dcdda2c306b4bd11c37,0.0,0.841,0.159,0.8555,2025-04-09
2025-04-08 19:00:00,Dell Technologies vs HPE: Which AI Server Stock Has Greater Upside?,Yahoo,https://finnhub.io/api/news?id=8add256f5931f559f7972125652476921b22af61072cb1774a8e23115a9e7faa,0.0,0.852,0.148,0.6597,2025-04-09
2025-04-08 18:43:30,"KeyBanc Downgrades AMD, Sees Nvidia Strength as AI and Tariff Trends Diverge",Yahoo,https://finnhub.io/api/news?id=87a189f3cd7fab7b9ec9b6621e359c5c0d81433ce1860e9ab7d2881d8b9e1d42,0.066,0.752,0.182,0.5719,2025-04-09
2025-04-08 18:31:39,Is NVIDIA Corporation (NVDA) the Best Stock to Buy According to Billionaire Steve Cohen?,Yahoo,https://finnhub.io/api/news?id=71f077128b3f57413d693709b49b28acceca1a1ae65c3a89078d5bb96993aeb9,0.0,0.816,0.184,0.9423,2025-04-09
2025-04-08 18:27:43,Nvidia Just Bought the Startup Renting Out Its Own Chips--Here's Why That's a Power Play,Yahoo,https://finnhub.io/api/news?id=7b35d57ff9f02233d177f9397185c84457e8388e6f008ea8e8f2e8e3ad254ae3,0.08,0.852,0.068,0.1531,2025-04-09
2025-04-08 17:24:15,Why Nvidia Stock Is Jumping Today,Yahoo,https://finnhub.io/api/news?id=25d2fb5ab9136d0aac40dd5dfae4841cd4ff614656d8d1d58732441e6b08e4a7,0.0,0.829,0.171,0.8591,2025-04-09
2025-04-08 16:48:26,"Trump Unleashes 'Beautiful Clean Coal' Policies As Wall Street Tanks, S&P 500 Hits 1-Year Low",Benzinga,https://finnhub.io/api/news?id=3444e921d408062c7ff3901b27b97d618bf78c3f56b9dac7c828d203a619f719,0.115,0.67,0.215,0.6369,2025-04-09
2025-04-08 16:38:27,Stock Market Today: Indexes Negative As Stocks Gyrate; Investors Unsteady As Tariffs Set To Begin (Live Coverage),DowJones,https://finnhub.io/api/news?id=a1710378cc9be6762708778aeac604cfff114dedf46117f0164c3edc8eb21b5a,0.188,0.812,0.0,-0.8126,2025-04-09
2025-04-08 15:55:00,3 Stocks That Cathie Wood Is Buying During the Stock Market Sell-Off,Yahoo,https://finnhub.io/api/news?id=f93c54ad75b34e0c09345744cc8994126115a1ec6897d6d40a2f75c5891fb6f2,0.055,0.856,0.089,0.25,2025-04-08
2025-04-08 15:43:00,"Trump’s China tariffs are a ‘Category 5 price storm’ for U.S. consumers, warns analyst Dan Ives",MarketWatch,https://finnhub.io/api/news?id=fb6ebcaaa158b686b7c5c354ff77f1268d4447b28c1f99bfe931376259f62fb2,0.085,0.915,0.0,-0.2023,2025-04-08
2025-04-08 15:41:00,Top 3D Printing Stocks to Build Your Portfolios for Solid Returns,Yahoo,https://finnhub.io/api/news?id=527dd8beda91bb7a28f219f9302dd2f02153779000c80d701ea842f5a8190e0b,0.0,0.86,0.14,0.5719,2025-04-08
2025-04-08 15:40:00,"Stressful Markets, But Lots Of Opportunities In Tech",SeekingAlpha,https://finnhub.io/api/news?id=512f0fac91cd57e8758eade6442e956f95339d69b018c44cf8cc32d1716c9105,0.177,0.708,0.115,-0.2144,2025-04-08
2025-04-08 15:20:00,Cathie Wood is finally back to buying Nvidia’s stock for her flagship ETF,MarketWatch,https://finnhub.io/api/news?id=4f761489e04b3f330dfcdea560062dfe2a0ae68f7a962cbe31948af0c55b5703,0.0,0.896,0.104,0.2023,2025-04-08
2025-04-08 15:01:08,AMD stock catches a downgrade as concerns about China and tariffs heat up,Yahoo,https://finnhub.io/api/news?id=cfda0f14582399e235b81bf85ec863903123231fbbad8ea3a4f5eac0e6db30c2,0.104,0.896,0.0,-0.4215,2025-04-08
2025-04-08 14:57:06,Why Tower Semiconductor’s (TSEM) Stock Meltdown Makes it a Buy,Yahoo,https://finnhub.io/api/news?id=009ba66e09ebae5dd6690c082962fa213706b19194af78f08e3dad44534825f6,0.064,0.849,0.087,0.4767,2025-04-08
2025-04-08 14:50:00,Nvidia Stock Rises Above $100. Now It Just Needs to Stay There.,Yahoo,https://finnhub.io/api/news?id=a71a27edae18d21dc95636aa61c98e52a0c2ab9fc8bd85d3aeb87327176ca625,0.0,1.0,0.0,0.0,2025-04-08
2025-04-08 14:44:58,"NVIDIA Speeds Up Meta's Llama 4 AI Models With Blackwell GPUs, Hitting 40,000 Tokens Per Second",Yahoo,https://finnhub.io/api/news?id=6f957911e498c3495fbf697d55d2c84c19320c721ed634e61bd9d71ecf965798,0.0,1.0,0.0,0.0,2025-04-08
2025-04-08 14:16:33,Trump Tariff Strategy Creates 'Self-Inflicted Market Debacle': Analyst,Benzinga,https://finnhub.io/api/news?id=e2740c7300a2dd221ff16f7a7b779177d07838ab5be27563b5c54bddf6a9da5a,0.198,0.744,0.058,-0.6249,2025-04-08
2025-04-08 14:09:00,"Dow's 125-point rally led by gains for shares of UnitedHealth, Boeing",MarketWatch,https://finnhub.io/api/news?id=f1a9c1feb84e86c10e70245473041274a0e6fd5be8e6894bb84402274c7ed51b,0.0,0.662,0.338,0.802,2025-04-08
2025-04-08 13:08:00,"UnitedHealth, JPMorgan Chase share gains contribute to Dow's nearly 250-point climb",MarketWatch,https://finnhub.io/api/news?id=a228e4d5fa0648d86dd7fb217188ed92fa72700306163a99993b69032e26a66c,0.0,0.662,0.338,0.802,2025-04-08
2025-04-08 12:43:00,Emerging Markets: Policy Uncertainty Tempers A Strong Start To 2025,SeekingAlpha,https://finnhub.io/api/news?id=74f9817dea8bb548fd910abab886cda0d8fd53fe31a8666ed8f9a9a6fd856eac,0.313,0.467,0.22,-0.1027,2025-04-08
2025-04-08 12:12:00,"TSMC May Be Somewhat Tariff-Proof, Says Analyst",MarketWatch,https://finnhub.io/api/news?id=2ac45bf43a2aacbd73a194e2d4dfdd7f0aa6eff0487512b3c3aa5527bb29f2b4,0.0,1.0,0.0,0.0,2025-04-08
2025-04-08 12:07:00,"Dow's 900-point surge highlighted by gains in shares of UnitedHealth, Boeing",MarketWatch,https://finnhub.io/api/news?id=572b560cb7487eb18da6d62ba71d9821efe23adcc129a95b706c456d597df415,0.0,0.662,0.338,0.802,2025-04-08
2025-04-08 11:15:00,Oakmark International Equity Market Q1 2025 Commentary,SeekingAlpha,https://finnhub.io/api/news?id=018db646a146b445af7fc77926561e48db6169cc2609569fde25b2d8942b1da5,0.0,1.0,0.0,0.0,2025-04-08
2025-04-08 11:07:00,21 stocks that Wall Street analysts now think are bargains in this year’s worst-performing sector,MarketWatch,https://finnhub.io/api/news?id=3708c56ab9850f8db2b5c9b07419c2d6caf8c0113b9658acaf48adabb0069462,0.0,1.0,0.0,0.0,2025-04-08
2025-04-08 10:57:00,"UnitedHealth, NVIDIA Corp. share gains lead Dow's 1,012-point surge",MarketWatch,https://finnhub.io/api/news?id=b769a40bcfc13f38898cc39eda9251c42cf459d32b1584d4800bed2e40fc5391,0.0,0.603,0.397,0.802,2025-04-08
2025-04-08 10:38:00,Broadcom Stock Rises on Buyback Plan. Why Other Companies Could Follow.,MarketWatch,https://finnhub.io/api/news?id=37227cebdbaffd1d3f73c3da1ace36da676726fecbf0f7db53347a1a47b93a99,0.0,1.0,0.0,0.0,2025-04-08
2025-04-08 10:37:05,"Marvell Technology, Nvidia, Tesla, Apple And Other Big Stocks Moving Higher On Tuesday",Benzinga,https://finnhub.io/api/news?id=779417e405f76d2bf23c8f74020da7ff87d9a1015c1407a98c61209848b597cf,0.0,1.0,0.0,0.0,2025-04-08
2025-04-08 10:33:14,Why The Market Is Wrong On Nvidia: Initiating The Stock With A Buy Under $100,SeekingAlpha,https://finnhub.io/api/news?id=8866a78ac5ba6afea551ee75a5a4bde6cfe30c63fffaf09c248f761e62012aa7,0.066,0.872,0.062,-0.0516,2025-04-08
2025-04-08 10:00:00,"Most large cryptocurrencies rise on Avalanche, Cardano increases",MarketWatch,https://finnhub.io/api/news?id=92a18e121c158041beffeb92f34742d75d1894278af3d5aca1d143683640e8a6,0.0,1.0,0.0,0.0,2025-04-08
2025-04-08 08:23:22,"Dow Jones Futures Jump 1,200 Points On Trump Tariff News; Apple, Nvidia, Tesla Rally",DowJones,https://finnhub.io/api/news?id=3a89532cde2a828769dc7634a2d873eef772be9c52427a243557d5e532546247,0.0,1.0,0.0,0.0,2025-04-08
2025-04-08 09:45:00,"Dow's 1150-point surge led by gains in UnitedHealth, NVIDIA Corp. stocks",MarketWatch,https://finnhub.io/api/news?id=73429578853febe1414dc24db30dcd6f8edba0cad330b3da67da009e6c54919f,0.0,0.806,0.194,0.5859,2025-04-08
2025-04-08 09:40:21,Approaching Nvidia In Stoic Calm: Fourth Valuation Update,SeekingAlpha,https://finnhub.io/api/news?id=459a25c86ed6152973b5196a0e772f570d63ae11457a4cb1e76560b70baaf115,0.0,0.924,0.076,0.3182,2025-04-08
2025-04-08 09:30:00,Microsoft: I Was Wrong (Rating Downgrade),SeekingAlpha,https://finnhub.io/api/news?id=0fe640be7e52ac269798cc2e51a7b3366412207e39578b4efcfb9fd1c4c2c5af,0.383,0.617,0.0,-0.4767,2025-04-08
2025-04-08 09:16:00,"Top 10 Trending Stocks On WallStreetBets As Of April 8, 2025 (Via Swaggy Stocks)",Benzinga,https://finnhub.io/api/news?id=811a9a4c7d9d81c70f38f589c5d8467f7e0cce8652ffcfbf6e46e8791ddf6312,0.0,0.899,0.101,0.2023,2025-04-08
2025-04-08 09:09:05,Nvidia: What To Look For,SeekingAlpha,https://finnhub.io/api/news?id=1e187aa8a957108c2a1bfc3e6f32299894db79c9758ea54d97eb05d446b7f6b5,0.0,0.712,0.288,0.8442,2025-04-08
2025-04-08 09:07:56,"EXCLUSIVE: Nvidia May Be The Face Of AI But The Valuation Story Is Getting Complicated, Says Expert",Benzinga,https://finnhub.io/api/news?id=337ca0686d0aa6f4276c49f8a3764c954e9e268522cde58abe2383067f725312,0.066,0.894,0.04,-0.2578,2025-04-08
2025-04-08 07:58:00,Advanced Micro Devices Stock Gets a Downgrade. Nvidia and Intel Are Part of the Problem.,MarketWatch,https://finnhub.io/api/news?id=ecfaa2cf48ae9095dde6e32e1a1f3270251a56ff7bddb3df2839a45d8cd00491,0.153,0.734,0.113,-0.34,2025-04-08
2025-04-08 07:31:00,"These Stocks Are Moving the Most Today: Apple, Nvidia, Broadcom, CVS, Humana, Super Micro, Tesla, Marvell, and More",MarketWatch,https://finnhub.io/api/news?id=dc39f0f03a77a5e064d75e5b361395f7cf5ee68b9122e0e53a2da8c827472d0b,0.0,0.813,0.187,0.8316,2025-04-08
2025-04-08 07:15:00,Recession-Proofing Your Portfolio,SeekingAlpha,https://finnhub.io/api/news?id=2ab752356c3f58c4231fd378b6a8bad0c06f7634cd29b3b9df9021a06d80764f,0.0,1.0,0.0,0.0,2025-04-08
2025-04-08 07:00:00,"As DEI Fades at Tech Firms, Women Are Still Uncommon in the Executive Suite",MarketWatch,https://finnhub.io/api/news?id=5403ea82bf57db6b1d2040f06367e51a8a933281578851b2c0811772acbf71db,0.0,1.0,0.0,0.0,2025-04-08
2025-04-08 06:46:03,Wall Street Breakfast Podcast: Medicare Bump Lifts Insurers,SeekingAlpha,https://finnhub.io/api/news?id=abb2fcabf250c2062b106f09d6fc03187cf89e536df0a4d7366987d47639e0f7,0.064,0.887,0.049,-0.1531,2025-04-08
2025-04-08 06:01:00,Thornburg Summit Fund Q4 2024 Commentary,SeekingAlpha,https://finnhub.io/api/news?id=0f3aca3933eb89bfa291d41a74c52adf0dc80359f2e04e37edfd3c9baf71ba50,0.0,0.937,0.062,0.296,2025-04-08
2025-04-08 05:25:32,"Wall Street Eyes Recovery As S&P 500, Nasdaq Futures Rise After Trump's Tariff-Driven Selloff Wipes Out $9 Trillion In Six Weeks",Benzinga,https://finnhub.io/api/news?id=3c12275a6edf0ef6a84d7337952c026e17a84d4b3d3e4d4dd0491f32cd22e57e,0.0,1.0,0.0,0.0,2025-04-08
2025-04-08 04:51:00,Nvidia Stock Tests $100 Mark. Here’s What Wall Street Is Saying.,MarketWatch,https://finnhub.io/api/news?id=e8d92ec1048f695a1ba1ecdb4da2aed7cbf59486a51de2599c5e7521808acf02,0.0,1.0,0.0,0.0,2025-04-08
2025-04-08 02:23:17,Himax Technologies: A Stock On Sale Despite Many Catalysts,SeekingAlpha,https://finnhub.io/api/news?id=a03fcf8c9ae4ebdf48acc5c06c3fd6e27c2140b752ced4ae158506b92398014a,0.052,0.765,0.183,0.743,2025-04-08
2025-04-08 00:08:40,Bear Market History Can Inform Us About What To Do Next,SeekingAlpha,https://finnhub.io/api/news?id=64f1fe8de1cf89a543c9fc5a24e10fff642b5655f801128e5ce78e209cb3bfb7,0.0,0.95,0.05,0.2023,2025-04-08
2025-04-07 21:24:56,Chips Under Pressure: How Tariffs Test Nvidia's Global Strategy,SeekingAlpha,https://finnhub.io/api/news?id=f9ceb74251cd8f132377273e6c9f4907fb8235fc9174b4be0ee0d2d03a3fc060,0.172,0.721,0.107,-0.4215,2025-04-08
2025-04-07 18:52:26,"Dow Jones Futures: Trump Tariffs Trigger Extreme Stock Market Volatility; Apple, Nvidia, Tesla Are Big Movers",DowJones,https://finnhub.io/api/news?id=39cc56da2a5bbc592ae1f92f8c2019df8de38e2316b293b223764738995872cb,0.0,1.0,0.0,0.0,2025-04-08
2025-04-07 17:48:03,"Nvidia, Semiconductor Stocks Attempt Rebound After Tariff Tumble",Yahoo,https://finnhub.io/api/news?id=649536e6588d78a9cf735a71b34c4bdfce863a63e489d40136709a99e078de70,0.056,0.944,0.0,-0.1531,2025-04-08
2025-04-07 16:45:00,"Apple Takes the Biggest Hit of the ""Magnificent Seven"" in Response to Trump Tariffs",Yahoo,https://finnhub.io/api/news?id=9ab3eaacb3d3e7b8e58e031ce185d941e89c0978b4de0c8e52ba5a17414c8f03,0.104,0.824,0.072,-0.2732,2025-04-08
2025-04-07 16:22:00,Should You Buy Marvell Stock After a 30% Dip in a Month?,Yahoo,https://finnhub.io/api/news?id=156b80b22e0a99f731fbf5c1d409f4bef517e6ca1058ab6867af9b50967c9fc1,0.0,0.771,0.229,0.836,2025-04-08
2025-04-07 16:19:02,Are Nvidia's AI datacenter products subject to tariffs?,Yahoo,https://finnhub.io/api/news?id=0d896f1384e9685224fef0cc38daaedf9ef3898828ae8aba5e09f3f1881d01ed,0.05,0.79,0.16,0.6486,2025-04-08
2025-04-07 15:27:08,Nvidia Shares Drop 15% on Tariff Fears; Analyst Sees Possible Loophole,Yahoo,https://finnhub.io/api/news?id=81f20df0cd53d856a7394816538eaa97edcd9258135f509c86654b3e27ad645c,0.197,0.676,0.127,-0.3612,2025-04-07
2025-04-07 15:24:02,"Buying Opportunities, Including NVDA, Are Starting to Arise, Veteran Investor Says",Yahoo,https://finnhub.io/api/news?id=1f9bbc8d4f62dad4e2dbd42ea6c59a8c2e760567a347b8d86c42f644458a3603,0.0,0.816,0.184,0.9186,2025-04-07
2025-04-07 15:23:22,Nvidia Reverses Higher Despite Global Supply Chain Risk Amid Trump Tariffs; Is Nvidia A Sell Now?,Yahoo,https://finnhub.io/api/news?id=811fef1e733279cc701378384b0e805d03464ec7c85b014a2aeb52c8a41e2417,0.032,0.944,0.024,-0.168,2025-04-07
2025-04-07 15:22:00,Nvidia Stock Is Swinging Wildly Today. Should Investors Jump In?,Yahoo,https://finnhub.io/api/news?id=d55ab353cd62af0343edd16b2a3b1e884b290c003e8ecfb873d517bc35b32961,0.029,0.868,0.103,0.6597,2025-04-07
2025-04-07 15:13:00,Nvidia Stock Rises Amid Uncertainty Over Trump’s Tariffs,Yahoo,https://finnhub.io/api/news?id=2e9ec59189229ea7a339483c270da81dd10b6fe9a262d75907c685c57482813f,0.037,0.929,0.035,-0.0258,2025-04-07
2025-04-07 14:53:59,Stock market racing to price in a 'lost year' for corporate profits,Yahoo,https://finnhub.io/api/news?id=3d2596a37eb98553056ed8381bf4f7b874f5000b1ee003ac78d618f3d068b3d6,0.079,0.722,0.199,0.5423,2025-04-07
2025-04-07 14:33:40,Ives: Investors With Long-Term Horizons Should Buy Nvidia (NVDA) Stock,Yahoo,https://finnhub.io/api/news?id=e8e8aa1d1601b21ce7c91a04d5f728b96e3fd79eecdb8b03449947f4b0eee171,0.0,0.965,0.035,0.3252,2025-04-07
2025-04-07 14:16:00,‘The Thinking Machine’ Review: From Denny’s to Dominance,DowJones,https://finnhub.io/api/news?id=fa4fbaaf6aa572fe30f88e73a3ddbb2fe99ef811415bf02f1491d6b6e8b23b8d,0.0,0.795,0.205,0.3818,2025-04-07
2025-04-07 14:08:24,"Shares of chip stocks are trading higher amid overall market volatility. Stocks across sectors have been volatile on Monday, with tech stocks rebounding following earlier weakness.",Benzinga,https://finnhub.io/api/news?id=02b3024751a186d06e574b58d0c282b37cd6a23adeb8ba62235eaf5bd276831e,0.097,0.828,0.076,-0.1531,2025-04-07
2025-04-07 14:03:05,One chart shows how much optimism has been wiped out of the 'Magnificent 7' because of Trump tariffs,Yahoo,https://finnhub.io/api/news?id=b45cbaca9d2fe7970a5f9f11035a2e0b6947995a97a04be06d12dec6369b6825,0.073,0.612,0.315,0.8648,2025-04-07
2025-04-07 13:39:20,'Magnificent 7' stocks continue getting hammered as Trump tariffs drag markets lower,Yahoo,https://finnhub.io/api/news?id=a75618165797c0aa97bd3b91179449e4785ad65181c49a8ea8334bd85b285f7a,0.108,0.686,0.206,0.6908,2025-04-07
2025-04-07 13:32:53,"Nvidia Stock Is Oversold, Here's Why",SeekingAlpha,https://finnhub.io/api/news?id=60e9c6f513a8967e3e782713de90cfa2a3d2c845fe7d70b8ba074c3ae5233a0d,0.048,0.664,0.288,0.8945,2025-04-07
2025-04-07 13:29:08,3 things that must happen to get bullish about stocks again: JPMorgan,Yahoo,https://finnhub.io/api/news?id=d280b0a7b2c7c65254deac0882b3ba05fae347d25dad3c47484236c1ab415a43,0.0,0.895,0.105,0.5106,2025-04-07
2025-04-07 13:10:16,Broadcom: Trade War Risks And ASIC Competition,SeekingAlpha,https://finnhub.io/api/news?id=49c9eb10b6e82c743a8c12ce9a355fdb2e9aa8a857d3160079c42e4c0e183703,0.263,0.695,0.042,-0.836,2025-04-07
2025-04-07 13:01:00,Welcome To The International Year Of Quantum Science And Technology,SeekingAlpha,https://finnhub.io/api/news?id=5d622cce8c4d760d6ff50ca34cc926ea337d4007583daaa15c3affa2c5c6c5de,0.0,0.885,0.115,0.4588,2025-04-07
2025-04-07 13:00:15,Investors Heavily Search NVIDIA Corporation (NVDA): Here is What You Need to Know,Yahoo,https://finnhub.io/api/news?id=b42df518189b077352c7b3cf0fae3e2e59121e63c51fc8f21e80c0b41e7098df,0.0,0.895,0.105,0.4767,2025-04-07
2025-04-07 12:58:00,"These Stocks Are Moving the Most Today: Apple, Tesla, GM, JPMorgan, Nvidia, MicroStrategy, Alibaba, Lilly, and More",Yahoo,https://finnhub.io/api/news?id=40476202a94a7d91bf9fd9dd8b66736f451b531769515ff7b4fc9947a87a5da9,0.137,0.819,0.044,-0.6378,2025-04-07
2025-04-07 12:42:20,Nebius: The Neocloud Built For The AI Era,SeekingAlpha,https://finnhub.io/api/news?id=32618c08dbf9da3dc646eb873993ce49d66d54833f7525052ca820773713a1b7,0.0,0.84,0.16,0.6908,2025-04-07
2025-04-07 12:30:42,"Nvidia: AI Vs. Trump, This Time It's Different",SeekingAlpha,https://finnhub.io/api/news?id=782c84657169788be06a8260c57f9b296c5f54427fed81068cc1d4a9ee1d33fd,0.058,0.879,0.063,0.0516,2025-04-07
2025-04-07 12:30:00,When Will the Ultra-Low-Cost Vanguard Growth ETF Return to Its Previous Highs?,Yahoo,https://finnhub.io/api/news?id=31cc8b74286cbe0f8e2d14d8e910d2eb3c45fa2d8f7252307929d089edcd42b8,0.033,0.769,0.198,0.9217,2025-04-07
2025-04-07 11:42:00,Tech Stocks Have Suffered Market Shocks Before. What History Says Happens Next.,MarketWatch,https://finnhub.io/api/news?id=7fc292e9d220da9e158486d2f43069629836cf28d8785b0900190953a52e4b43,0.367,0.633,0.0,-0.891,2025-04-07
2025-04-18 21:07:00,Every Nvidia Investor Should Keep an Eye on This Number,Yahoo,https://finnhub.io/api/news?id=2f5a5d541a982cca86e3f42b4e8ffed7e2432b364eddba12d584a3f0291faafa,0.0,0.927,0.073,0.6776,2025-04-21
2025-04-18 19:08:05,Jim Cramer on NVIDIA Corporation (NVDA): Half-Trillion U.S. Chip Bet or Meme Stock Madness?,Yahoo,https://finnhub.io/api/news?id=aece4754c21e9ddc0f7228c89d2e40086d00c8cf80d88d5a8baa4f1063211be9,0.071,0.892,0.037,-0.3818,2025-04-21
2025-04-18 17:18:47,Nvidia’s 2025 has been anything but easy. And it’s going to get tougher.,Yahoo,https://finnhub.io/api/news?id=9270c7707b7e5c5f5d4bfee41ee58ccb489b2f5e11830a80de7643aceaa202da,0.125,0.676,0.199,0.2983,2025-04-21
2025-04-18 17:09:55,"Nvidia Targets Cut as Analysts Pull Back, Signal AI Hype Cooldown",Yahoo,https://finnhub.io/api/news?id=9d9b3aedc31f6fd675ccf7966d5de42c164fed216d0f6184132af0104a6504ed,0.251,0.749,0.0,-0.5719,2025-04-21
2025-04-18 16:27:16,Nvidia and Apple stocks show how investors are firefighting Trump's tariff changes,Yahoo,https://finnhub.io/api/news?id=d0a5fb9a07b8f3425ef3d7fb0251f2c36b6e1bfefc641a5bd63e9268fd9109d1,0.103,0.794,0.103,0.0,2025-04-21
2025-04-18 15:55:38,"Trump Trade: President said to end IRS Direct File, block DeepSeek",Yahoo,https://finnhub.io/api/news?id=51935f84005874ab5e3f0b896af07c974a97afc262dfc3f5e0d9a9cc281e7117,0.085,0.865,0.05,-0.5423,2025-04-21
2025-04-18 15:46:00,Tech’s Problems in China Are Getting Worse. These Companies Are Most at Risk.,Yahoo,https://finnhub.io/api/news?id=3173df0809c82992b2d07a5af7089110cac31a27e55fd5b80ff9722387f792dd,0.362,0.603,0.034,-0.9462,2025-04-21
2025-04-18 15:45:44,Nintendo Maintains Switch 2 Pricing Despite Trump Tariffs,Yahoo,https://finnhub.io/api/news?id=64edb36a85ecc41433b0d1e31776215156bdc14fc9e2f512df53008084d8c70b,0.0,1.0,0.0,0.0,2025-04-21
2025-04-18 15:41:28,QUALCOMM (QCOM) Poised for a ‘Beat and Raise’ Amid AI Tailwinds and Chinese Handset Demand,Yahoo,https://finnhub.io/api/news?id=4933f08e73c29df116335f3c53dbea50b5255af9e77e1256852e693a4f13468c,0.05,0.923,0.027,-0.1779,2025-04-21
2025-04-18 15:41:05,Intel Corporation (INTC) Faces AI Export Challenges to China Under New U.S. Licensing Rules,Yahoo,https://finnhub.io/api/news?id=4cc96ac84a9b199d790971c17324954479fd49e37560b356cd51946443ab6548,0.031,0.951,0.018,-0.2263,2025-04-21
2025-04-18 15:40:45,"Micron Technology, Inc. (MU) Restructures Around AI With New Cloud Memory Division",Yahoo,https://finnhub.io/api/news?id=40e8e45fa3e42ca3a58ca9715429b17b07c54d8bfb9393b51ac3efbda0ad6766,0.032,0.968,0.0,-0.296,2025-04-21
2025-04-18 15:40:22,NVIDIA Corporation (NVDA)’s Growth Outlook Adjusted by UBS Over China Export Restrictions,Yahoo,https://finnhub.io/api/news?id=620c20d01ae691de85e4c6b17456301fdd03af3e49780d6498dfffdafda1eae7,0.031,0.932,0.037,0.1027,2025-04-21
2025-04-18 15:09:01,Spot The Next Palantir Or Hot IPO For The Next Uptrend. Here's How.,Yahoo,https://finnhub.io/api/news?id=e4fc44d2e93066803dd4311bb4d148084102265f41354f51c2dda5d09868d0de,0.0,1.0,0.0,0.0,2025-04-21
2025-04-18 13:36:00,The Stock Market Had Another Rough Week. Even Powell Is Feeling the Tariffs Pain.,Yahoo,https://finnhub.io/api/news?id=639960ef458aec5fae21e8ed64de0348d86164f13040de40c5a87f3e16b047b4,0.099,0.832,0.069,-0.4019,2025-04-21
2025-04-18 13:35:17,10 Information Technology Stocks Whale Activity In Today's Session,Benzinga,https://finnhub.io/api/news?id=cfe10479c033645a19a585ebd9465493acc69017a0d75edb3d2b9c03258dd0a4,0.0,1.0,0.0,0.0,2025-04-21
2025-04-18 13:00:11,NVIDIA Corporation (NVDA) Is a Trending Stock: Facts to Know Before Betting on It,Yahoo,https://finnhub.io/api/news?id=071ce61cf5bf61f1ccdccdd6d6cc214d2c28f2f91122c5b8f6ef40030ad0eb26,0.0,0.938,0.062,0.34,2025-04-21
2025-04-18 12:45:00,3 Growth Stocks Down More Than 25% to Buy Right Now,Yahoo,https://finnhub.io/api/news?id=73475c33dad9c377f43c486a0b1a9f1d7b78130329859bbb64540ee083ae14c0,0.16,0.758,0.081,-0.875,2025-04-21
2025-04-18 12:30:00,3 Artificial Intelligence Stocks to Buy Before the Market Recovers,Yahoo,https://finnhub.io/api/news?id=24fb75efe19bf1249ca7075d87eb8f79da2c737bd968703fb49a83cd1a100310,0.0,0.84,0.16,0.8555,2025-04-21
2025-04-18 12:29:22,"Meta, Microsoft Dumped by Blue Whale as Nvidia Becomes Core Bet",Yahoo,https://finnhub.io/api/news?id=1145801a04079e1da29cfe0a9c2596acbd42ed6574c85e50d01a24b77f13dbbf,0.211,0.69,0.1,-0.4404,2025-04-21
2025-04-18 12:19:43,Nvidia Hit by $266 Billion Wipeout After U.S. Bans AI Chip Sales to China,Yahoo,https://finnhub.io/api/news?id=9cd055f1006b7b4517bfc0f53899b9a49d168b61702ef6a4a28886159d4da3dd,0.075,0.784,0.141,0.25,2025-04-21
2025-04-18 12:00:00,3 No-Brainer Artificial Intelligence (AI) Stocks to Buy Right Now,Yahoo,https://finnhub.io/api/news?id=d91226a2fd50eb988570fa02dc8edcb8a572c79d213fb92d48d0eecf2c02c39f,0.03,0.816,0.154,0.8689,2025-04-21
2025-04-18 11:45:00,Is Super Micro Computer Stock a Buy Right Now?,Yahoo,https://finnhub.io/api/news?id=c01266b32cd849646c257849af49618a890f43fc03781e647fae14b9559d510c,0.047,0.818,0.135,0.6174,2025-04-21
2025-04-18 11:37:22,This Week In AI Chips - Micron Restructures For AI-Driven Market Growth,Yahoo,https://finnhub.io/api/news?id=a569eeec08b10858efcc2383f36b25945757543df5da8ef2fa71a05208b837d6,0.0,0.774,0.226,0.9584,2025-04-21
2025-04-18 11:30:00,Semiconductor Industry Updates: Tightening Tariffs And CHIPS Act Changes,SeekingAlpha,https://finnhub.io/api/news?id=1dfece9f233ffa7222332b66cccb6a332cbd8c336f9bfcf1eb9e44350a0c961d,0.0,1.0,0.0,0.0,2025-04-21
2025-04-18 11:20:49,'Headline Risk' Lurks as TSM Shines Bright on AI Demand,Benzinga,https://finnhub.io/api/news?id=cdf97828c336f671d214e69f1e7304cb663550d7b9a783c64c58cf2d860d41b9,0.304,0.513,0.183,-0.3919,2025-04-21
2025-04-18 11:15:00,Prediction: Taiwan Semiconductor Could Surge by 128% in the Next 5 Years,Yahoo,https://finnhub.io/api/news?id=01532d6199848db9ebe0cab5355555a17e3f9d32c7e3218dc351f05438c7bc48,0.0,0.947,0.053,0.5023,2025-04-21
2025-04-18 10:51:38,"Amazon: Back Up The Truck, And Buy Now (Rating Upgrade)",SeekingAlpha,https://finnhub.io/api/news?id=59ca40f340e214c96bff49bbdc45c4dcd3a7f47b4f21b7916741dbf4b96358f6,0.0,0.841,0.159,0.1779,2025-04-21
2025-04-18 10:45:46,Jim Cramer Calls Nvidia A 'Meme Stock' That Needs To Be Trimmed: 'You Can't Own It Like You Used To',Yahoo,https://finnhub.io/api/news?id=b07dadd73d1c693e6419e5a3a763ddd7243c39d21a3914022c8945d7a890d020,0.033,0.939,0.028,-0.0798,2025-04-21
2025-04-18 10:15:00,Is Intel Stock a Buy Now?,Yahoo,https://finnhub.io/api/news?id=b28625cb3340110c2d3a9d6236bb17f413c3d7c9c580945b49b70a4ad4c47f71,0.132,0.817,0.051,-0.6124,2025-04-21
2025-04-18 10:00:38,Why wealthy investors are buying the stock market dip,Yahoo,https://finnhub.io/api/news?id=d9945b562c2479e524bde0c5f7461d40b80779d527419f14ca7dca47f120d7ad,0.061,0.824,0.115,0.8957,2025-04-21
2025-04-18 10:00:00,"Nvidia: Downgrade To Sell, In My Latest Act Of Heresy",SeekingAlpha,https://finnhub.io/api/news?id=599e3a2be6025824f48460dfaf799474c0478e6d6c20939b7c9271d048af7eb8,0.0,1.0,0.0,0.0,2025-04-21
2025-04-18 09:14:00,Stock-Split Watch: Is SoundHound AI Next?,Yahoo,https://finnhub.io/api/news?id=440df4ced1bdd063e18083b424e9f1b066a1e526dca841b9c31a4a57b8bcfc5d,0.034,0.807,0.16,0.7579,2025-04-21
2025-04-18 08:20:00,Can Artificial Intelligence (AI) Leader Nvidia Continue to Grow Despite Trump's Tariffs?,Yahoo,https://finnhub.io/api/news?id=c880f8ca0623ff4cd7a86824e9bd3d66a3cbeb6da78eac4d037a046cd6b7f7ef,0.0,0.897,0.103,0.4767,2025-04-21
2025-04-18 07:12:00,"Stock Market Sell-Off: 2 Brilliant AI Stocks to Buy Hand Over Fist Right Now, According to Wall Street",Yahoo,https://finnhub.io/api/news?id=37ec8a117408008495eb65d67fbe407fea4007f4dad8ffb35cdd7e28ff1c2bcc,0.03,0.856,0.113,0.765,2025-04-21
2025-04-18 06:00:00,"Fed Chair Powell, We Feel Your Pain. All Investors Do.",Yahoo,https://finnhub.io/api/news?id=5ef6ff5c1e169a0e5c3d13db7a3117f67a951807eae76a532c8a15c77bf44a9f,0.108,0.846,0.045,-0.4939,2025-04-21
2025-04-18 05:00:26,"Stocks to watch next week: Tesla, Alphabet, Intel, Boeing and Unilever",Yahoo,https://finnhub.io/api/news?id=3039a1842eb6548e07cbf17e84924fafc3723d7766ae0016eb4c40fe6b97a742,0.0,1.0,0.0,0.0,2025-04-21
2025-04-18 02:55:40,Microsoft (MSFT): KeyBanc Downgrades Microsoft Despite AI Leadership and Strong Fundamentals,Yahoo,https://finnhub.io/api/news?id=7ce43f661d443ee61a33bd71a18035df1f2e32a60cea9bd92e195ac312bf7446,0.031,0.922,0.047,0.2732,2025-04-21
2025-04-18 01:41:18,Taiwan Semiconductor Manufacturing (TSM) Expects AI Revenue to Double in 2025 Despite Tariff Uncertainty,Yahoo,https://finnhub.io/api/news?id=9467fa5245cb49648a9a8d1aca5ad983f9bd2c39c5402e493c8be48b0c3a159e,0.056,0.916,0.028,-0.2649,2025-04-21
2025-04-18 01:40:51,"Meta Platforms, Inc. (META): Meta Seen as Most Resilient Ad Platform Amid Tariff Turbulence",Yahoo,https://finnhub.io/api/news?id=4549aa4c478d5de8e36f84a480e6e7f47664cd8bea5a4d25024b50db5ca541a6,0.031,0.969,0.0,-0.296,2025-04-21
2025-04-18 01:19:28,Nvidia has lost $250 billion worth of market cap in almost an instant,Yahoo,https://finnhub.io/api/news?id=17ad0954b987be39f41c24cf63d9c029f62e070a3350c5bdff26da69b81b06e2,0.106,0.825,0.068,-0.34,2025-04-21
2025-04-17 22:52:03,AMD Warns On China License Issue,SeekingAlpha,https://finnhub.io/api/news?id=496c733ce30165c96840ab5900a2f3090de2d96dc8577a3eed3f1722e7033755,0.04,0.96,0.0,-0.1027,2025-04-21
2025-04-17 20:00:00,AMD: China AI Hiccup,SeekingAlpha,https://finnhub.io/api/news?id=c4833d8a047e4c375fc73da8311e2af608ed405c698411711f69729f8c218c10,0.0,1.0,0.0,0.0,2025-04-21
2025-04-17 19:09:00,How Nvidia Plays Export Whack-a-Mole,DowJones,https://finnhub.io/api/news?id=6b853971437ed49bca3591d875286ed3f0a04edbb547376d57d132a9baf8592f,0.0,0.667,0.333,0.4588,2025-04-21
2025-04-17 17:46:45,History Is About To Repeat Itself: Another AMD 2022 Rally May Be Incoming,SeekingAlpha,https://finnhub.io/api/news?id=4393a0ae68f7a8f02ae3f3bc7169e2c352b0f785382b106e853a4ad230b7edc7,0.0,1.0,0.0,0.0,2025-04-21
2025-04-17 17:19:53,NVIDIA (NasdaqGS:NVDA) Accelerates AI Innovations In SMEs And Smart Cities,Yahoo,https://finnhub.io/api/news?id=c161c18aa43baf65bde9c5d0db5490be2bcc6932a4d690371d1d4efae3344c10,0.033,0.879,0.088,0.5962,2025-04-21
2025-04-17 17:02:11,Jim Cramer Says NVIDIA (NVDA) Can’t Be Owned Like Before: “You Have to Trim”,Yahoo,https://finnhub.io/api/news?id=d50e3a0540db5ef0ac38054b62da1fd20920aabc88fbb7c68dbaaefa6a5a1f3f,0.105,0.863,0.033,-0.6705,2025-04-21
2025-04-17 16:54:00,The Chip Industry Has Too Many Eggs in the AI Basket,Yahoo,https://finnhub.io/api/news?id=7d2c4c508f503a977ea8fabff6c719fb5f8a25571f09161e44da23c1cd653ccd,0.053,0.872,0.075,0.296,2025-04-21
2025-04-17 16:45:46,"Top Stock Movers Now: UnitedHealth, Nvidia, Eli Lilly and More",Yahoo,https://finnhub.io/api/news?id=365a9d7a258d0c5a74e7c579c6f7ee816a4bc66a9cfc7968cad6760ef16bcb0a,0.0,0.895,0.105,0.4588,2025-04-21
2025-04-17 16:38:53,"Why New China Chip Export Curbs Could Affect Far More Than Just Nvidia, AMD",Yahoo,https://finnhub.io/api/news?id=7e9aa58270a255b9cae2419541f6cc90f8eb86b272fe48d22234864c1aeac9c9,0.147,0.853,0.0,-0.6705,2025-04-21
2025-04-17 16:37:00,"Dow Industrials Fall, Capping Another Tough Week on Wall Street",DowJones,https://finnhub.io/api/news?id=8d7c8d6d2c5ae975adee1a47a2f5269f2387502bf3f31d6b38eaffd68407dc0d,0.143,0.857,0.0,-0.25,2025-04-21
2025-04-17 16:05:43,"Nvidia, AMD see charges due to new China export rules: Morning Buzz",Yahoo,https://finnhub.io/api/news?id=da11f04c8fa8eaca81b7dd10a88026ed187eac0b7141285e5a503b22b9dca27a,0.152,0.827,0.021,-0.8885,2025-04-21
2025-04-17 16:04:22,"Nvidia stock falls again, market cap losses top $250 billion after Trump administration's new export controls",Yahoo,https://finnhub.io/api/news?id=e8173004560ff4993b453669d9f7c72f0ccbef8d504df89ffecfc9ae01206087,0.128,0.829,0.043,-0.5574,2025-04-21
2025-04-17 15:54:14,"Top Midday Stories: Google Found Liable on 3 of 4 Counts in Antitrust Case; UnitedHealth Shares Tumble on Revenue Miss, Guidance Cut",Yahoo,https://finnhub.io/api/news?id=c2acec449d3c2391563c089cc76924033cc72bc794c17c46e4f366b89457e106,0.089,0.815,0.096,0.0772,2025-04-17
2025-04-17 15:33:36,"Nvidia & AMD sell-off, Hertz extends gains: Trending Tickers",Yahoo,https://finnhub.io/api/news?id=30caf490fbe011b33ca4c62725807f96f7bba246b030e0276ad70e8ce0f40442,0.026,0.816,0.158,0.8955,2025-04-17
2025-04-17 15:29:20,"It’s a Good Time to Buy GOOG and MSFT, Veteran Investor Says",Yahoo,https://finnhub.io/api/news?id=c92419d6ab8137c38bf2780ab18caec12d46531aa8d0f113c9697a29203151f4,0.028,0.848,0.124,0.8069,2025-04-17
2025-04-17 15:12:17,Nvidia's CEO went to China and promised to 'unswervingly serve the Chinese market',Yahoo,https://finnhub.io/api/news?id=400c367f92a794b8cfb5cb3c8cbc0346ed2f23bc529b99b90114a19a66cef8e5,0.055,0.897,0.048,-0.1027,2025-04-17
2025-04-17 15:11:27,Nvidia's Top Exec in Beijing Amid Rising U.S.-China Chip Tensions,Yahoo,https://finnhub.io/api/news?id=0ca4490797a466f153ad986bf02323f98d9416673b78999b2d8a6170e4d6ceb2,0.29,0.651,0.059,-0.7964,2025-04-17
2025-04-17 15:10:43,Trump Trade: Nvidia sees Q1 charges of $5.5B due to H20 restrictions,Yahoo,https://finnhub.io/api/news?id=8ab79e8d26a6c24f3c6a5158949d3e189315f813df527c7dce672dbbb9885647,0.022,0.96,0.019,-0.0772,2025-04-17
2025-04-17 15:00:00,Better Artificial Intelligence (AI) Stock: Alphabet vs. Nvidia,Yahoo,https://finnhub.io/api/news?id=d4abb00f21060a2f9aa626d3e0a62d14946590efce7a337d3a0be7ab7e0170dc,0.0,0.815,0.185,0.9118,2025-04-17
2025-04-17 14:55:25,"Negative Signs Are Mounting for NVDA, Veteran Investor Says",Yahoo,https://finnhub.io/api/news?id=e1a5bdacf65fedfa6c75065248f0da0415e6105bfca2d43a935511d26195e08b,0.127,0.873,0.0,-0.7845,2025-04-17
2025-04-17 14:52:00,Nvidia Stock Falls for a Second Straight Day. Shares Are Down 30% From Their High.,Yahoo,https://finnhub.io/api/news?id=58dcf37968ed150e0737889ffc2992db7d06934e5669034cb289f4788e2ed77f,0.0,0.915,0.085,0.6124,2025-04-17
2025-04-17 14:14:43,Palantir Stock: The Breakthrough That Changes Everything,SeekingAlpha,https://finnhub.io/api/news?id=f0d5129d72c47cdd79484d1e90c177ec5deea087509b5ae77969154252ac7106,0.0,1.0,0.0,0.0,2025-04-17
2025-04-17 13:47:59,OpenAI And SoftBank's Stargate Considers Major UK Investment To Fuel AI Growth,Benzinga,https://finnhub.io/api/news?id=d3d1824a8ef4b12d7feab3d53a774d903d70d11d0b3175eda01afd65b5c48857,0.0,0.862,0.138,0.6486,2025-04-17
2025-04-17 12:38:38,"This chip stock ’is clearly the most popular long’, Citi says (not Nvidia)",Yahoo,https://finnhub.io/api/news?id=cd448bf92cd73c55cc8327ab2d40ff6c8055a21a45966d450b4f8b9761f09870,0.0,0.826,0.174,0.7645,2025-04-17
2025-04-17 12:38:02,Nvidia and AMD targets cut at UBS on newly issued licensing requirements,Yahoo,https://finnhub.io/api/news?id=941071393a389f1febe648c2d88c7310cb7795568da22ee36febe99577c3e7b6,0.161,0.839,0.0,-0.743,2025-04-17
2025-04-17 12:20:34,Stock Futures Trim Gains as Trump Rebukes Powell: Markets Wrap,Yahoo,https://finnhub.io/api/news?id=4ef73ea9758b746944ed40fa2b75effb485866db9f45389957d5906ec7764cb3,0.075,0.81,0.115,0.5994,2025-04-17
2025-04-17 12:16:36,5 Things to Know Before the Stock Market Opens,Yahoo,https://finnhub.io/api/news?id=06e9f1084fe3a8e078e29dc8d8326ae93c90633148195a0f3880bf78e09bda75,0.0,1.0,0.0,0.0,2025-04-17
2025-04-17 12:10:00,"Nvidia's New Mainstream Graphics Cards Look Good, but Price Is a Wildcard",Yahoo,https://finnhub.io/api/news?id=54c6dea4255f377e4085bd930d82f7394bd28e8ea0cf20b3989c9baf9d505cf1,0.017,0.914,0.068,0.5089,2025-04-17
2025-04-17 12:00:00,MAGS' Selloff Is Here - Fundamentals Remain Robust No Matter The Tariffs,SeekingAlpha,https://finnhub.io/api/news?id=7c8b54193b63120805c65ed751cb7c61e044c430b8b77a431fab0d0ff7b9c843,0.08,0.742,0.178,0.3239,2025-04-17
2025-04-17 12:00:00,China-U.S. Trade War Heats Up: Nvidia A New Bargaining Chip?,SeekingAlpha,https://finnhub.io/api/news?id=ae8505bfa3877f94f7b5ad2b52905669b2580c40a17d8c905ee87c14fc253ee3,0.151,0.849,0.0,-0.765,2025-04-17
2025-04-17 11:50:33,Several Headwinds Impacted Nvidia Corporation’s (NVDA) Performance in Q1,Yahoo,https://finnhub.io/api/news?id=3f37ca7e9d45e0ce7598072cd2f69a9bb4f994d99073d523c9cba98eebc9c5c1,0.0,0.869,0.131,0.802,2025-04-17
2025-04-17 11:50:00,U.S. Tries to Crush China’s AI Ambitions With Chips Crackdown,Yahoo,https://finnhub.io/api/news?id=8d9cb02b877733b52ae259d3cc17aed643daa1e644fef774a215d5ad72f3f5ef,0.114,0.757,0.13,0.1531,2025-04-17
2025-04-17 11:43:11,"Top 10 Trending Stocks On WallStreetBets As Of April 17, 2025 (Via Swaggy Stocks)",Benzinga,https://finnhub.io/api/news?id=1bff739620bff3cc5daefa0aaa8efe8f111cdc8d6daa8285852e595ca0952cb7,0.0,0.899,0.101,0.2023,2025-04-17
2025-04-17 11:34:33,Nvidia: Building The Heavens And The Earth (Rating Upgrade),SeekingAlpha,https://finnhub.io/api/news?id=08a5a07383303cd6594f4fce9a7b84ab51a4a6becf92e421dd172f60638d55af,0.0,0.748,0.252,0.4019,2025-04-17
2025-04-17 11:30:00,2 Top Quantum Computing Stocks to Buy in April,Yahoo,https://finnhub.io/api/news?id=4825eb7ad2b863e63d30cba41982b565b3262852cb9ca7f16b0c5adb713a2613,0.027,0.906,0.067,0.3612,2025-04-17
2025-04-17 11:29:45,"NVDL: Trump's Chip Restriction Is An Opportunity, NVDA Washed Out (Rating Upgrade)",SeekingAlpha,https://finnhub.io/api/news?id=9e5fddb95fdc78a79909c73910c92b2c2d5a94fff76999616d4d52ece63ef451,0.046,0.893,0.061,0.1779,2025-04-17
2025-04-17 10:28:00,"These Stocks Are Moving the Most Today: UnitedHealth, Nvidia, TSMC, Tesla, Alcoa, Netflix, and More",Yahoo,https://finnhub.io/api/news?id=40d834efc3289047dc2519fc30df60a58538c1744a15149d79c058fe23e16aac,0.092,0.831,0.077,-0.0,2025-04-17
2025-04-17 10:26:00,"AMD, Micron, Broadcom Stocks Fall. The Chip Fallout Continues.",MarketWatch,https://finnhub.io/api/news?id=8c7cc9c5f4569dc1944d268107cec9b774d83732dfd00e6a28444e50ae123a86,0.0,1.0,0.0,0.0,2025-04-17
2025-04-17 10:22:14,"TSMC Q1: Excellent Results, Strong Buy (Rating Upgrade)",SeekingAlpha,https://finnhub.io/api/news?id=86b31c32f8af8976763e0b3b44981401597b8f4fddc7305517efc5ea7daab974,0.084,0.663,0.253,0.836,2025-04-17
2025-04-17 10:00:15,"S&P, Nasdaq futures rise after selloff; UnitedHealth plunges after forecast cut",Yahoo,https://finnhub.io/api/news?id=5cf7c4bd74a7ff826b7d72d1d6289195230682e636d7af525dd1b0db31ce85f2,0.095,0.841,0.064,-0.4404,2025-04-17
2025-04-17 10:00:00,"Most large cryptocurrencies rise on Avalanche, Sui increases",MarketWatch,https://finnhub.io/api/news?id=d1f03b3cd5f80933dbc374317eac023b8b06baa686bedea90ef0f62334c44bce,0.0,1.0,0.0,0.0,2025-04-17
2025-04-17 09:59:00,Tesla Stock Wobbles. Wall Street Is Making a ‘Grave Error.’,MarketWatch,https://finnhub.io/api/news?id=7ba23087a37e1e7146bc7da54c7df4bde2a55f32f6810aebeeee35593c2c9e19,0.0,1.0,0.0,0.0,2025-04-17
2025-04-17 09:52:00,Dow Jones Dives 500 Points On UnitedHealth Crash; Trump Calls For Powell's Exit,DowJones,https://finnhub.io/api/news?id=7fa39e359ad7faac4a490950ffb6207352d52cdbd65b7fbbc83368b2d52da8a9,0.184,0.816,0.0,-0.6597,2025-04-17
2025-04-17 09:51:00,"These Stocks Are Moving the Most Today: UnitedHealth, Nvidia, TSMC, Lilly, Amex, D.R. Horton, Schwab, Netflix, Hertz, and More",MarketWatch,https://finnhub.io/api/news?id=42472d5b3f1950fa36f0a7ad8b30b2f6275b3f28dfd952477297c2c2959f0689,0.0,1.0,0.0,0.0,2025-04-17
2025-04-17 09:45:32,Jensen Huang Praised By Trump: Nvidia 'Wouldn't Be Doing' $500 Billion AI Infrastructure Commitment Without Tariffs,Yahoo,https://finnhub.io/api/news?id=77f7a9a3c6dadd711941f7f40ef83ce5794404adddea682610712123f9d73464,0.0,0.728,0.272,0.9413,2025-04-17
2025-04-17 09:45:00,"UnitedHealth, Amgen share losses lead Dow's nearly 500-point drop",MarketWatch,https://finnhub.io/api/news?id=4a255a242c947d7c353642a943ad32b11970b2c637e676482efd657f86025bb8,0.369,0.462,0.169,-0.6369,2025-04-17
2025-04-17 09:35:00,What Is an AI Supercomputer and Why Is Trump Talking About It?,Yahoo,https://finnhub.io/api/news?id=af58a3f52e9c24537a794a800c91c149f25fe02e42647d69032d7cc39dca191a,0.0,0.9,0.1,0.4767,2025-04-17
2025-04-17 09:34:00,Nvidia Stock Rises. Why the Chip Maker’s Getting a TSMC Boost.,Yahoo,https://finnhub.io/api/news?id=7138d05205e6dea9be7ef22b323e1b21e21bd049c0bfed8b501602f4db3e6567,0.0,0.845,0.155,0.7003,2025-04-17
2025-04-17 09:26:26,S&P 500: How Bad Could It Get? The Ultimate Worst-Case Scenario,SeekingAlpha,https://finnhub.io/api/news?id=f4d22bb502598f85c1e0d4460bee5509f97e126f5ed0d6ba082f466c78449582,0.259,0.741,0.0,-0.5423,2025-04-17
2025-04-17 09:26:21,TSMC Q1 2025 Earnings Silence Tariff Doubts,SeekingAlpha,https://finnhub.io/api/news?id=6e12b57870009d468d6c55f46e796185722a59dacfaa58234ba2192093c25e0e,0.268,0.732,0.0,-0.296,2025-04-17
2025-04-17 09:22:00,Stock Market Watching Trump-Meloni Meeting. Is Musk's U.S.-E.U. 'Zero Tariffs' Plan On The Table?,DowJones,https://finnhub.io/api/news?id=d7bb13ec45a811197896288f0eed979cf13dcbcf2884e8a7eb7abf7d5281e8dc,0.0,1.0,0.0,0.0,2025-04-17
2025-04-17 09:10:05,TSMC And Nvidia: Powering The AI Capital Of The World,SeekingAlpha,https://finnhub.io/api/news?id=e4ed92115b1c84042d38e52b2f17822db6bc8f4dc2fa95db46ac3060c718738b,0.06,0.94,0.0,-0.2732,2025-04-17
2025-04-17 09:00:00,ASML Holding: Time To Buy Before The Market Rebounds,SeekingAlpha,https://finnhub.io/api/news?id=324a4b552bd3bdceb48ae478dadbe72990ecd2ecff0293ca07089d6b2bc8a6ab,0.0,1.0,0.0,0.0,2025-04-17
2025-04-17 08:51:00,TSMC Stock Jumps on Earnings Beat. Tariffs Aren’t a Drag for the Chip Maker—Yet.,MarketWatch,https://finnhub.io/api/news?id=ad6caa7ecaac0eea52085aeaab86a5ce508d34c130663a484f7ab8b701031f64,0.128,0.872,0.0,-0.4215,2025-04-17
2025-04-17 08:44:00,Nvidia's H20 Chip at the Heart of the U.S. and China Tech Showdown,Yahoo,https://finnhub.io/api/news?id=9e4f3116c86f28310809a052eb1e0b3a23f96751fee1b392fcb77ae223284f15,0.081,0.832,0.087,0.0772,2025-04-17
2025-04-17 08:34:48,"Broadcom, Marvell, Synopsys: The Chips That Might Not Crumble In The Coming Storm",Benzinga,https://finnhub.io/api/news?id=e060d03357f450c4322f9c6e4ab9d8d04429465131d1094cd3d2b71252e37f78,0.161,0.756,0.083,-0.4767,2025-04-17
2025-04-17 08:19:47,Dow Jones Futures Dive On UnitedHealth; Trump Says Powell 'Termination Cannot Come Fast Enough',DowJones,https://finnhub.io/api/news?id=b98ab81884e0062214fddae6fe80f639d2e083e037b5f20d09615a07accf888d,0.0,1.0,0.0,0.0,2025-04-17
2025-04-17 08:10:00,My Dividend Stock Portfolio: New All-Time Dividend Record In March - 100 Holdings With 15 Buys,SeekingAlpha,https://finnhub.io/api/news?id=3583de69a5b9294d49cfc850c02d9e183a0af145eb6a1cde6d77ee1e1a833ab0,0.0,1.0,0.0,0.0,2025-04-17
2025-04-17 07:39:24,"Nvidia CEO stresses importance of China market in Beijing visit, Chinese state media reports",Yahoo,https://finnhub.io/api/news?id=594f9c618e8207cf8a16c9819679c2f2ac3b7aaff71b6f3e76e9a090f082d3ec,0.084,0.802,0.113,0.4005,2025-04-17
2025-04-17 07:23:00,TSMC Profit Surges as Earnings Beat. Trump Tariffs Aren’t a Drag for the Chip Maker Yet.,Yahoo,https://finnhub.io/api/news?id=4b653e15d9e16ddf437821f386e7146d06628dbef0416795b7cc00c1692f5772,0.139,0.791,0.07,-0.4404,2025-04-17
2025-04-17 07:05:00,Stock Markets Need a Tariffs Savior. Why Fed’s Powell Won’t Ride to the Rescue and 5 Other Things to Know Today.,MarketWatch,https://finnhub.io/api/news?id=914e02cb8ff982d27531e1b964e7ac5ca021cabd101daba8f05ff26c97f0c753,0.0,0.858,0.142,0.765,2025-04-17
2025-04-17 07:03:38,Video Recap: Tech Stocks Tumbled Wednesday After Nvidia Chip Curbs,Yahoo,https://finnhub.io/api/news?id=67405d09e96db64f22d22b76a333489b76f3fdfc49268989737f23609a0348ed,0.0,1.0,0.0,0.0,2025-04-17
2025-04-17 07:00:00,ClearBridge Select Strategy Q1 2025 Commentary,SeekingAlpha,https://finnhub.io/api/news?id=2322cba5402cd8b2b7530ae0cec3fb74a0aca46cc28f68bb570cc4a2a435b567,0.0,1.0,0.0,0.0,2025-04-17
2025-04-17 06:15:12,US Stocks Likely To Open Higher Ahead Of Festive Weekend: 'Current Equity Levels Offer An Attractive Entry Opportunity',Benzinga,https://finnhub.io/api/news?id=7623b21d79ec6a68d8928602eb7a6d72193d6ae4e3485383a940c05127b02cde,0.032,0.737,0.231,0.875,2025-04-17
2025-04-17 05:56:21,Nvidia leaves some Chinese customers in the dark about new restrictions.,Finnhub,https://finnhub.io/api/news?id=9cf1b63528df216a63690e6c76b882cd32e44a1e5ac7f572fa268b1910332846,0.053,0.883,0.064,0.128,2025-04-17
2025-04-17 05:56:20,Nvidia CEO Visits Beijing After Latest China Export Curb,Finnhub,https://finnhub.io/api/news?id=7990422dc54956b909344a2cfae494235f18a662d4cda80890a6748e848e4f18,0.0,1.0,0.0,0.0,2025-04-17
2025-04-17 05:53:35,A Cautious Opportunity Emerges For AMD Investors,SeekingAlpha,https://finnhub.io/api/news?id=91836baf3997cedae3c4c2bda4eecb9770222f578ca99c908c3259330e201897,0.152,0.543,0.304,0.34,2025-04-17
2025-04-17 05:45:10,"Hertz Global stock surges again after Ackman buys big stake, and other movers",MarketWatch,https://finnhub.io/api/news?id=51e33c7d4ef1fa9a26740e69e353571e0d0f86985fbb105bdabd89b74a135d3d,0.0,1.0,0.0,0.0,2025-04-17
2025-04-17 05:35:00,Jensen Huang is visiting China. The Nvidia CEO is caught in a trade war.,MarketWatch,https://finnhub.io/api/news?id=03222925bd5dfae3c4d9858303fcc524d2bda5b56a4ea40180946ec5e4589337,0.231,0.769,0.0,-0.8316,2025-04-17
2025-04-17 05:33:58,Nvidia Epitomizes Excellence: Upgrading To Strong Buy,SeekingAlpha,https://finnhub.io/api/news?id=5c0fb893d746baf47742dcfc858a7cc1a1222174fcebb2f4dc7873a53bbff826,0.0,0.602,0.398,0.9531,2025-04-17
2025-04-17 05:23:06,Ives: It's 'Scariest Time' Ever Seen for Tech Investors,Yahoo,https://finnhub.io/api/news?id=942cfe3d02c59ccf21fc1e144a9e7e5062b87bca72b5d5b0d097fdd17a3b4d02,0.016,0.962,0.023,0.1779,2025-04-17
2025-04-17 03:49:54,Watch These Nvidia Stock Price Levels as Chip Export Curb Set to Hit Earnings,Yahoo,https://finnhub.io/api/news?id=9170794494752e5ef125e33c7429694ce1747abe6d477720a351c1542a741f9e,0.0,0.956,0.044,0.296,2025-04-17
2025-04-17 03:41:40,"Nasdaq Dips 3% Amid Plunge In Nvidia, AMD: Greed Index Remains In 'Extreme Fear' Zone",Benzinga,https://finnhub.io/api/news?id=7b9dbcfca863286ffe7e5770bd4a57845de216c9356189c07f23cb128d349ab1,0.323,0.677,0.0,-0.7346,2025-04-17
2025-04-17 03:39:24,"Nvidia CEO Jensen Huang arrived in Beijing on Thursday, Chinese state media reports",Finnhub,https://finnhub.io/api/news?id=5b1095ee1ebdbb6409abdc2cd323ae881a73153364a0af6f35412a5f2138af59,0.0,1.0,0.0,0.0,2025-04-17
2025-04-17 02:33:58,Why NVIDIA Corporation (NVDA) Declined on Wednesday,Yahoo,https://finnhub.io/api/news?id=6ecadaf783b5ec15d177e6754719c909a3720e5ba5057aafce2fa91e064bb53c,0.0,1.0,0.0,0.0,2025-04-17
2025-04-17 00:30:00,Franklin DynaTech Fund Q1 2025 Commentary,SeekingAlpha,https://finnhub.io/api/news?id=2ae7c4aa6a2cba58deb299d1da2263fe44fe4feedd375eb43653db08eeb41660,0.0,1.0,0.0,0.0,2025-04-17
2025-04-16 23:11:23,Applied Digital: 3 Reasons We Think Now Is The Time To Buy,SeekingAlpha,https://finnhub.io/api/news?id=283dd072687be64879ad8b3c7196279589de2ddf9efe4aa1c844070817d67060,0.0,1.0,0.0,0.0,2025-04-17
2025-04-16 18:56:19,Wall St ends sharply lower; Powell sees growth slowing,Finnhub,https://finnhub.io/api/news?id=680383d310abd9751fa5eb200f328f54c41659c4f509ffa3e3bd325cdaf5fc82,0.164,0.775,0.061,-0.5267,2025-04-17
2025-04-16 18:26:00,Powell Didn’t Mince Words. Tariffs Will Be a Problem for the Fed.,MarketWatch,https://finnhub.io/api/news?id=72b4842d2d3c3feb2ea28d586b26daf7aa3677e734d00582d61b264b9f82f531,0.197,0.803,0.0,-0.6597,2025-04-17
2025-04-16 18:25:06,Chipwrecked: Nvidia's Export Ban Triggers ETF Meltdown (And One Big Winner),Benzinga,https://finnhub.io/api/news?id=2f3e736addcdd28f1af7789dd197fdbd21301881ccacfbbfabc7090a9c4dabe0,0.208,0.708,0.084,-0.6808,2025-04-17
2025-04-16 17:44:37,Indexes drop as Fed's Powell says growth appears to be slowing; Nvidia tumbles,Finnhub,https://finnhub.io/api/news?id=663098b040fce24b9ec3e3754e744c0290dda9e03042c60cdb39d220d2b759b1,0.16,0.791,0.049,-0.5994,2025-04-17
2025-04-16 17:36:35,Tech Slides on Chinese Nvidia Restrictions - Tech Roundup,Finnhub,https://finnhub.io/api/news?id=2ac606c989568a332c7b6f55579eda5edfd9d5f7b81d2a80da10da768a21f5a3,0.059,0.887,0.054,-0.0516,2025-04-17
2025-04-16 17:20:42,Nvidia: Headwinds Are Mounting - Sell,SeekingAlpha,https://finnhub.io/api/news?id=6578eb78a01608877e0a783a942cf77596b1d462f5ba4dbea0be090de29317df,0.0,1.0,0.0,0.0,2025-04-17
2025-04-16 17:14:00,"Alibaba’s stock is falling, and a development at Nvidia could be the reason",MarketWatch,https://finnhub.io/api/news?id=c1bc89e971e05011c9e5ad92b23a0d3af3a9f7cb1861507f20aae40bf038c6ce,0.118,0.882,0.0,-0.296,2025-04-17
2025-04-16 17:09:17,California's Newsom sues Trump administration to block tariffs,Finnhub,https://finnhub.io/api/news?id=0ce1965d1243a28b81fadc93159ac6cc1df468486fe703faa8f000858a5aafd7,0.123,0.877,0.0,-0.4939,2025-04-17
2025-04-16 17:07:00,"As Nvidia’s stock sinks on China setback, here’s Wall Street’s big question",MarketWatch,https://finnhub.io/api/news?id=64b3c16a7550b5428d5546316ee1dcf2afca9768aadf1dc6f6ee14b9dbebdd04,0.0,1.0,0.0,0.0,2025-04-17
2025-04-16 16:56:22,Nvidia Announces $6 Billion Hit In Upcoming Earnings After Trump China Curb; Is Nvidia A Sell Now?,Yahoo,https://finnhub.io/api/news?id=497f73b594b11085b64a7589218bf871b06b0b54f035615f770ad7f83cffed63,0.0,1.0,0.0,0.0,2025-04-17
2025-04-16 16:54:54,Don't expect a big increase in tech manufacturing in the US,Yahoo,https://finnhub.io/api/news?id=6af25018458a8e98f568f2e1b4f45ab47b8a5e3dcff00e157cfc1f04331b6583,0.012,0.867,0.121,0.8805,2025-04-17
2025-04-16 16:53:00,"Tech, Media & Telecom Roundup: Market Talk",DowJones,https://finnhub.io/api/news?id=77baa12de7b192cebd670c6060314f28c1d1fc5b0049f69bb9cbe94e89719605,0.0,1.0,0.0,0.0,2025-04-17
2025-04-16 16:46:00,Nvidia Stock Falls. It Got Bad News About Its H20 Chips From the Government.,MarketWatch,https://finnhub.io/api/news?id=3a6e235725f3318d637354947b67127734082c7a6ea0daa4f898b89b398890d3,0.212,0.788,0.0,-0.7906,2025-04-17
2025-04-16 16:43:00,"AMD, Micron, Broadcom Stocks Drop as U.S. Tightens Chip Export Rules",MarketWatch,https://finnhub.io/api/news?id=eed6a55c6b81742b05db5335a6ed9a1ba02592a72ee81324da5eecd335c3c6d9,0.174,0.826,0.0,-0.4939,2025-04-17
2025-04-16 16:37:50,US stocks drop after Nvidia warns over hit from controls on China exports,Yahoo,https://finnhub.io/api/news?id=b460bd683e487e7c521f6f4ee03a60cfc5b777e1ef80b42d545ca431da830750,0.071,0.779,0.149,0.6124,2025-04-17
2025-04-16 16:36:13,US Equity Indexes Slump After Nvidia Pushes Technology Sharply Lower,Yahoo,https://finnhub.io/api/news?id=1d9e347a692d1361011e418fa254aa045fcab3bd2de171357904eb262b9b573a,0.152,0.848,0.0,-0.5106,2025-04-17
2025-04-16 16:28:18,"Stock Market Today: Dow Jones Tumbles On Powell Comments; Trump Curbs Hit Mag 7, Warren Buffett Stock Rises (Live Coverage)",DowJones,https://finnhub.io/api/news?id=d2fda288c406cdf120db73a4a54acf3be028ccbd8795f8f3f27a84e2dedf1b30,0.0,1.0,0.0,0.0,2025-04-17
2025-04-16 16:22:50,Nvidia Stock Falls After Trump Essentially Blocks China AI Chip Sales,DowJones,https://finnhub.io/api/news?id=a81b0a91cd0c8cf907f389ffdbecb81a626b8642be4e7ab4171a08a8ac122ba1,0.16,0.84,0.0,-0.4215,2025-04-17
2025-04-16 16:21:42,"Magnificent Seven Stocks Sell Off: Nvidia Plunges; Apple, Tesla Slide",Yahoo,https://finnhub.io/api/news?id=e436d79d8cbef4bb8c289db9d61fd57ad65e04371b713a486a35e184d159a7ec,0.057,0.76,0.183,0.7964,2025-04-17
2025-04-16 16:18:39,"Top Stock Movers Now: Nvidia, ASML, Abbot Laboratories and More",Yahoo,https://finnhub.io/api/news?id=11ad71358d7689472b019ba7e0759d02c4da4aa98694ec2700c4a2f41e48bda2,0.081,0.867,0.052,-0.25,2025-04-17
2025-04-16 16:15:32,"Nvidia Could See Hit to Financials Amid Restrictions on Chip Exports to China, Morgan Stanley Says",Yahoo,https://finnhub.io/api/news?id=99bbde8ea52b74f91e6f4cd3c218a598c1035e91cb18cd70e3f6a1de24449970,0.067,0.933,0.0,-0.3182,2025-04-17
2025-04-16 16:14:32,Nvidia Stock — Once Again — Highlights The 8 'Secrets' Of Selling,Yahoo,https://finnhub.io/api/news?id=4b28685ab2d4a19cf889696f6928f78c04a5979660fcbcd6d641032b8a64bcf7,0.0,1.0,0.0,0.0,2025-04-17
2025-04-16 16:05:35,How to invest in Nvidia successfully during Trump tariff turmoil,Yahoo,https://finnhub.io/api/news?id=c21f645377a09788b47e3c0d3f43aaa58738a545005349b345b0764df4ec445e,0.066,0.797,0.137,0.3944,2025-04-17
2025-04-16 16:05:00,Nvidia and chip stocks drag down the Nasdaq as markets slip on trade war woes,Yahoo,https://finnhub.io/api/news?id=2f1550a3bffc2074b706f147889ce08161eb5bf2551da2253efefbbc7109988b,0.191,0.785,0.024,-0.9062,2025-04-17
2025-04-16 16:03:30,Why Nvidia (NVDA) Stock Is Down Today,Yahoo,https://finnhub.io/api/news?id=61ff6dfdbe843d767a23bc8006f6d257711bc5ca1e2887ae3972dd0100092efe,0.026,0.948,0.027,0.0258,2025-04-17
2025-04-16 16:03:00,"China Could Be Willing to Enter Trade Talks, Report Says. Here’s the Latest on Tariffs.",Yahoo,https://finnhub.io/api/news?id=a0ab5818e453dc27a7230e24d3dbc89fc4ee45927b765fc84381c04b1ee20524,0.158,0.842,0.0,-0.8074,2025-04-17
2025-04-16 16:01:39,"Fed Chief Jerome Powell Signals Trump Tariffs 'Tension' On Inflation, Growth; Dow Jones Tumbles",DowJones,https://finnhub.io/api/news?id=d44c539476eb6e05f6d8ea598f3b63f2c45d2d25850e442bd33e2a25e7951867,0.136,0.71,0.154,0.1531,2025-04-17
2025-04-16 16:00:36,"Wall Street ends sharply lower; Nvidia drops, Powell says growth appears to be slowing",Finnhub,https://finnhub.io/api/news?id=93e4440d83fada9f2501b65684301a6651cc427325c5c649fa939112abbcede7,0.159,0.793,0.048,-0.6124,2025-04-17
2025-04-16 16:00:03,Apple market cap falls back below $3 trillion as 'relief rally' fades amid new tariff uncertainty,Yahoo,https://finnhub.io/api/news?id=d4fac4115b6a777bf1886afa179ed57bbfdff9a0a7bb4987a67e03f9ff630149,0.055,0.874,0.071,0.1779,2025-04-17
2025-04-16 15:58:41,"Top Midday Stories: Nvidia, AMD Flag Looming Charges Tied to China Export Licenses; ASML Shares Fall on Sales Miss, Downbeat Guidance",Yahoo,https://finnhub.io/api/news?id=b7e59d18e063f8f1799fd2fe1333ff765db15f7a3287aa90a0ae991a9b480fd6,0.12,0.787,0.093,-0.0516,2025-04-16
2025-04-16 15:58:00,Nintendo Switch 2 Will Be a Mega Hit Despite Trump’s Tariffs. Here’s My Review.,MarketWatch,https://finnhub.io/api/news?id=c225471790d30fe0c69ed76fddff12eedaf20fc96bb34d393a494d2c98233b93,0.0,1.0,0.0,0.0,2025-04-16
2025-04-16 15:52:00,Newsom invokes Nvidia’s stock drop as Trump spars with China,MarketWatch,https://finnhub.io/api/news?id=7589aa8258c4f9dbffab4da15c7de2a5f126b08aeabf924aaf8ac4d9bbd40597,0.189,0.811,0.0,-0.4939,2025-04-16
2025-04-16 15:48:47,Export Ban Forces Nvidia to Write Off Billions in AI Chip Stock,Yahoo,https://finnhub.io/api/news?id=86342488cfa7768ec3ed403a4896143257e8232f691a3c3f2465361554e28044,0.231,0.769,0.0,-0.802,2025-04-16
2025-04-16 15:32:00,"NVIDIA Corp., Amgen share losses contribute to Dow's 886-point drop",MarketWatch,https://finnhub.io/api/news?id=644ba8ceb10c50bbcbab539aeb085c3a11215723d88b727bfe9ad52d8121171c,0.343,0.5,0.157,-0.6369,2025-04-16
2025-04-16 15:30:48,"$155B Tech Bloodbath: Nvidia Banned, ASML Bombs, and AI Hype Hits a Wall",Yahoo,https://finnhub.io/api/news?id=dcc7c10bce7f11794b9359f478a00b2a2bde6899b2fa4a35dc26f183de17c64d,0.26,0.69,0.05,-0.836,2025-04-16
2025-04-16 15:30:01,Is NVIDIA Corporation (NVDA) The Best American Tech Stock To Buy Now?,Yahoo,https://finnhub.io/api/news?id=c144f8524a0ac0f2253e1bdeb90d0069369ebc5323e47e09217f8e6770ed019d,0.0,0.855,0.145,0.9001,2025-04-16
2025-04-16 15:26:00,"These Stocks Are Moving the Most Today: Nvidia, AMD, ASML, United, Tesla, Abbott Labs, Travelers, Interactive Brokers, and More",Yahoo,https://finnhub.io/api/news?id=d4d6774e438ddce117be19f3fcffd1c813a49c48ecf8343da00aa1d72131dc00,0.075,0.886,0.039,-0.3612,2025-04-16
2025-04-16 14:44:04,"US mulls penalties to block DeepSeek from buying American technology, NYT reports",Finnhub,https://finnhub.io/api/news?id=7ebd137d5d0ff66bd2870e219d4d412bf8a6ccd719ca83cbd4599abbaf95702c,0.129,0.871,0.0,-0.7003,2025-04-16
2025-04-16 12:40:59,Forget The Tariffs: 3 Chip Stocks To Buy Now,SeekingAlpha,https://finnhub.io/api/news?id=6856fd4c97d5340b547e11220cb2883095b95d469ab84d0116fefa712785c389,0.192,0.808,0.0,-0.2263,2025-04-16
2025-04-16 12:29:13,"Wall St tumbles, Nvidia slumps after new US chip export controls",Finnhub,https://finnhub.io/api/news?id=437c1c1c16a33f9cc8e1c794d1da9ab566eac4b37eb1c78314ff6bba6da646dd,0.091,0.909,0.0,-0.4939,2025-04-16
2025-04-16 12:23:43,"Nvidia Drags Wall Street Down, Gold Defies Gravity Ahead Of Powell Remarks: What's Driving Markets Wednesday?",Benzinga,https://finnhub.io/api/news?id=f2a9193237e5b7b4c264555df95508d38f6474badf3c3f06ee1d46441888a40d,0.138,0.862,0.0,-0.6204,2025-04-16
2025-04-16 11:55:00,Wall Street Lunch: Retail Sales Defy Expectations Amid Consumer Confidence Distress,SeekingAlpha,https://finnhub.io/api/news?id=25044deedf05a43e270a38e3074dfa5733bc664f84332ebac8bbb05a2ecdcc60,0.073,0.697,0.231,0.5789,2025-04-16
2025-04-16 11:22:29,The Dividend ETF That Just Woke Up And Why Investors Are Watching Closely,Benzinga,https://finnhub.io/api/news?id=e6b7f51d86ac78b9d1a1d90bfeeefa162c45c1872625dae67468bed75c62d0f6,0.052,0.843,0.105,0.3182,2025-04-16
2025-04-16 10:19:16,"Wall St tumbles, Nvidia drops after new US chip export curbs",Finnhub,https://finnhub.io/api/news?id=9aaefb7841643ad26cdc70c9e4a9a8374e98cb78c8fcb63ea152229c512abb9d,0.091,0.909,0.0,-0.4939,2025-04-16
2025-04-16 10:16:30,It'll Just Get Worse For Nvidia: Downgrading To Strong Sell,SeekingAlpha,https://finnhub.io/api/news?id=a92efa5c303b1a6ece88898eab16a2f2f421a091bda0c9c6e34193fdaace2f92,0.215,0.556,0.229,0.0516,2025-04-16
2025-04-16 10:12:10,"Shares skid as Nvidia hurt by US chip-sale curbs, gold hits record",Finnhub,https://finnhub.io/api/news?id=2cbf267799de17940c859a59c201322f63376649e8c809e6917e7fbb3801fa5b,0.118,0.793,0.089,-0.34,2025-04-16
2025-04-16 10:07:00,Nvidia Is Now the Biggest U.S.-China Bargaining Chip,DowJones,https://finnhub.io/api/news?id=0aa8dbd8beb27800482eee50b293c00d9a2850d8c7d75105e41b7a7309d29d8a,0.0,1.0,0.0,0.0,2025-04-16
2025-04-16 10:02:00,Chip Shares Tumble After Nvidia Discloses Export Restrictions,DowJones,https://finnhub.io/api/news?id=e392dcbd09b266d249fb49bf8674a0ebc564a84d2fd5d95b7375bfc02f3efee2,0.0,0.761,0.239,0.5267,2025-04-16
2025-04-16 09:55:31,Dow Jones Slides 300 Points As Nvidia Plunges On AI Chip Warning,DowJones,https://finnhub.io/api/news?id=8fbd7ce6d6ee9bc9685c65b2b4a868cda576b698a7568f763381e4bc2f39e2f0,0.179,0.821,0.0,-0.5859,2025-04-16
2025-04-16 09:49:32,The Fed Can't Save This One: Why Bonds May Break The Stock Market In 2025,SeekingAlpha,https://finnhub.io/api/news?id=a4ba004a70d7a1a8287c5f167cc82d35f7b493acb03a67ec720537382f6a8c66,0.158,0.842,0.0,-0.3875,2025-04-16
2025-04-16 09:41:45,Nvidia To $160? Here Are 10 Top Analyst Forecasts For Wednesday,Benzinga,https://finnhub.io/api/news?id=1ed795e8fb6de4693169f125bf4fad7d041c6d4725518d2ff53164a2a7f27d83,0.0,0.847,0.153,0.2023,2025-04-16
2025-04-16 09:35:32,"Wall Street falls, Nvidia drops after new US chip export curbs",Finnhub,https://finnhub.io/api/news?id=e435d78885ca40b3d646a3b8bf32a96f0009b15333a8d56b29313038b1fbde90,0.048,0.952,0.0,-0.2732,2025-04-16
2025-04-16 09:35:23,"US stock futures drop, Nvidia tumbles on new curbs on chip exports to China",Yahoo,https://finnhub.io/api/news?id=a93d6af5a6a58c3ba103dcd5f62b309edad2560089efceb7f282b6807d73efbc,0.062,0.846,0.092,0.4576,2025-04-16
2025-04-16 09:32:00,Should You Buy Advanced Micro Devices (AMD) Stock Before May 6?,Yahoo,https://finnhub.io/api/news?id=654238e4e1beda3c01245c2ef9db7d94e07b08ff0be7ee2d7e1fe977d1f0aaca,0.0,0.82,0.18,0.936,2025-04-16
2025-04-16 09:23:01,Oil Futures Turn Higher as China Signals It’s Open to US Talks,Yahoo,https://finnhub.io/api/news?id=35c6a014eba86840f958de00275095cd40b7134adb55ea90ec446742bb4cdee3,0.054,0.886,0.06,-0.1027,2025-04-16
2025-04-16 09:21:54,"Futures slip, Nvidia falls on new U.S. chip restrictions - what’s moving markets",Yahoo,https://finnhub.io/api/news?id=28623323b44694aac6f1b7bc3db095e633887cbdaec532c48838252ab67c3d86,0.0,0.942,0.058,0.6486,2025-04-16
2025-04-16 09:20:24,"Retail Sales Jump Most In Two Years In Rush To Buy Autos, iPhones Before Trump Tariffs; S&P 500 Futures Fall (Live Coverage)",DowJones,https://finnhub.io/api/news?id=0afac34df7d63f32e70da3d28ed87eb24d1ac9395b04429cb7e6d2dc3ebc3aba,0.0,1.0,0.0,0.0,2025-04-16
2025-04-16 09:19:39,Global Tech Stocks Drop as ASML Warning Adds to Nvidia Curbs,Yahoo,https://finnhub.io/api/news?id=16d33bf36cca978126af7a433fe176ce55a68f8a31619b2959fbb4ab90a67510,0.166,0.795,0.039,-0.9153,2025-04-16
2025-04-16 09:19:38,Global chipmakers feel the pinch of Trump's shifting trade policy,Finnhub,https://finnhub.io/api/news?id=8e91c9c581cd2cbdccd82e5eb2066a6efccc201b4dd4fc7b5d8ee60a7a66cd44,0.0,0.941,0.059,0.3182,2025-04-16
2025-04-16 09:17:20,Stock Futures Drop as Nvidia Charge Reignites Tariff Fears,Yahoo,https://finnhub.io/api/news?id=4918bf252abae49f4e56870421c20d9c984bd35abde430642db5fd475efd9be6,0.13,0.83,0.04,-0.8658,2025-04-16
2025-04-16 09:17:11,"Top 10 Trending Stocks On WallStreetBets As Of April 16, 2025 (Via Swaggy Stocks)",Benzinga,https://finnhub.io/api/news?id=c013b1222cc44d22a034b94947955c4332dea00f9dc004b47e7fedf3f0231775,0.0,0.899,0.101,0.2023,2025-04-16
2025-04-16 09:15:00,3 Leading Tech Stocks to Buy in 2025,Yahoo,https://finnhub.io/api/news?id=81e2acc7c68e93af72ff29f4ea96d7ad038cfd9c55416e9ad0cf33a2dc42b864,0.0,0.906,0.094,0.8555,2025-04-16
2025-04-16 09:03:29,Global tech stocks feel the pinch of Trump's shifting trade policy,Finnhub,https://finnhub.io/api/news?id=ddce8e359543d7260324c98e68811286bfaac94dc4c91be7e30acbfa3e4c9561,0.0,0.943,0.057,0.3182,2025-04-16
2025-04-16 09:01:47,Wall Street set for lower open; Nvidia drops after new US chip export curbs,Finnhub,https://finnhub.io/api/news?id=88a53c0d966069fac95639c3ce213ca44a9f5407a319e4257b7b2cd1de16e0f1,0.167,0.833,0.0,-0.7506,2025-04-16
2025-04-16 09:00:00,"TSMC: Tariffs Or Not, Why I'm Betting On The Foundry Leader",SeekingAlpha,https://finnhub.io/api/news?id=45a0aab8a6d8e017fd5f28e7042d307f578e4975e41d80c8ec1b1c5790a657bd,0.0,1.0,0.0,0.0,2025-04-16
2025-04-16 08:55:29,US Dollar Weakness Returns as Trade War Fears Hurt US Assets,Yahoo,https://finnhub.io/api/news?id=e6f453a03985edce0a4360c47a246901e06b407a94ee25e680f616e4bde7ef8a,0.257,0.664,0.08,-0.9565,2025-04-16
2025-04-16 08:52:05,"China open to talks if US shows respect, names point person",Yahoo,https://finnhub.io/api/news?id=061c81d91f5b7ea555af849b3ff2af2ded09843b7149905ee6fd3fa43e3e69d9,0.085,0.795,0.12,0.3597,2025-04-16
2025-04-16 08:38:00,Prediction: 2 Stocks That Will Be Worth More Than SoundHound AI 1 Year From Now,Yahoo,https://finnhub.io/api/news?id=615770885da91e51d12237fc707ae208c4336f56f49156f900da5515bf20dc29,0.0,0.936,0.064,0.2263,2025-04-16
2025-04-16 08:37:00,2 Growth Stocks Down 27% or More to Buy Right Now,Yahoo,https://finnhub.io/api/news?id=d4100e32d0f9430d694a9365988cdf98457148fca549bf60bf48f2be775c3717,0.061,0.674,0.266,0.9705,2025-04-16
2025-04-16 08:33:40,"Jim Cramer: NRG Up, Deluxe Out, Nvidia 'You Have To Trim'",Benzinga,https://finnhub.io/api/news?id=b3cfb0504842360870299ae6215a0a4e546ab11addc096b2052bfa3034a597d8,0.075,0.925,0.0,-0.3818,2025-04-16
2025-04-16 08:20:00,"The Zacks Analyst Blog ASML Holding, NVIDIA, Intel and Taiwan Semiconductor Manufacturing Company",Yahoo,https://finnhub.io/api/news?id=6550aaf7824c231de6741bb87db66325c9b571062cca7eb6d18d97be983163aa,0.0,1.0,0.0,0.0,2025-04-16
2025-04-16 08:11:13,"Chinese Shares End Mixed, Chip Stocks Gain Amid Rising U.S. Trade Tensions",Yahoo,https://finnhub.io/api/news?id=bc988b42cf5a0537fea290864736f39eecdd2a641b608e593849de3ff304d025,0.1,0.706,0.193,0.6124,2025-04-16
2025-04-16 08:07:00,"Down 17%, Is It Time to Buy the Dip on Nvidia Stock?",Yahoo,https://finnhub.io/api/news?id=8b23ebd32de0525791365bc90632c34cff2ef1553b4bb7e5eb951bd122a27dcd,0.034,0.914,0.053,0.296,2025-04-16
2025-04-16 07:51:55,"Nasdaq futures, Nvidia slide after new US curbs on chip exports to China",Finnhub,https://finnhub.io/api/news?id=f5539347eac3beb1ff0c524e19f31a64973d248952331c2c7ddb8d4865c96b93,0.048,0.952,0.0,-0.2732,2025-04-16
2025-04-16 07:18:44,European Stocks Fall as Nvidia Curbs Hurt Sentiment; ASML Drops,Yahoo,https://finnhub.io/api/news?id=5808d0badbeef69bcaaa3bb4eabd5b4e19efa82eba9fd645eb1ebf91df452b43,0.145,0.807,0.047,-0.8442,2025-04-16
2025-04-16 07:11:25,"Exclusive: Nvidia kept some China customers in the dark about new US chip clampdown, sources say",Yahoo,https://finnhub.io/api/news?id=0f6e617ec55af1eac5a413fa0426874a5f5f20aaab406aa84ab03e73603555ed,0.021,0.884,0.095,0.7348,2025-04-16
2025-04-16 07:06:00,3 Pricey Stocks Billionaire Money Managers Sold Ahead of Wall Street's Historic Volatility,Yahoo,https://finnhub.io/api/news?id=77fcec99db4dcae71236a10695e2d55700d6f0254457b3826150ee56d63ad516,0.073,0.806,0.121,0.2263,2025-04-16
2025-04-16 07:05:10,Wall Street Breakfast Podcast: Nvidia To Take $5.5B Hit On H20 Chip,SeekingAlpha,https://finnhub.io/api/news?id=ba1d69f7bafc988ac099fee64cd2558c9267e85ebf5ad87a0b2f51baa3488657,0.0,1.0,0.0,0.0,2025-04-16
2025-04-16 06:46:09,Nvidia To Take $5.5 Billion Charge Due To H20 China Export Curbs,DowJones,https://finnhub.io/api/news?id=a77eb53d91c145dd9b5f93b6fd061c8890c9923d05dc26f261dbde3c7f4f0bc0,0.0,1.0,0.0,0.0,2025-04-16
2025-04-16 06:46:07,Nvidia Shares Retreat on $5.5 Billion Charge from New Export Restrictions,Finnhub,https://finnhub.io/api/news?id=f08e2ce86f56342ba8ab5f05ed3d80185e4bc0f8dd5b0de84a4154cc13bf7597,0.0,0.828,0.172,0.743,2025-04-16
2025-04-16 05:47:41,"US Stock Likely To Open Lower As US-China Tariff War Continues: 'Valuations Are Now Looking More Compelling,' Says Expert",Benzinga,https://finnhub.io/api/news?id=9c79ff16210eec03be4fe157a2c2643a783573010cad1562ae2314e6b1bff4cd,0.179,0.774,0.047,-0.7275,2025-04-16
2025-04-16 05:44:33,Tech shares fall after Nvidia says new US controls on exports of AI chip will cost it $5.5 billion,Yahoo,https://finnhub.io/api/news?id=835ae64722d912a47f4108e3f854fa4adda66b73d17402c459f6cebdf98be974,0.015,0.86,0.125,0.9349,2025-04-16
2025-04-16 04:42:12,Global Markets Drop on Fears of Escalating U.S.-China Trade Tensions,Finnhub,https://finnhub.io/api/news?id=2948d810103183568332feb58919d1c4e7cfa08851b0142c57eaf004371d5c2e,0.246,0.689,0.065,-0.802,2025-04-16
2025-04-16 03:32:18,Asian Tech Stocks Fall as U.S. Moves to Tighten Chip Export Rules for China,Finnhub,https://finnhub.io/api/news?id=374e50937d1282013cea5ec23d17cc72ea05ababffb717f1d178fdb8c3b0bc8f,0.08,0.879,0.041,-0.4404,2025-04-16
2025-04-16 03:28:41,Nvidia's accounts weighed on by new US restrictions,Finnhub,https://finnhub.io/api/news?id=9264ba6d3d7ea75ddcfc9c25c34f0c533f814224330e4f633de59f815135b3a3,0.029,0.901,0.07,0.4215,2025-04-16
2025-04-16 03:25:36,NVIDIA Corporation (NVDA): Plans $500B AI Server Push in the U.S. with TSMC and Foxconn,Yahoo,https://finnhub.io/api/news?id=c86c28def31b36d450b5fccc275d18ca658de2d20fee9b984b4d85c3d58e28cf,0.033,0.967,0.0,-0.34,2025-04-16
2025-04-16 03:11:25,"Exclusive-Nvidia kept some China customers in the dark about new US chip clampdown, sources say",Finnhub,https://finnhub.io/api/news?id=98d630434b3443cbe23bdc5eae9a9f02be644bd0c7bc1ce989b5e0044369ba2d,0.0,0.914,0.086,0.5261,2025-04-16
2025-04-16 02:51:33,Nvidia faces $5.5 bln charge over US trade restrictions,Finnhub,https://finnhub.io/api/news?id=a43a30f12f041646d8956185f399ccaafac0b8b19fbaea70e483a003a77aba80,0.052,0.948,0.0,-0.2732,2025-04-16
2025-04-16 00:37:32,Markets wobble over US-China wrangling,Finnhub,https://finnhub.io/api/news?id=ddb12a2bd7344b14f6e350e93379d60e5215ea7f8f52a614345c0e53e88da7b0,0.083,0.917,0.0,-0.5994,2025-04-16
2025-04-15 23:28:05,Tokyo stocks fall in morning on weak chip issues,Finnhub,https://finnhub.io/api/news?id=4e5924a1ef7aeba5372d355d859253da2f26865325a148a56459e8b83ce3e27b,0.122,0.878,0.0,-0.6124,2025-04-16
2025-04-15 22:19:23,Nvidia Warns On China License Issue,SeekingAlpha,https://finnhub.io/api/news?id=6cecd72b3e44cc3218e2d3332b865e1e18b6967688a96158cdeaa01e9c03f0f8,0.032,0.756,0.212,0.8248,2025-04-16
2025-04-15 22:19:09,"US issues export licensing requirements for Nvidia, AMD chips to China",Finnhub,https://finnhub.io/api/news?id=107204270e72a3ca30ca9df1ad80c7e3b3094493415a684775f00d8a71034f6d,0.0,0.882,0.118,0.6369,2025-04-16
2025-04-15 21:28:05,TSMC Q1 Preview: Beating Trump's Tariffs,SeekingAlpha,https://finnhub.io/api/news?id=b90823424c5d2a02d8d51944cfe97b216c7afcf500248877c7388160fa70bc0b,0.144,0.763,0.093,-0.2023,2025-04-16
2025-04-15 19:27:52,Nvidia faces $5.5 billion charge as US restricts chip sales to China,Finnhub,https://finnhub.io/api/news?id=8c79b9d4cf4b6a25c494af3277f3e3a9a1d95b177a90ca412ce2a3327716eb79,0.125,0.813,0.062,-0.296,2025-04-16
2025-04-15 18:46:00,"Nvidia Says U.S. Implements Chip Export Restrictions to China, Warns of $5.5 Billion Charge",DowJones,https://finnhub.io/api/news?id=260e784e3a4f2c2c436f5ab3685b856f24fa808e34973ce94939283495a2ca5e,0.097,0.903,0.0,-0.2023,2025-04-16
2025-04-15 18:12:20,"Nvidia, Broadcom Lead Oppenheimer's Top Chip Picks as Earnings Season Kicks Off",Yahoo,https://finnhub.io/api/news?id=18b5512692053b0b068c222dd4314a3da5b2ca9d271f749a2c58a486c3a3bfc8,0.192,0.671,0.137,-0.1779,2025-04-16
2025-04-15 17:57:01,"Stock Market Today: Dow Jones, S&P 500 Give Up Gains; CrowdStrike And A Rocket Name Take Off (Live Coverage)",Yahoo,https://finnhub.io/api/news?id=4d1b31322fe1dd12f894812a0d7b84499eceb502305e203c8e6437bc409bba19,0.0,0.946,0.054,0.34,2025-04-16
2025-04-15 17:44:56,Nvidia to take up to $5.5 billion sales hit as US regulates sales of H20 chip in China,Finnhub,https://finnhub.io/api/news?id=dc39c225bfa82a2462fbe41e6c0f178ed2e0fdc62ebae0ce2e5986c36b914c42,0.037,0.909,0.054,0.2484,2025-04-16
2025-04-15 17:41:46,"Nvidia, Broadcom, and Marvell Lead Oppenheimer's Top Semiconductor  Picks",Yahoo,https://finnhub.io/api/news?id=d17dde41343d712b485955ac3c077f38f284d97c59802c1cbabe060eb9aa3eef,0.0,0.833,0.167,0.3818,2025-04-16
2025-04-15 17:39:43,Trump promises 'expedited' process for Nvidia's US supercomputer plans as Big Tech pledges top $1.6 trillion,Yahoo,https://finnhub.io/api/news?id=21172e22cf77e6bc4aaf1aece72de1764c1e59ded415d2ff9f0efcfd883c2420,0.0,0.885,0.115,0.5267,2025-04-16
2025-04-15 17:33:21,Nvidia expects up to $5.5 billion charge in first quarter,Finnhub,https://finnhub.io/api/news?id=831f76082add846d98a623b65f1c6da86d9d3e857f60e14ae33aaaa7bbecfca2,0.053,0.909,0.038,-0.1531,2025-04-16
2025-04-15 17:26:53,NVIDIA (NasdaqGS:NVDA) Unveils RTX 5060 GPUs And Expands AI Collaborations,Yahoo,https://finnhub.io/api/news?id=988989a3788480a66eedd1b936b02271a71eb8ea9627bf728d9f83bbd0fc4248,0.0,0.821,0.179,0.9062,2025-04-16
2025-04-15 17:21:54,"Advanced Micro Devices, Inc. (AMD): Faces China Risk and Nvidia’s Lead",Yahoo,https://finnhub.io/api/news?id=604e0903ac8a570ee96c3dc2c9f2c26195232ad212cc83fd68d06d91ed71455d,0.078,0.839,0.083,0.0772,2025-04-16
2025-04-15 17:15:00,2 Tech Stocks That Are Screaming Buys in April,Yahoo,https://finnhub.io/api/news?id=c3f958e53bc987f2df882bb1b36492a8e8838cfa088fe10d5be5879f417060a4,0.157,0.734,0.109,-0.4118,2025-04-16
2025-04-15 17:14:32,"NVIDIA Corporation (NVDA): Shielded from China Tariffs, Says BofA",Yahoo,https://finnhub.io/api/news?id=ad1bce3b60c1ddc69a8d82de0f14d22c99a0333e08af90900ae9aab0fd057181,0.053,0.917,0.03,-0.1531,2025-04-16
2025-04-15 17:03:53,Nvidia Launches GeForce RTX 5060 GPU With Game-Changing AI Features,Yahoo,https://finnhub.io/api/news?id=ecb73314703e0cc468e48f7f4ec4af1db37ee3a143fb3eca8679c479755581d1,0.0,1.0,0.0,0.0,2025-04-16
2025-04-15 17:00:00,Should You Brace for Mag-7 ETFs Before It's Too Late?,Yahoo,https://finnhub.io/api/news?id=dd536edbe06328d31654e0544c70e585bb02e20f891f79831b0f3ef23e4b806c,0.057,0.776,0.167,0.5859,2025-04-16
2025-04-15 16:16:16,Trump Could Target Chips for Tariffs,Yahoo,https://finnhub.io/api/news?id=31a33739e454c3059c40508a9db98a71a365f42a2bc21c7c8a1309eb5945b5ea,0.061,0.829,0.11,0.2732,2025-04-16
2025-04-15 15:44:25,Nvidia Plans to Build Up to $500 Billion in AI Servers in U.S. With TSMC and Other Partners,Yahoo,https://finnhub.io/api/news?id=9d3c7222449043ce7e3923c600105acbe2ae97f419259e014e87ccdfc76d0bca,0.0,1.0,0.0,0.0,2025-04-15
2025-04-15 15:21:13,"Nvidia, AI Chip Stocks Called 'Safest' Bets Heading Into Q1 Earnings Season",Yahoo,https://finnhub.io/api/news?id=b169e27d4ee7ddcf0a12a85d0557544ce748e9bb6b859bb74ad85000ea8672ca,0.034,0.785,0.181,0.765,2025-04-15
2025-04-15 15:05:00,Arista Networks vs. Cisco: Which Networking Stock is a Better Bet?,Yahoo,https://finnhub.io/api/news?id=17d1da232206a447e825c56364fd4b036f0ba94250b1e1579d0e875313a1ce25,0.0,0.799,0.201,0.7003,2025-04-15
2025-04-15 14:48:22,Nvidia Hits Key Level Amid Trump Probe; Is Nvidia A Buy Now?,Yahoo,https://finnhub.io/api/news?id=9fcc6b5f092f487c90b3e1b6a7f8a14f7e276c192c1ff0185cb19d91a6cfc720,0.0,0.958,0.042,0.3818,2025-04-15
2025-04-15 14:44:08,"Nvidia (NVDA) Is “Best Place to Hide Right Now,” Analyst Says",Yahoo,https://finnhub.io/api/news?id=fdc6c42faa0342094c1eaaf1e2c312f8dc10332df126aac9278e35f8b910ae94,0.046,0.857,0.097,0.6908,2025-04-15
2025-04-15 14:42:01,Stock Market Today: Dow Jones Climbs While S&P 500 Flashes This Warning; These Bank Names Rally On Earnings (Live Coverage),Yahoo,https://finnhub.io/api/news?id=0b459d1bcbd7e05746956f6fd6733594088857a2a00bf1d79579a0f019cbb236,0.06,0.888,0.052,-0.09,2025-04-15
2025-04-15 14:18:17,GOP Senators Go to War Over AI Chips: Will Washington Hand China the Upper Hand?,Yahoo,https://finnhub.io/api/news?id=b1cb56e10e03c5f8f3a01e8e82cf7a9b7f02b58bd153ba69c98d6f04607f6b02,0.097,0.744,0.159,0.3612,2025-04-15
2025-04-15 13:56:00,Nvidia Stock Rises. Trump Hails Chip Maker’s Commitment to ‘Golden Age.’,Yahoo,https://finnhub.io/api/news?id=6cdb966112afe9f99138e0706761ad1107e0f370bbf4f68bf125effafbd19dab,0.0,0.915,0.085,0.3818,2025-04-15
2025-04-15 13:49:00,Parnassus Core Select ETF Q1 2025 Commentary,SeekingAlpha,https://finnhub.io/api/news?id=61e7ce955a49f8b139bda4a2fad3e2d3964f77602af33173277cac5786f3296c,0.0,1.0,0.0,0.0,2025-04-15
2025-04-15 13:36:41,AI Crypto Tokens Nurse Losses as Nvidia Bearish Options Bets Cross the Tape,Yahoo,https://finnhub.io/api/news?id=8fba3420e5bee5a61e3e9ecf151d8a44331af558127b915d3e5e29fc0b7179ef,0.083,0.856,0.061,-0.1779,2025-04-15
2025-04-15 13:18:00,3 Crypto Stocks to Buy the Dip Before Bitcoin Regains Lost Ground,Yahoo,https://finnhub.io/api/news?id=25552a172715b447e604c8877881a8bd5d38f34795e6dbc99938106ca16a7aeb,0.068,0.71,0.222,0.6369,2025-04-15
2025-04-15 13:08:43,Is NVIDIA (NVDA) the Best Machine Learning Stock to Buy Now?,Yahoo,https://finnhub.io/api/news?id=80439d9e34b2f543f36e5a2bc69b18a943cb51900fbf4382e1414751b59c0f9c,0.0,0.815,0.185,0.936,2025-04-15
2025-04-15 13:00:00,"NVIDIA Blackwell GeForce RTX Arrives for Every Gamer, Starting at $299",Yahoo,https://finnhub.io/api/news?id=5e2864b0d593b5a42e529574d03468f85682a9058dbdeee48f20a2e91f9fa2aa,0.0,1.0,0.0,0.0,2025-04-15
2025-04-26 21:00:00,A Reckoning for the Magnificent Seven Tests the Market,DowJones,https://finnhub.io/api/news?id=d78fd119338fb90f20a8064840587a7090ab5f158c24169586a43d92f7aeb806,0.0,0.672,0.328,0.8316,2025-04-28
2025-04-26 18:25:00,1 No-Brainer AI Stock Down 27% to Buy the Dip on Right Now (Hint: It's Not Nvidia),Yahoo,https://finnhub.io/api/news?id=83a2de75833f26bbbb93cdc4f9f7d7f143240e3e7fd3c7f0cf04e987727d3e37,0.0,0.811,0.189,0.9657,2025-04-28
2025-04-26 14:29:45,Analyst on NVIDIA (NVDA): ‘Everyone Is Confirming Demand is Crazy’,Yahoo,https://finnhub.io/api/news?id=b173d2cadab47a9e7533b8eb3245e3e3cd9af2109e00f203399a1482c7822219,0.022,0.925,0.053,0.2732,2025-04-28
2025-04-26 14:22:45,NVIDIA Corporation (NVDA) Maintains AI Leadership Amid Export Headwinds and GB200 Launch,Yahoo,https://finnhub.io/api/news?id=a7ad8761243b8c95ba51b7293b35c580795c26b8f52b058d3986c4ae74479cbd,0.0,0.956,0.044,0.4767,2025-04-28
2025-04-26 13:45:00,"Contrarian Opinion: Tariffs, Inflation, and Recession Fears Could Be a Tailwind for This Retail Stock and Propel It to a $1 Trillion Valuation",Yahoo,https://finnhub.io/api/news?id=6f1a92cd75bcdb4148874024e11b0db76693e5b49b84090a58cebf4a2b5818cc,0.119,0.826,0.055,-0.4588,2025-04-28
2025-04-26 13:15:00,Better Artificial Intelligence Stock: Rigetti Computing vs. Nvidia,Yahoo,https://finnhub.io/api/news?id=d461b22c4e39cdfd611b9d4f2b9603e7f3b9a0a489bfe9c9e688ebe27c13530a,0.0,0.871,0.129,0.8979,2025-04-28
2025-04-26 13:00:00,"Nvidia stock slides, Apple gets a warning, and Tesla short-sellers cash in: Markets news roundup",Yahoo,https://finnhub.io/api/news?id=96c9f1644e9f9a0de3fda7899c66e579d423ba99b270c778a074c86e8ca605dc,0.053,0.909,0.038,-0.1779,2025-04-28
2025-04-26 12:25:00,2 Cheap Tech Stocks to Buy Right Now,Yahoo,https://finnhub.io/api/news?id=f03a8c4bb2db6473434a5d99b4e9a0a905e798aebd7e03296af0f11e3d77e218,0.0,1.0,0.0,0.0,2025-04-28
2025-04-26 12:13:45,Is NVIDIA Corporation (NVDA) the Most Promising Stock According to Analysts?,Yahoo,https://finnhub.io/api/news?id=3e11a25efa849e28257072785960c1a13ad25c9029e1c79c0350f7083d6ba5b7,0.0,0.88,0.12,0.8265,2025-04-28
2025-04-26 11:00:00,Nvidia Is Nearly Cheaper Than the S&P 500 Using This 1 Important Metric. Is It Time to Buy?,Yahoo,https://finnhub.io/api/news?id=ec51f33e9b5407685febd7ad264b31628ecd88cb60cff66690e1fa60ce11b012,0.057,0.859,0.084,0.3384,2025-04-28
2025-04-26 09:07:00,"Members of Congress Are Buying This Beaten-Down ""Magnificent Seven"" Stock (Hint: It's Not Nvidia or Tesla)",Yahoo,https://finnhub.io/api/news?id=ce8c2ce462534c03fa5e2873b46e3a080363277367ad85feeeb604afa04e3760,0.02,0.886,0.094,0.5499,2025-04-28
2025-04-26 09:00:00,It’s time to buy tech stocks: 4 ways to find winners while the market is down,MarketWatch,https://finnhub.io/api/news?id=f61969f5cf929d6306b5b2e8c7b3009aef80fbd7d31405ca1968b7fcbbdb5442,0.0,0.829,0.171,0.7351,2025-04-28
2025-04-26 09:00:00,"Better Buy Now: Gold at $3,500 or an S&P 500 Index Fund?",Yahoo,https://finnhub.io/api/news?id=65beea020879a79d18e970a9efd34bbe46f5b779c56b63b8396b3b48bf11b807,0.0,0.902,0.098,0.8196,2025-04-28
2025-04-26 08:18:00,Is Nvidia an Undervalued Growth Stock or a Falling Knife?,Yahoo,https://finnhub.io/api/news?id=8288518d781ca01bdafb5c7b0427571824c1fe5cc8f068cda76d5c54f6618c68,0.066,0.826,0.107,0.25,2025-04-28
2025-04-26 08:00:00,5 Best CEFs This Month For Yields Up To 15% (April 2025),SeekingAlpha,https://finnhub.io/api/news?id=92f6fde472f0f7d1aad43f00c3e261e9356d999b83967de91340ac47aa791c2d,0.0,0.726,0.274,0.8834,2025-04-28
2025-04-26 04:28:23,NVIDIA Corporation (NVDA): Among Billionaire Steve Cohen’s Large-Cap Stock Picks With Huge Upside Potential,Yahoo,https://finnhub.io/api/news?id=df22ef6639f421204c067a59cea40eb373002b77f97b24328702bc70f644fa00,0.0,0.907,0.093,0.7096,2025-04-28
2025-04-25 21:00:00,Could Nvidia's Sales Drop 30% due to a Trade War Between the U.S. and China?,Yahoo,https://finnhub.io/api/news?id=ddbad1ef1f1de9a8cb84c9de5706eb63d02d85c2858029a68d81026d099f69d1,0.177,0.794,0.029,-0.9022,2025-04-28
2025-04-25 20:34:34,Is NVIDIA Corporation (NVDA) the Best Stock to Invest in for Long Term?,Yahoo,https://finnhub.io/api/news?id=5afbb72888837aff8053834034cf755adc5f31d7c2933417ef5ddca443ff492e,0.0,0.84,0.16,0.9274,2025-04-28
2025-04-25 20:32:42,"Stock Market Today: Nasdaq Jumps, Dow Jones Flat To End A Big Week; Apple Makes Huge Plan Amid Trump Tariff Threat (Live Coverage)",Yahoo,https://finnhub.io/api/news?id=de632ba0b1a328a8b2ee7361a74b94db9762414ac644d8544f002c6c4bb47d15,0.065,0.845,0.09,0.0772,2025-04-28
2025-04-25 20:00:00,"Pope Francis Modernized the Vatican’s Investment Program, With Some Caveats",MarketWatch,https://finnhub.io/api/news?id=6878dd29b7579adb0bff94026392dee3d2a5be1f4de3d1a3f76284f9af1a1883,0.0,1.0,0.0,0.0,2025-04-28
2025-04-25 19:43:18,Nvidia Stock Jumped Another 5% Today. Does It Have More Room to Run?,Yahoo,https://finnhub.io/api/news?id=5f45b608a90814e10faf875b446ee808c36c6bd546f40f8a8d0fee21c6660931,0.1,0.829,0.071,-0.1108,2025-04-28
2025-04-25 19:03:55,"Why a Cautious, Longtime Investor Is Rather Bullish on NVDA",Yahoo,https://finnhub.io/api/news?id=c1f622004a02067f3b19e9c82fe3d234ad84e13da9bfc422e432f58493f5bc35,0.041,0.912,0.048,0.3612,2025-04-28
2025-04-25 14:45:42,Stock Market Today: Dow Jones Dips With Trump Tariff Headlines In Focus; Google Spikes On Earnings,Yahoo,https://finnhub.io/api/news?id=2534f57b8ed734f1fff09a4299ce2ed95ae129351dafd81cbd4bd17ed22ca10c,0.056,0.884,0.061,0.0516,2025-04-25
2025-04-25 17:26:15,Construction Stock Argan Builds New Base; Nears Entry As Profits Surge 196%,Yahoo,https://finnhub.io/api/news?id=c9cb615dbd0f58aa41ed8e370f6d421a33a3cf6f466c4f55fd5d1eb20b9182c1,0.037,0.686,0.277,0.8689,2025-04-28
2025-04-25 16:30:50,"If You Invested $10K In Nvidia Stock 10 Years Ago, How Much Would You Have Now?",Yahoo,https://finnhub.io/api/news?id=14ceb5c395af3e3ce812c29c465aea32825eb4922c3b44ed7197ad53a5ee35ad,0.0,0.939,0.061,0.4486,2025-04-28
2025-04-25 16:08:25,QQQ: Nasdaq 100 Is Still A Bubble - Sell,SeekingAlpha,https://finnhub.io/api/news?id=de978dde57dbc9260845d12f628076cf2a8ee1cb666566f0d37da0c7d08fb874,0.0,1.0,0.0,0.0,2025-04-28
2025-04-25 16:00:32,Wall Street Shuffle: Game On For Nvidia And Tesla — And Game Over For These Stocks?,DowJones,https://finnhub.io/api/news?id=31511f34c2a18d4c324707a6aace106f74014164897d191b3d58b858818e0caa,0.0,1.0,0.0,0.0,2025-04-28
2025-04-25 15:59:36,Intel: Credit Likely To Be Junk Within Five Quarters,SeekingAlpha,https://finnhub.io/api/news?id=9fc5a99153830e1458787e812cc45ace7c398249c7fcbf4c6b7f89644f64aadd,0.0,0.957,0.043,0.2023,2025-04-25
2025-04-25 15:58:55,"Former Cisco CEO John Chambers on tariffs: Yes, Apple can make iPhones in the US",Yahoo,https://finnhub.io/api/news?id=6f56b00bde9aee51d162b2b4c78bec8f3d27d996a7e4c1a8d01f29fe913c828a,0.0,0.836,0.164,0.6486,2025-04-25
2025-04-25 15:42:43,Nvidia Shares Climb After Morgan Stanley Hikes 2027 Forecast on Soaring AI Demand,Yahoo,https://finnhub.io/api/news?id=91c1549a8d69a20250d5ddcf82585668a95ca056bd93b71f2d9fdcce96ab8b90,0.108,0.803,0.088,0.128,2025-04-25
2025-04-25 15:40:11,Intel Shifts to In-House AI Development Amid Competitive Pressure from Nvidia and Cloud Giants,Yahoo,https://finnhub.io/api/news?id=dab02254af5428b3c04cecbfaaf1e37e73ca36f902738673586ae3d61ed9bfcc,0.072,0.782,0.147,0.3182,2025-04-25
2025-04-25 15:17:10,"Forget Nvidia, ETFs Are Quietly Piling Into AMD — Do They Know Something We Don't?",Benzinga,https://finnhub.io/api/news?id=76ebe0fd1dfc6dabd0017212d2a61d676d79dc43e71e00a9301b82220cc81172,0.066,0.934,0.0,-0.2263,2025-04-25
2025-04-25 14:57:48,Nvidia Gets Forecast Upgrade as AI Inference Demand Surges Globally,Yahoo,https://finnhub.io/api/news?id=dfa060702b22face0d8faca0bf9b2d289d0ff79d6f14f72079ba86e518a60b37,0.101,0.842,0.057,-0.0772,2025-04-25
2025-04-25 14:43:00,Nvidia Stock Rises. What Alphabet and Intel Earnings Mean for the Chip Maker.,Yahoo,https://finnhub.io/api/news?id=1b9434aea3ab2cb5f05bfc3492bdefe69aa93b1d429bae3681a0346bf791a2c5,0.075,0.925,0.0,-0.3612,2025-04-25
2025-04-25 14:39:22,Big Tech ETF rallies Friday to accelerate strong weekly advance,MarketWatch,https://finnhub.io/api/news?id=2ae32e98caa83db2ae8cf7dc39c1b04b7c3ef61f7d23f56ad16f1c7be6a8371e,0.0,0.732,0.268,0.765,2025-04-25
2025-04-25 13:58:00,"This common worry about Nvidia is ‘laughable,’ Morgan Stanley says",MarketWatch,https://finnhub.io/api/news?id=f746630bb09b17b62620c0b8bff08eb154b83a2abba59015b84239a6b47f5bd0,0.244,0.756,0.0,-0.7003,2025-04-25
2025-04-25 13:45:00,Meet the Latest Supercharged AI Stock I Bought During the Stock Market Downturn,Yahoo,https://finnhub.io/api/news?id=925bd11bf6803bf811aa9fd99e9dff0731bbf96dc6e6a853374b59658742ba5a,0.059,0.893,0.048,0.0498,2025-04-25
2025-04-25 13:10:27,"Nvidia (NVDA) Will Benefit From Resolution of Trade War in the Medium Term, Veteran Analyst Says",Yahoo,https://finnhub.io/api/news?id=7aa7c61c95cc81f435ab27bdd6f346fb8d3da581f3649592443eb2cbe6a5974b,0.123,0.758,0.119,-0.3182,2025-04-25
2025-04-25 12:57:00,Super Micro Stock Gets a ‘Neutral’ Rating. Why Competition Is a Worry.,MarketWatch,https://finnhub.io/api/news?id=d4e7a72ea6b95a0564e68563a6880e4eeb7d07e90a9790b1b4f53eacffcdf11f,0.173,0.595,0.232,0.4588,2025-04-25
2025-04-25 12:40:20,"You Might Not See Waymo Coming, But I Do: Maintaining Alphabet With A Buy",SeekingAlpha,https://finnhub.io/api/news?id=e0c0f39e2de301120cea24203342bc8feb29697141e1e8afdc14721defb17643,0.0,0.922,0.078,0.5267,2025-04-25
2025-04-25 12:09:54,Alphabet: Cloud And Waymo Ready To Take Up The Growth Baton,SeekingAlpha,https://finnhub.io/api/news?id=59f62e449eff9069a049be4f5f4722e1e38e90df1c95bcfb8e4718c2b862152f,0.03,0.71,0.26,0.8548,2025-04-25
2025-04-25 12:00:00,2 Top Stocks You Can Buy Now With $500,Yahoo,https://finnhub.io/api/news?id=635bcc251cb923a2d77e049731c8895ea258d85ebc98e29b68a036954e1993ea,0.04,0.852,0.108,0.4588,2025-04-25
2025-04-25 11:45:00,Elon Musk Thinks Tesla Will Become the World's Most Valuable Company. Here's Why Its Stock Could Decline by 50% (or More) Instead,Yahoo,https://finnhub.io/api/news?id=0a55ea5dccec377fd567b51502f1e22131f5f91ec671a92b0741ff5a22550469,0.0,0.803,0.197,0.9686,2025-04-25
2025-04-25 11:42:00,Trump Tariffs Are Creating Chaos. Barry Ritholtz Says It’s Time to Embrace Your Inner Mr. Spock.,MarketWatch,https://finnhub.io/api/news?id=2b0ee4760c5a890788846564057b7e7dbfbfe36401d17bd792d4a9e119f770c6,0.175,0.613,0.212,-0.1027,2025-04-25
2025-04-25 11:37:34,AI Chips Today - Cerence AI Revolutionizing Automotive Interaction With New Partnership,Yahoo,https://finnhub.io/api/news?id=ea3e7a4f2f732dd60322ae22695ecfbcf43bd8f6e9c5c8475b87eddd3510fd29,0.0,0.836,0.164,0.9022,2025-04-25
2025-04-25 11:35:16,Mar Vista’s U.S. Quality Strategy Established a Position in NVIDIA (NVDA) Following a Pullback,Yahoo,https://finnhub.io/api/news?id=88ad9334d8e7a34f0508975f77c8a33ce55e37c040cbfb30bae3ecb470f373f8,0.16,0.84,0.0,-0.9153,2025-04-25
2025-04-25 11:15:00,NZS Capital Q1 2025 Shareholder Letter,SeekingAlpha,https://finnhub.io/api/news?id=68f36eaddc50cc61ff2ce3f56aa5bbee4e0e320d99f1b0ce1a1c9e28ff841989,0.104,0.808,0.088,-0.128,2025-04-25
2025-04-25 11:03:21,Are Magnificent 7 stocks still worth the hype? Here's how readers voted,Yahoo,https://finnhub.io/api/news?id=79d7138a0013bbcc374ff9cd6c2492b1978fc3c194c8ac0bad241c51d2c32361,0.0,0.672,0.328,0.9042,2025-04-25
2025-04-25 11:00:00,2 Unstoppable Stocks Destined to Achieve a $1 Trillion Valuation,Yahoo,https://finnhub.io/api/news?id=b28ca2be17cc692f2a858eac8a3db366f8fbd247a18e71b321f70d2e4c83804e,0.046,0.874,0.08,0.4939,2025-04-25
2025-04-25 10:54:32,"S&P 500, Magnificent 7 Hit Resistance: Analyst Warns Of More Pain Before Gain",Benzinga,https://finnhub.io/api/news?id=13d9b9b863c6aad0849d6277e03f3275d5670934a165915292b858f8ff76aa19,0.173,0.62,0.207,0.3758,2025-04-25
2025-04-25 10:43:53,Nvidia: AI Floodgates Are About To Open,SeekingAlpha,https://finnhub.io/api/news?id=178835a8dc0d2c107bb197e9698ea17de36182f6ffadd24a9a99e975264b542b,0.046,0.954,0.0,-0.128,2025-04-25
2025-04-25 10:20:00,President Donald Trump Just Dealt a Jarring Blow to Nvidia. Can the Artificial Intelligence (AI) Chip King Recover and Reclaim Its Previous Highs?,Yahoo,https://finnhub.io/api/news?id=8f1da85a0d73c60d862db322f7d070a9334663fbe28aedce1855988b4e0f1ea6,0.093,0.834,0.073,-0.4754,2025-04-25
2025-04-25 10:00:00,Large cryptocurrencies mixed as Tronix falls,MarketWatch,https://finnhub.io/api/news?id=1f82513718e5e03bc09aa1ac82945612591d877ebc4cb9b4a176122b6e3fd962,0.0,1.0,0.0,0.0,2025-04-25
2025-04-25 09:50:38,Nvidia's Stock Is Trading As If It's 2022 Again,SeekingAlpha,https://finnhub.io/api/news?id=be9af401b7b0ed4f331f30d45dfa47ec78ff8ca413cfc44eb606a05bfe3092f6,0.0,0.918,0.082,0.3818,2025-04-25
2025-04-25 08:20:10,Dow Jones Futures Fall Ahead Of Inflation Survey; Google Surges On Earnings,DowJones,https://finnhub.io/api/news?id=9d262246bc78d4d114890e2a719ec7f8a5f2b4f774a81a18b27f21c14fd38fd2,0.0,1.0,0.0,0.0,2025-04-25
2025-04-25 09:30:00,IBM Is Back. Now It Must Prove Its Mettle in AI.,Yahoo,https://finnhub.io/api/news?id=85d224251c98e316a4c3e08eb2fb93d6ff71ff82362cb86aa12ef34bac95c1b2,0.0,0.948,0.052,0.2144,2025-04-25
2025-04-25 08:57:00,2 Vanguard ETFs That Have Crushed the Market This Year,Yahoo,https://finnhub.io/api/news?id=1e8398c2e449b32b56b8b00c7639a9f54a7df41bf9efe43f90f554e6f074ca56,0.056,0.802,0.141,0.7584,2025-04-25
2025-04-25 08:44:00,Wall Street Is Screaming to Buy Nvidia Stock Hand Over Fist Right Now. Should You Listen?,Yahoo,https://finnhub.io/api/news?id=b2c630fcabacc04ee933e8f042609f8760ba6384aa6fa9d4d050bd7fa32778cd,0.035,0.831,0.134,0.7351,2025-04-25
2025-04-25 08:14:18,Sentiment Fissures In the Semiconductor Space Put Spotlight On Direxion's AMD-Focused Bull And Bear Funds,Benzinga,https://finnhub.io/api/news?id=841ecb798fddc06482b3645c7f33b6ec71e626de70e20484d3445438f2e065c9,0.0,1.0,0.0,0.0,2025-04-25
2025-04-25 07:45:00,"Tesla Stock vs. Nvidia Stock: The Best Buy Right Now, According to Wall Street",Yahoo,https://finnhub.io/api/news?id=bbc8ab7d14f915ce28c9de4ebe8fd332cd1042309686d9f5510f4b7c7a50c53f,0.03,0.834,0.136,0.8519,2025-04-25
2025-04-25 07:15:00,1 Wall Street Analyst Thinks Nvidia Stock Is Going to $150. Is It a Buy?,Yahoo,https://finnhub.io/api/news?id=3add79199b30766253db447c5389364162277486d280b9ec37e19fbc6e5c26b9,0.0,0.893,0.107,0.8334,2025-04-25
2025-04-25 06:30:36,"NVDY: The Market Has Changed, So Has My Opinion (Upgrade)",SeekingAlpha,https://finnhub.io/api/news?id=76493291c5824a9a82ea54bcd047e71795027a840eb96b5b2cd54a80228aa6b5,0.0,0.896,0.104,0.5927,2025-04-25
2025-04-25 05:54:23,China's Momenta Not Worried About US Chip Curb,Finnhub,https://finnhub.io/api/news?id=62c421180f1be74acc4e2e0dc8af71f8de8d187f6c2d7ae609035493333507ad,0.0,0.894,0.106,0.4168,2025-04-25
2025-04-25 05:38:00,Intel Layoffs Can’t Solve the Chip Maker’s Issues. Why Wall Street Is Wary of the Stock.,MarketWatch,https://finnhub.io/api/news?id=1452c10548e89a3546dd10b11d5d4ef87b11a3b70b622581a2ac715cd753ebc9,0.0,0.893,0.107,0.3818,2025-04-25
2025-04-25 03:35:21,"Jim Cramer Stays Bullish On Data Centers, Says If Trump Tariffs Eases, These AI Stocks 'Will Fly Again' Despite Wall Street Doubts",Benzinga,https://finnhub.io/api/news?id=c7cb0fd5b55d8b910b478b00574b17d00675772db9f62e49ad8d6da0e8af57d5,0.127,0.675,0.198,0.5248,2025-04-25
2025-04-25 00:17:45,"Analysis-After years of failed AI deals, Intel plans homegrown challenge to Nvidia",Yahoo,https://finnhub.io/api/news?id=a5283e9598c6b6dda82269769a36ff34425780ada41574765860a7721158aa61,0.066,0.86,0.073,-0.3182,2025-04-25
2025-04-24 22:09:00,"Intel Cuts Outlook, Says Layoffs Are in Store",Yahoo,https://finnhub.io/api/news?id=4521d5695b238086f291eb4f914ad02a6481fcb6a76c971ae94a5e01b4df8573,0.071,0.877,0.052,-0.1531,2025-04-25
2025-04-24 21:33:20,Is NVIDIA Corporation (NVDA) the Best Aggressive Growth Stock to Buy Now?,Yahoo,https://finnhub.io/api/news?id=5810ead1b3c2ce6aa3cc833cfa5d6071eb1061c3e055ab9a7c3433d1eb05070e,0.057,0.706,0.237,0.9517,2025-04-25
2025-04-24 20:57:17,"Nvidia Supplier SK hynix Rides AI Boom With Big Q1, Steady HBM Outlook",Yahoo,https://finnhub.io/api/news?id=832bc7fc3d75ada9f77a59d6be3f55441ec72dc0840eee7cd98b20893d1d0a5e,0.0,0.773,0.227,0.7867,2025-04-25
2025-04-24 20:18:42,"Tech stocks climb as Nvidia, Amazon reject claims of AI buildout slowdown",Yahoo,https://finnhub.io/api/news?id=7c2590587d46482f693bea6e76e41c19db66acc9bda154678f4f4deae6f768df,0.051,0.796,0.153,0.8176,2025-04-25
2025-04-24 20:11:00,Why Broadcom Stock Soared Today,Yahoo,https://finnhub.io/api/news?id=855637b07d25ecbf13bd7e660af956807b11b104d2d8c305b640c4c74abd0665,0.021,0.788,0.191,0.9153,2025-04-25
2025-04-24 18:30:58,"Alphabet Q1: Excellent Results, Strong Buy",SeekingAlpha,https://finnhub.io/api/news?id=229d1d725304464ee91e001d72aa0bf68684a1470ce075265821204aed7989b6,0.0,0.711,0.289,0.8957,2025-04-25
2025-04-24 17:43:53,NVIDIA (NasdaqGS:NVDA) Powers Cerence's Next-Gen Automotive AI with MediaTek Partnership,Yahoo,https://finnhub.io/api/news?id=0955a3fa77d2da3b23f62c50d251289124f6ca380bb774597cd10f89f2e1e291,0.0,0.825,0.175,0.9337,2025-04-25
2025-04-24 16:44:28,Josh Brown Explains Long-Term Threats to Nvidia (NVDA),Yahoo,https://finnhub.io/api/news?id=7fb994a79567ef2af4c32e296992d349b46422d0d9a4f68487e811224fc85e1b,0.043,0.957,0.0,-0.4215,2025-04-25
2025-04-24 16:39:46,Hold Your Horses On Nvidia: Why Long-Term Risks Temper The AI Euphoria,SeekingAlpha,https://finnhub.io/api/news?id=22e234df0fa0da0439e248f3d4d9b3e9051a5f172c96afc9fdb6473ba50bcbfe,0.159,0.683,0.157,0.2263,2025-04-25
2025-04-24 16:31:59,Dean of Valuation Damodaran on CoreWeave (CRWV): ‘Buzzwords’ AI and Nvidia ‘Aren’t Working Anymore’,Yahoo,https://finnhub.io/api/news?id=6d4aef18ee4760b12e0dd7bab4f91263f3ea9d1b79b22a0f91b091c699f4b5e6,0.0,1.0,0.0,0.0,2025-04-25
2025-04-24 16:07:00,This veteran investor is known for spotting winning stocks. Here’s why he’s all-in on Nvidia and Eli Lilly.,MarketWatch,https://finnhub.io/api/news?id=d16ac7bae85c2258f323ffcd267ce17c0ee13084fddf9b475b73a1a0db63fd51,0.0,0.833,0.167,0.7783,2025-04-25
2025-04-24 15:34:00,Should You Forget Nvidia and Buy These 2 Millionaire-Maker AI Stocks Instead?,Yahoo,https://finnhub.io/api/news?id=1fad4a8b672f16522884808c3ce0088243d040d3c28a4a56807f145fd0adde6a,0.056,0.817,0.128,0.7184,2025-04-24
2025-04-24 15:25:00,Nvidia Stock Climbs. It’s Headed for Its 3rd Straight Day of Gains.,Yahoo,https://finnhub.io/api/news?id=da6ddd134387a6ab92e76b55136d65d72525eb39da365d250f89a9239d9de3b7,0.109,0.798,0.093,-0.3716,2025-04-24
2025-04-24 14:42:00,"Salesforce, Caterpillar share gains lead Dow's 480-point rally",MarketWatch,https://finnhub.io/api/news?id=c2bdec0145e581d759429f17a85688a0a63a304bf369d3ac0ed487c559eefd94,0.0,0.566,0.434,0.802,2025-04-24
2025-04-24 14:33:00,Nvidia could see an unexpected benefit from the trade war,Yahoo,https://finnhub.io/api/news?id=8b732f38658ba3b95b03ba9e323e4ba25cb3cb2035f69332a21d4e203c1d5050,0.187,0.707,0.106,-0.3182,2025-04-24
2025-04-24 14:20:00,Wall Street Lunch: Tesla The Story Of The Week,SeekingAlpha,https://finnhub.io/api/news?id=4b93bfc70a7f64e577e22c6a90067f6ad49e3daf2af387fb472f0033958bdc85,0.231,0.769,0.0,-0.6249,2025-04-24
2025-04-24 14:16:15,"A16z Unleashes $20 Billion AI Fund Fueled By 20,000 Nvidia GPUs As Marc Andreessen Bets Big On The Next Tech Superstars",Yahoo,https://finnhub.io/api/news?id=146007b896df9269d0b5f3c53478736d39687cf7615d1bc1278abadcce233011,0.0,0.907,0.093,0.8402,2025-04-24
2025-04-24 14:05:22,Nvidia Heads Higher But Watch Out For This Retest; Is Nvidia A Buy Now?,Yahoo,https://finnhub.io/api/news?id=2b9743c61b0e3b103aded493a4fde55fe31529bbdd07b2ebd54146b993f512e5,0.038,0.854,0.108,0.7827,2025-04-24
2025-04-24 14:04:13,NVIDIA Corporation (NVDA): Among Louis Navellier’s Stock Picks with Huge Upside Potential,Yahoo,https://finnhub.io/api/news?id=c07a58e7237d01eab955ac69c06ee0cf832853fafd608236d1800b5a44a984e8,0.0,0.905,0.095,0.7096,2025-04-24
2025-04-24 13:48:24,"Shares of semiconductor companies are trading higher amid overall market strength due to March's strong durable goods orders economic data, and President Trump's announcement that he met with China earlier today.",Benzinga,https://finnhub.io/api/news?id=29c535c19917e6611456b55128854f776025392433d7a47ba7d0d81e990d2404,0.0,0.763,0.237,0.8271,2025-04-24
2025-04-24 13:45:00,Is IonQ Stock a Buy?,Yahoo,https://finnhub.io/api/news?id=6f897a76e0f2ed40f573e7d00138ce2008996ca7805f2001c86303ad0b49e0fd,0.0,0.961,0.039,0.34,2025-04-24
2025-04-24 12:34:00,"Zacks Investment Ideas feature highlights: Alphabet, NVIDIA and CrowdStrike",Yahoo,https://finnhub.io/api/news?id=51e7ed88aa0713ff69095f09b342a129bea9b16e5a312123e563bda3e622fc79,0.0,1.0,0.0,0.0,2025-04-24
2025-04-24 12:30:00,"Dow's 379-point rally highlighted by gains for Salesforce, Caterpillar shares",MarketWatch,https://finnhub.io/api/news?id=6c4592a229ba8bb6b141b0a1a7415df6b386470b3bb53cd695a0b64d7a38b376,0.0,0.635,0.365,0.802,2025-04-24
2025-04-24 11:52:04,Norway’s $1.7 Trillion Fund to Keep Buying US Stocks After Loss,Yahoo,https://finnhub.io/api/news?id=4104962883d5f139a085db121ee7d9d507a6b54ffe930322bf8185f7774c26a3,0.091,0.798,0.111,0.4767,2025-04-24
2025-04-24 11:51:00,Nvidia Stock Drops. What’s Behind the Weakness.,Yahoo,https://finnhub.io/api/news?id=617396912cc7fb1630a8a1e40e785b0e18a48f7c54eeb512fd8635b503ccb8ec,0.196,0.804,0.0,-0.6808,2025-04-24
2025-04-24 11:33:00,Prediction: The Trade Desk Will Beat the Market. Here's Why.,Yahoo,https://finnhub.io/api/news?id=1d3a4ca8e8152c364e6da70f972770ea40094c68062c2909569ae61f862fb9ff,0.0,0.934,0.066,0.2263,2025-04-24
2025-04-24 11:20:00,"Dow's 269-point rally highlighted by gains for Salesforce, Caterpillar stocks",MarketWatch,https://finnhub.io/api/news?id=c55f40e10a6b188de0f5f44a2929fd72b46fe9a272f9e38154898396abdda6d3,0.0,0.789,0.211,0.5859,2025-04-24
2025-04-24 11:15:00,Nasdaq Bear Market: Is AMD or Nvidia the Best Buy Now?,Yahoo,https://finnhub.io/api/news?id=c46e25889e3eccb5a7efb56949fbf271e06294024c064e8321d380527b59871f,0.0,0.771,0.229,0.9617,2025-04-24
2025-04-24 11:01:00,These Were the 3 Worst-Performing Stocks in the Dow Jones Industrial Average in March 2025,Yahoo,https://finnhub.io/api/news?id=6a76118fcca3b981412352099b092d058e8eef0ea7aa4af959dd6a110a671787,0.073,0.885,0.042,-0.34,2025-04-24
2025-04-24 11:00:27,Why Nvidia's Real Story Is Mispriced,SeekingAlpha,https://finnhub.io/api/news?id=b835518c57db5eed9f85330f566173cf86562477130edddea267a916a8bf9937,0.0,0.836,0.164,0.7096,2025-04-24
2025-04-24 10:59:58,Why the stock market's problem isn't only about tariffs,MarketWatch,https://finnhub.io/api/news?id=84732cbbdae77e080631addb6012bf00dd849a4d7ede172f6ceb442a0df1a4fb,0.252,0.748,0.0,-0.6597,2025-04-24
2025-04-24 10:59:00,"BAI: Not An Encouraging Start For An AI Portfolio, But Still Very Much A Buy",SeekingAlpha,https://finnhub.io/api/news?id=1fa787c77de64df920fd54a5dc06deb5c3002273bee8c94aa3c8cad72cddf3dd,0.097,0.79,0.113,0.193,2025-04-24
2025-04-24 10:50:00,Micron Stock Is Rising. How Earnings From a Rival Are Helping.,MarketWatch,https://finnhub.io/api/news?id=f3e032e4bf93e726236e3034f507e715cc6cbd657b43ab0ea6ae9d9d4bb4667f,0.0,0.82,0.18,0.5267,2025-04-24
2025-04-24 10:45:00,1 No-Brainer Vanguard ETF to Buy Right Now,Yahoo,https://finnhub.io/api/news?id=b8cf05e87481b50a5e829646d12c975052dc3aacbdd7957c2051d2f360c8b9dc,0.077,0.845,0.079,0.0433,2025-04-24
2025-04-24 10:19:00,"Dow's 100-point rally led by gains for Salesforce, Walt Disney stocks",MarketWatch,https://finnhub.io/api/news?id=64c5465169bc868b324be933780e086b19b297888b00295d3823c7a751490921,0.0,0.806,0.194,0.5859,2025-04-24
2025-04-24 10:16:39,Nvidia's Recent Troubles Should Be Absorbed By The Big Picture (Upgrade),SeekingAlpha,https://finnhub.io/api/news?id=b82f76171ee6c4749dbdb05e6b519f46d10551fd44675d5d9f4a35fcaa34c7a7,0.156,0.714,0.13,-0.0057,2025-04-24
2025-04-24 10:12:00,AWS Just Delivered Great News for Nvidia Shareholders,Yahoo,https://finnhub.io/api/news?id=483736b7f88767c5272b79b79e73aad02da4b823b95ad9133e7b7db979c9c4b0,0.08,0.86,0.06,-0.2973,2025-04-24
2025-04-24 10:10:00,"Microsoft Just Showed the Future of AI, and It's Great News for Intel and AMD",Yahoo,https://finnhub.io/api/news?id=9b4d41e27bfe41122c4fa5fb652a30b614a142d89f13c4542281e3b15a619947,0.014,0.849,0.137,0.9159,2025-04-24
2025-04-24 10:00:31,"NVDY: Lower Risk Option Than Nvidia, But Also Lower Returns",SeekingAlpha,https://finnhub.io/api/news?id=5e2ba951bd11963afd5ad3681536b1195ce33bfd14fe558ce4405aeba9fd8cf4,0.195,0.727,0.077,-0.4939,2025-04-24
2025-04-24 10:00:00,"Most big cryptocurrencies fall on Dogecoin, Ethereum drops",MarketWatch,https://finnhub.io/api/news?id=24be27b211080f992c993ec0fbad8ecc42850c577b3bac9f13f8f6be7187da62,0.0,1.0,0.0,0.0,2025-04-24
2025-04-24 09:55:55,AI Play Vertiv Soars On Strong Earnings,SeekingAlpha,https://finnhub.io/api/news?id=247dc2dc2b17180dbcaea27ad1de49c542f43dcbbc144a1b2a341edd197e4d73,0.037,0.65,0.312,0.875,2025-04-24
2025-04-24 09:54:34,"Dow Jones Falls On Trump Tariff News; Nvidia, Tesla Rally",DowJones,https://finnhub.io/api/news?id=24163b765220f961a0fa922a2ba9691b832c6b0bdc817e9139eb28c34a268cde,0.0,1.0,0.0,0.0,2025-04-24
2025-04-24 09:45:00,Aristotle Focus Growth Q1 2025 Commentary,SeekingAlpha,https://finnhub.io/api/news?id=caecf4cef5701c9a9b3d697e6917003e23a0ffa78a6367195aeb2a3738fd16f4,0.076,0.733,0.191,0.5719,2025-04-24
2025-04-24 09:36:52,"Intel Slashes Staff Ahead Of Q1 Earnings, ETFs Brace For Impact",Benzinga,https://finnhub.io/api/news?id=679fe8ef886397bd8842b39a9597b13491d70c111e1df635d7f776e5bc84f922,0.057,0.943,0.0,-0.2023,2025-04-24
2025-04-24 09:27:05,Concerns about AI spending by 'Magnificent Seven' aren't going away: DB,MarketWatch,https://finnhub.io/api/news?id=c0725b32b916049c36a72cbd8479b4e58337c353a9cacd57dc0072928a1131b2,0.0,0.719,0.281,0.8316,2025-04-24
2025-04-24 09:19:23,"VGT: In A Rut, Mixed Analysis, Hold Tight",SeekingAlpha,https://finnhub.io/api/news?id=d81d4cf8ac5359cc8fa754ee27aa5a2aba385a58d900e1da5c21a96ad22e01b9,0.0,0.907,0.093,0.5267,2025-04-24
2025-04-24 08:30:00,2 Hypergrowth Tech Stocks to Buy in 2025,Yahoo,https://finnhub.io/api/news?id=8af0d99e2162bd3003bec95218fdf0f43e5874533375d735d2220b781390cbbb,0.0,0.88,0.12,0.8126,2025-04-24
2025-04-24 08:27:58,Nvidia: Inevitable CapEx Pullback Has Started,SeekingAlpha,https://finnhub.io/api/news?id=5fb6178a4f5ac94a95d40d0bf4e0ac3c611571df8f6b30c8ad4ff76e89f635e9,0.0,0.873,0.127,0.4939,2025-04-24
2025-04-24 08:20:00,Tariff Turbulence: How Risky Are Tech Stocks Right Now?,Yahoo,https://finnhub.io/api/news?id=a9fd2b30212fdf03d73eea1a6fda9ac9fc7e1d0bb560694424aa588ab728cfb7,0.07,0.887,0.043,-0.128,2025-04-24
2025-04-24 08:02:00,"If You'd Invested $1,000 in Nvidia Stock 5 Years Ago, Here's How Much You'd Have Today",Yahoo,https://finnhub.io/api/news?id=1d10d4ee409ccfcadd3f21f635383af8ea1d3086dcc6b5c960638f3ccf85e79b,0.0,0.903,0.097,0.4767,2025-04-24
2025-04-24 07:45:00,Bretton Fund Q1 2025 Shareholder Letter,SeekingAlpha,https://finnhub.io/api/news?id=2079de071db92fc94f59e6053fc8386ab1061dbe81d02749e4abc22684808be7,0.0,1.0,0.0,0.0,2025-04-24
2025-04-24 07:14:00,The Next Big Theme: April 2025,SeekingAlpha,https://finnhub.io/api/news?id=f62ec3824aa9e0b4897a347c6347068843248641fbf613a186feef60edb40efe,0.046,0.859,0.095,0.3804,2025-04-24
2025-04-24 07:14:00,Inflection Points: Roll With The Changes,SeekingAlpha,https://finnhub.io/api/news?id=7dfafb52e05cf2ec561d83eff136438c4fcca4a11d43a8405c970ebd5a9a0960,0.0,1.0,0.0,0.0,2025-04-24
2025-04-24 06:50:46,"A Big No For NVDU, Use These Strategies On Nvidia Instead",SeekingAlpha,https://finnhub.io/api/news?id=d169aebd34571688b0946a125012023d146cebb23c4e82082e36edccdf476045,0.18,0.82,0.0,-0.296,2025-04-24
2025-04-24 06:23:25,Nvidia supplier SK Hynix warns of turbulence from US tariffs,Yahoo,https://finnhub.io/api/news?id=c7051b81be08813529fed00eb1ebb40f2f9c21640c55c541ba351f3c8adbfd81,0.087,0.787,0.126,0.5817,2025-04-24
2025-04-24 05:03:05,CoreWeave: IPO Stumble Out Of Nasdaq Rodeo Chute May Be An Opportunity,SeekingAlpha,https://finnhub.io/api/news?id=08b67765ea7ae30d8fc081c4c1507bfad81cde546bf6ecd7e35e950878873e4f,0.0,0.797,0.203,0.4215,2025-04-24
2025-04-24 01:40:30,TSMC’s Cutting-Edge A14 Chip Tech to Start Production in 2028,Yahoo,https://finnhub.io/api/news?id=b7295807c60c1e22595db733161b58bec5a551f0f04f6e7ec2a1dec70dd6c2fc,0.043,0.863,0.094,0.6908,2025-04-24
2025-04-24 00:49:04,"Jim Cramer Urges Caution on NVIDIA Corporation (NVDA): ‘Don’t Trade It, But Don’t Abandon It’",Yahoo,https://finnhub.io/api/news?id=d03cd9526a2f81a0b3774f02a16562836be193e17b67b81341509840ba70595f,0.052,0.948,0.0,-0.5927,2025-04-24
2025-04-24 00:41:06,Is NVIDIA Corporation (NVDA) the Best Nancy Pelosi Stock To Invest In Now?,Yahoo,https://finnhub.io/api/news?id=b76c47064a58c926bd05d870761954d2125572b8bb21c6619fc7dbe6c949f32a,0.0,0.84,0.16,0.9274,2025-04-24
2025-04-23 22:52:03,"Nvidia supplier SK Hynix logs bumper Q1, sees limited tariff impact on AI chips",Yahoo,https://finnhub.io/api/news?id=5ddcf882e8dc304b7a9a0c214d8493d557152c1eb0285331039db2d4d10c505a,0.075,0.851,0.074,0.2062,2025-04-24
2025-04-23 22:32:13,Why WeRide Stock Plummeted Today,Yahoo,https://finnhub.io/api/news?id=62030276ec8a73dc47d02ec3fb76cbfb61997e9b4361265ee79b573f758314a5,0.038,0.898,0.064,0.25,2025-04-24
2025-04-23 22:30:00,Prediction: 2 Artificial Intelligence (AI) Stocks That Could Be Worth More Than Nvidia by 2030,Yahoo,https://finnhub.io/api/news?id=68080f892c92c54de573fe23ede344d8142116e9c54b5a07b53c68b51020d62b,0.0,0.731,0.269,0.9509,2025-04-24
2025-04-23 22:00:00,3 Artificial Intelligence (AI) Stocks That Could Soar in the Second Half of 2025,Yahoo,https://finnhub.io/api/news?id=4df6b50651085430a29e511f68d694e596c233c0f97268bba71dfc27c3dc2575,0.063,0.808,0.129,0.6543,2025-04-24
2025-04-23 21:23:21,Cathie Wood Buys More NVIDIA And AMD Stock As Chinese Tech Giants Stockpile Chips Amid Looming US Export Curbs,Benzinga,https://finnhub.io/api/news?id=f8e3cbe58a8fb946a19176cb08336340a84f2189538647800a48855923e6393c,0.068,0.932,0.0,-0.25,2025-04-24
2025-04-23 21:00:36,Is NVIDIA (NVDA) Among the Best Guru Stocks to Buy According to Wall Street Analysts?,Yahoo,https://finnhub.io/api/news?id=ad2efc78251cef9d2c80e5bfb5336800e47d80aabff3005e4851e2a2b86836e9,0.041,0.825,0.134,0.8228,2025-04-24
2025-04-23 18:34:19,Ultimate Insider Marjorie Taylor Greene’s #3 Stock Pick: NVIDIA Corporation (NVDA),Yahoo,https://finnhub.io/api/news?id=a7b6568d05e50fafecb3a7c3c22e7591120b48d31936144abd3be35dd3e1a0e7,0.0,0.849,0.151,0.908,2025-04-24
2025-04-23 18:01:07,Nvidia CEO Jensen Huang Earns Praise From Former Intel CEO Pat Gelsinger: 'Run Hard To Stay In The Front',Yahoo,https://finnhub.io/api/news?id=f93037b2d2e99c31c8d4cc9f2514b7084a716ac085fd59a0dce0b70e5fbb7225,0.021,0.695,0.284,0.9571,2025-04-24
2025-04-23 17:17:27,"Big Tech relief rally, Intel's pre-earnings surge, OpenAI & Oklo",Yahoo,https://finnhub.io/api/news?id=0b47b391e414e1cade4cc87ea8a87cbafae79b00ac6ca2b9d0cf124e2405e815,0.021,0.922,0.057,0.5574,2025-04-24
2025-04-23 16:48:22,Nvidia Jumps As Trump Signals Lower China Tariff; Is Nvidia A Buy Now?,Yahoo,https://finnhub.io/api/news?id=ecd4bfc0ec25da72ed25c30a5aa1981e162c8414c90cb2ecaf0ab7c2c38bece0,0.07,0.887,0.043,-0.2389,2025-04-24
2025-04-23 16:41:43,"AI Data Center Momentum Remains Strong, Vertiv Says",DowJones,https://finnhub.io/api/news?id=224093560151aca9fbac68dd4ac55c42d4c389dae4647d734004115b0e43559b,0.0,0.68,0.32,0.765,2025-04-24
2025-04-23 16:39:22,Why Two CNBC Panelists Were Very Bearish on Nvidia (NVDA) Stock,Yahoo,https://finnhub.io/api/news?id=eb6224c9fff6321a8bfd1cb5b8b8aa64527c4313833b56f6d5560e424ac0f98e,0.089,0.88,0.03,-0.6478,2025-04-24
2025-04-23 16:33:00,Here's Why Data Center Equipment Company Vertiv's Stock Soared Today,Yahoo,https://finnhub.io/api/news?id=cd5297ae0e2677960c4ad8af2851478fd0d1966abaf7ebb65328f660633d9682,0.014,0.824,0.162,0.9374,2025-04-24
2025-04-23 16:23:42,"Cathie Wood Adds Nvidia, AMD, Sells Microsoft as Chip Curbs Weigh",Yahoo,https://finnhub.io/api/news?id=c8c2fcaabf4326fbce877f4e0eee0fda347b51020a7fa7d2c26a495dca6f8a74,0.0,0.905,0.095,0.296,2025-04-24
2025-04-23 16:10:00,Why Nvidia Stock Is Rising Today,Yahoo,https://finnhub.io/api/news?id=0914ea7164578deee70c7b93610d7cd437d7234dee2c038187be31f315094559,0.0,0.864,0.136,0.7717,2025-04-24
2025-04-23 16:09:02,Nvidia: A 50-60% Drop From Highs Is Becoming A Realistic Possibility,SeekingAlpha,https://finnhub.io/api/news?id=878252cda11ec45aab9b272d090de40e8d27108ac74fc4ff6fb7472df3a52f18,0.174,0.826,0.0,-0.2732,2025-04-24
2025-04-23 16:00:16,Big Tech earnings kick off as tariff uncertainty continues to roil markets,Yahoo,https://finnhub.io/api/news?id=d68512ed9b3fe8866557fe822a874492ce96262ccab014b0da119f318975c9c8,0.198,0.755,0.047,-0.7003,2025-04-24
2025-04-23 15:25:03,Analysts reboot AMD stock price targets ahead of earnings,Yahoo,https://finnhub.io/api/news?id=d4f8bb2f9d9996a418f3cb7725fa5bfc3eecec24b64532d23f38e34d14253527,0.0,0.885,0.115,0.296,2025-04-23
2025-04-23 15:23:26,Is NVIDIA Corp. (NASDAQ:NVDA) the Best Stock Under $100 to Buy According to Hedge Funds?,Yahoo,https://finnhub.io/api/news?id=be2a37792755161ad1b136ed132691891c2c8dc974751760beaee7dbfa152330,0.0,0.891,0.109,0.8555,2025-04-23
2025-04-23 15:19:00,"Dow up 350 points on gains for shares of Boeing, Amazon.com Inc.",MarketWatch,https://finnhub.io/api/news?id=434d4ef938d65a6076740f66dd18ef4605a31907a68dea3274e4cfaf3719a54a,0.0,0.685,0.315,0.802,2025-04-23
2025-04-23 15:18:47,"Nvidia, Other Chip Stocks Rally as Trump Says China Tariffs Will Come Down",Yahoo,https://finnhub.io/api/news?id=0266a44d1cc22044c67beb9749fc2f40e7c41fb95bce9285380452bb2877a554,0.0,1.0,0.0,0.0,2025-04-23
2025-04-23 15:04:00,Alphabet's Big Bet: Why $32 Billion for Wiz is Genius,Yahoo,https://finnhub.io/api/news?id=fcc3ac2e367e9a02f3bada3c161754ffbd190f88c9a02f9e5312f81917b0187f,0.0,0.822,0.178,0.6597,2025-04-23
2025-04-23 14:34:27,'Magnificent 7' tech stocks surge as Trump hints at China tariff reprieve,Yahoo,https://finnhub.io/api/news?id=7ca69cdb3190edc94fc5414fbb3e3c16fbbb1fd68dc296c3335e623450893dae,0.077,0.812,0.111,0.1779,2025-04-23
2025-04-23 14:33:00,"Nvidia, AMD, and Other Chip Stocks Rally. Tariffs Fears Are Lifting—but There Is Another Concern to Watch.",Yahoo,https://finnhub.io/api/news?id=68b5ae153133f89b36b33614c123e064ad02a7370e92aef17197c6829ff7f10e,0.054,0.946,0.0,-0.4215,2025-04-23
2025-04-23 14:30:00,Wall Street Lunch: Bessent Comments On China Tariffs,SeekingAlpha,https://finnhub.io/api/news?id=e7ea83e080f16c21c176159e721c5c7fd7205b37567f23db5202d27b2d3f878b,0.0,1.0,0.0,0.0,2025-04-23
2025-04-23 14:27:00,Palantir Stock Jumps to Highest Level Since February. What’s Behind Its Rise.,MarketWatch,https://finnhub.io/api/news?id=c0bfa8bf11da7103b69d4a7773551c31562ac243976cbba44d0be325b7accd52,0.0,1.0,0.0,0.0,2025-04-23
2025-04-23 14:25:26,Why TSMC's Solid Q1 Earnings Isn't Creating Market-Beating Price Movements,SeekingAlpha,https://finnhub.io/api/news?id=41576ae5e7716abf1fa3380e5889d093c833499d720e86cd1c7050ae16c8b2b8,0.164,0.696,0.139,-0.0742,2025-04-23
2025-04-23 14:18:00,"Dow rallies nearly 550 points on gains in shares of Boeing, Amazon.com Inc.",MarketWatch,https://finnhub.io/api/news?id=a3cb08a06aed5b717156e2e05a75871a23ba9da15043356c78021671851adf5c,0.0,0.705,0.295,0.802,2025-04-23
2025-04-23 14:07:00,Cathie Wood Goes Bargain Hunting: 3 Stocks She Just Bought,Yahoo,https://finnhub.io/api/news?id=f13c1d05791eb6b32582543c02c4f2c1d89e03b0f9d8a658597ec953783fc0c6,0.06,0.677,0.263,0.6597,2025-04-23
2025-04-23 14:00:00,"Here’s How Big the AI Revolution Really Is, in Four Charts",Yahoo,https://finnhub.io/api/news?id=5fcaa584e25b92cc81df296c857f4a2a5b518a0767285f68eaadd9ef6381f6ab,0.075,0.925,0.0,-0.3818,2025-04-23
2025-04-23 13:59:00,Vertiv Stock Soars on Better-Than-Expected Earnings. The AI Trade May Not Be Dead.,MarketWatch,https://finnhub.io/api/news?id=5b10860c028c6a1cca1d404ef7f2bd7ceb50dc33fce83a9a50c6c94d963afb9f,0.0,0.777,0.223,0.7835,2025-04-23
2025-04-23 13:43:05,Has the stock market fully priced in a recession?,Yahoo,https://finnhub.io/api/news?id=85797f6df11bb53bbf5b4ffb33af244bec06d71f9b27239c411368e27f55d7ee,0.135,0.865,0.0,-0.4215,2025-04-23
2025-04-23 13:40:01,"Shares of companies within the broader technology sector are trading higher amid overall market strength after President Trump said he had no intention of firing Fed Chair Powell. Additionally, Trump indicated the final tariff rate would be less than the current 145% but not 0%.",Benzinga,https://finnhub.io/api/news?id=945fe9ae89f8f38680996d23d38b8733cc794de46258b6412138908a1c4d0c4f,0.069,0.854,0.077,0.1027,2025-04-23
2025-04-23 13:17:00,"Dow's 669-point rally highlighted by gains in shares of Boeing, NVIDIA Corp.",MarketWatch,https://finnhub.io/api/news?id=6705f144a5c7e6d9c14da2a8f200c89a121d2135fb2f599031ed316b71d3dd7d,0.0,0.685,0.315,0.802,2025-04-23
2025-04-23 12:23:48,Nvidia's 'Bargain Price' Distracts From Its Slowly Draining Moat,SeekingAlpha,https://finnhub.io/api/news?id=5167357f52006f088a57ffb97d1dfe1b036f13fa6cedf46877f1590ab49e43e1,0.207,0.631,0.162,-0.128,2025-04-23
2025-04-23 12:01:00,"Dow up 568 points on gains for shares of Boeing, Amazon.com Inc.",MarketWatch,https://finnhub.io/api/news?id=6ef1ec7ae3500ff86c1fc9f1dfe53439120db454909e7a3ff1664d583384c2d6,0.0,0.685,0.315,0.802,2025-04-23
2025-04-23 11:00:00,"Boeing, Amazon.com Inc. share gains contribute to Dow's 850-point surge",MarketWatch,https://finnhub.io/api/news?id=cfa6cbf28ab0e0761ef04d9f62506cfee46eca6033bcefad8a11e1776c71495f,0.0,0.635,0.365,0.802,2025-04-23
2025-04-23 10:46:49,36-Year-Old With $253K In Stocks Says 'Need Some Direction' – Only Gets $4.2K Dividends And Reddit Is Losing It Over His Holdings,Benzinga,https://finnhub.io/api/news?id=b54db52e3fb0f00043dfc01ada23042d20f5ffd2524b96fcf7f9436787f2a08d,0.073,0.847,0.079,0.0772,2025-04-23
2025-04-23 10:40:39,"Amphenol Posts Better-Than-Expected Results, Joins SAP, Tesla, Pegasystems And Other Big Stocks Moving Higher On Wednesday",Benzinga,https://finnhub.io/api/news?id=43468ed45b53a9153d48d2e22afbca2b3a188be125fb767108ab783ae6e49862,0.0,1.0,0.0,0.0,2025-04-23
2025-04-23 10:37:00,Intel Plans to Slash More Than 20% of Workforce: Report. The Stock Is Rising.,MarketWatch,https://finnhub.io/api/news?id=0250965e13f77ff7c68f1b1803bf84f1ec12a7e251898f51190409669e6ad94f,0.139,0.861,0.0,-0.4939,2025-04-23
2025-04-23 10:10:41,Nvidia: AI Infrastructure Is More Critically Needed Than Ever,SeekingAlpha,https://finnhub.io/api/news?id=ab86f3362e9b8c52912108f740387d1b0e0d6311531c1b56c901392fb77b2170,0.0,1.0,0.0,0.0,2025-04-23
2025-04-23 10:00:00,Sui leads way as large cryptocurrencies post gains,MarketWatch,https://finnhub.io/api/news?id=9cd0ebcb3d91dd51deb66a0c090b2d63ca3c01a4ad4921385321a5b688f17605,0.0,0.745,0.255,0.5859,2025-04-23
2025-04-23 09:56:34,"Dow Jones Surges 1,000 Points On Trump Comments; Apple, Nvidia, Tesla Rally",DowJones,https://finnhub.io/api/news?id=f77621b5cb789565e7a3fd718b56e98078015725eb604805bf110beb7566d3d4,0.0,1.0,0.0,0.0,2025-04-23
2025-04-23 09:52:00,AI data center buildups are boosting Vertiv’s sales. Its stock is rallying.,MarketWatch,https://finnhub.io/api/news?id=96453be7ab1dcf2abc15ac398f3cd7aa1657b294fe03c449bc8e6b290f24b20a,0.0,0.821,0.179,0.5859,2025-04-23
2025-04-23 09:48:14,Nvidia's $5.5 Billion Charge Is The Downturn's Start,SeekingAlpha,https://finnhub.io/api/news?id=86a40dcb477b2abac80bc29bb738bdc89695a634a50d15b2bb038e7d0bd2a9db,0.05,0.833,0.117,0.34,2025-04-23
2025-04-23 09:26:54,The Reason Nvidia Is Still A Short For Me,SeekingAlpha,https://finnhub.io/api/news?id=c1f8e354f724c8aba4ccdd5c48e1d6d5148769e212fe2db221d4884a3e93af67,0.0,1.0,0.0,0.0,2025-04-23
2025-04-23 09:23:00,Netflix Director Plans to Sell $132 Million of Stock,MarketWatch,https://finnhub.io/api/news?id=ab82bb7c6cc831f0fa736b2c0758109a6734c7c960e19efbbaf0a94f6def1ac2,0.0,1.0,0.0,0.0,2025-04-23
2025-04-23 09:20:00,The Ithaka Group's Top Contributors And Detractors For Q1 2025,SeekingAlpha,https://finnhub.io/api/news?id=15e6c482df0c5efdcafe9062d0cfc21158c2e5aef42e28e2de819d3c05316b75,0.0,0.833,0.167,0.2023,2025-04-23
2025-04-23 09:10:00,Polen Focus Growth Portfolio Q1 2025 Commentary,SeekingAlpha,https://finnhub.io/api/news?id=c04a2e189437aa14ee5196a62e1771aeac71d0437b10bfd1f20b731be320ef8e,0.0,0.698,0.302,0.3818,2025-04-23
2025-04-23 09:05:00,The Ithaka Group Q1 2025 Commentary,SeekingAlpha,https://finnhub.io/api/news?id=05d3a414160810b61e927072d27fe0aa78b65e1132c54968758e195c92b98227,0.0,1.0,0.0,0.0,2025-04-23
2025-04-23 09:00:00,Nvidia Thinks It Has a Better Way of Building AI Agents,DowJones,https://finnhub.io/api/news?id=961b9354929d9dfab4c876baf172a8f1436fc9eb98efea1390c24ba68dbf7105,0.0,0.775,0.225,0.7003,2025-04-23
2025-04-23 08:40:00,Polen Global Growth Portfolio Q1 2025 Commentary,SeekingAlpha,https://finnhub.io/api/news?id=cd7f1b50aba2e060166309a404e8d989fdc67a296de85b97ff9ff6a6f773bddb,0.0,0.698,0.302,0.3818,2025-04-23
2025-04-23 08:01:49,"Top Funds Shun Tesla And Nvidia, But Bankroll This Stock",DowJones,https://finnhub.io/api/news?id=848457100ac4478b3cf33fca6e29a26ac6d27fa28e4b3446961d5e363d7ba36a,0.0,0.833,0.167,0.3818,2025-04-23
2025-04-23 06:04:04,"Nvidia shares back above $100 as traders hope for China/U.S. trade rapprochement, and other early movers",MarketWatch,https://finnhub.io/api/news?id=648f8fae19cecc198713d878473c992aedb657d1b7de2806f51072fae55aee8f,0.0,0.733,0.267,0.8481,2025-04-23
2025-04-23 04:08:57,Broadcom: Premium Priced With Non-AI Headwinds,SeekingAlpha,https://finnhub.io/api/news?id=8e87c0c0fea6319c0d81763a7c5919864ddc56f6c67fd6785a932c5be6ca8de5,0.0,1.0,0.0,0.0,2025-04-23
2025-04-23 02:30:00,Liberty Park Capital Q1 2025 Letter To Partners,SeekingAlpha,https://finnhub.io/api/news?id=fd517ac68f54a36524794672e058cdcf11050919e470c1b327cc9c77790cc9e7,0.0,0.673,0.327,0.5267,2025-04-23
2025-04-23 01:15:00,Nvidia Stock Falls on Export Control Warning. Why This Could Be a Great Buying Opportunity.,Yahoo,https://finnhub.io/api/news?id=b6bf06bfc12a3fc7ccbece3ca6fb8e4c620d79c0e506fd13a5fb31f88604e149,0.033,0.85,0.117,0.872,2025-04-23
2025-04-23 01:00:00,Should You Forget Nvidia and Buy These 2 Millionaire-Maker Stocks Instead?,Yahoo,https://finnhub.io/api/news?id=f9b0da779f9564875f83d6705a19c08f12f3da78856ed741245b9b3254c77929,0.015,0.887,0.097,0.8555,2025-04-23
2025-04-22 23:24:43,Upgrading TSMC On Management Confidence Despite Tariff Uncertainty,SeekingAlpha,https://finnhub.io/api/news?id=cdcb241e364212eab30a736f47d9e5e9f9f2e0eb95b20ca0568539d97af5b7b5,0.0,0.861,0.139,0.6526,2025-04-23
2025-04-22 22:30:43,NVIDIA Corporation (NVDA): Among Stocks That Could 10X Over the Next 2 Years,Yahoo,https://finnhub.io/api/news?id=9cf40385e1aeb828d1ca189cb012e05e08b70f27171aba34a4a264c05ebfa8b6,0.035,0.965,0.0,-0.3612,2025-04-23
2025-04-22 21:41:36,"Cathie Wood Increases Bet On Nvidia And AMD Despite China Chip Hurdles, Ark Dumps Microsoft Stock Worth $9.7 Million",Benzinga,https://finnhub.io/api/news?id=b1a27523cbdddc3095acfb47311788294077aa4687ca81662be84a796af2ef1c,0.047,0.877,0.075,0.1531,2025-04-23
2025-04-22 20:21:00,"These Stocks Moved the Most Today: Tesla, Boeing, Northrop, RTX, 3M, GE Aerospace, Lockheed, Verizon, First Solar, and More",Yahoo,https://finnhub.io/api/news?id=3be250fac5efd9e0f2f6b64974aecb1fc9f393a37a1127532f673d6fa04d8317,0.031,0.785,0.184,0.8271,2025-04-23
2025-04-22 19:55:32,"Miners, Insurers — And Netflix — Lead 33 'Perfect' Stocks In Damaged Market",Yahoo,https://finnhub.io/api/news?id=2a78d1bdc0da527768a75c09a88d593e94b0ee18373b0ed7028e07925c88a5bd,0.12,0.747,0.133,0.128,2025-04-23
2025-04-22 19:31:00,CoreWeave Stock Gets a Wave of Buy Ratings. But No One Is Denying the Risk.,Yahoo,https://finnhub.io/api/news?id=8973ff8deeee13cc4b832657195b502e514308c2a6429174ce172472556a4724,0.221,0.711,0.067,-0.7783,2025-04-23
2025-04-22 18:06:24,Nvidia (NVDA) Stock Identified as Top AI Stock by Veteran Investor,Yahoo,https://finnhub.io/api/news?id=889c81013bd9510f74d218bb68e64ac5a86988f29b55dc67c4624aea5bdcdb17,0.0,0.864,0.136,0.836,2025-04-23
2025-04-22 18:05:34,Nvidia-Backed CoreWeave's Stock Jumps as Analysts Launch Coverage—Here's What They're Saying,Yahoo,https://finnhub.io/api/news?id=aca040a800eb9ced93fb91e8428c4f3b4b0996425ab0e9742574d68577d9ee19,0.0,0.721,0.279,0.8625,2025-04-23
2025-04-22 17:45:00,"NewsOut Launches Weekly Video Press Release Coverage on Tesla, Amazon, Apple, NVIDIA, and Microsoft",Yahoo,https://finnhub.io/api/news?id=835d5ee8e5e9838fd08e8fab13488ea31415915968b1a88d78d05954171829f4,0.0,0.914,0.086,0.5984,2025-04-23
2025-04-22 17:42:00,"Q1 Earnings Season Scorecard and Analyst Reports for NVIDIA, Alphabet & Berkshire Hathaway",Yahoo,https://finnhub.io/api/news?id=e63c0b4ac9aaa516bb10dfe28cbb6122f411a7151b342b27701e2060713cc3eb,0.0,1.0,0.0,0.0,2025-04-23
2025-04-22 17:40:29,"NVIDIA (NVDA) Maintains Positive Momentum Despite China Export Restrictions, Says Susquehanna",Yahoo,https://finnhub.io/api/news?id=e864a3f5fd8c148909caceae63915803dfdc87b140b123bcfeddafa668814cb7,0.05,0.81,0.139,0.7723,2025-04-23
2025-04-22 17:22:08,NVIDIA (NasdaqGS:NVDA) Partners With Vertiv To Launch Sovereign AI Data Center In Italy,Yahoo,https://finnhub.io/api/news?id=1a57777a19adee8fac33c73e03989a85da0be5b0eb51f48a47c0f8942f1ef2f8,0.035,0.924,0.041,-0.1406,2025-04-23
2025-04-22 17:09:08,"Trade deals are key to halting US tech decline, Wedbush’s Ives says",Yahoo,https://finnhub.io/api/news?id=a930478cfede6e97a2c3e5f79ed6f91516a65427942ea1b0f9b41111dc9fbe20,0.101,0.836,0.064,-0.5859,2025-04-23
2025-04-22 17:00:39,"Stocks to Watch Tuesday: First Solar, 3M, Equifax, Tesla",Yahoo,https://finnhub.io/api/news?id=d0af2a96ee6d3fce8fbf2993e82241dd1d8420aa2fba29571fbabe960c0bbc42,0.039,0.881,0.08,0.4215,2025-04-23
2025-04-22 16:57:39,ARM: Perils Of Future Growth Speculation,SeekingAlpha,https://finnhub.io/api/news?id=eaf94dda18cc27e49565cbbe1f2686f80af87d3c95edc04793357c32fcaf8057,0.0,0.658,0.342,0.3818,2025-04-23
2025-04-22 16:50:11,Trump’s restrictions on Nvidia’s China sales may not be enough to contain Beijing’s AI ambitions,Yahoo,https://finnhub.io/api/news?id=125c876f41bdad26e3f6c55f2670555c235a1f766bc2b76f42b843203486c33a,0.0,0.922,0.078,0.4391,2025-04-23
2025-04-22 16:37:00,Trump’s Inauguration Fund Smashed Records. Donations From These Companies Helped Big Time.,MarketWatch,https://finnhub.io/api/news?id=5ff249ec45a6fce1cc6e0bca5c91e0a58c3c482ab799e4348197d99ba0409e41,0.0,1.0,0.0,0.0,2025-04-23
2025-04-22 15:53:00,"Earnings might not revive markets, analyst says. Here’s the one thing that could.",MarketWatch,https://finnhub.io/api/news?id=5cc9edd2a9c66185ee9d889a6262de273bfaf5ae034040013deecc7ef014903a,0.145,0.855,0.0,-0.4717,2025-04-22
2025-04-22 15:14:18,"Sumitomo, SBI Throw Support Behind FPT's Nvidia-Powered AI Expansion",Yahoo,https://finnhub.io/api/news?id=fe83f5b877776cd80cfecb6e7c35fa24adf96609ca4a36c174bab081d3d2ab98,0.0,0.787,0.213,0.6597,2025-04-22
2025-04-22 15:01:00,Nvidia Stock Gains. Amazon May Not Be Cutting AI Spending After All.,Yahoo,https://finnhub.io/api/news?id=5ccac186307d6e18d6e96c78acb6ca792c25ba5261a70e16c8e4049e06e21b43,0.0,0.772,0.228,0.6878,2025-04-22
2025-04-22 14:59:23,Is NVIDIA (NVDA) the Most Promising Long-Term Stock According to Analysts?,Yahoo,https://finnhub.io/api/news?id=6f1d37634b4ad8fbe421af7bd9faeb6bebc1a2d0c03355c3fba1e45cacd5a196,0.03,0.853,0.118,0.7569,2025-04-22
2025-04-22 14:39:00,"GraniteShares Unleashes 2x Lucid And Rivian ETFs, But Are DRIV And IDRV The Smarter EV Plays?",Benzinga,https://finnhub.io/api/news?id=1a3eeb7cd4e1e85918c22bf810abf64cc138d1b277cfc49fe966428755b7f8bb,0.0,0.84,0.16,0.7579,2025-04-22
2025-04-22 16:45:00,10 ‘pure value’ stocks favored by analysts to soar 20% to 96% over the next year,Yahoo,https://finnhub.io/api/news?id=23b199674701db8581c22fe4641b81160b74535a98f752c3cbe97692cf6ba277,0.066,0.857,0.077,0.1045,2025-04-23
2025-04-22 12:00:00,AMD: Time To Move On,SeekingAlpha,https://finnhub.io/api/news?id=8e1104076d53844d7932e0d3c511fd9135719652bc1552718008e7a27b6ec28a,0.0,1.0,0.0,0.0,2025-04-22
2025-04-22 12:00:00,Patient Capital Management Q1 2025 Investment Review,SeekingAlpha,https://finnhub.io/api/news?id=d10dfd478c6312329a10aad0df3cf488f63b69e6695e106005298423803f9736,0.0,1.0,0.0,0.0,2025-04-22
2025-04-22 11:20:00,Patient Capital Management Q1 2025 Commentary,SeekingAlpha,https://finnhub.io/api/news?id=6c2ab59b274781b1680b0829702b5dfc23cb1399fda7943a3a9981db07bbbab8,0.0,1.0,0.0,0.0,2025-04-22
2025-04-22 10:36:49,Why CoreWeave Stock Is Controversial Amid Wall Street Analyst Initiations,DowJones,https://finnhub.io/api/news?id=1f300efeec017d657b944a4d221daed302d146bfc994f92722aa5970e48e3102,0.167,0.833,0.0,-0.3818,2025-04-22
2025-04-22 10:31:00,"These Stocks Are Moving the Most Today: Tesla, Nvidia, GE Aerospace, Verizon, Lockheed Martin, and More",Yahoo,https://finnhub.io/api/news?id=b0872f0ddc5c2d7d839af20590531e6a28ed5c11e70a81e1372ef05aaf8b713c,0.0,0.833,0.167,0.7351,2025-04-22
2025-04-22 10:15:00,3 Millionaire-Maker Artificial Intelligence (AI) Stocks to Buy Now,Yahoo,https://finnhub.io/api/news?id=5c67a2ab092d3c3c109422300edb612f0239cc721f83d266ed2c7353d52fc00c,0.0,0.916,0.084,0.6486,2025-04-22
2025-04-22 10:00:00,Most big cryptocurrencies increase as Sui  rallies,MarketWatch,https://finnhub.io/api/news?id=75ae67ad29971a45b6de2e1b8edfe1293a9862f565beeefb0cb593f786b7e271,0.0,0.701,0.299,0.6282,2025-04-22
2025-04-22 09:52:57,Intel: It's A No-Brainer Under $20 - Upgrading To Strong Buy,SeekingAlpha,https://finnhub.io/api/news?id=788e52082ce911f13e3106e372bd9729d8aad878eb4e365468cb26c32138c01a,0.0,0.752,0.248,0.5106,2025-04-22
2025-04-22 09:52:50,Dow Jones Jumps 550 Points After Market Sell-Off; Tesla Rallies Ahead Of Earnings,DowJones,https://finnhub.io/api/news?id=838449861cb26122cb7c6cf7df72e2c8476539881cc7f25f120b4130bba2bf99,0.0,1.0,0.0,0.0,2025-04-22
2025-04-22 09:40:00,Nvidia Stock Gains as Amazon Reassures Markets on AI Data-Center Plans. What to Know.,Yahoo,https://finnhub.io/api/news?id=382aca788ed771f436db11aef34b57485af1d0852e36914a58a919a5b93dac9a,0.0,0.761,0.239,0.7783,2025-04-22
2025-04-22 09:19:41,"Top 10 Trending Stocks On WallStreetBets As Of April 22, 2025 (Via Swaggy Stocks)",Benzinga,https://finnhub.io/api/news?id=ffdc195fb041e0b671212a8201ab824c8a96041a2a4678ec77ebc00cc78240ee,0.0,0.899,0.101,0.2023,2025-04-22
2025-04-22 08:18:00,Nvidia Is Expensive. Here Are 3 High-Yield Artificial Intelligence Plays That Aren't.,Yahoo,https://finnhub.io/api/news?id=e991bef7f9682f1340e82e0149173dc1334a2f84f4ee393b36980c7abadf2e94,0.04,0.784,0.176,0.8176,2025-04-22
2025-04-22 07:36:00,Prediction: 8 Wall Street Analysts Lowered Nvidia's Price Target Last Week -- and This Is Just the Beginning,Yahoo,https://finnhub.io/api/news?id=9724321411bbdfd5533c0b155403a0b48c73c4add12d3ccaffff455870ca968b,0.038,0.702,0.261,0.872,2025-04-22
2025-04-22 06:24:37,Is Huawei's AI chip ready to dethrone Nvidia in China?,Finnhub,https://finnhub.io/api/news?id=bd849a3fb97b26e507d38b1a9d076e6299ea98cc44bef06340b6a0db97fd6758,0.0,0.826,0.174,0.765,2025-04-22
2025-04-22 05:52:38,"US Stocks Likely To Open Higher Amid Trump's Preemptive Rate Cut Call:  Earnings Are Starting To Reflect This 'Uncertainty,' Says Expert",Benzinga,https://finnhub.io/api/news?id=18393b044c3c1a29091a3afcfc3bb94e9c9543548bcb622c065702288cc26e90,0.116,0.884,0.0,-0.5927,2025-04-22
2025-04-22 01:47:32,Is NVIDIA Corporation (NVDA) the Best Edge Computing Stock to Buy According to Hedge Funds?,Yahoo,https://finnhub.io/api/news?id=6f1e621c668eebb08339ff3d26aae39ea4b27c28abd33ab7296eb9677c80d1d3,0.0,0.844,0.156,0.9274,2025-04-22
2025-04-21 22:31:47,"Dow Jones Futures Rise: Trump Calls Powell 'Loser'; Apple, Nvidia, Tesla Sell Off",DowJones,https://finnhub.io/api/news?id=04033ee1558137add5c4ad01c16f452ff6a34bd14a89853222f9d854dee52c26,0.221,0.779,0.0,-0.7783,2025-04-22
2025-04-21 22:00:00,Better AI Chip Stock: Nvidia vs. Broadcom,Yahoo,https://finnhub.io/api/news?id=7fa6750663bede1150db2d4b3057df55ad35ed0ee3ab97ed5ab2489101ce28d4,0.0,0.862,0.138,0.8442,2025-04-22
2025-04-21 21:28:48,Nvidia CEO Urges Japan to Boost Power Supply for AI Expansion,Yahoo,https://finnhub.io/api/news?id=381255010adfe8925deef84c733da7e5ef5ec8eced06b03aa2d77d0f71d60db6,0.0,0.833,0.167,0.5859,2025-04-22
2025-04-21 20:43:08,Jim Cramer Says NVIDIA (NVDA) Stock Isn’t Cheap ‘Unless Everything Goes Right’,Yahoo,https://finnhub.io/api/news?id=523a91f66eb7103f5d833ae0f0efaeabd3f0cfc44411be507624322afdf4ec95,0.044,0.956,0.0,-0.4767,2025-04-22
2025-04-21 20:05:33,What Huawei's reported chip production boost means for Nvidia,Yahoo,https://finnhub.io/api/news?id=3c469a86913bedd977bd064860e40be56c2429971a1178461a5f50a80a384dae,0.06,0.858,0.082,0.5456,2025-04-22
2025-04-21 20:00:49,"Stock market today: Dow drops 950 points, S&P 500, Nasdaq tumble as Trump bashes Fed's Powell again",Yahoo,https://finnhub.io/api/news?id=b681e673785cbe6a283e65fc1f868fecfdc4852c06be0abdaf9837b07186b400,0.0,0.952,0.048,0.2263,2025-04-22
2025-04-21 19:55:00,"Top Stock Picks for Week of April 21, 2025",Yahoo,https://finnhub.io/api/news?id=c82b9e324437dd819a0b97fdda376537517d4280b1b575ba8bc8478e91059161,0.0,0.924,0.076,0.2023,2025-04-22
2025-04-21 19:47:33,Sector Update: Tech Stocks Slump Late Afternoon,Yahoo,https://finnhub.io/api/news?id=712c00e8c6428277880fc17f0dfd296da619d463852d82e0847a4d7c82f0104a,0.17,0.83,0.0,-0.5106,2025-04-22
2025-04-21 19:38:02,"Nvidia down, Huawei to ship AI chips to China amid tightening U.S. curbs",Yahoo,https://finnhub.io/api/news?id=e7e7c8932f9d68e2c1eef0d21cf6517e0e6899238b7fedf14479a53d0431e3cd,0.0,0.875,0.125,0.743,2025-04-22
2025-04-21 19:27:08,The Stock Market's Winners and Losers Today,Yahoo,https://finnhub.io/api/news?id=14c7f5445e2cc8f4278830581298bab4b75b6c236865545287174f45a36edefc,0.186,0.668,0.146,-0.3612,2025-04-22
2025-04-21 19:20:50,Nvidia CEO Visits China as New U.S. Export Curbs Hit $5.5 Billion in Orders,Yahoo,https://finnhub.io/api/news?id=d7db190cf7e7b0dc024d1516db3a8790e9a7092f10d2ac2a37efdaeb7a355dfe,0.0,1.0,0.0,0.0,2025-04-22
2025-04-21 18:56:46,Nvidia Faces $5.5B Blow as Tech Sector Urged to Brace for Tariff Fallout,Yahoo,https://finnhub.io/api/news?id=a4b0d64868ce8ddf986b8adfa83d51ef592f9df6157d471b8a74349d39458a74,0.072,0.844,0.084,0.1027,2025-04-22
2025-04-21 18:55:09,Is NVIDIA Corporation (NVDA) the Best Stock to Buy According to Billionaire Chris Rokos?,Yahoo,https://finnhub.io/api/news?id=202e0f5ad019bff95c2566a8399fedec37ac22d8e06c9527714b192122b08788,0.0,0.805,0.195,0.9516,2025-04-22
2025-04-21 18:35:50,Nvidia Has Now Lost More Than $1.3 Trillion in Market Cap. Is It Finally Time to Buy the Stock?,Yahoo,https://finnhub.io/api/news?id=5335e84776e479442b14fd873af8dd27078c8ee913e3d4ed591a3c6a82617c57,0.144,0.856,0.0,-0.5719,2025-04-22
2025-04-21 18:14:00,"Should You Buy, Sell or Hold ServiceNow Stock Before Q1 Earnings?",Yahoo,https://finnhub.io/api/news?id=9ccb76f5a8c665c9a492072b1cce538e3c9ce3f43f248b5a5bc6f70bd0d3a382,0.0,0.823,0.177,0.7845,2025-04-22
2025-05-04 21:40:09,"Don't Sell In May; Hold, And Hedge, Instead",SeekingAlpha,https://finnhub.io/api/news?id=fff53b871e3204ffde0d1a3778c31e1e2116973dd1ceae002ec5710ebd734c57,0.1,0.76,0.14,0.0772,2025-05-05
2025-05-04 16:50:00,Franklin U.S. Focused Growth SMA Q1 2025 Commentary,SeekingAlpha,https://finnhub.io/api/news?id=1b03740efc1bd8ea4c599dcaefa2826f679de0406108b4c0d08c7cecf37985e5,0.0,0.864,0.136,0.6369,2025-05-05
2025-05-04 13:15:19,"Consumer Tech News (Apr 28-May 2): Trump May Ease Auto Part Tariffs,  House Republicans Tabled $250 Charge On EV & More",Benzinga,https://finnhub.io/api/news?id=6efcf8de37904efda1460e9e4e61d0ee64314d04e0da8e7a8c0df02fdbf3a0a4,0.039,0.829,0.132,0.6705,2025-05-05
2025-05-04 13:12:04,"Nvidia: Selloff Overdone, Huawei 910D Can't Compete",SeekingAlpha,https://finnhub.io/api/news?id=6d2b670158872e0522e86d1c3e8c02be0a86ec11dac4f113e348222dac30124b,0.0,0.728,0.272,0.8442,2025-05-05
2025-05-04 08:07:00,ClearBridge Appreciation ESG Portfolios Q1 2025 Commentary,SeekingAlpha,https://finnhub.io/api/news?id=83ad8224b093a6fa1908288392fed0b923e49e8a274e170a8812c96f600b51fe,0.06,0.856,0.083,0.2263,2025-05-05
2025-05-04 04:00:00,Nearly 40% of Big Money Pros Say These 2 Mag Seven Stocks Are Overvalued,MarketWatch,https://finnhub.io/api/news?id=888f595f61243ee167b284f028aba3734c866954847c53530ba006bdf7f6ce2f,0.0,1.0,0.0,0.0,2025-05-05
2025-05-04 03:00:00,"Giant U.S. Pension sold Nvidia, Tesla, and Apple Stock. It Bought Rivian.",MarketWatch,https://finnhub.io/api/news?id=8f69d00956944a99b405cce56ad24a18fb330543004d6a90a394989a0e48be75,0.0,1.0,0.0,0.0,2025-05-05
2025-05-03 09:57:00,Big Tech showed it won’t back down on AI spending. Some on Wall Street are still wary.,MarketWatch,https://finnhub.io/api/news?id=c9337a0fc8434043eb79c7bc1307163fe0d76534e678e0dd9fb49f706b7be46e,0.0,1.0,0.0,0.0,2025-05-05
2025-05-03 09:46:37,Dogs Of The Dow Chase May's 'Safer' Buy,SeekingAlpha,https://finnhub.io/api/news?id=350e7769b702ab011e6e05a8a775d6afbeec758c10f0e5378d06981688951dc9,0.0,0.833,0.167,0.7184,2025-05-05
2025-05-02 21:15:00,Better Artificial Intelligence (AI) Stock: Nvidia vs. Intel,Yahoo,https://finnhub.io/api/news?id=6b770b6c3d5ea074a7d8968d63561070f39af6bf9eb313e1891aa9c1d67654d3,0.0,0.766,0.234,0.9578,2025-05-05
2025-05-02 19:39:49,Nvidia CEO Jensen Huang gets first salary boost in 10 years,Yahoo,https://finnhub.io/api/news?id=f9af177220c360406e649e1672fa69c3b3e89b13389722261a3450dba01a45bd,0.0,0.954,0.046,0.2144,2025-05-05
2025-05-02 19:15:38,Is NVIDIA (NVDA) the Best NASDAQ Stock to Buy According to Billionaires?,Yahoo,https://finnhub.io/api/news?id=c4a797a9e2c5399f8ad1dc962fcfde636775081f2a58fc540cfbb0c2c5de3480,0.0,0.838,0.162,0.9274,2025-05-05
2025-05-02 19:00:00,Should You Hold NVIDIA Stock as Meta & Microsoft Double Down on AI?,Yahoo,https://finnhub.io/api/news?id=8446e5ec30828ea99ec044b790c1effbc95527724220a0964e812c049b6b39cf,0.038,0.865,0.097,0.3182,2025-05-05
2025-05-02 18:22:51,Nvidia Faces $5.5 Billion Hit as Huang Flags Huawei AI Challenge to Congress,Yahoo,https://finnhub.io/api/news?id=f874bc525d5907bc0d76be15809e9c30aaea1d2e92efebaf1af398c84e507729,0.0,0.885,0.115,0.25,2025-05-05
2025-05-02 18:06:04,Super Micro Q3 Preliminary Results: Stay Calm And Double Down (Upgrade),SeekingAlpha,https://finnhub.io/api/news?id=236509857fc0744d3baa9f3ba0fc27dbf05dd650b0b47fb0bde633db54184f11,0.032,0.659,0.309,0.9313,2025-05-05
2025-05-02 18:00:00,US exceptionalism trade is 'still in play': May investing tips,Yahoo,https://finnhub.io/api/news?id=1eee355e23cf0c466a9648cb886c550b7bbe75d9ed050f521f8a11a87bb6b07d,0.021,0.806,0.173,0.9441,2025-05-05
2025-05-02 17:15:12,Nvidia CEO gets first base salary pay bump in 10 years,Yahoo,https://finnhub.io/api/news?id=7954a96743778b31b14502a6a8edacf09262a82b328a932ed7ff385152bd6e74,0.058,0.848,0.093,0.6697,2025-05-05
2025-05-02 16:43:00,The AI Trade Is Showing New Signs of Life. What We Learned From Big Tech Earnings.,MarketWatch,https://finnhub.io/api/news?id=ee233c4ede86f9af24db219f3361ee85486707269627a225a7a88ac6ba108e20,0.0,1.0,0.0,0.0,2025-05-05
2025-05-02 16:42:17,Amazon Confirmed Cloud Computing Growth Is Here To Stay,SeekingAlpha,https://finnhub.io/api/news?id=49cbe425c5a8df3c0df16cf0787be1a3e7805c6d33018def9a329b68b485fe3d,0.047,0.748,0.204,0.6486,2025-05-05
2025-05-02 16:11:30,Why CoreWeave Stock Rose 11% in April,Yahoo,https://finnhub.io/api/news?id=31d122a708405c534ce045461a53f81ca5f7d874429684a43604146246c796f4,0.0,0.854,0.146,0.9428,2025-05-05
2025-05-02 15:57:16,"Top Stock Movers Now: Dexcom, Berkshire Hathaway, Nvidia, and More",Yahoo,https://finnhub.io/api/news?id=f6218eb78cc84d99416ce541a359daf59b54d9da06a6b5621b1f818e83dd4f7d,0.0,0.85,0.15,0.4703,2025-05-02
2025-05-02 15:25:50,"Trump weighs easing Nvidia chip sales to UAE, Bloomberg reports",Yahoo,https://finnhub.io/api/news?id=6e3d15bf813a0086c4c6cbf646743e8752b52eaa69463a4514bbfe249d5f0590,0.0,0.898,0.102,0.7684,2025-05-02
2025-04-23 12:09:47,What to expect from Mag 7 company earnings in light of Trump tariff turmoil,Yahoo,https://finnhub.io/api/news?id=98961d5ea2e16f43b50cf3386670e51b0e901e3ab5391bea7b393b6cc9080694,0.072,0.867,0.061,-0.1027,2025-04-23
2025-05-02 14:59:22,Nvidia Jumps Past Key Level As Amazon Reports AI Spend Boost; Is Nvidia A Buy Now?,Yahoo,https://finnhub.io/api/news?id=b7a5ede7d0ba0ad1228d16f06f204b73d3e4171e3c7793e55ca330888a44745a,0.021,0.856,0.123,0.7506,2025-05-02
2025-05-02 14:50:00,"3M, Caterpillar share gains lead Dow's nearly 500-point rally",MarketWatch,https://finnhub.io/api/news?id=b4d6de9486a43023b099e8f89600cbecbc5d5028f16abed59cfce6e847e741cb,0.0,0.603,0.397,0.802,2025-05-02
2025-05-02 14:23:35,Nvidia Warns: U.S. Policy May Be Handing Huawei the AI Chip Crown,Yahoo,https://finnhub.io/api/news?id=23bcbef991b3eecd8f5d6e3dd77c74be4a0e6c6aedfe47774a0000d108f2e84b,0.049,0.951,0.0,-0.1027,2025-05-02
2025-05-02 14:04:18,Nvidia Warns Export Curbs Could Cost Billions,Yahoo,https://finnhub.io/api/news?id=2d7ae7a1f1c2dbf71c6e4c75f9ee92c6e894f069f818de282d635d1404e3991d,0.149,0.851,0.0,-0.3612,2025-05-02
2025-05-02 13:54:04,Why Super Micro Computer Stock Is Plummeting This Week,Yahoo,https://finnhub.io/api/news?id=c2c517bf300a765d5625c72ab9397b49cabb8549abbc053f5c30d21673428eec,0.047,0.769,0.184,0.8658,2025-05-02
2025-05-02 13:48:13,"Nvidia AI boost, Block cuts outlook, Reddit surges on sales",Yahoo,https://finnhub.io/api/news?id=0abae367d6441dd430a2b537942cb8f3bc18436b6e08236552bd3b332219750f,0.084,0.797,0.119,0.5994,2025-05-02
2025-05-02 13:43:00,Nvidia CEO Jensen Huang got his first raise in a decade,Yahoo,https://finnhub.io/api/news?id=60ac767b2b77267cfda905e07d75cc386e2cbbf4303a16d639e87fe65e9721d1,0.0,1.0,0.0,0.0,2025-05-02
2025-05-02 13:42:00,"Warren Buffett turns 95 this summer, and he’s still working weekends",MarketWatch,https://finnhub.io/api/news?id=8f5365b1b02aa12ac2b50b18248835cb12f77c61db004cbd3d40855d1e4db4d4,0.0,1.0,0.0,0.0,2025-05-02
2025-05-02 13:39:00,"The Zacks Analyst Blog Highlights NVIDIA, Visa, HIVE Blockchain and Accenture",Yahoo,https://finnhub.io/api/news?id=c129026a080dce0d992a20daf64512c95b8f64fa7f22ed3cf32bbd99ce135606,0.0,1.0,0.0,0.0,2025-05-02
2025-05-02 13:35:51,Nvidia (NVDA) Hit With Rare Sell Call as AI Buzz Looks Priced In,Yahoo,https://finnhub.io/api/news?id=4c8066976f89497344cf42cbeeb047fbe866149f5c2740dafad6380027dcf4cd,0.0,0.868,0.132,0.5423,2025-05-02
2025-05-02 13:14:38,"Nvidia is working on China-tailored chips again after US export ban, The Information reports",Yahoo,https://finnhub.io/api/news?id=76155e676c35c52f50e467901e418078a9ae281f8d837d6cc5ddb95b6d81c3c6,0.067,0.933,0.0,-0.6705,2025-05-02
2025-05-02 13:13:28,Nvidia (NVDA) Blasts Anthropic's Support of AI Chip Export Limits,Yahoo,https://finnhub.io/api/news?id=230ba40568643f11caa07821f8d6112618b5e0276e5b4fd154c213f5911cca9e,0.092,0.805,0.103,0.0772,2025-05-02
2025-05-02 12:45:00,AMD: You May Not Get It This Cheap Again,SeekingAlpha,https://finnhub.io/api/news?id=022a4dd85236a4d72fab2eb8d02a50d1ef1e265d8abeac76ccefcb45a513c1a7,0.046,0.738,0.216,0.7717,2025-05-02
2025-05-02 12:27:00,"Dow rallies 613 points on gains for American Express, 3M stocks",MarketWatch,https://finnhub.io/api/news?id=203e447af83a77540acff8ec703a2675767ddb2e7935b2f7ef86ca4240a06663,0.0,0.806,0.194,0.5859,2025-05-02
2025-05-02 12:20:00,Nvidia Stock Rises. It Just Got This Amazon AI Boost.,Yahoo,https://finnhub.io/api/news?id=a4be071562fc43d685204b995039919a02b34788cdbf6ca1eab0ca8de6240d19,0.0,0.826,0.174,0.8472,2025-05-02
2025-05-02 12:11:00,Prediction: 3 Quantum Computing Stocks That Will Be Worth More Than IonQ 10 Years From Now,Yahoo,https://finnhub.io/api/news?id=a850548e5180e1a705438ccaeb66947b57c9f6c5ef5182fc8659ef1071be4a83,0.0,0.858,0.142,0.7269,2025-05-02
2025-05-02 11:52:42,Jim Cramer Says ‘You Bet Against NVIDIA Corporation (NVDA) At Your Own Peril’,Yahoo,https://finnhub.io/api/news?id=f215e2b39a75548dd4ead100a56576704dea1adc786f139d785ee57832d317e0,0.042,0.872,0.086,0.5267,2025-05-02
2025-05-02 11:52:03,Breakfast News: China Considers Trade Talks,Yahoo,https://finnhub.io/api/news?id=278f7bf67ae006bd0e164452ca1bd2f9eef29083618dbdcb44b447f53b3b6a7b,0.102,0.667,0.231,0.4404,2025-05-02
2025-05-02 11:45:00,"Netflix Stock Just Notched a New All-Time High. Is This a Brilliant ""Recession-Proof"" Stock Pick?",Yahoo,https://finnhub.io/api/news?id=ae803dbf370987b5202f82587c44fbfacaba76092752118b99b237c4b77b0860,0.107,0.823,0.07,-0.4019,2025-05-02
2025-05-02 11:40:09,This Week In AI Chips - Revolutionizing Power Integrity With Movellus PDN Analyzer,Yahoo,https://finnhub.io/api/news?id=d04802a040b90343fb1e39768edb03c2f646e459904778d33fa676117101a7c5,0.026,0.872,0.102,0.6908,2025-05-02
2025-05-02 11:37:06,"EXCLUSIVE: April's 20 Most-Searched Tickers On Benzinga Pro — Where Do Tesla, Apple, Palantir, Nvidia Stocks Rank?",Benzinga,https://finnhub.io/api/news?id=c0a02d7d149e72e045684049cb34985558b5301940e08350a1dae53bced74a24,0.0,0.953,0.047,0.3034,2025-05-02
2025-05-02 11:34:00,Ukraine’s Minerals Won’t Help AI and Tech Companies for Years,MarketWatch,https://finnhub.io/api/news?id=47ffb783fb57fc3ffa7ba606ce7321ced8ccad68db1dd2c92f494a0072c2879e,0.0,0.769,0.231,0.6597,2025-05-02
2025-05-02 11:30:00,A Major Market Disruption Is Likely Coming,SeekingAlpha,https://finnhub.io/api/news?id=61af25477e7d847bfa3ffd92a339bcce297bdfff7f8fd6b7bbe869ba8f472ab9,0.124,0.799,0.077,-0.1918,2025-05-02
2025-05-02 11:30:00,"Did Huawei Just Say ""Checkmate"" to Nvidia?",Yahoo,https://finnhub.io/api/news?id=64841d24664011605b4daf23524c02c7c8619029ba49612c44fa7c853e2e4fcd,0.054,0.875,0.07,0.2064,2025-05-02
2025-05-02 11:26:54,Nvidia slams Anthropic for telling ‘tall tales’ after the AI lab claimed China is smuggling chips in ‘prosthetic baby bumps’,Yahoo,https://finnhub.io/api/news?id=e314899500635fb40acdde8c9a8f192b26deeb01b4e3399d18d920a45391d292,0.07,0.884,0.045,-0.2732,2025-05-02
2025-05-02 11:26:00,"NVIDIA Corp., Microsoft share gains lead Dow's nearly 350-point climb",MarketWatch,https://finnhub.io/api/news?id=c433236e3b143496dc78d886d9d508b736a52fb271f1950f6d850e160697140a,0.0,0.635,0.365,0.802,2025-05-02
2025-05-02 11:00:00,Should You Forget Nvidia and Buy 2 Artificial Intelligence (AI) Stocks Right Now?,Yahoo,https://finnhub.io/api/news?id=65211ae0f38eaef6795e53be2fc989aafc7772c62a33d11c74b1c9a13736cf64,0.113,0.687,0.199,0.6597,2025-05-02
2025-05-02 11:00:00,Alphabet Just Delivered Fantastic News for Nvidia Shareholders,Yahoo,https://finnhub.io/api/news?id=75527a1821b8cd2dc3cd11da00d8f1073f80344dbd48d4d3f48aa5ba378cec5f,0.0,0.827,0.173,0.8402,2025-05-02
2025-05-02 10:00:06,Tech investing playbook: Evolution of Big Tech dominance,Yahoo,https://finnhub.io/api/news?id=6384f2f2445bfac33f20c2348d4ada8073c52996f22ac834c03b1a3a2992cde8,0.0,0.862,0.138,0.8718,2025-05-02
2025-05-02 10:00:00,Large cryptocurrencies mixed as Cardano climbs,MarketWatch,https://finnhub.io/api/news?id=606fb3038990bb54a58c9a53ab5a2ebaa06d604829350fa609f62dacb561e544,0.0,1.0,0.0,0.0,2025-05-02
2025-05-02 09:45:00,"Nike, NVIDIA Corp. share gains lead Dow's 450-point rally",MarketWatch,https://finnhub.io/api/news?id=aaa6f502df4ff1c11b5165668d6be6b9a365b2974d38e12f3cccfe733c24a63b,0.0,0.603,0.397,0.802,2025-05-02
2025-05-02 09:34:11,Dow Jones Rallies On Surprise Jobs Report; Apple Dives On Earnings,DowJones,https://finnhub.io/api/news?id=f32d532635e95dc570b544259c0557fd89fe9bacc5046d42872783b09d1cbaca,0.0,0.826,0.174,0.4939,2025-05-02
2025-05-02 09:30:00,Surging Tariffs Are Flipping The Chip Script,SeekingAlpha,https://finnhub.io/api/news?id=c15e001a423bbc39362458a3efb6b3aee7053fe4ad112b43c2ee98a857987ba2,0.0,0.833,0.167,0.6597,2025-05-02
2025-05-02 09:18:55,AMD: It Could Get Worse Before The Turnaround Occurs,SeekingAlpha,https://finnhub.io/api/news?id=032610313364433db083a3cc035b327a09b437c89b7ae6e033daf64148b79d21,0.139,0.81,0.051,-0.5423,2025-05-02
2025-05-02 09:03:52,Nvidia Is Again Working On China-Tailored Chips After U.S. Export Ban - The Information,Finnhub,https://finnhub.io/api/news?id=1010459ac1e24cc7d3671866f259f3a953972038c397c0732ea35c9c6ab0f532,0.189,0.811,0.0,-0.8374,2025-05-02
2025-05-02 08:00:00,Pay Close Attention to This Crucial Revenue Source for Artificial Intelligence (AI) Giant Nvidia,Yahoo,https://finnhub.io/api/news?id=a21f51fdad7ddb974162b2eaf5a0520c4fcaf8bdb9a2d14f6bb82288a27bedf1,0.026,0.846,0.128,0.7506,2025-05-02
2025-05-02 06:00:00,Comparing This Cycle Of Tariff Market Volatility With Previous Swings,SeekingAlpha,https://finnhub.io/api/news?id=153925a8159b20621245775808510fa0d7da45bbfcd1a89c500a5be853971fd2,0.064,0.936,0.0,-0.34,2025-05-02
2025-05-01 22:58:00,Franklin Rising Dividends SMA Q1 2025 Commentary,SeekingAlpha,https://finnhub.io/api/news?id=fc01313836da0e6b7e6dc652feea43d4abfa03a69d1ab5965b04ca5ef81ebf34,0.0,1.0,0.0,0.0,2025-05-02
2025-05-01 16:40:47,Microsoft Nabs Apple's Crown,Yahoo,https://finnhub.io/api/news?id=5970b4e20060b4c38e96d90b839d4e76fc00b21701184b074a040d43448037f7,0.055,0.945,0.0,-0.296,2025-05-02
2025-05-01 16:40:15,Why Nvidia Stock Bounded Higher Thursday,Yahoo,https://finnhub.io/api/news?id=78ab84987f59edd52ad589b970fd018496bc20db909b7e4bc82242372daba7fc,0.0,0.739,0.261,0.7184,2025-05-02
2025-05-01 16:27:16,"What AI Slowdown? Nvidia Rallies As Meta, Microsoft Boost Data Center Spending.",Yahoo,https://finnhub.io/api/news?id=00c4699caa229ea2ffc30a24ed7b1cdf10e52aefd41c2dda5251f88001eb70e7,0.042,0.876,0.082,0.3182,2025-05-02
2025-05-01 16:21:59,"Nvidia, Anthropic reportedly clash over US chip export controls",Yahoo,https://finnhub.io/api/news?id=c9b902d2824d7ffa37cf1cf9e7e2577a2dfa4f87a0610d71534d7f1aa9c92280,0.015,0.848,0.137,0.9273,2025-05-02
2025-05-01 16:11:00,Nvidia Stock Rises. The AI Trade Is So Back.,Yahoo,https://finnhub.io/api/news?id=5c901a526e2b86e6fa51db5d8a9d9cc7f8d959b7d5c265b80c452e8b8fc3ff27,0.0,0.939,0.061,0.6249,2025-05-02
2025-05-01 16:10:21,Big Tech Stocks Have Had a Magnificent Day So Far,Yahoo,https://finnhub.io/api/news?id=5652aa8407d5342bdb32aa3b8555fa79bd2209b3a0c5d563ee052a8590b9f4fe,0.0,0.757,0.243,0.926,2025-05-02
2025-05-01 15:55:09,"Artificial Intelligence IPO CoreWeave Pops On Microsoft, Meta Earnings",Yahoo,https://finnhub.io/api/news?id=3067cdc9de28641437ccd57c3ac112892580811ae505130c505b6cb5164f482f,0.0,0.807,0.193,0.7351,2025-05-01
2025-05-01 15:31:50,US weighs easing Nvidia chip curbs on UAE as Trump plans visit,Yahoo,https://finnhub.io/api/news?id=43ce6c2ca11e9a84332c2ca3f9de60110f3c873e6dada56afbbc1f172694af23,0.023,0.9,0.077,0.5574,2025-05-01
2025-05-01 15:00:00,1 Artificial Intelligence (AI) Stock That Could Go Parabolic,Yahoo,https://finnhub.io/api/news?id=ea8a7f7e9c14e78b6a009a82122340832dc27aa55c3608cc51db7a50ee1835f7,0.023,0.836,0.141,0.8717,2025-05-01
2025-05-01 14:53:06,Megacap tech once again a 'safety trade',MarketWatch,https://finnhub.io/api/news?id=2217a30f48bb95b7f54f14f13628b0959a4b3064ec9b167fab9dfed7211b023e,0.0,0.682,0.318,0.6808,2025-05-01
2025-05-01 14:51:50,Eerie Calm For Markets As U.S. Recession Odds Hit 67%,SeekingAlpha,https://finnhub.io/api/news?id=85c6853ba1b11afd97dd134d6672588398904b07d12323b95970b8982c01fd11,0.191,0.729,0.08,-0.6908,2025-05-01
2025-05-01 14:41:30,"Nvidia CEO, Qualcomm outlook, Roblox strength: Trending Tickers",Yahoo,https://finnhub.io/api/news?id=8ecd8c67de20b75aac4f82b3629dba80cdfc06e7560fb672c8390061df493c92,0.029,0.865,0.106,0.7674,2025-05-01
2025-05-01 14:40:00,The AI trade will have 'multiple winners': Strategist's picks,Yahoo,https://finnhub.io/api/news?id=1f46412524f331a4ff0949325bdc92dff40e592e0fd38527f3859f8e300b74df,0.0,0.874,0.126,0.9153,2025-05-01
2025-05-01 14:37:22,Nvidia Soars As Mag Seven Double Down On AI Spend; Is Nvidia A Buy Now?,Yahoo,https://finnhub.io/api/news?id=54d609935d440942cd3c62db028f3315a03c3ea7b7442e696b872d25889dddec,0.0,0.918,0.082,0.644,2025-05-01
2025-05-01 14:28:00,Nvidia and other chip stocks are riding AI optimism. Will Amazon’s earnings change that?,MarketWatch,https://finnhub.io/api/news?id=b302fdefd8fb0a5dfa6255814b775575368a3319b8e7978ad0675f0636c94b4d,0.0,0.779,0.221,0.8105,2025-05-01
2025-05-01 14:06:23,Nvidia raised concerns about Huawei's growing AI capabilities with US lawmakers,Finnhub,https://finnhub.io/api/news?id=7d486f3afa89d7f9f68d5ee17b0f953dd4fde018de3764969d7760caf192b6a3,0.0,0.862,0.138,0.5859,2025-05-01
2025-05-01 13:56:13,These are the top 10 April stock purchases on Robinhood U.K.,Yahoo,https://finnhub.io/api/news?id=37f5fc17ec6b575e380fbb35149361ea2ffe82044bccc28848a72bb60f02a488,0.02,0.796,0.184,0.9022,2025-05-01
2025-05-01 13:55:01,Jim Cramer on NVIDIA (NVDA): ‘It Will Only Get Worse’,Yahoo,https://finnhub.io/api/news?id=dd82602603a02c6f2243cf795ddd6603e0dedd90c90f958385e1af17792d2f4b,0.052,0.948,0.0,-0.5574,2025-05-01
2025-05-01 13:45:00,1 Thing Smart Investors Know About Bear Markets,Yahoo,https://finnhub.io/api/news?id=1c596e526fb22d57a6085b88e36c987af0aa133c21d1e51116758b7241e7238e,0.134,0.784,0.082,-0.4731,2025-05-01
2025-05-01 13:34:42,"Magnificent Seven Stocks: Nvidia, Tesla Rally; Meta, Microsoft Surge On Earnings",DowJones,https://finnhub.io/api/news?id=f6ec37a8c952097bb411a9c5065fc13496873b47494f09961e7687193fa3f35d,0.0,0.719,0.281,0.8316,2025-05-01
2025-05-01 13:29:48,Nvidia raised concerns about Huawei's growing AI capabilities to US lawmakers,Finnhub,https://finnhub.io/api/news?id=562c90f4d254a40e99f2df770b5db006fb9fada3b9ed98176576f77122839f15,0.0,0.831,0.169,0.6705,2025-05-01
2025-05-01 13:21:36,"Microsoft, Nvidia doing heavy lifting to boost Dow, despite drag of UnitedHealth",MarketWatch,https://finnhub.io/api/news?id=292febef3a86ef3f28243fdae5a48e79d0ccfa82471ba850d723614a77b88ade,0.0,0.696,0.304,0.7738,2025-05-01
2025-05-01 13:08:37,Cadence Design's Q1: Backlog Capitulation,SeekingAlpha,https://finnhub.io/api/news?id=854221df7b12ced85ada43e3d56a360ced9aa5785c50caa7e03a073330339022,0.0,0.856,0.144,0.6369,2025-05-01
2025-05-01 13:07:10,The most bought US stocks in Trump's first 100 days,Yahoo,https://finnhub.io/api/news?id=70d63b46143a955f4efe1de400f10db26c5f3dce31bd0dc66c5a79ef704b20e6,0.0,1.0,0.0,0.0,2025-05-01
2025-05-01 12:52:00,Bitcoin On Track to Resume Rally: 4 Crypto Stocks in Focus,Yahoo,https://finnhub.io/api/news?id=3f5add4d76f52778738d908629c69b5673f8362c7a1fc842b793c03f39609436,0.0,0.82,0.18,0.6705,2025-05-01
2025-05-01 12:43:24,"Nvidia stock rises to lead chip rally after Meta, Microsoft back AI investment plans",Yahoo,https://finnhub.io/api/news?id=de98cb0e7ec02264b0e0f8a50f864342de0c05c52724096ffef4cdd1cb34ab07,0.0,0.881,0.119,0.5574,2025-05-01
2025-05-01 12:29:29,Nvidia: Could Be A Short Opportunity Because Of DeepSeek's R2,SeekingAlpha,https://finnhub.io/api/news?id=c491198817b6f4e1b50e8841846a135ade982610b1106637f7076f0f2797f9e5,0.147,0.777,0.075,-0.4019,2025-05-01
2025-05-01 11:56:00,"Microsoft, NVIDIA Corp. share gains lead Dow's 200-point climb",MarketWatch,https://finnhub.io/api/news?id=fe4e9a138b5ab96cf06d4eb8a6cd03f84a1ac9e751c8c7931ef0fa9d4f0242e6,0.0,0.603,0.397,0.802,2025-05-01
2025-05-01 11:23:06,US Weighs Easing Nvidia Chip Curbs On UAE As Trump Plans Visit - Bloomberg News,Finnhub,https://finnhub.io/api/news?id=e4baaa4a7f416b96d8c1076989685c7300e920f6e29fa2045986a31c90a262cb,0.0,0.875,0.125,0.5766,2025-05-01
2025-05-01 10:50:54,Disappointment Is Just Getting Started; Sell Call On Super Micro Computer,SeekingAlpha,https://finnhub.io/api/news?id=643ba6d044864d4d20fd899ec10f271dbc24253b8598c4913973b32fdca62072,0.238,0.575,0.187,-0.3612,2025-05-01
2025-05-01 10:48:00,"Dow rallies nearly 325 points on gains in Microsoft, NVIDIA Corp. shares",MarketWatch,https://finnhub.io/api/news?id=d23f33259e6f14c2818c55490fbe8e3641d53ae7a35c3c027523a4c86b7e454a,0.0,0.685,0.315,0.802,2025-05-01
2025-05-01 10:20:00,ClearBridge Appreciation Fund Q1 2025 Commentary,SeekingAlpha,https://finnhub.io/api/news?id=ef4d2ebf293acf440c9ed44ef37a9524f79dcfd1256a59dde45be764b72a9985,0.0,0.762,0.238,0.802,2025-05-01
2025-05-01 10:05:03,"Big Tech ETF jumps as investors await earnings from Amazon, Apple",MarketWatch,https://finnhub.io/api/news?id=7316bd14e0c9d67d9a54315e2fa0a3ea941bc9ef25ac21f03aede59fbf15c76e,0.0,0.744,0.256,0.4939,2025-05-01
2025-05-01 10:00:00,Sui leads way as large cryptocurrencies post increases,MarketWatch,https://finnhub.io/api/news?id=be4c426b3ec390d0cf1f960ebc9713f5374ef6e72ef3d89a900d020831d12a75,0.0,1.0,0.0,0.0,2025-05-01
2025-05-01 09:57:25,"Dow Jones Rallies After Surprise Jobless Claims; Meta, Microsoft Surge On Earnings",DowJones,https://finnhub.io/api/news?id=2cb06b5b528993dfd328ee2b390a27323b0a6ca54c23dc99105394502e0bd3de,0.0,0.84,0.16,0.4939,2025-05-01
2025-05-01 09:45:00,"Microsoft, NVIDIA Corp. share gains lead Dow's 215-point climb",MarketWatch,https://finnhub.io/api/news?id=672c9e69a2f4f2d8b639f2b498884a636a4372c1580ca36389d83e3b6d644dc5,0.0,0.603,0.397,0.802,2025-05-01
2025-05-01 09:00:00,Living Without China: A Realistic Outlook For The U.S. Economy,SeekingAlpha,https://finnhub.io/api/news?id=4af61fa63816f87298b39ecbc1d6c81360173f0bd3a025296d94120ae408d3fc,0.0,1.0,0.0,0.0,2025-05-01
2025-05-01 08:51:00,"What investors are overlooking at Nvidia, Apple and a cruise-line operator, according to this fund manager",MarketWatch,https://finnhub.io/api/news?id=b832b71c45e0c955e473f9597a3e141f7bb93aec08fa2ea4a60bd87ebbfaf3a2,0.0,1.0,0.0,0.0,2025-05-01
2025-05-01 07:28:00,The Highest-Paid CEO in America Is Someone You’ve Probably Never Heard Of,MarketWatch,https://finnhub.io/api/news?id=c7c4a86420a97298fbd800ba1afe4aff679e96dda6ad976869c3a4d03642e852,0.0,1.0,0.0,0.0,2025-05-01
2025-05-01 06:45:00,Super Micro Computer: Why You Should Buy Before The Full Q3 Earnings Release,SeekingAlpha,https://finnhub.io/api/news?id=afb4918cae9bbdc655e4d18820187a425e8fa9306fb9f1581cf702b604c7f81a,0.0,0.778,0.222,0.8555,2025-05-01
2025-05-01 05:48:31,"Qualcomm shares dip after earnings, and other early market movers",MarketWatch,https://finnhub.io/api/news?id=4324cbe52970322346d7a81e4926f8071674f2845d51bb24961c225befd89ba6,0.0,0.804,0.196,0.5267,2025-05-01
2025-05-01 02:56:18,"As Trump Completes 100 Days As President, Elon Musk, Jeff Bezos, Mark Zuckerberg And Other Billionaire Backers See $195 Billion Wealth Wipeout Amid Market Turmoil",Yahoo,https://finnhub.io/api/news?id=357be8e6f24a61312c147442513e532cbc91d3c9bafcff7d494e5f2cc51b064e,0.035,0.845,0.12,0.6369,2025-05-01
2025-05-01 01:08:49,Broadcom: Buy This Dip - Solid Upside Ahead,SeekingAlpha,https://finnhub.io/api/news?id=11ab206e35fdbc3c8f3fdfd5c5894b591cba97f890c6dd71752cc3b4a9b4af8d,0.0,0.754,0.246,0.7783,2025-05-01
2025-05-01 00:22:08,NVIDIA Corporation (NVDA): Is the AI Hype Overpriced? Seaport Initiates With a Rare ‘Sell’ Call,Yahoo,https://finnhub.io/api/news?id=28725f80e915d13f2675c3db2158e6d9adbc7cc0a5542bcccc0529f5bc1b368e,0.0,1.0,0.0,0.0,2025-05-01
2025-04-30 23:50:00,Franklin Global Equity Fund Q1 2025 Commentary,SeekingAlpha,https://finnhub.io/api/news?id=add304a3ab757e79b9ad0319825662e9fcf86ab08aa9fe55c09c3b0c156d77d8,0.0,1.0,0.0,0.0,2025-05-01
2025-04-30 23:40:39,"Closing Bell Movers: Snap falls 14% after Q1 results, no guidance",Yahoo,https://finnhub.io/api/news?id=7fa3ea8e501e70cc60de161786debf821d63449c12c2ffcc8ed1de23229f5bbe,0.125,0.852,0.024,-0.9083,2025-05-01
2025-04-30 23:27:00,Franklin Rising Dividends Fund Q1 2025 Commentary,SeekingAlpha,https://finnhub.io/api/news?id=26941f83084757ed624985370f3fd39d40943f91642b1ebf6fc6e3c4526f1c0d,0.0,1.0,0.0,0.0,2025-05-01
2025-04-30 22:52:59,NVIDIA CEO Jensen Huang discusses U.S. chip investment at White House event,Yahoo,https://finnhub.io/api/news?id=88db5766f3b0ec40d3b4d4b4888de1f3b6f70427e3cf96674006b1ee241863f3,0.0,0.849,0.151,0.9099,2025-05-01
2025-04-30 22:44:00,"Nvidia CEO Says All Companies Will Need ‘AI Factories,’ Touts Creation of American Jobs",Yahoo,https://finnhub.io/api/news?id=56a9faeda1015d727f0db1b4db67e25c41bff9c7507d5169a84a73c0b46166ba,0.034,0.901,0.065,0.25,2025-05-01
2025-04-30 22:10:00,"Nvidia is still a buy, 'far ahead' of competitors: Analyst",Yahoo,https://finnhub.io/api/news?id=81d47d53e30cf808ef79b4ae246a64d1f3d918f77773d0ad872bdd809d8adfe8,0.073,0.905,0.022,-0.4902,2025-05-01
2025-04-30 21:45:25,"Advanced Micro Devices, Inc. (AMD) Started With a Buy Rating by Investment Bank",Yahoo,https://finnhub.io/api/news?id=d35b7676041361d4db1fd86dfe8de7c7876d15b277cc96e637e05c374c14316d,0.0,0.801,0.199,0.9081,2025-05-01
2025-04-30 21:29:58,"Nvidia (NVDA) Will “Walk Away” From China, Strategist Says",Yahoo,https://finnhub.io/api/news?id=e5bfb45952f3deb13eb605aae8b6f6327e03e18e13919382fea9d57a6ee9a1d2,0.048,0.935,0.017,-0.4754,2025-05-01
2025-04-30 21:05:13,Supermicro Warning Takes Down AI Data Center Stocks,Yahoo,https://finnhub.io/api/news?id=6fa4af48e0e07464cae39181805c57d1fec4bf96f62b75ee423358fcbcf718d2,0.174,0.826,0.0,-0.7269,2025-05-01
2025-04-30 21:04:57,NVIDIA stock gains as Meta boosts AI capex... again,Yahoo,https://finnhub.io/api/news?id=9f4605146278e257a1f18503b17f2ee260b13ff9d4f90441d87ad0c4efe9df61,0.0,0.756,0.244,0.8625,2025-05-01
2025-04-30 21:03:27,Peter Lynch Once Revealed Existence Of A One Liner So Loved By Warren Buffett That The Oracle Of Omaha Called Him To Borrow It: 'The One Line He Picked…Has Been The Greatest Mistake',Benzinga,https://finnhub.io/api/news?id=8e900f63a1e8cfb32005c310c65be1172874efb6ecc0dfb8ed5329d4c323c848,0.06,0.697,0.243,0.9551,2025-05-01
2025-04-30 21:00:00,NVIDIA Sets Conference Call for First-Quarter Financial Results,Yahoo,https://finnhub.io/api/news?id=ed148dcf7ef127572f9b2f76e6949ec732a7a7be3f1e3c2cd10c905738e97615,0.02,0.96,0.02,0.0,2025-05-01
2025-04-30 20:54:25,Amazon Plans to Build Dozens of US Warehouses in Rural Expansion,Yahoo,https://finnhub.io/api/news?id=56861eb1cef96cefdb3bd67e8706b4aa92705ecdcaa46b56800ff5d034a91aaa,0.024,0.942,0.035,0.0258,2025-05-01
2025-04-30 20:34:57,Nvidia hit with Sell rating. Analysts say upside is priced in.,Yahoo,https://finnhub.io/api/news?id=758dc82cc8a593d8fe129fed9360b564197336250a3735d03531bb95442ac738,0.018,0.88,0.101,0.7796,2025-05-01
2025-04-30 20:21:41,"’No evidence’ SMCI’s weak guidance hurts NVIDIA, Navellier says",Yahoo,https://finnhub.io/api/news?id=e8d1acdb6561d28adefb254fb071d5fd1e5180dd77e38d1060f42eedfc05d25f,0.186,0.67,0.144,-0.2075,2025-05-01
2025-04-30 20:20:06,"Stock Market Today: Dow, S&P 500 Turn It Around As Soft Inflation Report Trumps Economic Contraction (Live Coverage)",Yahoo,https://finnhub.io/api/news?id=7a2e1bb1211852a32d1ecd4b7c8090c0c1c316d5dba29ae048954170a5f735c4,0.0,0.909,0.091,0.5994,2025-05-01
2025-04-30 20:19:39,NVIDIA Corporation (NVDA): Jim Cramer Says Demand Is ‘Insane’ — But the Government Holds the Keys,Yahoo,https://finnhub.io/api/news?id=56faa9861967e55cda0a46ca905a80aed1d33bf6195c89e482db90dad0e0d6d6,0.017,0.983,0.0,-0.0644,2025-05-01
2025-04-30 19:57:53,"Top Investor Suggests NVDA, AMD Have Lost Pricing Power",Yahoo,https://finnhub.io/api/news?id=b2668973cb7115d32e6998a816876323d92ac16acc563cc0b9a351ac9f151b2e,0.067,0.819,0.115,0.5423,2025-05-01
2025-04-30 19:56:00,Trump’s Next Move on Nvidia Could Be a Costly Mistake,Yahoo,https://finnhub.io/api/news?id=ea5ea27ce0119bf3525bc5440337a75d26fc2d349eecd211283f4bcfc09e3770,0.146,0.755,0.099,0.0534,2025-05-01
2025-04-30 19:55:46,Sector Update: Tech Stocks Higher Late Afternoon,Yahoo,https://finnhub.io/api/news?id=74d5b3ef0218856a02db4072b7d283e069e8f3f1041bf1b691459f3d97eda8ed,0.0,1.0,0.0,0.0,2025-05-01
2025-04-30 19:31:26,Nvidia Slashed to Sell by Seaport Research,Yahoo,https://finnhub.io/api/news?id=388e55290753d9f407193a44c21b230ddd145d3000c3bc6e9184fc1cac798a01,0.193,0.807,0.0,-0.5106,2025-05-01
2025-04-30 18:15:10,"Meta Beats Q1 Earnings And Rallies 5% After Hours--Still, I'm Staying Put",SeekingAlpha,https://finnhub.io/api/news?id=19379a4f2d1021c9d36c28fe8caa6258664c39c7615cf76de56c4f172a5ed0be,0.0,0.887,0.113,0.6652,2025-05-01
2025-04-30 15:27:00,"Dow's 218-point drop led by losses for Amazon.com Inc., Nike stocks",MarketWatch,https://finnhub.io/api/news?id=702dec8d12b3ab46f404d857ab41959e912290ad64a60151f7d6239a159ad61a,0.348,0.652,0.0,-0.8225,2025-04-30
2025-04-30 15:05:00,ClearBridge Appreciation Portfolios Q1 2025 Commentary,SeekingAlpha,https://finnhub.io/api/news?id=fdd2322c3ab98387db66531d584acc0998360d53b29d6846fafca59161c0e972,0.0,0.602,0.398,0.5106,2025-04-30
2025-04-30 14:53:00,How to Play Defense in the Market if You’re Worried About a Recession,MarketWatch,https://finnhub.io/api/news?id=46e6dd79c91a41434cef689226245010451ab197abd92e8098898aa10ca41198,0.279,0.503,0.218,-0.4939,2025-04-30
2025-04-30 14:21:00,"Chevron, Amazon.com Inc. share losses contribute to Dow's 100-point fall",MarketWatch,https://finnhub.io/api/news?id=28c159562f0c03ac267f99eaf3aa3241a5b93b999413bd1d4d17d90575f34e92,0.209,0.62,0.171,-0.25,2025-04-30
2025-04-30 14:18:38,Nvidia's Risk To Chinese Trade Restrictions May Be Easing,SeekingAlpha,https://finnhub.io/api/news?id=91eecdaeecee892bd991b36c2048dd031188602f1b871fd5667e61c38180b9c1,0.075,0.624,0.301,0.9032,2025-04-30
2025-04-30 14:08:00,3 Reasons Arista Networks Could Rally Significantly In The Next 12 Months,SeekingAlpha,https://finnhub.io/api/news?id=e5ae654ce79206b1d237b6e9617d1ef0c2ff9a9aac06177530bd77defdfa71f0,0.0,0.778,0.222,0.8271,2025-04-30
2025-04-30 13:35:11,10 Information Technology Stocks With Whale Alerts In Today's Session,Benzinga,https://finnhub.io/api/news?id=71cfecf423b7bb020680e1b919805fc9a3b3f9b8709678b60791cb7a81a76acc,0.0,1.0,0.0,0.0,2025-04-30
2025-04-30 13:23:05,"Dividend Investor Who Earned $18,000 a Month Despite 'Bloody' Selloff Shares His Top 6 Stock Picks",Benzinga,https://finnhub.io/api/news?id=47b9f36d442c793d7c06d0d8db37966aef8358964d7bb2a916cc4491fd8fad54,0.099,0.681,0.22,0.3222,2025-04-30
2025-04-30 13:13:00,"Amazon.com Inc., Nike share losses lead Dow's nearly 350-point drop",MarketWatch,https://finnhub.io/api/news?id=2aa0490bb5c7ce29ec9be71ec1d57700639dec9aaab4d8c3bab17e6f7cfe1862,0.343,0.5,0.157,-0.6369,2025-04-30
2025-04-30 12:03:00,Super Micro’s big warning is taking these stocks down with it,MarketWatch,https://finnhub.io/api/news?id=818d5964837ab753f04a3b52bc26ef7d677bc944207c9ab45b827cb8cac4d06d,0.157,0.588,0.255,0.6124,2025-04-30
2025-04-30 11:51:00,Nvidia’s stock gets a rare sell call – due to ‘mounting questions’ about AI,MarketWatch,https://finnhub.io/api/news?id=34b4ab6e80864a296f5aa1eae9da3eec29af69c8ba0a9a46252481c890e1f75b,0.0,1.0,0.0,0.0,2025-04-30
2025-04-30 11:47:00,"Dow's 237-point fall led by losses in Chevron, Amazon.com Inc. stocks",MarketWatch,https://finnhub.io/api/news?id=8f5db8bb05f279b315d175cf3df51eee27a83b72c60e0b3c17a7da160779d936,0.213,0.787,0.0,-0.6597,2025-04-30
2025-04-30 11:42:14,"Nvidia CEO says Trump should revise AI chip export rules, Bloomberg News reports",Finnhub,https://finnhub.io/api/news?id=73f41a14e1857da193e073dbf3d832776c05db31c7da89f7b452d0032078c2e4,0.0,0.876,0.124,0.6597,2025-04-30
2025-04-30 11:35:06,"Stock Market Today: Dow Jones Plunges On Surprise GDP; Nvidia, Tesla Dive As Super Micro Crashes (Live Coverage)",DowJones,https://finnhub.io/api/news?id=e1179fa3561e5563ebf90d474db0791e233ce2d12b11f12b0cb6b3ef09a60e5d,0.0,0.727,0.273,0.9001,2025-04-30
2025-04-30 11:19:00,"These Stocks Are Moving the Most Today: Super Micro, Nvidia, Tesla, Starbucks, Seagate, Norwegian, First Solar, Snap, and More",MarketWatch,https://finnhub.io/api/news?id=24aa0f9be2cbf4f5a0a8af72f881c499ffb0ce4a72d0b6c7f5dde6d9b194ff9b,0.0,0.812,0.188,0.854,2025-04-30
2025-04-30 11:13:25,Super Micro Computer Results Suggest Nvidia Will Miss Q2 Outlook: Strong Sell,SeekingAlpha,https://finnhub.io/api/news?id=ddc9bfa5fa8a4c36b3c7538a60ca4ab64dd42823dda3b2339bd87571dfc2c636,0.159,0.69,0.151,0.3818,2025-04-30
2025-04-30 11:00:27,Tech CEOs Meet With Lawmakers for National Security Summit,Yahoo,https://finnhub.io/api/news?id=7a319472a70d83d96fa0453382f11560b6e3dca38098659c4fc0fa1c223453c0,0.0,0.877,0.123,0.836,2025-04-30
2025-04-30 10:59:29,Nvidia CEO Says Trump Should Revise Rules For AI Chip Exports- Bloomberg News,Finnhub,https://finnhub.io/api/news?id=486fdc75fa5a282169ea42a15fc2a00c36389e5d39e16c958590fc3e357cc6e0,0.0,1.0,0.0,0.0,2025-04-30
2025-04-30 10:56:07,Taiwan's ASE evaluates how it will support Nvidia's $500 billion US plan,Yahoo,https://finnhub.io/api/news?id=73808e5f365ea1805b2eb24cda6d827136eb3675144386ad1f732c1792ddd3ea,0.0,0.911,0.089,0.8934,2025-04-30
2025-04-30 10:46:00,"Dow drops nearly 450 points on losses in shares of Amazon.com Inc., Nike",MarketWatch,https://finnhub.io/api/news?id=9fe743e469fa3e0676239462836e200a28292f33e954787c5d2c99c49c92fa70,0.17,0.692,0.138,-0.25,2025-04-30
2025-04-30 10:32:17,Nvidia CEO Jensen Huang Says I'm Certain We Can Manufacture Chips On Shore With Resources Of Our Country - CNBC Interview,Finnhub,https://finnhub.io/api/news?id=6a1aea0e9cb4f7f8515cfe2e14966700f8a687ee559544597879fd2f8c243b80,0.0,0.901,0.099,0.6037,2025-04-30
2025-04-30 10:15:00,"These 2 Chip Stocks Could Be Better Bets Than Nvidia, Analyst Says",MarketWatch,https://finnhub.io/api/news?id=eba6efd65ef8cb48e7807ec02ce9c0a79aba22bef92cd3a4e17ca16498f17bd1,0.0,0.791,0.209,0.7003,2025-04-30
2025-04-30 10:15:00,The Davenport Core Leaders Fund Q1 2025 Commentary,SeekingAlpha,https://finnhub.io/api/news?id=30cbbdae87c9b1b956e51ece59c8a96cf5c63ad9d62c5732ec1a96c345d1f8cc,0.0,1.0,0.0,0.0,2025-04-30
2025-04-30 10:12:00,Prediction: 1 Stock That'll Be Worth More Than Apple a Year From Now,Yahoo,https://finnhub.io/api/news?id=4cbbe989904989ded6f923684f1524ad775fe656914665e5dd95f1e0b85c00ee,0.021,0.726,0.252,0.9643,2025-04-30
2025-04-30 10:07:00,Super Micro Stock Is on Track for Its Worst Day Since November. Here’s Why.,MarketWatch,https://finnhub.io/api/news?id=bb6cbf49d01c3bd844158c901b8cd347aa15acf17ee50fddfcda50e8b8c661c0,0.205,0.6,0.195,-0.1027,2025-04-30
2025-04-30 10:00:00,"Large cryptocurrencies drop on XRP, Sui declines",MarketWatch,https://finnhub.io/api/news?id=06b50a926f97a8b8f66f470ffc9468a68eb8e92e0052b1cab3425ccb7b25e27a,0.259,0.741,0.0,-0.4939,2025-04-30
2025-04-30 09:59:00,"Sell Nvidia Stock, Analyst Says. Here’s Why.",MarketWatch,https://finnhub.io/api/news?id=6ab18474e670cfcde56b9cf4a721ad3f9790bdd9c8d3f76ded0056e7300e9de0,0.0,1.0,0.0,0.0,2025-04-30
2025-04-30 09:57:36,"Dow Jones Slides 650 Points On Surprise GDP, Jobs Data; Nvidia, Tesla, Super Micro Sell Off",DowJones,https://finnhub.io/api/news?id=7c0cc56ea3d9e7f584ebd1eca50430814c185b4a350a744f0e4ee204dc6df78b,0.0,0.7,0.3,0.9001,2025-04-30
2025-04-30 09:45:00,"Nike, Amazon.com Inc. share losses contribute to Dow's 650-point drop",MarketWatch,https://finnhub.io/api/news?id=50ef0844d99f076e1545463dbb61a4899a4701de9126ad2f36eea95cc337a0b9,0.343,0.5,0.157,-0.6369,2025-04-30
2025-04-30 09:38:00,"These Stocks Are Moving the Most Today: Super Micro, Snap, First Solar, Starbucks, Seagate, Microsoft, Meta, and More",Yahoo,https://finnhub.io/api/news?id=db3ec42e4706fccb401914a19ca3ac9feb67c2b546af641c3ea471cc8a746da0,0.0,0.784,0.216,0.8878,2025-04-30
2025-04-30 09:29:00,Nasdaq Bear Market? 3 Artificial Intelligence Stocks Down 15% This Year.,Yahoo,https://finnhub.io/api/news?id=a95123a0657db68345672087556fc22514a72632a1cdd41cb916672b44c090be,0.0,0.669,0.331,0.9694,2025-04-30
2025-04-30 09:15:24,"Top 10 Trending Stocks On WallStreetBets As Of April 30, 2025 (Via Swaggy Stocks)",Benzinga,https://finnhub.io/api/news?id=7bdc1692e710acbfb237497d7ee465789623ebb8e20d84b14b44415503e52091,0.0,0.899,0.101,0.2023,2025-04-30
2025-04-30 09:12:00,Nvidia Stock Slips. What the Chip Maker Needs from Meta and Microsoft Earnings.,Yahoo,https://finnhub.io/api/news?id=73a849679fc8a720114d01a791855dfdb71c5f06f3705bad36ab1297e61e419c,0.0,0.933,0.067,0.4215,2025-04-30
2025-04-30 09:08:11,This Nvidia Analyst Begins Coverage On A Bearish Note; Here Are Top 5 Initiations For Wednesday,Benzinga,https://finnhub.io/api/news?id=9312f004521b64fce8e3a445e4612d13425470cd2c45f0e7b3bd2f1a98738485,0.0,0.893,0.107,0.2023,2025-04-30
2025-04-30 08:58:00,Better Semiconductor Stock: AMD vs. Nvidia,Yahoo,https://finnhub.io/api/news?id=a61cea2c071b24dc4279a0d7fec88007b12653d83c39f9f5f6d2972cba765f4d,0.101,0.767,0.132,0.34,2025-04-30
2025-04-30 08:50:00,Billionaires Sell Nvidia Stock Before the Market Crash and Buy a Golden ETF Up 166% in 10 Years,Yahoo,https://finnhub.io/api/news?id=5e9fd332ce60ae9ff4bb06f20b2b6f6a6c8e895d1aed0d398729bcac4a49414d,0.08,0.84,0.08,-0.0,2025-04-30
2025-04-30 08:27:00,Tariff And Tumble: April's Market Mood Swings,SeekingAlpha,https://finnhub.io/api/news?id=f92bb6891932e980e9955be0e1f8ec8fb5428b2485a512c9949cf6191b8e273a,0.0,1.0,0.0,0.0,2025-04-30
2025-04-30 08:15:00,TSMC Stock Gets Trump Boost. Intel Thinks It Knows How to Strike Back.,MarketWatch,https://finnhub.io/api/news?id=b517492407eeba543c6df8af8b6fe5d499542853b10764d302076f765f4a783f,0.099,0.724,0.178,0.5267,2025-04-30
2025-04-30 08:15:00,Should You Buy SoundHound AI Stock Before May 8? This Recent Move by Nvidia Might Hold the Answer,Yahoo,https://finnhub.io/api/news?id=edcb3f2090e7b0f56ac406e8c241f40664b0d2d607054fae988a9ecd6fcf96eb,0.014,0.836,0.15,0.9565,2025-04-30
2025-04-30 08:14:20,Dow Jones Futures: Stock Market Rallies On 'Done' Trade Deal; Nvidia Partner Super Micro Dives Late,DowJones,https://finnhub.io/api/news?id=50141434c9839cbb37eb268da158e2229824baba19b4cec3170f5b84b1598199,0.0,0.794,0.206,0.8316,2025-04-30
2025-04-30 08:10:00,Should Investors Worry About Nvidia's Future in China?,Yahoo,https://finnhub.io/api/news?id=80f9e9a851a9944e847ce8d4aa40bee3bbb1119b841b98a031877882318d4c74,0.034,0.879,0.087,0.3612,2025-04-30
2025-04-30 08:05:55,Is NVIDIA Corporation (NVDA) a Stock That Should Double in 3 Years?,Yahoo,https://finnhub.io/api/news?id=435c888b7fe112602771316aab11322480955df976889c7a86e1c39923c5b6ca,0.0,0.964,0.036,0.3612,2025-04-30
2025-04-30 07:50:47,Taiwan's ASE: evaluating how it will support Nvidia's $500 billion US plan,Finnhub,https://finnhub.io/api/news?id=bcdd7c62c1ec920924dd87ce2022f85bb129b893e6baafc095c7546299dc5643,0.0,0.805,0.195,0.8555,2025-04-30
2025-04-30 07:11:31,Samsung profit slows after US-China trade war hits AI spending,Yahoo,https://finnhub.io/api/news?id=97b7658ccb669aa72e7ff893df84270e1b645a9952e77e4d641953150d3ccbdb,0.114,0.772,0.114,0.0,2025-04-30
2025-04-30 06:22:09,"Super Micro shares dive, Nvidia dips, and other early market movers",MarketWatch,https://finnhub.io/api/news?id=86acc270299f9d5106f201ce99111cea8dd5bc566b3af40b251f174bf49e1c46,0.0,0.596,0.404,0.9042,2025-04-30
2025-04-30 05:10:00,Deep Sail Capital Partner Q1 2025  Investor Letter,SeekingAlpha,https://finnhub.io/api/news?id=5f965399513cb14b84ef3ef41a567a1ac86c76f81149cf5ddf454f0921799161,0.0,1.0,0.0,0.0,2025-04-30
2025-04-30 01:55:25,TSMC Starts Building Third Arizona Plant As US Tariffs Loom,Yahoo,https://finnhub.io/api/news?id=a8954f0c3129dad1e5a7739a2c401d43b26e6886e262271264deeca170604035,0.051,0.949,0.0,-0.5423,2025-04-30
2025-04-30 00:57:40,Nvidia: Bullish Thesis Fully Intact,SeekingAlpha,https://finnhub.io/api/news?id=49c625e6eff9d8b2cee2d0c8e80f95b5ae342eeff04d7c0b9c5d0f7e18016ddc,0.043,0.634,0.323,0.9099,2025-04-30
2025-04-29 23:30:26,"Brad Gerstner Says He’s Buying NVIDIA (NVDA) Amid ‘Off The Charts’ GPU Demand, Secular Growth",Yahoo,https://finnhub.io/api/news?id=7f269108bbfe196931249ecf1645a30998d22f448c37096d3ad87d3c0a18a428,0.131,0.837,0.033,-0.7717,2025-04-30
2025-04-29 21:45:16,Nvidia (NVDA) Gains But Lags Market: What You Should Know,Yahoo,https://finnhub.io/api/news?id=501983642c4dab8fadc4793f6c1b4ede943600b0ceec8b8c003377247eae629d,0.105,0.84,0.055,-0.3716,2025-04-30
2025-04-29 21:30:40,"NVIDIA, Dell fall after-hours after SMCI’s Q3 warning",Yahoo,https://finnhub.io/api/news?id=11e765f6f4d383bfe785cf90f13a790404d1ebaf4cd25759c8765e822b4afad0,0.042,0.704,0.253,0.8996,2025-04-30
2025-04-29 21:30:00,Franklin Growth Fund Q1 2025 Commentary,SeekingAlpha,https://finnhub.io/api/news?id=a091628b0a27d1cf98991f0b43e4b870ee995ccbc62e3a1b6d1eb96ddc3bf609,0.0,0.809,0.191,0.6369,2025-04-30
2025-04-29 21:26:32,Super Micro Computer Stock Plunges On Weak March-Quarter Figures,Yahoo,https://finnhub.io/api/news?id=2685e868fc77b0b8492a27a73dea976586555f8c2485958b971f054de7746f07,0.081,0.642,0.277,0.7906,2025-04-30
2025-04-29 20:46:43,Jim Cramer Says NVIDIA (NVDA) Being ‘Punished’ for Doing Business With ‘Enemy Nation’,Yahoo,https://finnhub.io/api/news?id=8e8f38f31d0997f34ed0f930667a0a8f8ebda8d43ed21d42d0755967a8e69d04,0.0,0.921,0.079,0.5719,2025-04-30
2025-04-29 20:46:00,Trump Touts Economic Wins in Detroit Speech. Americans Aren’t Buying It.,MarketWatch,https://finnhub.io/api/news?id=894f4c2b17060051d215b00750f8b1016c97b3f546e01d577e2de7b7bbc65944,0.08,0.652,0.268,0.802,2025-04-30
2025-04-29 20:19:00,"These Stocks Moved the Most Today: GM, Tesla, Ford, JetBlue, Wolfspeed, SoFi, Nvidia, and More",Yahoo,https://finnhub.io/api/news?id=4e2a441a6f7bd1351ea550e83b1594d1eaaee563f558ab5e9de8770c8c79fb1c,0.0,0.846,0.154,0.659,2025-04-30
2025-04-29 20:18:00,Super Micro’s stock tanks and Nvidia could be the reason why,MarketWatch,https://finnhub.io/api/news?id=29e1963197f8b285801d54d2636cff2a88d3ecfbfa9628eefdefc30e3f76fa70,0.0,0.719,0.281,0.8316,2025-04-30
2025-04-29 19:58:48,Nvidia stock dips amid Reuters report on AI chip export rule review,Yahoo,https://finnhub.io/api/news?id=baa290a973314e62b2e40e29648c64ee7948b91900cd313d52459de384c6c29c,0.047,0.893,0.06,0.2263,2025-04-30
2025-04-29 17:39:00,These Charts Show How Every S&P 500 Stock Has Performed in Trump’s First 100 Days,MarketWatch,https://finnhub.io/api/news?id=f46c73afbb904310bba13a89e72df3321f20d01f8c72ad30441f389692485445,0.0,1.0,0.0,0.0,2025-04-30
2025-04-29 17:24:00,Super Micro Stock Tumbles on Big Earnings Miss,MarketWatch,https://finnhub.io/api/news?id=447428d0592bfe12c64f1eaf1ea80ba303c7c22f39f774e22c614ab4acca5fe1,0.139,0.522,0.339,0.765,2025-04-30
2025-04-29 16:55:02,QQQ Vs CQQQ: Which Tech ETF Should You Bet On Now As AI Boom Meets U.S.-China Trade Thaw?,Benzinga,https://finnhub.io/api/news?id=068db98c5702c6a9db76b99b0cd3baa801393b261cf00136472db607066b1aae,0.059,0.897,0.044,-0.1779,2025-04-30
2025-04-29 16:10:55,"IGM: Mag 7's P/E Has Come Down Ahead Of Q1 Earnings, But Technical Damage Done",SeekingAlpha,https://finnhub.io/api/news?id=7c9e304cead5b4e7264c467e7adac95eb451e30ca85b688a28a6ae909fc613a0,0.093,0.777,0.131,0.1901,2025-04-30
2025-04-29 15:38:16,NVIDIA Corporation (NVDA): Among Billionaire Andreas Halvorsen’s Stock Picks With Huge Upside Potential,Yahoo,https://finnhub.io/api/news?id=d97eb3cdaefc14fa42e94492c0ef907cc658c75ad8543e7556e8bf8aadebd8ee,0.0,0.876,0.124,0.802,2025-04-29
2025-04-29 14:53:22,"Nvidia's Technology Gap At Risk Amid Blackwell Delay, Analyst Says; Is Nvidia A Sell Now?",Yahoo,https://finnhub.io/api/news?id=9d85ab7403e4daf065a66c7fc11dff3e8dd747d4d01df10a93d256946ed802c8,0.118,0.772,0.11,-0.1179,2025-04-29
2025-04-29 14:45:00,Nvidia Stock Drops. Where This Analyst Sees a ‘Threat to Sales.’,Yahoo,https://finnhub.io/api/news?id=56d37478c03d672c8e4e0eeacbfd07bb1c58140fe9a4c6ca8ed882689ba6a11e,0.0,1.0,0.0,0.0,2025-04-29
2025-04-29 14:41:24,"NVDA Stock Can Perform Well in the Long Term, Veteran Investor Says",Yahoo,https://finnhub.io/api/news?id=e7b7ae1b9cc13d853cc45a019ef43f99ad4cb0acf88717123d29c0c6cfa733e5,0.02,0.841,0.139,0.836,2025-04-29
2025-04-29 14:16:50,Is NVIDIA Corporation (NVDA) the Worst-Performing Blue Chip Stock So Far in 2025?,Yahoo,https://finnhub.io/api/news?id=0299c04f60a22b349e0f77d823246fa0011791463b4d0923a9cde873b77e33b5,0.068,0.932,0.0,-0.5994,2025-04-29
2025-04-29 13:54:58,Mag 7: What the technicals are saying about Big Tech stocks,Yahoo,https://finnhub.io/api/news?id=60c5a227ca78dd7a1c300a62836c4809dc9ca5a991e062f7b5787efa61043db0,0.013,0.935,0.052,0.6369,2025-04-29
2025-04-29 13:37:00,"The Best Vanguard ETF to Invest $1,000 in Right Now",Yahoo,https://finnhub.io/api/news?id=b3651620f414dc7ae760d8e73f3c2e6c5d438ae9dbf255e3b81f3d69be59e4f3,0.0,0.84,0.16,0.6369,2025-04-29
2025-04-29 13:36:55,Microsoft and Amazon Capex in Focus Amid Potential AI Pullback,Yahoo,https://finnhub.io/api/news?id=4c685c105b41eb7fa2d70d10e3da7fa6b562e224747c90dea138c1d7860c5f95,0.0,0.952,0.048,0.5267,2025-04-29
2025-04-29 13:21:08,Here’s Why NVIDIA Corporation (NVDA) Fell in Q1,Yahoo,https://finnhub.io/api/news?id=acee33cc3611cd83c2be2d05c872b8933bbad060803ea747926f51f0902e7ab7,0.0,0.896,0.104,0.7506,2025-04-29
2025-04-29 13:00:13,NVIDIA Corporation (NVDA) is Attracting Investor Attention: Here is What You Should Know,Yahoo,https://finnhub.io/api/news?id=52e996c5ccbe1896b015687a671d50bb3e13cfd0cb58b46867c0ca313d9eabb8,0.0,0.825,0.175,0.7351,2025-04-29
2025-04-29 12:30:27,Q1 2025 Cadence Design Systems Inc Earnings Call,Yahoo,https://finnhub.io/api/news?id=697841abe9d921ccb2eb22088ef71a2700a2d42ebe82a7bd3879e490eeb8f966,0.0,1.0,0.0,0.0,2025-04-29
2025-04-29 12:24:10,Summer Recession Forecasted By Apollo: Is This S&P 500 Rally Built To Last?,SeekingAlpha,https://finnhub.io/api/news?id=a0c69b4efd976a5ee680260b10cdb2bcf12984af2572c66ee3e01a58c766cc21,0.19,0.81,0.0,-0.7906,2025-04-29
2025-04-29 12:18:00,"These Stocks Are Moving the Most Today: GM, Tesla, Ford, JetBlue, Wolfspeed, SoFi, Nvidia, and More",Yahoo,https://finnhub.io/api/news?id=1151b2c836f02dd34e07ffe6c40faa79af2d9eabe1c6367bbb71db0e2fc9478e,0.0,0.849,0.151,0.659,2025-04-29
2025-04-29 12:11:00,Stock-Split Watch: Is Nvidia Next?,Yahoo,https://finnhub.io/api/news?id=99b23908e0f0102bd78e83b770b5b23ade36fdb75feb5c261fc9d3fb53822312,0.0,0.917,0.083,0.6808,2025-04-29
2025-04-29 12:00:55,S&P 493 earnings growth appears to be gaining as Mag 7 slows,Yahoo,https://finnhub.io/api/news?id=2d2bf1f72d5fd04e3cddd14140d0d2031eeb0374e5284055f4bd16c5003c0873,0.0,0.849,0.151,0.9349,2025-04-29
2025-04-29 12:00:00,Nvidia: Time To Go All In,SeekingAlpha,https://finnhub.io/api/news?id=2df417600d5ba4e923b61d24465555e6d7b419cacdebac879e42491650a2d814,0.078,0.855,0.067,-0.0772,2025-04-29
2025-04-29 10:05:00,Markets Hold Their Breath,SeekingAlpha,https://finnhub.io/api/news?id=1a88606f14911bbb783653406da86bff017c587d50b635656a561583835a6cc5,0.0,0.838,0.162,0.6597,2025-04-29
2025-04-29 10:00:00,Sui leads declines as large cryptocurrencies start mixed,MarketWatch,https://finnhub.io/api/news?id=e219fc413625ce94fc02aba03c5b1a61a16355b2f05e2cc42f4ce20e8369c2a6,0.0,1.0,0.0,0.0,2025-04-29
2025-04-29 09:42:21,Dow Jones Rises Amid Key Economic Data; Spotify Plunges On Earnings,DowJones,https://finnhub.io/api/news?id=4e8f8f243ebf9eed381c71a59c74f9d07ec7d447ecb1fa02109cd3e831f9a6c8,0.0,1.0,0.0,0.0,2025-04-29
2025-04-29 09:32:00,2 Artificial Intelligence (AI) Stocks That Could Make You a Millionaire,Yahoo,https://finnhub.io/api/news?id=c15abfab48be9743b3955b0b0c2c195323429d61270083c3822fbce0a79a68e2,0.054,0.724,0.222,0.9577,2025-04-29
2025-04-29 09:30:00,Nvidia’s Trump Worries Go Far Beyond China,Yahoo,https://finnhub.io/api/news?id=d9ddb2b7578f819728ef69a17c94f6917f6544358f5b05f36746167bcd33f0d1,0.087,0.717,0.196,0.5413,2025-04-29
2025-04-29 09:12:26,"H100 Renting Prices Will Drop, Fast - Reiterating Sell On Nebius",SeekingAlpha,https://finnhub.io/api/news?id=7f5f98dc6db1908086a3c7365b4eddd6269d3fc71d06d6e4c94fe6348b2c55dd,0.17,0.785,0.045,-0.5859,2025-04-29
2025-04-29 09:05:00,Chip Design Hits AI Crossover Point,SeekingAlpha,https://finnhub.io/api/news?id=6c17033151b1bf166f032b85890d34248092bd7bef1b5e4a760af45f2fd9ba7e,0.0,0.657,0.343,0.9118,2025-04-29
2025-04-29 08:45:00,The Best Tech ETF to Invest $250 in Right Now,Yahoo,https://finnhub.io/api/news?id=c5b7db10eb1e8c5c1b9152e5c8b9e6accea1d4207d5b4d6698e8803adfdcf059,0.052,0.809,0.14,0.6641,2025-04-29
2025-04-29 08:30:00,Fiduciary Management Q1 2025 Shareholder Letter,SeekingAlpha,https://finnhub.io/api/news?id=b9f4b3c750f97cf925ab0e33e6b24da8791c9cc97ec59f3cbf76e121b4766c15,0.0,0.949,0.051,0.1027,2025-04-29
2025-04-29 08:30:00,ClearBridge Global Value Improvers Strategy Q1 2025 Commentary,SeekingAlpha,https://finnhub.io/api/news?id=4777d1093e87a14df62c8046130e86746a78550592dfcc51a616b39754e74653,0.0,0.561,0.439,0.5719,2025-04-29
2025-04-29 08:25:00,Prediction: Nvidia Will Beat the Tariff Turmoil (and the Stock Will Soar),Yahoo,https://finnhub.io/api/news?id=d41d6657d0b0c863de403cabb3297cae18c5fd9eebca6d187143cb81c2db2ac7,0.029,0.898,0.074,0.5994,2025-04-29
2025-04-29 06:51:00,Why Trump’s Next 100 Days Will Be More Crucial for Stock Markets and 5 Other Things to Know Today.,MarketWatch,https://finnhub.io/api/news?id=f78935f0cbb49de1c3049de7ebc757a65d09fa428b2bb263b8c4b9f7d59d8196,0.0,1.0,0.0,0.0,2025-04-29
2025-04-29 06:25:53,Nvidia: The Reversion Angle Executed My Thesis Much Faster,SeekingAlpha,https://finnhub.io/api/news?id=359a0beeeb1d3f3f90b9ac711bd1519a012e37d8178b40a35c114826a3c0801a,0.0,1.0,0.0,0.0,2025-04-29
2025-04-29 06:07:00,Grey Owl Capital Management Q1 2025 Client Letter,SeekingAlpha,https://finnhub.io/api/news?id=0c5652cb17f37bf21469b52fe2edbfc48dd2f3a84446404e47fe024cd5735ec9,0.0,0.787,0.213,0.743,2025-04-29
2025-04-29 05:25:20,"Nvidia, Johnson & Johnson, Hyundai, Toyota, SoftBank CEOs To Join Trump At White House As He Touts Investment Surge In First 100 Days: Report",Benzinga,https://finnhub.io/api/news?id=43ce1906ee7cb9a482836fef1e4727cc06cedf7945b4db4374a918286b7d4bd6,0.021,0.854,0.124,0.6486,2025-04-29
2025-04-29 02:15:00,Alphabet Sets A Positive Tone Ahead Of Mega Tech Earnings Results This Week,SeekingAlpha,https://finnhub.io/api/news?id=dc13ebbfecea942308757fd0ac43260ba4092619f845854fd643fdea3987fe21,0.0,0.838,0.162,0.7351,2025-04-29
2025-04-28 22:00:29,"Dow Jones Futures: Nvidia, Tesla Test Key Levels; Apple, Amazon Lead Big Earnings Reports",DowJones,https://finnhub.io/api/news?id=1b86cb5b023a5157422b87f0b2ec1ab92103c249e3c7aaeccc4b6e0c62aaa8e9,0.0,0.884,0.116,0.34,2025-04-29
2025-04-28 20:05:00,Why Nvidia investors shouldn’t worry about Huawei’s new AI chip,MarketWatch,https://finnhub.io/api/news?id=01be21d77f75445728c045d67004aaf6c1514b4d3b23d2153c7325fe4449a97a,0.244,0.756,0.0,-0.7003,2025-04-29
2025-04-28 17:09:00,Nvidia Stock Falls. This Huawei Breakthrough Won’t Help.,MarketWatch,https://finnhub.io/api/news?id=a9c32468dbbe27729cc4e3257d4a0bf01c99610eaf079aff5ab64f14b60b72f3,0.0,0.722,0.278,0.6597,2025-04-29
2025-05-12 23:38:37,"Dow Jones Futures: Trump Trade Deal Triggers Bullish Stock Market Rally; Amazon, Apple, Nvidia, Tesla Surge",DowJones,https://finnhub.io/api/news?id=ed8f67e779a62814ebdc95b62a6dcc1127ec9049a452c2d568ebe37aad39d888,0.0,0.898,0.102,0.34,2025-05-13
2025-05-12 17:36:22,Tech Advances After Trade-War Truce - Tech Roundup,Finnhub,https://finnhub.io/api/news?id=9729d3b59d714d08902d4bf5c748d8c3b36b182ab1ba70e847ef089918da2e6c,0.145,0.759,0.095,-0.5106,2025-05-13
2025-05-12 17:32:00,"Nvidia, AMD help the chip sector to its highest close since February",MarketWatch,https://finnhub.io/api/news?id=656939dfd51eb53e3ff7034c7db47e1580fdb3b8f8f7b8bacbf0bbfb8c9c3e17,0.0,0.803,0.197,0.6597,2025-05-13
2025-05-12 16:39:20,Nvidia: The Bull Case Just Got Stronger,SeekingAlpha,https://finnhub.io/api/news?id=2bf4dae10e0dc272df156f766b3060f5856fdefcf60729d45d3791efcf83e3f6,0.081,0.716,0.202,0.5994,2025-05-13
2025-05-12 16:28:00,"Amazon, Apple power ‘Magnificent Seven’ to more than $830 billion in market-cap gains in one day",MarketWatch,https://finnhub.io/api/news?id=c4382791e54fdd77d1cac9a9063372e26d17d77b2fa2d9f39cc1056ad75e1408,0.0,0.773,0.227,0.7351,2025-05-13
2025-05-12 14:49:51,"China Tariff De-Escalation Biggest Winners Include Tesla, Apple: 'New Tech Highs Back On The Table Now For 2025'",Benzinga,https://finnhub.io/api/news?id=ffdc88852ab12205cf51002e4994a53f79f7bc423686c1ffbfffb69665b14c82,0.043,0.726,0.231,0.8316,2025-05-12
2025-05-12 13:45:00,"China Trade Progress: Market Booms On News, Who Will Benefit?",SeekingAlpha,https://finnhub.io/api/news?id=c84fe6b7dcb1c53b479fc0efc4a7a400563bb7aa900f04d2dc68609cd4ae9fd6,0.0,0.58,0.42,0.7003,2025-05-12
2025-05-12 13:20:59,"Magnificent Seven Gain $700B After US-China Slash Tariffs, Gold Crashes: What's Driving Markets Monday?",Benzinga,https://finnhub.io/api/news?id=2c48c141cb2110078d093aa7a02e9601851830a0be3df4e44c85edbd9885dc40,0.274,0.629,0.097,-0.8555,2025-05-12
2025-05-12 13:08:56,US-China tariff agreement may add fuel to 'Magnificent 7' stock rally,Yahoo,https://finnhub.io/api/news?id=da15636dd09cd7d43a79ee1a393e9cfbba535bdb5b7f75b6da2fbb21755ae086,0.0,0.633,0.367,0.9001,2025-05-12
2025-05-12 13:04:00,"These Stocks Are Moving the Most Today: Amazon, Nvidia, Tesla, Alibaba, Eli Lilly, Pfizer, RH, Newmont, and More",Yahoo,https://finnhub.io/api/news?id=66342666979fcde83bc5dd4acbe8c772e03dd3f8e71e70d5edb4be570b421ba7,0.026,0.847,0.127,0.7951,2025-05-12
2025-05-12 12:47:23,indie Semiconductor Could Rebound Soon,SeekingAlpha,https://finnhub.io/api/news?id=61c671c7a89353661f177ab4e2bf5e1bfbd9cbacc2ed2aa7946137045a60fd03,0.0,1.0,0.0,0.0,2025-05-12
2025-05-12 12:45:00,Secrets behind 'Magnificent 7' surge ahead of Nvidia earnings,Yahoo,https://finnhub.io/api/news?id=01edf6eb55badc6b83746c53e23177e71c5d8a64f9c4d5b5717bf83fe443bb65,0.018,0.869,0.112,0.9638,2025-05-12
2025-05-12 12:31:06,"Amazon, Tesla stocks lead 'Magnificent 7' surge after US-China temporary trade truce",Yahoo,https://finnhub.io/api/news?id=1b3394544d875423d9ff81c5c8a2d5fcdad7b83e89a2145e3db6bfa263e51902,0.086,0.665,0.248,0.743,2025-05-12
2025-05-12 12:18:34,Nebius Group: Scaling The AI Backbone For Profits,SeekingAlpha,https://finnhub.io/api/news?id=82f2ed2a7bd318c7ee54b903cae58171c7bcc5c79a178d13af4b2ae83f2d4e79,0.0,0.783,0.217,0.7351,2025-05-12
2025-05-12 12:02:46,CoreWeave's $1.5B Debt Strategy: Navigating AI Growth and Financial Challenges,Yahoo,https://finnhub.io/api/news?id=0aaf26174331768810d51abb43e4ad709aea3f91ca5f725625519fe1216b3901,0.167,0.702,0.13,-0.2732,2025-05-12
2025-05-12 12:00:37,Why US-China tariff agreement isn’t super bullish for stocks,Yahoo,https://finnhub.io/api/news?id=a587bbf4a2b9bee6b11e28c50dc5e108a474dc6df02822e43d8aed62c748f675,0.034,0.867,0.099,0.9468,2025-05-12
2025-05-12 11:59:07,Nvidia's China Gamble: Will the Downgraded H20 Chip Keep Its AI Reign Alive?,Yahoo,https://finnhub.io/api/news?id=9dface6045d28ca7685f80b972ce432b37a87779333655141414383039b7a327,0.051,0.845,0.104,0.2047,2025-05-12
2025-05-12 11:45:00,These High-Growth Stocks Were Down Over 50% This Year. Is It Time to Buy Them?,Yahoo,https://finnhub.io/api/news?id=070a8630c5dd936285545854120a57eb214228372a84629bc712c130ee8730d9,0.0,0.799,0.201,0.9159,2025-05-12
2025-05-12 11:41:08,Three Stocks That May Be Priced Below Their Estimated Value In May 2025,Yahoo,https://finnhub.io/api/news?id=73f290a0cdc1e51c6a2c4117ebe171886a40977b33a93feb4aa33fd4122cfbe6,0.0,0.776,0.224,0.9451,2025-05-12
2025-05-12 11:37:27,AI Chips Update - Revolutionizing Game Development with AI-Powered Visual Tools,Yahoo,https://finnhub.io/api/news?id=69bc143de42bf433d302cce28a434986cc36d8df03aa149668a54cebbddeb1f6,0.0,0.791,0.209,0.9382,2025-05-12
2025-05-12 11:28:00,"These Stocks Are Moving the Most Today: Amazon, Nvidia, Tesla, Alibaba, Eli Lilly, Pfizer, NRG Energy, Newmont, and More",MarketWatch,https://finnhub.io/api/news?id=87d0575998f551ca18e458ff9de4f28fd25a567b3beef1aeada1239f92bcb089,0.0,0.807,0.193,0.7316,2025-05-12
2025-05-12 11:23:59,Dream Scenario For Tariffs: What's Next For U.S. Stocks?,SeekingAlpha,https://finnhub.io/api/news?id=00645f14a497f1d6778b24b8936b4795038218d103629509cfbbeeba0f9a9239,0.0,0.8,0.2,0.25,2025-05-12
2025-05-12 11:15:00,History Says Now Is the Time to Buy Nvidia Stock,Yahoo,https://finnhub.io/api/news?id=19a70ebb0b31998ac09ab617ee30c25c4dd6eb520c0c37a75bba7724891ff1c0,0.0,0.974,0.026,0.34,2025-05-12
2025-05-12 11:12:37,AMD Is Quietly Catching Nvidia - Wall Street Just Doesn't See It Yet,SeekingAlpha,https://finnhub.io/api/news?id=e3dfab89247473f952acbb42c87aa790d04f8dcc14c7b1800ca9378c91bc0ff4,0.062,0.746,0.192,0.7506,2025-05-12
2025-05-12 11:09:00,"Nvidia, Intel, and Marvell Stocks Jump. Why China Trade Progress Is Good for Chip Makers.",Yahoo,https://finnhub.io/api/news?id=46e2867e58597b2a18e0d081a98969fe9b39449677bf782f612853c5adfc9f6d,0.055,0.711,0.235,0.8225,2025-05-12
2025-05-12 11:03:42,Shares of chip stocks are higher after the US and China agreed to a temporary reduction in most tariffs on each other's goods. A reduction in tariffs could alleviate some supply chain concerns and improve macro sentiment as well as demand visibility.,Benzinga,https://finnhub.io/api/news?id=fcbde7f3ad2c670c2f36d26efb13d5a6d0d8f120979217cd7e972a7b31ef8b75,0.031,0.774,0.195,0.7783,2025-05-12
2025-05-12 10:47:13,"Stock Market Today: Dow Jones Soars As Bessent Says This On China; Nvidia Surges, Alibaba Clears Entry (Live Coverage)",DowJones,https://finnhub.io/api/news?id=a66bb64378aaee5e15113b29ce271232ca24df43120d595dfdd22eabf55ec984,0.0,0.933,0.067,0.1531,2025-05-12
2025-05-12 10:37:00,"Nvidia, Intel, and Other Chip Stocks Jump on China Tariffs Pause. Why the Sector Isn’t Out of the Woods.",MarketWatch,https://finnhub.io/api/news?id=67376f61fd675e9238ad9043cb253d4b1cd7c93145d394d87299558dbbe103a1,0.0,1.0,0.0,0.0,2025-05-12
2025-05-12 10:05:33,Reported Earlier: 'Philips Collaborates With NVIDIA To Improve Patient Care In MR With Latest AI Advances' - Phillips,Benzinga,https://finnhub.io/api/news?id=91ce119c221ab6ca6184809dcf75a3a7f1bb2a8d621710cb3140b1b65dec80a3,0.0,0.736,0.264,0.7269,2025-05-12
2025-05-12 10:00:00,"Large cryptocurrencies climb on XRP, Tronix increases",MarketWatch,https://finnhub.io/api/news?id=324baa13e21d29effd7cbdddd51b298ebedf4138862bb3636e42792a3a689c01,0.0,1.0,0.0,0.0,2025-05-12
2025-05-12 09:46:00,Amazon Stock Surges. Why It’s a Mag 7 Outperformer on Tariffs Deal.,MarketWatch,https://finnhub.io/api/news?id=394e3e91db066bcf7483fa3d1696427cc7d51aebf432de2d12357a15dcb8e615,0.0,0.866,0.134,0.34,2025-05-12
2025-05-12 09:37:39,AMD: Strong Upside Potential If U.S.-China Trade Talks Turn Constructive,SeekingAlpha,https://finnhub.io/api/news?id=53bd232adfe41c5f5b79bd39c3fba7cce4660afe6e70196d1d83c2f651631a13,0.0,0.807,0.193,0.8225,2025-05-12
2025-05-12 09:34:34,"Dow Jones Surges 1,000 Points On Trump-China Tariff Deal; Apple, Nvidia, Tesla Rally",DowJones,https://finnhub.io/api/news?id=70265ee530c25c07cc2da274a5c5d79883f7e4fa2698bad65b0e589d2ebaca95,0.0,1.0,0.0,0.0,2025-05-12
2025-05-12 09:30:00,Consumer relief from U.S.-China trade deal sends retailers’ stocks surging,MarketWatch,https://finnhub.io/api/news?id=73a181a2a807ed18cd25bcf2525efb43281d7984f8d9ab423fdb243ffa55ec7c,0.0,0.744,0.256,0.7351,2025-05-12
2025-05-12 09:30:00,3 Things Alphabet's Management Just Said That Should Make Tesla and Nvidia Investors Happy,Yahoo,https://finnhub.io/api/news?id=83994441d711cee6720cace1cbe69d84171e40e0dd8a93518ce3caf50c72351e,0.0,0.844,0.156,0.8807,2025-05-12
2025-05-12 08:06:42,"GAB: Lack Of Tech Exposure Is A Plus, But This Fund Is Incredibly Expensive",SeekingAlpha,https://finnhub.io/api/news?id=cb8ba87d013f965c4fe8326e5e1a8ae62a8a6a96b084ade4aa582687bd12f176,0.113,0.887,0.0,-0.1655,2025-05-12
2025-05-12 07:51:00,Prediction: Nvidia Just Received Its First Wall Street Sell Rating -- and More Will Follow After May 28,Yahoo,https://finnhub.io/api/news?id=5de277d9cba91d2dc83a0fcde1051fc5fb806aa2814933a0200267342c43d790,0.0,0.751,0.249,0.8625,2025-05-12
2025-05-12 07:30:00,Make Fewer Investing Errors With Barry Ritholtz,SeekingAlpha,https://finnhub.io/api/news?id=697d959231df5eb482b8d6ab428520da2a1607dcef957a61650cd744fe7b0376,0.117,0.777,0.107,-0.0516,2025-05-12
2025-05-12 06:47:34,NVIDIA CORP : UBS reaffirms its Buy rating,Finnhub,https://finnhub.io/api/news?id=5576d7d4ba0c0419eaefaa814c7fb74debdbe39b19f5e5324ed6e8f39b4abc6e,0.0,0.899,0.101,0.5574,2025-05-12
2025-05-12 03:19:13,"Tesla, Amazon, Nvidia stocks set to surge after U.S. and China agree to slash tariffs",MarketWatch,https://finnhub.io/api/news?id=d56600ddabb552342ebea997398646446b3ecbf48050b09974193c06a6bd8b22,0.115,0.656,0.23,0.4939,2025-05-12
2025-05-12 02:33:54,5 Ugly Investments 'Everyone' Is Buying,SeekingAlpha,https://finnhub.io/api/news?id=1f0836a1c02945fdf223aec14f1f8d10000dc3fbd773f1ebb4d9ca14aee213a0,0.177,0.659,0.164,-0.1045,2025-05-12
2025-05-11 22:10:00,"The Best Stocks to Invest $1,000 in Right Now",Yahoo,https://finnhub.io/api/news?id=4d6c5bbe9de6056243abe1a29657a4b35fbf0b4aafa7b0f21cd8a82d4d312be1,0.068,0.797,0.134,0.8355,2025-05-12
2025-05-11 21:31:00,The ‘Magnificent Seven’ are back in the stock market’s driver’s seat — but are they still a buy?,MarketWatch,https://finnhub.io/api/news?id=4b119023f3686cb538d363e4812389a136801f37bdfda5e0207dcc2e8b53edbd,0.0,1.0,0.0,0.0,2025-05-12
2025-05-11 20:49:18,NVIDIA Corporation (NVDA): Among the Best Stocks to Buy According to Jim Simons’ Renaissance Technologies,Yahoo,https://finnhub.io/api/news?id=176473fe922e25c6a28c618d0dda2c42dc6e02bf629c528126879523bc2e6f12,0.0,0.844,0.156,0.9274,2025-05-12
2025-05-11 19:15:00,Should You Buy Nvidia Before May 19?,Yahoo,https://finnhub.io/api/news?id=a9c64579d9fd3cf11b7f8d88b0c203408c61c67fab177f4f5a1629e0db62d784,0.05,0.802,0.148,0.6705,2025-05-12
2025-05-11 16:21:00,Prediction: This Artificial Intelligence (AI) Semiconductor Stock Will Soar After May 28,Yahoo,https://finnhub.io/api/news?id=3c76217b10de12329e92c7ea833c813288514e531155b4e4d972becda5aaee36,0.0,0.945,0.055,0.2617,2025-05-12
2025-05-11 12:16:06,"USA: A Historical Underperformer, But Value-Orientation Might Be Appealing",SeekingAlpha,https://finnhub.io/api/news?id=330eb9cea95f5b959d5f4ac1f33fedd5eb9041aab60c9cb5fe41f387790bcc3a,0.0,0.859,0.141,0.6808,2025-05-12
2025-05-11 12:00:00,Stock Splits Revisited: Here's How 3 High-Profile Stocks Have Performed Since Their Splits.,Yahoo,https://finnhub.io/api/news?id=cb12795a5e54aacfdf67568a319e6cfd8c7d5fef223b579f92892b776dff7d59,0.045,0.851,0.104,0.4767,2025-05-12
2025-05-11 11:35:00,Invesco Summit Fund Q1 2025 Commentary,SeekingAlpha,https://finnhub.io/api/news?id=a710fc90fb51204a1df19c2c41a5436e72f8c6a1ff5fa52303cebd30469c24f9,0.084,0.807,0.109,0.1779,2025-05-12
2025-05-11 09:27:44,"Nvidia: HOLD, Despite Market Cap Of Chip-Makers Likely To Double",SeekingAlpha,https://finnhub.io/api/news?id=f9d55e90a62947dc153c1291934df14f2f5efb4776e469d7db4379aefff69f08,0.0,0.795,0.205,0.7579,2025-05-12
2025-05-11 07:55:00,Invesco Rising Dividends Fund Q1 2025 Commentary,SeekingAlpha,https://finnhub.io/api/news?id=bf955552c441d518d76e864185d0200258299f88dd804d57eba04e3a83d94f8c,0.0,0.778,0.222,0.7184,2025-05-12
2025-05-11 06:41:00,Invesco Equally-Weighted S&P 500 Fund Q1 2025 Commentary,SeekingAlpha,https://finnhub.io/api/news?id=9384f087f2f2e4fe60bbe17fcf10ab4e24ff1c44d485209670a64ee1757b0ce3,0.0,0.89,0.11,0.5574,2025-05-12
2025-05-11 05:29:00,Nvidia: The Drama Is Over - Back To $150 By Year-End,SeekingAlpha,https://finnhub.io/api/news?id=65f127e7457ba22d656e7d734c6e6a78f5c6490c8450fb89824e6b664bdc1f3e,0.041,0.73,0.229,0.8591,2025-05-12
2025-05-11 03:45:00,Invesco Charter Fund Q1 2025 Commentary,SeekingAlpha,https://finnhub.io/api/news?id=47c67780031ae9f1e8e62e138a47a2d4e20de28c34c16e13734a28f4ee43325b,0.0,0.782,0.218,0.6486,2025-05-12
2025-05-11 03:35:00,Invesco Global Core Equity Fund Q1 2025 Commentary,SeekingAlpha,https://finnhub.io/api/news?id=3ec49e95ea4cf2c14535a16afd656063b8e9019484ee3f2d8415d2e4f425b1de,0.186,0.698,0.116,-0.2732,2025-05-12
2025-05-11 03:00:00,The Classic 60/40 Portfolio Has Lost Fans. They’re Intrigued by 25/25/25/25.,MarketWatch,https://finnhub.io/api/news?id=3cc4b0ae72b006d6a6de89492fba408ba81e9d46c169ad1e38068ee0185a4959,0.187,0.813,0.0,-0.5574,2025-05-12
2025-05-10 08:30:00,30 AI stocks that could surge up to 73% — and are loved by a bullish tech analyst,MarketWatch,https://finnhub.io/api/news?id=d3b045daf208ae45c5e03ff89465e64d81e7aef1125bcb88e36d490b59d68c8a,0.0,0.813,0.187,0.8316,2025-05-12
2025-05-10 06:28:08,EOS: Market Volatility Creating Better Opportunities,SeekingAlpha,https://finnhub.io/api/news?id=5108caf4515dd6055bbf824b7b75978cf950e8e631f06bbbba7cc00857ee8ce1,0.03,0.64,0.33,0.9038,2025-05-12
2025-05-09 23:10:00,Tariff Tango Keeps Feet Still,SeekingAlpha,https://finnhub.io/api/news?id=afcdcc038b6e6df429da42cde1dd3c21013ed8ffdfdd83d17ff3e4a579488b4e,0.0,0.793,0.207,0.718,2025-05-12
2025-05-09 19:57:06,Sector Update: Tech Stocks Mixed Late Afternoon,Yahoo,https://finnhub.io/api/news?id=0592263fa25502d707c323eecfd40d22a5fb539de3d6dc7a4e6fc38ba22622e4,0.0,1.0,0.0,0.0,2025-05-12
2025-05-09 19:53:00,"AI Stocks Are Back (MSFT, NVDA, PLTR)",Yahoo,https://finnhub.io/api/news?id=4de67afe6cdea3e563203ae9c0b9e323644050b2612057cdfcefdc288fe40ab7,0.0,0.752,0.248,0.8225,2025-05-12
2025-05-09 19:00:00,"Should You Buy, Hold, or Sell RGTI Stock Before Q1 Earnings?",Yahoo,https://finnhub.io/api/news?id=77ab8967244cb6a836e1a8810b925abc3db720818f7ff994507793e1d825d798,0.0,1.0,0.0,0.0,2025-05-12
2025-05-09 18:42:59,Jim Cramer on NVIDIA (NVDA): Bears ‘Getting Gored By The Bulls’,Yahoo,https://finnhub.io/api/news?id=609964ccec873a64606c6ce8c09673058d347a5e0ba99ee4bba3e7bcd067abbf,0.0,0.925,0.075,0.6486,2025-05-12
2025-05-09 18:02:50,Sector Update: Tech Stocks Mixed in Friday Afternoon Trading,Yahoo,https://finnhub.io/api/news?id=90f8053d943c2d1d3286792e42768739f626da50d48d3306d4bbeb99323bde5b,0.0,1.0,0.0,0.0,2025-05-12
2025-05-09 16:01:58,"Trump announces trade deal, BoE lowers Bank Rate: Morning Buzz",Yahoo,https://finnhub.io/api/news?id=3d679e2bbf69df827023942551a62ea3b73f3549da3883eb296ee03f723ad23b,0.045,0.819,0.136,0.9022,2025-05-12
2025-05-09 15:53:08,AMD Q1: You Still Have Time To Buy Before The Sentiment Shift,SeekingAlpha,https://finnhub.io/api/news?id=991aafbcee9a04d93c2b0668b469695eb3a8fe9e733f83a52d03c6d102dc6305,0.0,0.802,0.198,0.7506,2025-05-09
2025-05-09 15:48:10,US Department of Labor closes investigation into Scale AI,Finnhub,https://finnhub.io/api/news?id=19777e7b745c2e9d79648b4fbdaf5916a0abb632ef440f878feef16adcf54f1b,0.0,0.916,0.084,0.34,2025-05-09
2025-05-09 15:48:10,"US Department of Labor drops investigation into Scale AI, TechCrunch reports",Finnhub,https://finnhub.io/api/news?id=3a38534f5b842bbe00d422c96ce28cade41487d58df6c5ccd7aef2125c162184,0.044,0.878,0.079,0.128,2025-05-09
2025-05-09 15:25:43,Palantir's Gravity-Defying Rally Faces Reckoning As Valuation Reaches Danger Zone,Benzinga,https://finnhub.io/api/news?id=09476669e4cdc539b5a1bca03f6df36cdf29c8eaac8162c405130924343fd4e4,0.27,0.635,0.095,-0.4939,2025-05-09
2025-05-09 14:52:12,"Nvidia downgrades chip, Cloudflare outlook, Affirm disappoints",Yahoo,https://finnhub.io/api/news?id=5634f3c0905387a0d8b90eac8989157af55ff9ee23e5b4aea8919357df8990b4,0.058,0.942,0.0,-0.6369,2025-05-09
2025-05-09 14:49:01,AMD: Catalysts Align Ahead Of A 2025 Inflection Point,SeekingAlpha,https://finnhub.io/api/news?id=dbd7cb8e056f7c993f3361fdd138ee56570fc981c3fa4465241ec922651d00f4,0.0,0.802,0.198,0.7845,2025-05-09
2025-05-09 14:43:00,Nvidia Stock Falls. Why a New AI Chip Won’t Fix Its China Problems.,Yahoo,https://finnhub.io/api/news?id=db8e799b9278b08692eb42b65800dbdc347b66a2fa1a1c4dfbc740796fe02311,0.127,0.873,0.0,-0.4939,2025-05-09
2025-05-09 14:41:03,CoreWeave in talks for $1.5B debt deal after IPO misfire,Yahoo,https://finnhub.io/api/news?id=bcb92c4b6595b691726b6d096cd3279749ca1a9def5ae90a154f83359aa95e11,0.171,0.804,0.025,-0.9136,2025-05-09
2025-05-09 14:31:23,Trump Trade: President expected to announced trade deal with U.K.,Yahoo,https://finnhub.io/api/news?id=4552f46411975d512c0c3da503f1a3b3957b4128f66eecbbdd1fede4d39b3234,0.0,0.814,0.186,0.9493,2025-05-09
2025-05-09 14:01:00,"The Zacks Analyst Blog Highlights NVIDIA, Abbott Laboratories, Linde and Tredegar",Yahoo,https://finnhub.io/api/news?id=2fdf88958f944c648a66761e1f235c1fdf8493f248c1361daa63bdd0d3330b85,0.0,0.93,0.07,0.2023,2025-05-09
2025-05-09 13:20:09,NVIDIA Corporation (NVDA) – Datacenter Growth Offers Huge Upside Potential,Yahoo,https://finnhub.io/api/news?id=d37e1256ae8333a2160ab1d611d4a1e44d7b0db3c08edf94cd37836eddcebbbe,0.0,0.929,0.071,0.5994,2025-05-09
2025-05-09 12:49:00,"UnitedHealth, IBM share losses lead Dow's 217-point fall",MarketWatch,https://finnhub.io/api/news?id=9ad824cb604c94a79217ee42de7839cf6a3695f37e3578b69a91f72658cd6cdb,0.248,0.55,0.202,-0.25,2025-05-09
2025-05-09 12:41:53,"Marvell: Share Price Cut In Half, Is It Attractive?",SeekingAlpha,https://finnhub.io/api/news?id=bfb80758982624b9e07394b562587bb7dad95c71442f542a24d4c0d7bf002f83,0.053,0.711,0.236,0.7351,2025-05-09
2025-05-09 12:31:33,Nvidia to Launch China-Focused H20 AI Chip Amid U.S. Trade Curbs,Yahoo,https://finnhub.io/api/news?id=ec1880c58579b5ae8c2f3ad4dad0d8646eecde6ef1f67f19b276cc28fb75f73e,0.0,1.0,0.0,0.0,2025-05-09
2025-05-09 12:30:00,"Nvidia Dipped In Early '25, But It's Bouncing Back And Topped Key Benchmarks Since Early April",Yahoo,https://finnhub.io/api/news?id=f3b9d1d7129d49c6661e1ccfe7598023d1ea8f540a438b0abf03267a44b4d214,0.0,0.906,0.094,0.8201,2025-05-09
2025-05-09 11:49:00,Palantir and 29 Other Stocks for the Next Phase of the AI Trade,Yahoo,https://finnhub.io/api/news?id=344c162c9e02cc07c07e0bed61395d8d729aac3cd0522d70f7b04074d8bf5b74,0.0,0.948,0.052,0.4767,2025-05-09
2025-05-09 11:41:27,NVIDIA Corporation (NVDA): Among Paul Tudor Jones’ Stock Picks with Huge Upside Potential,Yahoo,https://finnhub.io/api/news?id=6f974ef91a42748789687984d77a73da5a4b276a4e14a84513babfd73d7bf6be,0.021,0.886,0.093,0.6486,2025-05-09
2025-05-09 11:37:34,This Week In AI Chips - AI Meets Blockchain: Revolutionizing On-Chain Gaming,Yahoo,https://finnhub.io/api/news?id=587696f00af1de62d78d0a73c7ec97a5aebe237807759e1f1dfd08f0868be69f,0.0,0.934,0.066,0.5423,2025-05-09
2025-05-09 10:46:00,Wolfspeed Gets Price Target Cut and Downgrade to Sell. The Chip Maker’s Stock Plunges.,MarketWatch,https://finnhub.io/api/news?id=b46f6158ccc0f22ffe468659e4cad8b61a531536c08a8cfa07cdf086cdd0a3b7,0.139,0.861,0.0,-0.4939,2025-05-09
2025-05-09 11:30:00,PGIM Jennison Blend Fund Q1 2025 Commentary,SeekingAlpha,https://finnhub.io/api/news?id=f4b5f0e6516949d2c6f094c1549d294374f3a2284bb92a0b96dbe1b00bbada6e,0.0,1.0,0.0,0.0,2025-05-09
2025-05-09 10:38:49,"Dow, S&P 500 and Nasdaq erase early gains as Alphabet, Nvidia slide",MarketWatch,https://finnhub.io/api/news?id=d882d10041803230c5c3fdd8e7f092ad43fd7d0bf6cc2535f234c629ce99e96b,0.0,0.821,0.179,0.5859,2025-05-09
2025-05-09 10:32:10,US senator introduces bill calling for location-tracking on AI chips to limit China access,Finnhub,https://finnhub.io/api/news?id=747be511ee7c0cbc97d4003bf2f9e2b79f1c4be5d1e6836067f0d34340fe0159,0.0,1.0,0.0,0.0,2025-05-09
2025-05-09 10:03:00,TSMC Stock Rises as Sales Surge. What It Means for the AI Trade.,MarketWatch,https://finnhub.io/api/news?id=b7277609ff99577cfa68d497ad6795e80400be5323af585c70f26eadc03149eb,0.0,1.0,0.0,0.0,2025-05-09
2025-05-09 10:00:00,Ethereum leads way as large cryptocurrencies post gains,MarketWatch,https://finnhub.io/api/news?id=36764711d7cfd4201001fbdf4abd7226c541adf3f1a03d17fa3aa8e404260f8d,0.0,0.745,0.255,0.5859,2025-05-09
2025-05-09 09:48:49,Nvidia to release downgraded H20 chip in China,Yahoo,https://finnhub.io/api/news?id=01618a9df003205e8e944def5345d57681ff6b21305cefb5983484af389cf9e9,0.0,0.942,0.058,0.2263,2025-05-09
2025-05-09 09:20:00,Invesco Main Street Fund Q1 2025 Commentary,SeekingAlpha,https://finnhub.io/api/news?id=2532fe9bad2b16b55a3d6f44dfe8ca7dcff42653956ffc6a5655eb6315aff9f2,0.0,1.0,0.0,0.0,2025-05-09
2025-05-09 09:19:00,Nvidia Stock Rises. Why It’s Ending a Good Week With More Gains.,Yahoo,https://finnhub.io/api/news?id=c5a7400b4a9735541ec52528a2791c4bcbcb2226d8ad0eb549a9870d86c4c49e,0.0,0.758,0.242,0.9606,2025-05-09
2025-05-09 09:15:00,Hard To Imagine Retirement Income Portfolio Without These 2 Picks,SeekingAlpha,https://finnhub.io/api/news?id=5277e773f93b325be9d0ac22ab9028df5bba20d599888d40bac39c0485924bcb,0.033,0.874,0.093,0.4939,2025-05-09
2025-05-09 09:15:00,Warren Buffett Grew Berkshire Into a $1 Trillion Company. Can Greg Abel Take It to $2 Trillion?,Yahoo,https://finnhub.io/api/news?id=aa0bf09014cfeeb9fd5e1b2b833e87ae82bd48c36959b0bc5210715b6a0cc2cc,0.0,0.948,0.052,0.4215,2025-05-09
2025-05-09 09:05:57,AMD: The Wake-Up Call Is Coming,SeekingAlpha,https://finnhub.io/api/news?id=e018be7fff6a90c1bf3d76a8f798cc95a982c9a04f089fc4f3b5b575046e6668,0.0,0.758,0.242,0.8225,2025-05-09
2025-05-09 09:04:12,"Trending tickers: TSMC, Lyft, Coinbase, Pinterest and IAG",Yahoo,https://finnhub.io/api/news?id=2775557061eadd86810fa4f3866cea0a19071b4c44eec4fab9c337a7c868104f,0.0,1.0,0.0,0.0,2025-05-09
2025-05-09 08:55:00,3 Reasons Nvidia Stock Is Still a Top Artificial Intelligence Buy Right Now,Yahoo,https://finnhub.io/api/news?id=011f43b97eae4c5210ea3a0ff7322b84e58541ccb94cf3d48fe901f37a556969,0.0,0.878,0.122,0.775,2025-05-09
2025-05-09 08:51:00,Google Stock Had a Bad Week. Why We’re Sticking With Our Alphabet Pick.,MarketWatch,https://finnhub.io/api/news?id=dc84083ff49805fbacc05240fd64d53b2f1229dcee68ee0a82cdaee70a3e59ae,0.226,0.774,0.0,-0.7906,2025-05-09
2025-05-09 08:28:03,NVIDIA Corporation (NVDA): Among Billionaire Quants’ Two Sigma’s Stock Picks with Huge Upside Potential,Yahoo,https://finnhub.io/api/news?id=52463380e55fb81a2aaec0257abc0abcee83fa972d95537f53fa4ef7d0447cef,0.0,0.908,0.092,0.7096,2025-05-09
2025-05-09 08:20:00,Auxier Asset Management Spring 2025 Market Commentary,SeekingAlpha,https://finnhub.io/api/news?id=eba777e4c008d93312871c2306318ee5bda74619c6da74df56a0510c240eeb0e,0.069,0.8,0.131,0.296,2025-05-09
2025-05-09 08:13:00,Nvidia Stock Stalls. Why a New AI Chip Won’t Fix Its China Problems.,MarketWatch,https://finnhub.io/api/news?id=1d4b10ca5faf425f84a8868a49e1211471e311019ad579bc8efd7b5978ee8d71,0.184,0.816,0.0,-0.6597,2025-05-09
2025-05-09 07:48:58,AEye Inc (LIDR) Q1 2025 Earnings Call Highlights: Strategic Milestones and Financial ...,Yahoo,https://finnhub.io/api/news?id=7e0999c204dae13510c275f694a93dfd6fcf33af158ae5b6c080aeaaf1ebd1fb,0.074,0.926,0.0,-0.34,2025-05-09
2025-05-09 07:42:00,Better AI Dividend Stock: Nvidia or Dominion,Yahoo,https://finnhub.io/api/news?id=6c8e27cb3e03564eda03760aa2f760e3ccd01ed8e464078152d07ca8ff3f612a,0.0,0.776,0.224,0.9349,2025-05-09
2025-05-09 07:10:00,2 Magnificent Seven Stocks that are Screaming Buys Today,Yahoo,https://finnhub.io/api/news?id=08585364b896c2a15b9f89e919740c80fc66d34e0d5f15d9e31975fee2d96611,0.045,0.827,0.128,0.8807,2025-05-09
2025-05-09 06:53:29,MORNING BID AMERICAS-Tariff rollback hopes rising,Finnhub,https://finnhub.io/api/news?id=d9f3859f0056c2dc24664df3cc31339677e541b67cca89785cffd03bd4058463,0.0,0.874,0.126,0.4404,2025-05-09
2025-05-09 05:38:48,TSMC April Sales Surge After US Tariffs Spur Device Rush Orders,Yahoo,https://finnhub.io/api/news?id=9b1b5f4291556dd4bba6a8cba74346c93cdd30cfee6159a2d10084560dbf5600,0.131,0.815,0.054,-0.7351,2025-05-09
2025-05-09 04:03:21,"Exclusive-Nvidia modifies H20 chip for China to overcome US export controls, sources say",Yahoo,https://finnhub.io/api/news?id=e9852001245d0393b201276da110963c39827e530f40a46336acf43f56423cbb,0.022,0.907,0.071,0.5994,2025-05-09
2025-05-09 04:03:21,"Nvidia modifies H20 chip for China to overcome US export controls, sources say",Yahoo,https://finnhub.io/api/news?id=9c76af5fc147231348ff8a23df5c40fa1d268500645b2d30d0ee6a2f7b25f01f,0.022,0.907,0.071,0.5994,2025-05-09
2025-05-09 02:52:53,NVIDIA Corporation (NVDA): Among Chris Rokos’ Stock Picks with Huge Upside Potential,Yahoo,https://finnhub.io/api/news?id=0d2773fb299ce7fa4f2030c5a819de95c059c013044b2cac7975be8f7ebc99de,0.0,0.874,0.126,0.802,2025-05-09
2025-05-09 00:58:47,"Nvidia Modifies H20 Chip For China After US Restrictions Block Sales, Aims To Deliver New Version By July: Report",Benzinga,https://finnhub.io/api/news?id=216146beb2d7de767c7d7f8c6d4b6229b5de4a20b2de14b6efa4b8b3da7bec16,0.055,0.945,0.0,-0.4404,2025-05-09
2025-05-09 00:15:00,AMD vs. Nvidia: Which Artificial Intelligence Stock Should You Buy on the Dip?,Yahoo,https://finnhub.io/api/news?id=3ec840bb15243ca4ef7cd84a6a374c2c23724558448e34165d95780616c4d9dd,0.0,0.699,0.301,0.9689,2025-05-09
2025-05-08 23:19:14,NVIDIA Corp. (NVDA): Among Billionaire Bruce Kovner’s Stock Picks with Huge Upside Potential,Yahoo,https://finnhub.io/api/news?id=825754c3b79c43c0b7b1970a3b1301f4884c993b79d7033c3071ca768f9371e0,0.0,0.908,0.092,0.7096,2025-05-09
2025-05-08 23:10:13,Veteran Wall Street trader's move will surprise Nvidia investors,Yahoo,https://finnhub.io/api/news?id=85617fdbe761809c3709df288c5e0768963c18eeeb7bfc38fded22b59aa9b625,0.0,0.913,0.087,0.2732,2025-05-09
2025-05-08 22:05:00,"One of the Largest Teacher Pension Funds in the U.S. Sold Nvidia, Tesla, and Apple and Piled Into a Popular Pharmaceutical Stock Up 395% Over the Last 5 Years",Yahoo,https://finnhub.io/api/news?id=5d392742071548b8224b9008d7e0baf3a5616626b914afc038cfb18b19b23e41,0.0,0.924,0.076,0.8268,2025-05-09
2025-05-08 21:58:42,"From Apple to GM, Tariffs to Cost Companies Tens of Billions",Yahoo,https://finnhub.io/api/news?id=3022292d41dad23f3268df89f56ef41fcb1b74d88d4dd7e87551f92749aeba0e,0.195,0.758,0.047,-0.9312,2025-05-09
2025-05-08 21:56:36,"Semiconductor Stocks Rally as Allegro's Q4 Beat Ignites AMD, Nvidia and Marvell",Yahoo,https://finnhub.io/api/news?id=13617194c87a6d05c643b16907629e0117b760a9d9d98aeb80114a360479197c,0.0,0.845,0.155,0.5106,2025-05-09
2025-05-08 21:03:19,Nvidia Welcomes Trump's AI Policy Shift,Yahoo,https://finnhub.io/api/news?id=8a1301a8db74e7f2fcd6945e558e55ee711e502d5babdf4f32afa1f98dae6d73,0.0,0.652,0.348,0.8625,2025-05-09
2025-05-08 20:21:00,SoundHound AI had a record first quarter — but Wall Street wanted more,MarketWatch,https://finnhub.io/api/news?id=fe801b337d9ca1166abf527f2ac49ddbc65bce941cae100f2937a9997db4b0e7,0.0,1.0,0.0,0.0,2025-05-09
2025-05-08 17:00:56,Nvidia Stock Is Down 21% From Its Peak. Is It Time To Buy?,SeekingAlpha,https://finnhub.io/api/news?id=4f609e7314fe2d3737418c7e02ec3551d8c8708c2acf54e4fe6916efab16b737,0.0,1.0,0.0,0.0,2025-05-09
2025-05-08 16:49:55,"Trump Talks Tariffs, Tech Stocks Gain As QQQ Leads The Charge",Benzinga,https://finnhub.io/api/news?id=416ffeb9d2d44f9f7b19038b3948b0b2f8c63fcb9dad99f6d585809e44be8fb1,0.0,0.792,0.208,0.7845,2025-05-09
2025-05-08 15:23:22,Nvidia Rises On Trump AI Chip Export Plan; Earnings Loom. Is Nvidia A Buy Now?,Yahoo,https://finnhub.io/api/news?id=e267755ba6a8e8c8198fe5ae9cd3d76591ac7dd802cf20d75c255272ecb9fec9,0.03,0.894,0.076,0.4515,2025-05-08
2025-05-08 15:13:31,Nvidia (NVDA) Flags $5.5B Hit as CEO Mentions Easing AI Chip Curbs,Yahoo,https://finnhub.io/api/news?id=7668d5e3d2c690221792eb2ec583277fc6919b489bcec6e8f36dd4c5ebc5bf86,0.085,0.731,0.185,0.3818,2025-05-08
2025-05-08 15:00:00,"Tech opportunities, Trump trade talks, Fed hold: Strategy session",Yahoo,https://finnhub.io/api/news?id=31bbdfaeb5e5d2f6a3229ebe680eb633752c5b9cbc7608d0e5e1dc9e6663b272,0.0,0.91,0.09,0.9081,2025-05-08
2025-05-08 14:51:05,Q2 2025 Amdocs Ltd Earnings Call,Yahoo,https://finnhub.io/api/news?id=c7d1c99cc45b51fc94530abacd5dffacbe8c106b2d38d90917ae935bf1c1afd5,0.0,1.0,0.0,0.0,2025-05-08
2025-05-08 14:44:00,"These Stocks Are Moving the Most Today: Arm, AppLovin, Alphabet, Coinbase, D-Wave Quantum, Fortinet, Carvana, Cleveland-Cliffs, and More",MarketWatch,https://finnhub.io/api/news?id=c46a0a971dfb01b5f158546f822a75c2700c5fc8655b7cb58de5b680514b354c,0.0,1.0,0.0,0.0,2025-05-08
2025-05-08 14:30:29,Trump Officials Weigh Fast-Tracking Deals With Gulf Wealth Funds,Yahoo,https://finnhub.io/api/news?id=04a752d08d385d00a9f952e7dbadc156be3f4da5e86af76a60fd9239ca7db086,0.09,0.772,0.139,0.5859,2025-05-08
2025-05-08 14:20:00,Hartford Capital Appreciation Fund Q1 2025 Commentary,SeekingAlpha,https://finnhub.io/api/news?id=b978f055cb3b2939297deba8cac66e33273378115fc7f5c74b751ff69f7f1482,0.042,0.693,0.265,0.8126,2025-05-08
2025-05-08 14:12:00,"Nvidia, AMD Stocks Rise as Trump Plans to Scrap Biden’s Chip-Export Rules",Yahoo,https://finnhub.io/api/news?id=52bfe5ef5d06a50a300c2aef34f0f873f7f2206ed6d0087ff0d24214434d8859,0.0,1.0,0.0,0.0,2025-05-08
2025-05-08 14:06:34,Nvidia Stock Wobbles On Uncertainty Over Trump AI Chip Policy,DowJones,https://finnhub.io/api/news?id=22f386ece779bd4306eb4f86c33f9a12e79f3e3e0097f05514ac14d1dc2d8ca7,0.211,0.789,0.0,-0.5859,2025-05-08
2025-05-08 14:00:00,2 Unstoppable Stocks That I'm Buying If the Market Crashes Again,Yahoo,https://finnhub.io/api/news?id=187488ecea2372e3c0b489a531b48b996a3f858f662075cf171715b16e0ccaba,0.062,0.853,0.085,0.1725,2025-05-08
2025-05-08 13:52:50,"Nvidia, AppLovin, Molson Coors Beverage: Trending Tickers",Yahoo,https://finnhub.io/api/news?id=4fd5d4dfc1d98e362e4c3da6d0854dc8bfbbd53ee76031203b39fd3c21b5e963,0.037,0.932,0.031,0.1027,2025-05-08
2025-05-08 13:47:00,"These Stocks Are Moving the Most Today: Arm, Nvidia, AppLovin, Shopify, Alphabet, Coinbase, D-Wave Quantum, Peloton, and More",Yahoo,https://finnhub.io/api/news?id=51fa56bf18769c3d074a80ebce1cc8d2edb68dbe64d9dd26db058b41046a4c87,0.069,0.931,0.0,-0.4939,2025-05-08
2025-05-08 13:31:00,Marvell Technology Plunges 17% in a Year: Hold or Fold the Stock?,Yahoo,https://finnhub.io/api/news?id=9cf0ea3e3e4377b11d7ec198a6f940586a81b04876dbd9e27127d3a8842a0d98,0.0,0.852,0.148,0.6369,2025-05-08
2025-05-08 13:18:37,"US-UK trade talks, Fed seeks clarity, AI chip curbs: 3 Things",Yahoo,https://finnhub.io/api/news?id=2f880d02699a1f31b10a9a7bd2578a947475633b9582b3803f794aa5983e8ff4,0.01,0.867,0.123,0.936,2025-05-08
2025-05-08 13:16:25,"China Is Baked In, Time To Pick Up AMD And Nvidia Stock",SeekingAlpha,https://finnhub.io/api/news?id=6a6609d2f555391bb3dba067e08570a7cac6fb9f479fc9d65e99a962cd7aea73,0.0,0.748,0.252,0.8442,2025-05-08
2025-05-08 12:52:48,Super Micro Computer: Show Me The Growth (Rating Upgrade),SeekingAlpha,https://finnhub.io/api/news?id=17d931cfc1f805628bec430647191531b026f8ae9450c1fe20d74564d509d219,0.047,0.59,0.363,0.8807,2025-05-08
2025-05-08 12:33:32,Q4 2025 Arm Holdings PLC Earnings Call,Yahoo,https://finnhub.io/api/news?id=10a158cadcee1232fa78ae23238438d15fe5d3a40f639b0b8d039d4de3212a73,0.0,1.0,0.0,0.0,2025-05-08
2025-05-08 12:30:00,Should You Buy Nvidia Stock Before May 28? Here's What History Says.,Yahoo,https://finnhub.io/api/news?id=9be71c18c1767f184877a855c0b4fa584fe0fa62a716c0e87ceff6579fcbc5f6,0.0,1.0,0.0,0.0,2025-05-08
2025-05-08 12:12:40,Nvidia stock in focus amid report Trump administration plans to repeal Biden’s AI chip curbs,Yahoo,https://finnhub.io/api/news?id=2233a666b22c9384f5cde004465b9b3b170be531dfeac6f42732f0c2ba69c416,0.0,1.0,0.0,0.0,2025-05-08
2025-05-08 12:06:00,Nvidia’s Jensen Huang fears losing the Chinese market. One analyst says that’s short-term thinking.,MarketWatch,https://finnhub.io/api/news?id=5474b1ac8289af6734ed7933f8d80de42e4279e4f06515e938a4207a3f2fb953,0.31,0.69,0.0,-0.8689,2025-05-08
2025-05-08 12:00:53,Nvidia and AMD Rally as Trump Targets AI Export Curbs Rollback,Yahoo,https://finnhub.io/api/news?id=bd75f93e1480061ca472c3e0e3a9c11ebb6b3c378155764570135dc4fa63a834,0.086,0.82,0.094,0.0516,2025-05-08
2025-05-08 11:57:31,"Cathie Wood's ARK Invest Loads Up on Nvidia, AMD as U.S. Eases Chip Rules",Yahoo,https://finnhub.io/api/news?id=0b6264d52d0ce5740f055406bac96dfa1f9cf262c679a6ee253317fa68315437,0.0,0.821,0.179,0.6124,2025-05-08
2025-05-08 11:52:51,Alarm Bells For Nvidia As $9.8 Billion Blow Threatens A Crash: ETFs With Most Risk Or Opportunity,Benzinga,https://finnhub.io/api/news?id=30cb2321bc5a593bbc50d217d21d16f3abbf80f11d758f9607c930e0de7178b2,0.347,0.594,0.059,-0.9007,2025-05-08
2025-05-08 11:48:30,2 Reasons Why Nebius Should Hit +$30: Initiating With A Buy Rating,SeekingAlpha,https://finnhub.io/api/news?id=3b986c8f176a0e7afb4aebb25ec044f65c83d92321c4544f1335915b1e469070,0.074,0.757,0.17,0.5719,2025-05-08
2025-05-08 11:33:17,"President Trump Says Going To Have Large Share Of Chipmaking Market; Think 10% Baseline Is Set; 10% Baseline Is Not A Template For Future Deals; 10% Is A Low Number, Others Will Be Higher; Template Of 10% Is Probably The Lowest End; Won't Do A Similar Deal With Cars",Benzinga,https://finnhub.io/api/news?id=95d51d7807fe66d9b46bbd03394ea71adb715f0f67b61310e3409d18517800bf,0.087,0.849,0.065,-0.296,2025-05-08
2025-05-08 11:23:00,Market Jitters Creating the Perfect Storm: 2 Artificial Intelligence (AI) Stocks at Bargain Prices,Yahoo,https://finnhub.io/api/news?id=300b39c93057d105c0849cbb9360d46b0e3d320410f4a967fb323d14d7401a15,0.0,0.641,0.359,0.9287,2025-05-08
2025-05-08 11:09:05,'Accelerating the Discovery of New Battery Materials with SES AI's Molecular Universe'- Nvidia,Benzinga,https://finnhub.io/api/news?id=696ef9daeb6416716ab780e268e2d1bbde2abf0dcc83108756a5c0fcc0c301b6,0.0,1.0,0.0,0.0,2025-05-08
2025-05-08 10:59:00,Nvidia Stock Wavers as Trump Plans to Scrap Biden’s Chip-Export Rules,MarketWatch,https://finnhub.io/api/news?id=97889ae5f6d241af2a243bde30eaba4081d5e0aa7b8831f96a785ca181282c15,0.0,1.0,0.0,0.0,2025-05-08
2025-05-08 10:41:43,Arm Holdings Q4: The Massive Post-Earnings Stock Drop Appears Exaggerated,SeekingAlpha,https://finnhub.io/api/news?id=7308f1dc1b239009878c14819289be004e31b7491425259092a7efed55736481,0.304,0.696,0.0,-0.3612,2025-05-08
2025-05-08 10:21:47,Stocks trim gains as Big Tech loses altitude,MarketWatch,https://finnhub.io/api/news?id=34c4b82115a9bd63c3947f178594dfca4a9eec0f514cbfb570303bb33f37862c,0.215,0.561,0.224,0.0516,2025-05-08
2025-05-08 10:13:36,"Trending tickers: Alphabet, Nvidia, Disney, Puma and Next",Yahoo,https://finnhub.io/api/news?id=d69d26c6b754b91e3864471989185afa0935f2d6252955352b29f28c23ea30f7,0.0,1.0,0.0,0.0,2025-05-08
2025-05-08 10:12:00,Arm Stock Plunges. Why Chip Design Isn’t a Hiding Place From Tariffs.,MarketWatch,https://finnhub.io/api/news?id=5af9873e0670f9224c2dcef162d8c9ca3e99804559705b34b277580ec7c9533a,0.167,0.833,0.0,-0.5267,2025-05-08
2025-05-08 10:00:00,"Large cryptocurrencies climb on Sui, Ethereum increases",MarketWatch,https://finnhub.io/api/news?id=070f7bbe5213a97d517f00d3e120317d62407a29aa807078c5e5f5396e6d6df5,0.0,1.0,0.0,0.0,2025-05-08
2025-05-08 09:32:31,Dow Jones Rallies On Trump's 'Major Trade Deal'; Nvidia Partner Arm Dives On Earnings,DowJones,https://finnhub.io/api/news?id=c3cb499dba391ddc06af19ae4388a98681a5d6c3b2585d43785d98e66098d1ac,0.0,1.0,0.0,0.0,2025-05-08
2025-05-08 09:18:56,"Top 10 Trending Stocks On WallStreetBets As Of May 8, 2025 (Via Swaggy Stocks)",Benzinga,https://finnhub.io/api/news?id=6fff51099879249c73babbc14a75273c40aa4699885a8022ac14df222a50b317,0.0,0.899,0.101,0.2023,2025-05-08
2025-05-08 09:00:00,Super Micro: Now You Really Need To Ignore The Short-Term Noise,SeekingAlpha,https://finnhub.io/api/news?id=ea18f0eea591eddd2aaf5c98308939e1c3aa78b5c7e0f90dd65dd6ac2344ca52,0.101,0.581,0.318,0.8629,2025-05-08
2025-05-08 08:00:16,"Humanoid Robots Could Ease Labor Shortages, Maybe Even Care For Seniors",DowJones,https://finnhub.io/api/news?id=de0ea5bcae869f5433a795a6c0c6220aed74a275c8759129fc85d2ff9e44a29c,0.105,0.523,0.373,0.8481,2025-05-08
2025-05-08 07:11:12,Arm shares slump as weak forecasts fuel investor worries,Finnhub,https://finnhub.io/api/news?id=1d1ec04ce2ec654411d36e6dfe508e5276bbe0921d79a61a7154f3ce08e8dbfa,0.242,0.661,0.097,-0.765,2025-05-08
2025-05-08 07:03:00,The Economy Is Finally Cracking: Here's How To Rebalance Your Portfolio,SeekingAlpha,https://finnhub.io/api/news?id=6720c2df28252bc98289bcffc8c61bfec009b9ae2efba719644eb9d53ccc58ba,0.149,0.851,0.0,-0.6808,2025-05-08
2025-05-08 06:42:00,Why Fed’s Powell Needs to Pay Close Attention to First Trade Deal,MarketWatch,https://finnhub.io/api/news?id=485771e1a98436534b73c309cbbf7f5b5c350f3ba0ce9a197cf9cc8690829346,0.113,0.887,0.0,-0.2023,2025-05-08
2025-05-08 06:40:00,Fidelity Freedom 2030 Fund Q1 2025 Commentary,SeekingAlpha,https://finnhub.io/api/news?id=f2db0099bf9cf9936588ce2c0f2de876ae25abb997eaa90f6a9c6c611a31972b,0.0,0.787,0.213,0.8555,2025-05-08
2025-05-08 06:25:00,Franklin Global Allocation Fund Q1 2025 Commentary,SeekingAlpha,https://finnhub.io/api/news?id=4c739cfb99f3a8927149972d539d6ccbb89681670bf899266ee14ed69306f26c,0.0,1.0,0.0,0.0,2025-05-08
2025-05-08 05:56:30,"Trump to Rescind Global Chip Curbs, Prep New AI Restrictions",Yahoo,https://finnhub.io/api/news?id=636bc7311022a093ec107b9a5a795ac8a8432b90479a2b15436dce7b30c67fa2,0.119,0.82,0.061,-0.6705,2025-05-08
2025-05-08 04:00:00,Fidelity Freedom 2025 Fund Q1 2025 Commentary,SeekingAlpha,https://finnhub.io/api/news?id=33a4a27ed31753d4c176c7ec7d1689d2db41daafedb73cbcbbc984c55bda7f5d,0.0,0.775,0.225,0.8555,2025-05-08
2025-05-08 03:56:01,Towards a lifting of restrictions on AI chips?,Finnhub,https://finnhub.io/api/news?id=13fb534b980d736a9f8178b2d1ac5e1db1741b4e7ab59a84441fd5494e165b1b,0.043,0.957,0.0,-0.0772,2025-05-08
2025-05-08 03:20:00,Fidelity Freedom Income Fund Q1 2025 Commentary,SeekingAlpha,https://finnhub.io/api/news?id=c800fbbb3ddb40056a8c4791ed80bbcda770e3757da150cbcc3ae7354725183e,0.0,0.775,0.225,0.8555,2025-05-08
2025-05-08 03:00:00,Nvidia Shows Improved Relative Strength; Still Shy Of Benchmark,DowJones,https://finnhub.io/api/news?id=da1af54c95c3625630591110309a07090cfdbaf16df4b8c38516e58785809cc6,0.14,0.42,0.441,0.8625,2025-05-08
2025-05-08 02:38:00,U.S. to Overhaul Curbs on AI Chip Exports After Industry Backlash,Yahoo,https://finnhub.io/api/news?id=8ea3d4e57d73fe21a239c9bf121911683d4a2629ac8348863d88a02baf18e92c,0.053,0.924,0.023,-0.25,2025-05-08
2025-05-08 02:00:00,Tariff Uncertainty Clouds Long-Term Outlook For Tech Companies,SeekingAlpha,https://finnhub.io/api/news?id=327cea5a490c7f1e32140f790c14ba2400e6b86d4a913f2321bdd7d2a44489a6,0.151,0.849,0.0,-0.5859,2025-05-08
2025-05-08 01:11:32,Trump To Revise AI Chip Curbs. What Does That Mean For Nvidia And AMD?,Yahoo,https://finnhub.io/api/news?id=9fe5bc07bded4e90645e178e7d147e9a7a6fc0a95dd121d154134a891256bb35,0.067,0.933,0.0,-0.3612,2025-05-08
2025-05-08 00:45:00,Dividend Hikes Offer Optimism Amid Tariff Turmoil,SeekingAlpha,https://finnhub.io/api/news?id=f98d171acf0f2677696768a10207f7a9239f331320224fd1228097109b49bf19,0.252,0.651,0.098,-0.3716,2025-05-08
2025-05-07 22:59:17,"Super Micro Impacted By AI Server Delays And Nvidia Supply Limits, Analysts Lower Forecast",Yahoo,https://finnhub.io/api/news?id=2256da46743ec9bf269ea94700383967b31189aa107691e69b3a5bd3284d3dd1,0.035,0.757,0.208,0.9654,2025-05-08
2025-05-07 22:52:00,Hartford Growth Opportunities Fund Q1 2025 Commentary,SeekingAlpha,https://finnhub.io/api/news?id=b44bd256d23b79f849fd26897a02f4ddcc1e3a0037f6e7edba09e100f587ddc3,0.0,0.568,0.432,0.9217,2025-05-08
2025-05-07 22:18:36,"Cathie Wood Strengthens AI Chip Holdings With Nvidia And AMD Purchases, Reduces Palantir Position By Another $38.8 Million",Benzinga,https://finnhub.io/api/news?id=3d49684cec6f0fde4bfc652d604658810a9df2f58850213678879d8929055a1f,0.0,0.877,0.123,0.6369,2025-05-08
2025-05-07 22:15:42,Nvidia stock rises on report Trump administration plans to repeal Biden’s AI chip curbs,Yahoo,https://finnhub.io/api/news?id=0e5f6106232493113d6f0e43022a6a9011390364e148a95e57a85f3e59e5b882,0.0,1.0,0.0,0.0,2025-05-08
2025-05-07 22:15:00,Here Is My Top Artificial Intelligence (AI) Stock to Buy in May (Hint: It's Not Nvidia),Yahoo,https://finnhub.io/api/news?id=f47dfe557ee60beb9abf5824d7e8a558b5133bf4d39b2db780ddcd42beaa0238,0.0,0.836,0.164,0.936,2025-05-08
2025-05-07 22:00:12,NVIDIA Corporation (NVDA): Among Billionaire Mario Gabelli’s Large-Cap Stock Picks with Huge Upside Potential,Yahoo,https://finnhub.io/api/news?id=9d392ce5d4ca1c531db0bb6eeb904fa7f57ef316256f7a9b0afc8c68e305e578,0.029,0.879,0.092,0.5719,2025-05-08
2025-05-07 21:31:20,"Stripe unveils AI foundation model for payments, reveals ‘deeper partnership’ with Nvidia",Yahoo,https://finnhub.io/api/news?id=877246fe5832adb3e8dfb538e66c90f5c9602ec84a64b4551078fb53c6753a68,0.0,1.0,0.0,0.0,2025-05-08
2025-05-07 21:05:06,Nvidia Says Welcome The Trump Administration'S Leadership And New Direction On AI Policy,Finnhub,https://finnhub.io/api/news?id=df5c8c7487acf5e3907ad8aaacf5c73872ebcd5d8befc6f6547965d6663ceaa7,0.0,0.822,0.178,0.7739,2025-05-08
2025-05-07 20:38:00,Why Nvidia investors are cheering Trump’s likely dismantling of Biden’s AI chip rules,MarketWatch,https://finnhub.io/api/news?id=041cd2a9345878fbf449464da6f48936946519bf881b699264d676514d254223,0.0,0.784,0.216,0.765,2025-05-08
2025-05-07 20:33:00,Veteran stock trader has surprising Nvidia take ahead of earnings,Yahoo,https://finnhub.io/api/news?id=00889fd98ab0673310875d70149d7732edca10e57e67657fd68ea021f0a75317,0.0,0.822,0.178,0.6597,2025-05-08
2025-05-07 20:25:54,What AMD's Earnings Could Mean for Nvidia,Yahoo,https://finnhub.io/api/news?id=55c2c71c143ac1376c2cf7d8aa4f3de2c38211c4170dbc5d66ada3708ed553a9,0.052,0.898,0.05,-0.0258,2025-05-08
2025-05-07 20:25:47,Nvidia stock rises on report Trump will rescind AI chip curbs,Yahoo,https://finnhub.io/api/news?id=5f113741b1ea4eacdb34f09e0f64efaf13dbe0133645e273c1d853a13f61744b,0.032,0.941,0.027,0.1335,2025-05-08
2025-05-07 20:19:17,NVIDIA Corporation (NVDA): Among Stocks That Will Make You Rich In 3 Years,Yahoo,https://finnhub.io/api/news?id=8673e6255ea1ebda17276a13e02c61cbbbdfbd97366e9b32a4475c04f6e57fec,0.0,0.859,0.141,0.8957,2025-05-08
2025-05-07 20:11:00,Nvidia Stock Leaps on Report Trump Will Relax AI Chip Export Curbs,Yahoo,https://finnhub.io/api/news?id=24b40dce8fdb13eccb26bec7e6b61169a47c22f95d0d80a90d919dd58171acf9,0.0,0.732,0.268,0.8316,2025-05-08
2025-05-07 20:04:00,Investing Secrets From a Hedge Fund Legend—and 2 Tech Stocks That Fit the Bill,Yahoo,https://finnhub.io/api/news?id=ef658b101bfb8619b0c9d3ff62f53d81942449cf5bf649474339206e155fc61f,0.0,0.937,0.063,0.3612,2025-05-08
2025-05-07 19:37:00,Nvidia CEO sounds the alarm on China,Yahoo,https://finnhub.io/api/news?id=edef2bc8fd6e179faa1d285097f95684d1aa964b8fc9c9924de87aa1c37c5b57,0.167,0.833,0.0,-0.34,2025-05-08
2025-05-07 19:17:54,Tracking Baillie Gifford's 13F Portfolio - Q1 2025 Update,SeekingAlpha,https://finnhub.io/api/news?id=a4009848ec2b5e133fbd9d76888708382f8b69a348fb0f9fa3943232ef64e5de,0.0,0.793,0.207,0.6124,2025-05-08
2025-05-07 19:11:00,Marjorie Taylor Greene Goes Stock Shopping Again: Here Are 50+ Stocks The Congresswoman Bought,Benzinga,https://finnhub.io/api/news?id=5cca64ec11aaba04b945d06e8fed345e4625528cac1f063d305299542a1c321b,0.0,1.0,0.0,0.0,2025-05-08
2025-05-07 19:00:00,Azure Aids MSFT's Q3 Beat: Should AI-Focused Investors Buy the Stock?,Yahoo,https://finnhub.io/api/news?id=02a5922c8f2fcccf78157c07ad816595f9914cb6a210b8ac429adf5d8d53559a,0.0,0.766,0.234,0.8316,2025-05-08
2025-05-07 18:26:24,Is NVIDIA Corporation (NVDA) the Best Dow Stock?,Yahoo,https://finnhub.io/api/news?id=caf0129bea0695fd9eeb80d383aa205f1e28b3c3c977eb16a497163f2d731c0c,0.054,0.771,0.175,0.8519,2025-05-08
2025-05-07 18:24:56,Nvidia Climbs as AMD's CEO Declares AI Boom 'Unstoppable,Yahoo,https://finnhub.io/api/news?id=ea80c01a537b95d8d479f41810a7bd1a0eae9ab9a8a5b294cd35c123dd51cc7a,0.208,0.792,0.0,-0.4939,2025-05-08
2025-05-07 17:35:21,NVIDIA (NasdaqGS:NVDA) Powers Intelligent AI Agents With ServiceNow & Ouster Collaboration,Yahoo,https://finnhub.io/api/news?id=ef97a8b40d3dc3ededcb480d09df148205d1b7bc066634bd30ab490926829b31,0.0,0.793,0.207,0.9442,2025-05-08
2025-05-07 17:34:08,NVIDIA Corporation (NVDA): Long-Term Growth Confidence Builds Despite Modest Portfolio Weighting,Yahoo,https://finnhub.io/api/news?id=0002b9de8c12405ba4d4db6461713733b59130eff887ffcd7e97aebcb7bbf044,0.039,0.841,0.12,0.7269,2025-05-08
2025-05-07 17:25:00,"Wall Street Lunch: Fed Holds Rates, In No Hurry To Cut",SeekingAlpha,https://finnhub.io/api/news?id=eadb27b2acfd831279857b041f641992154c16d20eecc421c6bd1455da85bf3c,0.268,0.684,0.049,-0.8807,2025-05-08
2025-05-07 17:23:00,Hartford Core Equity Fund Q1 2025 Commentary,SeekingAlpha,https://finnhub.io/api/news?id=628123fd0ae5f166c3eccd6e90f406a5962ccb18fc51660b756316ae1e3278ac,0.0,1.0,0.0,0.0,2025-05-08
2025-05-07 16:33:02,U.S. stocks close higher in volatile session after Fed holds interest rates steady — and says it's in no hurry to lower them,MarketWatch,https://finnhub.io/api/news?id=92750b2d4ec167c9ad3fc600f7b7539863b075c1ecf1d87938a489fd550de193,0.161,0.73,0.109,-0.2023,2025-05-08
2025-05-07 16:24:57,Trump administration to rescind Biden-era AI chip export curbs,Finnhub,https://finnhub.io/api/news?id=8c205ffdb589be9025facda92446fab3e61462ff547f64c356faa829e61c1e89,0.0,0.943,0.057,0.25,2025-05-08
2025-05-07 16:04:09,"Trump administration will rescind Biden-era AI chip export curbs, Commerce Department says",Finnhub,https://finnhub.io/api/news?id=72ef656e746a0aa0287a9c18d8dc18d3c9b0fb36ef3b36580fcfd59c0cf53016,0.0,1.0,0.0,0.0,2025-05-08
2025-05-07 15:54:07,"Trump administration will rescind Biden-era AI chip export curbs, Bloomberg News reports",Finnhub,https://finnhub.io/api/news?id=509d14a79fabdf13bf906a484a3e99dfebede58fcc56790aada3732667866a2c,0.0,0.947,0.053,0.25,2025-05-07
2025-05-07 15:48:30,Shares of chip stocks are trading higher following a report indicating President Trump will rescind global chip curbs.,Benzinga,https://finnhub.io/api/news?id=68321bb8db864272a5527135034dea57aeda3f247b01d3a1ccc6f891bf1e6501,0.0,0.885,0.115,0.296,2025-05-07
2025-05-07 15:48:14,'Trump To Rescind Global Chip Curbs Amid AI Restrictions Debate' - Bloomberg News,Benzinga,https://finnhub.io/api/news?id=25fb55c81a833d731ef7e455efd5636ae8c5325e69ed9df9f4fa2e094852c2f9,0.0,1.0,0.0,0.0,2025-05-07
2025-05-07 15:45:00,Nvidia: I Am Buying The YTD Weakness With Confidence,SeekingAlpha,https://finnhub.io/api/news?id=f155e56105e9505d3b54eb31ab0d14a94950c22eafaa4c6a6891be393fc0237a,0.106,0.67,0.224,0.6808,2025-05-07
2025-05-07 15:11:27,Super Micro Computer Q3 Earnings Review: Uninvestable Might Be An Understatement,SeekingAlpha,https://finnhub.io/api/news?id=5b01237f5e2495eca24c5f0ce971e9acf32d3dceed26600c996e74f21ffc02e7,0.049,0.678,0.273,0.8625,2025-05-07
2025-05-07 13:07:09,"Cadence unveils new Nvidia-based supercomputer as it pushes into engineering, biotech software",Finnhub,https://finnhub.io/api/news?id=66a2a8fa21aa03c54d4a01e58a804965b4985b702baa96fb74e00c9603171ab4,0.0,1.0,0.0,0.0,2025-05-07
2025-05-07 12:53:00,Fidelity Freedom 2045 Fund Q1 2025 Review,SeekingAlpha,https://finnhub.io/api/news?id=576b2781985e455b2f56e6b6b50ff66775701d184a294433b87773efd9d11bb2,0.0,0.588,0.412,0.6369,2025-05-07
2025-05-07 12:38:00,IonQ and D-Wave Quantum Report Earnings Soon. What to Expect.,MarketWatch,https://finnhub.io/api/news?id=928903485462132c76cde05529668de3819784e3ff20319a81e6ec2a2ad03ee2,0.0,1.0,0.0,0.0,2025-05-07
2025-05-07 12:11:00,Super Micro Stock Faces Pressure as Customers Await Nvidia’s Blackwell Chips,MarketWatch,https://finnhub.io/api/news?id=5f5baab8b3ff94402c5432db6b9642976b3b3466858e1fa1e31d2d85545560f8,0.142,0.516,0.342,0.7351,2025-05-07
2025-05-07 11:50:00,Fidelity Freedom 2065 Fund Q1 2025 Commentary,SeekingAlpha,https://finnhub.io/api/news?id=80a9153c55e99b410b84cd4ee4a20f82bfdd5f9cabbde44f316f684d87e404a9,0.0,0.755,0.245,0.8316,2025-05-07
2025-05-07 11:39:04,Stock Market Today: Dow Jones Fades As Fed Leaves Rates Unchanged And Trump Says This; Cathie Wood Sells Palantir Stock (Live Coverage),DowJones,https://finnhub.io/api/news?id=a9562e9881b363f6fb93ee1eb80d6ca9693aeea251d5ba91818dd850ae7133f1,0.0,1.0,0.0,0.0,2025-05-07
2025-05-07 11:35:00,Fidelity Freedom 2060 Fund Q1 2025 Commentary,SeekingAlpha,https://finnhub.io/api/news?id=968bebb5533ba3f6e61d4318b3c45e59507168e687bd52e1a04d79b9bcc06438,0.0,0.747,0.253,0.8316,2025-05-07
2025-05-07 11:15:00,Fidelity Freedom 2055 Fund Q1 2025 Commentary,SeekingAlpha,https://finnhub.io/api/news?id=9e9fe03d4c01e13d8247825d89f42a9e1e7e6a8a2960ee9d674e5823d2ad059b,0.0,0.755,0.245,0.8316,2025-05-07
2025-05-07 11:15:00,Fidelity Freedom 2035 Fund Q1 2025 Review,SeekingAlpha,https://finnhub.io/api/news?id=97a0141232363cf19a7b363c2ee152a834823baef87a792818b3bf8ed95747e4,0.0,0.873,0.127,0.6369,2025-05-07
2025-05-07 11:00:00,Fidelity Freedom 2050 Fund Q1 2025 Commentary,SeekingAlpha,https://finnhub.io/api/news?id=18dea3a6c06ac7ec7fa2dfe0b2383d75d4f30508a726be6b7bc5285bb0b747b7,0.0,0.588,0.412,0.6369,2025-05-07
2025-05-07 10:45:00,Fidelity Freedom 2040 Fund Q1 2025 Commentary,SeekingAlpha,https://finnhub.io/api/news?id=1047c94b9d6d9cafd1b76f397713ddba718432b5be261bfc5e3fbe3c434baa2f,0.0,0.755,0.245,0.8316,2025-05-07
2025-05-07 10:26:00,Marvell Stock Falls Sharply. What’s Hurting the Former AI Chip Favorite.,MarketWatch,https://finnhub.io/api/news?id=2f3d7a6c8ad30d244d3762d9493b21d362f1623047b2b33e4b167fa65299c54e,0.184,0.612,0.204,0.1531,2025-05-07
2025-05-07 10:14:00,Fidelity Freedom 2015 Fund Q1 2025 Review,SeekingAlpha,https://finnhub.io/api/news?id=baa946c206db0753422ab3118b069055ac5b2217d759f77cc8a92e5cc85fd830,0.0,0.887,0.113,0.6369,2025-05-07
2025-05-07 10:09:00,Nvidia Stock Slips. AMD and Super Micro Talked About AI Chip Demand.,MarketWatch,https://finnhub.io/api/news?id=5c07051703306d1b3c4c868c83a798919d8d6d324d8c39e96ecfa49a6654773a,0.097,0.649,0.253,0.7783,2025-05-07
2025-05-07 10:01:50,Dow Jones Rises On U.S.-China Trade Talks With Powell Briefing Due; CrowdStrike Dives On Layoffs,DowJones,https://finnhub.io/api/news?id=48ac53ad0667125f796f015199712cf01d9867aa452080b7adf9acffb47e8602,0.0,1.0,0.0,0.0,2025-05-07
2025-05-07 10:00:00,"Most big cryptocurrencies rise on Sui, Ethereum increases",MarketWatch,https://finnhub.io/api/news?id=f6fe156727e67bd0dcc72b477611df3987cbcbd3944fbe7853ac33a0d81a98fe,0.0,1.0,0.0,0.0,2025-05-07
2025-05-07 09:30:00,Fidelity Freedom 2010 Fund Q1 2025 Commentary,SeekingAlpha,https://finnhub.io/api/news?id=fff75c1ef1f3afb33ab30998fcad26ccf59a8913f81b7387841ad6837980d4fd,0.0,0.755,0.245,0.8316,2025-05-07
2025-05-07 09:19:00,SMCI Outlook Disappoints. Super Micro Stock Drops.,MarketWatch,https://finnhub.io/api/news?id=89ad96060bfeb4c217e53ee5ce0f4f3a3adba12c8249a1c05082ba04946ae14c,0.226,0.435,0.339,0.5574,2025-05-07
2025-05-07 09:15:38,The Worst Has Happened To Super Micro: Load Up Under $30 (Rating Upgrade),SeekingAlpha,https://finnhub.io/api/news?id=05b5f87bb5ad0e4425deb61d816a193ffc3d5bc773ade075f0beff2f0d93db33,0.114,0.691,0.195,0.6124,2025-05-07
2025-05-07 08:45:00,Fidelity Freedom 2020 Fund Q1 2025 Commentary,SeekingAlpha,https://finnhub.io/api/news?id=4c1ced30ebe249653e84301faaa6e3eec7c5d8a58e07dace4f53a7b67c0d5e87,0.0,0.775,0.225,0.8555,2025-05-07
2025-05-07 08:20:00,"Tariff Turmoil Put Nvidia to a Test: Top Customers Meta, Amazon, Alphabet, and Microsoft Just Showed Us Whether the Chip Giant Passed or Failed.",Yahoo,https://finnhub.io/api/news?id=41a083c361c8b4c5a12af7fb21f943a94158728c7ca24cb853ca413bea5d5e52,0.144,0.678,0.178,0.5423,2025-05-07
2025-05-06 19:50:24,Dow Jones Futures Rise On U.S.-China Trade Talks After Palantir Dives; Fed's Powell Due,DowJones,https://finnhub.io/api/news?id=70f4173a6f6b376540cbfd44faa00527b11e78b796bcef2bfa29b79edefbfadd,0.0,1.0,0.0,0.0,2025-05-07
2025-05-07 08:15:00,Fidelity Multi-Asset Income Fund Q1 2025 Commentary,SeekingAlpha,https://finnhub.io/api/news?id=36864df53e78518b7a8fc4c812137ec28883d8ade4c123a9ca49402a448696e8,0.0,0.916,0.084,0.296,2025-05-07
2025-05-07 07:51:00,Prediction: 5 Stocks That'll Be Worth More Than Artificial Intelligence (AI) Stock Nvidia 3 Years From Now,Yahoo,https://finnhub.io/api/news?id=01eb1099bd6112f5da0cfde98b58408658ed1bba51e8ec71f34e46a5ad690e80,0.0,0.721,0.279,0.8707,2025-05-07
2025-05-07 07:23:46,Corsair Gaming Inc (CRSR) Q1 2025 Earnings Call Highlights: Strong Revenue Growth Amid Tariff ...,Yahoo,https://finnhub.io/api/news?id=38b66c8160f8d6f8ee37d89b543e13ca230ed2166d8612bc8f9f9a7c4ec912ae,0.135,0.634,0.231,0.6886,2025-05-07
2025-05-07 06:45:00,Fidelity Select Technology Portfolio Q1 2025 Commentary,SeekingAlpha,https://finnhub.io/api/news?id=ebcc183a2b14ad448ba7d913ce38868677158a26f5c635bdd48341e7e3d58054,0.0,0.899,0.101,0.4019,2025-05-07
2025-05-07 05:38:00,"Jensen Huang says Nvidia is missing out on a Boeing-sized opportunity in China: ‘Not a plane, the entire company’",MarketWatch,https://finnhub.io/api/news?id=4718ed6a42f1634a70887e705e714ca7ded41dccf60c63658d42cf56507ffeba,0.1,0.773,0.127,0.296,2025-05-07
2025-05-07 01:22:26,Nvidia Investors Just Got Incredible News From AMD CEO Lisa Su,Yahoo,https://finnhub.io/api/news?id=c4a02217ed021d09f98d9184d0ea041040ed1f33259629f86d528cb02ad5094c,0.072,0.848,0.08,0.0772,2025-05-07
2025-05-07 01:00:00,The Big Question Looming Over Arm Earnings,MarketWatch,https://finnhub.io/api/news?id=1b7c6140bd0f07b3a39c1e1fc0b08a58ebbcfd614a53a7763170cb45d2121ea5,0.2,0.8,0.0,-0.25,2025-05-07
2025-05-06 23:14:00,Nvidia CEO Jensen Huang Says Losing Access To China's Potential $50 Billion AI Market Would Be A 'Tremendous Loss',Benzinga,https://finnhub.io/api/news?id=bc5dac61596f6421398f4f9a5dc720c3ec49ec142cc424b600003481887edb87,0.106,0.865,0.029,-0.4208,2025-05-07
2025-05-06 22:51:31,AMD’s Bullish Sales Outlook Tempered by China Concerns,Yahoo,https://finnhub.io/api/news?id=f4fe6ba4489bb828df21703a8c0b762bc4ec7293fc32de636091b9132c4307da,0.119,0.802,0.078,-0.4588,2025-05-07
2025-05-06 22:37:17,Nvidia CEO Jensen Huang says dropping chip restrictions would bring jobs to the US,Yahoo,https://finnhub.io/api/news?id=07c2332bb8973a9503075c79127e7d70ee04ac47a94cba8d42001f5a79a2834b,0.084,0.916,0.0,-0.296,2025-05-07
2025-05-06 22:13:59,"Nvidia CEO Jensen Huang on AI: Every job will be affected, some will be lost",Yahoo,https://finnhub.io/api/news?id=05e45828358f057ba5fb9e8f501f27bc6fa09ca68d67e56517ad922e5d3790f3,0.109,0.891,0.0,-0.4404,2025-05-07
2025-05-06 22:01:44,Nvidia CEO explains 2 ways AI will boost the global economy,Yahoo,https://finnhub.io/api/news?id=b360046c0664c8e777dd5051a2add81d449821c5c4805b7a52ab37ff99d34458,0.018,0.862,0.121,0.8248,2025-05-07
2025-05-06 21:46:37,Nvidia's Jensen Huang Is a Tech Titan—And a Denny's Pancake Pitchman,Yahoo,https://finnhub.io/api/news?id=0cc012f56af8bb7b741fc322af3958e9b6dbf34b7f12846f7e52dee5732588f0,0.0,1.0,0.0,0.0,2025-05-07
2025-05-20 23:53:52,YMAG: Weekly Income That's Worth The Risk,SeekingAlpha,https://finnhub.io/api/news?id=a54d20461d49b996f23bbf8e806a40327d1ad57d3f58c40f8cee9a2e9f59f27d,0.06,0.886,0.054,-0.0516,2025-05-21
2025-05-20 22:11:07,Nvidia says US export controls on AI chips to China were 'a failure',Finnhub,https://finnhub.io/api/news?id=dfce4c02dfba5932e5d45905297793f978736235ee10d1bcc1d5fd405e6c7b4e,0.148,0.783,0.069,-0.5423,2025-05-21
2025-05-20 21:54:07,Nvidia CEO praises Trump move to scrap some AI export curbs,Finnhub,https://finnhub.io/api/news?id=acc57e7793fbaad63df78c24bf58455d5b24aa7032b964a3019da0e731f0f94e,0.112,0.758,0.13,0.2263,2025-05-21
2025-05-20 21:54:07,Nvidia says US export controls on AI to China were 'a failure',Finnhub,https://finnhub.io/api/news?id=c732fc5e784ca01713714865359827592d268d7e699e7a9eb157de1cb52342ac,0.141,0.792,0.066,-0.5423,2025-05-21
2025-05-20 21:01:07,Correction to Nvidia Supercomputer Article on May 19,Finnhub,https://finnhub.io/api/news?id=ed75be3dd2d451e012b3903b9e031749c71a8a922e3779c9a2a2891f43dad5a0,0.0,0.946,0.054,0.2732,2025-05-21
2025-05-20 16:50:35,Infineon Technologies Ag to Revolutionize Power Delivery Architecture for Future Ai Server Hvdc,Finnhub,https://finnhub.io/api/news?id=68a531efbabccd99373ae9f1bd73b17b84edcf73795c9b9bfbc9f429d09b198b,0.0,1.0,0.0,0.0,2025-05-21
2025-05-20 16:18:00,Can Nvidia's Reign Over the Chip Market Last?,Finnhub,https://finnhub.io/api/news?id=2680f1defd378f072591490a78f53f151ef9bdb9cc7fb217c30e81b162e10a55,0.0,1.0,0.0,0.0,2025-05-21
2025-05-20 16:15:00,Janus Henderson Forty Fund Q1 2025 Commentary,SeekingAlpha,https://finnhub.io/api/news?id=4e3385abeb5a134ea512c831a93c9a651f051f8304f316c22b169cee35a9bf77,0.0,0.902,0.098,0.3818,2025-05-21
2025-05-20 16:01:57,Do You Really Understand Huawei's Threat To Nvidia? (Rating Downgrade),SeekingAlpha,https://finnhub.io/api/news?id=86d7e17284f7d1648c2885cdc1b51f34c3633873dfc49a37bd541db54199b08d,0.158,0.842,0.0,-0.7479,2025-05-21
2025-05-20 15:00:08,German chipmaker Infineon to work with Nvidia on power delivery chips,Finnhub,https://finnhub.io/api/news?id=b64278bc03468b18e6d395504c332f25fe5eb1dde8867f296b87ef37e8cbdfd5,0.0,0.919,0.081,0.4767,2025-05-20
2025-05-20 14:41:00,"Marjorie Taylor Greene Goes Shopping For Tesla, Netflix, UnitedHealth And More: 19 Stocks The Congresswoman Bought",Benzinga,https://finnhub.io/api/news?id=1c3b3ce37d7004f9ce190cd3813e97e16d8939e47b5275b1abf3bd21571321c9,0.0,1.0,0.0,0.0,2025-05-20
2025-05-20 14:29:00,"Dow's 260-point fall led by losses in NVIDIA Corp., Apple shares",MarketWatch,https://finnhub.io/api/news?id=41d5fa82be44a3a972b82445727244b7edd359732e8bb9b96baaff88aba981ba,0.194,0.647,0.158,-0.25,2025-05-20
2025-05-20 14:00:39,Infineon Collaborates With NVIDIA For Industry-First 800 V Power Delivery Architecture For AI Data Centers,Benzinga,https://finnhub.io/api/news?id=dd7bc8fc105ef002bb8f9180f654cca1d0cb4801e644da2006b17f56ec99349c,0.0,0.934,0.066,0.4754,2025-05-20
2025-05-20 13:45:54,Morgan Stanley says ‘no big surprises’ from Nvidia’s Computex keynote,Yahoo,https://finnhub.io/api/news?id=41488df00eeef25a64dc1527c96fd4c9f8a00c23fd64b67e148b067389cce774,0.0,0.897,0.103,0.8313,2025-05-20
2025-05-20 12:58:41,XLG: Build Your Portfolio With The Best 50 Stocks,SeekingAlpha,https://finnhub.io/api/news?id=7d8354c7dc5619af5c3a098eb9fd382fd0c54cc9906dc2569eda769aa04dae77,0.048,0.682,0.27,0.8689,2025-05-20
2025-05-20 12:55:00,"Nvidia’s AI Chip Revenue to More Than Double to $262 Billion by 2030, Analyst Says",MarketWatch,https://finnhub.io/api/news?id=a24eb083d96c9aaeca94ba530244eaef9c8b79108f06757abfb5f72cff01c479,0.0,1.0,0.0,0.0,2025-05-20
2025-05-20 12:48:00,Wall Street Lunch: Victoria's Secret Adopts Poison Pill,SeekingAlpha,https://finnhub.io/api/news?id=fc9eec74edcafadd21e9433f1f8186cefeb22f0b331cf6992e32cf97dbb3d4f5,0.109,0.839,0.053,-0.4215,2025-05-20
2025-05-20 12:42:00,D-Wave Stock Surges 20% on Advantage2 Release. ‘It’s Energy-Efficient Computing for Hard Problems.’,Yahoo,https://finnhub.io/api/news?id=7c1e95c3ff9d159c2496b6b7edfc6c5a3285530c595c51b6402f65599c5c2439,0.015,0.927,0.059,0.6249,2025-05-20
2025-05-20 12:32:55,Nvidia (NVDA) Ends Hopper AI Chip Line for China Amid U.S. Export Curbs,Yahoo,https://finnhub.io/api/news?id=da9700befb364fa7cf60493dc644f2beb56847f31f74b0d1891fa9a5c857e720,0.091,0.909,0.0,-0.296,2025-05-20
2025-05-20 12:31:00,"Zacks Investment Ideas feature highlights: NVIDIA, Taiwan Semiconductor, Oracle and CoreWeave",Yahoo,https://finnhub.io/api/news?id=831e1ea11315b665568d953b8c0112633a1e56a43184b7ceb3c2e1927a5b7669,0.0,1.0,0.0,0.0,2025-05-20
2025-05-20 12:30:52,Ignore Tesla At Your Own Risk: Rating Downgrade,SeekingAlpha,https://finnhub.io/api/news?id=9445ea2408c3734cbd4a939029ade2af838eaca27442a723cf75344628ad60ae,0.11,0.646,0.244,0.6808,2025-05-20
2025-05-20 12:17:07,"MAGS, QQQ, SPY Fly Off The Shelves: Unfazed Retail Buyers Pump In Record $122B While Wall Street Loses Nerve",Benzinga,https://finnhub.io/api/news?id=6ee8c6031bc13cd8a25dbe929975087395fd20cd2cad4937f58bd50a03bd852f,0.06,0.94,0.0,-0.3182,2025-05-20
2025-05-20 12:17:00,Nvidia’s Jensen Huang Is Now a Geopolitical Superstar. It Comes With Risks.,Yahoo,https://finnhub.io/api/news?id=d591192502dab74c69e5860b4931fcee99a7f55125173cca2c7765d8b73092cd,0.037,0.879,0.084,0.25,2025-05-20
2025-05-20 12:04:00,"These Stocks Are Moving the Most Today: Moderna, Home Depot, Tesla, CATL, Nvidia, D-Wave Quantum, Viking Holdings, and More",MarketWatch,https://finnhub.io/api/news?id=59476f1457fc1acc90f997e579c5ecb1aca71d241efebe39af0e1a2e89cea849,0.0,1.0,0.0,0.0,2025-05-20
2025-05-20 12:03:24,"MGX, Nvidia, and partners to build Europe’s “largest” AI campus",Yahoo,https://finnhub.io/api/news?id=e4c6b34358b31859ad5be2b58aaedf9e370853010f0b58f3c5488512cd796019,0.0,1.0,0.0,0.0,2025-05-20
2025-05-20 11:46:00,"These Stocks Are Moving the Most Today: Home Depot, Tesla, CATL, UnitedHealth, Nvidia, Amer Sports, HPE, and More",Yahoo,https://finnhub.io/api/news?id=897a5fdf50b4c0bf8456527e6c5d7fdd49005481c40360efd9a876a3b9d3c6c0,0.032,0.9,0.068,0.3612,2025-05-20
2025-05-20 11:45:00,3 Unstoppable Tech Stocks to Buy Hand Over Fist,Yahoo,https://finnhub.io/api/news?id=21faa3c8c23f7442165d39608f32f49867542a0740642c744fd82829339f11e4,0.024,0.731,0.245,0.9392,2025-05-20
2025-05-20 11:28:58,"Apple, Nvidia, GM: CEOs Are Talking About Being American-Made Again",Benzinga,https://finnhub.io/api/news?id=f206a220c127b6649c58a301b4d26e0d6b2d58ef9c212a02645df031606a71a0,0.0,1.0,0.0,0.0,2025-05-20
2025-05-20 11:10:00,Janus Henderson Global Sustainable Equity Fund Q1 2025 Commentary,SeekingAlpha,https://finnhub.io/api/news?id=663483b8f318225c40b35ab6882a2deaea3a2b8325c7a41ed13f1a278b30388a,0.0,1.0,0.0,0.0,2025-05-20
2025-05-20 11:00:00,2 Unstoppable AI Stocks That Just Joined the $1 Trillion Club,Yahoo,https://finnhub.io/api/news?id=5f2bf2eadee8069a6f8f85dc8d25468b6b8e4971b6cc02cad72cb7a7940ade50,0.029,0.874,0.097,0.5106,2025-05-20
2025-05-20 10:59:00,D-Wave Stock Surges 28%. The Company Made an Advancement in the Quantum Race.,MarketWatch,https://finnhub.io/api/news?id=15dee42a9121535a2c76f704316a1208b9a1f5b53cd083c418d3cfb2174a17e3,0.0,1.0,0.0,0.0,2025-05-20
2025-05-20 10:53:22,Nvidia Flashes Bullish Signal On 'Smart Data Center Move'; Is Nvidia A Buy Now?,DowJones,https://finnhub.io/api/news?id=42cccf2c0dd8664ce5d70de0acfba49466e0716dfd267065cbd36b18681fb0d0,0.0,0.819,0.181,0.6966,2025-05-20
2025-05-20 10:53:00,Nvidia Stock Slips. What’s Weighing on the Chip Maker’s Shares.,Yahoo,https://finnhub.io/api/news?id=b166cff7a0dc30d158a582547d6771d15e116a56078d82945c083820f299542b,0.0,0.932,0.068,0.296,2025-05-20
2025-05-20 10:48:00,Jamie Dimon’s Tariffs Warning Should Have Rocked Markets. Why He’s Being Ignored.,Yahoo,https://finnhub.io/api/news?id=f3e865c8a731b42a54ef454419f541a267a408ca0e1075890873526941196f58,0.252,0.748,0.0,-0.8689,2025-05-20
2025-05-20 10:45:00,2 Top Artificial Intelligence (AI) Stocks to Buy No Matter What Happens With Tariffs,Yahoo,https://finnhub.io/api/news?id=88eb768873db34a557aca2815209e3d8a41c78b60dc4bc462390ba90917ab138,0.088,0.763,0.149,0.7285,2025-05-20
2025-05-20 10:34:14,"Thales, Radiall, and Foxconn discuss semiconductor production",Yahoo,https://finnhub.io/api/news?id=b180f6b47d80b28d641b59f802645422d78f44604a149db64bb335efe41505f2,0.0,1.0,0.0,0.0,2025-05-20
2025-05-20 10:29:00,"HPE Stock Is Rising Again. Expect More Gains, Analyst Says.",MarketWatch,https://finnhub.io/api/news?id=50e79ff29d1b39aec51abbf47b46089034f209a6dd8627ab607da97592a2a122,0.0,0.77,0.23,0.6582,2025-05-20
2025-05-20 10:22:00,Janus Henderson Global Sustainable Equity (ADR) Managed Account Q1 2025 Commentary,SeekingAlpha,https://finnhub.io/api/news?id=3be7a11dd30e1997481e45a99512ee5e63913c751fc02bceadf5eff4a61ff7a6,0.22,0.78,0.0,-0.7351,2025-05-20
2025-05-20 10:21:34,Quantum Computing Stocks: D-Wave's Most Advanced System Commercially Ready,DowJones,https://finnhub.io/api/news?id=34f414cad4f14793e51dd59625abcc8b81135ee9448a0e8b658a8ac365c8c5b8,0.0,0.594,0.406,0.8218,2025-05-20
2025-05-20 10:00:00,"Most big cryptocurrencies decline on XRP, Dogecoin drops",MarketWatch,https://finnhub.io/api/news?id=ec995e50a19c98a52fe5c0e597b6626e2d4361b1041aa4d959dc26f61c1029a7,0.0,1.0,0.0,0.0,2025-05-20
2025-05-20 09:50:00,"NVIDIA Corp., American Express share losses lead Dow's 135-point drop",MarketWatch,https://finnhub.io/api/news?id=bd03d26f1affc1921eb0da13359ddbc0011973141e2b3f1b113528ffeaf29387,0.343,0.5,0.157,-0.6369,2025-05-20
2025-05-20 09:43:29,Dow Jones Falls As S&P 500 Threatens Win Streak; Home Depot Jumps On Earnings,DowJones,https://finnhub.io/api/news?id=fd5081d6ba48374c83fdfe9dc76dbc79f26c8f0b4283c0c0d27cd1d0b7fdeea0,0.141,0.652,0.207,0.5267,2025-05-20
2025-05-20 09:40:42,"AMD spends $1.6 billion to keep 1,200 engineers in Nvidia fight",Yahoo,https://finnhub.io/api/news?id=313f40ad1527a95c3916ec2573c34af664b7c131b2182d59cf729f7974719e2f,0.04,0.96,0.0,-0.3818,2025-05-20
2025-05-20 09:33:00,Janus Henderson Global Research Fund Q1 2025 Commentary,SeekingAlpha,https://finnhub.io/api/news?id=51ac3412915715ffec0d9343fe811d79c4b7adbd26e693fb357112384995a3e6,0.0,1.0,0.0,0.0,2025-05-20
2025-05-20 09:30:00,"Qualcomm: Cheap P/E Says Buy, Chart Breakdown Says Sell (Rating Downgrade)",SeekingAlpha,https://finnhub.io/api/news?id=f32da4ea1e56e2f51c2733d1a90165cc93503b05810320cf3e73ce2386eda432,0.081,0.749,0.17,0.4767,2025-05-20
2025-05-20 09:18:37,Magnificent 7 Stun The Street With Best Earnings Beat Since 2021,Benzinga,https://finnhub.io/api/news?id=7b46fabfcb4cb7e2457b5d7f56f87d515fd9baa60b3aa86b19004dc9580df623,0.056,0.523,0.421,0.959,2025-05-20
2025-05-20 09:17:56,TQQQ Has Been Beaten Down Enough (Rating Upgrade),SeekingAlpha,https://finnhub.io/api/news?id=87919dfa8a1bd1a1c0169f42ae6f2eea92a8ae73ca44954f4daec930ea2eb3ad,0.139,0.861,0.0,-0.7003,2025-05-20
2025-05-20 09:17:00,The AI Diffusion Rule is Over. What That Means for Trump and China.,MarketWatch,https://finnhub.io/api/news?id=db56fefbc318f5e4eb185ab5279d323ea85397e2c4c64ab031fee4a1bb57cf08,0.0,1.0,0.0,0.0,2025-05-20
2025-05-20 08:56:00,"1 Unstoppable Stock That Could Join Nvidia, Apple, and Microsoft in the $3 Trillion Club in 2026",Yahoo,https://finnhub.io/api/news?id=337c51f3761d8aa13240e96660a05a11781419e7be23f81be8773ff7af96017b,0.018,0.802,0.18,0.9001,2025-05-20
2025-05-20 08:30:00,5 Monster Stocks to Hold for the Next 10 Years,Yahoo,https://finnhub.io/api/news?id=ae19be213073e155324a991386195a6708a87a7505a6290d4877b284daa7b17c,0.0,0.912,0.088,0.3612,2025-05-20
2025-05-20 08:08:08,Taiwan president pledges peace with China but says island must strengthen defences,Finnhub,https://finnhub.io/api/news?id=3d60a85c3b3950813cf719a43c9ea65026b2f5a3c284835101343521d8aa360f,0.055,0.736,0.209,0.8537,2025-05-20
2025-05-20 08:00:00,Nvidia: Roaring Into Q1 Earnings Release After Unjustified Pullback,SeekingAlpha,https://finnhub.io/api/news?id=001176596068d84f3d6794239b73d5a1429e99b4340aff7d9749855f9b9d70ef,0.0,1.0,0.0,0.0,2025-05-20
2025-05-20 07:51:00,Billionaire Chase Coleman Just Added to Tiger Global's Nvidia Stake for the First Time in Over a Year and Dumped These 2 Artificial Intelligence (AI) Stocks,Yahoo,https://finnhub.io/api/news?id=043fb2df6372b04cf04b62ccdd9caee2010864d2418d42c8647a4439e48bc188,0.053,0.843,0.104,0.3818,2025-05-20
2025-05-20 07:39:10,US stock futures edge lower ahead of Fed commentary,Finnhub,https://finnhub.io/api/news?id=5c4fe4c304b0cc98b27d3968bc9ed010b91a5568bca04ef3030228656e3c87be,0.104,0.896,0.0,-0.296,2025-05-20
2025-05-20 05:04:06,Advantech's Tsai on Business AI Integration Outlook,Yahoo,https://finnhub.io/api/news?id=6cb834e058e62a3686a4cac33ee8c4f5c85796e73a08f986803027c4f7379d33,0.0,0.941,0.059,0.4588,2025-05-20
2025-05-20 04:08:10,Foxconn plans huge Taiwan AI data center with Nvidia,Finnhub,https://finnhub.io/api/news?id=7ac4d70e39fb6a221daa3b69892b6b649be1af66d483e2314de613d214b1548e,0.0,0.946,0.054,0.3182,2025-05-20
2025-05-20 04:02:00,Janus Henderson Concentrated Growth Managed Account Q1 2025 Commentary,SeekingAlpha,https://finnhub.io/api/news?id=13db9baffbad752497e26abb265d55760635e8994fb267a1d930788e56a2616a,0.0,0.755,0.245,0.3818,2025-05-20
2025-05-20 03:48:28,China accuses US of undermining trade talks with warnings against Huawei chips,Yahoo,https://finnhub.io/api/news?id=c02bcedf83306a17e2d8851325464bf1307874df6bde620c62f6080f697e550a,0.222,0.778,0.0,-0.9485,2025-05-20
2025-05-20 02:30:00,Weaker Consumer Confidence Dampens A Good Week For Stocks,SeekingAlpha,https://finnhub.io/api/news?id=500408d3d5b506975777a225de11daced0cfb7b576423aff00291a6b90d74c57,0.192,0.397,0.411,0.5106,2025-05-20
2025-05-20 02:27:51,"Super Micro Computer Stumbles, But Blackwell Boom Could Fuel Stock Gain",SeekingAlpha,https://finnhub.io/api/news?id=3bbccb3f19e0d265f52606e50b9253c8cf5514854efca5deadc968d518a4b463,0.111,0.623,0.266,0.85,2025-05-20
2025-05-20 00:59:08,Taiwan president offers peace with China but says island must strengthen defences,Finnhub,https://finnhub.io/api/news?id=3f58d511eb091a235c209f8e9ee4b5eff6034d00af0cb898b47a81db8254d9e8,0.055,0.736,0.209,0.8537,2025-05-20
2025-05-20 00:54:14,'Jensanity': Nvidia boss Jensen Huang gets rock star welcome in Taiwan,Finnhub,https://finnhub.io/api/news?id=67e29e3378af1ce97cc392ae01e3bae515deea734623b773e1b187db2afe2740,0.049,0.903,0.048,-0.0172,2025-05-20
2025-05-20 00:44:00,Janus Henderson Concentrated All Cap Growth Managed Account Q1 2025 Commentary,SeekingAlpha,https://finnhub.io/api/news?id=6f1e131948f469cef9c45e50cad0f27f5dbb52242baaf17597d284cc50c1b989,0.08,0.72,0.201,0.5719,2025-05-20
2025-05-19 22:48:11,Taiwan's Foxconn says AI data centre with Nvidia to have 100 MW of power,Finnhub,https://finnhub.io/api/news?id=54bfa5d28642109866855028279966f1e643b195c9104d2bf6397f3626432a2f,0.0,0.928,0.072,0.4767,2025-05-20
2025-05-19 19:54:30,Qualcomm Reenters Server CPUs with Nvidia Link,Yahoo,https://finnhub.io/api/news?id=6b7776dcde4f8025926634db5434f289bf766b73572966b8948b71c93d801b9c,0.0,1.0,0.0,0.0,2025-05-20
2025-05-19 19:49:49,"Citadel CEO Ken Griffin Offloads NVIDIA, Bets $326 Million on AMD",Yahoo,https://finnhub.io/api/news?id=bb3005424a9ff2df4a5266dbfc3c592b9c98d56ec48068b432411b19dae03926,0.0,0.88,0.12,0.3818,2025-05-20
2025-05-19 19:13:34,Nvidia Is Doing 'Chip Diplomacy': Krach Institute's Giuda,Yahoo,https://finnhub.io/api/news?id=874c03c8f8dff2d19ec5c5d4f5d49661ab9dd385a18a9e66179b2faca7aac01d,0.0,1.0,0.0,0.0,2025-05-20
2025-05-19 19:12:11,Nvidia's Key Differentiators Include Its Ability To Expand Its Addressable Market: Analyst,Yahoo,https://finnhub.io/api/news?id=e0a132a5c95a38d37201621f04dc177fed7bea959804649d9e841503131c0983,0.0,0.906,0.094,0.7783,2025-05-20
2025-05-19 19:09:05,Nvidia Opens AI Ecosystem to Rival,Yahoo,https://finnhub.io/api/news?id=ae2b367dc40929bef0a2b923f51ea16eb5ca2cb2cd167e60821860e33e9592d8,0.0,0.952,0.048,0.2263,2025-05-20
2025-05-19 18:59:00,How CoreWeave Stock Became a $1.7 Billion Win for Nvidia,Yahoo,https://finnhub.io/api/news?id=f6f8c5f40a85c9464f079b55e2d26c2cb89d3bcc8f5d81ffe23b44038a77d5de,0.0,0.796,0.204,0.9397,2025-05-20
2025-05-19 18:45:00,Jensen Huang Says ‘Deeply Painful’ China Ban on Nvidia’s H20 Chips Will Cut Sales by $15 Billion,Yahoo,https://finnhub.io/api/news?id=d4378883335404ca2e4c52e146b1ea8b000cc6ac29b1114ef84ad287606dadf2,0.123,0.819,0.058,-0.4588,2025-05-20
2025-05-19 18:18:00,'Deeply painful': Nvidia CEO says a new chip ban has cost it $15 billion,Yahoo,https://finnhub.io/api/news?id=1d89ce4bb12087bb3c0376b6959c8e91cd305f1d49a2d773e1b88c007af574d4,0.263,0.737,0.0,-0.8932,2025-05-20
2025-05-19 18:15:36,"Stock market today: Dow, S&P 500, Nasdaq attempt comeback after Moody's downgrades US credit rating",Yahoo,https://finnhub.io/api/news?id=e6b33dc79a1246e7504ac5ecd2c61ea1e65f8425d6d3b7ac397d08d366567b3f,0.124,0.73,0.146,0.2023,2025-05-20
2025-05-19 17:47:00,One AI stock makes up 78% of Nvidia's investment portfolio,Yahoo,https://finnhub.io/api/news?id=456a6629222b592dac503c888051501d2c84829fc83387e3384853e241a49c2e,0.0,1.0,0.0,0.0,2025-05-20
2025-05-19 17:44:19,"Dell unveils AI infrastructure push with NVIDIA, Qualcomm",Yahoo,https://finnhub.io/api/news?id=9c15918ada8b9abd0ec61c7a6e60dad9b776571e7c4c6602a7e2613347b15744,0.0,0.921,0.079,0.7003,2025-05-20
2025-05-19 17:34:00,"NVIDIA ""AI Factories"" -- More Than Clever Marketing?",Yahoo,https://finnhub.io/api/news?id=0d447fd9e12b577f080729df02b526e6f02eb1b2389d87965ff5333921826da1,0.0,0.722,0.278,0.8166,2025-05-20
2025-05-19 17:21:00,"High-Yield ETFs: Big Payouts, Bigger Trade-Offs?",Yahoo,https://finnhub.io/api/news?id=12115091894a33a6456fb3aa2707959a13ac2c810e87432e3340b60783a4d365,0.0,1.0,0.0,0.0,2025-05-20
2025-05-19 17:14:00,Tech stocks took a hit after the last two U.S. credit downgrades. Why this time could be different.,MarketWatch,https://finnhub.io/api/news?id=4e273e7ca1bddc705d0718fbf20f17525ac049fe2709bf139e3fb5c5c4b47a91,0.0,0.867,0.133,0.6369,2025-05-20
2025-05-19 16:39:48,Dell unveils new AI servers powered by Nvidia chips to boost enterprise adoption,Yahoo,https://finnhub.io/api/news?id=6c8cd7af1109dd640a2ccd83d75f64974e86c70e6ff07f15f04183db815dad93,0.0,0.871,0.129,0.8689,2025-05-20
2025-05-19 16:30:23,"Nvidia, Foxconn Unveil Taiwan's 10,000-GPU 'AI Factory' Supercomputer",Yahoo,https://finnhub.io/api/news?id=ce7277d9e6539f290441ecc816b1f677ce7b9b0ea6ff4eab48faee677b74b9a4,0.0,1.0,0.0,0.0,2025-05-20
2025-05-19 16:24:00,"Big Tech's next AI bet is a 'watershed moment,' analyst says — and a $1 trillion opportunity",Yahoo,https://finnhub.io/api/news?id=772d497eb584262dab36d0a3e70cc607002870032ff88595d755f173cb72c810,0.0,0.919,0.081,0.7096,2025-05-20
2025-05-19 16:21:24,Nvidia CEO: China chip ban 'deeply painful' as $15 billion in sales have been lost as a result,Yahoo,https://finnhub.io/api/news?id=43d14acd91b44faaaf3cc3464d86b096fa41c5d2a754be1044f832a7d6a0ce6b,0.216,0.784,0.0,-0.9134,2025-05-20
2025-05-19 16:11:22,Nvidia plans to sell tech to speed AI chip communication,Finnhub,https://finnhub.io/api/news?id=b9065be39ecb3ae9a3e25afd6d5ae86c27e26ac039ef1579b1224a68fa5ba51f,0.0,0.928,0.072,0.4767,2025-05-20
2025-05-19 16:10:12,"Nvidia NVLink Fusion Stuns at Computex, BofA Calls It 'Most Impactful Reveal'",Yahoo,https://finnhub.io/api/news?id=ee210db2976e2feb53bec9856b61fc194c55a319e7c0863150831c141dcc7a57,0.0,0.942,0.058,0.0258,2025-05-20
2025-05-19 16:10:04,Why Nvidia (NVDA) Could Beat Earnings Estimates Again,Yahoo,https://finnhub.io/api/news?id=782a4c573dfc5c505df67c254b20caed7bbf8429e433460f54351491d2ec8488,0.0,0.863,0.137,0.6597,2025-05-20
2025-05-19 15:54:00,Nvidia: Give Respect To The King Of AI,SeekingAlpha,https://finnhub.io/api/news?id=25d1798e5cb6415ac01fcce234ced83601a011f84e9494005fb3f2b3ef173404,0.0,0.84,0.16,0.6908,2025-05-19
2025-05-19 15:43:00,Hartford Large Cap Growth ETF Q1 2025 Commentary,SeekingAlpha,https://finnhub.io/api/news?id=f563a3b9a9ce763c03eb924355c9365044cd53d0090f29fd4aae82ba75cfff2f,0.0,0.747,0.253,0.7783,2025-05-19
2025-05-19 15:20:10,Quantum Vs AI: Nvidia's Next Big Bet Could Supercharge These 2 ETFs,Benzinga,https://finnhub.io/api/news?id=1c6762f5f1fc3eb68fd80e2e886a2fba89244051b65b623d15b9bf2582555360,0.059,0.739,0.202,0.7003,2025-05-19
2025-05-19 13:26:25,Nvidia Free Cash Flow Analysis Says Buy,SeekingAlpha,https://finnhub.io/api/news?id=aacb43fc378384ce3fd6aac91887bacef21ac769846c34214c1d97002c0baf3d,0.0,0.644,0.356,0.9313,2025-05-19
2025-05-19 13:18:00,Nvidia just made this ‘very smart move’ that could pay off big-time down the road,MarketWatch,https://finnhub.io/api/news?id=9ca809516e2814a579c75795c3303896fae3b918bcfdd4078a09ca038433d505,0.082,0.76,0.158,0.5574,2025-05-19
2025-05-19 13:06:51,"Hewlett Packard, Nvidia Deepen Collaboration On AI Factory Solutions",Benzinga,https://finnhub.io/api/news?id=28f1d4c74cee681169391b3f983fa2102dda10318718deb83a03be986ec338f0,0.0,0.895,0.105,0.34,2025-05-19
2025-05-19 12:23:31,"'Magnificent Seven' Valuations Plunge to 7-Year Low, Investors Brace for Exit",Yahoo,https://finnhub.io/api/news?id=72642b3610b602eb913b4f4d89f65263967939f84c1ec4f902001c30168dfae5,0.202,0.649,0.149,-0.1027,2025-05-19
2025-05-19 12:10:00,Janus Henderson Global Technology and Innovation Fund Q1 2025 Commentary,SeekingAlpha,https://finnhub.io/api/news?id=e09e926f54227f8c5a36b381ed0c27689fc89fc10391265be4caedbdc9b9acbf,0.0,0.923,0.077,0.3818,2025-05-19
2025-05-19 12:09:56,This could be another market surprise after the Moody's US credit rating downgrade,Yahoo,https://finnhub.io/api/news?id=c7b64b811d22ca3cafa36f1d3e94a2ddc61081b15b69c36064775fc26e24a11c,0.071,0.682,0.247,0.6597,2025-05-19
2025-05-19 11:59:00,Wall Street Lunch: Nvidia's Huang Previews Next-Gen Tech,SeekingAlpha,https://finnhub.io/api/news?id=fe759bd3e10bfd81ec9eea2a4b6bdfbf04c21a394a10b488234a4e8c2675f510,0.0,0.952,0.048,0.2023,2025-05-19
2025-05-19 11:43:40,Latest News In AI Chips - NVIDIA's AI Factory Revolutionizes Enterprise Infrastructure,Yahoo,https://finnhub.io/api/news?id=b1bde4a71b23b936fc518ea0b53afafe00898d911aa941ce9a3dec8141b461da,0.0,0.913,0.087,0.7841,2025-05-19
2025-05-19 11:32:14,Mizuho lifts price targets for AI server stocks,Yahoo,https://finnhub.io/api/news?id=672e23f9f6a49e38f25c5bbd898b56200082b39700710b6597085079838d8ba2,0.051,0.949,0.0,-0.128,2025-05-19
2025-05-19 11:14:00,"These Stocks Are Moving the Most Today: Nvidia, Tesla, Walmart, UnitedHealth, JPMorgan, Super Micro, Palantir, and More",MarketWatch,https://finnhub.io/api/news?id=932423668156cb48cfd485446a1ef53e838643cece6ba389909af35aac688d08,0.0,0.804,0.196,0.8316,2025-05-19
2025-05-19 11:13:18,Meta: One Of The Most Attractive Mag-7 Stocks,SeekingAlpha,https://finnhub.io/api/news?id=29fa47cccae542c81cd9afcfee9938278d01ba23dce01db1f2603c1f5af6cd95,0.0,0.531,0.469,0.9601,2025-05-19
2025-05-19 10:58:00,Undervalued and Overlooked: 3 AI Stocks With Long-Term Upside,Yahoo,https://finnhub.io/api/news?id=84d031fae761a0b2028d3ceb8644a684c91002a8204c1626299b787080eac6d5,0.024,0.848,0.128,0.5859,2025-05-19
2025-05-19 10:57:00,Nvidia Stock Falls. What’s Overshadowing Its AI Chip Moves.,Yahoo,https://finnhub.io/api/news?id=2a705548f519d43610d670fa5088529ff3ce9ab78aca19e0a5156222b55d6cfd,0.0,1.0,0.0,0.0,2025-05-19
2025-05-19 10:54:00,Nvidia Pushes Further Into Cloud With GPU Marketplace,Yahoo,https://finnhub.io/api/news?id=6875fc9ddd407707d02fd82fda09ec43545394ad3c7a374e3d37e20d5e0fee0b,0.0,0.944,0.056,0.25,2025-05-19
2025-05-19 10:46:00,Janus Henderson Balanced Fund Q1 2025 Commentary,SeekingAlpha,https://finnhub.io/api/news?id=afd2de04e75f146aa407e807b818159d04600d690b1f9426f93ceada4148ab74,0.0,1.0,0.0,0.0,2025-05-19
2025-05-19 10:41:20,"Nvidia, Foxconn to build AI factory in Taiwan",Yahoo,https://finnhub.io/api/news?id=897fe47a19fe941b7ef8660539f2fb02ee4c3d54f82a4609d9305ec1efd75f5d,0.0,1.0,0.0,0.0,2025-05-19
2025-05-19 10:34:10,"Nvidia, Foxconn to Build AI Factory Supercomputer in Taiwan",Yahoo,https://finnhub.io/api/news?id=cf5d4975fee712c425f73d159c7b8bf846b1ad52eb164c87a818497bbb3626c2,0.0,1.0,0.0,0.0,2025-05-19
2025-05-19 10:30:26,"Intel debuts AI GPUs for workstation system as it works to gain ground on Nvidia, AMD",Yahoo,https://finnhub.io/api/news?id=618061fcc445a5142a9cabf2cb0bba5f11362605bf5622fceaf32920635ceb0a,0.0,0.829,0.171,0.7783,2025-05-19
2025-05-19 10:25:29,"Nvidia Unveils AI Tools For Humanoid Robots, Launches Quantum-AI Supercomputer To Drive Next Tech Era",Benzinga,https://finnhub.io/api/news?id=bf2a3f2530ae524f9e49454440a1d3799e49e5ebf10ac0dc0dc01f95e158ffd6,0.0,1.0,0.0,0.0,2025-05-19
2025-05-19 10:03:50,JFrog Strengthens AI Innovation with NVIDIA Enterprise AI Factory Integration,Yahoo,https://finnhub.io/api/news?id=432284af93b96961a66053fb20e90bf3a3a28e895de901fa447dad70570a6863,0.0,0.868,0.132,0.8126,2025-05-19
2025-05-19 10:00:06,"Trending tickers: Nvidia, Alibaba, Novavax, Ryanair and Diageo",Yahoo,https://finnhub.io/api/news?id=56547735f3a6b4190676d300f45a249db93e449ea30e4d25adf39dd30f20ee77,0.0,1.0,0.0,0.0,2025-05-19
2025-05-19 10:00:00,Solana leads way as most big cryptocurrencies post decreases,MarketWatch,https://finnhub.io/api/news?id=03b1a5a780bf3f5a0f4cb0e423255d6231692eb6b606f6d0b62e5a3602dd6d37,0.0,1.0,0.0,0.0,2025-05-19
2025-05-19 10:00:00,"These Stocks Are Moving the Most Today: Nvidia, Tesla, Walmart, UnitedHealth, Super Micro, and More",Yahoo,https://finnhub.io/api/news?id=c272b88d008903c1d5388ddada88693afcd6aaceb1a9687db03e2811f7ffe73c,0.091,0.836,0.072,0.0,2025-05-19
2025-05-19 09:33:34,"Dow Jones Slides 250 Points On U.S. Credit Downgrade; Apple, Nvidia, Tesla Sell Off",DowJones,https://finnhub.io/api/news?id=689bb849061150933b3c79bf450be3045881c565c3f27bce55151c3d3946a38c,0.0,0.833,0.167,0.6369,2025-05-19
2025-05-19 09:26:02,"Top 10 Trending Stocks On WallStreetBets As Of May 19, 2025 (Via Swaggy Stocks)",Benzinga,https://finnhub.io/api/news?id=612947aec5485e9e995be0299a303f969f8e7778a1b0d9bc5b31f06de0ab1ace,0.0,0.899,0.101,0.2023,2025-05-19
2025-05-19 09:11:37,America's Credit Strength Just Got Cut Again: Should You Panic?,Benzinga,https://finnhub.io/api/news?id=637fd79a7430739599168bd3ec9a3f507c73e9650f9a5faed662dd82469f66d1,0.176,0.58,0.244,0.4423,2025-05-19
2025-05-19 09:08:00,"Nvidia Opens Up Its Platform, Plans AI Supercomputer in Taiwan",Yahoo,https://finnhub.io/api/news?id=34333430ad0ede11ee0c3b3e443d4c094f7a59797bab7613e5848caf431bac5f,0.0,1.0,0.0,0.0,2025-05-19
2025-05-19 09:04:51,AI Leader Nvidia To Sell Hybrid Systems Using Rival Chips,DowJones,https://finnhub.io/api/news?id=50051ef63932d08f27b6d2ebfb298634b65c35d2c900b006c0461b2ce16c1826,0.0,1.0,0.0,0.0,2025-05-19
2025-05-19 08:49:24,Qualcomm says it will build custom data center CPUs that link with Nvidia chips,Yahoo,https://finnhub.io/api/news?id=7d97e1fe79d1e5965cc16a08ab549a7b07732d5a57bca28d4833b390b7d973bd,0.0,1.0,0.0,0.0,2025-05-19
2025-05-19 08:45:00,"Billionaire Stanley Druckenmiller Dumped Nvidia Last Year. Now He Just Sold All of His Shares of a Market-Beating Monster AI Stock That's Soared 1,500% Over the Past 3 Years.",Yahoo,https://finnhub.io/api/news?id=865b50d9e2726d190172a9324962b9c4d50fc2ed7527db7d421c92b8353168a8,0.052,0.853,0.095,0.6187,2025-05-19
2025-05-19 08:17:07,"MGX Partners With Bpifrance, Mistral AI, NVIDIA To Build Ai Campus In France- AD Media Office",Finnhub,https://finnhub.io/api/news?id=a7e6c0436179a4c42b348824cca0afb9cc513be59a99c3a6b7c5779944bb8699,0.0,0.958,0.042,0.2103,2025-05-19
2025-05-19 08:17:00,Nvidia Is Opening Its AI Server Platform to Chip Rivals. Broadcom Isn’t on the List.,MarketWatch,https://finnhub.io/api/news?id=489dde262df7bae8c83407128eb5866e32b10b237cb8fa6f1a3f7066aaebe2ad,0.0,1.0,0.0,0.0,2025-05-19
2025-05-19 08:12:00,Missed Out on Apple in 2012? Buying Nvidia Stock Today Could Be Your Second Chance,Yahoo,https://finnhub.io/api/news?id=3377da862a1f33f57c088f99cf91014a305b3bd2870c109113b3d3d241aabcfe,0.021,0.803,0.175,0.9169,2025-05-19
2025-05-19 08:06:06,Hewlett Packard Enterprise Expands NVIDIA AI Integration to Power Next-Gen Enterprise AI,Yahoo,https://finnhub.io/api/news?id=bac72d25a47875ca12b953672e38593791a6e9434e62a65731be09c64dc8ded9,0.0,0.947,0.053,0.1027,2025-05-19
2025-05-19 08:02:35,Vertiv Develops Power Solutions In Sync With NVIDIA's AI Roadmap,Benzinga,https://finnhub.io/api/news?id=cf040b82067e96686d7e23915857949755f207c127011a49923745d72ec94626,0.0,0.749,0.251,0.8126,2025-05-19
2025-05-19 08:00:29,Sentiment Tug-Of-War Puts The Spotlight On Direxion's NVDA-Focused Bull And Bear Funds,Benzinga,https://finnhub.io/api/news?id=5ba5cb767c7529026693373fbe5aa02d1fefcd131008e081ece10f3c5dd7e2dc,0.0,1.0,0.0,0.0,2025-05-19
2025-05-19 07:48:00,"Jacobs Joins Nvidia to Build Smarter AI Data Centers With Omniverse Digital Twin Blueprint - NVIDIA (NASDAQ:NVDA), Jacobs Solutions (NYSE:J)",Benzinga,https://finnhub.io/api/news?id=8aab2911e193b7cdb5b85ccc96a51898809fd893781152e4b010b12756418e5f,0.0,0.863,0.137,0.765,2025-05-19
2025-05-19 07:36:00,Billionaire David Tepper Sold 56% of Appaloosa's Stake in Nvidia and Is Loading Up On This Artificial Intelligence (AI) Titan Instead,Yahoo,https://finnhub.io/api/news?id=4fdab038576cb5b053445983666add7cb910f2e9337d9f703816b4e43a41ef87,0.0,0.919,0.081,0.4767,2025-05-19
2025-05-19 07:30:00,"If I Had To Start Over, This Is How I'd Invest My First $100,000",SeekingAlpha,https://finnhub.io/api/news?id=5673ba18de93737ebda14836072752419515cba0df80f42eb658573fe21157cb,0.048,0.851,0.101,0.3182,2025-05-19
2025-05-19 07:00:00,Trade War Fails To End Civilization,SeekingAlpha,https://finnhub.io/api/news?id=42f9fc36438f975e17e41a5b4c0786d7d664a85632e66afb0f733483a91c6915,0.147,0.525,0.328,0.8074,2025-05-19
2025-05-19 06:21:21,Nvidia expands partnerships for its AI tech,Finnhub,https://finnhub.io/api/news?id=8650f3a4c5032272f0790b3d4a7971388392f16e0f73e5b4be1f6f1155d0e012,0.043,0.865,0.092,0.2263,2025-05-19
2025-05-19 06:12:58,Nvidia's Huang sparks 'Jensanity' in Taiwan with AI hero's welcome,Yahoo,https://finnhub.io/api/news?id=bc3f003e538e4bca79f16b6a2187d5c1af2bcb382f41f3fd16d7ba15372fb2c9,0.0,0.835,0.165,0.979,2025-05-19
2025-05-19 06:03:08,"US Stocks Likely To Open Lower After Moody's Downgrade: 'Bear Market Isn't Fully Recovered Yet, But It Is Close,' Says Expert",Benzinga,https://finnhub.io/api/news?id=644129518d6627b7452b5d3a7db19928a566c13ec1c6a75073f748ebfb02ef66,0.095,0.905,0.0,-0.5267,2025-05-19
2025-05-19 05:40:22,Nvidia CEO Unveils New Tech at Taiwan's Computex,Finnhub,https://finnhub.io/api/news?id=2249932fbbd5e1d635bcb290db35a6ad33b7c6a41b1e20f7bb8808950f46fc81,0.034,0.917,0.048,0.1531,2025-05-19
2025-05-19 05:21:50,Nvidia aims to centralize the use of its AI resources with Lepton,Finnhub,https://finnhub.io/api/news?id=0ba9199cc2551f8f1a38b5fb1d521dc0fcdbe7380f090450f3119be37a60981f,0.0,0.879,0.121,0.7096,2025-05-19
2025-05-19 05:21:10,"Nvidia Opens Up Its Platform, Plans AI Supercomputer in Taiwan -- Update",Finnhub,https://finnhub.io/api/news?id=db2447b02d63e358dab99c18f57cf333e43a6f9bd3b065ddbd5fd758791d19b4,0.0,1.0,0.0,0.0,2025-05-19
2025-05-19 04:55:47,Nvidia Q1 Preview: Stable Nasdaq Alpha At A Sentiment Inflection,SeekingAlpha,https://finnhub.io/api/news?id=1cec86aded2aac6cd2aec6d70a355b1fad5a2f1f109e53fb36d0e778b3add0e2,0.0,0.851,0.149,0.7003,2025-05-19
2025-05-19 04:14:45,NetApp Integrates NVIDIA AI Data Platform Into AIPod To Accelerate Agentic AI And Retrieval-Augmented Generation,Benzinga,https://finnhub.io/api/news?id=bf89150a31b34b6d680f2325501077158b2ba89f93bd9d59cbbfa08765b9e35b,0.0,1.0,0.0,0.0,2025-05-19
2025-05-19 04:12:44,Investors Seem Content To Chase 'Fool's Gold',SeekingAlpha,https://finnhub.io/api/news?id=e8c63b1bbf9cd1579b157a573d821cfcfdefe13c3fd7e6d173c240ed127b4fa4,0.0,1.0,0.0,0.0,2025-05-19
2025-05-19 03:50:33,"Nvidia prepares to invest in PsiQuantum, stepping up its push into quantum computing",Finnhub,https://finnhub.io/api/news?id=999f4facab55971540f9819b7c13ccbb97bb1b638bac2a92d4b513191b24f6ad,0.0,1.0,0.0,0.0,2025-05-19
2025-05-19 03:40:34,Jensanity in Taiwan: Nvidia boss welcomed as a national hero,Finnhub,https://finnhub.io/api/news?id=015eb058d9f4529dc793ba2cb8292bc1982281d674d73f8dc98dd896979b36e4,0.044,0.841,0.115,0.5719,2025-05-19
2025-05-19 03:27:17,Nvidia software aims to create marketplace for AI computing power,Finnhub,https://finnhub.io/api/news?id=9d81bba89c5e479e1d8a6a3f2abaa222bbb441fd28ab9b19776c22734210cc4e,0.04,0.767,0.193,0.7003,2025-05-19
2025-05-19 03:25:14,FLQL: Multi-Factor Vs. Single Factors,SeekingAlpha,https://finnhub.io/api/news?id=49378a38da8b32d672f3bafed22ed31f182419f9216d3277db29ec935e7a0d2d,0.0,0.912,0.088,0.34,2025-05-19
2025-05-19 03:20:03,"S&P 500 Gains For Fifth Session: Investor Sentiment Improves, Fear Index Remains In 'Greed' Zone",Benzinga,https://finnhub.io/api/news?id=7e2beed9b3413837740c932f6e3ae10ef6887a3324637e90e9459f52375ddcbe,0.267,0.498,0.235,-0.1779,2025-05-19
2025-05-19 01:14:13,INFO: New Active ETF With A Good Start,SeekingAlpha,https://finnhub.io/api/news?id=99efc2ccd0f9c15a38846079bdec8289468ecdaa79adc9ed0954d5799f6c0099,0.0,0.625,0.375,0.9153,2025-05-19
2025-05-19 00:44:06,NVIDIA Powers World’s Largest Quantum Research Supercomputer,Finnhub,https://finnhub.io/api/news?id=b8f6456882562ad31351a3fa0a679f673a357b6bc3ac607ba10e54ff20916b42,0.0,1.0,0.0,0.0,2025-05-19
2025-05-19 00:44:06,NVIDIA Announces DGX Cloud Lepton to Connect Developers to NVIDIA’s Global Compute Ecosystem,Finnhub,https://finnhub.io/api/news?id=e29c7e00307d16f8c1bb74488a0f20bac040728f13977a1c1f0044d6c5c0b2f7,0.0,1.0,0.0,0.0,2025-05-19
2025-05-19 00:29:07,Nvidia Corp Says Announces Isaac GR00T N1.5 Update For Humanoid Robots,Finnhub,https://finnhub.io/api/news?id=07b596d4b3a098f7112bb8d6387bb62441e4212bd1f8cfc164d8fddb91c4078d,0.0,1.0,0.0,0.0,2025-05-19
2025-05-19 00:26:05,NVIDIA Powers Humanoid Robot Industry With Cloud-to-Robot Computing Platforms for Physical AI,Finnhub,https://finnhub.io/api/news?id=685c7662cb99ea1d9a42234a1778c0eab0c3ab2274aa2c90f3dbc9ca3fc59efb,0.0,0.933,0.067,0.4215,2025-05-19
2025-05-19 00:07:05,NVIDIA RTX PRO Servers Speed Trillion-Dollar Enterprise IT Industry Transition to AI Factories,Finnhub,https://finnhub.io/api/news?id=b9ce54304d0ddb1de5de39ca7f725980ae6c0e203cc38aeb8a8bf2ed0aebad74,0.0,1.0,0.0,0.0,2025-05-19
2025-05-19 00:00:12,Nvidia Launches Ai-First Dgx Personal Computing Systems With Global Computer Makers,Finnhub,https://finnhub.io/api/news?id=2814743f61f703de8c3e76513fc5d6d9a037ce6911552e1e8ddc84c585f6e8cf,0.0,0.867,0.133,0.6207,2025-05-19
2025-05-18 23:58:13,Nvidia Unveils Nvlink Fusion For Industry To Build Semi-Custom AI Infrastructure With Nvidia Partner Ecosystem,Finnhub,https://finnhub.io/api/news?id=23da8abbc8551af620480a8a4795d98e7e20e66be507e35eb23d39dcef19e0c1,0.0,1.0,0.0,0.0,2025-05-19
2025-05-18 23:54:11,Foxconn Builds AI Factory In Partnership With Taiwan And Nvidia,Finnhub,https://finnhub.io/api/news?id=50674f8fd83e4762ea5f4dd6c162f95988c9d7fff814864ccdff0da9243cd776,0.0,1.0,0.0,0.0,2025-05-19
2025-05-18 23:41:35,David Sacks Hails Trump's AI Strategy In Middle East As Power Move Over China — OpenAI CEO Sam Altman Backs Him: 'Sorry Naive People Are Giving You Grief',Benzinga,https://finnhub.io/api/news?id=648f0740af506163ddfc14556415e6c132d0a1a69cee1a4d2e7557fabfb2b6d0,0.145,0.73,0.126,0.1779,2025-05-19
2025-05-18 22:19:07,"Nvidia in advanced talks to invest in PsiQuantum, The Information reports",Finnhub,https://finnhub.io/api/news?id=a3c06749a198f4ad7d31ad6702cdc7b6ab2860b3d734339350d9a49f3b114f12,0.0,0.895,0.105,0.4588,2025-05-19
2025-05-18 21:36:08,Tracking Ken Fisher's Fisher Asset Management Portfolio - Q1 2025 Update,SeekingAlpha,https://finnhub.io/api/news?id=3d4ca0c5601d6c33d5b8a73480c0af970db18cd3837050d03c55d97c742ceec1,0.0,0.721,0.279,0.8481,2025-05-19
2025-05-18 21:27:09,"S&P 500 At 5950, Do We Revisit The Lows? Here's What Happens",SeekingAlpha,https://finnhub.io/api/news?id=9e1331ab15fb45d4882055ee2be9c5d9e3874c1c258dae02e392ffa38250c5e3,0.141,0.859,0.0,-0.2023,2025-05-19
2025-05-18 20:31:00,The Top Corporate Board Directors,DowJones,https://finnhub.io/api/news?id=3a8da79ef0fea5374c3f6ca6012be9e16fbb63d9a0d64bd39aac240b57995d59,0.0,0.69,0.31,0.3818,2025-05-19
2025-05-18 19:01:11,Nvidia's Huang set to showcase latest AI tech at Taiwan's Computex,Finnhub,https://finnhub.io/api/news?id=112c44e037936e3ffb29632286a8041973713b886b6cb86d5593cd446033157a,0.0,0.93,0.07,0.4767,2025-05-19
2025-05-18 13:25:49,Model Portfolio For Capital Appreciation: May 2025,SeekingAlpha,https://finnhub.io/api/news?id=29e68c6a874f383bf720d101b9bbdde6f819a96418934ffe8a8abff486120174,0.0,0.836,0.164,0.7096,2025-05-19
2025-05-18 10:13:11,"Consumer Tech News (May 12-May16): Trump's Europe Critique Intensifies, UAE Gets Nvidia AI Chips, Apple To Stay In India & More",Benzinga,https://finnhub.io/api/news?id=9dbacd2f5ec880752ea29dc1169d069959c617b72f205d0ad70405fd06d5730d,0.068,0.864,0.068,0.2585,2025-05-19
2025-05-18 08:00:00,Nvidia's Q1 Detonation: Why This AI Juggernaut Is About To Rip Higher,SeekingAlpha,https://finnhub.io/api/news?id=3892737591aeb34bf788b45b88b9ab2d544704bb757a20dc378639d5c700c133,0.033,0.773,0.194,0.8074,2025-05-19
2025-05-18 07:32:00,Palantir Stock vs. Nvidia Stock: Billionaires Buy One and Sell the Other,Yahoo,https://finnhub.io/api/news?id=52ea279330906387eeee8f2788aaa7a5b682a81403d07466a44a72f34276f931,0.036,0.788,0.177,0.9153,2025-05-19
2025-05-18 05:03:44,"The 1-Minute Market Report May 18, 2025",SeekingAlpha,https://finnhub.io/api/news?id=b43d0d20221459e5fa96557448bd3784c21ea0300f6fc0da8c036afd34b90970,0.087,0.836,0.077,-0.0772,2025-05-19
2025-05-17 22:59:39,"AI chips are the new ‘coin of the realm’ as they grease the wheels of geopolitical negotiations, BofA says",Yahoo,https://finnhub.io/api/news?id=646639f10b7b2de5a8f8c6fc52fbda41d45a8031359e8abc3871bccfc85eb398,0.0,0.907,0.093,0.4939,2025-05-19
2025-05-17 22:31:00,Could Rigetti Computing Be the Next Nvidia?,Yahoo,https://finnhub.io/api/news?id=8efd360e2ad57d42aa8a0cb7625e2fc51cd556d99f20913baf3ade0afac2af4b,0.0,0.927,0.073,0.296,2025-05-19
2025-05-17 22:01:00,5 Supercharged Growth Stocks I Bought During Last Month's Stock Market Crash,Yahoo,https://finnhub.io/api/news?id=e71d48a675e81c0412933afa1d203c341d45eea90f2d1c364dc1354f3c8ee7fe,0.082,0.606,0.312,0.765,2025-05-19
2025-05-17 20:52:05,"Nvidia CEO Says ""No Evidence of Any AI Chip Diversion""",Yahoo,https://finnhub.io/api/news?id=8c3794d4322dff97cf8864d012b45de8e75aef6d2bc28a5d91d0787bd8e089f4,0.042,0.829,0.129,0.6705,2025-05-19
2025-05-17 17:36:00,AI Daily: Nvidia says not sending GPU designs to China,Yahoo,https://finnhub.io/api/news?id=694b4db628bc7aaf5fa01837411b17bafa9dd91c30d6a9a7e41ea42405285e38,0.03,0.921,0.05,0.2422,2025-05-19
2025-05-17 17:23:00,2 Artificial Intelligence (AI) Stocks I'm Buying If the Market Crashes,Yahoo,https://finnhub.io/api/news?id=22ea06754464c8c50471d2056b1bcdbaf7c9942409af8e8a95c64e26786aa9c3,0.076,0.637,0.287,0.8979,2025-05-19
2025-05-17 16:06:46,"Charter to combine with Cox, Take-Two reports mixed Q4 results: Morning Buzz",Yahoo,https://finnhub.io/api/news?id=f7c736e0cf3bb691410a1822714cabef8d9fbb2d9d5248d402cd3ae874175c59,0.029,0.902,0.069,0.4019,2025-05-19
2025-05-17 14:05:00,Prediction: This Artificial Intelligence (AI) Data Center Stock -- Backed by Nvidia and Billionaire Jeff Bezos -- Could Go Parabolic After May 20,Yahoo,https://finnhub.io/api/news?id=901d1b8d4d1fc3d82e4c87d0c16b8978db4ea13eb019fd5f12469bdf60214114,0.0,0.945,0.055,0.2732,2025-05-19
2025-05-17 14:01:33,Experienced Reddit Investors Imagine If They Were 25 Again: 'What Would You Do Differently',Yahoo,https://finnhub.io/api/news?id=e320c33810a74a372c78063308e31964e85ab585cf8717a4e22ff266918a1bf8,0.0,0.943,0.057,0.6908,2025-05-19
2025-05-17 13:00:33,Nvidia-backed CoreWeave soars 100% since IPO as investors see AI demand outweighing 'risky' business model,Yahoo,https://finnhub.io/api/news?id=a07236cbce485ef97ef96dcc3e6a84a653cce29df3a4b44df7b371dcc04107a6,0.067,0.832,0.101,0.4019,2025-05-19
2025-05-17 12:55:00,Is Super Micro Computer Stock a Buy?,Yahoo,https://finnhub.io/api/news?id=a1f981aa03e1d010ad442c0ecdb057152c6140d02b7ea41f4b736407035ec1cf,0.038,0.644,0.318,0.9517,2025-05-19
2025-05-17 11:00:00,Grim Economic Outlook Overtakes Solid Earnings as Tariff Disruptions Surface,Yahoo,https://finnhub.io/api/news?id=f8c74e232ed0a34141c8f715c25002dae2bf60af16d927ec2836f51e8a5d3be2,0.134,0.772,0.094,-0.5719,2025-05-19
2025-05-17 11:00:00,"Nvidia gets an AI boost, Meta hits a AI roadblock, and Apple's brutal year: Tech news roundup",Yahoo,https://finnhub.io/api/news?id=0a070f29ac41bbda8fc08693cb5ecbe41e6281972632a16070e6ef6857c2a057,0.106,0.792,0.102,-0.0516,2025-05-19
2025-05-17 11:00:00,"Home Depot, Snowflake Set To Report Earnings",SeekingAlpha,https://finnhub.io/api/news?id=0a98a06f14f4c9d2ce79e4b45c66516ab42ab17101e76d7e7a17008a6f66ba4d,0.0,1.0,0.0,0.0,2025-05-19
2025-05-17 10:27:00,Is Super Micro Computer Stock a Buy Now?,Yahoo,https://finnhub.io/api/news?id=1263eea661e2fcad015b77787872b203d4dfe2427cef0a5691f0fafc57fbb248,0.0,0.7,0.3,0.782,2025-05-19
2025-05-17 09:50:51,Nvidia CEO Sees No Evidence of AI Chip Diversion Into China,Yahoo,https://finnhub.io/api/news?id=72af4341265b69adf25ffdf05b18af6c9f5ace2e585b4a45159cd967a14c3328,0.095,0.803,0.102,0.4019,2025-05-19
2025-05-17 09:45:00,3 No-Brainer Stocks to Buy Hand Over Fist,Yahoo,https://finnhub.io/api/news?id=1b62abeeef2e9f0ad0f4ba48e349ee6ef90ddc72c840d23fc48e54aa9de0d707,0.049,0.782,0.168,0.7128,2025-05-19
2025-05-17 09:42:42,Tech Is Crushing Dividends - And I Love It,SeekingAlpha,https://finnhub.io/api/news?id=bdcf270c627af8c8a6d56bbf5b554ed7a1d8dd473feb1ec7903a4f1d7c7e5300,0.057,0.711,0.232,0.8225,2025-05-19
2025-05-17 09:42:14,’From Tariff Man to Global Salesman’,Yahoo,https://finnhub.io/api/news?id=4aa7e305f11af4b023a1b6c2272f04b6a293ac8952da525484be9aa41318a5c9,0.024,0.852,0.124,0.8402,2025-05-19
2025-05-17 09:32:29,Nvidia’s Huang sees no evidence of AI chip leakage to China,Yahoo,https://finnhub.io/api/news?id=a1a80b048aa3713b4f84283e7edb47321a3164e6beafa5a6751f078e57690749,0.07,0.847,0.084,0.3182,2025-05-19
2025-05-17 09:01:21,"Benzinga Bulls And Bears: Virgin Galactic, Duolingo, Alibaba — And Stocks Close Up Five Days In A Row",Benzinga,https://finnhub.io/api/news?id=6ed8643cea066c1c3056e2eff830651b74d775da63d0847f32767b6877bc9b80,0.0,0.844,0.156,0.7184,2025-05-19
2025-05-17 08:30:00,Cisco Systems: Recent Quarter The Start Of A New Age For This Networking Giant?,SeekingAlpha,https://finnhub.io/api/news?id=4fec000f82e243bc4e019f4c8f4ef5c9d148a30264e56f440076ce7f229e9e74,0.0,0.754,0.246,0.8779,2025-05-19
2025-05-17 08:29:38,"OpenAI, Oracle to Help UAE Develop Massive Data Center",Yahoo,https://finnhub.io/api/news?id=517923f320fa06fbf0ba367bfa378b908d1a7c1c7286bf26b1c85924d8841f84,0.044,0.825,0.132,0.8126,2025-05-19
2025-05-17 07:00:00,These 19 stocks at the intersection of AI and robotics could see big sales boosts,MarketWatch,https://finnhub.io/api/news?id=fef700e7584e421d7dbd50ea1bbb9283ee358d8cdcd34a427e77a02b057d4461,0.0,0.859,0.141,0.5574,2025-05-19
2025-05-17 01:43:07,Nvidia CEO says next chip after H20 for China won't be from Hopper series,Finnhub,https://finnhub.io/api/news?id=92be45f623195ca930e8b4e4348fcc7078aeb931ab233b9e11fcf7482e4440b0,0.0,1.0,0.0,0.0,2025-05-19
2025-05-17 01:30:00,Tradeweb Is Looking to Come to a Bond Market Near You,MarketWatch,https://finnhub.io/api/news?id=53d83be0d391ad4524360cc2fc3f7be3826c8635293f4137fa13fcacf8dbda01,0.0,1.0,0.0,0.0,2025-05-19
2025-05-16 22:00:00,"Nvidia to Set Up Research Center in Shanghai, Maintaining Foothold in China",DowJones,https://finnhub.io/api/news?id=6bdf346b1ab7717dfee1f76e19317e85cc885778d606105d5fc44c14dc9e355e,0.0,1.0,0.0,0.0,2025-05-19
2025-05-16 18:14:00,The AI Trade Is Back—and That’s Good Enough for the Stock Market,MarketWatch,https://finnhub.io/api/news?id=8b302fca598b60c6ae78861e91fbe40e4b0a28d3e1997ce6f7bc20a77dbcf13c,0.0,0.791,0.209,0.7003,2025-05-19
2025-05-16 16:24:00,Nvidia is trying to hold on to its business in China — even as it gets harder to compete with Huawei,MarketWatch,https://finnhub.io/api/news?id=bcf177ba9362821de69fc5bde91745be4769a35006d3165c4e3613cc770e0f6a,0.0,1.0,0.0,0.0,2025-05-19
2025-05-16 16:17:18,Nvidia stock set for 15% weekly gain as trade news boosts AI chip,Yahoo,https://finnhub.io/api/news?id=8fe2fc273dff96ea15f77d598d523b963c10d22e2c7ee4f5789f4c38d03c897e,0.0,0.768,0.232,0.9118,2025-05-19
2025-05-16 16:07:22,"US-China Trade Truce, Trump's Middle East Deals Spark Wall Street Rally: This Week In Markets",Benzinga,https://finnhub.io/api/news?id=8f2b361a109b84049ea6b98e377ec44212040f43844863b5542aa8771ac10a83,0.049,0.789,0.162,0.5994,2025-05-19
2025-05-16 15:33:50,"Top Midday Stories: Novo Nordisk CEO Stepping Down; Charter, Cox to Merge in $34.5 Billion Deal",Yahoo,https://finnhub.io/api/news?id=a50d040cfb7f66f023fcb6c9922c5135d3c707e85a4f976e3582ba4ee3776ef9,0.0,0.945,0.055,0.2023,2025-05-16
2025-05-16 15:20:47,"AMD's AI Strategy Sprints Past Intel, Firmly In The Fast Lane",SeekingAlpha,https://finnhub.io/api/news?id=591dde697e327bb2c53ff9975d6b3162abb11c669ebd75ac287e6fa8c6066b96,0.045,0.791,0.165,0.6808,2025-05-16
2025-05-16 15:16:18,"Michael Burry Targets Nvidia, Alibaba, Baidu in Latest Bearish Plays",Yahoo,https://finnhub.io/api/news?id=7297661fcc98eef6a1c7b1b213aa6afe8a3aea5af1d433860ca48fe2b32c31cb,0.0,0.895,0.105,0.25,2025-05-16
2025-05-16 14:55:12,"Nvidia Shares Surge for Week, Boosted by Middle East Chip Deals",Yahoo,https://finnhub.io/api/news?id=b8716b48cab7996b8d9b9aac05881a74bb948c57fd954d5b8848a999bd2f3041,0.0,0.769,0.231,0.9042,2025-05-16
2025-05-16 14:53:39,Apple Stock: President Trump Had A Point In Qatar Meeting,SeekingAlpha,https://finnhub.io/api/news?id=c2f4a5178a5e878b945bff8968a4974b027882018fae0bb5390be083c8f34878,0.049,0.839,0.112,0.4404,2025-05-16
2025-05-16 14:48:37,"Applied Materials, Nvidia, Apple & Fortnite: Trending Tickers",Yahoo,https://finnhub.io/api/news?id=1f74dd6754fee2b26926034eb4e485c6691ef807ea8b4a05ee53d1426fbe6b50,0.053,0.947,0.0,-0.4767,2025-05-16
2025-05-16 14:44:16,"Michael Burry bets against Nvidia, Chinese stocks via put options",Yahoo,https://finnhub.io/api/news?id=97c7b741b97d11b252acf34afbd7991322193c8c58513af58ceb1c720d85e6e3,0.0,0.975,0.025,0.3612,2025-05-16
2025-05-16 14:31:35,Nvidia Stock Soared This Week. Why There Could Be More Gains Coming Soon.,Yahoo,https://finnhub.io/api/news?id=9dae46e380fb5711e35727febe110bad60d7c5cad813363a87c17614ff2559bf,0.0,0.917,0.083,0.5984,2025-05-16
2025-05-16 14:10:00,Nvidia customers will push into AI until they 'become irrelevant',Yahoo,https://finnhub.io/api/news?id=e16386e89ab53ec637d72de908cef4b4ed5a998d13fe5bc7ad0aa15e789a8f67,0.0,0.857,0.143,0.9325,2025-05-16
2025-05-16 13:52:00,Nvidia Stock Rises Again. Trump Just Made Another AI Chip Deal.,Yahoo,https://finnhub.io/api/news?id=3b716fb1565cf3af5589938900c5e194647fcfd1a3902723ca4ca79caaa0e80e,0.0,0.863,0.137,0.5106,2025-05-16
2025-05-16 13:48:14,Nvidia Shares Roar Back as Clouds Hanging Over Chipmaker Fade,Yahoo,https://finnhub.io/api/news?id=dbbb0bcb430ba3fc91d7a6b8625bcb740932b754611b2465b4325750114468f8,0.131,0.756,0.113,-0.4019,2025-05-16
2025-05-16 13:33:38,Q1 2025 Innventure Inc Earnings Call,Yahoo,https://finnhub.io/api/news?id=63aa1e3e0636043e30d5f477f196d614ca536b50f002de18a57a0561fb91d586,0.0,1.0,0.0,0.0,2025-05-16
2025-05-16 13:05:53,Update: Market Chatter: Nvidia Plans R&D Center in Shanghai,Yahoo,https://finnhub.io/api/news?id=6b6bfe4454cea6a9021ffe692371a731ae4039f35ac7bfad1b35b40ecaee91d6,0.0,1.0,0.0,0.0,2025-05-16
2025-05-16 13:03:54,Update: Market Chatter: Nvidia to Have New US Production Facilities Built by Wistron by 2026,Yahoo,https://finnhub.io/api/news?id=13b9ba0f314f4dd704ae2f7fa29258ecadeacbdedaea7e7ba69d423033143d43,0.0,1.0,0.0,0.0,2025-05-16
2025-05-16 13:01:20,Nvidia Could Cement China Lead with Local AI R&D,Yahoo,https://finnhub.io/api/news?id=cb439da07522a7713bf0a6d38d7e96336bba7c03b20594ebc7eaf7076241bc6d,0.0,0.88,0.12,0.3818,2025-05-16
2025-05-16 12:47:04,Here's Why Data Center Equipment Company and Nvidia Partner Vertiv Soared This Week,Yahoo,https://finnhub.io/api/news?id=87c014d8a1b9898b13db9442915d17d1e1d5f7583161c2da17795f9c0b3cb528,0.0,0.84,0.16,0.8658,2025-05-16
2025-05-16 12:31:00,How Gulf Sheikhs Played Their Trump Cards Into a Massive AI Chip Deal,Yahoo,https://finnhub.io/api/news?id=8bf7796c61bac5f616da44214d09db11a7d04813893fc8848f43f48cab6f4cd6,0.0,0.936,0.064,0.34,2025-05-16
2025-05-16 12:15:04,UAE partners with Italian startup for AI supercomputer,Finnhub,https://finnhub.io/api/news?id=747c91a78beb42c18f4a386884470d1a016d08a452171be329bf7f75f982c953,0.0,0.874,0.126,0.5994,2025-05-16
2025-05-16 12:08:00,Quantum Computing Stock Soars. A Quantum-Chip Foundry Is Coming.,MarketWatch,https://finnhub.io/api/news?id=3a68eb6008d8c31fd220837e74d3cf263cc9871bf55a6953bc44348cedeaa945,0.0,1.0,0.0,0.0,2025-05-16
2025-05-16 12:00:00,"Wall Street Roundup: UnitedHealth, Retail, Tech, And Tariffs",SeekingAlpha,https://finnhub.io/api/news?id=6997e037a797478c2c972d0f03040cae06cf7a733d5c1865f718afe2f20c6295,0.0,1.0,0.0,0.0,2025-05-16
2025-05-16 11:52:28,"Nvidia seeks Shanghai R&D site after US chip curbs, say sources",Yahoo,https://finnhub.io/api/news?id=3374dd7f415d799a20233b3eec2c3ff2bda7206293c29b0568d202fcbb940ff4,0.0,0.902,0.098,0.7845,2025-05-16
2025-05-16 11:43:39,This Week In AI Chips - Revolutionizing AI Infrastructure With Efficient Power Innovations,Yahoo,https://finnhub.io/api/news?id=0fbd5b9a0e53e8d575ccd13b0f7afd4e6744ce4be8fb91fcc70a5dedc21cc4b2,0.0,0.839,0.161,0.9246,2025-05-16
2025-05-16 11:41:39,"CoreWeave: Impressive Growth, But I Still Have Questions",SeekingAlpha,https://finnhub.io/api/news?id=16d4d1c0126ed3567aa7b467b0671b9989c49cff7936e6caa11f6d1c1c54dd04,0.0,0.578,0.422,0.8495,2025-05-16
2025-05-16 11:39:13,"Loeb's Third Point Exits Meta, Tesla, Rotates Into Staples, Telecom, Industrials",Benzinga,https://finnhub.io/api/news?id=05fd7c9798ba6b354b027ea17effae1d6783e748c772a71c3e8d7922c54c99ac,0.0,0.907,0.093,0.3818,2025-05-16
2025-05-16 11:36:00,"Fintech stocks are hot again, as Coinbase and eToro whet investor appetite",MarketWatch,https://finnhub.io/api/news?id=eb0d402f757176fe338082ca1174e94e83e2bd4751402a46d7c039ebe0b33997,0.0,1.0,0.0,0.0,2025-05-16
2025-05-16 11:30:00,3 Reasons Why Nvidia Is Still a Must-Own Stock,Yahoo,https://finnhub.io/api/news?id=4c44582ee97db8f5d375e5dd36e080a33ae3f58745058af857e599cd843cec22,0.0,0.93,0.07,0.7783,2025-05-16
2025-05-16 11:08:41,Michael Burry turns bearish on Nvidia and China,Yahoo,https://finnhub.io/api/news?id=541ced6028bd0fdd73c3302c589384398afb2b10103ed442e46bf8ff28eccb16,0.0,0.892,0.108,0.5719,2025-05-16
2025-05-28 23:50:08,INDIA STOCKS-Indian shares open higher after US court blocks Trump tariffs,Finnhub,https://finnhub.io/api/news?id=eaf422623107c0c7ac4ecc107ceffe6f802cafcb99b1589754904604f60d0c24,0.042,0.733,0.224,0.802,2025-05-29
2025-05-28 23:42:00,Nvidia’s Business Is Booming Despite Being Shut Out of China,Yahoo,https://finnhub.io/api/news?id=fefc5c83141a7e2f81468a63ba45e9e3cf836382e64ab17063da5f284cc637b8,0.0,0.929,0.071,0.296,2025-05-29
2025-05-28 23:39:46,"NVIDIA reports positive earnings, but AI tokens take a nosedive",Yahoo,https://finnhub.io/api/news?id=825f72757eb74ece0ecd6bb3824d50a278ec89c5d2543c21241f986d6ac18643,0.0,0.79,0.21,0.705,2025-05-29
2025-05-28 23:20:00,"Nvidia earnings: The risks, positive signs this analyst sees for AI",Yahoo,https://finnhub.io/api/news?id=d6d103191b336f4c09f760275131377416987feb997f111482efffddb9e02f30,0.048,0.826,0.126,0.9022,2025-05-29
2025-05-28 23:15:57,"Nvidia CEO Jensen Huang touts US manufacturing plans, warns China export controls threaten US chip lead",Yahoo,https://finnhub.io/api/news?id=d8c5b68abf028911e6e9f07d115ed942430bfc371b491cc8c02398e718965d94,0.163,0.837,0.0,-0.6808,2025-05-29
2025-05-28 23:08:08,The Long Wait For Broadcom's 'AI Trifecta' Earnings Report Is Almost Over,SeekingAlpha,https://finnhub.io/api/news?id=fe419f4fe91c3a6a4effe75667a1a79989b24624bd8c31378b11a43830fb3a1a,0.0,1.0,0.0,0.0,2025-05-29
2025-05-28 23:05:34,"Can Nvidia Stock Hit New Heights? CEO Jensen Huang Just Provided Clear and Compelling Evidence That the Answer Is ""Yes.""",Yahoo,https://finnhub.io/api/news?id=0958044efa8049c9b00e19a9e175b3da18134b3572dcfd6a1ea72f44ba15bc0c,0.12,0.646,0.234,0.5859,2025-05-29
2025-05-28 22:46:00,"Markets Slide into the Close; NVIDIA, CRM & More Report",Yahoo,https://finnhub.io/api/news?id=199d4d899db303818889862ebb48a8051b73e952fd9968592398e124a9ea9920,0.0,1.0,0.0,0.0,2025-05-29
2025-05-28 22:17:16,Nvidia earnings call recap: 3 big takeaways,Yahoo,https://finnhub.io/api/news?id=edff84924ad36430b2947c7332a7f67cdbc95c884473d7ebd0b17dfbbeee8943,0.018,0.892,0.09,0.7184,2025-05-29
2025-05-28 22:09:32,Nvidia’s Earnings: What We Learned,Yahoo,https://finnhub.io/api/news?id=bed90c2d9186dccb793883beb491da43b1f340e502d89e0981fa7a90929bb822,0.0,0.982,0.018,0.0772,2025-05-29
2025-05-28 22:00:05,Nvidia (NVDA) Q1 Earnings: Taking a Look at Key Metrics Versus Estimates,Yahoo,https://finnhub.io/api/news?id=87f0c3d9f15d00e6e64ea6f242db0489da822f56979285c0cf5de76c40852dd0,0.0,0.89,0.11,0.6597,2025-05-29
2025-05-28 21:58:08,Nvidia stock rises after posting Q1 revenue beat,Yahoo,https://finnhub.io/api/news?id=2910f8b891ed505a70ac09965f4194c734d2e44f3d62280f25118ee8d99a7d86,0.0,0.929,0.071,0.743,2025-05-29
2025-05-28 21:53:28,REX Financial launches covered call Nvidia ETF hours before earnings release,Yahoo,https://finnhub.io/api/news?id=66024d09d9cbf194b8bdc003a36dd05cf6d4fe91cb44836d6c51bf10d5bc673b,0.0,0.928,0.072,0.7506,2025-05-29
2025-05-28 21:50:09,"Nvidia discloses more China risks, but CEO praises Trump",Finnhub,https://finnhub.io/api/news?id=712a64a1ecc9179071c403a5121582d5436dd59558eb09a36f04e68701a19339,0.131,0.542,0.327,0.9262,2025-05-29
2025-05-28 21:50:00,Nvidia is in constant 'cat-and-mouse game' with US regulators,Yahoo,https://finnhub.io/api/news?id=94d1ba93067d003c2d0d90160761c9034278f0e5c347b62cc8ad1fc7fa8a2c9b,0.022,0.893,0.085,0.9062,2025-05-29
2025-05-28 21:49:28,Nvidia’s hit from being caught in the US-China tech war isn’t as bad as expected,Yahoo,https://finnhub.io/api/news?id=60922c41efccd4c41c7d147ce2b7a1de8eb7ce165b3dfd2898038456ec7479cf,0.16,0.75,0.09,-0.6369,2025-05-29
2025-05-28 21:39:52,"Nvidia shares rise on strong Q1 earnings, despite export control headwinds",Yahoo,https://finnhub.io/api/news?id=bb15fc686e7bacc98508c9bf9ab7d6688941ac9f6653ec3854a8a98e4422573e,0.0,0.826,0.174,0.6542,2025-05-29
2025-05-28 21:37:58,Analyst resets Nvidia-backed AI stock price target after 200% surge,Yahoo,https://finnhub.io/api/news?id=7e3af9f24ed44a3567a6c22e09ca0c90a7d484291e73f42c5fd790c899a5a291,0.0,1.0,0.0,0.0,2025-05-29
2025-05-28 21:35:13,Chip Software Stocks Tumble on Report Trump Orders They Stop Selling to China,Yahoo,https://finnhub.io/api/news?id=666d22fb09ef8e43d7079bc8ccb98cf95de27bf2a8e54011339d0d245d515a0a,0.042,0.744,0.214,0.8402,2025-05-29
2025-05-28 21:35:02,Nvidia (NVDA) Q1 Earnings Miss Estimates,Yahoo,https://finnhub.io/api/news?id=6ccb687b63e0e28a7726f59271a3f1b9480abb20d5196056d15eed05bbd1a39a,0.108,0.786,0.106,-0.0258,2025-05-29
2025-05-28 21:30:00,RGA Investment Advisors Q1 2025 Investment Commentary,SeekingAlpha,https://finnhub.io/api/news?id=4dee0ba7f00380d26b1305312c50ac64ababf593c379ada4279c4b7699f12336,0.076,0.924,0.0,-0.34,2025-05-29
2025-05-28 21:28:32,"Nvidia earnings need a 'CPA to interpret,' portfolio manager says",Yahoo,https://finnhub.io/api/news?id=4c54bf5fb1c7ad471d6c85bb17c132df5dafaa2e7de9ed83138360b3ca89e000,0.0,0.945,0.055,0.6652,2025-05-29
2025-05-28 21:20:09,Nvidia's Huang Can Navigate US-China Risks: Cleo's Kunst,Yahoo,https://finnhub.io/api/news?id=a75436466b80abeefa7a2623f0e133f1e569a2c9bd86c6f163d25e8b18289435,0.106,0.894,0.0,-0.7269,2025-05-29
2025-05-28 21:03:21,Nvidia Is Better Prepared For The Future Than Competitors,SeekingAlpha,https://finnhub.io/api/news?id=d96cf2865f2a39f8146a70e88cdbefae6281019fac09207c0a03ecd3eafc3ac5,0.0,0.758,0.242,0.836,2025-05-29
2025-05-28 20:51:43,NVIDIA Corporation (NVDA) Q1 2026 Earnings Call Transcript,SeekingAlpha,https://finnhub.io/api/news?id=931da757725cb03b24f1f3a19cc5aeac6e25115b39bef418929935e94a0f3f87,0.0,1.0,0.0,0.0,2025-05-29
2025-05-28 20:41:06,"Nvidia: The AI Windfall Continues, But Forward Return Looks Unappealing",SeekingAlpha,https://finnhub.io/api/news?id=294ea6da501156122680f34f4c5b2d38f8c88728a98c885ed683bc7775b243ff,0.083,0.917,0.0,-0.2693,2025-05-29
2025-05-28 20:38:06,"Tokyo stocks open higher on robust Nvidia earnings, weaker yen",Finnhub,https://finnhub.io/api/news?id=20188cc9af60e8ab233bad68d0101f95b4341a67d5e15538ea359c18fabf17e3,0.122,0.695,0.183,0.2263,2025-05-29
2025-05-28 20:24:06,Nvidia (Finally) Missed; Time To Buy With Ease (Rating Upgrade),SeekingAlpha,https://finnhub.io/api/news?id=dbf664a55b57a1ef324b646e3c0bbeecd4f10bfa9bb7780445bd6573070680c5,0.102,0.831,0.067,-0.0772,2025-05-29
2025-05-28 20:09:25,"Hopper Is No Longer An Option, But That Is Okay: Upgrading Nvidia To A Buy",SeekingAlpha,https://finnhub.io/api/news?id=938973d74f2ea70a8b33b3ff62b3d86c429c369234ad4dcb49ce2973a8623c68,0.103,0.842,0.055,-0.2617,2025-05-29
2025-05-28 19:00:19,"Transcript : NVIDIA Corporation, Q1 2026 Earnings Call, May 28, 2025",Finnhub,https://finnhub.io/api/news?id=1570b33c5148e1492d9adc807aad414808035a15b878e6078c89b42dad18eeee,0.0,0.823,0.177,0.8126,2025-05-29
2025-05-28 18:36:42,All Eyes on Nvidia: Big Q1 Reveal Coming After the Bell,Yahoo,https://finnhub.io/api/news?id=afe9890cbc93a98824bd624b4c9eb3605331d24457cafc82327580de8ec81369,0.0,1.0,0.0,0.0,2025-05-29
2025-05-28 18:09:59,"Selling Time, Not Hopes And Dreams: Compound Your Way To Financial Victory",SeekingAlpha,https://finnhub.io/api/news?id=615016d6a9ae49c20b4c2fc97cfad528b1154b94a22460d63b0f974d257b9107,0.103,0.695,0.202,0.5283,2025-05-29
2025-05-28 18:08:20,"Nvidia earnings, Tempus AI short, Vail Resorts CEO returns",Yahoo,https://finnhub.io/api/news?id=2b14ade81c3ef37eeed7ebb1cb5319ca2a4c69a3a24732f2ac14d6de0a30d23f,0.0,0.927,0.073,0.6908,2025-05-29
2025-05-28 18:00:45,"Nvidia Q1: Big Margin Decline, Nice Underlying Growth",SeekingAlpha,https://finnhub.io/api/news?id=74e796f00c13faaae359b7886f12046eaef948e85f520c0172589eaa4cbc839b,0.0,0.63,0.37,0.9354,2025-05-29
2025-05-28 17:56:47,"MAGS: The Correction Reversed, But Big Tech Fundamentals Continue To Deteriorate",SeekingAlpha,https://finnhub.io/api/news?id=d26f324a17106b4312c32a6e736ff5ddb6cf59dc05140d698486a65801a0a200,0.0,1.0,0.0,0.0,2025-05-29
2025-05-28 17:52:17,"Equities Fall Intraday Ahead of Nvidia Earnings, Fed Minutes",Yahoo,https://finnhub.io/api/news?id=4cba1d21350b47a1449f4f4e97354ef6c82c6db0eaa81d59d9e265676c37612b,0.136,0.864,0.0,-0.3182,2025-05-29
2025-05-28 17:33:15,US Equity Indexes Fall as Investors Tread Cautiously Ahead of Nvidia's Quarterly Earnings,Yahoo,https://finnhub.io/api/news?id=65ef15160635f409bad2a00a9667ec69dfb56b5872d183e406d9ce827541a908,0.0,1.0,0.0,0.0,2025-05-29
2025-05-28 17:25:17,Nasdaq Back to Breakeven as Wall Street Takes Stock of Rally,Yahoo,https://finnhub.io/api/news?id=8759b73df5551eb5e0baa7e9cb06e92522f9b7ce094356d89c3811ec098d1da3,0.03,0.953,0.017,-0.296,2025-05-29
2025-05-28 17:24:19,The Key Takeaways From Nvidia's Earnings,Finnhub,https://finnhub.io/api/news?id=4b66e5ca9626febfe4027c156435cb3fe3983e0faa08c2c5e54f6d7dd3b76a9d,0.0,0.941,0.059,0.296,2025-05-29
2025-05-28 17:23:45,"Equities Retreat, Nvidia Earnings Loom | Closing Bell",Finnhub,https://finnhub.io/api/news?id=1a099ac10e60a01c8152f2ec0eb2fdef508e8d9545e3dc46c0c2c352c078ff23,0.05,0.849,0.101,0.2263,2025-05-29
2025-05-28 17:16:43,These Stocks Could Post Big Moves After Nvidia Earnings,Yahoo,https://finnhub.io/api/news?id=1266e845bf051fa2a0e53b4474b364394fba2ad5d8fd8c5ffd1a400fb6fa6ef7,0.0,1.0,0.0,0.0,2025-05-29
2025-05-28 17:16:00,Nvidia's $43 billion question: Can Jensen Huang keep the AI hype train on track?,Yahoo,https://finnhub.io/api/news?id=730e1c8ecbeb5bb45801f990d6055b29dafd1898738137fafb673b1751f7a2bd,0.0,1.0,0.0,0.0,2025-05-29
2025-05-28 17:04:45,"Cisco Systems, Inc. (CSCO) Can Benefit From The European Market, Says Jim Cramer",Yahoo,https://finnhub.io/api/news?id=57f35055d1ee38a13e1314906fbe0ed320b58c501e57e6b5eed4afb2dc31199e,0.0,0.874,0.126,0.8591,2025-05-29
2025-05-28 17:03:09,"Oracle Corporation (ORCL) Is Very Good For NVIDIA, Says Jim Cramer",Yahoo,https://finnhub.io/api/news?id=e8ae8629ed85cce366422b4fba6455b2e60aa528aa5699318da8ee554514f9f4,0.0,0.868,0.132,0.8655,2025-05-29
2025-05-28 17:01:15,Trading Day: Investors shrug off Nvidia caution,Finnhub,https://finnhub.io/api/news?id=949844478d5927d8cb54f9d487b5d33a279c8ab26a855906ba831f4e82aff12c,0.0,1.0,0.0,0.0,2025-05-29
2025-05-28 17:01:15,TRADING DAY-Investors shrug off Nvidia caution,Finnhub,https://finnhub.io/api/news?id=916f4c2fce33fe020107a2fd9c53d266d244d2f64d9ccd5d6c2036a052733131,0.068,0.932,0.0,-0.296,2025-05-29
2025-05-28 17:01:00,How to Trade Nvidia Stock (NVDA) Ahead of Pivotal Earnings Call,Yahoo,https://finnhub.io/api/news?id=04928bceea88fae782c6c394bbf47c59bbd89bc873a2e243a003d880bb973b71,0.0,0.846,0.154,0.9246,2025-05-29
2025-05-28 17:00:46,"NVIDIA Corporation (NVDA): Worried “That He Took On, The Government,” Says Jim Cramer",Yahoo,https://finnhub.io/api/news?id=3958a23c553a881351bc8bd749192ccf02aa6611b6b08af01c01e9e7aaff524d,0.029,0.861,0.11,0.7269,2025-05-29
2025-05-28 16:59:59,"Amazon.com, Inc. (AMZN) Will Buy Every Single NVIDIA Chip It Can Get, Says Jim Cramer",Yahoo,https://finnhub.io/api/news?id=c3b9704cafdb11ec5cd3269e63f636de899e933f5f7d51037e2f5f0ea6fbaea3,0.0,0.914,0.086,0.7579,2025-05-29
2025-05-28 16:52:06,Nvidia's H20 China Ban May Skew Earnings Estimates,Yahoo,https://finnhub.io/api/news?id=8811adf05933ce5440e27b9391c781887ced33874e4afbc7d3da94c764fa21f2,0.153,0.847,0.0,-0.5574,2025-05-29
2025-05-28 16:38:43,Nvidia Stock Looks Cheap Headed Into Earnings,Yahoo,https://finnhub.io/api/news?id=6c9c67306279ab97160384ec14f57990f179ee0ecff17564072b312980ce8e36,0.0,0.952,0.048,0.4404,2025-05-29
2025-05-28 16:30:15,Indexes end down after chip designers ease late; Nvidia jumps after the bell,Finnhub,https://finnhub.io/api/news?id=4622e93300289be7f932b8edfba84fcbc436d4721877d4f0a9f0461d8ef8381e,0.0,0.875,0.125,0.5719,2025-05-29
2025-05-28 16:30:15,Indexes end down ahead of Nvidia results; chip designers fall late,Finnhub,https://finnhub.io/api/news?id=2b2c2ef7c49895d4d3089adbdc05c8898a936a43f252a08158e7c00fc2fb41ef,0.0,1.0,0.0,0.0,2025-05-29
2025-05-28 16:29:35,Navitas Rides Nvidia Coattails With Energy Partnership,Finnhub,https://finnhub.io/api/news?id=0794850db70e06738415069bc29adabf594afdee4ea0d99ec85cfdbea78b210e,0.0,0.888,0.112,0.5106,2025-05-29
2025-05-28 16:29:13,Nvidia: Fiscal Q1 Earnings Snapshot,Finnhub,https://finnhub.io/api/news?id=d0ca2b6e5cb96f20936d69fbe6c61cce1b6b49f8a7d2e332d4ee405154a30916,0.0,0.847,0.153,0.7003,2025-05-29
2025-05-28 16:28:09,Nvidia expects $8 billion hit from US chip rules; forecast misses estimates,Finnhub,https://finnhub.io/api/news?id=a060859b2287e0ca78a9eac45644832a8039eaf4e67b5b43be437f3ed9bd748e,0.038,0.962,0.0,-0.1154,2025-05-29
2025-05-28 16:28:09,Nvidia forecasts revenue below estimates as US restrictions cost $8 billion in sales,Finnhub,https://finnhub.io/api/news?id=efa39b861e0d45ec7dec3c01a0d8c95e50ad3cd74142a577db2b69c8714f681c,0.0,1.0,0.0,0.0,2025-05-29
2025-05-28 16:28:09,Nvidia forecasts second-quarter revenue below estimates,Finnhub,https://finnhub.io/api/news?id=4557bd94e1de20fe437bf3a2f2b64758f1f22a5b79939283ec0dac797335590a,0.0,1.0,0.0,0.0,2025-05-29
2025-05-28 16:28:07,NVIDIA : First Quarter 2026 CFO Commentary,Finnhub,https://finnhub.io/api/news?id=1761fa56b9084b32d7c3d2f7d8c78a4b8bb3579672e0b4af180be9c41310bc0b,0.0,1.0,0.0,0.0,2025-05-29
2025-05-28 16:28:05,NVIDIA : First Quarter 2026 NVIDIA Quarterly Revenue Trend,Finnhub,https://finnhub.io/api/news?id=e2f47c9e633b9a7da1bf088f118a2e4962c497337bb636bf476b8e30955b13b1,0.0,1.0,0.0,0.0,2025-05-29
2025-05-28 16:26:46,US Equity Indexes Decline Ahead of Nvidia's Earnings,Yahoo,https://finnhub.io/api/news?id=36f3e51d8e983113890bb6f5bd9c3236c91d7d18e52056316552e5f7a4934460,0.0,1.0,0.0,0.0,2025-05-29
2025-05-28 16:20:38,AMD Is Winning The Gaming Market,SeekingAlpha,https://finnhub.io/api/news?id=58f697f792d118de39cae16975b925f3b8f1c27f1796fd06705ed7cfa8fb0dff,0.0,0.737,0.263,0.8402,2025-05-29
2025-05-28 16:20:11,NVIDIA Announces Financial Results for First Quarter Fiscal 2026,Finnhub,https://finnhub.io/api/news?id=220467ee03b4890f52bb0359c6b00e475c7b424ee2d3a03d2c6588e7657f8f61,0.0,1.0,0.0,0.0,2025-05-29
2025-05-28 16:15:00,Nasdaq 100 Forecast: Eyeing Fresh ATH Supported By Nvidia,SeekingAlpha,https://finnhub.io/api/news?id=6d129b8c3341fc0a1ee102ba5c33b773b64fb90eb473997059c3cd75ebbd3767,0.059,0.823,0.118,0.3182,2025-05-29
2025-05-28 16:13:18,Stock Market Today: All Eyes Turn to Nvidia,Yahoo,https://finnhub.io/api/news?id=d415c3eede4cd31891244ea1675bdb3282f15bd332ebd4b3276c6baa3ed7b282,0.0,0.76,0.24,0.7845,2025-05-29
2025-05-28 16:08:02,"Box Q1 beat, Bank of Montreal earnings, Instacart's next CEO",Yahoo,https://finnhub.io/api/news?id=fdf734f9ae1d45b03a1d734962d25cebcc935403bd0daf2fab1bc794a6cfd72a,0.0,0.952,0.048,0.5106,2025-05-29
2025-05-28 15:45:10,Strong dollar pressures Latam FX; stocks broadly lower ahead of Nvidia results,Finnhub,https://finnhub.io/api/news?id=4b96756ffdd4933451b14eb3a6326308d5ba8aaa304f2436c15b30563d1666f2,0.124,0.732,0.144,0.4404,2025-05-28
2025-05-28 15:40:28,Why export restrictions aren't the only thing to pay attention to in Nvidia's earnings,Yahoo,https://finnhub.io/api/news?id=14de81d9b7c9d453274e02583dcf31f8741b5ceb20711841defd7d7036a56ce0,0.028,0.925,0.047,0.4201,2025-05-28
2025-05-28 15:34:11,"Top Midday Stories: Investors Await Nvidia Earnings, Fed Minutes; US Reportedly Poised to Receive 'Golden Share' as Part of US Steel-Nippon Steel Deal",Yahoo,https://finnhub.io/api/news?id=38c02f6c61642c0b1d10481b27b46eb348a4c15861f2f883b32d45e609ecf5e5,0.0,0.829,0.171,0.6597,2025-05-28
2025-05-28 15:15:15,"Dollar gains on trade optimism, yen slips",Finnhub,https://finnhub.io/api/news?id=00c770134f54c51becbcc0ce9f41c9f090bf13759a87dd5f06827c5cee6a0dfa,0.033,0.757,0.209,0.836,2025-05-28
2025-05-28 15:03:52,Preparing for Nvidia's 'Noisy' Earnings,Finnhub,https://finnhub.io/api/news?id=c5df55443b50f346a1fcb815977710af576a9587597a6084d3b4dac48c268df9,0.05,0.855,0.094,0.3612,2025-05-28
2025-05-28 15:03:10,"Shares down as markets brace for Nvidia results, oil prices rise after Chevron ban",Finnhub,https://finnhub.io/api/news?id=1b6c5a09ce1364a8ab53b542e596073c8d6ebd668f0b4494c1fe57e1c0180c65,0.113,0.68,0.208,0.4404,2025-05-28
2025-05-28 14:59:10,Indexes end down as Fed minutes digested; Nvidia results awaited,Finnhub,https://finnhub.io/api/news?id=8bf40b714e5bfd6545268be4ad3028d820e39234bdbd9cdecbea86cd45dd0358,0.034,0.966,0.0,-0.0258,2025-05-28
2025-05-28 14:34:02,AI: Two Types Of Value Are The Key To Understanding The Future Market,SeekingAlpha,https://finnhub.io/api/news?id=a12b5b2667cb7793e53062f9080eb4943438ef0712135054cea23e25f91d2f97,0.0,0.833,0.167,0.34,2025-05-28
2025-05-28 14:10:42,"Nvidia earnings topped forecasts by 10% over past 2 years, double the S&P 500 average",Yahoo,https://finnhub.io/api/news?id=e4b0ebc803c2a8c4f59aa58f3ed2bba9e42d3738dacfbd35169f1d67b2640442,0.0,1.0,0.0,0.0,2025-05-28
2025-05-28 14:04:21,Nvidia (NVDA) Braces for China Hit as Q1 Earnings Near,Yahoo,https://finnhub.io/api/news?id=e77e5e75be54fb19051c2da57bd657490d8dc2ba42f767062011af1dc06b5a43,0.0,1.0,0.0,0.0,2025-05-28
2025-05-28 14:01:01,3 things Nvidia investors should look out for in its earnings call,Yahoo,https://finnhub.io/api/news?id=da2ace4cc8265430afa20bffc1d942897add4b4c4d4f47016a811f513ee1e58e,0.0,0.947,0.053,0.2023,2025-05-28
2025-05-28 14:00:13,Nvidia’s earnings call must deliver on 3 things or else,Yahoo,https://finnhub.io/api/news?id=d59bbb209fbbaa06385e7591ac86873d8708acacd1d0e08cfcaef99f1e8c2f37,0.0,0.942,0.058,0.6597,2025-05-28
2025-05-28 14:00:02,Nvidia earnings highlighting AI demand could lift these stocks,Yahoo,https://finnhub.io/api/news?id=986b29c88d91b262bc8d16c590153bbf54f88699dcc36da3ad28a608b8357d40,0.016,0.899,0.085,0.743,2025-05-28
2025-05-28 13:53:00,"These Stocks Are Moving the Most Today: Nvidia, Tesla, GameStop, Abercrombie & Fitch, DJT, Joby Aviation, Okta, Macy’s, and More",Yahoo,https://finnhub.io/api/news?id=7d3d36a76edbc696c39327845edf275a4e055cac6998e4bbfd08b34db770f581,0.0,0.949,0.051,0.296,2025-05-28
2025-05-28 13:41:12,Stocks Take a Breather Ahead of Nvidia Earnings,Yahoo,https://finnhub.io/api/news?id=d04f17fdd00cb4c945f62b9714ab995bd81315b32941a1e8cff1e8e50730cbfe,0.022,0.915,0.063,0.3612,2025-05-28
2025-05-28 13:40:25,Nvidia Q1 earnings after the bell: 3 things to watch,Yahoo,https://finnhub.io/api/news?id=92c836317b66461edef35efc6e6082dee1ad7dc99260d7fbcb4bd99f7702e38e,0.0,0.947,0.053,0.6486,2025-05-28
2025-05-28 13:31:32,"Stock market today: Dow, S&P 500, Nasdaq move higher with all eyes on Nvidia earnings",Yahoo,https://finnhub.io/api/news?id=b02e676b7af142727aaabd8dcb7a1b1e82baeca401aa90a56b8601015e61a4e8,0.0,1.0,0.0,0.0,2025-05-28
2025-05-28 13:27:38,When Is Nvidia's Earnings Call?,Yahoo,https://finnhub.io/api/news?id=d00103e3fc5653dc78db9f31f11330dd3311a6c7c49124008401c641f882eb4c,0.0,1.0,0.0,0.0,2025-05-28
2025-05-28 13:22:40,Nvidia Stock Rises Ahead of Earnings. It Could Face a 10% China Chip Hit.,Yahoo,https://finnhub.io/api/news?id=bd92168d1cc8c9985488efdf592c39ffe0ea4a2efc014ad7f5e7d9a54d61c133,0.037,0.836,0.127,0.6597,2025-05-28
2025-05-28 13:12:19,NVIDIA Corporation (NVDA) Tumbled on Uncertainty in the Technology World,Yahoo,https://finnhub.io/api/news?id=5f0aa2ffd440de8f99e6c190edef0acf9c51335a40470a93f18bfda528e713df,0.034,0.9,0.066,0.296,2025-05-28
2025-05-28 13:10:01,"Nvidia earnings, Macy's & Dick's, Starship launch: 3 Things",Yahoo,https://finnhub.io/api/news?id=42b0dae58ab0a5b65bb71eba433b63abf192746e1f961c8009ad24a52d1b83bd,0.015,0.927,0.058,0.6597,2025-05-28
2025-05-28 13:06:00,"In a Market Full of Gimmicks, Focus on the Real",Yahoo,https://finnhub.io/api/news?id=943eee6bd9cc65e0b3427abdc17ff02813e16d48889db6c12d956069bacd371e,0.0,0.903,0.097,0.6597,2025-05-28
2025-05-28 12:47:30,"Wall Street Stalls As Treasury Yields Climb Again Ahead Of Nvidia Earnings, Fed Minutes: What's Driving Markets Wednesday?",Benzinga,https://finnhub.io/api/news?id=9061cdc2f05f59721c4b08f0c1ad35797823fda5e37ae3c237c4cbac1aab8d93,0.075,0.733,0.192,0.7351,2025-05-28
2025-05-28 12:37:09,"Traders Await Fed Minutes, Nvidia Earnings as US Equity Futures Post Narrow Gains Pre-Bell",Yahoo,https://finnhub.io/api/news?id=7b06cde9b451ac249b841a0b034b5f6d16f83215e939e07a0e77fae359d8ca7d,0.0,0.877,0.123,0.4215,2025-05-28
2025-05-28 12:37:03,Morning Bid: Spotlight back on Nvidia,Yahoo,https://finnhub.io/api/news?id=4a1801b6567bf90eaffc15d786a47d49b52af5b0a6c1524c8a914ac96455fe27,0.102,0.849,0.049,-0.5574,2025-05-28
2025-05-28 12:37:03,Spotlight back on Nvidia,Yahoo,https://finnhub.io/api/news?id=cd14b65ae7bd80e59d40094987926fbbbea27e58fac072611a96c6a3590c65ad,0.104,0.846,0.05,-0.5574,2025-05-28
2025-05-28 12:33:32,NVDA: Nvidia's H20 Ban Impact Could Be Bigger Than Expected,Yahoo,https://finnhub.io/api/news?id=58f04fdb5cb9a90b341fa241664e3c2a887077998c7828e9354070a5fb46ee37,0.216,0.784,0.0,-0.7003,2025-05-28
2025-05-28 12:30:49,How Nvidia has powered the S&P 500: Chart of the Day,Yahoo,https://finnhub.io/api/news?id=bda75b63cc1d522b2420b337cedf7502990778298930d30437b4a26bc0f404d3,0.0,0.965,0.035,0.34,2025-05-28
2025-05-28 12:29:43,Nvidia (NVDA) Braces for $5.5 Billion Write-Down as China Chip Curbs Take Hold,Yahoo,https://finnhub.io/api/news?id=23bd96a26f2daeee4cd92d35e062273c8e05e0023ae61482852fa1bb7f388ca6,0.0,1.0,0.0,0.0,2025-05-28
2025-05-28 12:14:46,"As investors watch for China headwinds, Nvidia could already be on its next chip",MarketWatch,https://finnhub.io/api/news?id=8abffdf34f8073632698d14dc237ef40f6b9cb78b7e7c37ad5414db2b3bfc2a7,0.0,1.0,0.0,0.0,2025-05-28
2025-05-28 12:06:18,Stocks fall as trade optimism fades; Nvidia ahead,Finnhub,https://finnhub.io/api/news?id=66712a919d9fb52e7dbe3f8eaddef8c00ee666da02265ac94c0a810de14df8a9,0.042,0.809,0.148,0.7579,2025-05-28
2025-05-28 11:58:46,"Doug Clinton: Nvidia Still On Top with ""Using AI""",Finnhub,https://finnhub.io/api/news?id=651433c8fde58fe2571e60d19652f082d80a0477830761681c77fb473a794e43,0.0,0.858,0.142,0.5859,2025-05-28
2025-05-28 11:15:04,Here’s what could happen if earnings push Nvidia’s stock above $150,MarketWatch,https://finnhub.io/api/news?id=9e3823460e0f35492e9d1aa876adbcef0b34037558a62b5d71cdaf8e0b48fb74,0.0,1.0,0.0,0.0,2025-05-28
2025-05-28 10:56:00,"These Stocks Are Moving the Most Today: Nvidia, Tesla, GameStop, Abercrombie & Fitch, DJT, Joby Aviation, Okta, Box, and More",MarketWatch,https://finnhub.io/api/news?id=b65654a927f2c757029725839c810ce6d154276e85d12cf4891a3d8c861fd82e,0.0,1.0,0.0,0.0,2025-05-28
2025-05-28 10:48:20,Latam FX slips as dollar firms; Mexico's judicial elections and Nvidia results awaited,Finnhub,https://finnhub.io/api/news?id=238ff55b84c53203a5da7432fe0668cf03481a3b596317d73b26b963d6250f34,0.027,0.896,0.077,0.4767,2025-05-28
2025-05-28 10:43:42,"Stock Market Today: Dow Jones Dips As Nvidia Earnings Loom; Tesla Slides, Trump Media Rises On Bitcoin News (Live Coverage)",DowJones,https://finnhub.io/api/news?id=2eb7031bf726d8c13022f6c2df56ea9c2391eb9dc237f96fdce9915df0006ddb,0.091,0.909,0.0,-0.4215,2025-05-28
2025-05-28 10:39:00,"Broadcom Stock Is Rising. Shares Can Soar Past Their Record, Says Analyst.",MarketWatch,https://finnhub.io/api/news?id=a40562b403e9711326a0dd70cf392f1e8df364f4c1faf8455a6462f8c2db2d85,0.0,0.833,0.167,0.5267,2025-05-28
2025-05-28 10:22:08,"Dow Jones Falls Before Nvidia Earnings; Okta, Box Move On Results; Tesla Holds Breakout",DowJones,https://finnhub.io/api/news?id=f48fa42280009106eab2cd89ea717b5627c691ab2b80bec8ed936ad9fac52806,0.0,1.0,0.0,0.0,2025-05-28
2025-05-28 10:21:18,"Wall St muted after sharp rally ahead of Fed minutes, Nvidia earnings",Finnhub,https://finnhub.io/api/news?id=e87666a500b2cc5fbeb0c0b13f7b3797257f208743bb3cdfcff888ab057949a3,0.087,0.868,0.046,-0.2023,2025-05-28
2025-05-28 10:15:02,Why this Nvidia earnings report could be different,MarketWatch,https://finnhub.io/api/news?id=7adfeed8bfdc41637861f946630e95028b7bca418e4ce35230164569b324374a,0.0,1.0,0.0,0.0,2025-05-28
2025-05-28 10:01:00,"The best scenario for 2025 is stocks go nowhere, says this strategist. Here’s where he says to camp out instead.",MarketWatch,https://finnhub.io/api/news?id=34d87294a160c8711b078e7c68357d0e02e97ba8848e943c4267d551eee0d77a,0.0,0.819,0.181,0.8555,2025-05-28
2025-05-28 10:00:00,"Large cryptocurrencies drop on Solana, Dogecoin declines",MarketWatch,https://finnhub.io/api/news?id=97963b2c70f028d710035250d3ba54604bacda9660ea100d8988bca9297f5bee,0.259,0.741,0.0,-0.4939,2025-05-28
2025-05-28 09:58:57,Nvidia: strengthens its partnership with Google around AI,Finnhub,https://finnhub.io/api/news?id=5d47c5eb953cdd1478ec8856aefc0db7305973623778a51577e8c0da25263d52,0.0,0.713,0.287,0.9022,2025-05-28
2025-05-28 09:48:12,"Benzinga Market Summary: NVIDIA To Report Q1 Earnings After Market Close, Abercrombie Surges After Quarterly Report, Oil Gains",Benzinga,https://finnhub.io/api/news?id=882a586d9dae546730d74b27324adbf596c5506c7bfae96494e5eece07d0706b,0.0,0.876,0.124,0.34,2025-05-28
2025-05-28 09:37:12,"TSX opens flat after record rally, focus on Nvidia earnings",Finnhub,https://finnhub.io/api/news?id=c6159e4abbf8383cd7389e95789a67463149d1a21cc3affa2033007112943097,0.03,0.97,0.0,-0.0258,2025-05-28
2025-05-28 09:34:31,Marvell Q1 Preview: Why I'm Buying Shares Going Into Earnings,SeekingAlpha,https://finnhub.io/api/news?id=a63064c22901643afe0b94140991b732c629021a2016be6c1ac64676ff8cdb99,0.0,0.793,0.207,0.7964,2025-05-28
2025-05-28 09:30:00,Credo: Don't Keep On Chasing The Highs (Rating Downgrade),SeekingAlpha,https://finnhub.io/api/news?id=b2abb8a1b4bb6359ae9925b9127fa26ea2c44231204ee5af7a65ec3aeaa890ca,0.053,0.882,0.065,0.128,2025-05-28
2025-05-28 09:21:57,Nvidia's stock has been 'totally stuck' for almost a year. Here's how to think about that.,MarketWatch,https://finnhub.io/api/news?id=94479652289a4de8e859d1d110bf4fe02eb5124762ee308f6dfbdd5eeec51a44,0.133,0.867,0.0,-0.5553,2025-05-28
2025-05-28 09:16:04,"Nvidia isn’t as closely tied to the U.S. stock market’s performance as a year ago, this chart shows",MarketWatch,https://finnhub.io/api/news?id=f1ca6124ab5a305e7385d50ba00475c3371e6be82d3d760d25680870c5b54414,0.0,1.0,0.0,0.0,2025-05-28
2025-05-28 08:56:20,"Wall St on track for muted open after sharp rally, focus on Nvidia earnings",Finnhub,https://finnhub.io/api/news?id=5fe0c4b037a7b3e26c63ef2b7f47a75c369bd7c4648cda9f7331e6de732ac841,0.058,0.887,0.054,-0.0516,2025-05-28
2025-05-28 08:48:30,Nvidia earnings could shape how broader market performs into June: strategist,MarketWatch,https://finnhub.io/api/news?id=91a8973383ab6733f2dffaa0230c769778041703d0d87d98257bbbade59fe322,0.0,1.0,0.0,0.0,2025-05-28
2025-05-28 08:35:13,MORNING BID U.S.-Spotlight back on Nvidia,Finnhub,https://finnhub.io/api/news?id=f7b12e11bc526a9b5935723a6616a175c8f998821c6b13220ac2768def736911,0.122,0.845,0.032,-0.4767,2025-05-28
2025-05-28 08:23:09,Dow Jones Futures: Nvidia Earnings Due After TACO Tuesday Rally; Tesla In Buy Area,DowJones,https://finnhub.io/api/news?id=08b8ab1717874142b128e5138267c726481fadbb5d1e35bc5ffda9f067c6d997,0.0,1.0,0.0,0.0,2025-05-28
2025-05-28 08:22:12,"Shares edge lower, long-end yields rise after soft Japanese auction",Finnhub,https://finnhub.io/api/news?id=d96dd81423eda8bdcd098b2bd22e04b93ad36dd0754f0a4fb6d9e917cb6865c4,0.045,0.65,0.305,0.8957,2025-05-28
2025-05-28 08:15:02,All eyes will be on Nvidia's guidance for the July quarter,MarketWatch,https://finnhub.io/api/news?id=bfb8db00c8842d5863bc3a402e3587657e64135e5074dcedbb076408494a80db,0.0,1.0,0.0,0.0,2025-05-28
2025-05-28 08:08:00,Carillon ClariVest Capital Appreciation Fund Q1 2025 Commentary,SeekingAlpha,https://finnhub.io/api/news?id=93ae24a42a6eb232eca132bda49e57ca0ed9594b96e3bf11ac729635e0289d92,0.08,0.826,0.094,0.1298,2025-05-28
2025-05-28 07:35:00,"Semiconductor Industry Updates: Tariffs Ease, Hyperscalers Double Down, And AI Accelerates",SeekingAlpha,https://finnhub.io/api/news?id=1091f911d2532aebe68ae1efb8180c85a2017f0f72321c7767d868aba8a7e38b,0.125,0.741,0.134,-0.1901,2025-05-28
2025-05-28 07:34:41,"Nvidia Earnings Preview: What to Watch for in AI, Chips",Finnhub,https://finnhub.io/api/news?id=09abbcd535d8fa4091aedbc3c6d7aa5e3ae7468c03813b8bf3cb8949da8de305,0.0,0.949,0.051,0.34,2025-05-28
2025-05-28 07:22:00,Here are the key numbers to watch when Nvidia reports earnings,MarketWatch,https://finnhub.io/api/news?id=5bd305e9eaf7ddcccbbc8ae8317dd3c44b510db926de99aa250cbfe9d21be00a,0.0,1.0,0.0,0.0,2025-05-28
2025-05-28 07:15:17,"US stock futures muted after sharp rally, focus on Nvidia earnings",Finnhub,https://finnhub.io/api/news?id=aad089d8b35ba1c32f706be689c217fce48f5dd6262670af94c349628c174469,0.07,0.93,0.0,-0.4019,2025-05-28
2025-05-28 07:10:25,Is the Nvidia consensus stale? Here's what really matters.,MarketWatch,https://finnhub.io/api/news?id=aec50b8f6eb2be317e0cc5976c6687be20b0445ed0f3204236fb9963b0a12200,0.0,0.836,0.164,0.2837,2025-05-28
2025-05-28 07:04:15,TSX futures slip ahead of Nvidia results,Finnhub,https://finnhub.io/api/news?id=08eedd081a1bbee1942ce3f00facb4d3d33b6ca4710dab063d46d6c7ddae0934,0.099,0.901,0.0,-0.3182,2025-05-28
2025-05-28 07:00:07,Nvidia Earnings On Deck. How Much Impact Did Trump Have? (Live Coverage),DowJones,https://finnhub.io/api/news?id=b86937493d913c5d43859187ea4af9788c69ff36edebfe37757ae7fa91a9a37b,0.0,1.0,0.0,0.0,2025-05-28
2025-05-28 06:11:32,"US Stocks Likely To Open Lower Ahead Of Nvidia's Q1 Earnings: 'A New Modest Bear Market Is Now Underway,' Says Expert",Benzinga,https://finnhub.io/api/news?id=495fc0e8ae7e2bc1f791d355630449b71e6a417b47879a5942142ba08e7c53ac,0.052,0.948,0.0,-0.296,2025-05-28
2025-05-28 06:02:03,Semiconductor ETF options show caution ahead of Nvidia results,Finnhub,https://finnhub.io/api/news?id=d4e1fca26be6ccccec0fb53c767554c5817d1f06eae7227a4ee3a1102178c138,0.0,1.0,0.0,0.0,2025-05-28
2025-05-28 05:39:02,"Retailers dominate earnings slate before the opening bell, tech after the close",MarketWatch,https://finnhub.io/api/news?id=1dfaf9e7ef7555464ba1150e1745441fbd41d124084e2ae9a4396008ee1d3176,0.12,0.88,0.0,-0.25,2025-05-28
2025-05-28 05:19:56,Traders see near 6% move for Nvidia stock in coming days,MarketWatch,https://finnhub.io/api/news?id=2d03011d44f2df8f4f17f7d7086f4a0f17e51f33608884f4abdb2e8bd2b04698,0.0,1.0,0.0,0.0,2025-05-28
2025-05-28 05:00:19,"Stocks edge up, currencies subdued as dollar firms; Nvidia results due",Finnhub,https://finnhub.io/api/news?id=1367b531ac5b05db89e3a34db50dc53370904bb7983e19c8e64c07642533da50,0.0,0.919,0.081,0.2732,2025-05-28
2025-05-28 04:53:56,"Dell's Early Blackwell Shipments Of 'Thousands Of GPUs A Week' May Lift Nvidia Margins, Boost Q2 Guidance",Benzinga,https://finnhub.io/api/news?id=c21a73b6df0117a8bea4efaa1c5c8798ce602dcb7ada5707678495bec87877ab,0.0,0.934,0.066,0.4019,2025-05-28
2025-05-28 04:40:10,"Shares hold firm on trade optimism, long-end yields move higher",Finnhub,https://finnhub.io/api/news?id=d1ac947a33ffdcefc549d7c206d2887c6bea27d05bbcad76cde2ebe5f2d6159c,0.0,0.662,0.338,0.93,2025-05-28
2025-05-28 04:35:08,Global Markets Mixed; Investors Eye Nvidia Earnings,Finnhub,https://finnhub.io/api/news?id=6af7eac1267e2ea9593bcc30e76a1265a018c5e11d7d16299f14079d508b645a,0.066,0.888,0.046,-0.204,2025-05-28
2025-05-28 04:32:10,"Earnings Scheduled For May 28, 2025",Benzinga,https://finnhub.io/api/news?id=ed88f73dc155989217de86ebbaf346acc8bf33b539c39ffc5cb6c3e156877040,0.0,1.0,0.0,0.0,2025-05-28
2025-05-28 04:08:33,Nvidia's Blackwell AI Servers Are Back In Production After Key Supply Chain Partners Like Foxconn Fix Overheating Issues: Report,Benzinga,https://finnhub.io/api/news?id=749c280f0a9e63c124bc113c11eb9709877d09d9d3efd78c3efa826369510579,0.027,0.859,0.114,0.5994,2025-05-28
2025-05-28 02:43:47,"Dick's Sporting Goods, Nvidia And 3 Stocks To Watch Heading Into Wednesday",Benzinga,https://finnhub.io/api/news?id=03eb33aa4d562c76692f875a415471a5492c5df779fb9acb6f30cd45aaa1ec01,0.0,1.0,0.0,0.0,2025-05-28
2025-05-28 02:35:57,Are The Tariffs Turning Out Alright? Aftermath Of Our Positive Stance On Trump Tariffs,SeekingAlpha,https://finnhub.io/api/news?id=3fc9ea2998a41d543277d60d6c5e89fa7901be578b28ef0db8c571f57a0df326,0.118,0.719,0.163,0.2755,2025-05-28
2025-05-28 01:45:00,Retail Roundup: Several Preliminary Earnings Announcements Alongside Macro Uncertainty,SeekingAlpha,https://finnhub.io/api/news?id=f8f593e0b54c6342befb33253cb5d4f2aa4d3c246a74ba1e5ed3fc4860c600da,0.187,0.813,0.0,-0.4404,2025-05-28
2025-05-28 01:37:17,"Shares dither, US dollar climbs on rosy economic data",Finnhub,https://finnhub.io/api/news?id=801fa41c806061c6afa5e4638e7516cdd6caf37a1e1f7a1e0239459bfa8733eb,0.03,0.714,0.255,0.8555,2025-05-28
2025-05-28 00:31:11,Nvidia earnings take the spotlight,Finnhub,https://finnhub.io/api/news?id=7225c1d4cb76e0aad5449eaa2c6f53efe990e29fb795e8d9d21fd7d5c87f7511,0.0,1.0,0.0,0.0,2025-05-28
2025-05-28 00:31:11,MORNING BID EUROPE-Nvidia earnings take the spotlight,Finnhub,https://finnhub.io/api/news?id=6db6ae0d4526a0e0205d72e3386d2cf709e94a5a1d7621f46f91e4626e60f771,0.0,1.0,0.0,0.0,2025-05-28
2025-05-27 23:16:00,"South Korean Chip Stocks Rally, Tracking U.S. Peers Ahead of Nvidia Earnings",DowJones,https://finnhub.io/api/news?id=5a4fa098fcf93c32981c9dea76b8ce1c36096393f461c445cdc2d42c5166e01b,0.0,1.0,0.0,0.0,2025-05-28
2025-05-27 22:38:12,"Asian shares, U.S. dollar climb on rosy data, tech optimism",Finnhub,https://finnhub.io/api/news?id=4207b80ff0a3815609a4d40f0fd2565b33d0545e145c6481d296275281ba52b1,0.0,0.71,0.29,0.9022,2025-05-28
2025-05-27 21:12:33,Nvidia Is Not A Sell Anymore,SeekingAlpha,https://finnhub.io/api/news?id=f62b96dfc16c2e37e5327c251e52b1002c02e1a0b2b7ee85a6651287aea98b7d,0.08,0.68,0.24,0.6597,2025-05-28
2025-05-27 20:14:58,Nvidia Stock Braces For Impact Of China Trade Ban,Yahoo,https://finnhub.io/api/news?id=ccf5b389e2c0458ba4a20d78cb1cd426f9e1c3dfe358d648e47396d023d3cc00,0.118,0.882,0.0,-0.5574,2025-05-28
2025-05-27 20:11:16,Nvidia (NVDA) Eyes Key Technical Levels Ahead of Earnings,Yahoo,https://finnhub.io/api/news?id=a204504c9cc89ac86d70d4c16ccfc1deb17ad19efcc1a1b04dcc504f568af1d8,0.0,0.84,0.16,0.6369,2025-05-28
2025-05-27 20:08:35,"NVIDIA (NVDA)’s Guidance Could Be “Messy,” Bank Says",Yahoo,https://finnhub.io/api/news?id=d9044f869e7fd9b40effd9d15382fe76f67f3e144fe774fa333c37301688d94e,0.031,0.909,0.06,0.2263,2025-05-28
2025-05-27 20:05:31,"Stock market today: Dow, S&P 500, Nasdaq soar as Trump pauses EU tariff hikes for fast-tracked talks",Yahoo,https://finnhub.io/api/news?id=4cc5a725634daf61ec5b5067d4492b5af8ef7631856b60ff48ad673a02e932bb,0.058,0.81,0.132,0.4404,2025-05-28
2025-05-27 20:00:11,"Japan proposes to buy U.S. chip products in tariff talks, Asahi says",Finnhub,https://finnhub.io/api/news?id=95e7525c4a9bfc9224f647e70707c43dc095deebcfcd8895be00ce4cadda46ea,0.0,0.887,0.113,0.5719,2025-05-28
2025-05-27 19:52:52,How Nvidia earnings could make or break the AI market rally,Yahoo,https://finnhub.io/api/news?id=a3dd119f2ae17fcc18826e44f73af2b97012476b70747ce0a5aaa984949f83c7,0.105,0.83,0.064,-0.153,2025-05-28
2025-05-27 18:48:50,Nvidia (NVDA) to Launch Cheaper AI Chip in China to Bypass Export Curbs,Yahoo,https://finnhub.io/api/news?id=1197c121c4a3b156ae4bac9e8316c8a1f97763f17464d8c41f8273ff03fe6e87,0.0,1.0,0.0,0.0,2025-05-28
2025-05-27 18:37:49,"Concerns About Nvidia Corporation (NVDA) Are Easing, Tech Expert Says",Yahoo,https://finnhub.io/api/news?id=e776df24cb159091bbe41e20b9b935f6d0c3031ea0ba143ebd3a41fd6f586675,0.066,0.797,0.137,0.6486,2025-05-28
2025-05-27 18:04:16,"Reality Check: Navitas Semiconductor Positives Are Priced In, Don't Give In To FOMO",SeekingAlpha,https://finnhub.io/api/news?id=60e2d10ec85d90483c06239c94d629a23e12502027243b6355b705663ce9618d,0.0,0.918,0.082,0.5267,2025-05-28
2025-05-27 18:00:00,Nvidia stock: What export controls mean for the chip giant,Yahoo,https://finnhub.io/api/news?id=fbc9bcb74f3a5ad2db5bd0442fe1aae299778ee130769169767760292c978460,0.0,1.0,0.0,0.0,2025-05-28
2025-05-27 17:56:33,Why Navitas Semiconductor Skyrocketed Yet Again Today,Yahoo,https://finnhub.io/api/news?id=2e99c2760071c8d4a8205a6b861de884eb385a369a7a5ba9803bfdbc047ebe61,0.0,1.0,0.0,0.0,2025-05-28
2025-05-27 17:56:22,Why Nvidia Is a Morgan Stanley 'Top Pick' Ahead of Earnings,Yahoo,https://finnhub.io/api/news?id=6a17d4a18184ad3947e7321c4551f23ea7203143152bab5a68b923197772a2e0,0.0,0.907,0.093,0.3818,2025-05-28
2025-05-27 17:55:50,"Nasdaq Jumps 2%, Dow Surges 500 Points as Trump Delays EU Tariffs",Yahoo,https://finnhub.io/api/news?id=a49e50ce97d4d2b50983b6b03ee4f999d727f462e592adad1b0676f5b94cc801,0.0,1.0,0.0,0.0,2025-05-28
2025-05-27 17:26:00,Last Week in AI,Yahoo,https://finnhub.io/api/news?id=d5cceba1b849085b5f4be3e3eb688567d8c824972f8bc4adee27aada901cf771,0.0,1.0,0.0,0.0,2025-05-28
2025-05-27 17:25:10,Here's A Way To Trade Options In AI Giant Nvidia With Results Just Ahead,Yahoo,https://finnhub.io/api/news?id=c9734407a0612b30d5beacac8011519bc99c817d0d46553a4c3ef6c6446f2e6e,0.059,0.941,0.0,-0.296,2025-05-28
2025-05-27 17:23:00,Nvidia’s earnings are the stock market’s next major test after May’s Big Tech comeback,MarketWatch,https://finnhub.io/api/news?id=f0cd335dbc3cda78fae3f8843ff82c4bbe612eb6759cc6f280888971b9e2f844,0.0,1.0,0.0,0.0,2025-05-28
2025-05-27 17:06:55,2 Reasons To Buy Nebius And 1 To Sell CoreWeave,SeekingAlpha,https://finnhub.io/api/news?id=f38c88ca2f3420773687ed38e740cd1e3300704654940d9902cb9b3c093e8822,0.0,1.0,0.0,0.0,2025-05-28
2025-05-27 17:01:41,Nvidia China revenue set to cross $6 billion in Q1 as investors brace for export ban impact,Yahoo,https://finnhub.io/api/news?id=9a6e9665bc8d855568a058872f79340ba7821652876ca4610031b64bd70d0bbd,0.133,0.867,0.0,-0.802,2025-05-28
2025-05-27 17:01:09,Nvidia Stock Climbs Ahead of Earnings,Yahoo,https://finnhub.io/api/news?id=ff19012de24136cd93af51883e12754a237230abdb6d38ae4ed9e351ac3d7f56,0.0,0.909,0.091,0.296,2025-05-28
2025-05-27 17:00:32,Nvidia's $40 Billion Oracle Win May Trigger A Chip-ETF Rally,Benzinga,https://finnhub.io/api/news?id=67053c1936198c85f9e1b28a8422534eb352d7c7ab83b0eb92e1426fc946d705,0.0,0.782,0.218,0.7783,2025-05-28
2025-05-27 16:43:17,Wall Street Rallies on Tariff Reprieve -- But Nvidia Holds the Real Trigger,Yahoo,https://finnhub.io/api/news?id=ad4693e231fac13c06a0079cd3825a6ccd78f5563fca7e81a2452aadacf33aa6,0.0,1.0,0.0,0.0,2025-05-28
2025-05-27 16:37:43,Is Nvidia's slowing sales growth a warning for the AI trade?,Yahoo,https://finnhub.io/api/news?id=7749fe6e2d6ab87aeabf8eecc65c6587918542abed46c1ebac7523347f56b216,0.047,0.844,0.11,0.8588,2025-05-28
2025-05-27 16:25:00,CoreWeave Stock Shakes Off Downgrade to Reach a New High,Yahoo,https://finnhub.io/api/news?id=bbe783da98f6f7e0946c1424ae8be65df150a6bb95471b098f3088c4d3ea29c9,0.079,0.886,0.035,-0.34,2025-05-28
2025-05-27 16:22:56,Nvidia's Q1 Earnings May Mark A Turning Point For Chip ETFs,Benzinga,https://finnhub.io/api/news?id=40e8f10096a907625ea52212465f1665b5a2a5ffba3da7e1ec3984b15758dfe8,0.0,0.848,0.152,0.7096,2025-05-28
2025-05-27 16:13:22,Nvidia's Margins In Focus As Earnings Loom; Time To Take Profits Or Buy The Stock Now?,Yahoo,https://finnhub.io/api/news?id=098bbd3db063d0b7517730487b5f960851621a5dcf83900da97959bbf23035c0,0.121,0.821,0.059,-0.6904,2025-05-28
2025-05-27 16:02:29,Can Nvidia's Earnings Streak Survive China Headwinds in Q1 FY26?,Yahoo,https://finnhub.io/api/news?id=e7127b969c130e9c43cd19e73efbbfe738741f1db472732841a4763999ae25c5,0.089,0.839,0.072,-0.128,2025-05-28
2025-05-27 15:47:00,"Nvidia Expected to Post Higher Sales, Profit Despite Tariffs -- Earnings Preview",MarketWatch,https://finnhub.io/api/news?id=4bb82561e295c9126ac425fcf3100cd0037a72324762c32997bcc9d13a4a55e9,0.0,0.791,0.209,0.7003,2025-05-27
2025-05-27 14:46:00,"Despite tariff-related anxieties, few companies are pulling their forecasts",MarketWatch,https://finnhub.io/api/news?id=46d2bcecea3b99194c2f588bbbdadcd4c06977ba3a715fd28f62695cf481c402,0.0,0.847,0.153,0.2235,2025-05-27
2025-05-27 14:35:35,EU Trade Talks Accelerate—Invest in Europe's Top Markets Now,Benzinga,https://finnhub.io/api/news?id=68e8b1267ba66a14fda0f44563678571586e9eb22b3fc0d2accdff40caf144e4,0.0,0.82,0.18,0.7717,2025-05-27
2025-05-27 14:01:00,"Dow's 732-point rally highlighted by gains for Nike, NVIDIA Corp. stocks",MarketWatch,https://finnhub.io/api/news?id=e824425e6c83dbf0d993048720109fcc3570a58b7c0bd3b3c06e67256f18fff7,0.0,0.806,0.194,0.5859,2025-05-27
2025-05-23 12:14:16,"Trump Trade War Jolts Apple, Europe And S&P 500 With Latest Tariff Twist",DowJones,https://finnhub.io/api/news?id=0e1cfc428f6476c6185be937c6cbdf193b4c117dc95afd91a147ff87dac65677,0.245,0.755,0.0,-0.8316,2025-05-23
2025-05-27 13:15:25,Nvidia Earnings In Focus As This AI Chip Peer Broadcom Etches A Breakout,DowJones,https://finnhub.io/api/news?id=5d226c386bf935264658eae0c86b903ad7edb9dd2f1d4ed82400715d05fab727,0.0,1.0,0.0,0.0,2025-05-27
2025-05-27 13:13:42,Dell Q1 Earnings Preview: The Drive Toward A $100B Sales Milestone,SeekingAlpha,https://finnhub.io/api/news?id=8dcd64bb4b63136552ed3a5968d231421f7bbb31b3c2ca5f4095da65aaa402c6,0.046,0.852,0.103,0.3818,2025-05-27
2025-05-27 13:05:38,QQQ: Don't Go All In Now If You Missed April's Bottom (Downgrade),SeekingAlpha,https://finnhub.io/api/news?id=e6109dadf674589c211606b4f4a4a82274132c04fc7fe3133739f0ac0e85efe9,0.091,0.841,0.067,0.0,2025-05-27
2025-05-27 12:09:00,BNY Mellon Research Growth Fund Q1 2025 Commentary,SeekingAlpha,https://finnhub.io/api/news?id=f9a6ce86bbfff2cf2c29e0725af5c9de9c5666448a724984d4e2a86cb7bfb687,0.0,0.799,0.201,0.7783,2025-05-27
2025-05-27 12:05:25,Nvidia Earnings Are Imminent: Here's What You Need To Know,SeekingAlpha,https://finnhub.io/api/news?id=1911234037d14c38796a231462a52a9d913a15f0f4deec7785f95ab35b976d8b,0.0,0.876,0.124,0.5859,2025-05-27
2025-05-27 12:02:00,"Dow's nearly 625-point rally led by gains in shares of Nike, NVIDIA Corp.",MarketWatch,https://finnhub.io/api/news?id=2faf0b7018dc4a7eb1f7eed5e9d008f1fc7be69c24bec89179e41b916d5fdeb6,0.0,0.705,0.295,0.802,2025-05-27
2025-05-27 11:43:21,"Shares advance, longer-dated Treasury yields fall as markets cheer easing trade tensions",Finnhub,https://finnhub.io/api/news?id=3061e8ac0b6f54f89c517b564c5c4a16ad5f82baa147225462bf45d4e55a6416,0.143,0.608,0.249,0.5574,2025-05-27
2025-05-27 11:34:00,Trump’s Tariff ‘Two Step’ Boosts the Stock Market. It’s Trading on Faith.,MarketWatch,https://finnhub.io/api/news?id=e4d1a7a1e6b7c89e8ca697ade7bea699c31a678bcb3e15db988d66ef25d9cc8d,0.0,0.662,0.338,0.8481,2025-05-27
2025-05-27 11:26:00,SMCI Stock Is Set to Snap a 5-Day Losing Streak. Super Micro Is Soaring—for Now.,MarketWatch,https://finnhub.io/api/news?id=61d97f2fcedc4f5e059ae2471f8410f185e6459255ccebfd3536ae1ff11159e4,0.133,0.667,0.2,0.5574,2025-05-27
2025-05-27 11:17:36,Nvidia Has A Demand Problem,SeekingAlpha,https://finnhub.io/api/news?id=3968e8ab8ee06adbf6d7d01cc5b84a79527533574b8260ac2d4a7fb9c0287b1f,0.255,0.745,0.0,-0.8225,2025-05-27
2025-05-27 11:03:00,Nvidia Stock Gains Ahead of Earnings. What the Market Needs to See.,MarketWatch,https://finnhub.io/api/news?id=2416756422b10872a0c7e79cbd88d9fc257703791b5727b787c137c180db812f,0.0,0.821,0.179,0.5859,2025-05-27
2025-05-27 10:46:46,"Stock Market Today: Dow Jones, S&P 500 Look To Rebound On Tariff Delay; AI Name Rallies On Salesforce Deal News (Live Coverage)",DowJones,https://finnhub.io/api/news?id=588cbef0b63ea1ed27637de6df742c0e26ab5a1c46a95696dbf4744613ff64e3,0.099,0.901,0.0,-0.5574,2025-05-27
2025-05-27 10:46:00,"Nike, NVIDIA Corp. share gains lead Dow's 500-point rally",MarketWatch,https://finnhub.io/api/news?id=2ce249df4213adb6c260b82bd158ba7f8cf676bae1bed0888b3844102cba34ef,0.0,0.603,0.397,0.802,2025-05-27
2025-05-27 10:27:00,Nvidia reports earnings tomorrow. Here’s the main issue on investors’ minds.,MarketWatch,https://finnhub.io/api/news?id=aee05ff488459c86bff5b2a79bd5e495860d61f6fba7bbd62f0d88ac37fcead5,0.0,1.0,0.0,0.0,2025-05-27
2025-05-27 10:24:57,This Wolf Isn't Dead Yet: Initiating Wolfspeed Stock With A Buy,SeekingAlpha,https://finnhub.io/api/news?id=862e608e22b2dc6b72ab7846667f7926e62f2eb1f36dfea51e4c91039694e281,0.0,0.803,0.197,0.7463,2025-05-27
2025-05-27 10:00:00,Large cryptocurrencies rise as Sui increases,MarketWatch,https://finnhub.io/api/news?id=1f2f4578513916ef84c7d876ee615ccb7a8b2c7019977b6ed1c2141297f6253c,0.0,1.0,0.0,0.0,2025-05-27
2025-05-27 09:52:00,John Hancock Balanced Fund Q1 2025 Commentary,SeekingAlpha,https://finnhub.io/api/news?id=d7545b9ed41d0b92dc936c9fc0dfbf3792d4f203e58eb304ee9ca6cf392ccb87,0.0,1.0,0.0,0.0,2025-05-27
2025-05-27 09:47:40,Dow Jones Jumps 400 Points On Trump Tariff News; Nvidia Stock Eyes New Buy Point,DowJones,https://finnhub.io/api/news?id=68763a83c8bdb532029c45a9dc72caeec51c493c81f6e1c9f15ab3b64aa5e223,0.0,1.0,0.0,0.0,2025-05-27
2025-05-27 09:46:00,CoreWeave’s stock has been red hot. This analyst says investors shouldn’t touch it.,MarketWatch,https://finnhub.io/api/news?id=7388fb04b03f32fe8a87caea63be5e415f0aaefe1bef2765c51de25d235e0605,0.0,1.0,0.0,0.0,2025-05-27
2025-05-27 09:45:00,"NVIDIA Corp., Nike share gains contribute to Dow's 388-point climb",MarketWatch,https://finnhub.io/api/news?id=21ff9cf2b2675ff6332d2c7ee115dcadb126d26c1f5fbd2622560231c0b00991,0.0,0.635,0.365,0.802,2025-05-27
2025-05-27 09:17:28,NVDY: Why I'm Passing On A Hefty Distribution Yield Into Nvidia's Earnings (Downgrade),SeekingAlpha,https://finnhub.io/api/news?id=3579923838aaa305418cc01f9c2b5c1ab395f91937bdac5f15a5474d192c6af2,0.081,0.919,0.0,-0.3291,2025-05-27
2025-05-27 09:12:00,Apple and Nvidia Fall Out of Favor With Fund Managers. 7 Stocks They Like More.,MarketWatch,https://finnhub.io/api/news?id=0c9f264d8462d89779383f51597eba05bee9a39988720cf2a0d6a65c9bdce327,0.0,0.714,0.286,0.8555,2025-05-27
2025-05-27 08:28:27,"Jim Cramer Warns Market Could Be In Trouble If Apple, Nvidia Stocks Slide This Week: 'Really Bad Sign'",Benzinga,https://finnhub.io/api/news?id=b55a438f8df5453714bedcf148348fcd6631aa6f10051738b9c6c4c2e0fe8c80,0.18,0.82,0.0,-0.7841,2025-05-27
2025-05-27 08:05:48,"Dow Jones Futures Rise As Trump Delays EU Tariffs; Nvidia Earnings Ahead, Tesla Has New Entry",DowJones,https://finnhub.io/api/news?id=28b29bd05d05a90afdd1046117b81a6b2e50666937d96850e29f1a92c3a869a6,0.0,1.0,0.0,0.0,2025-05-27
2025-05-27 08:00:00,Nvidia Stock Ahead Of Earnings: Is A Massive Breakout Coming?,SeekingAlpha,https://finnhub.io/api/news?id=a3b20da57f5e28501905b1de57471333f6a28dcdec46555c7587184302a5b823,0.0,1.0,0.0,0.0,2025-05-27
2025-05-27 07:24:00,BNY Mellon Equity Income Fund Q1 2025 Commentary,SeekingAlpha,https://finnhub.io/api/news?id=a583b929f39e3fbef876a3795b1a300acdbc5dc632e065f6a6714fab77b63d39,0.0,1.0,0.0,0.0,2025-05-27
2025-05-27 07:15:14,MORNING BID AMERICAS-Trade confusion and long yield relief,Finnhub,https://finnhub.io/api/news?id=924bb708627a538ee973a45ae79da09ebb1eb0354cee726afdf9aa8c83e423ba,0.066,0.808,0.126,0.25,2025-05-27
2025-05-27 06:48:00,"There’s a New Trump Tariff Trade Set to Overshadow Nvidia Earnings, Inflation Data",MarketWatch,https://finnhub.io/api/news?id=d71c6aa21df9910bcb3c4e4ecb97a74c02f710ce153d8fd2ca0115927406e961,0.0,1.0,0.0,0.0,2025-05-27
2025-05-27 06:10:18,Nvidia earnings to reveal hit from US export curbs on China,Finnhub,https://finnhub.io/api/news?id=3dfb9adbcf4e983dfca4616dbdefd4b20d82def878e60278fa14b0ba3e1818bc,0.0,1.0,0.0,0.0,2025-05-27
2025-05-27 06:02:07,Catenai investee Alludium joins Nvidia's Inception AI programme,Finnhub,https://finnhub.io/api/news?id=a95c7ad5f5a30bb76bf9a1dfcd644ce94108c7c02f9f5526be6e1445368346de,0.0,0.798,0.202,0.7964,2025-05-27
2025-05-27 05:42:01,"Trump Media & Technology shares pop on report of crypto strategy, and other movers",MarketWatch,https://finnhub.io/api/news?id=978c19305be69c5077c3860d551052af260b7e97db21823215f8719b0f894bd1,0.0,0.855,0.145,0.5267,2025-05-27
2025-05-27 04:46:00,"BNY Mellon Worldwide Growth Fund, Inc. Q1 2025 Commentary",SeekingAlpha,https://finnhub.io/api/news?id=d747f4425bb8b892edc09c7853339bc8b4919a4193632e2818c759da21de7bbd,0.0,0.755,0.245,0.3818,2025-05-27
2025-05-27 03:49:46,Quantum Computing Stocks In Focus: Pure Play Vs. Large Caps - Here's A Look At The Valuations,Benzinga,https://finnhub.io/api/news?id=b689b2bab14ea7f50cd8432669cb2454db9057a4e6770a980d7a53fdef90325e,0.0,0.93,0.07,0.34,2025-05-27
2025-05-27 01:34:51,My Highest Conviction High-Growth Dividend Stock,SeekingAlpha,https://finnhub.io/api/news?id=36b84872fbd650527dc1e214f537320be8c27fa29e9e9994e2114dbbd9012a68,0.0,0.689,0.311,0.8555,2025-05-27
2025-05-27 01:28:51,Nvidia Q1 Preview: Trade War Troubles,SeekingAlpha,https://finnhub.io/api/news?id=f96818002953c2e2dea4277b440cbeddc55b4c22c88267b2e2f8f87ed9600c01,0.633,0.367,0.0,-0.7845,2025-05-27
2025-05-27 01:13:22,"Shares mixed, dollar struggles on Trump's chaotic tariffs",Finnhub,https://finnhub.io/api/news?id=dfa8c05a5c146ff144a4f581bc930ea440c66048b38887077cb0ed1e20dc94f3,0.142,0.748,0.11,-0.3182,2025-05-27
2025-05-27 00:31:10,Chaotic US trade shifts leave markets wary,Finnhub,https://finnhub.io/api/news?id=760b0d17ef752ef44c8c847f85a50364ae47c35c0a183bb7277a42dd9c907c28,0.101,0.899,0.0,-0.5267,2025-05-27
2025-05-27 00:31:10,MORNING BID EUROPE-Chaotic US trade shifts leave markets wary,Finnhub,https://finnhub.io/api/news?id=5000fe0332d7320cab58c06f4db2358c3d301e1285059b62339899cfa4151613,0.031,0.969,0.0,-0.0516,2025-05-27
2025-05-27 00:30:00,Lazard Managed Equity Volatility Portfolio Q1 2025 Commentary,SeekingAlpha,https://finnhub.io/api/news?id=c3b309b095d6329cb51d8d085774dc394cbe090d05bac9b4431e895bfe656da4,0.0,1.0,0.0,0.0,2025-05-27
2025-05-26 23:51:15,Nvidia: Expect It To Lose Most First Quarter China Business,SeekingAlpha,https://finnhub.io/api/news?id=271498dacf9522213d37b4d2ef80c130c702f6883fc08f9733cc3135e4566b67,0.05,0.95,0.0,-0.2144,2025-05-27
2025-05-26 23:27:33,"NVDY: Attractive Into Nvidia's Q1 Report, With Stock +50% From The April Low",SeekingAlpha,https://finnhub.io/api/news?id=31595dde2be7582b83bae2fa163fce4aa222fd0e574e068c4f906c12d37781da,0.055,0.868,0.076,0.2023,2025-05-27
2025-05-26 23:14:41,Why I'm Downgrading Nvidia Ahead Of Its Q1,SeekingAlpha,https://finnhub.io/api/news?id=a46879c5308c1fb779a0adaf971a147771fb69819849afc27ccf443da9c999c2,0.256,0.744,0.0,-0.875,2025-05-27
2025-05-26 22:22:28,"Trump Tariff Talks Progressing Well, Says EU Trade Commissioner — S&P 500, Nasdaq Futures Rise After Memorial Day",Benzinga,https://finnhub.io/api/news?id=9d0a132321ef34f443e529cc9b87c861ac019eae0a2ba9c944d8a0e114ad01e1,0.042,0.911,0.047,0.0516,2025-05-27
2025-05-26 15:05:00,"Expectations For Nvidia's Q1 '26: Earnings Beat, But A Messy Guide For Q2",SeekingAlpha,https://finnhub.io/api/news?id=f6615c7a827b36b3d2575009818224ac0700672806650e83c08ebc71ca120250,0.213,0.787,0.0,-0.5023,2025-05-27
2025-05-26 14:21:37,Dell Shifts Its Business Model And The Future Growth Looks More Promising,SeekingAlpha,https://finnhub.io/api/news?id=217e2b448999a00bb20d0beae2dba0338a2c492611df1fde87cb471e3555e836,0.0,0.808,0.192,0.831,2025-05-27
2025-05-26 10:28:00,"Nvidia’s stock is losing steam, and this week’s earnings could underscore the risks",MarketWatch,https://finnhub.io/api/news?id=dc52baa6ef4d9564343b39fff327288a08a235c901ad99d24aa9cd62b68e1afc,0.299,0.701,0.0,-0.8126,2025-05-27
2025-05-26 09:53:00,Alger SICAV - Alger Dynamic Opportunities Fund Q1 2025 Commentary,SeekingAlpha,https://finnhub.io/api/news?id=eb9e864abf07d2c87f3c7d7ed5ae236f763919a9ab3d38035565824bfa8ffb81,0.0,0.606,0.394,0.6369,2025-05-27
2025-05-26 08:35:00,Alger SICAV - Alger American Asset Growth Fund Q1 2025 Commentary,SeekingAlpha,https://finnhub.io/api/news?id=be046f317734a2e0a8b49acba7b1d2cf80b20c401c6808878a52a4149688fcc1,0.0,0.859,0.141,0.6249,2025-05-27
2025-05-26 07:15:00,Market Blinked: Nvidia Looks Undervalued,SeekingAlpha,https://finnhub.io/api/news?id=7b7ab7bc59a3755f8c138f464c5c73b3facaedf01677bebf5cb4fc4b3df2b608,0.0,0.844,0.156,0.6956,2025-05-27
2025-05-26 05:45:00,Alger Dynamic Opportunities Fund Q1 2025 Commentary,SeekingAlpha,https://finnhub.io/api/news?id=68a7fd18c1bc2d42be64171bfb07d655644c3d5e2b6538238cd2bb221942af7c,0.0,0.665,0.335,0.891,2025-05-27
2025-05-26 05:18:18,Nvidia prepares lighter Blackwell chip for China in response to US restrictions,Finnhub,https://finnhub.io/api/news?id=11629a096f23f52a21e9b007a7f1558dfd5b963e41e85a90a63ee62e35c3fc8b,0.0,0.915,0.085,0.4588,2025-05-27
2025-05-26 04:27:08,Nvidia to launch cheaper AI chip for China: sources,Finnhub,https://finnhub.io/api/news?id=92c3d4364241365f52a02cdbce47f0bea03bf9ffb90af7155b27e92f93855902,0.056,0.944,0.0,-0.296,2025-05-27
2025-05-26 03:02:11,"Nvidia to launch cheaper Blackwell AI chip for China after US export curbs, sources say",Finnhub,https://finnhub.io/api/news?id=a42ca67a4a35e16fe5f2e6c4f816e0d95061a4fcc71c023753c71e68f2e985e4,0.1,0.835,0.065,-0.1779,2025-05-27
2025-05-30 15:27:35,Amazon Vs. Nvidia: The Lethal Kiss To Shape Different AI Destinies,SeekingAlpha,https://finnhub.io/api/news?id=302be066ea68effe55810a15d66f4904dab0b0e3f35e48f490529121faa35078,0.0,0.782,0.218,0.7269,2025-05-30
2025-05-30 15:23:00,Marvell Stock Slides. Why It Could Be the Cheap AI Chip Play.,Yahoo,https://finnhub.io/api/news?id=2d5ab5996a553284ac7011bf158d44326906170ef223e2008b97b1bf80110ab5,0.077,0.855,0.068,-0.0772,2025-05-30
2025-05-30 15:15:14,Nvidia stock falls as Trump says China 'violated' trade deal with US,Yahoo,https://finnhub.io/api/news?id=75fa9bdf2695eb637c78204c1db495b990a39f58723f23e4cd14545ae0969668,0.225,0.775,0.0,-0.7269,2025-05-30
2025-05-30 15:13:00,Better AI Stock: Alphabet vs. Nvidia,Yahoo,https://finnhub.io/api/news?id=9c4456acb1855018431d24d49ce98b2b4927fdaf19bc93d41f076354451e7b67,0.0,0.622,0.378,0.9118,2025-05-30
2025-05-30 15:07:12,"Dogs Of The Dow Chase June's ""Safer"" Buy -- Verizon",SeekingAlpha,https://finnhub.io/api/news?id=44d976ba7db3be633e540e5f641994b1f0a1556bead691a6bf5497cf05703d46,0.0,0.899,0.101,0.5574,2025-05-30
2025-05-30 15:06:12,Nvidia's Growth Phase Is Still In Full Bloom,SeekingAlpha,https://finnhub.io/api/news?id=e8f9a2b87f6c8bcc3075734aab69ce59bbf9629819fc799d5c3fd2eda1653ed5,0.0,0.686,0.314,0.8979,2025-05-30
2025-05-30 14:58:50,"Stock Market Rallies Amid Trump Tariff News, Nvidia, But Also Faces Resistance: Weekly Review",Yahoo,https://finnhub.io/api/news?id=18ba6bbc57a8e2ad484ca153cf4d3b1e5925d07f9a0764005fab7f1e6b55de02,0.0,0.931,0.069,0.3919,2025-05-30
2025-05-30 14:41:06,Shares of chip stocks are trading lower amid reports indicating the Trump administration is planning wider China tech restrictions.,Benzinga,https://finnhub.io/api/news?id=671dd7d27cd2875386e1ced3137e960e9cb4da6c08407399dffd9cdb359be59b,0.103,0.794,0.103,0.0,2025-05-30
2025-05-30 14:37:22,Nvidia Falters. Powering Robots That Fold Laundry Is Still A Pipedream. Is Nvidia A Buy Or Sell Now?,Yahoo,https://finnhub.io/api/news?id=8aa86c7e6533766e23fe30cc0cfae9830b5f7d684c59fdc68557895366e51397,0.019,0.845,0.136,0.899,2025-05-30
2025-05-30 14:29:56,Nvidia and Dell Team Up to Build Department of Energy Supercomputer,Yahoo,https://finnhub.io/api/news?id=1247acf1196256f107f88c1d9c37acb80db910982f0c043c19e04c22ee033637,0.0,0.9,0.1,0.2732,2025-05-30
2025-05-30 14:05:00,Nvidia Stock Slips. Why It Might Be Entering Its ‘Apple Era’.,Yahoo,https://finnhub.io/api/news?id=2b8c1b26e82681a7fbabd7e1da3e599cb540efc03144c83f60b2a9b956dea655,0.0,0.934,0.066,0.2952,2025-05-30
2025-05-30 13:58:07,Nvidia (NVDA) Gets Wall Street Boost on Strong Q1 Results and Upbeat Guidance,Yahoo,https://finnhub.io/api/news?id=c17ab2c364f36167668f670b8065567af1be563c2e36258a9753180b9ad63bc5,0.091,0.727,0.182,0.4588,2025-05-30
2025-05-30 13:54:10,Nvidia's $8 Billion China Setback: A Speed Bump On An AI Superhighway,SeekingAlpha,https://finnhub.io/api/news?id=bcb873e1633041b42015e043d096b355e76169e0ea83ad1efa40fb8a84751c85,0.0,0.917,0.083,0.4404,2025-05-30
2025-05-30 13:51:00,"NVIDIA Corp., Salesforce share losses contribute to Dow's 111-point fall",MarketWatch,https://finnhub.io/api/news?id=18721232e5e9ed296fd3a7dae66845cdc739ac5a9c2805180eb6268402d85beb,0.209,0.62,0.171,-0.25,2025-05-30
2025-05-30 13:45:00,2 Unstoppable Vanguard ETFs That Have Doubled in Just 5 Years,Yahoo,https://finnhub.io/api/news?id=ddc429be4bef345afca46ee1efc19d59824ec6ba70c39a88d8e462af4c4a765a,0.071,0.743,0.186,0.7787,2025-05-30
2025-05-30 13:35:00,Why Navitas Followed Last Week's Monster Gain With Another This Week,Yahoo,https://finnhub.io/api/news?id=58be6161b6f3d180bf333e554c4cba51b979a1a897b2671d5430cd31432af84c,0.0,0.962,0.038,0.5267,2025-05-30
2025-05-30 13:31:44,"Wall Street Slumps As Trump Reignites China Trade Tensions, Nvidia Wipes Out Earnings Rally: What's Driving Markets Friday?",Benzinga,https://finnhub.io/api/news?id=f669f6c8de7e52e6ade1d2ed212be321947c9d1fffbee35c4c9a39b1157af58c,0.168,0.72,0.111,-0.3182,2025-05-30
2025-05-30 13:29:36,How The Fed And Uncertainty Can Push The S&P 500 Into A Correction,SeekingAlpha,https://finnhub.io/api/news?id=ce699c6f78f540dd5d3dc5165ee13812bdcaf6fca434f1f1aaebeaa3f1176720,0.105,0.771,0.124,0.2003,2025-05-30
2025-05-30 13:15:06,Update: Market Chatter: Chinese Tech Giants Turn to Local AI Chips Instead of Nvidia Due to US Restrictions,Yahoo,https://finnhub.io/api/news?id=75c5790cefc6d273bbbcb4dec3e99aba42bda3e3e9f509a5c015077cb7a29e6e,0.0,1.0,0.0,0.0,2025-05-30
2025-05-30 13:09:58,"China-US trade, April inflation & imports, Gap: 3 Things",Yahoo,https://finnhub.io/api/news?id=ec591d958144fdb2d16716e555f384601654e88f636daddc2c7de97f5f0b4210,0.036,0.927,0.037,0.0258,2025-05-30
2025-05-30 13:05:45,"Morning Movers: Stocks jump as court blocks tariffs, Nvidia strong again",Yahoo,https://finnhub.io/api/news?id=e037337b25d2a97c4abbfef084dd181f2968d2283affabb6eb264abf74b47cb7,0.041,0.839,0.119,0.8176,2025-05-30
2025-05-30 13:00:50,Notable open interest changes for May 29th,Yahoo,https://finnhub.io/api/news?id=9b06f4f5ce205071a3e592e8455e4bee224f925b28c32dbb0a02cab4e85aa7f7,0.0,0.832,0.168,0.9451,2025-05-30
2025-05-30 12:48:42,How this Nvidia rival is trying to take chunks of its market share,Yahoo,https://finnhub.io/api/news?id=055828ac45a0342a2b38a95521f18d29ffd247ed363ed89e51554c94f3fef5ae,0.0,0.865,0.135,0.4939,2025-05-30
2025-05-30 12:47:43,"Nvidia (NVDA) Faces China Setback, Leans on Cloud and AI Demand",Yahoo,https://finnhub.io/api/news?id=42635bf7d4b8bb3a8112d5ba8d1d850111218b945bad81975abd08cac742b196,0.204,0.796,0.0,-0.5994,2025-05-30
2025-05-30 12:35:51,Nvidia: A Flexible Neutral-To-Bullish Strategy,SeekingAlpha,https://finnhub.io/api/news?id=8c817dbc73cd7f5f3b591c0b98dfdcc64034eb643deb112db4e5e913af000a6c,0.108,0.614,0.278,0.746,2025-05-30
2025-05-30 12:29:00,"Dow down 216 points on losses for shares of NVIDIA Corp., Chevron",MarketWatch,https://finnhub.io/api/news?id=f303edfb4bbc4a209e714546875be090edfc8abeed13edbecc7391d13bf771c9,0.181,0.671,0.148,-0.25,2025-05-30
2025-05-30 12:13:36,Marvell: When The Market Thinks Good Earnings Still Aren't Good Enough,SeekingAlpha,https://finnhub.io/api/news?id=29f672bdc5ddc5fee09313d75befad62001a69daf0715e0a348716a640653077,0.168,0.629,0.203,0.1265,2025-05-30
2025-05-30 12:08:02,"Nvidia (NVDA) Flags China Risks, Holds Firm on $45B Sales Outlook",Yahoo,https://finnhub.io/api/news?id=a13eb1614d68160e2a7084f8c70f27b04485ecc6a65be7d3a1a7f6d25ced16b7,0.068,0.932,0.0,-0.2732,2025-05-30
2025-05-30 12:00:24,Groq’s founder on why AI’s next big shift isn’t about Nvidia,Yahoo,https://finnhub.io/api/news?id=eaf5b29fcf38cb109f5fd6becc649141ac43c13842fadc8b9c8b06334858b383,0.0,0.916,0.084,0.967,2025-05-30
2025-05-30 12:00:11,The end of the easy US stock bet has been good to contrarians,Yahoo,https://finnhub.io/api/news?id=94ea80ecdb2c3042bc4901932205fad5fc3738f2c89c4acb1194dfa5e8748885,0.061,0.807,0.132,0.8024,2025-05-30
2025-05-30 11:50:59,"Stocks to watch next week: Broadcom, Lululemon, British American Tobacco, Dr Martens and Rémy Cointreau",Yahoo,https://finnhub.io/api/news?id=1166fd8460a89e5e9aefca376a826ed98279ca8d4342e03598a55a19f88e6468,0.0,1.0,0.0,0.0,2025-05-30
2025-05-30 11:50:00,Nvidia Stock Slips. It Just Hasn’t Been Able to Catch Microsoft.,Yahoo,https://finnhub.io/api/news?id=81ef9ee620ad63950937f661abda4f4f02a90193b602e4e611853157f0764745,0.0,0.934,0.066,0.2952,2025-05-30
2025-05-30 11:42:00,"Tesla's Optimus May Be The First Humanoid Robot To Achieve High Volume And Tech Scale, Says Nvidia CEO Jensen Huang: '... Likely To Be The Next Multi-Trillion Dollar Industry'",Yahoo,https://finnhub.io/api/news?id=962369a2dada4262b6b78a3ce90312a1a8c542c2ab0f66a5114d5661f815946f,0.0,0.892,0.108,0.891,2025-05-30
2025-05-30 11:37:43,This Week In AI Chips - Accelerating In-Car AI: Cerence Partners With Arm,Yahoo,https://finnhub.io/api/news?id=f1f272fc8cdda0bb12238149dd967c8cc60daf8f498c8159d32233f1dae77ae9,0.0,0.862,0.138,0.8834,2025-05-30
2025-05-30 11:32:44,Why Aehr Test Systems Stock Soared This Week,Yahoo,https://finnhub.io/api/news?id=0c6bd51e69323933a565c3d45c336a8f5bd6ce25e3d302585179852247ae456a,0.044,0.9,0.056,-0.0516,2025-05-30
2025-05-30 11:30:13,Mag 7 valuations before & after Nvidia earnings: Chart of the Day,Yahoo,https://finnhub.io/api/news?id=55a97fcc92abbdff92fb8db236afd2b9892fb4a8c492308218984379604b73c6,0.0,0.908,0.092,0.7693,2025-05-30
2025-05-30 11:30:00,3 American Growth Giants to Invest in for the Long Haul,Yahoo,https://finnhub.io/api/news?id=9b98a4702eb5fe95099a9bcc4f371b7ce5da1d95359402ad7e28e8dbbdf3c104,0.0,0.696,0.304,0.9729,2025-05-30
2025-05-30 11:25:00,Here’s what home sellers are doing to counter a brutal buyer’s market this summer,MarketWatch,https://finnhub.io/api/news?id=e6563a3f8a16e3fab344dfa234664c745a85fff46628e5961fc848b91ca21ade,0.24,0.76,0.0,-0.8481,2025-05-30
2025-05-30 11:00:09,"OpenAI risks being undercut by cheaper rivals, says star investor",Yahoo,https://finnhub.io/api/news?id=408d055961eb9d5cf1614029faa0ce8ec3ca76243f2e19a85bbc20e44d7b6b5c,0.11,0.809,0.081,-0.0258,2025-05-30
2025-05-30 11:00:00,The Nasdaq Bounces Back: These AI Stocks Could Be the Smartest Buys of the Year,Yahoo,https://finnhub.io/api/news?id=63e70250e54c0f5e653757eea4fef8f82d8d97c02668fb7b3454bd753d5a7cb9,0.024,0.852,0.124,0.8047,2025-05-30
2025-05-30 10:50:23,FEPI Vs. QDTE: Both Funds Offer A Unique Value Proposition,SeekingAlpha,https://finnhub.io/api/news?id=a53e9b0689da4a27714ddad72dc8f14bdff81ff0334429f74adb995aa432b559,0.0,0.789,0.211,0.34,2025-05-30
2025-05-30 10:45:00,"These Stocks Are Moving the Most Today: Nvidia, Dell, Ulta, Gap, Marvell, American Eagle, and More",Yahoo,https://finnhub.io/api/news?id=9a76174df0582a099707d89d8ba8aa7d382793cd6ac5404f88ba2471296a1ec6,0.064,0.904,0.032,-0.296,2025-05-30
2025-05-30 10:37:06,"Stock Market Today: Dow Jones Wavers Amid Trump-China Friction, Inflation News; Tesla Bull Sounds This Warning",DowJones,https://finnhub.io/api/news?id=a5dd3a929ff968cb698d2cee451014df7925864df9a4e1026af940fc41dc477d,0.155,0.845,0.0,-0.6705,2025-05-30
2025-05-30 10:11:54,Nvidia's AI Slowdown Is On The Horizon (Rating Downgrade),SeekingAlpha,https://finnhub.io/api/news?id=46a952c18e23f20d06e251f4999d7bfdac28739b07ab6027c7487fcbd5173d82,0.061,0.866,0.073,0.1027,2025-05-30
2025-05-30 10:01:12,NVIDIA CORP : Receives a Buy rating from DZ Bank,Finnhub,https://finnhub.io/api/news?id=d3e6d3993d7f17adf6daa5f69fa26b9b3cd2d80958661152b3893c101492f737,0.0,0.814,0.186,0.7506,2025-05-30
2025-05-30 10:00:58,Nvidia's loss in China is also a bargaining chip,Yahoo,https://finnhub.io/api/news?id=e7dab32603630aef86db53a5301896540bbbccff65dc5c88cdbfbdc9cbab091c,0.133,0.809,0.057,-0.4404,2025-05-30
2025-05-30 10:00:00,Large cryptocurrencies fall as Dogecoin declines,MarketWatch,https://finnhub.io/api/news?id=191e5c1176434dec801ce71dfe567d435ce7a5f6b16ec0f5ecda55279a99a588,0.0,1.0,0.0,0.0,2025-05-30
2025-05-30 09:52:00,"NVIDIA Corp., Nike share losses contribute to Dow's 100-point fall",MarketWatch,https://finnhub.io/api/news?id=4dc7b57b96e0d874b7e0fb2e4dcf96f9ca971af52d61c94a0bef4ff98d943553,0.209,0.62,0.171,-0.25,2025-05-30
2025-05-30 09:23:47,Chart Of The Day: Nvidia Stock Needs To Break Through $150-152 Resistance (Technical Analysis),SeekingAlpha,https://finnhub.io/api/news?id=7f25e6696ef564b05bb05d67a2c531e5942f33923349dad53f811c830955bdd6,0.0,1.0,0.0,0.0,2025-05-30
2025-05-30 09:16:15,"Top 10 Trending Stocks On WallStreetBets As Of May 30, 2025 (Via Swaggy Stocks)",Benzinga,https://finnhub.io/api/news?id=8345ac1db0a463bae18f52857c6605af31a7f93bd3e089c112e582f21cca0859,0.0,0.899,0.101,0.2023,2025-05-30
2025-05-30 08:38:52,Alibaba And Baidu Turn To Chinese AI Chips As US Sanctions Squeeze Nvidia Supply,Benzinga,https://finnhub.io/api/news?id=0ba6dac957b0f83ee966d53f3d14dd5990e2977bdff57e5245cee1c6bcba7677,0.0,1.0,0.0,0.0,2025-05-30
2025-05-30 08:29:29,Dow Jones Futures Fall As Trump Says China 'Violated' Deal; Fed Inflation Data Due,DowJones,https://finnhub.io/api/news?id=db7d49cfb73c76ebe16f7d8d3b0f528fdd5af9f6428d1e028d0bf01306ce44a4,0.207,0.793,0.0,-0.7783,2025-05-30
2025-05-30 08:21:48,Nvidia: launching Doudna supercomputer in 2026,Finnhub,https://finnhub.io/api/news?id=434ce847c824d1d0a0e016afd74a2accd414c9db95a39083f7d2e736c1ae4ac0,0.0,0.955,0.045,0.128,2025-05-30
2025-05-30 08:00:00,Apple: Double-Down When The Market Gets Silly,SeekingAlpha,https://finnhub.io/api/news?id=41811e2fd73c54d46e61dbfdaa670fe34ea4ee7a1b7efd4f466e10073719487d,0.0,0.874,0.126,0.5346,2025-05-30
2025-05-30 06:38:27,Super Micro Computer: A Golden AI Play With Deep Discount,SeekingAlpha,https://finnhub.io/api/news?id=fe62f0b59f8a5a3c2c84ae16394cb0def4551b78b3b6d60528d2eb7e2248f7d8,0.0,0.67,0.33,0.9153,2025-05-30
2025-05-30 06:21:48,Nvidia Shrugs Off China Worries,Finnhub,https://finnhub.io/api/news?id=afa06e88596386af55555262f02b877ecab82832d4e452925af60e52f9b43749,0.123,0.831,0.046,-0.4019,2025-05-30
2025-05-30 06:21:06,"US Stocks Likely To Open Lower As Appeals Court Temporarily Reinstates Tariffs: 'The Market Hate Uncertainty,' Says Expert",Benzinga,https://finnhub.io/api/news?id=4c58a7f5d0e0d59d0ee7a30047cb62dad06505ea9463e68a121bc2d74322ead0,0.192,0.808,0.0,-0.8074,2025-05-30
2025-05-30 05:44:14,"Dell, Nvidia To Build Next-Gen Supercomputer For US Energy Department",Benzinga,https://finnhub.io/api/news?id=63d640cb40beed13e5ea64fce382e40cc295bf018258cb8ffd899802f59f25af,0.0,0.905,0.095,0.2732,2025-05-30
2025-05-30 05:08:25,"“There’s No Substitute for Nvidia (NVDA),” Longtime Investor Says",Yahoo,https://finnhub.io/api/news?id=fbadddd351177ea12e0128682308b7c94b6c941e1edf566f7c523fcc34d3ff42,0.032,0.916,0.052,0.34,2025-05-30
2025-05-30 04:13:41,Nvidia and Dell to Supply Next US Department of Energy Supercomputer,Yahoo,https://finnhub.io/api/news?id=18b1c358aba20e07baf8e4648f4cf91f2034d4c988fabcbfd96a1fb8751033ab,0.0,0.889,0.111,0.7906,2025-05-30
2025-05-30 04:05:35,Serious uncertainties remain at Nvidia,Finnhub,https://finnhub.io/api/news?id=df59c6b39c3c9cb505737fa4a1daf99192b5e3b304e9b956ff600823c597e4c8,0.085,0.736,0.179,0.6249,2025-05-30
2025-05-30 03:30:00,CoreWeave Is Building an AI Cloud Empire. The Stock Is a Puzzle.,MarketWatch,https://finnhub.io/api/news?id=62138749248855374bd5c6e4d00aff80fd7d3d7baf7d02ef4b15b06ac666066f,0.0,1.0,0.0,0.0,2025-05-30
2025-05-30 02:43:39,"Morgan Stanley Raises NVIDIA Corporation (NVDA)’s Stock Price Target to $170, Maintains Overweight Rating",Yahoo,https://finnhub.io/api/news?id=647e5269e8b1580427ef056c767079b1a8dab4641e59a92f99ec4d40d0e7301d,0.091,0.835,0.073,-0.1027,2025-05-30
2025-05-30 02:18:54,"S&P 500 Settles Higher Amid Gains In Nvidia Shares: Investor Sentiment Improves, Fear Index Remains In 'Greed' Zone",Benzinga,https://finnhub.io/api/news?id=a190dc2b82ab7d624fa92330a59d770e76c686ce6bd1f758908663ec98dcd9e0,0.224,0.494,0.281,0.128,2025-05-30
2025-05-30 01:42:33,"Stocks slip, dollar sags as Trump tariffs remain after latest courtroom twist",Finnhub,https://finnhub.io/api/news?id=d3a14c761465d3555865449717439f5c1b3bf4edd1e7c3cd541be0b24c5713b8,0.0,0.957,0.043,0.2023,2025-05-30
2025-05-30 01:25:46,"Chinese tech companies prepare for AI future without Nvidia, FT reports",Yahoo,https://finnhub.io/api/news?id=5f86b465fc44c33565aee07e5f4d939338ba0a2b6a0d97f33b42dc23566f2cf4,0.018,0.911,0.07,0.4939,2025-05-30
2025-05-30 01:24:44,Wall Street Roundup: The Fog Of Tariffs,SeekingAlpha,https://finnhub.io/api/news?id=4c2297fdb06e871f3c102acfc149dd1e8457126dbc6be2d4f3a274c65f2b107b,0.118,0.882,0.0,-0.34,2025-05-30
2025-05-30 00:45:34,Taiwan Says US Trade-Deal Push Still On Despite Court Ruling,Yahoo,https://finnhub.io/api/news?id=a5f1c0eb82c5b469d00f2fc54ba6586fd1b6d02b77b60fbec9e1f03351c34030,0.091,0.793,0.116,0.3612,2025-05-30
2025-05-30 00:26:11,PRESS DIGEST- Wall Street Journal - May 30,Finnhub,https://finnhub.io/api/news?id=7aba012eab5d3332b844a2639bcc354f96ec2e4e1f30ad496c6d038b64d6d76f,0.0,0.951,0.049,0.2023,2025-05-30
2025-05-29 23:35:11,"Trump-Xi Truce Under Threat After US Targets Chinese Students, Tech",Yahoo,https://finnhub.io/api/news?id=e771f9f61ecd04e0ce317d354c4f62a1fb0ed8fb1ac3fcdfb1714d149ab74014,0.085,0.836,0.079,-0.128,2025-05-30
2025-05-29 22:40:00,Chase the Surge in Nvidia Stock After Q1 Earnings?,Yahoo,https://finnhub.io/api/news?id=821dba55e8ca20a24acd33faac7860a9be3209d508a7f54181c41b8875cb5175,0.0,0.882,0.118,0.6361,2025-05-30
2025-05-29 22:40:00,"Tariff Bombshell Fizzles, Nvidia Still Shines",SeekingAlpha,https://finnhub.io/api/news?id=29abd15e0fd60a5dff0c4718a7ec1d28b53dce472093cb79e43e3b31eceeaccc,0.0,1.0,0.0,0.0,2025-05-30
2025-05-29 22:38:14,Stocks lower but set for strong monthly gain despite tariff uncertainty,Finnhub,https://finnhub.io/api/news?id=be09a885cbadd54ce43400173dbe4b32eef7f9301471d13245d343f652b0208b,0.073,0.589,0.338,0.959,2025-05-30
2025-05-29 22:32:39,ProShares USD Provides Leveraged Exposure To High-Growth Chip Names,SeekingAlpha,https://finnhub.io/api/news?id=fed0e70d46b9659de07ddb411c4bc020d79de5ce89b2d0947e51bc433e9aad6b,0.0,1.0,0.0,0.0,2025-05-30
2025-05-29 21:45:00,CEO Jensen Huang to Sell $800 Million of Nvidia Stock,Yahoo,https://finnhub.io/api/news?id=85b906c114280997e561ac0e54bc13736f462e4f5ca032898a3045b01ff31996,0.0,0.945,0.055,0.5267,2025-05-30
2025-05-29 21:26:00,Synopsys and Cadence Confirm China Export Ban. The Stocks Drop.,Yahoo,https://finnhub.io/api/news?id=26a449fbd87bfee0a97d5d506825b393144bb340ead22d5623c58066b47d9db9,0.235,0.765,0.0,-0.8074,2025-05-30
2025-05-29 21:15:00,"Nvidia & tariffs, volatility, defense stocks: Market Takeaways",Yahoo,https://finnhub.io/api/news?id=88d2d0cd68731154cdb6d74706287551e726297775e858fc62b6dbe0242f0c4e,0.0,0.915,0.085,0.7458,2025-05-30
2025-05-29 21:10:09,Chinese Tech Groups Prepare For AI Future Without Nvidia- FT,Finnhub,https://finnhub.io/api/news?id=10e3edee747b3d4d2c775584d57baacc761b716bf81cba078262cc896a8f32ec,0.0,1.0,0.0,0.0,2025-05-30
2025-05-29 21:09:26,Equities Rise as Markets Track Judicial Developments Around Tariffs; Nvidia Jumps,Yahoo,https://finnhub.io/api/news?id=2ad8b878ff14dfdd7051b66e28ee6e30a51bc8da799a032a45481e5cd259cf82,0.0,1.0,0.0,0.0,2025-05-30
2025-05-29 21:09:14,Trading Day: Courting confusion,Yahoo,https://finnhub.io/api/news?id=f42f1807e23e9f6924665abcb5a3d8ba41c0699ecbcf0f3774657b5f45317d5f,0.091,0.909,0.0,-0.5267,2025-05-30
2025-05-29 21:03:00,Nvidia CEO turns heads with stern warning about China AI market,Yahoo,https://finnhub.io/api/news?id=a1b184a809bda08aaf693096df4bf3369afd4c2c73b1c2dca6bf57abcd0d7499,0.205,0.795,0.0,-0.6597,2025-05-30
2025-05-29 21:00:46,"Piper Sandler Lifts Nvidia (NVDA) Price Target to $180, Maintains Overweight Rating",Yahoo,https://finnhub.io/api/news?id=6e34619c9dde495cbb961c65a2382fe8a66a3dc3c319d3a4a3ef3c2328318734,0.103,0.825,0.072,-0.34,2025-05-30
2025-05-29 21:00:00,NVIDIA Announces Upcoming Events for Financial Community,Yahoo,https://finnhub.io/api/news?id=b52effc722286a30a4bb9f450a0994a2e25e3a465c08b2f26ce83096ae3352d4,0.0,0.91,0.09,0.765,2025-05-30
2025-05-29 20:55:21,"S&P 500 Gains & Losses Today: HP, Best Buy Stocks Drop as Tariffs Weigh On Outlook",Yahoo,https://finnhub.io/api/news?id=b5b336188a09d5a8938a5fa932e772feffb1123b11101769f9c87bcfed7f8571,0.09,0.787,0.124,0.4215,2025-05-30
2025-05-29 20:53:50,Tracking Ray Dalio's Bridgewater Associates 13F Portfolio - Q1 2025 Update,SeekingAlpha,https://finnhub.io/api/news?id=065e3ec67a0a852f8de27f888c48bbc88870b963b8035abf2eaab07f900ec8b7,0.0,0.947,0.053,0.2023,2025-05-30
2025-05-29 20:47:00,Nvidia’s Most Impressive Feat Yet? How the Chip Maker Overcame a China Ban.,Yahoo,https://finnhub.io/api/news?id=f6d0ecedcaee1f1ddabebaa429e610fa12008d8a482db43db0b25f76384b5159,0.121,0.615,0.264,0.7902,2025-05-30
2025-05-29 20:29:00,Marvell Earnings Are Solid but Not Enough for Wall Street,Yahoo,https://finnhub.io/api/news?id=1f8ca99baef618452148c2b9300476d977b8c92247af851f6cac8231e9801058,0.0,0.963,0.037,0.0772,2025-05-30
2025-05-29 20:23:59,"Stocks to Watch Recap: Nvidia, E.l.f., Salesforce, HP",Yahoo,https://finnhub.io/api/news?id=45117dcfc23809f91ebeff11c6ab7e8d63344ca975c11a9112481e1794a7d2a9,0.058,0.853,0.089,0.1531,2025-05-30
2025-05-29 20:23:00,"These Stocks Moved the Most Today: Nvidia, Salesforce, HP Inc., Tesla, C3.ai, e.l.f. Beauty, Veeva, SentinelOne, Best Buy, and More",Yahoo,https://finnhub.io/api/news?id=ce13a0a32925bcbb10bd5ba59dc465d22b6c1dbf40f3ef92addd2337445d4fd7,0.0,0.814,0.186,0.8689,2025-05-30
2025-05-29 20:22:10,Jim Cramer on NVIDIA Corporation: “This is a New Industrial Revolution”,Yahoo,https://finnhub.io/api/news?id=99370c7c1030e7f133e3e2a8d062ce643983253c59d69bc8097a0f9f78083cfb,0.046,0.954,0.0,-0.4939,2025-05-30
2025-05-29 19:13:09,Wall Street stocks end higher after Nvidia results,Finnhub,https://finnhub.io/api/news?id=777aaec9b05b4b20a5c47b377798c728cac7b65c52c13463e722c68f32021a8c,0.0,0.933,0.067,0.4215,2025-05-30
2025-05-29 17:59:07,Tech Flat as Nvidia Gain is Offset by Tariff Fears -- Tech Roundup,Finnhub,https://finnhub.io/api/news?id=1addc14167bb9eb017a78d17791c64237a6aab9fb439c5a8ff25a218573140a2,0.06,0.748,0.192,0.7351,2025-05-30
2025-05-29 17:39:24,"Nvidia fails to finish the day as the largest U.S. company, as its stock pares gains",MarketWatch,https://finnhub.io/api/news?id=380400c614fd20704d495ffe6fa1f017f9d1efc32a437411bd69f369f7a50563,0.146,0.729,0.125,-0.2023,2025-05-30
2025-05-29 17:29:32,ETB: Hard To Recommend This Fund In A Bull Market,SeekingAlpha,https://finnhub.io/api/news?id=121a4a7ceefcf5b447ce8776868b781fc1849549fc91025f965b9f5d2f05ac0c,0.037,0.749,0.214,0.765,2025-05-30
2025-05-29 17:21:16,"Wall Street ends up with Nvidia, appeals court reinstates Trump tariffs",Finnhub,https://finnhub.io/api/news?id=124b090306301d4de68b2614db5cef8b49f2e6adc8567326174c05cb08b0e681,0.0,0.879,0.121,0.5859,2025-05-30
2025-05-29 17:20:08,QQQ Could Move Much Lower,SeekingAlpha,https://finnhub.io/api/news?id=c74554343877079efddfa47c0a8cae95762805527b01310f94d498cef9d0f223,0.355,0.645,0.0,-0.296,2025-05-30
2025-05-29 17:20:07,"Nvidia results 'good news' for broader AI sector, says CIO",Finnhub,https://finnhub.io/api/news?id=9f6010ae1daae9f57e3488477537089c97c107692b28d394776b11370fc3c174,0.0,0.832,0.168,0.7717,2025-05-30
2025-05-29 17:04:08,"Nvidia, Dell to supply next US Department of Energy supercomputer",Finnhub,https://finnhub.io/api/news?id=9adbb94d216cb74a33cf21bae17fdc965f590c551613f52c753d4e06daaacebc,0.0,0.893,0.107,0.4939,2025-05-30
2025-05-29 17:04:00,Nvidia’s Climb Carries Stocks Through Trade Reversals,DowJones,https://finnhub.io/api/news?id=5d7c5d6333579d8acc284dccdbe709d3b2d57358f5a8546433dfe96f991934bd,0.0,1.0,0.0,0.0,2025-05-30
2025-05-29 17:01:19,TRADING DAY-Courting confusion,Finnhub,https://finnhub.io/api/news?id=c4bb8e6230438b9615d6fedd58dec0b4af8b087c01c38a5c72a42ca151146cfb,0.188,0.812,0.0,-0.5267,2025-05-30
2025-05-29 17:00:24,Nvidia: Time To Get Greedy,SeekingAlpha,https://finnhub.io/api/news?id=00d333646e12eb3b4820b1456b48bd810b5a01d43f2cbdcb6bf677a9c72f87a8,0.058,0.677,0.266,0.8074,2025-05-30
2025-05-29 16:36:38,Nvidia’s next chip platform will power a new supercomputer,MarketWatch,https://finnhub.io/api/news?id=fee698f663aa0076ce4ed9a0890a633e1fe0f37ca1026019f086c421649256d1,0.0,1.0,0.0,0.0,2025-05-30
2025-05-29 16:17:09,Nvidia leads Dow gainers as stocks hold on to gains after appeals court temporarily reinstates Trump tariffs,MarketWatch,https://finnhub.io/api/news?id=58e5169926601e9d21d15758dc52ceceaed14fa554f93bf1899d63b0faf197e1,0.0,0.87,0.13,0.5859,2025-05-30
2025-05-29 15:59:00,Stocks’ Recovery Makes Tariffs Feel Like a Fever Dream. Levies Are Still Haunting Markets.,MarketWatch,https://finnhub.io/api/news?id=e1b5d2d33d4879f672f4c144b20a98db9664bd8b468da581d992c41d7cd8c943,0.119,0.625,0.256,0.5859,2025-05-29
2025-05-29 15:57:00,The market got an expected boost from Nvidia — though traders mispriced the stock’s options again,MarketWatch,https://finnhub.io/api/news?id=9a5775455b0dfbc9a2b0ff1b1d13cc954af29091fd48810fa2c869e00d89965c,0.0,0.847,0.153,0.6597,2025-05-29
2025-05-29 15:57:00,Madison Covered Call & Equity Income Fund Q1 2025 Investment Strategy Letter,SeekingAlpha,https://finnhub.io/api/news?id=43556fe92240db93ab787bdcbe7e2b77cce16437a7b5e0a509579ccef446c731,0.054,0.946,0.0,-0.3182,2025-05-29
2025-05-29 15:53:59,Why Nvidia Stock's Resurgence Is Key To A Long-Term Market Run,DowJones,https://finnhub.io/api/news?id=df210490e5e93998fa4f1354cb0db0722d4072b927a51024e8ed8d0667dfdcc7,0.0,1.0,0.0,0.0,2025-05-29
2025-05-29 15:46:00,Nvidia needs to show investors the future. Its CEO is sure he’s found the answer.,MarketWatch,https://finnhub.io/api/news?id=d4d3c81006c32aca6aa5aad2a029e1e23fd378c1a9079ee9f3001a19ab2ac7df,0.0,0.859,0.141,0.5574,2025-05-29
2025-05-29 15:46:00,"Dow's 117-point rally highlighted by gains in shares of NVIDIA Corp., Boeing",MarketWatch,https://finnhub.io/api/news?id=57e2c67258bd7f4e0e607b8d332f040ad9dcf958759b8fbc807b723374c9fa2a,0.0,0.685,0.315,0.802,2025-05-29
2025-05-29 15:39:56,"3 High Beta ETFs To Consider As Wall Street Welcomes Court Ruling On Tariffs, Tech Rebound",Benzinga,https://finnhub.io/api/news?id=a7c38b4e46f12e5598b3353681a857835028bbc676a3b5586b9cf3ed30d04735,0.108,0.694,0.199,0.5859,2025-05-29
2025-05-29 15:28:38,"Nvidia: The China Story Is Not Over Yet, Trust In Jensen",SeekingAlpha,https://finnhub.io/api/news?id=f33f75d149e19cce7bbcd62541c9d40b9538abad22ad35349c683f8b7fa304c8,0.213,0.787,0.0,-0.4023,2025-05-29
2025-05-29 15:19:11,Wall Street ends up with Nvidia; appeals court reinstates Trump tariffs,Finnhub,https://finnhub.io/api/news?id=c53a2d617bca6dd036814c1027f5503b50d809fa994536326c2f57b5ab541e3c,0.0,0.879,0.121,0.5859,2025-05-29
2025-05-29 15:19:11,Wall Street rises with Nvidia; appeals court reinstates tariffs,Finnhub,https://finnhub.io/api/news?id=344673c7cb03372688f61c972c38f42292c960e8cf69d9ba8ad22388cd25a4d4,0.054,0.818,0.128,0.4404,2025-05-29
2025-05-29 15:10:19,"Credo Technology: Q4 Could Be Great, But That Doesn't Mean The Stock Is A Buy",SeekingAlpha,https://finnhub.io/api/news?id=9eaa7111c562b162447a40e6c282933cdef8fa004552b67c80297d8181da7db5,0.094,0.745,0.162,0.6369,2025-05-29
2025-05-29 15:02:28,Can Nvidia get to $10 in annual EPS soon? One analyst sees a path.,MarketWatch,https://finnhub.io/api/news?id=2183587293c82d4c4c15aad9d0ec96ad10036531255ae70866fd008961309078,0.0,1.0,0.0,0.0,2025-05-29
2025-05-29 14:39:47,DoorDash Stock Forms A Bullish Picture Suitable For This Trade,Yahoo,https://finnhub.io/api/news?id=dba5e56d715c8beb35e3a9e25f2de71e243cf20e55e6de8a211d13bb317a0062,0.0,0.931,0.069,0.3818,2025-05-29
2025-05-29 14:39:33,"NVDA, TSLA Turbocharge QQQ Surge Toward Best Month Since 2023",Benzinga,https://finnhub.io/api/news?id=0ef942a6553b2e0ea27e023ddfd5c5673f6671b64a202557279ee4fdac0e9dfa,0.0,0.722,0.278,0.886,2025-05-29
2025-05-29 14:37:11,AI Data Center Stocks Buoyed By Nvidia's Reassuring Report,Yahoo,https://finnhub.io/api/news?id=9189a7bc44c4c9459b227b91aea0c0f4abb23b20d7d129ae1e57145b2b7dc615,0.042,0.722,0.236,0.7906,2025-05-29
2025-05-29 14:20:57,Nvidia Sparks Global Chip Stocks Soaring After Q1 Earnings Beat,Yahoo,https://finnhub.io/api/news?id=6025c92f252dfd32d333b8117a4fc80a7ae670e84c0f2e92abb4406aa84c7076,0.0,0.813,0.187,0.5994,2025-05-29
2025-05-29 14:20:50,"Nvidia Continues to Lead the AI Revolution, Ives Says",Yahoo,https://finnhub.io/api/news?id=dfbb0fcee197d6d0cee491fca7d4390ad4bc6fa3f77518d2445fdb27ea411002,0.0,0.934,0.066,0.296,2025-05-29
2025-05-29 14:18:34,NVIDIA CEO Huang said these four positive surprises are ’turbocharging’ AI growth,Yahoo,https://finnhub.io/api/news?id=d402f5b3de650736079b7b3a6df5394e86a2880c1c2c3c441658bb2488dccc3e,0.0,0.755,0.245,0.9118,2025-05-29
2025-05-29 11:27:39,"Arista Retreats As Nvidia Touts Meta, Google As New Networking Customers",DowJones,https://finnhub.io/api/news?id=d86008c11ea4b6e55f2feddf4e1666504b71fd13e61f88d7fc8e9e8bb0c29cdc,0.099,0.901,0.0,-0.0516,2025-05-29
2025-05-29 14:15:00,"After Saying Selling Nvidia Stock Was a ""Big Mistake,"" Billionaire Stanley Druckenmiller Just Increased His Fund's Stake by 457% in This Other Artificial Intelligence (AI) Semiconductor Stock",Yahoo,https://finnhub.io/api/news?id=3ee4b3a3ec2a47ac695adc0da976f00cae6b82f397f789eeec47e538d86688b0,0.042,0.765,0.193,0.8271,2025-05-29
2025-05-29 14:13:33,Nvidia's 'surge in inference demand' is the key earnings takeaway,Yahoo,https://finnhub.io/api/news?id=012634b9f666d6e5d808b5ff230fc8c89a83b6219f387bf4e968b6a7f2b73546,0.042,0.958,0.0,-0.25,2025-05-29
2025-05-29 14:12:09,Nvidia shares jump after blockbuster earnings report,Finnhub,https://finnhub.io/api/news?id=839ff5e67a264c3f361ca1e7de5280c54acdfe647f2dc7118912e4e9c7d9d0eb,0.0,0.724,0.276,0.9042,2025-05-29
2025-05-29 14:08:00,Tech Stocks Are in Rally Mode. The Gains Will Keep Coming.,MarketWatch,https://finnhub.io/api/news?id=c52eb727aa0c6e533b846562332a80bda1c71d853c2d6162a2cfbdfb936ad362,0.0,0.806,0.194,0.5859,2025-05-29
2025-05-29 14:05:00,Remain 'skeptical' that tariff blocks will play out: Strategist,Yahoo,https://finnhub.io/api/news?id=eb9136d935bc9e609b2cc6a19af8dfae69008746b4a6e24a481301f089415b3c,0.069,0.819,0.112,0.6124,2025-05-29
2025-05-29 14:04:14,"Nvidia is better off giving up on its China business, this analyst says",MarketWatch,https://finnhub.io/api/news?id=562dd960bd9f6cd09bce2f5f759bd1fc6970ff65c63ca35e3bf584a25879db89,0.0,0.675,0.325,0.8625,2025-05-29
2025-05-29 13:59:23,Wall Street climbs after US court shoots down Trump’s tariffs,Yahoo,https://finnhub.io/api/news?id=39bbd69db44ab2ac49f77dea281872e84b894d1b4dbd0e16800e57464321046b,0.073,0.927,0.0,-0.3818,2025-05-29
2025-05-29 13:56:00,"These Stocks Are Moving the Most Today: Nvidia, Apple, HP Inc., Tesla, C3.ai, e.l.f. Beauty, SentinelOne, and More",Yahoo,https://finnhub.io/api/news?id=29313321034a09df52f03094808efe2a4cfe2badda2db2aeb26a536bce19f8bc,0.0,0.882,0.118,0.6808,2025-05-29
2025-05-29 13:50:50,Why This Summer Strategy Isn't Always Best For Active Investors,DowJones,https://finnhub.io/api/news?id=f56029b14cc182f6696c5a5a82daa517fbbce2c627f032a06574f3385069f32b,0.239,0.569,0.192,-0.3261,2025-05-29
2025-05-29 13:48:27,Be Careful Buying CoreWeave,SeekingAlpha,https://finnhub.io/api/news?id=4ce017eb688511c8bed102702a911f5bef51c1b2c36f2e6a63266cb3ca707deb,0.097,0.769,0.134,-0.0,2025-05-29
2025-05-29 13:40:09,Microsoft Shares Go From Laggard to Leader as AI Growth Improves,Yahoo,https://finnhub.io/api/news?id=55c963ae97ba5c189d6faf9d132e63fbc07e789a7a858dd57b97b78309bdaada,0.02,0.828,0.152,0.8957,2025-05-29
2025-05-29 13:40:00,Should You Buy IonQ Stock for Just $45?,Yahoo,https://finnhub.io/api/news?id=f0dd348256d0a171c19edade73b72f1b560513410af68baadffea3c909ef35ac,0.0,1.0,0.0,0.0,2025-05-29
2025-05-29 13:39:44,The world has a new most valuable company after $185bn overnight surge,Yahoo,https://finnhub.io/api/news?id=41fd50a6f40a4c840bf31793d11f2e661aea69bdcf464ceacac5c77a67d7eff3,0.0,0.895,0.105,0.5256,2025-05-29
2025-05-29 13:38:15,"Nasdaq, stocks push higher after Nvidia results, tariff ruling",Yahoo,https://finnhub.io/api/news?id=ad37f4df61855ce0213098bae532f011d4b696aa09cbf18c104f2308e5a9be53,0.0,0.962,0.038,0.5574,2025-05-29
2025-05-29 13:33:22,"Nvidia upgraded, Salesforce downgraded: Wall Street's top analyst calls",Yahoo,https://finnhub.io/api/news?id=6637f5516db684fa0a47cf2e1d9cfff68927f065fb2f00e32c5dcb63b4f58ffa,0.0,0.816,0.184,0.3818,2025-05-29
2025-05-29 13:33:15,Nvidia Stock's Post-Earnings Bump Might Not Last,SeekingAlpha,https://finnhub.io/api/news?id=45bc76a30b4a712a1ab7c6782efbe331cfb4de2254a9d525f4e393c0ede4b8b5,0.0,0.955,0.045,0.1154,2025-05-29
2025-05-29 13:32:57,Stocks Open Higher as Nvidia Results Boost Tech,Yahoo,https://finnhub.io/api/news?id=28c2d01d0898f4eb7b6652ae71ff2f8692717d00c2574ef48ad616d2c5deedc5,0.041,0.916,0.043,0.0258,2025-05-29
2025-05-29 13:30:26,"Stock market today: Dow, S&P 500, Nasdaq trim gains as Wall Street weighs Trump tariff block, Nvidia earnings",Yahoo,https://finnhub.io/api/news?id=5caf981cce7a2d562de5adadb6b98c46df2e818c3736ccf697c1561d57aa1053,0.118,0.825,0.057,-0.3818,2025-05-29
2025-05-29 13:30:00,Cathie Wood Goes Bargain Hunting: 1 Monster Artificial Intelligence (AI) Semiconductor Stock She Just Bought on the Dip. (Hint: It's Not Nvidia or AMD.),Yahoo,https://finnhub.io/api/news?id=d2a6fef3bc33426ea0b6d2be6359e157f30c321ca2bd5a675a39a4e611db0b42,0.0,0.864,0.136,0.5994,2025-05-29
2025-05-29 13:27:08,"Stocks Edge Higher After Court Stifles Trump Tariffs, Nvidia Rallies To 3-Month Highs, Bitcoin Dips Below $107K: What's Driving Markets Thursday?",Benzinga,https://finnhub.io/api/news?id=48e93399ad67a0798cda6434a0cc1f6875f154fb184314c8eb85fa923ee069e6,0.0,0.87,0.13,0.7964,2025-05-29
2025-05-29 13:10:27,"Trump tariff ruling, Nvidia earnings, GDP data: 3 Things",Yahoo,https://finnhub.io/api/news?id=87e2997aede576b88e771f2ed5ff62b0b79557fe84848f4d82d6335910661fbc,0.022,0.942,0.035,0.296,2025-05-29
2025-05-29 13:03:00,Super Micro and Vertiv Stock Are Rising After Nvidia Earnings. AI Is Still Big.,Yahoo,https://finnhub.io/api/news?id=32b11bcc346d8d01470c8897f5495167de2e0caeeef27f7760be8b40e7b57fec,0.0,0.691,0.309,0.9022,2025-05-29
2025-05-29 13:02:06,"Nvidia Aims To Bypass Big Tech Dependency By Going Straight To International Governments, As It Did Recently With Saudi Arabia",Benzinga,https://finnhub.io/api/news?id=6f37124f6cc252ee77879baa2d35f32d0521a7a3d5f5aac2773c77386ba5d671,0.0,0.909,0.091,0.2263,2025-05-29
2025-05-29 11:49:02,3 Reasons I'm Buying Nvidia After Earnings And So Should You,SeekingAlpha,https://finnhub.io/api/news?id=498c90884b3c637e4576ee3cebb1cfdfb9c350dd05b870837cbd70744115ea70,0.0,0.879,0.121,0.5267,2025-05-29
2025-05-29 11:30:00,AMD: Take Full Advantage Of The Solid Nvidia Earnings,SeekingAlpha,https://finnhub.io/api/news?id=9048fac4db061a5835e39d03692d0842c32ba34b78a49ed5d13bd2155243fcab,0.0,0.674,0.326,0.8442,2025-05-29
2025-05-29 11:13:50,"Ives on Nvidia Earnings, AI, Trade War, China",Finnhub,https://finnhub.io/api/news?id=d5be90bceabb4450683a467ea20521277bbd0a81e246287e373d788dafe46074,0.156,0.8,0.044,-0.765,2025-05-29
2025-05-29 11:03:00,SP500: This Is Not The End Of The Trade War - Brace For Volatility,SeekingAlpha,https://finnhub.io/api/news?id=816801f4088956f520da75a08390a72611929b19a384daa7f01dfd9eb0f06f03,0.209,0.791,0.0,-0.7003,2025-05-29
2025-05-29 10:49:29,Stock Market Today: Dow Jones Gains Pared After Court Nixes Some Trump Tariffs; Nvidia Surges Past Buy Point (Live Coverage),DowJones,https://finnhub.io/api/news?id=e20bc9146e0ad2fba423449f7ea61415961a627cabf680dad689319c656054c9,0.0,0.888,0.112,0.5859,2025-05-29
2025-05-29 10:45:03,"Nvidia was 'coy' on China, but this analyst doubts it will let that market slip away",MarketWatch,https://finnhub.io/api/news?id=bec5c7de82e84b3cf5d72c05a53c2e3e94947b26435472d7fc8a1e3ff08cd928,0.157,0.843,0.0,-0.6808,2025-05-29
2025-05-29 10:38:59,Big Tech ETF climbs as Nvidia’s rally tops all other stocks in the Dow,MarketWatch,https://finnhub.io/api/news?id=38207a284aa6f0a50ccd3d517875911580d515818655d68db11bf717bf7e1b2f,0.0,0.798,0.202,0.765,2025-05-29
2025-05-29 10:31:00,Nvidia just showed that things are only looking up from here,MarketWatch,https://finnhub.io/api/news?id=3f74fa3cd15cf510ce6d810c6c2a7d62edba4baea5c90a9120524830ab8add0e,0.0,1.0,0.0,0.0,2025-05-29
2025-05-29 10:26:23,Nvidia set to reclaim its title as the largest U.S. company by market cap,MarketWatch,https://finnhub.io/api/news?id=8cdb95b9b5587e5d04c208ee51b0b1221c69f6823ce6fb555a62920159d357dc,0.0,1.0,0.0,0.0,2025-05-29
2025-05-28 11:06:00,Why AI Firm C3.ai Feels Like an Underdog Ahead of Earnings,MarketWatch,https://finnhub.io/api/news?id=b0f37a25ec78347c49433d76458f6cd2ef394b16a751fdb296438db8a8baef99,0.0,0.8,0.2,0.6124,2025-05-28
2025-05-29 10:15:00,"Trees Don't Grow To The Sky, But Nvidia Does",SeekingAlpha,https://finnhub.io/api/news?id=5f94a7f435d90fca1e722ae449a2fa92d5a5498b93197b676ed8051b4b99c5c8,0.0,0.803,0.197,0.8338,2025-05-29
2025-05-29 10:12:00,SentinelOne Stock Sinks. Why Cybersecurity Is a Flop This Earnings Season.,MarketWatch,https://finnhub.io/api/news?id=5259c03a75e3d71584c27d79031334e9e3cdf68809e7658bc585cb5d8dcf00ab,0.194,0.806,0.0,-0.5859,2025-05-29
2025-05-29 10:00:00,Sui leads way as most big cryptocurrencies post gains,MarketWatch,https://finnhub.io/api/news?id=a4dc0e0762b643dd988070c29e2311561e9fb230e146244ffd92ae9c0b86fabd,0.0,0.769,0.231,0.5859,2025-05-29
2025-05-29 10:00:00,Nvidia: Don't Worry About Margins,SeekingAlpha,https://finnhub.io/api/news?id=81c680f59f2dcdfc4262f923c113f53365511c368300cfd679c3850830c96487,0.0,0.644,0.356,0.9154,2025-05-29
2025-05-29 09:56:03,Nvidia's stock could see its biggest post-earnings gain in a year,MarketWatch,https://finnhub.io/api/news?id=a05697a6a0ef136a6e68e67330eae4cb6a2002963a015792f046dea1225d283c,0.0,0.746,0.254,0.7783,2025-05-29
2025-05-29 09:55:20,Nasdaq Gains Over 1%; Nvidia Posts Strong Revenue,Benzinga,https://finnhub.io/api/news?id=b0236bbdd533a7f44bc283e644bfe29b39ce955176e199dec380cf77024d8634,0.0,0.513,0.487,0.6908,2025-05-29
2025-05-29 09:52:52,Cathie Wood Makes Another Tesla Move With Robotaxi Date Set; Nvidia Says The Start Of 'Next Trillion-Dollar Industry',DowJones,https://finnhub.io/api/news?id=5e6e1db53958551e71811dc843c685d3f3a5dd400805c0f2e337674504bc8f80,0.0,1.0,0.0,0.0,2025-05-29
2025-05-29 09:52:20,Dollar turns lower as investors prepare for court battle on tariffs,Finnhub,https://finnhub.io/api/news?id=8ba6c48e8aa45a3eccc3d47761fc259122450fdb4f6eb582309f5640c456483b,0.149,0.758,0.093,-0.3818,2025-05-29
2025-05-29 09:52:00,"Dow up 100 points on gains for NVIDIA Corp., UnitedHealth shares",MarketWatch,https://finnhub.io/api/news?id=7b7925d9bc1578efff6172f1c177d363dd1d21514dec9f4f7d939b8325a438c5,0.0,0.662,0.338,0.802,2025-05-29
2025-05-29 09:45:00,Nvidia: China Is Not The AI Problem,SeekingAlpha,https://finnhub.io/api/news?id=62181619b886f63faab173ce1c97a0ac1f068cfc69054a59b296baffd5013525,0.084,0.759,0.156,0.3732,2025-05-29
2025-05-29 09:44:54,Nvidia: Blackwell stronger than restrictions,Finnhub,https://finnhub.io/api/news?id=e2e8932eb51bc56fbd7f5fa6cebe2f9638a45a998af0a3e17fe29732b75f258b,0.131,0.733,0.136,0.0516,2025-05-29
2025-05-29 09:33:22,Wall St opens higher after court blocks most Trump tariffs,Finnhub,https://finnhub.io/api/news?id=fe2eea336bb666c127f46602ec8489780a33df355bc2030e275bd7a7d5ba9960,0.048,0.952,0.0,-0.2263,2025-05-29
2025-05-29 09:32:04,"Stocks open higher, but enthusiasm over tariff ruling tempered by uncertainty over what comes next",MarketWatch,https://finnhub.io/api/news?id=ac23c1e158c943e2e951a457bb277de88364d6a63d93dfbdddb5598b93b36e40,0.155,0.652,0.193,0.3612,2025-05-29
2025-05-29 09:30:02,The biggest roadblock for Nvidia could be politics,MarketWatch,https://finnhub.io/api/news?id=ceb6df072736c7bbe63ae8a59403075a07feddb1a724d0f029aabbde156975a6,0.0,1.0,0.0,0.0,2025-05-29
2025-05-29 09:30:00,"Nvidia Q1 2026 Earnings: Farewell China, Hello World (Rating Downgrade)",SeekingAlpha,https://finnhub.io/api/news?id=fe1f21587fa07bee9871861b0dbd839814ca2592bdc29440b72b1e029bf4c112,0.04,0.831,0.129,0.5106,2025-05-29
2025-05-29 09:15:10,Super Micro Computer: Elephant(s) In The Server Room,SeekingAlpha,https://finnhub.io/api/news?id=c0edb6264ca00de90da2e8c0a86050f86d4408c85cd61f2abb2cd32b7fac39b0,0.118,0.59,0.292,0.802,2025-05-29
2025-05-29 09:15:00,Nvidia Q1 Results Show The Chinks In Their Armor,SeekingAlpha,https://finnhub.io/api/news?id=145638dc080a0a87d9753f6e5eb58e3b18ec6228b17bedb5f2ade76cfcfbd271,0.041,0.781,0.177,0.6379,2025-05-29
2025-05-29 09:12:35,"Stock Market Today: Nasdaq, S&P Climb After Trump Tariff Ruling, Nvidia Earnings; Dow Edges Higher",DowJones,https://finnhub.io/api/news?id=ce7a3c82569f3f7187f6031cd30fba9439b5d8bdfb162300588ef90839428569,0.0,1.0,0.0,0.0,2025-05-29
2025-05-29 09:10:05,NVIDIA : Company Overview,Finnhub,https://finnhub.io/api/news?id=4ca9825246cbc5f394513dc788d803d11d161247a35da9667ea755c4e9090110,0.0,1.0,0.0,0.0,2025-05-29
2025-05-29 09:07:18,Wall St set for higher open after court blocks most Trump tariffs,Finnhub,https://finnhub.io/api/news?id=de6258d01c7454ab130b8d4c6d98d7afaf94961ef1f8d223c6d2bb44910bd5ec,0.043,0.957,0.0,-0.2263,2025-05-29
2025-05-29 09:06:06,Nvidia To Rally Around 48%? Here Are 10 Top Analyst Forecasts For Thursday,Benzinga,https://finnhub.io/api/news?id=fc678cb57781d9d97fe4a86d313a6095a20feaf18c400deec5a24faab9fd22ff,0.0,0.87,0.13,0.2023,2025-05-29
2025-05-29 09:00:00,"Broadcom: Market Going All-In Again, Be Really Wary (Downgrade)",SeekingAlpha,https://finnhub.io/api/news?id=22b4d9917bdfd56a0be5e02cd609455405cd2798195d0489cd82862b604f9089,0.0,0.821,0.179,0.6956,2025-05-29
2025-05-29 09:00:00,Nvidia Q1: Perhaps Your Last Chance To Buy Before The Stock Surges Higher,SeekingAlpha,https://finnhub.io/api/news?id=d5a19161382972dfa85dba1d8551c00bb50f429e268802046c750301c4f96e4f,0.0,0.849,0.151,0.6597,2025-05-29
2025-05-29 08:57:00,"Nvidia results are proof the tech sector is worth investor loyalty, says strategist who recommended buying at April lows",MarketWatch,https://finnhub.io/api/news?id=0d73ebe4dd496aaf6befd211703b494802df0783e993e66f2a11076807b7490c,0.075,0.625,0.3,0.8689,2025-05-29
2025-05-29 08:55:14,"REX Financial Unveils NVDA-Centric ETF, NVII, Balancing Growth And Income",Benzinga,https://finnhub.io/api/news?id=7fdd298b7c08aa8982816f657e7bd9e4e5669fdf7664ccb180c097e4adf21ce6,0.0,0.737,0.263,0.8658,2025-05-29
2025-05-29 08:48:00,The Mag 7 Aren’t Clones. How to Decide What to Buy Now.,MarketWatch,https://finnhub.io/api/news?id=e5eaed5811b2aca31bbd99cb44d80b4011e47130656b713d7dd9ddc4ce81f07a,0.0,1.0,0.0,0.0,2025-05-29
2025-05-29 08:45:00,"Nvidia Q1: What Everyone Missed, And What They Didn't",SeekingAlpha,https://finnhub.io/api/news?id=eed90337e08cdf4f54f72b1ef081420bdc66f210c8729cee614fcf28e55bbd38,0.216,0.784,0.0,-0.296,2025-05-29
2025-05-29 08:37:17,Here's what an Nvidia bear has to say about the latest results,MarketWatch,https://finnhub.io/api/news?id=b96ca727b9fae66ffe52c57ba39bb92baeb5499bb3e44166c45a7e3e081e6f7f,0.0,1.0,0.0,0.0,2025-05-29
2025-05-29 08:30:00,"Dividend Harvesting Portfolio Week 221: $22,100 Allocated, $2,225.40 In Projected Dividends",SeekingAlpha,https://finnhub.io/api/news?id=1a98d45318fb5bd66bf98c939f20d05b2f1be8e09dbdc1110910f2f8f050fea1,0.0,0.904,0.096,0.5106,2025-05-29
2025-05-29 08:30:00,"Nvidia Q1 Earnings: Solid Print, Reduced Risk",SeekingAlpha,https://finnhub.io/api/news?id=045eb708ddfdff870fb9bca65701216abb62a294cbd517a590d84e0a6a660cea,0.06,0.8,0.14,0.4215,2025-05-29
2025-05-29 08:15:05,Dow Jones Futures Rise As Court Blocks Trump Tariffs; Nvidia Jumps On Earnings,DowJones,https://finnhub.io/api/news?id=9bd8c3976558d2f5d589ed6a90fa96df9b1fc56765218c9c02c826ec6b24eacb,0.137,0.863,0.0,-0.4215,2025-05-29
2025-05-29 07:45:47,"Nvidia represents ‘the best house on the best block,’ says Oppenheimer analyst",MarketWatch,https://finnhub.io/api/news?id=9430b7191518f0bc0bdd254f8891976618185ff9060d6f621678c5b0e6c6a192,0.0,0.543,0.457,0.9571,2025-05-29
2025-05-29 07:38:36,Wall Street futures climb as federal court rules against Trump's tariffs,Finnhub,https://finnhub.io/api/news?id=244fa10c4c2cfdd29699e49bb70cbdeac0eb1a8d26488c717c92b4ca8ef010d7,0.058,0.942,0.0,-0.2732,2025-05-29
2025-05-29 07:16:52,Market-Moving News for May 29th,Benzinga,https://finnhub.io/api/news?id=ec72d454b5878d86cee0858e06181e8dcdad2dcf5ee16310f24e61a8b686c6be,0.168,0.673,0.158,0.3612,2025-05-29
2025-05-29 07:15:00,"AMD Isn't The Next Nvidia, But It Doesn't Need To Be",SeekingAlpha,https://finnhub.io/api/news?id=c2834e0e760baa5bba3b25cff3e491538d0636aae1bf5322525662ecdd5fada1,0.0,1.0,0.0,0.0,2025-05-29
2025-05-29 07:06:12,Nvidia Is Facing Fresh Accusations From U.S. Lawmakers That The Company Is Too Close To China - WSJ,Finnhub,https://finnhub.io/api/news?id=b4b42f51da4c52c01628932ce614c2787e733fe23f431e10e4f698d624291831,0.107,0.785,0.107,0.0,2025-05-29
2025-05-29 07:00:00,Senators Bash Nvidia’s Plans for Facility in China,DowJones,https://finnhub.io/api/news?id=c6331b0ed0f4a306beb08a2d6486e1091ff5b88e4bde55609b091898c3b0c65e,0.0,1.0,0.0,0.0,2025-05-29
2025-05-29 06:57:10,Reuters Econ World: Now what?,Finnhub,https://finnhub.io/api/news?id=48777d8237686e67725856baf5f24824cd106e33938a86dcc6944470a0765729,0.0,0.926,0.074,0.4215,2025-05-29
2025-05-29 06:50:00,Markets Love Nvidia Earnings and Tariff Twist. Why Optimism Won’t Last.,MarketWatch,https://finnhub.io/api/news?id=99bd31484d355a8d47aa2d3e40e95e56b15376f18fcb92944ad4446992966ba4,0.0,0.539,0.461,0.9468,2025-05-29
2025-05-29 06:45:15,MORNING BID AMERICAS-Trump tariffs thwarted,Finnhub,https://finnhub.io/api/news?id=161da5d00f4f06d1bb24cf822af222507495989601603aca52ba410db672db1e,0.039,0.922,0.039,0.0,2025-05-29
2025-05-29 06:41:14,Wall Street Breakfast Podcast: Judges Check Trump's Trade Authority,SeekingAlpha,https://finnhub.io/api/news?id=c9a7f95e7356b300b1b43951fea2a37516a21600dfdadb75eb4a25add36f42f0,0.118,0.758,0.123,0.0516,2025-05-29
2025-05-29 06:18:08,North American Morning Briefing : Stock Futures Jump After Court Blocks Trump Tariffs,Finnhub,https://finnhub.io/api/news?id=bc1c4e758bce570cf75757ebac0bbe1359dc406cb5cf213321cf7289f6dc7780,0.143,0.857,0.0,-0.6705,2025-05-29
2025-05-29 06:16:00,TCW Relative Value Large Cap Fund Q1 2025 Commentary,SeekingAlpha,https://finnhub.io/api/news?id=5c468935eeed3302bc71bba57bfa5156ce86a0236039f8631a3606ccf4ffbbaa,0.0,0.769,0.231,0.34,2025-05-29
