publishedDate,title,source,url,neg,neu,pos,compound
2025-04-10 23:48:28,"Exclusive-Facing Trump tariffs, Vietnam eyes crackdown on some China trade",Finnhub,https://finnhub.io/api/news?id=1f059106de8dfa32472cabb3261fb1ec68a942e504b2b8535ca8e4e50c83bb65,0.116,0.736,0.147,0.1531
2025-04-10 17:15:49,Why Boeing Stock Lost Ground Today,Yahoo,https://finnhub.io/api/news?id=b86f3c8366ce0b0d1d834e9bc0a3cd71dac0404438097acf1fe11e83bff59eb0,0.015,0.878,0.107,0.872
2025-04-10 16:37:00,Boeing Co. stock underperforms Thursday when compared to competitors,MarketWatch,https://finnhub.io/api/news?id=b52f7c47e4971ea7de142ab4e44210c19878d30c92b045ce91292d3528b24152,0.0,1.0,0.0,0.0
2025-04-10 14:06:00,"Boeing Q1 Commercial & Defense Deliveries Rise Y/Y, Lag Airbus",Yahoo,https://finnhub.io/api/news?id=e56c98579db4b33151c74e4a446cd2b585897e571c944777f8a3b8525ba203d9,0.066,0.714,0.22,0.5574
2025-04-10 13:42:00,Boeing (BA) Moves 15.4% Higher: Will This Strength Last?,Yahoo,https://finnhub.io/api/news?id=35f0f222585b2dc5bbd545ecd911a0c53bc5afa395989bd6aa82f2a47d6f7588,0.0,0.809,0.191,0.8571
2025-04-10 13:20:00,Strength Seen in Airbus Group (EADSY): Can Its 8.3% Jump Turn into More Strength?,Yahoo,https://finnhub.io/api/news?id=63f02826ec86cb77c832d8661cb71e1ef9ce01b87fc05f0f319ad0cb314c3cb4,0.0,0.804,0.196,0.8805
2025-04-10 13:00:15,Is Most-Watched Stock The Boeing Company (BA) Worth Betting on Now?,Yahoo,https://finnhub.io/api/news?id=4c1f15ab751e02a80d35acebb9a14650b282240301cd3f1efff6c5cf5de0ae75,0.071,0.833,0.096,0.0
2025-04-10 13:00:09,How to Find Strong Aerospace Stocks Slated for Positive Earnings Surprises,Yahoo,https://finnhub.io/api/news?id=fd781dcb12b9152d27feb61f5ad115e9eb73bf11fa14fd350e0677235de3673c,0.0,0.773,0.227,0.8316
2025-04-10 12:22:26,Shares of companies in the broader industrial sector are trading lower as stocks pull back after surging Wednesday following President Trump's tariff pause announcement.,Benzinga,https://finnhub.io/api/news?id=edfcee52882b0d4f6ee53075bc0955de90a9f9a7f92f2f98b24ce36f8c65f4cb,0.083,0.833,0.083,0.0
2025-04-10 09:13:15,Aerospace Q4 Earnings: Astronics (NASDAQ:ATRO) Simply the Best,Yahoo,https://finnhub.io/api/news?id=deda5df24437c6ce1d912486ce2694002e789a2fc3df51b9be0778c544debb11,0.031,0.822,0.147,0.796
2025-04-10 02:55:34,"Vietjet signs $300 million finance deal, in talks to expand order with Boeing",Yahoo,https://finnhub.io/api/news?id=d50abe7b3e8e7df0cc9ddc227a6157b4dac7df372dfe142d8064162da6439c46,0.0,0.875,0.125,0.9118
2025-04-09 23:14:00,"US, Vietnam agree to start trade deal talks as tariffs paused, Hanoi says",Finnhub,https://finnhub.io/api/news?id=312739f91f08288853fc73497d142f2a06dfc591fc6e260522e18c9ffd3e5fc2,0.0,0.786,0.214,0.8625
2025-04-09 23:04:00,"Voya Infrastructure, Industrials And Materials Fund Q4 2024 Commentary",SeekingAlpha,https://finnhub.io/api/news?id=78d0c3553847231f19d525727c431f60fbf146e9d7433e52591d57848cd27f75,0.0,0.864,0.136,0.5994
2025-04-09 20:35:00,Boeing Stock Takes Off as Trump Mitigates Tariff Risk,Yahoo,https://finnhub.io/api/news?id=d4f6e5e34e10373924cb7817da1b7d8b197dd97f2a42f59dcc5686b3d94c0b6c,0.169,0.789,0.042,-0.6705
2025-04-09 18:12:51,"Airbus Surges, Boeing Fights Back: The Jet War You Can't Ignore",Yahoo,https://finnhub.io/api/news?id=bcc732708b82240e48e4faea0d619f91f5684bae6c01dafc806c692cfbc0f18a,0.237,0.702,0.062,-0.7176
2025-04-09 16:40:31,Industrial Shares Rise Amid Tariff Relief -- Industrials Roundup,Finnhub,https://finnhub.io/api/news?id=1d91f778b287503ef01de48e5a0ffe6200f865cd99091ec1c0af438323b74d2f,0.0,0.819,0.181,0.7579
2025-04-09 16:01:39,"Delta Won’t Swallow Tariff-Related Costs on Planes, CEO Says",Yahoo,https://finnhub.io/api/news?id=485b638e151d9a5a77601e1470f2e8e26d5ce1f124a74387a46e9097fecbffcd,0.065,0.916,0.019,-0.4774
2025-04-09 15:00:00,"Dow's 2125-point surge highlighted by gains for NVIDIA Corp., Boeing shares",MarketWatch,https://finnhub.io/api/news?id=172fe8639d681474d9bd919466e4a4b63700536fdd811a7ffffb3668b87b9395,0.0,0.662,0.338,0.802
2025-04-09 14:56:00,Here's Why Investors Should Retain Copa Holdings Stock Now,Yahoo,https://finnhub.io/api/news?id=f7af8c430ef7ab935e9ec0a59fa311edcf8b499d12b2b1cef438b4462da2dc6f,0.124,0.678,0.198,0.3818
2025-04-09 14:50:15,Shares of travel and tourism-related companies are trading higher following President Trump's decision to implement a 90-day pause on reciprocal tariffs for all countries except China.,Benzinga,https://finnhub.io/api/news?id=da76995d9db4eeb825460b1f112bbb8d15b1b783efe58679dfd8d6d1b5cc5b8e,0.0,0.919,0.081,0.296
2025-04-09 14:40:19,Nvidia: Tariffs Have Strengthened My Conviction (Rating Upgrade To Strong Buy),SeekingAlpha,https://finnhub.io/api/news?id=9db7ce7cfe2567e6192bb0a020716013dd5bd8e45beb6008ded52159168b04bc,0.0,0.84,0.16,0.7269
2025-04-09 14:01:07,Shares of companies in the industrial sector are trading higher following President Trump's decision to implement a 90-day pause on reciprocal tariffs.,Benzinga,https://finnhub.io/api/news?id=802aeca462d9fe20cf85fd6a497a24e0a4eb75181729f12eb195de4645c37aca,0.0,0.905,0.095,0.296
2025-04-09 13:59:00,"NVIDIA Corp., Boeing share gains lead Dow's nearly 2450-point surge",MarketWatch,https://finnhub.io/api/news?id=e58b84b1aa7d6aa73706ec4ef3469b56d3a8a2ca08ebb2c939e31e238bf45545,0.0,0.635,0.365,0.802
2025-04-09 13:55:00,Lockheed Martin Secures Contract Involving F-35 Fighter Jet Program,Yahoo,https://finnhub.io/api/news?id=97578c34b51d04d5b2b5c91ceb8db235441e4278c1083c8f1b90c86a73dfaf8b,0.0,0.759,0.241,0.7845
2025-04-09 12:57:17,Boeing Q1 Earnings Preview: What Analysts Expect from Upcoming Report,Yahoo,https://finnhub.io/api/news?id=1b396683b75d58cabd2f018c11a6586bd7ef2034df6b0504619cccabca5f9a03,0.2,0.708,0.092,-0.3818
2025-04-09 11:12:00,Boeing Is a Bargaining Chip in the Trade War. But There’s Also a Big Tariffs Risk.,MarketWatch,https://finnhub.io/api/news?id=fa5867fd206fc76a38e5c0d182d06bcdffc12b3971d90869f5bc5dd084c5888b,0.319,0.681,0.0,-0.9201
2025-04-09 02:41:13,"Vietnam's deputy PM to meet US's Bessent, Boeing on Wednesday, schedule shows",Yahoo,https://finnhub.io/api/news?id=aa1b8849fc687a6b5c85b1db376454d644bcb96ed78f358ca089f0a560a9f870,0.04,0.932,0.028,-0.4019
2025-04-08 21:45:14,Boeing (BA) Gains As Market Dips: What You Should Know,Yahoo,https://finnhub.io/api/news?id=f7ad37e7e07ed1e0c1c632a364aa70229b63a96e33bf8fd1ed98eca5ae7f6683,0.0,0.928,0.072,0.34
2025-04-08 21:32:00,"Cellphones, clothes, TVs, toys: This is all the stuff the U.S. buys from China",MarketWatch,https://finnhub.io/api/news?id=186b64aa9ba25a52cfca60dd0c16ca8776c01763facfdf9b255f9b64ab96e87c,0.0,1.0,0.0,0.0
2025-04-08 20:50:38,"CVS, Boeing, Wayfair: Trending Tickers",Yahoo,https://finnhub.io/api/news?id=a0790ec51adb011c917528dab288e7010dfb2f37a5bec25927f2bb519a67ffcf,0.037,0.916,0.047,0.2315
2025-04-08 19:20:37,"Boeing First-Quarter Deliveries, Orders Increase Annually; Shares Rise",Yahoo,https://finnhub.io/api/news?id=fd17755a64376c503a24339bc18fc2bcc3cccc8a22085ecc4cb066ac97d818b2,0.0,0.836,0.164,0.5423
2025-04-08 18:52:04,Boeing Tops Q1 Deliveries Estimates as Production Rises,Yahoo,https://finnhub.io/api/news?id=aeddcae943e70664b72c8b4fa182131237956c06f522f74533964c044f146d89,0.047,0.759,0.193,0.6808
2025-04-08 18:35:00,"If Tariff Deals Happen, These Stocks Could Pop",Yahoo,https://finnhub.io/api/news?id=61086d8ce7f07dc896294fb6643b8749501b86787e8a9532c4e3c7a19c57c92a,0.026,0.918,0.056,0.3182
2025-04-08 18:21:15,"Wells Fargo, Charles Schwab, Boeing: Market Minute",Yahoo,https://finnhub.io/api/news?id=25bfc7aef52d16359b26c48f25809f1eb2dec7448670a11a2b66ccb75ffb1bbe,0.054,0.795,0.15,0.9001
2025-04-08 17:48:31,Boeing's Big Comeback? Record Orders Signal a Massive Turnaround,Yahoo,https://finnhub.io/api/news?id=a0dc12f3698e737dc5ffee1cea19bcfa3def89b6529f8d0f88cc755240b75f47,0.0,0.889,0.111,0.504
2025-04-08 15:44:49,Top Midday Stories: Markets Rally on Trade Deal Hopes; Boeing Q1 Commercial Deliveries Jump 57% Year Over Year,Yahoo,https://finnhub.io/api/news?id=f726c0c4dcec9dab3ecfead39cfc36f6352339e074294f33a31ab8f838bba81b,0.0,0.817,0.183,0.7506
2025-04-08 15:04:36,Boeing deliveries in March jump by 41% compared to a year earlier,Yahoo,https://finnhub.io/api/news?id=2e86c38ce1c9bcfe8cddf2d0310eecff1e1e8c174fd5efa112e61ff277b0154b,0.038,0.962,0.0,-0.3415
2025-04-08 15:00:00,Boeing Announces First Quarter Deliveries,Yahoo,https://finnhub.io/api/news?id=17fa1d177dd613f43aa4ea48ccdc8274285522da46f9c6db376592b451cb7335,0.0,0.945,0.055,0.128
2025-04-08 14:09:00,"Dow's 125-point rally led by gains for shares of UnitedHealth, Boeing",MarketWatch,https://finnhub.io/api/news?id=f1a9c1feb84e86c10e70245473041274a0e6fd5be8e6894bb84402274c7ed51b,0.0,0.662,0.338,0.802
2025-04-08 13:12:00,Leidos Reveals Its Latest Sea Dart Unmanned Undersea Vessel,Yahoo,https://finnhub.io/api/news?id=370abcf9ac2b9fcbe90a27946751e14dcfcfc6934d8588187141725d3a600301,0.0,0.917,0.083,0.4019
2025-04-08 13:08:00,"UnitedHealth, JPMorgan Chase share gains contribute to Dow's nearly 250-point climb",MarketWatch,https://finnhub.io/api/news?id=a228e4d5fa0648d86dd7fb217188ed92fa72700306163a99993b69032e26a66c,0.0,0.662,0.338,0.802
2025-04-08 12:07:00,"Dow's 900-point surge highlighted by gains in shares of UnitedHealth, Boeing",MarketWatch,https://finnhub.io/api/news?id=572b560cb7487eb18da6d62ba71d9821efe23adcc129a95b706c456d597df415,0.0,0.662,0.338,0.802
2025-04-08 10:57:00,"UnitedHealth, NVIDIA Corp. share gains lead Dow's 1,012-point surge",MarketWatch,https://finnhub.io/api/news?id=b769a40bcfc13f38898cc39eda9251c42cf459d32b1584d4800bed2e40fc5391,0.0,0.603,0.397,0.802
2025-04-08 09:14:13,Aerospace Stocks Q4 Earnings: HEICO (NYSE:HEI) Best of the Bunch,Yahoo,https://finnhub.io/api/news?id=b13209a1d75c2847b4cf4d2622c9a7e3feb91cced8e586613ae5914792a85208,0.092,0.719,0.189,0.6486
2025-04-08 07:15:00,Recession-Proofing Your Portfolio,SeekingAlpha,https://finnhub.io/api/news?id=2ab752356c3f58c4231fd378b6a8bad0c06f7634cd29b3b9df9021a06d80764f,0.0,1.0,0.0,0.0
2025-04-07 16:35:59,Boeing: Trade War Hurts 737 MAX In China,SeekingAlpha,https://finnhub.io/api/news?id=49cd969afe39c55df1d3b07910432cc95181fb6695cd1ea9af761252209c2511,0.186,0.756,0.057,-0.6059
2025-04-07 16:08:00,Northrop's Arm Wins Contract to Support E-2C & D Hawkeye Jets,Yahoo,https://finnhub.io/api/news?id=63e164bb8189c39a587055cdbae5342c74202bc16b4b3effddee4e4d7aa5200e,0.0,0.71,0.29,0.91
2025-04-07 14:22:30,Boeing settles lawsuits with two 737 MAX crash victims' families,Yahoo,https://finnhub.io/api/news?id=4b038c17cfdd27bdc25e4257e2818b27db1f6b2fcc8f63fb9440120164281d84,0.252,0.733,0.015,-0.9828
2025-04-07 14:06:00,Defense Stocks Can’t Escape the Trade War. Expect to Hear This Term.,MarketWatch,https://finnhub.io/api/news?id=7e989eacd0e473ac4040ca211057e18a8d0bc4f4f476c79540df853ad907e683,0.242,0.559,0.199,-0.6597
2025-04-07 13:00:00,Millennium Space Systems Completes FOO Fighter Critical Design Review in Just 10 Months,Yahoo,https://finnhub.io/api/news?id=76f9e8d1edc88100e700192ae05bd49acb17a1f6f4388fe1b66356e8b394cf73,0.101,0.793,0.106,-0.2023
2025-04-07 11:44:00,RTX Wins $117M Contract to Support Standard Missile-6 Program,Yahoo,https://finnhub.io/api/news?id=29fb5b1f1c3f96efa1e600ef822bdc0e3b1fdc782754f855dd292fe019c52558,0.0,0.741,0.259,0.8442
2025-04-07 10:32:22,High-Flying Defense Stocks Sink as Tariffs Upend Supply Chains,Yahoo,https://finnhub.io/api/news?id=1e88c17c3e4511d14675286d80f085df245e05f5ed600b8f2bbe55332901acea,0.07,0.843,0.086,0.128
2025-04-07 09:11:20,Spotting Winners: Curtiss-Wright (NYSE:CW) And Aerospace Stocks In Q4,Yahoo,https://finnhub.io/api/news?id=d31ff14b96e7e31b545a0e6832f0adc756f7b60a5a69409acc815a492384428d,0.085,0.764,0.151,0.4939
2025-04-07 09:01:43,Reflecting On Aerospace Stocks’ Q4 Earnings: Redwire (NYSE:RDW),Yahoo,https://finnhub.io/api/news?id=36056a5ac2dc257839079e03a148ecdf2bae6d5f9a07ed9165030f2734c81646,0.0,1.0,0.0,0.0
2025-04-07 06:05:18,Factbox-US companies most vulnerable to China's retaliatory import tariffs,Yahoo,https://finnhub.io/api/news?id=b32e5f8b07d52b53bfe82c14d50e4932c1399ae9d6530151c2c9c55e21bfe2ab,0.128,0.837,0.035,-0.8911
2025-04-05 19:00:00,Tariffs Stoke Fears That Hung Debt Will Return,Yahoo,https://finnhub.io/api/news?id=dcdf8afa08c74dfb7bc324925a7e4269a01e0ba35515a963fc3095e192cb5781,0.199,0.778,0.023,-0.93
2025-04-05 11:07:00,"Boeing Space Joint Venture to Launch 12 Times in 2025, and Double That in 2026",Yahoo,https://finnhub.io/api/news?id=0dfe1fd359c4aff048d3d7b075032666dfe91d0b43c787da7177960125b015ca,0.0,0.904,0.096,0.4728
2025-04-18 19:05:32,Jim Cramer on The Boeing Company (BA): Five Years of Demand Dwarfs China Concerns,Yahoo,https://finnhub.io/api/news?id=ec631b93626329f26eb2a8a62aa605cfc253a3c3f142c849dde89446a88fc2f1,0.053,0.91,0.037,-0.0516
2025-04-18 18:44:00,S&P 500 Stocks Just Signaled a Death Cross. Don’t Panic.,MarketWatch,https://finnhub.io/api/news?id=8455aa6a89d7f836a8b8658402dd44c636e274c066908d0fecb5bf7b3f7e8ddf,0.474,0.526,0.0,-0.9371
2025-04-18 15:35:00,Boeing Jets Face a 125% Tariff. What It Would Do to Airfares.,Yahoo,https://finnhub.io/api/news?id=9a5e190eb05d09bd4e5fa534067f910a478dee364848cdd2247369f04b4cc3c5,0.032,0.968,0.0,-0.0516
2025-04-18 10:00:32,"Tesla, Alphabet, Boeing earnings: What to Watch",Yahoo,https://finnhub.io/api/news?id=ef17065dfb3141416de9cce621428f0f0b1d21c56972c66aa584567e6177ba86,0.0,1.0,0.0,0.0
2025-04-18 09:06:30,Winners And Losers Of Q4: AerSale (NASDAQ:ASLE) Vs The Rest Of The Aerospace Stocks,Yahoo,https://finnhub.io/api/news?id=3fd12c02a5f67997f5d97e8a01909961bf002713fb0b88d8dda269cc6e2da65f,0.086,0.835,0.078,-0.0772
2025-04-18 05:00:26,"Stocks to watch next week: Tesla, Alphabet, Intel, Boeing and Unilever",Yahoo,https://finnhub.io/api/news?id=3039a1842eb6548e07cbf17e84924fafc3723d7766ae0016eb4c40fe6b97a742,0.0,1.0,0.0,0.0
2025-04-18 03:00:00,How China’s Boeing Ban Threatens to Backfire on Its Own Plane Maker,Yahoo,https://finnhub.io/api/news?id=e6e2eb638c86c3726cb71593435f9c3e11dd7fa98f6365482c9358b56a7f0f43,0.193,0.807,0.0,-0.7351
2025-04-17 23:31:44,Boeing jet returns to US from China amid tariff war,Finnhub,https://finnhub.io/api/news?id=132086d8e5f08ed5f3c310f22f22ac39b60fd3ee0b1cd1d81ac5da208287d824,0.08,0.92,0.0,-0.5994
2025-04-17 20:25:00,"China Returns Boeing Jets, Report Says. It’s a Headwind for the Stock.",Yahoo,https://finnhub.io/api/news?id=29fd0abe2b04d9aec045a6a01c60eb515f441877c411211cc2bf67d4ec7e6b37,0.0,1.0,0.0,0.0
2025-04-17 17:07:44,Jim Cramer Calls Boeing (BA) ‘Snake Bit’: “I’m Picking Other Ways to Play Aerospace”,Yahoo,https://finnhub.io/api/news?id=ebd2c4c416c798ded83d24a342c7687c9d0e45c4840ff271214937110899274e,0.105,0.864,0.031,-0.6808
2025-04-17 16:05:43,"Nvidia, AMD see charges due to new China export rules: Morning Buzz",Yahoo,https://finnhub.io/api/news?id=da11f04c8fa8eaca81b7dd10a88026ed187eac0b7141285e5a503b22b9dca27a,0.152,0.827,0.021,-0.8885
2025-04-17 15:46:48,Boeing delivery plant in China latest hot spot in tariff war,Yahoo,https://finnhub.io/api/news?id=d498c618300fb6542bfd589f5c2054e6f07160906847644e78d6280a1126ba59,0.085,0.915,0.0,-0.8957
2025-04-17 15:18:00,China Returns Boeing Jets. It’s a Headwind for the Stock.,Yahoo,https://finnhub.io/api/news?id=d10d2b855001ad10399fe0fae381a28c7c5f513d3efe57a3c149a177d4f6c43b,0.0,1.0,0.0,0.0
2025-04-17 13:37:00,Should You Add RTX Stock to Your Portfolio Pre-Q1 Earnings Release?,Yahoo,https://finnhub.io/api/news?id=5912d77562155b7d741e7e54c743a6cbd7823f4a38a1ff9aef69c82a189b32d5,0.066,0.849,0.085,0.1531
2025-04-17 13:15:21,What Analyst Projections for Key Metrics Reveal About Boeing (BA) Q1 Earnings,Yahoo,https://finnhub.io/api/news?id=428b2f2e3620cbe60752c85c8cd31521ec1ebda3d2d2b15791c9c9b08fea45f1,0.0,0.935,0.065,0.4404
2025-04-17 12:00:00,China-U.S. Trade War Heats Up: Nvidia A New Bargaining Chip?,SeekingAlpha,https://finnhub.io/api/news?id=ae8505bfa3877f94f7b5ad2b52905669b2580c40a17d8c905ee87c14fc253ee3,0.151,0.849,0.0,-0.765
2025-04-17 10:00:16,Hiltzik: Trump fired a tariff torpedo at China — and hit Boeing right between the eyes,Yahoo,https://finnhub.io/api/news?id=5eb778d5b5f467c14d32330570b1914386979e400e90275b7615b43e304591e4,0.203,0.709,0.088,-0.7906
2025-04-17 09:07:08,Aerospace Stocks Q4 Highlights: Rocket Lab (NASDAQ:RKLB),Yahoo,https://finnhub.io/api/news?id=9d2df1aecc28f98a66164b287e27d10504ba93671a5004b5070540b41a9ccb5d,0.0,0.942,0.058,0.4404
2025-04-17 08:35:00,FIDU: Industrials Dashboard For April,SeekingAlpha,https://finnhub.io/api/news?id=f96f5bfaee030578e3c4d7ba1043701a890deadbcadcc27b06348b622d87d47d,0.0,1.0,0.0,0.0
2025-04-17 08:10:00,My Dividend Stock Portfolio: New All-Time Dividend Record In March - 100 Holdings With 15 Buys,SeekingAlpha,https://finnhub.io/api/news?id=3583de69a5b9294d49cfc850c02d9e183a0af145eb6a1cde6d77ee1e1a833ab0,0.0,1.0,0.0,0.0
2025-04-17 06:04:40,Exclusive-Musk's SpaceX is frontrunner to build Trump's Golden Dome missile shield,Finnhub,https://finnhub.io/api/news?id=b15af49980c9046de4f59770d9d014979235ac03c3230ffdbd70b47bb41d1dcd,0.0,0.862,0.138,0.6597
2025-04-16 22:06:00,Corrections & Amplifications,Yahoo,https://finnhub.io/api/news?id=ec87f68d71ff2d23163c2e6f84b3ac1cf23fe8a75b6da817cca5d760a7bc9656,0.063,0.937,0.0,-0.4019
2025-04-16 21:45:16,Boeing (BA) Increases Despite Market Slip: Here's What You Need to Know,Yahoo,https://finnhub.io/api/news?id=5a08d7c3a14f5954fe9273aedbe057724ade9259b69bfd45952aacec60261658,0.0,1.0,0.0,0.0
2025-04-16 18:20:28,United Airlines Says It's Unfazed by Tariffs’ Potential Impact,Yahoo,https://finnhub.io/api/news?id=1a7b4a15edae326657783d9864eb3ea9609f46928dcd47ecd449a7f908fdb7f0,0.048,0.857,0.095,0.7184
2025-04-16 17:32:24,Watch These Boeing Price Levels as Stock Faces US-China Trade War Turbulence,Yahoo,https://finnhub.io/api/news?id=566f075660ae1684f006b9ac3295beff396ec2c32f47482d11bfbed37ef7f111,0.133,0.799,0.068,-0.7003
2025-04-16 17:26:47,Well-Known Investor Says China News “Not Material” for Boeing (BA),Yahoo,https://finnhub.io/api/news?id=58c08a254adb1108b660c1a971d3da1e880f3a46189130fa3ef73e23c3219d63,0.062,0.88,0.058,-0.0731
2025-04-16 16:56:21,"Analyst calls Trump's 245% tariff 'extreme' as Nvidia, Boeing take major hits",Yahoo,https://finnhub.io/api/news?id=36e36b98f7828ef2ce19f31d0bb7a028f7615023de81114c3859bb2943c48160,0.0,0.793,0.207,0.7453
2025-04-16 15:59:36,"Big banks report Q1 beats, China stops taking Boeing deliveries: Morning Buzz",Yahoo,https://finnhub.io/api/news?id=7bb7c49fe10931cfb1daba12fcbafbacfdb97dc9401770b00dfc0a0d76a8bd05,0.034,0.878,0.088,0.6089
2025-04-16 14:58:34,Trump says will ‘protect our farmers’ amid tariff negotiation with China,Yahoo,https://finnhub.io/api/news?id=3cb793f0e757fd2e2d6217b6359bb7ec08d0923360e1ab17348bfffac3f5eecf,0.107,0.778,0.115,0.0043
2025-04-16 14:50:13,"Boeing: Goldman Sees Minimal Impact From China Delivery Freeze, Points To Strong Asia Demand",Benzinga,https://finnhub.io/api/news?id=f88515845693a1fecf86760940fc87890541a57571e30c3fdb5406311bd0fbc1,0.036,0.857,0.107,0.4588
2025-04-16 14:40:35,"Boeing should be able to reallocate aircraft meant for China, says BofA",Yahoo,https://finnhub.io/api/news?id=c787f299d3503c04e8dae3e471abcb17c3091d84f71f6aa7319515b4dccd1e90,0.059,0.941,0.0,-0.6774
2025-04-16 14:21:10,"Hexcel: Uncertainty Drives Down Stock Price, But This Is Still A Buy",SeekingAlpha,https://finnhub.io/api/news?id=1a9bc209d19a69d1f053ee2c6b3230b84453c8f4d13f473b040d3cb5dc8665d1,0.21,0.718,0.072,-0.6315
2025-04-16 14:04:39,"Trump Trade: Carmakers may see tariff relief, China halts Boeing deliveries",Yahoo,https://finnhub.io/api/news?id=065c2684c89908a5df0ad8db3b5843cc9ef4079a5956a4e9fe4f95b9448cf87f,0.03,0.871,0.098,0.6972
2025-04-16 14:00:45,Boeing (BA) Expected to Beat Earnings Estimates: Can the Stock Move Higher?,Yahoo,https://finnhub.io/api/news?id=db6f7a01e6ab3000dec1d16046c4c02847652673db14a9b198a83365eb35459e,0.0,0.951,0.049,0.2263
2025-04-16 12:00:00,Boeing: The Comeback Of The Decade Could Be Underway,SeekingAlpha,https://finnhub.io/api/news?id=9c821909871350fc1502d4ad26ba697459113283099004a8a8c30d3c94caa6ce,0.0,1.0,0.0,0.0
2025-04-16 11:11:00,"Nvidia, Boeing Took a Bullet. Expect More Collateral Damage From U.S.-China Trade War and 5 Other Things to Know Today.",Yahoo,https://finnhub.io/api/news?id=67802c6ec73959fa9895eeee8394cb276aa134a9127ad59733ef2eee5f4b9941,0.186,0.761,0.053,-0.7893
2025-04-16 11:00:00,China pounces as Trump turns on Europe,Yahoo,https://finnhub.io/api/news?id=0c1013479f64c38c4a5a6f6380501c4afe7227ef315831b5ae9002a143b30772,0.0,1.0,0.0,0.0
2025-04-16 10:50:37,"Trending tickers: Nvidia, ASML, Netflix, Boeing and Bunzl",Yahoo,https://finnhub.io/api/news?id=af7c8b5203ca3c17fc53367b8a16e641732a0ae25ebd03763d676d7e089762c9,0.0,1.0,0.0,0.0
2025-04-16 09:17:11,"Top 10 Trending Stocks On WallStreetBets As Of April 16, 2025 (Via Swaggy Stocks)",Benzinga,https://finnhub.io/api/news?id=c013b1222cc44d22a034b94947955c4332dea00f9dc004b47e7fedf3f0231775,0.0,0.899,0.101,0.2023
2025-04-16 07:36:08,Trump Presses China to Make Tariff Offer to Calm Trade War,Yahoo,https://finnhub.io/api/news?id=2614fcbf565090c6323ea1ceb617ab12fd4b1ae1aac5399f0861279bd0d746a4,0.116,0.78,0.104,-0.4939
2025-04-16 06:28:00,3 reasons why Boeing’s stock will be fine even with China halting airplane orders,MarketWatch,https://finnhub.io/api/news?id=0cf8ead046eff403f8745ed9a978b7a8554924d5283f5770e5ae68de0e51e626,0.0,0.878,0.122,0.3818
2025-04-16 05:31:09,Boeing Gets Gut-Punched With Latest Move From China,SeekingAlpha,https://finnhub.io/api/news?id=4ea4d33f8d383282587619a52d3b28ad4733019b547c9fc10cc832622d014e72,0.175,0.787,0.038,-0.6908
2025-04-16 01:20:00,"If Boeing Drops the Ball on the F-47, This Giant Defense Stock Should Take the Contract",Yahoo,https://finnhub.io/api/news?id=9227c4faf3987839e5952d4e207d94333534b8a17226540973304b705a346a99,0.033,0.783,0.184,0.7184
2025-04-16 01:01:18,"Kimbal Musk Warns Of Boeing's Decline Amid US-China Decoupling: Fewer Planes, Pricier Parts, And Lost Jobs As Airbus Gains Ground",Benzinga,https://finnhub.io/api/news?id=ac6bc4b57c67dfe2a617b78c4d10bc7196d4cac0eb7f6dd2a539051fdbbf4e1a,0.163,0.731,0.106,-0.4588
2025-04-15 22:15:00,Zeroes Across The Board,SeekingAlpha,https://finnhub.io/api/news?id=30e59d241d487380724fc79a556df8a92f3872182493ef08f8e1fd068e162130,0.0,0.751,0.249,0.743
2025-04-15 21:12:00,Boeing Hit From All Sides in Trump’s Trade War,Yahoo,https://finnhub.io/api/news?id=25441aca9ae87ce58347fa4155730e11d924b963e7de1d347228ebcd4355ad0d,0.248,0.752,0.0,-0.836
2025-04-15 20:42:00,"These Stocks Moved the Most Today: Bank of America, Citigroup, Netflix, Boeing, Tesla, HPE, Applied Digital, and More",Yahoo,https://finnhub.io/api/news?id=09fb0b39774eddc3da3e544d02d937f4809649943cab8a0fd3ff480122c92535,0.063,0.937,0.0,-0.5994
2025-04-15 20:38:17,Donald Trump says ball in China's court on tariffs,Fintel,https://finnhub.io/api/news?id=435a3f29aeb203890b1f9d0e1afe161b1c026c63f98c0f7de583a90d0d88b5a2,0.0,1.0,0.0,0.0
2025-04-15 20:31:05,NEW YORK MARKET CLOSE: Shares red despite US trade deal progress,Fintel,https://finnhub.io/api/news?id=643bffb0af4a8ad5ef1b90e2eb1fce7b6965a80a17f439c0bbc45cdb8950a7b6,0.0,0.643,0.357,0.6124
2025-04-15 20:22:50,Why China's reported delivery halt won't derail Boeing's recovery,Yahoo,https://finnhub.io/api/news?id=5e6855163bfe1c5141e800c4e6ab9f00562985e4532c2ff389fd8bc918f4dcd6,0.089,0.835,0.076,-0.0233
2025-04-15 20:07:16,US Equities Markets End Mixed Tuesday as Earnings Season Kicks In,Yahoo,https://finnhub.io/api/news?id=f6852a1a3ef8bf0d31b1341a902f33e6412f9b25860334906b2c3f5c086f8981,0.0,1.0,0.0,0.0
2025-04-15 20:00:36,Choppy markets show investors gulping down developments on tariffs and the sluggish U.S. dollar,Yahoo,https://finnhub.io/api/news?id=8a5631bb92937e31a68204e891083eb7643d853400819dbc7540e404a77c1b51,0.07,0.93,0.0,-0.4019
2025-04-15 18:57:47,EU faces higher tariffs as US talks break down,Yahoo,https://finnhub.io/api/news?id=be70443d1edf59111f85913c76fcca271a327f993bcbbd99ed8dd10da18bc49e,0.103,0.81,0.087,-0.128
2025-04-15 18:20:53,Wall St ends lower as tariff uncertainty keeps investors on edge,Finnhub,https://finnhub.io/api/news?id=5ff02502d116f72557f3bc2f4070ba736be4d983c9c2bdcf9ad7756b053a8ab9,0.137,0.863,0.0,-0.6712
2025-04-15 17:39:19,EU Expects US Tariffs to Stay as Talks Make Little Progress,Yahoo,https://finnhub.io/api/news?id=246ac029022abfee6a2f6509828779ac8d48adbf2a2092cadd603aef1e1dc134,0.097,0.804,0.099,-0.2006
2025-04-15 17:18:00,Boeing Shares Rebound From Loss After China Cuts Off New Orders,Yahoo,https://finnhub.io/api/news?id=2e5b333df84e3fc7e4e6c01acba2617de94d2a10a4dde238528bb875ea36d069,0.19,0.747,0.063,-0.5267
2025-04-15 17:16:28,Industrial Shares Fall Amid Lower Volatility -- Industrials Roundup,Finnhub,https://finnhub.io/api/news?id=59d3c8ba7b9c38ffd553bd85a03b87d349268d73be79d7739268970239b810d5,0.05,0.799,0.151,0.5267
2025-04-15 17:15:59,"‘The Trump administration can’t ignore Boeing,’ BofA says after China reportedly halts imports from the U.S. aircraft manufacturer",Yahoo,https://finnhub.io/api/news?id=180adf4d872d24272790e197edd9d3df75e52f4c1fcfd331b8f5fc6ed6a4274e,0.075,0.871,0.054,-0.1779
2025-04-15 15:43:06,Boeing shares fall on report that China has halted its deliveries as part of trade war,Yahoo,https://finnhub.io/api/news?id=cf0693482ea8e514306945f2af7818837f83c11342ca344f0c257f705d22b806,0.144,0.775,0.081,-0.6597
2025-04-15 07:21:04,Stocks Get a Boost From Reprieve on Auto Tariffs: Markets Wrap,Yahoo,https://finnhub.io/api/news?id=2de147da14e51c2abb0416f2a1b418f021fa15e08f1b3dd6a06afd7a10c5dcdf,0.077,0.835,0.088,0.0
2025-04-15 15:15:32,"Citi and BofA earnings, Johnson & Johnson, China blocks Boeing",Yahoo,https://finnhub.io/api/news?id=ec524f86ccac85c022a934a0546207de02e4a5f49fbb672f043ca5c5f7db124e,0.071,0.897,0.031,-0.5106
2025-04-15 14:40:30,China Just Pulled the Plug on Boeing -- and It's a Brutal Wake-Up Call,Yahoo,https://finnhub.io/api/news?id=51b28b95521ee0760024697e91b6260ca87ce9a7f474b9180e03601ec8a39268,0.222,0.778,0.0,-0.8402
2025-04-15 14:30:39,"Boeing in China, LVMH, Netflix's climb to $1T: Trending Tickers",Yahoo,https://finnhub.io/api/news?id=c948af8c9855d29a800056dac5f16435f7c6b5de3bb06b788dd60758f1523362,0.087,0.913,0.0,-0.802
2025-04-15 14:21:15,"Boeing: Up, Up & Away!",SeekingAlpha,https://finnhub.io/api/news?id=e9a0ee4c5f6536c234a3dd1030f465ae46e1e128f68f5da9823b779707920046,0.153,0.732,0.114,-0.1759
2025-04-15 14:03:55,UPS hires Delta Air Lines to maintain Boeing 757 engines,Yahoo,https://finnhub.io/api/news?id=1ca6e52ab7dd542cd345980e7c02f38f67a9b57f5a06f6f915d641386c39a9ce,0.0,1.0,0.0,0.0
2025-04-15 13:57:22,Boeing just got hit by the trade war — and the stock slips,Yahoo,https://finnhub.io/api/news?id=06a9cd5ae5a6bbca72b7e53948866abb203f736f18a2e0a8b0adee85fe88ab04,0.223,0.777,0.0,-0.8979
2025-04-15 13:55:00,Boeing Stock Is Falling. China Suspends Jet Deliveries as Trade War Intensifies.,Yahoo,https://finnhub.io/api/news?id=5f59f89e776ea9efb056869a7e12ee40b9984a334aed71128e33ede0cdde031a,0.128,0.86,0.012,-0.8881
2025-04-15 13:50:00,"These Stocks Are Moving the Most Today: Boeing, Tesla, Bank of America, Citigroup, J&J, Netflix, Rocket Lab, and More",Yahoo,https://finnhub.io/api/news?id=fa5bfbff9074da21c0ea9c0142970ff708478c967a62e83a1830338c24a0d442,0.062,0.938,0.0,-0.5994
2025-04-15 13:37:17,"China Can Hurt Boeing, but the U.S. Can Win an Aerospace Trade War—Heard on the Street",Yahoo,https://finnhub.io/api/news?id=705c8f6669a53c9bfcb9f9b37ce8b5f13e66050979d4bc20f17a0b8df59daf69,0.133,0.762,0.104,-0.2617
2025-04-15 13:35:50,Boeing Stock Falls On China Trade-War Retaliation,Yahoo,https://finnhub.io/api/news?id=6cf35373de6f1805b1e4a6f657c229528ef4d0437c90ec1f7efa07cd2d1355b5,0.0,1.0,0.0,0.0
2025-04-15 13:32:30,"China Goes After Boeing, Tells Airlines Not to Order New Aircraft From U.S. Jet Maker",Yahoo,https://finnhub.io/api/news?id=8a359c57f312d1d3228a3b7860f1ab0976973ae35791097aeec88a77bb715c5f,0.046,0.917,0.037,-0.2023
2025-04-15 13:12:20,"Futures waver, China halts Boeing deliveries, bank earnings: 3 Things",Yahoo,https://finnhub.io/api/news?id=bd66727895586d33ecda9476503cf5f54a0fa98ea4d377c5e3e72364c5c5d207,0.041,0.959,0.0,-0.5994
2025-04-15 12:51:00,"These Stocks Are Moving the Most Today: Bank of America, Citigroup, Netflix, Boeing, Tesla, HPE, Applied Digital, and More",MarketWatch,https://finnhub.io/api/news?id=bf019594dd2dd7fd83f7bbf208c0ba87860f8d2eb082eea3b9277c128f9c8b28,0.0,1.0,0.0,0.0
2025-04-15 12:40:11,Boeing (BA) Shares Tumble After China Suspends Aircraft Deliveries,Yahoo,https://finnhub.io/api/news?id=ab782c52002e386470c3f40cc54b9a73a26155d57a2573e57eefc63eba343b1f,0.113,0.773,0.113,0.0
2025-04-15 12:39:39,PRESS: China orders airlines to stop buying Boeing jets - Bloomberg,Fintel,https://finnhub.io/api/news?id=5bf72f956176f62beeb9b0310fc917e550125510cd347ce38195ba817b74cb86,0.18,0.82,0.0,-0.296
2025-04-15 12:00:00,Ground Zero of China Trade Boom Reckons With Decoupling From US,Yahoo,https://finnhub.io/api/news?id=dc027c74d169d8267ce798ae1b205eded8a9c2a97b2e665fda2a867c22984aea,0.045,0.85,0.105,0.5859
2025-04-15 11:54:15,5 Things to Know Before the Stock Market Opens,Yahoo,https://finnhub.io/api/news?id=51adb663477bae1a83576b810edc4f0ab625448260612730e04a12001d0aabaf,0.0,1.0,0.0,0.0
2025-04-15 11:33:34,Stocks Rise Pre-Bell on Potential Auto Tariff Reprieve; Boeing Down as China Reportedly Halts Deliveries,Yahoo,https://finnhub.io/api/news?id=49e23def9836e09aa8b170e5f45cadf21084bf47a096a2f5645986721461f062,0.0,1.0,0.0,0.0
2025-04-15 11:26:37,China halts Boeing jet orders,Yahoo,https://finnhub.io/api/news?id=7b50c809edb453eafd34d06e775fcc8656b5827574fa6e7a0fa8016a44414046,0.068,0.932,0.0,-0.2924
2025-04-15 11:08:05,Former US labor officials urge contractors to stand firm on DEI,Finnhub,https://finnhub.io/api/news?id=1f0567a3576656223ee853fbc5ae8976401a51e90a96418c1433a2a6d637054f,0.063,0.903,0.034,-0.3182
2025-04-15 10:11:09,China blocks Boeing deliveries in retaliation to Trump tariffs,Yahoo,https://finnhub.io/api/news?id=0dfe8a9ba52419edbe22183547136e0645c6af45b4faf39d8751752b390fdaa6,0.067,0.842,0.091,0.1779
2025-04-15 10:10:39,"Boeing Stock Falls as China Tells Carriers to Stop Jet Deliveries, Report Says",Yahoo,https://finnhub.io/api/news?id=b996e59e798e9d90a7b8b846b67f31c4988fc30780448b00c6fb08f121293e22,0.143,0.816,0.041,-0.6705
2025-04-15 10:00:00,Boeing: Huge Month With Big Order Wins,SeekingAlpha,https://finnhub.io/api/news?id=ec9495a58b9cf84d1f0b758dfe173387e6c28b38a9a5e92066432dba8e4a4d18,0.0,0.725,0.275,0.8625
2025-04-15 09:45:00,The latest tariff fallout: China reportedly tells its airlines not to take any more Boeing planes,MarketWatch,https://finnhub.io/api/news?id=5821c7428fe8bb92bf27d76c0c0738f6f7eeec6e85f198723745c5ddc4ed7a1a,0.0,1.0,0.0,0.0
2025-04-15 09:20:45,"Top 10 Trending Stocks On WallStreetBets As Of April 15, 2025 (Via Swaggy Stocks)",Benzinga,https://finnhub.io/api/news?id=5a0cd5dd669486978204928597b9901e136de5dec36601eb19946ff63006a908,0.0,0.899,0.101,0.2023
2025-04-15 09:17:17,"Investors Haven’t Been This Bearish in 30 Years, BofA Poll Shows",Yahoo,https://finnhub.io/api/news?id=f598037ba80c4dfe73b49f075ade74046ec3160ce0a8505039c0a7613f8700e0,0.138,0.788,0.074,-0.8169
2025-04-15 08:05:20,Top Analyst Sees 'Unprecedented Traction' For PLTR Stock After NATO Agreement: 'Another Validation Sign',Benzinga,https://finnhub.io/api/news?id=b4d991eb972209d2682ec2594db5c346aafd06668d4dc12f334ae6340158bb10,0.0,0.771,0.229,0.8074
2025-04-15 07:54:24,"China orders airlines to suspend Boeing jet deliveries amid trade war, Bloomberg News reports",Finnhub,https://finnhub.io/api/news?id=0867b6991992f22d1ea32adf89145e0b1ea155fc9109b75820324d658b2db0fe,0.16,0.84,0.0,-0.8126
2025-04-15 06:50:44,Wall Street Breakfast Podcast: Is Boeing Being Grounded By China?,SeekingAlpha,https://finnhub.io/api/news?id=ab4dd6893e4f7dad611857a3e5ee8c3bb361aec65e8d33c411fefa6255a18672,0.0,1.0,0.0,0.0
2025-04-15 05:53:16,China Orders Halt to Boeing Jet Deliveries,Finnhub,https://finnhub.io/api/news?id=7075d1c27b3beeb1782b618792fffe23157439c9c759ca8ff3b848032423361a,0.0,0.972,0.028,0.0258
2025-04-15 05:41:24,Boeing persona non grata in China?,Finnhub,https://finnhub.io/api/news?id=49519fff5790b416337971e34deede207a5f54654fe6ad15a0e42e533174ba6c,0.0,0.916,0.084,0.34
2025-04-15 05:38:44,"Boeing shares drop on China delivery report, and other movers",MarketWatch,https://finnhub.io/api/news?id=71fe527330873daa775f860011bc3baf8ec56c4af88fddd005f795a4c7a58dab,0.171,0.65,0.179,0.0516
2025-04-15 05:38:31,"China orders carriers to suspend Boeing jet deliveries amid trade war, Bloomberg News reports",Finnhub,https://finnhub.io/api/news?id=d0424aab38895220edcd10bb42b367ee28f45d3b5da8e545e8e29302db9fda56,0.16,0.84,0.0,-0.8126
2025-04-15 04:58:11,"China Pauses Boeing Jet Deliveries as Trade Tensions Escalate, Bloomberg Reports, Citing Sources",Finnhub,https://finnhub.io/api/news?id=a7e4a2a9b29221ab3c8cf2c299eaa8aef378ac568eaaeb51f308e212b6713cab,0.109,0.891,0.0,-0.5994
2025-04-15 04:17:41,"China orders halts to Boeing jet deliveries, Bloomberg News reports",Finnhub,https://finnhub.io/api/news?id=066fca6c783fe95a167e7cb298f575ab4be8ab4e0ae220550031c1ed38a4cd64,0.0,0.97,0.03,0.0258
2025-04-15 03:10:00,Earnings Insight: Oil Refiners See Sharp Declines To Q1 Estimates,SeekingAlpha,https://finnhub.io/api/news?id=04ec529366be56f28ae084477ea825fe1fe96a058af2c5f4b9b0d3c5f6ff2450,0.101,0.79,0.109,0.0772
2025-04-14 16:39:23,RTX Corporation: A Resilient Aerospace Stock To Buy,SeekingAlpha,https://finnhub.io/api/news?id=aa22ee1874adfe014111136438cb316762b95bded20a668a26c286fb5112544a,0.0,1.0,0.0,0.0
2025-04-14 13:04:02,1 of Wall Street’s Favorite Stock with Exciting Potential and 2 to Brush Off,Yahoo,https://finnhub.io/api/news?id=afaa6f4691ffae41967c4a4546b43040a233771be366908e20e2c30a8d781aae,0.0,0.792,0.208,0.9455
2025-04-14 10:50:00,"Nike, Apple share gains lead Dow's 515-point rally",MarketWatch,https://finnhub.io/api/news?id=2c31eb7f586cc851c8986fccbf4c64766bbbe609a4101a94087a0934ade19e52,0.0,0.566,0.434,0.802
2025-04-14 10:40:00,Boeing sees delivery uptick in Q1,Yahoo,https://finnhub.io/api/news?id=21e916dfa5b25678ee2b99f482c65c0ef699ee3a67106099651b88623bea23a6,0.072,0.841,0.087,0.128
2025-04-14 10:00:00,Jet Set Go: Why I'm One Of Boeing's Biggest Bulls,SeekingAlpha,https://finnhub.io/api/news?id=eb85dca271f3e7d92d2597979aee594cb64288b104ad9755ab6970452fb77a72,0.036,0.699,0.265,0.8591
2025-04-14 09:45:00,"Apple, Nike share gains lead Dow's 400-point jump",MarketWatch,https://finnhub.io/api/news?id=bc844f676d73c8af65ba6e64292c6212c2f3efda56f9ad2171bd7299b3144378,0.0,0.566,0.434,0.802
2025-04-14 09:02:09,Q4 Earnings Highlights: Ducommun (NYSE:DCO) Vs The Rest Of The Aerospace Stocks,Yahoo,https://finnhub.io/api/news?id=2bf70f3accb7a52ed879ca3a482a9886f89fc6f0565d4b169fe4283bf8f8f82c,0.0,1.0,0.0,0.0
2025-04-13 21:19:33,"Alphabet May Become The Largest Company In The World, Here's How",SeekingAlpha,https://finnhub.io/api/news?id=b437efb93217ac04155848658e9974d3560f198ebeb0fddd8ceaa26ad44e1648,0.0,0.968,0.032,0.0772
2025-04-13 14:12:47,DJD: Dividend And Value In Mega Caps,SeekingAlpha,https://finnhub.io/api/news?id=3814e8985460c1a7daafd9627c1aa365e76705ede58ad1cd79cffc47239cd0a2,0.0,0.705,0.295,0.872
2025-04-11 17:33:46,Boeing Shares Fall After China's Juneyao Airlines Hits Pause on Jet Order,Yahoo,https://finnhub.io/api/news?id=dd75bbf1d31b33985bfe7acf7c7af89e4ec996521f83f33184434cb48ede9f4b,0.094,0.816,0.09,-0.0258
2025-04-11 17:29:00,Here are this week’s 20 best-performing stocks as the S&P 500 rallied,MarketWatch,https://finnhub.io/api/news?id=92566854acdd93bb0c4c746ac48e2db536407f06e8b6df9003bcef9b66b2900b,0.0,1.0,0.0,0.0
2025-04-11 09:14:35,Winners And Losers Of Q4: Woodward (NASDAQ:WWD) Vs The Rest Of The Aerospace Stocks,Yahoo,https://finnhub.io/api/news?id=f0554ffc3fecaa52ad510b8b7a1d8353bdf0dbeb25d7c674d1b5c87f8c27ed92,0.056,0.844,0.099,0.3818
2025-04-26 19:00:00,Private Credit’s Cracks Widened Before Turmoil,Yahoo,https://finnhub.io/api/news?id=a5948622f316b2086f8ab62246f05cdd3717750f4adb0e00625afef98e266a22,0.057,0.885,0.058,0.0258
2025-04-26 06:45:39,What Moved Markets This Week,SeekingAlpha,https://finnhub.io/api/news?id=9cbd8576e561e89b433c0b95f43fbbd1c93dda3f91d0ece9b74ac2a1e8fbff09,0.0,0.929,0.071,0.296
2025-04-26 00:04:26,"Boeing Faces Key Turnaround Challenges With Tariff Risks, China Orders: Analyst",Yahoo,https://finnhub.io/api/news?id=7c88c60df8e09f43b8dd2aa71ffe917172a46553b45366c8b9888164b8a9e7b2,0.063,0.804,0.133,0.7351
2025-04-25 20:39:00,"The Score: Tesla, Capital One, Boeing and More Stocks That Defined the Week",Yahoo,https://finnhub.io/api/news?id=67e932c1190d048ce27d9f2ddc245e9438fa29b313e9433cfd363a85f041bb38,0.056,0.905,0.039,-0.1531
2025-04-25 15:32:00,"HWM Q1 Earnings Preview: Time to Buy, Sell or Hold the Stock?",Yahoo,https://finnhub.io/api/news?id=f5bb8660f9e850c85de1da8de4af6e5418713183cdb85275f22b008ca16c40da,0.0,1.0,0.0,0.0
2025-04-25 14:55:31,"Boeing ‘should default China’ for not taking committed planes, Trump says",Yahoo,https://finnhub.io/api/news?id=58f83a1b77e1bf3d005ff3b95cb36f4072f95e9fa1692108870e9773051186b7,0.11,0.821,0.069,-0.6602
2025-04-25 12:15:59,Exclusive-US Congress Republicans seek $27 billion for Golden Dome in Trump tax bill,Finnhub,https://finnhub.io/api/news?id=71d98ae262c9f64437f9d8e22537c40d9b11809929c04c43966048e93e46d1c7,0.04,0.867,0.093,0.34
2025-04-25 11:05:35,"From Oil Rigs To Runways: Exxon Mobil, Boeing Get The Leveraged Trading Treatment (CORRECTED)",Benzinga,https://finnhub.io/api/news?id=0b4200cc7b98fc21338da015c5742f6472c7247ea39ed8b91f5f77bc7b5f4ff0,0.0,0.958,0.042,0.128
2025-04-25 11:01:54,"Boeing will find it ‘relatively easy’ to find customers for China’s rejected planes, says jet leasing CEO",Yahoo,https://finnhub.io/api/news?id=a835ce607becfc96aa3923e7c4255e057dd5aa9f6923378c9f5a38633bc6a489,0.152,0.848,0.0,-0.8176
2025-04-25 06:30:00,Airbus Stock Could Gain From Boeing’s Woes. Sizing Up the China Question.,Yahoo,https://finnhub.io/api/news?id=132619ad378608e4d074bbcb0e99194734fc0d56d705effbd987d49df44610dd,0.076,0.781,0.143,0.3818
2025-04-25 03:01:47,Trump Says US Talking With China on Trade After Beijing’s Denial,Yahoo,https://finnhub.io/api/news?id=dfa7b89e2b9223b00d5da6512f22ec4ed98aa6a21ab75c2d371d2a762d3c6ab1,0.027,0.879,0.094,0.7351
2025-04-25 01:09:41,Indonesia wants 'fair and square' trade in US tariff talks,Finnhub,https://finnhub.io/api/news?id=f03518b9e4647263eb99a7b7fd1d02a8202341d420615f5b6bb51c4498927612,0.0,0.815,0.185,0.7506
2025-04-24 13:17:27,"American Airlines, Carriers Pull Outlooks; Boeing Confirms China Boycott",Yahoo,https://finnhub.io/api/news?id=508f8d8777fe47da51b81470eb275aefec73e2af4ec4ac8755a6062fb5d4c4b1,0.076,0.924,0.0,-0.3182
2025-04-24 20:14:00,"Boeing Sees Skies Clear After MAX, Covid, and Quality Woes Took a $240 Billion Toll",Yahoo,https://finnhub.io/api/news?id=cde8a5b4d1890bcd39c665cd2e4d5be0a2aaa1f0d0aa573ee1df2b9cb2420856,0.07,0.672,0.258,0.7056
2025-04-24 19:53:57,March Durable Goods Orders Rise More Than Forecast Amid Commercial Aircraft Boost,Yahoo,https://finnhub.io/api/news?id=da7b28e0c2114312a45d7d1b6d4f3bfb25a8b2b5e44e60b5a30c508724b47ed3,0.045,0.742,0.214,0.6908
2025-04-24 19:36:18,Airbus Executive: Tariffs Could Unravel Aerospace Supply Chain’s Post-Covid Recovery,Yahoo,https://finnhub.io/api/news?id=23969124fd6a2f8ebff8ee43a246b5e614d48201f07d0dcd8d0151bca9b216bd,0.021,0.892,0.087,0.7351
2025-04-24 18:49:59,Trump Blasts China Over Boeing Jet Snub Amid Escalating Trade Feud,Yahoo,https://finnhub.io/api/news?id=d495ec594089a5d231278d33039bf6f6335afc54775535b08f43dd2b1c90e795,0.429,0.571,0.0,-0.93
2025-04-24 17:34:10,"Air India in talks with Boeing to take 10 planes snubbed by Chinese airlines, sources say",Yahoo,https://finnhub.io/api/news?id=73cd7ed4be2f44783349a9aabf272ada9ea4bab76e76401bbee5cd5bf73bbaa2,0.07,0.91,0.02,-0.7964
2025-04-24 17:13:57,Trump Says Boeing Should ‘Default’ China Over Returned Planes,Yahoo,https://finnhub.io/api/news?id=ec41689d745d1013222251ea0f992b2b80e936f1a3c80a19a930c2e2b00992b2,0.044,0.89,0.065,0.1032
2025-04-24 16:20:02,American Airlines Doesn’t Want Tariff-Fueled Prices Increases on Planes,Yahoo,https://finnhub.io/api/news?id=fa3992fffafac31093f866292e021fc1f3e4059276bd44453d6fd45bd1e6997a,0.021,0.934,0.044,0.1226
2025-04-24 14:49:02,Boeing CEO 'won't be shy' about bringing in new execs if needed,Yahoo,https://finnhub.io/api/news?id=9e9dde952be8c9a1520439d6d8ed332924f725849a55f665ca01d3fb2e934b8f,0.045,0.879,0.075,0.396
2025-04-24 14:45:39,Boeing says much of supply chain based in U.S.,Yahoo,https://finnhub.io/api/news?id=4b6600bacb2323f1ce058d3fd98960093d6c889984c89d8d99b5b8e951a59fca,0.0,0.928,0.072,0.5994
2025-04-24 14:42:00,"Boeing's Q1 Earnings Top Estimates, Revenues Increase Y/Y (Revised)",Yahoo,https://finnhub.io/api/news?id=3def9b10064a321da7b1efd7d2ab77e7612e33a58dfd18bf552234f6c2e71452,0.0,0.796,0.204,0.6597
2025-04-24 14:41:23,"Lockheed Martin Delivers Strong Earnings, Upside Remains",SeekingAlpha,https://finnhub.io/api/news?id=4e93780ef4633ab7a48a140de39d09772108f77dd612b1ca60d275b90eff2336,0.0,0.681,0.319,0.8814
2025-04-24 14:37:24,"BA Q1 Earnings Call: Boeing Addresses Tariff Uncertainty and Production Ramp, Sees Progress on Recovery",Yahoo,https://finnhub.io/api/news?id=dc2fa80fb0e9023c825ffe3734e1c4234e6c5bd6b046084ef11acc6da41d9917,0.063,0.856,0.081,0.0772
2025-04-24 13:50:00,"Stock Market News for Apr 24, 2025",Yahoo,https://finnhub.io/api/news?id=9f856330d25b743528b7db6fb8a980dd1aac29703b79e9f947ab6638887f22cd,0.137,0.668,0.195,0.4588
2025-04-24 13:35:22,10 Industrials Stocks Whale Activity In Today's Session,Benzinga,https://finnhub.io/api/news?id=586e78467e82086191e92b890c234bdbfcda6f56b7fec53f1a3c12d0acde836d,0.0,1.0,0.0,0.0
2025-04-24 13:31:40,"Qatar Airways CEO on Fleet, Aircraft Deliveries, Orders",Yahoo,https://finnhub.io/api/news?id=b567de02bc09190bcb92ab926f5befc0450b6ad53ea8ed5dd908636cc3cbb99d,0.0,1.0,0.0,0.0
2025-04-24 13:03:57,US durable goods orders soar on aircraft bookings in March,Yahoo,https://finnhub.io/api/news?id=752a3a5a1b4596c607278861592aea301840bf539e2922bed416f3c0450e8062,0.011,0.888,0.101,0.9022
2025-04-24 12:51:48,Boeing poised to resell jets as tariffs hit China trade,Finnhub,https://finnhub.io/api/news?id=72cd15acfb5a1bdaf3f21a38d71c71263364ec86604f9720c37a6681d100ef1e,0.061,0.839,0.101,0.2263
2025-04-24 11:37:42,Boeing: A Very Bullish Outlook,SeekingAlpha,https://finnhub.io/api/news?id=4e88d211a65cf36ff05ab2fb2ac04d77453e0881521dfe7084306705b22f3b35,0.0,0.921,0.079,0.34
2025-04-24 11:20:00,Boeing Q1 revenue jumps to $19.5B as tariff impacts loom,Yahoo,https://finnhub.io/api/news?id=d080c7a56fd06cbf6b88c1d219d0183181317834676b3769963b815b719ea3f0,0.213,0.665,0.122,-0.6249
2025-04-24 09:32:52,"Trending tickers: Tesla, IBM, Boeing, Unilever and Asos",Yahoo,https://finnhub.io/api/news?id=fa9b6d0f135eb80857b03728b966959abdcd9fb9e12448dd3cb4b5c94f5fcad9,0.0,1.0,0.0,0.0
2025-04-24 09:24:32,India's IndiGo appoints former FAA chief Whitaker as independent director,Yahoo,https://finnhub.io/api/news?id=00f951f2d35e94dc4f6493596a120cbce59a8790696a214af7a8bea7562141cd,0.0,0.83,0.17,0.946
2025-04-24 09:03:00,Boeing contracts and tariff ‘front running’ boost durable-goods orders. It won’t last if trade wars keep raging.,MarketWatch,https://finnhub.io/api/news?id=d42792b06e61929c3e9111db64b66d2a43600edf32b683a4178969b62629f7eb,0.295,0.591,0.114,-0.8625
2025-04-24 07:14:45,Q1 2025 Boeing Co Earnings Call,Yahoo,https://finnhub.io/api/news?id=6778da32a5f292040fc0a052bd72b5d94755db019c1c49c55e753962565be196,0.0,1.0,0.0,0.0
2025-04-24 07:05:45,Boeing Co (BA) Q1 2025 Earnings Call Highlights: Strong Revenue Growth Amid Tariff Challenges,Yahoo,https://finnhub.io/api/news?id=46a571756a4a9028dd8bae97fb8305e4e1795a24840d0d08a8d6220a2f6c7f0f,0.055,0.627,0.318,0.872
2025-04-24 06:07:33,Boeing ready to resell jets as tariffs hit China trade,Finnhub,https://finnhub.io/api/news?id=07516e70c1a24b6bf5e247da62c93cef433ff98f213a314fd40ae5403ace0fac,0.0,0.886,0.114,0.6486
2025-04-24 04:17:49,"Vietnam Airlines to finalise 50 Boeing narrow-body order soon, sources say",Finnhub,https://finnhub.io/api/news?id=32eb706eb3bf622d7141d22aa69b489466abe5ecf6005231e78772304911524d,0.0,1.0,0.0,0.0
2025-04-23 20:51:00,Boeing Stock Surges on Earnings. There Is Still a Lot of Uncertainty Ahead.,Yahoo,https://finnhub.io/api/news?id=a32908516e60135e5c80aae76476fad66f8c6b200e800f6a07a57cad9dc77cea,0.106,0.828,0.067,-0.1779
2025-04-23 20:30:00,The Dow climbs 400 points as Trump backs off Powell and Tesla stock rallies,Yahoo,https://finnhub.io/api/news?id=a9ed2cce14016f0dda47c901f62e78055fc03e0a831a8db25abb5b55aa249d45,0.051,0.894,0.055,0.0516
2025-04-23 20:29:36,"Stocks to Watch Recap: IBM, Shopify, Intuitive Surgical, Boeing",Yahoo,https://finnhub.io/api/news?id=c2c18fbb10c33a9ce11e269a9d2345b905abd312750bc6d03a1ee307088cf689,0.0,0.905,0.095,0.5267
2025-04-23 20:22:38,"Boeing Stock Surges On Q1 Results, Plus $10.6 Billion Deal",Yahoo,https://finnhub.io/api/news?id=63ab78a55911c3956474bd7fe49214d6917ea16e38e4ab54e7bac99d84b3d3d3,0.08,0.831,0.089,0.0772
2025-04-23 20:17:00,"These Stocks Moved the Most Today: Tesla, Intel, Enphase, Bristol Myers, Boeing, AT&T, and More",Yahoo,https://finnhub.io/api/news?id=80cc144952ed318694a8763374e28be392c807d71dd6ece91fdb603c1299945e,0.036,0.905,0.06,0.25
2025-04-23 20:10:30,Traders Fixated on What Companies Spend More Than Earn,Yahoo,https://finnhub.io/api/news?id=37c57dec3b3d1adc70383510d5198d34ff15527a61198021c41778f1a6ec4246,0.027,0.86,0.113,0.7845
2025-04-23 19:42:37,Private Credit Just Crushed Wall Street--$4B Loan Fuels Thoma Bravo's $10.6B Boeing Buyout,Yahoo,https://finnhub.io/api/news?id=47e8a3fe91e51176ca8b50cc5a33c479fe7bca8fd313b3d3ef811924b9846133,0.092,0.822,0.086,-0.0516
2025-04-23 19:05:09,"Boeing CEO says trade uncertainty, China tensions not expected to affect aerospace giant’s rebound",Yahoo,https://finnhub.io/api/news?id=0db3084b508393ca5ae7042fee706ef3b882b179ff643068c6dfeec741dda37e,0.156,0.741,0.102,-0.4019
2025-04-23 18:40:00,"These Stocks Are Moving the Most Today: Tesla, Intel, Enphase, Bristol Myers, Boeing, AT&T, and More",Yahoo,https://finnhub.io/api/news?id=65f0d46e40689744cf36274fabe79ee925113c8103779627990ec5ebe2fe208e,0.035,0.907,0.058,0.25
2025-04-23 17:44:02,Why Is Boeing (BA) Stock Soaring Today,Yahoo,https://finnhub.io/api/news?id=90d021e1f0626f91490b06d839c97a83bc4f196a22f26a356549ce1120708032,0.0,0.747,0.253,0.8807
2025-04-23 17:39:52,America’s biggest exporter was already on the ropes. Then came tariffs,Yahoo,https://finnhub.io/api/news?id=da4ce62ef316448bafa9c646f5c04ec5b25b3df4d08764c7bb2b4b7b9aac6e2c,0.053,0.863,0.084,0.1531
2025-04-23 17:38:00,"Boeing Leans on Backlog, Looks for Alternatives to China Trade",Yahoo,https://finnhub.io/api/news?id=196585f21017388157b37465614c39007447794aee4994cfb8250ca3d6711713,0.153,0.788,0.059,-0.5859
2025-04-23 16:52:00,"Boeing Will Stop Making Jets for China if Airlines Won’t Accept Planes, CEO Says",Yahoo,https://finnhub.io/api/news?id=d333dc51f47c6a6863ad2eee53dc4f07ee11f64097c42c764b54d42fa77e700a,0.168,0.762,0.071,-0.7845
2025-04-23 16:45:02,Boeing Can Ride the Tariff De-Escalation Tailwind: Heard on the Street,Yahoo,https://finnhub.io/api/news?id=ea0c6b37a5d65d6c9d9a53b69d5a94acfff57f9afa601b70cf8a16431f2fd20a,0.124,0.776,0.1,-0.4588
2025-04-23 16:40:41,"Uncertain Outlook Likely to Keep Weighing on Boeing (BA), Investor Says",Yahoo,https://finnhub.io/api/news?id=f89ad499aa5ff40864cf6f35c38ad708be4c4d0fa9e6a3d4668741743f27325a,0.164,0.836,0.0,-0.8807
2025-04-23 16:29:29,"Stock Market Today: Dow Jones Fades As Trump Backs Down On China, Fed Powell; Cathie Wood Scoops Up Nvidia Stock (Live Coverage)",DowJones,https://finnhub.io/api/news?id=7fa97348d78205ae3e53dc56d04f7031e46144e003986c36b4a3fc37cec14bfd,0.054,0.946,0.0,-0.1027
2025-04-23 16:15:00,Here's Why Boeing Stock Rocketed Higher Today,Yahoo,https://finnhub.io/api/news?id=54b1d07f1de0f6ebc1502eb1190ee9a2e53a8f8a8ee5b6e98ab3db895c6056ea,0.0,0.81,0.19,0.9325
2025-04-23 16:13:08,"Top Stock Movers Now: Tesla, Boeing, Enphase, and More",Yahoo,https://finnhub.io/api/news?id=5b44e836b2d1757f1f46d9e619e697f425abb6c2c171fb571f768580056923b7,0.126,0.838,0.036,-0.6705
2025-04-23 16:02:44,Top Midday Stories: Boeing to Ask FAA to Lift Production Cap; Musk Says His Government Commitment to 'Drop Significantly',Yahoo,https://finnhub.io/api/news?id=0d0a3314a49af396408734d9c53dde14f07e670204d7aec83fbdb856c046d400,0.05,0.78,0.17,0.6249
2025-04-23 15:27:45,"Stocks to Watch Wednesday: Shopify, Intuitive Surgical, Boeing",Yahoo,https://finnhub.io/api/news?id=6c5da3790ee2234ed70210963824bdb28f2e62d9edf5e4bdce31a43aaf0b708f,0.148,0.754,0.098,-0.705
2025-04-23 15:19:00,"Dow up 350 points on gains for shares of Boeing, Amazon.com Inc.",MarketWatch,https://finnhub.io/api/news?id=434d4ef938d65a6076740f66dd18ef4605a31907a68dea3274e4cfaf3719a54a,0.0,0.685,0.315,0.802
2025-04-23 15:16:00,Markets Await New Home Sales Data,Yahoo,https://finnhub.io/api/news?id=b4f1f21526a47ecc40a03f8f004e567f46cc64d7e0e602eb1b8e87265d0c8065,0.0,0.781,0.219,0.2023
2025-04-23 15:15:58,"Tesla stock jumps, Boeing earnings beat, Adobe partners with NFL",Yahoo,https://finnhub.io/api/news?id=b942d485e3853b401311f9fb48ff5106990086730b75fb83fd41f31cc124c006,0.015,0.985,0.0,-0.1531
2025-04-23 15:10:21,Boeing Stock Climbs as Loss Shrinks and Aircraft Deliveries Soar,Yahoo,https://finnhub.io/api/news?id=06af0e753819b78a54577159e039c4c4fe5e57f1eb3de6b036ea617876c9613a,0.181,0.747,0.072,-0.3658
2025-04-23 15:10:19,Boeing CEO Threatens to Stop Making Jets for China,Yahoo,https://finnhub.io/api/news?id=967ccb67da49951914c3ee5eb7ea10fb73488cd90967c740e1ef7f30af9dee29,0.166,0.802,0.032,-0.8957
2025-04-23 15:08:21,Thoma Bravo Says Boeing Carveout it Bought Will Sell Again | Wall Street Beat 04/23/2025,Yahoo,https://finnhub.io/api/news?id=ef186a3edfc4960435a0231def6e073bb6c21f919eb6d3a51392aad4537f9e16,0.0,0.948,0.052,0.4588
2025-04-23 14:52:50,Boeing: Why more 737 Max production is 'critical' for the company,Yahoo,https://finnhub.io/api/news?id=fcf86668ad875494422c4b43ce749347a8991711ea762641a509f53c27d42ae6,0.051,0.901,0.048,-0.0772
2025-04-23 14:37:52,Boeing doesn't expect the US trade war with China to slow its recovery,Yahoo,https://finnhub.io/api/news?id=ab1cd8b3a538db166501a56c99bb8ea92e52d0a35c64ce9a692fddeab7286241,0.059,0.884,0.057,-0.0482
2025-04-23 14:36:00,General Dynamics CEO on Trump tariffs: Don’t ask,MarketWatch,https://finnhub.io/api/news?id=587dbd95ca4c95e7f38fb09ee86f6b4b0e11931bb253308da0370225e75a19e1,0.0,0.769,0.231,0.4939
2025-04-23 14:30:00,Wall Street Lunch: Bessent Comments On China Tariffs,SeekingAlpha,https://finnhub.io/api/news?id=e7ea83e080f16c21c176159e721c5c7fd7205b37567f23db5202d27b2d3f878b,0.0,1.0,0.0,0.0
2025-04-23 14:29:00,Boeing stock jumps after surprise earnings beat despite China tensions,Yahoo,https://finnhub.io/api/news?id=55d03c47c06eada85a7ea849aa36676657fb0081b75437de0637e2d1458f862c,0.045,0.827,0.127,0.4867
2025-04-23 14:23:39,Boeing's Quarterly Loss Unexpectedly Narrows as Commercial Airplane Revenue Surges,Yahoo,https://finnhub.io/api/news?id=1daa27a46162ce57216ce339dc6a05bcbf0b18e759d3f5fde5b9f7c5930dec76,0.161,0.737,0.102,-0.1779
2025-04-23 14:18:00,"Dow rallies nearly 550 points on gains in shares of Boeing, Amazon.com Inc.",MarketWatch,https://finnhub.io/api/news?id=a3cb08a06aed5b717156e2e05a75871a23ba9da15043356c78021671851adf5c,0.0,0.705,0.295,0.802
2025-04-23 13:48:21,The Boeing Company 2025 Q1 - Results - Earnings Call Presentation,SeekingAlpha,https://finnhub.io/api/news?id=db5cda8aae914fcbca6a683fe44cc629c0c0540830f4367c7d2cd9b850844455,0.0,1.0,0.0,0.0
2025-04-23 13:47:34,The Boeing Company (BA) Q1 2025 Earnings Call Transcript,SeekingAlpha,https://finnhub.io/api/news?id=167573688ffa70a23f6a1ee7f14f63e21ebb1b5d72453c6d8a9b7564f4c2e0ba,0.0,1.0,0.0,0.0
2025-04-23 13:35:21,10 Industrials Stocks With Whale Alerts In Today's Session,Benzinga,https://finnhub.io/api/news?id=d6065259f2cfe86a9a9cf4b6c7d4feccf723e1657abebb0b6533a098632d0af2,0.0,1.0,0.0,0.0
2025-04-23 13:27:09,"Stocks Surge On China Tariff Hopes, Tesla Jumps, Gold Loses Shine: What's Driving Markets Wednesday?",Benzinga,https://finnhub.io/api/news?id=6c6e906e8326b16478b2ccd93d2eae278929be94e02f9ca02931846ce6f5c1f3,0.054,0.802,0.144,0.5859
2025-04-23 13:26:43,Shares of companies in the broader consumer discretionary sector are trading higher after President Trump indicated tariffs against China will be lowered and trade tensions may de-escalate. Tariff concerns have weighed on the sector this year due to their expected impact on consumer spending.,Benzinga,https://finnhub.io/api/news?id=92879f4cdb8a2b875efbbf1f95fd5ffea468c03d2dfa29637992c61c9dd0d1f7,0.089,0.865,0.046,-0.25
2025-04-23 13:21:07,Correction to Boeing 1Q Loss Narrows Article,Finnhub,https://finnhub.io/api/news?id=cafedf1cb21876cbdceb7882b49ceaa286d3e4474b42d916a8e79a3149760ea3,0.199,0.801,0.0,-0.802
2025-04-23 13:17:00,"Dow's 669-point rally highlighted by gains in shares of Boeing, NVIDIA Corp.",MarketWatch,https://finnhub.io/api/news?id=6705f144a5c7e6d9c14da2a8f200c89a121d2135fb2f599031ed316b71d3dd7d,0.0,0.685,0.315,0.802
2025-04-23 13:12:14,"Boeing Leans on Backlog, Looks for Alternatives to China Trade -- 2nd Update",Finnhub,https://finnhub.io/api/news?id=88e1b43c1b3ad41532562e1b954e9374c3115c4b09836adc88d920f309e5c53f,0.091,0.909,0.0,-0.5267
2025-04-23 13:05:00,"Boeing 1Q Loss Narrows, Backlog and Sales Grow",MarketWatch,https://finnhub.io/api/news?id=4f8ed47228ad649ceb773e7283bf66f1da5c58731ba48bc6f694dd800c90330c,0.247,0.753,0.0,-0.5574
2025-04-23 12:36:24,"Boeing tackles US-China trade threat, shares rise on smaller-than-expected loss",Finnhub,https://finnhub.io/api/news?id=67faf80029b1fbba26a4c2bef6bc120784767044e40a0309b0912ce47b6d28ae,0.239,0.664,0.097,-0.7964
2025-04-23 12:30:30,Boeing first-quarter loss narrows as commercial plane deliveries jump,Fintel,https://finnhub.io/api/news?id=93d3f5d974165c22f515f6ca4c5b139c5e888d55427241166d84068874fc7c8b,0.223,0.777,0.0,-0.3182
2025-04-23 12:01:00,"Dow up 568 points on gains for shares of Boeing, Amazon.com Inc.",MarketWatch,https://finnhub.io/api/news?id=6ef1ec7ae3500ff86c1fc9f1dfe53439120db454909e7a3ff1664d583384c2d6,0.0,0.685,0.315,0.802
2025-04-23 11:31:34,"Stocks attempt a recovery this week, and attention is now shifting toward 'choppy' earnings, one strategist says",MarketWatch,https://finnhub.io/api/news?id=da618262da6826aa3241e6da1feb8f8db8bb22e922ad92514d0cfbb33293d2c9,0.0,1.0,0.0,0.0
2025-04-23 11:01:50,Boeing results: investors relieved,Finnhub,https://finnhub.io/api/news?id=fa4698ea71b746a70e295aa55ff588bb90ff139b1c2cb3074a64404aa526bc55,0.0,0.691,0.309,0.891
2025-04-23 11:00:00,"Boeing, Amazon.com Inc. share gains contribute to Dow's 850-point surge",MarketWatch,https://finnhub.io/api/news?id=cfa6cbf28ab0e0761ef04d9f62506cfee46eca6033bcefad8a11e1776c71495f,0.0,0.635,0.365,0.802
2025-04-23 10:45:00,The Key Takeaways From Boeing's 1st-Qtr Results,Finnhub,https://finnhub.io/api/news?id=75a713a9e55a5cf3d5687dcc8857d5a1041fdc50b2e7ef6d2f54d74deadb7f2c,0.0,1.0,0.0,0.0
2025-04-23 10:11:55,"Boeing reports smaller-than-expected loss on higher jet deliveries, shares jump",Finnhub,https://finnhub.io/api/news?id=270c8be4d698501dbab87bcbcb90010146e63a1a36810495a8153b60572fbb50,0.2,0.75,0.05,-0.6808
2025-04-23 10:06:14,Boeing Launches Its African Office in Addis Ababa,Finnhub,https://finnhub.io/api/news?id=62d5e216c687332e61c09dc7ee3a316c00001cb87aceffcd30f809752d459025,0.0,1.0,0.0,0.0
2025-04-23 09:56:34,"Dow Jones Surges 1,000 Points On Trump Comments; Apple, Nvidia, Tesla Rally",DowJones,https://finnhub.io/api/news?id=f77621b5cb789565e7a3fd718b56e98078015725eb604805bf110beb7566d3d4,0.0,1.0,0.0,0.0
2025-04-23 09:45:00,"Dow soars nearly 1050 points on gains for Amazon.com Inc., Boeing shares",MarketWatch,https://finnhub.io/api/news?id=2ff137c0a6eba3d0bdeee648ae71b3d4b98aa783cd1944e645544e78bced519b,0.0,0.685,0.315,0.802
2025-04-23 09:04:35,"Boeing Narrows 1Q Loss as Backlog Grows, Shares Rise -- Update",Finnhub,https://finnhub.io/api/news?id=7558f1f7cf0d63726253321494eac943810157e6438c39456755fba6bc7882b2,0.18,0.722,0.098,-0.5994
2025-04-23 09:01:42,Boeing reports smaller than expected loss on higher jet deliveries,Finnhub,https://finnhub.io/api/news?id=6c4b8287956602e5ddcceec1aeeccb9b07b6390c9ea3e8faaa7a43a5ae62bc96,0.206,0.794,0.0,-0.7783
2025-04-23 08:40:00,"Boeing sees commercial airplane revenue surge, even after tariff announcements",MarketWatch,https://finnhub.io/api/news?id=d5d8144294674b07ffd75bc012aa71289124981dc089e9dad475fecc4979bf8c,0.0,1.0,0.0,0.0
2025-04-23 08:08:32,Boeing: loss reduced as deliveries take off,Finnhub,https://finnhub.io/api/news?id=a6d395ad31fdc8f6082d92746ec0d846eda6164d4d9b36e8ad607095946dff99,0.106,0.745,0.149,0.25
2025-04-23 07:36:17,Boeing: Q1 Earnings Snapshot,Finnhub,https://finnhub.io/api/news?id=a4563ba2a00af5ce5e2580e96b97b842d076b82e2c2c1f4779f57fb3011269f8,0.116,0.884,0.0,-0.5574
2025-04-23 07:31:08,Boeing Reports First Quarter Results,Finnhub,https://finnhub.io/api/news?id=fbaa3c2e0c4d8350a47002763368cdd408d1aeb776169d036e8389649696b7d3,0.0,0.85,0.15,0.5106
2025-04-23 04:32:28,"Earnings Scheduled For April 23, 2025",Benzinga,https://finnhub.io/api/news?id=bfcc9575d6b39dcc982327790633932be5606a5b4fd7c32bdc060c35af856011,0.0,1.0,0.0,0.0
2025-04-23 04:04:18,"Boeing, IBM and Lam Research among raft of companies reporting results",MarketWatch,https://finnhub.io/api/news?id=82118b66fbd2e20da5b849a1bad8184529f13b18ed64b2668a51ae93fc0b9fd8,0.0,1.0,0.0,0.0
2025-04-23 03:40:00,Magnificent 7 Earnings Out This Week Will Shed Light On Big Tech's Tariff Concerns,SeekingAlpha,https://finnhub.io/api/news?id=eaac6e9c845c2f82b606d3d73abdf9f438e0115f65507451348e00074b95c29c,0.0,0.769,0.231,0.5994
2025-04-22 23:00:00,"Sec. Bessent speech, Boeing earnings, housing data: What to Watch",Yahoo,https://finnhub.io/api/news?id=2f002ef84bc7c75706863d653f401dd84a3c1b121a3d6b29249046079696bd6f,0.022,0.963,0.015,0.0314
2025-04-22 22:50:11,The Boeing Company (BA): One of the Top Defense Stock Picks from the Goldman Sachs Portfolio,Yahoo,https://finnhub.io/api/news?id=25861e0eb4f8e765f44ec1ed15a7b342ed2ac5d6567d31fd56cd1fcce41d1245,0.0,0.815,0.185,0.8591
2025-04-22 21:19:00,Investors Hope for No Surprises as Boeing Reports Earnings,Yahoo,https://finnhub.io/api/news?id=e8cc2170898490d09e68b853a7433bc34d0062307b16cbcf89b4ce60a0537ebb,0.162,0.753,0.086,-0.4648
2025-04-22 18:17:22,Spirit AeroSystems top engineer to lead Wichita site after Boeing deal closes -letters,Yahoo,https://finnhub.io/api/news?id=f76b1dc3734def22d565d30e992f975209f4f08e7b1e6d9a682ef139e7901608,0.024,0.863,0.113,0.7506
2025-04-22 17:33:00,"Should You Buy, Hold or Sell Boeing Stock Before Q1 Earnings Release?",Yahoo,https://finnhub.io/api/news?id=fccaad2455c7b0af486cdeeaee969e35ddcfde96f45527f15085e41f207a053a,0.103,0.827,0.07,-0.3182
2025-04-22 16:06:05,Top Midday Stories: Boeing to Sell Parts of Digital Aviation to Thoma Bravo for $10.55 Billion; RTX Projects $850 Million Tariff Hit,Yahoo,https://finnhub.io/api/news?id=fa714acf34dee87269f9e071ef0a727c36a758b207370aad831c68ace533b7b9,0.0,0.956,0.044,0.2023
2025-04-22 15:36:32,Boeing Sells Jeppesen Unit to Thoma Bravo for $10.6 Billion,Yahoo,https://finnhub.io/api/news?id=9c2171c48923f3d085a5a425c4b09899069180d9d9ac95d3d8f2de5d900ef30d,0.0,0.908,0.092,0.7579
2025-04-22 15:23:19,"Boeing's $10.6B deal, Verizon & 3M earnings: Trending tickers",Yahoo,https://finnhub.io/api/news?id=31ffb3d4bbfc643383a74de7a8b6c6af8b16c5c01004cb2178c34ef1178e40fc,0.05,0.862,0.087,0.5775
2025-04-22 15:12:30,Takeover Tuesday Takes Shape from Boeing to Barrick,Yahoo,https://finnhub.io/api/news?id=560349e2baa1bcd2cb61ea2a163be4769e7f4f4afe333c5e7e6660acc80f5b20,0.0,0.853,0.147,0.8553
2025-04-22 14:51:00,Boeing Stock Is Rising on Asset Sale. The Balance Sheet Is Fixed.,Yahoo,https://finnhub.io/api/news?id=df480c71812007721d956acfda3a9ec29dd1ff9a7bafb7e498aeb567bb79f258,0.0,0.824,0.176,0.6597
2025-04-22 14:48:00,GE Stock Rises. Earnings Provided Everything They Needed To.,Yahoo,https://finnhub.io/api/news?id=36b0a5854291e50b47c5a48c3bd18790c15661a67daa1e220ca8b57fe0388509,0.053,0.858,0.089,0.2732
2025-04-22 14:41:00,Boeing to Sell Some of Its Navigation Business in $10.55 Billion Deal,Yahoo,https://finnhub.io/api/news?id=53fbbba9b878722ad022c4e445a77df2421a2652013c2a566edb27e8f285b2d5,0.0,0.851,0.149,0.5994
2025-04-22 13:46:23,Boeing Sells Jeppesen Unit in $10.6 Billion Thoma Bravo Deal,Yahoo,https://finnhub.io/api/news?id=fc4b43d311abb48a71be7e00af5770aac83f8dd0e4b5e3ad147c4fa21004ee4e,0.0,0.922,0.078,0.4215
2025-04-22 13:44:44,"GE Aerospace Plans to Offset Tariffs with Cost Cuts, Seek Refunds on Some Duties",Yahoo,https://finnhub.io/api/news?id=63cb333301add6ce6fdb24aa1780cf165a23b545b27a170e07284c3daf6e997e,0.034,0.916,0.05,0.25
2025-04-22 13:37:16,GE Aerospace’s CEO Met With Trump Seeking Relief on Tariffs,Yahoo,https://finnhub.io/api/news?id=597cf8e16a1c521dda5d506ad8ef4ec3d89c7d629ab9caecf2daab3b0d9cb6d3,0.0,0.897,0.103,0.8225
2025-04-22 13:28:27,Boeing sells digital aviation unit to Thoma Bravo for USD10.6 billion,Fintel,https://finnhub.io/api/news?id=d720fa90bbb4983307ff9c3701d8c597cc5cca474b37c0009c93bb5a303656eb,0.0,1.0,0.0,0.0
2025-04-22 13:09:00,Boeing to sell parts of digital aviation solutions business to Thoma Bravo for $10.55 billion,Yahoo,https://finnhub.io/api/news?id=6092e8cf962ec1ad433966f241ae56c24ee6f9a08ae0fc2c84affc21602812ad,0.0,0.914,0.086,0.34
2025-04-22 04:51:28,Nomura bets big on US market rebound with $1.8 billion deal,Yahoo,https://finnhub.io/api/news?id=35765f2d621fc33bb69a8fffb3a53cd98044f6ec908433d3ad894c2897db5d48,0.058,0.898,0.044,-0.296
2025-04-22 13:00:00,Boeing to Sell Portions of Digital Aviation Solutions to Thoma Bravo for $10.55 Billion,Yahoo,https://finnhub.io/api/news?id=0208119474caa749bf7c8ef20e47e5584ee874ed88c5d77c9c2f701374a491cc,0.0,0.82,0.18,0.8481
2025-04-22 12:51:00,"The Zacks Analyst Blog Highlights Tesla, Alphabet, Boeing, Intel and Procter &  Gamble",Yahoo,https://finnhub.io/api/news?id=3a67f6c2d06e7d2ba46f21c2023d19079550d9c7b1715e04f91fe27103bb904e,0.0,0.94,0.06,0.2023
2025-04-22 12:43:00,Boeing to sell some digital businesses for $10.55B,Yahoo,https://finnhub.io/api/news?id=62399d6353dbc4ae03fed3845cd0603a7eb312449106fc7d28b6f017ed39df9f,0.078,0.922,0.0,-0.296
2025-04-22 12:06:38,"Air India CEO Wilson steps down as chair of low-cost airline arm, Aggarwal to take over",Finnhub,https://finnhub.io/api/news?id=1c1fdeccf901ed0cc2963916e9165b158c7427e4103f4b24562becc00db6a50d,0.0,1.0,0.0,0.0
2025-04-22 12:03:01,Boeing Finalizes $10.55 Billion Deal To Divest Jeppesen And ForeFlight Assets,Benzinga,https://finnhub.io/api/news?id=86bf398af2a2620115856937aa19465392fa3bc6860e465d99d339877c2a27c2,0.0,0.907,0.093,0.34
2025-04-22 10:36:00,GE Aerospace Beats Earnings Estimates. The Stock Is Falling Anyway.,Yahoo,https://finnhub.io/api/news?id=ca5b9a849a25b0c2c26054791f61465a020d0bdbcf706c594242db7ae30f5718,0.022,0.812,0.165,0.8481
2025-04-22 10:30:32,"Earnings preview this week: Tesla, Chipotle, Alphabet, Boeing",Yahoo,https://finnhub.io/api/news?id=2d203930f49fb3cc87b3cdba718fa15c77b6aff1b72910b4a7f17a81b7c3d26c,0.0,0.963,0.037,0.4404
2025-04-22 09:56:07,Boeing to Sell Certain Digital Aviation Solutions Assets to Thoma Bravo in $10.55 Billion Deal -- Update,Finnhub,https://finnhub.io/api/news?id=4bd928464e6ab2f26bd9b85b76cdb04412334e9b93706a6ea5b806a2c2dc2386,0.0,0.801,0.199,0.802
2025-04-22 09:52:33,Boeing: sells digital avionics assets,Finnhub,https://finnhub.io/api/news?id=be05f34af91bee44bcd5cbd8d178b77f053180e87a468685fbe7a722d8cdfe5f,0.0,0.705,0.295,0.875
2025-04-22 09:29:10,Boeing to Sell Certain Digital Aviation Solutions Assets to Thoma Bravo in $10.55 Billion Deal,Finnhub,https://finnhub.io/api/news?id=4715e08e7721b4f6efe2b7da66d53a1f41dd881e8c6b018abfbaf2eb3d04c515,0.0,0.781,0.219,0.802
2025-04-22 09:25:58,Boeing to sell Jeppesen unit to Thoma Bravo for $10.55 billion,Finnhub,https://finnhub.io/api/news?id=12f4e613b4e6c5f8297da5111e08f5ecb8cf602dab8a21703078343452b7765e,0.0,0.957,0.043,0.1779
2025-04-22 08:09:33,"Thoma Bravo in advanced talks to buy Boeing's Jeppesen unit, source says",Finnhub,https://finnhub.io/api/news?id=8f9d986e6e05a23ecc1b5f6c93e9228197da909ef108295000f17f6bbca890e1,0.0,0.887,0.113,0.4767
2025-04-22 05:10:10,Fitch Affirms Snohomish County (WA) PUD No. 1's Elec Sys Revs at 'AA-'; Outlook Revised to Positive,Finnhub,https://finnhub.io/api/news?id=9737c2c78dec8f0b586825a4504cd9ef4ae39be5be9e6c48a155b4842bab5627,0.0,0.89,0.11,0.6908
2025-04-22 03:27:00,Polaris Global Equity Composite Q1 2025 Commentary,SeekingAlpha,https://finnhub.io/api/news?id=708da320ab507a8e11dc24e2827b42a1cdfdb1820663116abea6aab0aa95dfa7,0.0,1.0,0.0,0.0
2025-04-22 01:45:48,"Dassault Aviation: More Risk, More Upside On European Defense Recapitalization",SeekingAlpha,https://finnhub.io/api/news?id=b0407c17db51b5094f37496e6cdef88b6779dbc22ad92a325f84e81813f8028c,0.201,0.673,0.126,-0.2247
2025-04-22 01:23:22,"Buyout firm Thoma Bravo nears deal for Boeing's Jeppesen unit, Bloomberg News reports",Yahoo,https://finnhub.io/api/news?id=a33f00321fc18fa13dfdd45a5a99f6590cd62a7f969c7be405c73aac5d2d4c89,0.025,0.874,0.101,0.7506
2025-04-21 22:20:00,Thoma Bravo Reportedly Nears Deal for Boeing?s Jeppesen Unit,Finnhub,https://finnhub.io/api/news?id=80aa3d93048e614ad27ba2f090994ca1429de3bec4040b8c903640144d443761,0.0,0.922,0.078,0.3527
2025-04-21 20:01:51,"Boeing, Lockheed Partner Targets Breakout — And 1,441% Growth",Yahoo,https://finnhub.io/api/news?id=812e22bb00a572140463cd0c32ebf34659d406dc1f27cab1e31b73bb138d0bcb,0.046,0.615,0.338,0.8591
2025-04-21 17:10:59,The Boeing Company (BA): Among Billionaire Rob Citrone’s Top Stock Picks,Yahoo,https://finnhub.io/api/news?id=7a76ed931ce0304dfe50516edfb6fcaafe42dadca1f979f2f15290c16af6a6c8,0.18,0.752,0.068,-0.9001
2025-04-21 16:18:00,Boeing 737 MAX Jets in China Head Home. Can They Be Resold?,MarketWatch,https://finnhub.io/api/news?id=dee16df4a021df2430fb56019435318f7da008f9cf94e093969626681860a059,0.0,1.0,0.0,0.0
2025-04-21 16:08:21,Top Midday Stories: Capital One's Discover Acquisition Clears Regulatory Hurdles; Boeing Averts 737 Max Slowdown,Yahoo,https://finnhub.io/api/news?id=0391616aa60a4c9863e4acb18237ddb1b3094abdc8729a76c5d288fff0eb7e59,0.043,0.862,0.095,0.1779
2025-04-21 14:10:37,Jim Cramer Wants to See Cash Flow Before Buying The Boeing Company (BA),Yahoo,https://finnhub.io/api/news?id=0ce3cedf56d4a752b1cf4fb83cf739be9a76a0f4b8992ecf02bcfbc475ff86e5,0.045,0.955,0.0,-0.4939
2025-04-21 11:50:14,Market Chatter: Boeing in Talks With Malaysia Airlines to Take Over Aircraft Delivery Slots,Yahoo,https://finnhub.io/api/news?id=bb52f21c67ab37ac11f63721bcd025a858569ee312d5000b5e4e290745abdf46,0.0,1.0,0.0,0.0
2025-04-21 11:31:15,Triumph Group: Saved By The Bell,SeekingAlpha,https://finnhub.io/api/news?id=73cf8ad2b309199c1c13f2b039d2659dcb46adcc26c235e8db222383b5222e13,0.0,0.404,0.596,0.7096
2025-04-21 11:02:00,Wall Street Lunch: Dollar On Back Foot Amid Fed Independence Concerns,SeekingAlpha,https://finnhub.io/api/news?id=9372e26ab5908c5aa2b965b2589dc03a058430b7530f5629a0e74bae6c9eca07,0.0,1.0,0.0,0.0
2025-04-21 10:16:58,Market Chatter: Second Boeing Aircraft Begins Return From China,Yahoo,https://finnhub.io/api/news?id=0e3afc2aa045bef1f7a49b0561c110e0a94c6c700f1759f79aaa55b5a96aa6e3,0.0,1.0,0.0,0.0
2025-04-21 10:05:26,Boeing eases latest 737 MAX headache - a shortage of nuts and bolts,Yahoo,https://finnhub.io/api/news?id=973f610c144419b54224a520b231c031e02481eaf73dbc4bdd6f20d3a5705099,0.109,0.833,0.058,-0.3182
2025-04-21 09:45:00,"NVIDIA Corp., UnitedHealth share losses contribute to Dow's 486-point drop",MarketWatch,https://finnhub.io/api/news?id=3ab821f085a866c1fb1dcba776f966b7b64e0a1d1f39d006d8cc2fe8158134ff,0.343,0.5,0.157,-0.6369
2025-04-21 08:30:19,Boeing: China's Slap Isn't Enough To Ruin Likely Good Q1 Earnings Release,SeekingAlpha,https://finnhub.io/api/news?id=f862d0a4286bc425b38dc82564e989d68bbe3d0a6bc24f47bff64cc815700fd0,0.0,0.543,0.457,0.763
2025-04-21 07:38:10,"Boeing Secures Supplies Needed For 737 MAX Despite Fire at Key Supplier Factory, Reuters Reports",Finnhub,https://finnhub.io/api/news?id=540fc83f0f6c14cc2f643efc0aefdd57f3de7dc43202c752eccd6025505ab3b7,0.117,0.728,0.155,0.304
2025-04-21 06:40:01,Wall Street Breakfast Podcast: Airbus Delays Hydrogen Jet By A Decade,SeekingAlpha,https://finnhub.io/api/news?id=4cfad7a15d5c8c92ed0e062598be20acfb60ddd50dab02930930d9bf2474d2fd,0.0,1.0,0.0,0.0
2025-04-21 04:20:34,"Second Boeing jet starts return from China, tracker shows",Finnhub,https://finnhub.io/api/news?id=f7339b6adfcea9d04451fb76bfadd6b0c0e450156d7b4ce2c56d61324027489c,0.048,0.952,0.0,-0.2732
2025-04-21 04:02:35,Malaysia Airlines eyes new Boeing jets should China reject them,Yahoo,https://finnhub.io/api/news?id=173d17716462e2a537a32a71abc9e6f2127b53e80ca19ebce9a78b5dae7d30d1,0.065,0.935,0.0,-0.5994
2025-04-21 02:30:23,"Boeing jet returns to US from China, a victim of Trump’s tariff war",Yahoo,https://finnhub.io/api/news?id=33808957f96bd369b704614392f326e42610035732f60533f4fc4731175686eb,0.193,0.781,0.026,-0.8625
2025-04-20 17:19:39,China begins returning Boeing aircraft to US,Yahoo,https://finnhub.io/api/news?id=5359bc376d48dbcd4f86cc918fa7a1e6757e965d97379c11890e9294c9c349f2,0.103,0.897,0.0,-0.5994
2025-04-20 13:32:23,"1 Stock to Buy, 1 Stock to Sell This Week: Philip Morris, Boeing",Yahoo,https://finnhub.io/api/news?id=d7496e044a8ac4384dea5cbe01ba7835b962dfe0950ab796d7b3178bdfbbf4a5,0.0,1.0,0.0,0.0
2025-04-20 11:39:16,"Tesla, Alphabet highlight earnings rush as tariff fallout drives markets: What to know this week",Yahoo,https://finnhub.io/api/news?id=d80ffc803a436d9254f49eec8fa5b9bd4f1818ea269c058082635ede6f0c2cb3,0.0,0.949,0.051,0.34
2025-04-20 11:00:00,"Google, Tesla, and IBM earnings lead a make-or-break week for stocks",Yahoo,https://finnhub.io/api/news?id=12a584176f72505ed5d382c15935e3a77441e611cb3dafc2a85d3d07299ace82,0.105,0.895,0.0,-0.5789
2025-04-20 10:10:00,Jet2: Holiday And Airline Buys Do Not Come Stronger Than This,SeekingAlpha,https://finnhub.io/api/news?id=f19a1cf2c6b779c4ecffe8dbc1501e0d76143adb141ce9bb41c0f3a384b0ab97,0.157,0.648,0.194,0.1321
2025-04-20 09:15:00,"Selling America, Buying Europe - My Picks",SeekingAlpha,https://finnhub.io/api/news?id=58194e6d71d5409933effd38aaf6120f6a1062adef614dc8ae47a2ce8df31280,0.0,1.0,0.0,0.0
2025-04-20 09:00:00,What To Expect in the Markets This Week,Yahoo,https://finnhub.io/api/news?id=0509b156809e33019cc5e6f0c9ae816f3e477efdc5641d6a28405971b1b952bf,0.0,1.0,0.0,0.0
2025-04-20 05:52:10,Wall Street Week Ahead,SeekingAlpha,https://finnhub.io/api/news?id=731ee64826eae50507c3c828b852d395a3640319bb972a4bffd06b147caf31fd,0.0,1.0,0.0,0.0
2025-04-19 23:13:48,"Boeing jet returns to US from China, a victim of Trump's tariff war",Finnhub,https://finnhub.io/api/news?id=c070eb469b565a104b908ac0febb2a2100aa6a5589e7d96e223dcd50a1e8f97d,0.157,0.814,0.029,-0.765
2025-04-19 18:32:00,Boeing Investors: Here's What the Latest Big News From Delta Air Lines Means for You,Yahoo,https://finnhub.io/api/news?id=02bf16f8779ea978b3d5ac49b79d7aaa528211eb07e7f9dc844ced36fac77e1e,0.057,0.901,0.042,-0.4588
2025-04-19 11:00:00,"Tesla, Alphabet To Report Earnings As Investors Watch Out For Consumer Confidence, Jobless Claims",SeekingAlpha,https://finnhub.io/api/news?id=3b2c2a5f5718be682da2c64513ae55db4091dff2a45ccb87cd78f309460c3b80,0.0,0.798,0.202,0.5106
2025-04-19 11:00:00,"Tesla, Google To Report Earnings As Investors Watch Out For Consumer Confidence, Jobless Claims",SeekingAlpha,https://finnhub.io/api/news?id=c4e734181f72f20824c12732588a34fe750eb12ceb4ae4a5574c9745da3ff1fe,0.0,0.798,0.202,0.5106
2025-04-19 11:00:00,"Tesla, Amazon To Report Earnings As Investors Watch Out For Consumer Confidence, Jobless Claims",SeekingAlpha,https://finnhub.io/api/news?id=9036e6d1a12f4396d163545683e97983a5269f3e7f92fc863f14c5422010d3f3,0.0,0.706,0.294,0.6124
2025-05-04 21:40:09,"Don't Sell In May; Hold, And Hedge, Instead",SeekingAlpha,https://finnhub.io/api/news?id=fff53b871e3204ffde0d1a3778c31e1e2116973dd1ceae002ec5710ebd734c57,0.1,0.76,0.14,0.0772
2025-05-04 13:15:19,"Consumer Tech News (Apr 28-May 2): Trump May Ease Auto Part Tariffs,  House Republicans Tabled $250 Charge On EV & More",Benzinga,https://finnhub.io/api/news?id=6efcf8de37904efda1460e9e4e61d0ee64314d04e0da8e7a8c0df02fdbf3a0a4,0.039,0.829,0.132,0.6705
2025-05-03 19:00:00,Short Sellers Bet Against Private Credit Lenders,Yahoo,https://finnhub.io/api/news?id=7cff9a4e05288bc58656c1596fdf76feee1827124067e3f04209776bf86c83ff,0.141,0.808,0.052,-0.7845
2025-05-03 09:46:37,Dogs Of The Dow Chase May's 'Safer' Buy,SeekingAlpha,https://finnhub.io/api/news?id=350e7769b702ab011e6e05a8a775d6afbeec758c10f0e5378d06981688951dc9,0.0,0.833,0.167,0.7184
2025-05-03 09:15:00,Hold Boeing Stock? Here's the 1 Thing Long-Term Investors Need to Focus On.,Yahoo,https://finnhub.io/api/news?id=0f2adc258294c10feb422fb48044ac2de840de8665a0f05ad5cb6de0f7b1a3b0,0.037,0.816,0.147,0.802
2025-05-03 01:47:00,"Safe Haven In Uncertain Times, Year Three",SeekingAlpha,https://finnhub.io/api/news?id=2b74f6bdc63327694ca22ad8d815ce5b0d32cecb81d56f89ea41780c3e5032ad,0.057,0.651,0.292,0.8402
2025-05-02 14:07:00,The Stock Market Can’t Quit Tariffs Just Yet,MarketWatch,https://finnhub.io/api/news?id=fd85e5dd22fc12d6a2a97db43215e39b2d72a9b0aac5b1e34b2b189dc2ee4eb6,0.0,1.0,0.0,0.0
2025-05-02 13:18:22,US labor market resilient ahead of tariff turbulence,Finnhub,https://finnhub.io/api/news?id=4e51994ab44b52714aa8751efc012e29334518a5711c1c30ed7c5445f93ecc3a,0.0,0.927,0.073,0.3818
2025-05-02 12:23:59,"NASA rocket, lunar station face cuts in Trump 2026 budget",Finnhub,https://finnhub.io/api/news?id=9b6d2326f96e597c97db94060141c3e72e5b8570c892b9fcf0c513b5344848cd,0.092,0.84,0.069,0.0258
2025-05-02 11:50:17,"NASA rocket, lunar station, many science programs face cuts in Trump 2026 budget",Finnhub,https://finnhub.io/api/news?id=cc6cf6ba35aa99ca23f45a6d65755a3c6108d98abcc6ee8f3f74eb9ae10dc4af,0.1,0.837,0.063,-0.1531
2025-05-02 11:13:48,'Trump Administration Proposes Cutting $6 Billion From NASA's Budget'- Bloomberg,Benzinga,https://finnhub.io/api/news?id=4b658b1293f4087be42c273b7f6b8f16766f0d33370bb30952a7bb483ed40dac,0.13,0.87,0.0,-0.128
2025-05-02 10:30:44,Commercial aircraft demand boosts US factory orders in March,Finnhub,https://finnhub.io/api/news?id=ec10f238b5c12cc9fb0d2569a43dd6df97d4a4152efa20b6e5706bad323f97e3,0.155,0.691,0.155,0.0
2025-05-02 10:30:00,Ryanair threatens to ‘reassess’ a $30 billion Boeing order after getting U.S. flak for considering China’s COMAC jets,Yahoo,https://finnhub.io/api/news?id=3a0026d18bfe7ac2131d547e829869dee0a7a97ec5b8b6449025f7032227f1b6,0.066,0.934,0.0,-0.3818
2025-05-02 08:33:51,US job growth slows marginally in April; unemployment rate steady at 4.2%,Finnhub,https://finnhub.io/api/news?id=a34a609b3dbc972661c5478b49c9b4d742b15e9f481d572dd0803a8d989af9d7,0.118,0.795,0.087,-0.3222
2025-05-02 06:29:44,Here’s What Traders Are Watching as US-India Trade Talks Advance,Yahoo,https://finnhub.io/api/news?id=0ad33cde4b3a1f7ab56bfdb614793b52bb18510ed10c07c1a04ecd167190369b,0.046,0.954,0.0,-0.5267
2025-05-02 05:56:00,China Says Its ‘Door Is Wide Open’ for Trade Talks. What It Means for the Market.,MarketWatch,https://finnhub.io/api/news?id=f8259ed3a14e92697cbdbca11cc7bf396808aed4851f908ad7a69385d25ffc8b,0.0,1.0,0.0,0.0
2025-05-02 03:00:00,Europe Is Racing to Build Its Own Version of the U.S. Military-Industrial Complex,Yahoo,https://finnhub.io/api/news?id=dee0abd94b6260c0b1c97a57498a1ee52a52fd7afbbb5e7884e91fb9b3aeb245,0.072,0.856,0.072,-0.25
2025-05-02 00:00:01,Tariff-induced uncertainty seen curbing US job growth in April,Finnhub,https://finnhub.io/api/news?id=13b59ff4d87f46b9da3011e105a21d7720caf28b60d659fba52d647090b088a8,0.158,0.714,0.128,-0.0516
2025-05-01 21:37:04,Spirit Aero first-quarter revenue falls amid slower Boeing production,Yahoo,https://finnhub.io/api/news?id=9d2824f8f1e05e04b5cb0e84c377074ea244cfdd15d9631f9b86c0df79f6412d,0.05,0.858,0.092,0.25
2025-05-01 21:06:03,The Boeing Company (BA): Jim Cramer Is Convinced – “It’s a Very Important Company for America”,Yahoo,https://finnhub.io/api/news?id=27b6b3c9b72a2e2c58063a6a7e9fde04bf191d64caf9805d4cce14411d751a7f,0.0,0.936,0.064,0.5849
2025-05-01 16:32:52,Ryanair Drops $33B Bombshell on Boeing Over Trump's Tariffs,Yahoo,https://finnhub.io/api/news?id=8dd2f651730f12036f0972c25d2f63aedc9b11da8a1537287ef39688999ff723,0.209,0.791,0.0,-0.7003
2025-05-01 15:23:17,"S&P 500 Aerospace Stock Flies Past Buy Point, Tariff Worries On Earnings, Margins",Yahoo,https://finnhub.io/api/news?id=519d4ee146e32db11ae0caf39ea0ef94daa861af4f0bba338ce080e9d6cc6d16,0.071,0.858,0.071,-0.25
2025-05-01 12:22:39,AerCap: An Excellent Stock To Buy,SeekingAlpha,https://finnhub.io/api/news?id=8930497e1c99be56d8be6345e7105cfd0953678317691aa16bd95086acd3302e,0.0,0.601,0.399,0.9231
2025-05-01 12:19:01,Ryanair threatens to ditch Boeing for Chinese jets,Yahoo,https://finnhub.io/api/news?id=d8e9821d53984b1306200faf740fbc34929782feb612d72a22ccdcc3c389d0f7,0.187,0.813,0.0,-0.765
2025-05-01 11:50:19,Pentagon to seek 'Right to Repair' provisions in Army contracts,Finnhub,https://finnhub.io/api/news?id=f2c8afbf1a5bb656b4557d29d8943ec146ecfbdaba74ec4426b53b7754973f27,0.059,0.798,0.143,0.4767
2025-05-01 11:28:00,Franklin Managed Income Fund Q1 2025 Commentary,SeekingAlpha,https://finnhub.io/api/news?id=ae7273fa0ad1860259cc6167d38cb54caa3e4e2ed887bd0f3ea88ff24ec2082b,0.0,1.0,0.0,0.0
2025-05-01 11:10:26,U.S. Transportation Secretary Duffy Says Trump Administration Will Release Its Plan Next Week On How To Fix Air Traffic Infrastructure,Benzinga,https://finnhub.io/api/news?id=5322b74b76bb4fe6ae04e9a4ceb283844c72af0094ff6b67744fea1dfaeadd6d,0.0,1.0,0.0,0.0
2025-05-01 10:17:14,L3Harris working on interim Air Force One sought by Trump -- source,Finnhub,https://finnhub.io/api/news?id=6f843f4ff1261fc0448ab11c77bf8953f7493ee91bf857a1c8cde99e71a201de,0.0,0.965,0.035,0.128
2025-05-01 09:52:35,Ryanair threatens to cancel huge Boeing order if tariffs raise prices,Finnhub,https://finnhub.io/api/news?id=38153f73c4b613c767d5bb68ca7d02f17ecc4240838d8c5d7a43298cbef84bb3,0.229,0.721,0.05,-0.802
2025-05-01 09:40:12,'Ryanair Weighs Canceling Boeing Orders If Trump Tariffs Hit Cost'- Bloomberg,Benzinga,https://finnhub.io/api/news?id=0800ccc43797864a18e1140a9ef88173ee59178a5eb75f40e5e26dfb91b5ade7,0.0,1.0,0.0,0.0
2025-05-01 09:00:00,Trump Wants a New Air Force One So Badly He’s Refurbishing a Qatari Plane,Yahoo,https://finnhub.io/api/news?id=294b41d4ab1e6ce392c002560d3eae3432b1022850b10cd21d7a76f30bbe97dc,0.141,0.783,0.076,-0.6588
2025-05-01 06:59:31,Ryanair threatens to cancel Boeing order if tariffs impact price,Finnhub,https://finnhub.io/api/news?id=c0b468e5a2669c03f85cffbe80fd1be9615e2b06d57ed2c239953fe13d32fcfa,0.113,0.887,0.0,-0.5574
2025-05-01 06:46:57,"US tasks L3Harris to ready interim presidential plane by year-end, WSJ says",Finnhub,https://finnhub.io/api/news?id=2eea5cb9bc2f81077e43cd1976360bcce9992a9c443eb745818295aa615565a4,0.0,0.911,0.089,0.4588
2025-05-01 06:01:53,"US has tasked L3Harris to ready interim presidential plane by year-end, WSJ says",Finnhub,https://finnhub.io/api/news?id=e88be06325262b6852de2d97b87be98cc3816bc9a7f8def6bb73beba731c64e7,0.0,0.941,0.059,0.3612
2025-05-01 05:56:23,"US tasked L3Harris to ready interim presidential plane by year-end, WSJ says",Finnhub,https://finnhub.io/api/news?id=b4dcbceaafc8be5e22241a0f39b68c2719c043a8d0c0d32dd5bbfe4c510b4695,0.0,0.94,0.06,0.3612
2025-05-01 05:16:15,"US has commissioned L3Harris to ready an interim presidential plane by year end, WSJ reports",Finnhub,https://finnhub.io/api/news?id=1771f9f127aba30b8f832b193784cfec36bd992fbdd213d8c04f101cb052d458,0.0,0.946,0.054,0.3612
2025-05-01 05:08:09,Ryanair threatens to seek alternative to Boeing order if tariffs impact price,Finnhub,https://finnhub.io/api/news?id=a5d74370fed09aa0b732a5123390ee05e3202832ad12ca0baf797ad1f2b62209,0.062,0.938,0.0,-0.3818
2025-05-01 04:00:55,3 Reasons to Avoid BA and 1 Stock to Buy Instead,Yahoo,https://finnhub.io/api/news?id=60d04378663fc4e0ea3d5dc4ae8b179150dbaa449e286204035b2a981af3596b,0.067,0.822,0.112,0.4404
2025-05-01 01:53:58,Tariffs are causing turbulence for Korean Air. But its CEO remains bullish,Yahoo,https://finnhub.io/api/news?id=3f94e18e34d35caa0e99c08aef855465303b71e328423667ca8052bb2468eefb,0.149,0.74,0.112,-0.4785
2025-05-01 01:40:00,Franklin Income Fund Q1 2025 Commentary,SeekingAlpha,https://finnhub.io/api/news?id=1fbc31454716e9554e0107171c02d09c1922c1510eb20cb23929f39d91657a9a,0.0,1.0,0.0,0.0
2025-04-30 20:16:20,"Emirates executive says no impact seen from US tariffs, but airline remains vigilant",Yahoo,https://finnhub.io/api/news?id=9169202c7a69a5beca0f7b0bedd9c57999a349a946a08de4b6d3762dd3591535,0.077,0.875,0.047,-0.1531
2025-04-30 12:00:04,Three Reasons To Watch This Boeing Supplier — And One Point Of Caution,Yahoo,https://finnhub.io/api/news?id=c015f7af052d4c7c2d5280c9c5c87acf7d4541c87cb8169d7ac6367ec00de784,0.0,0.955,0.045,0.128
2025-04-30 19:53:47,US lawmaker warns Ryanair against buying Chinese-made planes,Yahoo,https://finnhub.io/api/news?id=98187c74011a71a173a9f89484b81ac199a07b839c9400c1eb12538b2289a12f,0.04,0.917,0.043,0.34
2025-04-30 19:02:17,20 company reactions — good and bad — to Trump’s tariff war,Yahoo,https://finnhub.io/api/news?id=0b30b371442b5cf2ad4ed05142abaccc00981cef97b842dc6efeaefd1496df3a,0.258,0.653,0.088,-0.9042
2025-04-30 18:30:06,Is The Boeing Company (BA) the Best Dow Stock for the Next 12 Months?,Yahoo,https://finnhub.io/api/news?id=ff9a9753dedd8b2aa8417e8569cda65a50d7879d1ae4dbe83755bea05a45baf3,0.096,0.758,0.147,0.6597
2025-04-30 17:12:00,Boeing vs. Airbus: Which Jet Giant Offers Investors a Smoother Flight?,Yahoo,https://finnhub.io/api/news?id=736526a228cbc4064f3335687c6c1a925cb3a89cfdba46fd5eee1a6cf3ac552a,0.062,0.938,0.0,-0.2732
2025-04-30 16:59:59,CMA CGM Air Cargo finalizes takeover of Air Belgium,Yahoo,https://finnhub.io/api/news?id=90bb8192d8847eba1e2f0816a72949e20dab83dbea355c932acfec99fb3f976d,0.0,1.0,0.0,0.0
2025-04-30 14:48:00,DAL vs. UAL: Which Airline Stock is a Stronger Play Now?,Yahoo,https://finnhub.io/api/news?id=174d56fd2f444d89f25610101d258b126493f5584e2b427a9095b1f2e5ab5cd4,0.04,0.749,0.211,0.7506
2025-04-30 12:26:59,Aerospace giant Melrose says US tariffs creating ‘complexity’ for industry,Yahoo,https://finnhub.io/api/news?id=2ac5c8ce8e3050c01b2c9d174a6bef4284355f8b6440ee980f97e12294a73948,0.0,0.885,0.115,0.3612
2025-04-30 11:42:55,Airbus Sees 2025 FCF Before Customer Financing Of Around €4.5 Billion; Sees 2025 Adj EBIT Of Around €7 Billion; Expects To Deliver About 820 Commercial Aircraft In 2025,Benzinga,https://finnhub.io/api/news?id=e3d1df0e47cd4949533e0ff25bdee4fcfedd95268ffd7ade362bd07ef04d5104,0.0,1.0,0.0,0.0
2025-04-30 11:40:55,"Airbus Q1 Revenue €13.5 Billion; Q1 EPS €1.01; Adjusted Free Cash Flow €-300 Million; 2025 Guidance Unchanged; Says As Basis For Its 2025 Guidance, Company Excludes Impact Of Tariffs On Its Business",Benzinga,https://finnhub.io/api/news?id=da38ce7b22380be33bf2a1ac8c3d6acc1c81040d807d5ec6cd65e8beb6fc0971,0.0,0.907,0.093,0.5106
2025-04-30 09:00:00,Boeing 787 Dreamliner Fleet Eclipses 1 Billion Passengers,Yahoo,https://finnhub.io/api/news?id=232895e74aa86d16bb5d884f7ca65fbe7101f5603267ccd0a19e885bb391ffa7,0.0,0.963,0.037,0.34
2025-04-30 07:03:58,Howmet (HWM) Q1 Earnings Report Preview: What To Look For,Yahoo,https://finnhub.io/api/news?id=6285f00c065a1458aed022b4ead67b173f1ff22d4e5a9f75ce7a55a8c7ce1a41,0.0,0.949,0.051,0.128
2025-04-30 00:39:00,“We’ll Happily Take Them All”: Boeing Stock (NYSE:BA) Gains as Another Buyer for the Chinese Planes Emerges,Yahoo,https://finnhub.io/api/news?id=b2e2f752079ed26a9ded6c0938369656b3d01eccfe1b91750c2e3a494661505a,0.05,0.777,0.173,0.9201
2025-04-29 20:48:39,Watch These Boeing Stock Price Levels After 5-Session Winning Streak Snapped,Yahoo,https://finnhub.io/api/news?id=1f3bee3bf206f1fcae0c22ba207689b85e5176f26b8ca0607cc8c01147f3fa90,0.039,0.727,0.234,0.8655
2025-04-29 19:54:18,Trump touts 100-day record in Michigan amid concern about economy,Finnhub,https://finnhub.io/api/news?id=203c8bc1787b721b74e3a25a264ffff01bb32368d186daaa834a71e501bb8101,0.12,0.79,0.09,0.1725
2025-04-29 15:08:30,Trump Is Finally Coming Face to Face With Voters After Approval Rating Falls,Yahoo,https://finnhub.io/api/news?id=be4d4faecfa07437fe6a34715d8dce9ca56b67d74b4b06013abff94cee1f80d8,0.0,0.941,0.059,0.6908
2025-04-29 14:40:47,UBS Recently Raised Its Price Target on Boeing (BA) Stock,Yahoo,https://finnhub.io/api/news?id=844526295309b0ecea88bfb0bf5953cd2d6d60560ebb3e80ea94e3344d48eb61,0.0,0.901,0.099,0.7096
2025-04-29 13:44:49,India's $67 Billion Boeing Bet Could Rewrite the US Trade Playbook,Yahoo,https://finnhub.io/api/news?id=b40eb8b6f7c143fd0ca9d36990e860e47eae370ecb6f158ca22909a8905caee2,0.0,1.0,0.0,0.0
2025-04-29 13:00:13,Is Trending Stock The Boeing Company (BA) a Buy Now?,Yahoo,https://finnhub.io/api/news?id=f333aa46ee07281bbf2ac135d80da6552bc4e44a3b3bf376645f1a226ac651be,0.0,0.886,0.114,0.4767
2025-04-29 12:18:23,"Emirates CEO on Aircraft Order Talks With Boeing, Airbus",Yahoo,https://finnhub.io/api/news?id=932fc6f3e715f53e11ce28de7838d21af4381cbbbe412d984ba0bb2b3888424e,0.0,0.941,0.059,0.5574
2025-04-29 11:45:56,Q2 2025 Woodward Inc Earnings Call,Yahoo,https://finnhub.io/api/news?id=1dd3437447364038be7d1741457a724022446a6c077b4db596b4d2aaec69ef43,0.0,1.0,0.0,0.0
2025-04-29 11:32:39,"Spirit AeroSystems, Airbus reach $439M divestiture deal",Yahoo,https://finnhub.io/api/news?id=09d211e9ad22dd1dbf446186231063e31f168195de7d3639deea18c0b5437c19,0.0,0.669,0.331,0.7506
2025-04-29 10:30:01,Xi Is Trying to Turn World Against US as Trump Cuts Trade Deals,Yahoo,https://finnhub.io/api/news?id=82dae76833aa16b8b8ef65a6e59d5e4c607af014945c812b4a6a42b3cd69025c,0.024,0.948,0.028,0.1027
2025-04-29 10:00:15,Elon Musk Lost 25% of Fortune During His Quest to Gut the US Government,Yahoo,https://finnhub.io/api/news?id=bba93100bcba292c9996f478927de950ffe9296f2f6bf4e51845aac49ea0578c,0.061,0.869,0.071,-0.0
2025-04-29 09:52:00,"Stock Market News for Apr 29, 2025",Yahoo,https://finnhub.io/api/news?id=f5a7fe4c88c802b4326d3d09156f44cdf8eb9787a141dfb74b8e0ead29451d21,0.0,1.0,0.0,0.0
2025-04-29 09:45:00,"Dow up 125 points on gains for Sherwin-Williams Co., Honeywell shares",MarketWatch,https://finnhub.io/api/news?id=45cd770616bf94d971e0a1d6d69f4351bdfdcf794842a90b51203356ef4de88a,0.0,0.662,0.338,0.802
2025-04-29 09:17:21,"Elon Musk Taps Friends, Associates For Private Sales Of Business Empire",DowJones,https://finnhub.io/api/news?id=ea63a1f2be976aced9e0d0ec300a3d75d97826e83ccad566a6d730d58ca0a2b4,0.0,0.763,0.237,0.7351
2025-04-29 09:02:29,"China's largest airlines deepen losses in first quarter as competition, US tariffs to weigh",Finnhub,https://finnhub.io/api/news?id=fc6ef70dd1bc4049be6f58157a0866d7313c0d0609da36c45ab6bae5bc017a0a,0.165,0.835,0.0,-0.7717
2025-04-29 08:17:17,Boeing Announces Winners of University Innovation Program,Finnhub,https://finnhub.io/api/news?id=55ff68bc0bac490e4f7d874f77bc2cf941b96fd62b9fdabd2fcd126b61f8e0af,0.0,0.718,0.282,0.886
2025-04-29 07:54:44,China blames US tariffs for halting Boeing plane deliveries,Fintel,https://finnhub.io/api/news?id=7742888eb046a2b0f3f3613eaed816ea3dd38183cd9ee02c9669f569359cf1d0,0.252,0.748,0.0,-0.4019
2025-04-29 07:42:00,Competition For Elon Musk’s SpaceX? Amazon Has Satellites Too.,MarketWatch,https://finnhub.io/api/news?id=c32133657ac439623e7361880a100ccb3878f6bc3c3ec09e5316e54d61e6ef4a,0.0,0.81,0.19,0.4137
2025-04-29 06:05:00,China Offers Olive Branch to U.S. Firms After Boeing Delivery Halt,Yahoo,https://finnhub.io/api/news?id=01d93154bfb3897bca1857784f187ffb0315b562ce517ebb75910f40ed50c1b7,0.051,0.886,0.063,0.128
2025-04-29 03:42:18,"Chinese airlines and Boeing severely hit by tariffs, Beijing says",Yahoo,https://finnhub.io/api/news?id=42cf2fed5f87b8f6ac1abd24a364a2a6cb0962f56369c90a6885524eb26c6658,0.08,0.815,0.105,0.3182
2025-04-29 00:03:39,Bernstein Upgrades Boeing (BA),Fintel,https://finnhub.io/api/news?id=8f6f382eb856b46939a5b6585ef4da77d5c3b5d19c84188675042c592fef7425,0.0,1.0,0.0,0.0
2025-04-28 23:42:18,China says its airlines and Boeing have been severely affected by tariffs,Finnhub,https://finnhub.io/api/news?id=da02a3a05fb7dadee745bd49705904432849b066a5aa0d9810c2272fe3f4aa11,0.174,0.826,0.0,-0.765
2025-04-28 14:53:49,Stocks Churn as Busy Earnings Week to Test Rally: Markets Wrap,Yahoo,https://finnhub.io/api/news?id=068217683677097bf96c79dd9b3261221bf57f20be61457d35169a1cde3284dd,0.012,0.988,0.0,-0.0258
2025-04-28 22:15:31,S&P removes Boeing's rating from CreditWatch negative on improving aircraft production,Yahoo,https://finnhub.io/api/news?id=446314fbe519ff36e8cd8eaaa4d45b0a17316a8924fdec677a5b5f9ebab573d4,0.165,0.795,0.04,-0.8316
2025-04-28 21:49:15,Boeing outlook remains negative as S&P cites recovery risks,Yahoo,https://finnhub.io/api/news?id=06f099a07de41be9b3698c8ef5efe53a1bbc9055978ff044c14c279c3b6a7394,0.213,0.709,0.078,-0.872
2025-04-28 20:57:42,"Stocks to Watch Recap: Domino’s Pizza, Nvidia, Boeing, Plug Power",Yahoo,https://finnhub.io/api/news?id=a21a90d44ee7068062dd0c0fd6998529b9c793515d7f8532b1bbe20f6d91f54d,0.0,0.953,0.047,0.4215
2025-04-28 20:34:00,Boeing Stock Rose Today for 2 Reasons,Yahoo,https://finnhub.io/api/news?id=e6e3df90a6a2efcb41793b1f9ce5542407e989f7a5d21b051c343d35e1297c69,0.0,0.881,0.119,0.4215
2025-04-28 20:07:27,Boeing Stock Rises as Company Gets Double Dose of Good News,Yahoo,https://finnhub.io/api/news?id=4bbfee25d1a3b22d68f59c52d8dc3fedb0c05aeb1f1072f84fe83583a0ec4f9a,0.0,0.774,0.226,0.8442
2025-04-28 18:32:11,Dow Jones Aerospace Giant Boeing Nears Buy Point; Spotify Earnings Imminent,Yahoo,https://finnhub.io/api/news?id=f33b4dfb055219487384ad488b4a5336db94f9010b8bb58addfdb16793f5695e,0.058,0.942,0.0,-0.2263
2025-04-28 16:17:01,"Boeing Stock Climbs On Upgrade, China Jet Offer; Airbus To Buy Spirit AeroSystems Plants",DowJones,https://finnhub.io/api/news?id=00b144db9bb990a3dd0e1f64fc1d6f4bc1e28bc1b08f2b067acd4146b830adf2,0.0,0.884,0.116,0.34
2025-04-28 15:22:00,"Boeing, IBM share gains contribute to Dow's 100-point climb",MarketWatch,https://finnhub.io/api/news?id=83b2322e6ba4998ed6f19591491fb74af43c92479b33a8619cac3a4c38e60b40,0.0,0.603,0.397,0.802
2025-04-28 14:16:13,Spirit AeroSystems Hands Over Key Airbus Programs In $439 Million Asset Transfer Deal,Benzinga,https://finnhub.io/api/news?id=32a020d2aafdb652fbe7fb70fe57add1a70a5bcf6482856163c611cc19c30a33,0.0,0.714,0.286,0.8225
2025-04-28 14:13:16,"Boeing, Jack in the Box, Eli Lilly: Trending Tickers",Yahoo,https://finnhub.io/api/news?id=eae2a324ac2d27d2017cbbeb863566777439a9cec76f5a9262ddb853d09408f6,0.0,0.953,0.047,0.6124
2025-04-28 14:11:32,"Fears for 2,000 UK jobs as Airbus and Boeing carve up Belfast factory",Yahoo,https://finnhub.io/api/news?id=cd23bdbd13ba4b6240ed50a6bedfa8c7f204e89bda15607a7afe7a04516bc602,0.124,0.876,0.0,-0.7351
2025-04-28 13:51:00,Boeing Stock Is Rising for Two Reasons,Yahoo,https://finnhub.io/api/news?id=5da307cdbfaf70857841af3e23a39f546b3c4af1cedc18889f128ffdecdf7d85,0.0,0.881,0.119,0.4215
2025-04-28 13:42:23,"Boeing upgraded, Chipotle downgraded: Wall Street's top analyst calls",Yahoo,https://finnhub.io/api/news?id=ccfd38b3216a7de003a6cfbf7db5194bf3734b965eabd281af8d80aff9bb1b36,0.0,0.816,0.184,0.3818
2025-04-28 13:37:00,How Should an Investor Play Boeing Stock After Q1 Earnings Beat?,Yahoo,https://finnhub.io/api/news?id=58b38074f32da43ae8f42a7a6a209e3371e5e525f651b025c5b3c47ebe56017a,0.165,0.65,0.186,-0.0258
2025-04-28 13:33:35,"Stocks to Watch Monday: Domino’s Pizza, Spirit AeroSystems, Nvidia, DoorDash",Yahoo,https://finnhub.io/api/news?id=80dd1b667a729633f2d5b4cf04a8d964f063a264d95680d4f1f575edb19d2083,0.0,0.901,0.099,0.5423
2025-04-28 11:55:00,Turbulence Ahead? Airlines Look To Navigate Uncertain Tourism Outlook,SeekingAlpha,https://finnhub.io/api/news?id=f4159df7881dbf946427e898ea8217e2478c8fb16c8610e4f83f3f648119cb3e,0.106,0.717,0.177,0.4696
2025-04-28 11:37:00,"Boeing is getting back to 2023, analyst says. Investors can buy the stock again.",MarketWatch,https://finnhub.io/api/news?id=d23b8a2a992bdd15f9129d5cc5aefdc4cb80aabce7ef818055e6857e7daa0b0c,0.0,1.0,0.0,0.0
2025-04-28 11:15:09,Boeing shares up in premarket as Bernstein upgrades to Buy on improved outlook,Yahoo,https://finnhub.io/api/news?id=953e0cb48d907675eb1f695f0aca52382bd3567ff1d8a9172d5aee364e169530,0.0,0.813,0.187,0.8126
2025-04-28 10:53:39,Market Chatter: Riyadh Air Offers to Buy Boeing Jets Blocked From China Amid Trade Tensions,Yahoo,https://finnhub.io/api/news?id=4ee8659a397754d54519c9d990503ecd915f4b658b2c42eb6fee6ca44e2dc33d,0.14,0.787,0.073,-0.3182
2025-04-28 10:50:00,"Dow's 175-point rally highlighted by gains for shares of Boeing, Caterpillar",MarketWatch,https://finnhub.io/api/news?id=5b91356091aefb076d0bc490b953b80451158b818da5a5213e2fd31a256f5b40,0.0,0.662,0.338,0.802
2025-04-28 10:23:34,XLI: The Pick If You Are Bullish On U.S. Manufacturing,SeekingAlpha,https://finnhub.io/api/news?id=dd6a1b140aff87954e8c59240f457d321c3ba456210a156e281f83ac7f401cc4,0.0,0.886,0.114,0.4019
2025-04-28 10:03:28,"US aviation industry slammed by tariffs, seeks exemptions",Yahoo,https://finnhub.io/api/news?id=6f6d2e3981ac11b1100b9599f497572348bc399b69a01869e1cbc3246fccfcda,0.073,0.833,0.094,0.4588
2025-04-28 09:47:27,"Riyadh Air willing to buy Boeing planes from cancelled Chinese orders, CEO says",Yahoo,https://finnhub.io/api/news?id=5bad7b6a6e448cb5d107c0e8e79ee687b4cc6c6b839d0e8fcf590653921f27bd,0.059,0.844,0.097,0.6997
2025-04-28 09:45:00,"Boeing, Goldman Sachs share gains contribute to Dow's 280-point jump",MarketWatch,https://finnhub.io/api/news?id=fc1c1378d89193d31e846b12de2727d91702d2b20c596ae69a35c4bbfbc4a470,0.0,0.635,0.365,0.802
2025-04-28 09:31:00,Airbus Reaches Deal to Buy Spirit AeroSystems Plants,Yahoo,https://finnhub.io/api/news?id=60d0938b5b4dee83af6502e2965458012dec6ed99aa786656a66ac2332ab6491,0.059,0.831,0.109,0.0258
2025-04-28 08:48:56,"Riyadh Air CEO on Tariffs, Cabins, Orders, Deliveries",Yahoo,https://finnhub.io/api/news?id=2fa7762de39508f283cc53d2b1397df269c2f8bb76efc91cb6e78a97834b814e,0.0,1.0,0.0,0.0
2025-04-28 07:27:07,"Airbus Finalizes Deal With Spirit To Take Over Assets, Paving Way For Boeing Acquisition",Benzinga,https://finnhub.io/api/news?id=311f1b0694ab1a3523b27a7e54c44cdff76cdabb72c47a911fdce5e0fae1e53b,0.0,0.799,0.201,0.5859
2025-04-28 06:11:11,Joint Development Agreements And Trade Secrets - Sweat The Small Stuff,Finnhub,https://finnhub.io/api/news?id=f737498311841432dd8d1ebf69ff458cf116cf91879b850cd302d118c3e09248,0.0,0.81,0.19,0.7184
2025-04-28 04:12:06,Unions warn on UK jobs as Airbus reaches Spirit Aero factory deal,Yahoo,https://finnhub.io/api/news?id=becff465859f1f01aadedab927abd7c6f336a4fdc665dd33bf84a21692725495,0.123,0.782,0.095,-0.7783
2025-04-28 03:09:52,The Boeing Company (BA): Among the Best Military Drone Stocks to Buy Now,Yahoo,https://finnhub.io/api/news?id=3f0555b3df01d4ba0f6a61533cbdfe9baffa57822a354b9755a06bed33fc162f,0.043,0.8,0.158,0.9042
2025-04-28 01:02:53,Spirit AeroSystems Announces Asset Divestiture To Airbus Ahead Of Boeing Company Acquisition Closing,Benzinga,https://finnhub.io/api/news?id=9c190a58a38b16a12ea62ee5785dae1458d2cf6252d243f3591cf7ee2eed1337,0.0,0.874,0.126,0.5994
2025-04-27 10:06:00,SpaceX Trounces Boeing and Lockheed as Space Force Hands Out $13 Billion in Launch Contracts,Yahoo,https://finnhub.io/api/news?id=077c466f65bb435ba9d29a05b8731d50bfaf2e1a85b0d96495d09ea589a33164,0.11,0.84,0.049,-0.5499
2025-04-27 07:01:34,Woodward (WWD) To Report Earnings Tomorrow: Here Is What To Expect,Yahoo,https://finnhub.io/api/news?id=4961c15bbbd501420e0c9d4b5cea637f73125ab711ee995960f89a2a949a57e0,0.0,0.945,0.055,0.128
2025-05-12 17:59:08,US approves possible sale of Chinook helicopters and F-16 sustainment to UAE,Finnhub,https://finnhub.io/api/news?id=e8d8d587639227ea84ddaeebc30ed48e5f43bf1d0f00e5417e5bd1f727a92615,0.0,0.874,0.126,0.6705
2025-05-12 16:03:14,Boeing Wins Big In Trade With $22 Billion In New Orders,SeekingAlpha,https://finnhub.io/api/news?id=b4021ea204a06a31d5020f291469ea4f08f1f886fd2ab802f17048a7addac094,0.0,0.773,0.227,0.8555
2025-05-12 13:42:08,Trump says it would be 'stupid' not to accept gift of Qatari plane,Finnhub,https://finnhub.io/api/news?id=e6117ee5e6921ab4a0a46c56790e5a2f160846ae35a50db646f89e943a03f6d6,0.191,0.605,0.203,0.1803
2025-05-12 13:10:00,Boeing’s stock jumps as China trade deal leaves door open for new plane orders,MarketWatch,https://finnhub.io/api/news?id=a49975691669c9288ab8ce07f2c2d68aab0a8989f6ea0717301f7d3705340b17,0.0,1.0,0.0,0.0
2025-05-12 11:25:15,ETHIOPIAN AIRLINES SELECTS PANASONIC AVIONICS ASTROVA FOR 777X FLEET,Finnhub,https://finnhub.io/api/news?id=ba0f26a8e44f2527c2ad05c17b6f8cc026d047866719d5e4f780e5735da90561,0.0,0.806,0.194,0.7717
2025-05-12 10:52:00,Boeing Has an Air Force One Deal. How Qatar’s Gift Fits In.,MarketWatch,https://finnhub.io/api/news?id=f07e507e548765aefe543875905a5c647c6653196197e017c04410f2f3ef77dd,0.0,0.791,0.209,0.7003
2025-05-12 10:50:28,Trump says U.S. needs Qatari plane after Boeing delays,Finnhub,https://finnhub.io/api/news?id=f6ddc966949078a51b422df21e58124b31a5b33ec78635dd983cb28539eef24a,0.065,0.817,0.118,0.3612
2025-05-12 09:34:34,"Dow Jones Surges 1,000 Points On Trump-China Tariff Deal; Apple, Nvidia, Tesla Rally",DowJones,https://finnhub.io/api/news?id=70265ee530c25c07cc2da274a5c5d79883f7e4fa2698bad65b0e589d2ebaca95,0.0,1.0,0.0,0.0
2025-05-12 07:54:19,U.S. presidential visits to Saudi Arabia in good and bad times,Finnhub,https://finnhub.io/api/news?id=3bcd680b377a1cfab413adf8f944eabde4e8ce983ad7e5f9681e04047db409ef,0.085,0.845,0.07,-0.1531
2025-05-12 07:30:00,Make Fewer Investing Errors With Barry Ritholtz,SeekingAlpha,https://finnhub.io/api/news?id=697d959231df5eb482b8d6ab428520da2a1607dcef957a61650cd744fe7b0376,0.117,0.777,0.107,-0.0516
2025-05-12 01:59:31,"Trump Set to Accept Luxury Jet as Gift From Qatar, ABC Says",Yahoo,https://finnhub.io/api/news?id=1a641e9ff19b2cc19fc8cea8ca294bcfbd407af505266ef4ee86de3b1d8c60fc,0.074,0.781,0.145,0.8004
2025-05-12 00:39:07,PRESS DIGEST- New York Times business news - May 12,Finnhub,https://finnhub.io/api/news?id=61a1e79bec5ffe5304af87f09b22ebec47109d32adb94d39c743ef850af9b93a,0.0,0.955,0.045,0.2023
2025-05-11 23:20:16,U.S.-China Talks End: Bessent Touts 'Substantial Progress'; White House Signals Deal,Yahoo,https://finnhub.io/api/news?id=912791634a149a0762acf57394a3798cfa95a6d782f4e6d545d513fbd22b453b,0.033,0.634,0.332,0.836
2025-05-11 22:20:00,Trump defends prospect of Qatar gifting him luxury jumbo jet to use as Air Force One,MarketWatch,https://finnhub.io/api/news?id=fe30a8c93e5a537f7a9a69e0ba08ef22cbb49a7f4814dd8382edfd870ad99339,0.0,0.872,0.128,0.5267
2025-05-11 21:39:43,S&P 500 To 5900 And Ending With A FOMO Rally. What's Next?,SeekingAlpha,https://finnhub.io/api/news?id=9629ec51b36d92c00c3be0d35e436e3a1ef6c90863352dd848b9b721590bffdd,0.0,0.861,0.139,0.6705
2025-05-11 21:02:29,Trump plans to accept luxury 747 from Qatar to use as Air Force One,Finnhub,https://finnhub.io/api/news?id=42bbb0b2b87076640d97b2bd8607a8b7ec13d7ab04d077ad61a0568a1ffe6c6e,0.0,0.838,0.162,0.7964
2025-05-11 19:00:24,Stephen Miller Says 'History Will Record' Trump's Tariffs As The Start Of Saving The West From China's Economic Domination',Yahoo,https://finnhub.io/api/news?id=e8cd486f60c969f78c2619c143a0c0db056d4088afcb1143c74e523b25610808,0.051,0.933,0.017,-0.34
2025-05-11 18:25:26,"Trump plans to accept luxury 747 from Qatar to use as Air Force One, source says",Finnhub,https://finnhub.io/api/news?id=159d154c7b8c45752a72cd4a960654be9733349307500a2b5f1fe1e6bfa9938f,0.0,0.89,0.11,0.3818
2025-05-11 15:51:00,Invesco Convertible Securities Fund Q1 2025 Commentary,SeekingAlpha,https://finnhub.io/api/news?id=d09e393b5d10273aab13e502aff24839414ec416c6f0d2b7af102747a2f6c54f,0.119,0.825,0.057,-0.34
2025-05-11 10:16:05,Lisi: 2 Rising Stars And 1 Laggard,SeekingAlpha,https://finnhub.io/api/news?id=d46147f358789683027042f47cb5e906ccb4f41b8a58df65e0a4d4f67036f142,0.105,0.674,0.221,0.4767
2025-05-11 08:10:14,Flash! Boeing is on a roll,Yahoo,https://finnhub.io/api/news?id=fb991f6fac7c34de37a16a1dc307ab3b6296113c33004f66c6572a15b7d2032b,0.0,0.865,0.135,0.3595
2025-05-11 06:45:24,XAR: Often The Best Offense Is A Great Defense (And Aerospace) ETF,SeekingAlpha,https://finnhub.io/api/news?id=62fb1c19e38bc1c68502788d2b205150968e833c5e6b6388e05af247969c9304,0.043,0.713,0.244,0.8519
2025-05-10 08:05:00,"Dividend Investors, It's Time To Raise Cash, Here's Why",SeekingAlpha,https://finnhub.io/api/news?id=6a150267c8d3e0bc41f65942a6bcc727267ce96b659014d0a86febe985b2efac,0.051,0.878,0.071,0.2023
2025-05-09 21:10:00,"The Score: Disney, Berkshire Hathaway, Ford and More Stocks That Defined the Week",Yahoo,https://finnhub.io/api/news?id=cb26b3e733bfced24aa9850e7a0e0e646850f9542e1765f2f5cb71c62b9b8b08,0.0,0.862,0.138,0.8689
2025-05-09 20:21:00,Boeing Stock Rises. Trump Was Right.,Yahoo,https://finnhub.io/api/news?id=f6810d6e637704bb6e7ac1b7885e3511e4cca6c3ff089142f951573f6d5c416f,0.0,1.0,0.0,0.0
2025-05-09 18:45:29,Boeing is the big winner in Trump's first trade deal,Yahoo,https://finnhub.io/api/news?id=8969f36cbd9f24ea76ddb5f57366330e0460bd4492a1a58732183789ab77d49a,0.0,0.794,0.206,0.926
2025-05-09 17:29:07,Industrials Flat Ahead of Trade Talks -- Industrials Roundup,Finnhub,https://finnhub.io/api/news?id=b9220519d9dc02c9c0d019fc71c84db57b38b8587fe6f704835d8432c8fbfa3d,0.03,0.909,0.061,0.2732
2025-05-09 16:33:43,Senior Plc: Why I Remain Bullish Despite Challenges Faced On Airplane Production,SeekingAlpha,https://finnhub.io/api/news?id=37946b73a33bc3024b2e3e62a7b60a8e78aa95aee1731c41694d8ac12218dec0,0.06,0.656,0.284,0.8828
2025-05-09 12:49:53,How British Airways helped land Starmer’s trade deal with Trump,Yahoo,https://finnhub.io/api/news?id=172e344c6d02cfa1923c044fcb7dbb70193fff9eff6262980f6ab6836f71ceac,0.0,0.928,0.072,0.34
2025-05-09 12:30:33,"Stock Market Today: Dow Jones Futures Rise As Trump Suggests Lower China Tariffs; Cloudflare, Lyft Surge On Earnings",Yahoo,https://finnhub.io/api/news?id=7b5be8bddf0e135116fae515e69614a1286a97bdf617b897e67d4e9039306a51,0.109,0.891,0.0,-0.5267
2025-05-09 11:50:09,EU Tells Trump: No Side Deals or Shortcuts on Trade Negotiations,Yahoo,https://finnhub.io/api/news?id=de38dd3d0f12a33a250f7637f44ca3a4562d0dc5062425919e58abf20353cb63,0.157,0.791,0.052,-0.8299
2025-05-09 10:29:00,"Boeing Stock Is Rising as U.K. Buys Planes, Just Like Trump Said",MarketWatch,https://finnhub.io/api/news?id=700a6505e3bdff8be82c6bb619358d077054091daf6c634bd76be447ab10f2af,0.0,0.815,0.185,0.6124
2025-05-09 10:09:00,"Dow's 115-point rally highlighted by gains in Chevron, Boeing stocks",MarketWatch,https://finnhub.io/api/news?id=064a9b4553902b87fc0a1f8158e40d77684b0dde415530f1fb5727743bf5adfd,0.0,0.789,0.211,0.5859
2025-05-09 10:00:52,Boeing is the first winner in new era of piecemeal trade deals,Yahoo,https://finnhub.io/api/news?id=ef5ba4cbf73e77e1a4e673aeebd1981123543847159b1e2b1086e761189dad81,0.0,0.851,0.149,0.5994
2025-05-09 09:04:12,"Trending tickers: TSMC, Lyft, Coinbase, Pinterest and IAG",Yahoo,https://finnhub.io/api/news?id=2775557061eadd86810fa4f3866cea0a19071b4c44eec4fab9c337a7c868104f,0.0,1.0,0.0,0.0
2025-05-09 08:53:00,British Airways Owner IAG to Buy 53 Boeing and Airbus Planes Despite Market Uncertainty,Yahoo,https://finnhub.io/api/news?id=da3c0f652d1b84316d35b7ccba070cb2279b5113e845d309827574193034d3ac,0.0,0.94,0.06,0.2584
2025-05-09 07:03:40,British Airways owner IAG buys 32 new Boeing planes from US amid trade deal,Yahoo,https://finnhub.io/api/news?id=6f17aa6f75af1c5bb09d137d3467711320d2f454e6afbfa4cfc7cfdc116f493e,0.113,0.887,0.0,-0.4939
2025-05-09 07:01:37,Tarapore: Boeing Deliveries Are Improving,Finnhub,https://finnhub.io/api/news?id=283dc0b637bf1b81cb397b7c7233dd70e23eadd2a8ed8a32afd3a4121277fedc,0.0,0.922,0.078,0.4215
2025-05-09 06:51:52,"Wall Street Breakfast Podcast: IAG Fuels Fleet With Boeing, Airbus Buys",SeekingAlpha,https://finnhub.io/api/news?id=a20896d4f86230d3bd1e1f757e885fab023cd9be80be5e1d8fe61833da1ece8c,0.105,0.833,0.062,-0.2023
2025-05-09 06:45:16,BOEING CO : Buy rating from UBS,Finnhub,https://finnhub.io/api/news?id=831a17e655b73d7d2ec8a8a8144b2a916b0923e7b24a585dbfd14605bf38c6bb,0.0,0.94,0.06,0.2732
2025-05-09 06:39:00,How a China Trade Deal Would Put Stocks on Course for New Records,MarketWatch,https://finnhub.io/api/news?id=22959075900d058bcb9b7cb466422b77faa70bf0a287a3565acc8cbd4faf6cb4,0.0,1.0,0.0,0.0
2025-05-09 06:11:14,IAG orders 71 long-haul jets split between Airbus and Boeing,Yahoo,https://finnhub.io/api/news?id=1d8a7a34749d6b47d5ce1d0e132096027e6ad4fbc513c6579b4929fdfbdcb615,0.0,0.948,0.052,0.5994
2025-05-09 04:48:00,That big Boeing plane order? British Airways operator IAG has ordered 32 of its jets.,MarketWatch,https://finnhub.io/api/news?id=5b31e2613ef548d39a95bf68a2f656bead77a9fcc9e607bed4272e3c6d64c932,0.0,1.0,0.0,0.0
2025-05-09 01:00:00,Defense Stocks Are Under Fire. How to Play the New World Order.,MarketWatch,https://finnhub.io/api/news?id=86165cc20ae271ac43540aacf643c943ecde271f6643ddf57841353e07b7ae95,0.157,0.588,0.255,0.25
2025-05-08 21:58:42,"From Apple to GM, Tariffs to Cost Companies Tens of Billions",Yahoo,https://finnhub.io/api/news?id=3022292d41dad23f3268df89f56ef41fcb1b74d88d4dd7e87551f92749aeba0e,0.195,0.758,0.047,-0.9312
2025-05-08 20:47:32,"Stocks to Watch Recap: Coinbase, Boeing, Intel, Krispy Kreme",Yahoo,https://finnhub.io/api/news?id=dbd63987ac93e71b6f9d06fa8faf791b872a8df0438f4d7f89e68b7d05c82372,0.0,0.905,0.095,0.5267
2025-05-08 14:53:50,"Stock Market Today: Dow Jones Up Mildly, Small Caps Rally On UK Deal; Robinhood Breaks Out But Fortinet Falters (Live Coverage)",Yahoo,https://finnhub.io/api/news?id=3584ac7db511b78283b851d2de1400c7fc8aafeea6e1edac0622893f7b4aedb3,0.144,0.761,0.095,-0.5499
2025-05-08 20:28:00,Boeing Stock Jumps on Trade News. It Isn’t About Plane Sales to the U.K.,Yahoo,https://finnhub.io/api/news?id=3dc5c6aaa841bc8ec00d06ad98f41293c14315587f4fe89fa4b41501a7837ff2,0.0,1.0,0.0,0.0
2025-05-08 18:50:00,$10 Billion Mystery Deal Sends Boeing Soaring -- But Who's Cutting the Check?,Yahoo,https://finnhub.io/api/news?id=8bdbf656d00b9d29e61492e24963e1edaea7a79f8bfe99138ee67af087e1916c,0.059,0.836,0.106,0.3421
2025-05-08 17:50:58,"British Airways parent IAG to order about 30 jets from Boeing, Bloomberg News reports",Yahoo,https://finnhub.io/api/news?id=d2ae13c95abd4eeeb1575c28c5f1c07542e692da96e3354610d0a2ac55b7c8e2,0.0,0.898,0.102,0.5719
2025-05-08 17:47:44,UK-US trade deal benefits Rolls-Royce amid tepid FTSE,Yahoo,https://finnhub.io/api/news?id=e55dec616219eb8ce8f04556f9078e3ecafa6758cc05ee9c33bb825237aeea03,0.048,0.729,0.224,0.7906
2025-05-08 17:41:28,"Boeing, Defense Stocks Take Off, But No Thanks To Industry Giants Lockheed, Northrop",Yahoo,https://finnhub.io/api/news?id=d83296d5e2cd11cf46fd0891f46f6d1a67e2f2d4e968b5663f180f4b18602ff0,0.082,0.84,0.079,-0.2753
2025-05-08 17:30:00,Trump admin. announces $10B Boeing deal with an UK airline,Yahoo,https://finnhub.io/api/news?id=99a18652c5d4177dc2407a845a84ace2c6e9feacf1849ac0dbe34ed534fa31d4,0.0,0.881,0.119,0.8957
2025-05-08 16:49:55,"Trump Talks Tariffs, Tech Stocks Gain As QQQ Leads The Charge",Benzinga,https://finnhub.io/api/news?id=416ffeb9d2d44f9f7b19038b3948b0b2f8c63fcb9dad99f6d585809e44be8fb1,0.0,0.792,0.208,0.7845
2025-05-08 16:36:50,"Stock Market Today: Dow Jones Finishes 250 Points Higher On U.S.-UK Trade Deal; Boeing Soars Past Buy Point, Bitcoin Races Past $100,000 (Live Coverage)",DowJones,https://finnhub.io/api/news?id=d9945341cb9fa60de81ac0c5744e89f4db53ddb86865c442369d00cd92ebe70d,0.0,1.0,0.0,0.0
2025-05-08 16:28:43,"Britain's IAG to buy Boeing and Airbus jets, sources say",Finnhub,https://finnhub.io/api/news?id=03354d5f3ff4e16c2b372a2befb12d605d63253797748da32530f42b3eef4c9f,0.0,0.933,0.067,0.4215
2025-05-08 16:27:27,"Trump, Starmer herald limited US-UK trade deal, but 10% duties remain",Finnhub,https://finnhub.io/api/news?id=5c85bf373a1df7c285ff6903344f79c60fa7d4abf83a4f72c1781c7d744dbd49,0.098,0.902,0.0,-0.4215
2025-05-08 16:22:00,Trump rolls out U.K. trade agreement. It’s a relief — but deals with other countries are more crucial.,MarketWatch,https://finnhub.io/api/news?id=c5c3860c6a19a38aaf18fdbf17c01be63fea686e0af08e4e77a536f043564bf4,0.0,0.717,0.283,0.9118
2025-05-08 16:18:28,Wall Street gains as first trade deal reached,Finnhub,https://finnhub.io/api/news?id=a5b9e99feacc1920cf417c882a24fd68e9f03bf2acbdcb6e1a373a9ee2d815eb,0.0,0.703,0.297,0.9022
2025-05-08 16:05:24,"Trump confirms first trade deal with UK, 10% rate will be ’lowest end’",Yahoo,https://finnhub.io/api/news?id=8f5857736666cf0a7b724c8f351a66a5929be3d6735cba9745dfed114aac4801,0.0,0.92,0.08,0.6249
2025-05-08 16:00:56,Wall Street rallies as first trade deal reached,Finnhub,https://finnhub.io/api/news?id=628452d2c2f6abb8115dd65ef3a93a561d0988db26ea7b6483307578eddb865b,0.0,0.743,0.257,0.8658
2025-05-08 15:25:50,"UK to announce $10 billion Boeing purchase, US commerce secretary says",Yahoo,https://finnhub.io/api/news?id=8776138da1559f44a316b327c59dc32a293d6f9685d32023d0eab468d49132fe,0.02,0.924,0.056,0.5574
2025-05-08 15:22:00,"Boeing, Walt Disney share gains contribute to Dow's 550-point rally",MarketWatch,https://finnhub.io/api/news?id=f0adf66690b4a5ea8d242c39b4f9e933b621f0707966fdf1c8e57122d7fec8b4,0.0,0.635,0.365,0.802
2025-05-08 15:17:03,Lutnick Says a U.K. Airline Will Buy $10 Billion Worth of Boeing Jets,Yahoo,https://finnhub.io/api/news?id=00e165f42dc187bf1582e6bc694b4290328a110dcec7bdab030977c8409c8575,0.0,0.815,0.185,0.8442
2025-05-08 14:51:42,Boeing Secures Order From Taiwan's China Airlines,Yahoo,https://finnhub.io/api/news?id=dac7ba2b7e4c9a5c16f4b48302e0ccd4dc57911f81c4341778b3213b0efe7cc4,0.0,0.947,0.053,0.5423
2025-05-08 14:35:52,"Singapore Technologies Engineering: After A 72% Rally, Is There More Fuel In The Tank?",SeekingAlpha,https://finnhub.io/api/news?id=c71b4a3fbcd10016d0bd1f45705ba386f7a9be51a00d6543fea8f40985383f5b,0.033,0.863,0.104,0.4215
2025-05-08 14:28:10,Wall Street rallies as first trade deal domino falls,Finnhub,https://finnhub.io/api/news?id=1eb646103a4d751f70d604f843574b73a4eb7cea638ac43bc19c9129e8ad126c,0.0,0.785,0.215,0.8519
2025-05-08 14:00:00,"Dow up nearly 450 points on gains for Boeing, Walt Disney stocks",MarketWatch,https://finnhub.io/api/news?id=c0fea8451ecb582e61888ca2a0c12b6268d3e8abc367ec4d1c71a1a3b9eac1c6,0.0,0.821,0.179,0.5859
2025-05-08 13:42:21,IAG SA Is Poised To Order About 30 Boeing Co 787 Dreamliner Aircraft - Bloomberg News,Finnhub,https://finnhub.io/api/news?id=b8f58b68adcca18a0ea558b86c2e1547fe9d1060234951b42a11e97c945e8033,0.0,0.887,0.113,0.5766
2025-05-08 13:26:07,"Bank stocks rally, with Goldman among the Dow’s top performers",MarketWatch,https://finnhub.io/api/news?id=11e3bd6edf582ba408c5c9c24d94399437c1cb1f820df01b0f36ba0b3b9d7a6e,0.0,0.833,0.167,0.3818
2025-05-08 13:20:41,China Airlines finalizes deal for 4 Boeing 777-8 cargo aircraft,Yahoo,https://finnhub.io/api/news?id=5afe047ebb46ba95d6f8592550b795692e77afae2dff2825c471e37dddc9743e,0.0,1.0,0.0,0.0
2025-05-08 13:00:28,"Wall Street Rallies After US Seals First Trade Deal: 'You Better Go Out And Buy Stock,' Trump Says",Benzinga,https://finnhub.io/api/news?id=18424a5704590892651782acc33bb3b24fab5d7cb3204f04a73674b5ae9f5fde,0.037,0.741,0.222,0.8996
2025-05-08 12:38:10,Wall St rises after US-Britain trade deal boosts market confidence,Finnhub,https://finnhub.io/api/news?id=2436188450533395ed43f951220588ae4d9b0865c1fd2fefa55c94beb6c861b9,0.0,0.819,0.181,0.8126
2025-05-08 12:23:27,US transportation chief to call for overhaul of air traffic control system,Finnhub,https://finnhub.io/api/news?id=9209843103b9f52b4b3c723816b7617125309680392cda36311c72ae89376589,0.0,1.0,0.0,0.0
2025-05-08 12:18:00,Trump Makes a Deal With the U.K. Now Comes the Hard Part.,MarketWatch,https://finnhub.io/api/news?id=39e583917830b44ecdec13b58c243fe3183ec2d5fd830bdc916126b386ab14cc,0.113,0.887,0.0,-0.2023
2025-05-08 12:08:23,What's in the US-UK economic deal?,Finnhub,https://finnhub.io/api/news?id=bd56e7304fe3522cfd577624f87f231b07f3b4fbebb993f029d5735d6c10ae5e,0.094,0.721,0.186,0.6369
2025-05-08 12:04:17,Trump announces his first trade deal with the UK. Here’s what’s in it.,Yahoo,https://finnhub.io/api/news?id=5dd55bd5087b3b0493f5ccd267bf41473eac83bb28fcab25d83b739190352f8c,0.153,0.746,0.101,-0.4019
2025-05-08 12:00:00,"Dow's 550-point rally led by gains for Boeing, Goldman Sachs shares",MarketWatch,https://finnhub.io/api/news?id=b950c8b047002843841dbdaeaa97c610af4ee8ac40cdc83f622c145e18e0cb15,0.0,0.662,0.338,0.802
2025-05-08 12:00:00,"EU to Target US Cars, Planes, Bourbon If Trump Won’t Do a Deal",Yahoo,https://finnhub.io/api/news?id=6f382e64fee353c7681d1ef8e5c8fba749b7a41ed65417af429196bf7d315db8,0.123,0.827,0.05,-0.802
2025-05-08 11:54:07,President Trump Says Now In Market To Buy Brand New Air Traffic Control System; Going Out To Bid Very Soon; ATC System Would Cover Entire World,Benzinga,https://finnhub.io/api/news?id=9a394b0382ac29145e8ef915d844827e22265e5d4cfb9e635a9add626232a972,0.0,1.0,0.0,0.0
2025-05-08 11:51:28,President Trump Says Will Talk Soon With Heads Of Airlines,Benzinga,https://finnhub.io/api/news?id=3efba3913e14773fcd14c110a7cd17caaa328d05f374369e691b4cbf1b39467d,0.0,1.0,0.0,0.0
2025-05-08 11:36:35,S&P 500 hits session highs as Trump unveils U.K. trade deal,MarketWatch,https://finnhub.io/api/news?id=c6aee983a716373bef6120b8bcd174aa4dc49daffe736df8ad7f99f29980eebb,0.0,1.0,0.0,0.0
2025-05-08 11:26:59,"Boeing climbs, lifting Dow as Lutnick teases $10 billion order",MarketWatch,https://finnhub.io/api/news?id=96071ef7e1d2c26fa8a08ae3bba21642298e1f5fe7386b93ee843ff146efb77c,0.196,0.804,0.0,-0.5267
2025-05-08 10:59:00,"Dow's 100-point rally highlighted by gains for Walt Disney, Goldman Sachs stocks",MarketWatch,https://finnhub.io/api/news?id=b7d0fa6ac4bce28824279b6d2ada25430d348b9b78cc6bd37007e9a2cec8780f,0.0,0.821,0.179,0.5859
2025-05-08 10:22:21,What items are in the EU's new response measures to Trump tariffs?,Finnhub,https://finnhub.io/api/news?id=b7fcc5c70084fe095ab20c16d85cb9f2d4d4c5abca6dd8710eaebe2ae96ecbe3,0.08,0.92,0.0,-0.5423
2025-05-08 09:16:21,EU sets out possible 95 bln euro response to U.S. tariffs,Finnhub,https://finnhub.io/api/news?id=d865af579450bc33718b60bf259250a9ab4c5f14ba571677804e11047d47b7f8,0.0,1.0,0.0,0.0
2025-05-08 07:58:22,Taiwan's China Airlines orders 14 Boeing 777X planes,Yahoo,https://finnhub.io/api/news?id=8c077173d739485bce8fc4d3661c8df408ae3ef5c7edf5546c21507435c35ce0,0.0,1.0,0.0,0.0
2025-05-08 07:30:00,China Airlines Announces Order for Boeing 777X Passenger and Freighter Models,Yahoo,https://finnhub.io/api/news?id=1a5074a610824a3709ad1135184b282e341437071c0a5e79b3222107b5d12194,0.0,1.0,0.0,0.0
2025-05-08 06:48:30,Wall Street Breakfast Podcast: Energy Firms Oppose U.S. Ship Mandate,SeekingAlpha,https://finnhub.io/api/news?id=5c53f78539fee14ee89577676bc59895803a211b72e4f20e2dea67860a861a6d,0.0,0.873,0.127,0.4939
2025-05-08 06:14:53,"US Stocks Likely To Open Higher After Two Days Of Advance: 'Market Has Found Its Balance,' Says Expert Citing S&P 500's Technical Analysis",Benzinga,https://finnhub.io/api/news?id=c75451d48fa96529e79fd2674a7c81f7a12f172f7e9c6da4dfb3074c79bcd7be,0.0,1.0,0.0,0.0
2025-05-08 05:02:09,"Norwegian Air cuts capacity forecast due to delayed Boeing deliveries, shares drop",Finnhub,https://finnhub.io/api/news?id=b62b6f604154a2210b6230a421a11a20635104331cf570c7b3b75330f19a6729,0.27,0.693,0.037,-0.7964
2025-05-08 04:04:19,Boeing: China Airlines orders fourteen 777s,Finnhub,https://finnhub.io/api/news?id=a219cb58bd7b92afb33791ce1f3539cd8a7649e25d1f88182f642ae5950a6dda,0.0,1.0,0.0,0.0
2025-05-08 03:39:16,China Airlines orders 14 Boeing 777X planes,Finnhub,https://finnhub.io/api/news?id=23ed04d0f0bc48b63f28c3e9f948cb0def72f43d2cce57763668ee1ba00d7707,0.0,1.0,0.0,0.0
2025-05-08 03:34:07,Boeing Says China Airlines Announces Order For Boeing 777X Passenger And Freighter Models,Finnhub,https://finnhub.io/api/news?id=d0eee2b3f3878ab0c7420d104a851903580723fbfa8ee2933b040f70e2aa6f33,0.0,1.0,0.0,0.0
2025-05-08 03:11:32,"Emirates airline posts record annual profit, reflects Dubai's growth as aviation hub",Finnhub,https://finnhub.io/api/news?id=f66b9f24d575196202e002d81f4441d1500a47801d55acc99973920469ac0098,0.0,0.706,0.294,0.9269
2025-05-08 00:32:27,"Boeing proposes 2027 delivery date for new Air Force One jets, official says",Yahoo,https://finnhub.io/api/news?id=a72b522911c388b107b7018fc0a58b36941f28944563569459848f0863803449,0.025,0.948,0.027,0.2801
2025-05-07 23:50:10,PRESS DIGEST-Financial Times - May 8,Finnhub,https://finnhub.io/api/news?id=5ed40e885dc59d95eec2e35935f13be2c06ff3ccfdf32cee8aade607dacf0368,0.0,0.945,0.055,0.2023
2025-05-07 20:06:28,Boeing taps Wisk Aero CEO to head commercial airplane product development,Yahoo,https://finnhub.io/api/news?id=a7705d6d23a3b53e902dbd80b4c42d4a4c625da7bfd70f2dd5de8df8ddbab8f1,0.0,0.896,0.104,0.8548
2025-05-07 19:11:00,Marjorie Taylor Greene Goes Stock Shopping Again: Here Are 50+ Stocks The Congresswoman Bought,Benzinga,https://finnhub.io/api/news?id=5cca64ec11aaba04b945d06e8fed345e4625528cac1f063d305299542a1c321b,0.0,1.0,0.0,0.0
2025-05-07 18:10:39,Is The Boeing Company (BA) the Best Dow Stock?,Yahoo,https://finnhub.io/api/news?id=0e6749a9fbe1f4403a71926e24dc83264d6c7cb38f030bba9de4c2019b8911aa,0.053,0.774,0.173,0.8519
2025-05-07 10:44:22,EU Plans to Hit Boeing With Tariffs If US Trade Talks Fail,Yahoo,https://finnhub.io/api/news?id=0e71b040d451de572669efe6a44b82f63f8a44a47afda170c03e6953d9fb0dad,0.175,0.801,0.023,-0.936
2025-05-07 11:48:13,Airbus April Deliveries Totaled 56 To 33 Customers; April Gross Orders 11; 2025 Deliveries To Date 192; Booked 291 Gross Aircraft Orders In Jan-April; Booked 215 Net Aircraft Orders In Jan-April; Delivered 13 A350 Aircraft In Jan-April; Delivered 52 A320neo Aircraft In Jan-April; Delivered 92 A321neo Aircraft In Jan-April,Benzinga,https://finnhub.io/api/news?id=c96ab3f6bca84ce0c93760e9000add9e34f6d04e05b1e1210bf926b67e1110da,0.114,0.886,0.0,-0.7351
2025-05-07 11:21:14,Aerospace faces wider tariffs as Europe draws up retaliation,Finnhub,https://finnhub.io/api/news?id=c12cd1f18fe66cb4a9ead681c5d0ef90703e63d232889a6192d2d1fdbd262e34,0.095,0.905,0.0,-0.5994
2025-05-07 10:31:58,Q1 2025 Ducommun Inc Earnings Call,Yahoo,https://finnhub.io/api/news?id=58bcad38086295e6738a9d82e1100918ab6a2443b728c26170676ebc7719b14a,0.0,1.0,0.0,0.0
2025-05-07 10:22:25,"EU considering tariffs on Boeing jets, FT reports",Finnhub,https://finnhub.io/api/news?id=75459490e703138b5f0cfee03fd46d1e40a96e75c897023199251a30bf1fb850,0.0,1.0,0.0,0.0
2025-05-07 09:58:13,BOEING CO : JP Morgan keeps its Buy rating,Finnhub,https://finnhub.io/api/news?id=8e9654554c1072196de2cb33e15c958595f236cde84da53fd6d1dcc25e9c6974,0.0,0.87,0.13,0.6207
2025-05-07 08:14:55,Qatar Airways Lining Up Major Boeing Order,Yahoo,https://finnhub.io/api/news?id=d665e94299c884cea22e4f517c7d125d985c5f9cfde76728be469c71641325fa,0.0,0.967,0.033,0.3182
2025-05-07 07:21:49,Astronics Corp (ATRO) Q1 2025 Earnings Call Highlights: Record Aerospace Performance and Strong ...,Yahoo,https://finnhub.io/api/news?id=cc04b04c227e69aab7e3979c89673eaffba8a80dd0832c18213898fb9f4e8e21,0.0,0.764,0.236,0.8225
2025-05-07 07:18:40,Ducommun Inc (DCO) Q1 2025 Earnings Call Highlights: Record Margins and Defense Growth Amidst ...,Yahoo,https://finnhub.io/api/news?id=07566b600549df3d88f15546025e49bff4c8002057f6ca6a32cf6ae5678ed993,0.074,0.736,0.19,0.4404
2025-05-07 07:14:24,Q2 2025 TransDigm Group Inc Earnings Call,Yahoo,https://finnhub.io/api/news?id=bfc18579f645c8a2abbad3461aff3b89cbb541f4886657ddcc5ad28511a2785f,0.0,1.0,0.0,0.0
2025-05-07 06:05:11,"EU considers tariffs on Boeing jets, FT reports",Finnhub,https://finnhub.io/api/news?id=4052896ecc96af2d4c781e56de9b6ced190910e6c520dd114749cd92c8496c7a,0.096,0.904,0.0,-0.5423
2025-05-07 05:56:08,EU Eyes Tariffs On Boeing Jets In Retaliation Plan - FT,Finnhub,https://finnhub.io/api/news?id=d5966041006db5a0145142ee65c1763c638f641459d3182857d86a52684b3ab8,0.0,1.0,0.0,0.0
2025-05-07 05:38:00,"Jensen Huang says Nvidia is missing out on a Boeing-sized opportunity in China: ‘Not a plane, the entire company’",MarketWatch,https://finnhub.io/api/news?id=4718ed6a42f1634a70887e705e714ca7ded41dccf60c63658d42cf56507ffeba,0.1,0.773,0.127,0.296
2025-05-07 04:00:00,Fidelity Select Industrials Portfolio Q1 2025 Commentary,SeekingAlpha,https://finnhub.io/api/news?id=fa5b69838557b3736afdb0b4e170a3dd402c0033e867b192d50cf3f65d68c00c,0.0,0.899,0.101,0.4019
2025-05-06 23:36:00,Bain Capital Aims to Position Japanese Aviation Firm Jamco for More M&A,DowJones,https://finnhub.io/api/news?id=5b7d1a31b94016a6e804314ab2c6dcc1681ad959aafc29fa8e9669358d4d3513,0.0,1.0,0.0,0.0
2025-05-06 22:08:12,US reviews occupation of University of Washington building by pro-Palestinian protesters,Finnhub,https://finnhub.io/api/news?id=1d22f85d5b7035968dc40eaae74bf24666a2182556a8c923bf683a59751b2fc6,0.187,0.813,0.0,-0.7003
2025-05-06 19:47:48,EU Eyes €100 Billion of US Goods With Tariffs If Talks Fail,Yahoo,https://finnhub.io/api/news?id=aad3ec7311ae650575c19083217080a1b8510f272a0b43cc0a6ece31512528b7,0.129,0.846,0.025,-0.8591
2025-05-06 13:06:39,"Qatar Airways set to order about 100 widebody jets from Boeing, Bloomberg News reports",Finnhub,https://finnhub.io/api/news?id=ac0d6005320f88ee17503c05dc5118bea3f60b7ba7988c2e202dbcd18e85229e,0.0,0.977,0.023,0.0258
2025-05-06 12:13:00,Q1 2025 Air Lease Corp Earnings Call,Yahoo,https://finnhub.io/api/news?id=b8f20ceb7c4fcd8ed3643e588e85c2bc2ea47a1ab6e38202e19f7120a4c42ed5,0.0,1.0,0.0,0.0
2025-05-06 11:24:16,M&A deal signing hits 20 year-low after Trump's 'Liberation Day',Finnhub,https://finnhub.io/api/news?id=149d1c39288bf4679f9aeef7e7a6ac2b2d65fb7d0277b7ae520f6068a8ec7eb5,0.088,0.878,0.034,-0.5267
2025-05-06 07:45:00,Fidelity Large Cap Stock Fund Q1 2025 Commentary,SeekingAlpha,https://finnhub.io/api/news?id=c1ee3994bb67cf94c9661e79b5bb51913258a0a7771892134c695c92d2161135,0.0,1.0,0.0,0.0
2025-05-06 07:29:00,"Qatar Airways set to order about 100 widebody jets from Boeing, Bloomberg reports",Finnhub,https://finnhub.io/api/news?id=d0e68be75b5b33ecb5c141185477b723074457ec64a98be73890f2083bc6aac9,0.0,1.0,0.0,0.0
2025-05-06 07:20:15,"Qatar Airways Is Poised To Order Around 100 Boeing Widebody Jets, With An Option For As Many More- Bloomberg News",Finnhub,https://finnhub.io/api/news?id=65f229621ae8c2215a20ecb1f7e07d2912a0a75cf95db61580c6d834a7efd14d,0.0,0.901,0.099,0.5766
2025-05-06 07:09:47,AerSale (ASLE) Q1 Earnings: What To Expect,Yahoo,https://finnhub.io/api/news?id=d8efea4b827652223cd921eae40095aceef7267fb8d0b4fc72fa26a0fddca726,0.0,0.945,0.055,0.128
2025-05-06 07:09:14,Curtiss-Wright (CW) Reports Q1: Everything You Need To Know Ahead Of Earnings,Yahoo,https://finnhub.io/api/news?id=3eeddef7599dc7f1ca97a50fb33bd9548580644b9df705466b835ff94c363d8e,0.0,0.952,0.048,0.128
2025-05-06 06:55:00,Fidelity Dividend Growth Fund Q1 2025 Commentary,SeekingAlpha,https://finnhub.io/api/news?id=f1e602ea47fc45b5539e13cc0cbc3129d120ae2af6c0235b23581ea593fe2be8,0.0,0.86,0.14,0.6369
2025-05-06 03:24:41,"Vietjet forms joint venture with Qazaq Air, will operate Boeing 737 jets",Finnhub,https://finnhub.io/api/news?id=61a9af36ae80014996c3cbbf595588ec27ddb6113cab97e61d0244492ae12b02,0.0,1.0,0.0,0.0
2025-05-06 03:21:50,"India Offers Zero-for-Zero Tariffs on Auto Parts, Steel From US",Yahoo,https://finnhub.io/api/news?id=d5cecd9e38f4765ac74d7124078bb317df3d0ae71b9c56c78ef4b788a7b44949,0.1,0.874,0.026,-0.7184
2025-05-06 02:56:32,Vietnam's Vietjet says to form joint venture with Qazaq Air,Finnhub,https://finnhub.io/api/news?id=645783042f5de718963c7fdba9afe8ff62bd819db4568c17dc4e6fb0056269ec,0.0,1.0,0.0,0.0
2025-05-05 16:43:46,Boeing Can Absorb China Trade Shock,SeekingAlpha,https://finnhub.io/api/news?id=53ae28a5a86b8b4098bb41f58147fc8f909b376931e38513816c803e1df8ba85,0.148,0.752,0.1,-0.1779
2025-05-05 13:00:06,How to Boost Your Portfolio with Top Aerospace Stocks Set to Beat Earnings,Yahoo,https://finnhub.io/api/news?id=5d2577ff2c63a16ef5f2a3f7a0ca798a285d1a1ae9c82ad0e53bb6de181f362f,0.0,0.787,0.213,0.743
2025-05-05 12:25:58,Spirit AeroSystems plans furloughs at Kansas facility,Yahoo,https://finnhub.io/api/news?id=4d41f228781d92b14e61a82e496e6bb93e6b9b9a4f4ae25eebee342287ba657b,0.0,0.945,0.055,0.1779
2025-05-05 10:45:00,Elon Musk’s SpaceX Is a Big Winner From Trump’s Budget Proposal,MarketWatch,https://finnhub.io/api/news?id=9d441f72f45897ee0e1dc33ac2c733ae2864032bae8dbe2499c4a228941e24e8,0.0,0.725,0.275,0.8225
2025-05-05 09:00:27,Trump’s NASA Nominee Backs Funding Method That Benefitted SpaceX,Yahoo,https://finnhub.io/api/news?id=62b1a3154b890b196f971a56a43c42caa38f30b44d283733cb5a6ececb853bf7,0.086,0.886,0.028,-0.5423
2025-05-05 07:13:59,Astronics Earnings: What To Look For From ATRO,Yahoo,https://finnhub.io/api/news?id=f694305fed63499ffebe52ff83a8c60ee484ed1a037180d57adc928d0d6e6754,0.0,0.89,0.11,0.296
2025-05-05 07:09:21,Ducommun Earnings: What To Look For From DCO,Yahoo,https://finnhub.io/api/news?id=c350eac5204b63a1de8f6a593dae563ff3de414c26b29aa9aea49ddea58e5e95,0.0,0.945,0.055,0.128
2025-05-05 07:03:30,TransDigm (TDG) Q1 Earnings: What To Expect,Yahoo,https://finnhub.io/api/news?id=1bcfcfc6cea78558ea0c4e2db95c6f5a9d4a119cf9edad806de9f67a8572cad0,0.0,0.947,0.053,0.128
2025-05-05 04:42:12,3 Volatile Stocks Walking a Fine Line,Yahoo,https://finnhub.io/api/news?id=a3ff9422e0057a85fec9111c2dfb70a6710582e40a390af60f5589af3fcbcc0a,0.128,0.682,0.19,0.4404
2025-05-05 02:15:19,Wizz Air: Undervalued Amidst Engine Crisis,SeekingAlpha,https://finnhub.io/api/news?id=f5f3ab5fa8649cc7202bcd694343e3c8138309064adb46b9c5172af54d6d9609,0.066,0.751,0.183,0.5423
2025-05-20 21:30:11,"Trump's Former VP Mike Pence Calls Qatari Royal Family's Boeing Jet Gift A 'Bad Idea,' Urges President To Reject $400 Million 'Flying Palace'",Yahoo,https://finnhub.io/api/news?id=694fe63bc58dcf3d7b1e4a17852532e1c27e83ec01b1db5952b936142171cdca,0.147,0.681,0.172,0.4939
2025-05-20 20:33:00,Boeing Stock Price Targets Are Rising. Where Shares Can Go Now.,Yahoo,https://finnhub.io/api/news?id=79ab6ecdc7400565a4d5167a5ee276a82a58804bf155b9387821d4f9eb3f5883,0.03,0.797,0.173,0.8625
2025-05-20 19:23:05,US court approves Brazilian airline Gol's restructuring plan,Finnhub,https://finnhub.io/api/news?id=19771eb12b46dd71715433dbe98d85bf1b3e87cfc8c0d26741f5536e30d11aaf,0.0,0.864,0.136,0.6705
2025-05-20 14:20:00,DAL vs. LUV: Which Airline Stock is a Stronger Play Now?,Yahoo,https://finnhub.io/api/news?id=b72950cbe2210b8954b4318524e7f96c295e5f1422ab087e6a9e53ce6e6c3269,0.06,0.798,0.142,0.4404
2025-05-20 11:43:20,Qatar denies Trump’s $400m luxury plane is a bribe,Yahoo,https://finnhub.io/api/news?id=2edb3144320cbd27c2867f2d9fad0d1028715103cc846e46cbe60dbe86bb17a4,0.271,0.729,0.0,-0.8074
2025-05-20 11:04:16,Boeing and Qatar Airways Announce Historic Order for up to 210 Widebody Airplanes,Finnhub,https://finnhub.io/api/news?id=7621d53ad719f76667a3dd33f4130db001aa71fe777b3a629802775baad5d309,0.0,1.0,0.0,0.0
2025-05-20 08:27:04,Boeing Vs. Airbus? The True Winner Supplies Them Both,Benzinga,https://finnhub.io/api/news?id=510aca016f1192f24f1edbfecdd1fbef46ec019c8840d0b6b2ee303f1627ea00,0.037,0.7,0.263,0.8402
2025-05-20 08:20:11,Qatar Airways CEO: Boeing order covers strategy until 2040,Finnhub,https://finnhub.io/api/news?id=0bc227d6d918da474e3d02c3da24d5b88a4c975368bd4149212d58babded5598,0.105,0.895,0.0,-0.4552
2025-05-20 07:36:27,Ryanair fares set to rise by nearly 20% as airline plots profit rebound,Yahoo,https://finnhub.io/api/news?id=da0640ec2580346e89a0b445c3230dc6fa27d2e84862bdf97901dc2e6e591c4a,0.0,0.809,0.191,0.6808
2025-05-20 05:05:02,"Ryanair Stock Takes Flight: Unimpressive Earnings, Bullish Outlook",SeekingAlpha,https://finnhub.io/api/news?id=6680bdad1234dd1b91f116a1f28ee7fe2b059f59b39ce059ae59481822ae8425,0.045,0.746,0.209,0.7992
2025-05-19 13:58:00,Boeing Stock Is Down. The 737 MAX Charges May Be Decided This Week.,Yahoo,https://finnhub.io/api/news?id=f60036db944680b984b16bfac8375c6a0c03c37ea2f462b9b9a2a2f08e004285,0.212,0.706,0.083,-0.6486
2025-05-19 12:23:35,"DCO Q1 Earnings Call: Defense Growth Offsets Commercial Aerospace Weakness, Margin Expansion Continues",Yahoo,https://finnhub.io/api/news?id=e4dde5dd5942165b5fa7114eaf9dbc75e2ff8c9d90652feea4c20c1c05d15b77,0.048,0.769,0.183,0.7096
2025-05-19 10:35:03,Market Chatter: Boeing Faces Opposition from Crash Victims' Families Over DOJ Deal,Yahoo,https://finnhub.io/api/news?id=6ba304b478983c06bffd939da301c45daabcf8ad26aeac701f5970232b27ea44,0.368,0.553,0.079,-0.9001
2025-05-19 08:22:10,Ryanair to raise prices as it seeks return to profit growth,Yahoo,https://finnhub.io/api/news?id=095e2abceb56c942913d90571a1110fcb0bd5c513481d579ac8f7a2daae41f02,0.061,0.696,0.243,0.743
2025-05-19 08:19:27,"Boeing, Dell, QXO And A Health Care Stock On CNBC's 'Final Trades'",Benzinga,https://finnhub.io/api/news?id=31d008a669ef1420168b6c4f36e57999bcaaa78b86e0fe00edaa68c8fa9e1773,0.0,0.904,0.096,0.4939
2025-05-19 07:32:08,Poland seizes tyres for Boeing aircraft headed for Russia,Finnhub,https://finnhub.io/api/news?id=d9736c473540ebb16dc142e72c43d2b3e1bc378f07e3cc816f3e35df47f6a110,0.0,1.0,0.0,0.0
2025-05-19 06:44:24,"Ryanair CEO on Earnings, Tariffs, Buybacks, Boeing",Yahoo,https://finnhub.io/api/news?id=a1bf601e6461c5a714a50bdc3061673d815551847bd54490af671c24cc4e7e16,0.13,0.829,0.041,-0.6908
2025-05-19 05:27:33,Qatar Airways' net profit jumps 28% as company expects strong demand to continue,Finnhub,https://finnhub.io/api/news?id=ef8183853bbef24aea7ac790a7d1bad091585f258e6b90f44d4c45cd73a5c23a,0.03,0.791,0.18,0.8225
2025-05-19 04:41:26,1 Large-Cap Stock to Keep an Eye On and 2 to Question,Yahoo,https://finnhub.io/api/news?id=11cc7976a059da34b6c8f8b568617ed4d38d042988b0336e3e55e751f53683a3,0.0,0.804,0.196,0.8588
2025-05-19 02:01:54,Qatar Airways posts 28% jump in net profit to record $2.1 billion,Finnhub,https://finnhub.io/api/news?id=f2d5abd33a8d9d9a8e9514ac9ddaaf9a5e632310eec0ed0a4243ecb2e8233f6f,0.0,0.871,0.129,0.7003
2025-05-19 01:35:10,Karman: Space And Defense Business Had A Rocket Start,SeekingAlpha,https://finnhub.io/api/news?id=9d967e6d767c6f44142d96dee913f4d10db3cc0b57796447c663fae6351b5628,0.0,0.842,0.158,0.128
2025-05-19 01:04:12,Ryanair would expect Boeing to honour contract price if EU imposes tariffs,Finnhub,https://finnhub.io/api/news?id=b0bc904f23e33f1b98c03803527f50335566e978538d50746fe01c0fe5d884c8,0.06,0.734,0.205,0.8271
2025-05-19 00:52:55,Spirit AeroSystems: Crawling To Boeing Acquisition,SeekingAlpha,https://finnhub.io/api/news?id=c944b740f2074140f4dce705329ae47f78f3914e3b5a50a8faf3005d43b0e01d,0.059,0.754,0.187,0.5559
2025-05-18 21:27:09,"S&P 500 At 5950, Do We Revisit The Lows? Here's What Happens",SeekingAlpha,https://finnhub.io/api/news?id=9e1331ab15fb45d4882055ee2be9c5d9e3874c1c258dae02e392ffa38250c5e3,0.141,0.859,0.0,-0.2023
2025-05-18 18:38:00,Justice Department says it may drop Boeing’s criminal case over Max crashes,MarketWatch,https://finnhub.io/api/news?id=90ed1d650d36ec1793df155825d3908921ce1b14c235ce30c1fbc7dc2a1b4fc6,0.307,0.503,0.19,-0.4939
2025-05-18 17:59:25,Justice Department says it may drop criminal prosecution of Boeing over Max crashes,Finnhub,https://finnhub.io/api/news?id=c7f7a4fba72319e9ab9aba2723a757285cc036560e48e994cd918be3c4f63abe,0.376,0.52,0.104,-0.9501
2025-05-18 13:00:38,"Boeing, GE and Trump’s Middle East trip to remember",Yahoo,https://finnhub.io/api/news?id=57d1ba842206692d7781d866f1ed28ef2c9feabbb5c065b242392c62312356ee,0.0,0.818,0.182,0.7964
2025-05-18 10:58:15,Jim Cramer On Boeing Company (BA): “The Loser Became a Winner”,Yahoo,https://finnhub.io/api/news?id=c77719bb55bc82a44a8c2980bec0241f35925d8504374f0449e433c24555af82,0.124,0.876,0.0,-0.8442
2025-05-18 10:34:10,FITE: ETF Focused On Defense And Cybersecurity,SeekingAlpha,https://finnhub.io/api/news?id=ff15aeaa85089554ab948ff36aa9d01e4a5c49678d09a0fe78b14ee6b27a317e,0.0,0.814,0.186,0.6757
2025-05-18 06:00:32,"Bernie Sanders Slams Trump's Budget Bill, POTUS $400 Million Boeing Jet Gift And More: This Week In Politics",Benzinga,https://finnhub.io/api/news?id=7f9896bc64b071cc9bec1ad379353fcd5a237a726d60737ad1cf6d89be9fcf44,0.0,0.854,0.146,0.4404
2025-05-17 19:58:09,Families of 737 MAX crash victims to object to deal allowing Boeing to avoid prosecution,Yahoo,https://finnhub.io/api/news?id=04c8ea22657333e5bf641b63a0831885e960647803f7dc4aadb5010be9ecde96,0.159,0.777,0.064,-0.9287
2025-05-17 16:06:46,"Charter to combine with Cox, Take-Two reports mixed Q4 results: Morning Buzz",Yahoo,https://finnhub.io/api/news?id=f7c736e0cf3bb691410a1822714cabef8d9fbb2d9d5248d402cd3ae874175c59,0.029,0.902,0.069,0.4019
2025-05-17 11:07:00,President Trump Just Cut the Budget on Boeing's and Lockheed's Most Important Space Program,Yahoo,https://finnhub.io/api/news?id=bb8fa311d4d838690d6a2ccd5ef5ab6b967b2b28136e3ebb0b22444990cf4550,0.172,0.67,0.159,-0.1163
2025-05-17 09:42:14,’From Tariff Man to Global Salesman’,Yahoo,https://finnhub.io/api/news?id=4aa7e305f11af4b023a1b6c2272f04b6a293ac8952da525484be9aa41318a5c9,0.024,0.852,0.124,0.8402
2025-05-17 05:38:58,Q4 2025 RBC Bearings Inc Earnings Call,Yahoo,https://finnhub.io/api/news?id=dbd12e9905c604bbd1c9873e3fc38f6360fd9dabb5070b57438fcd536bc9c1a7,0.0,1.0,0.0,0.0
2025-05-17 02:31:43,"Peter Schiff Warns Qatar's $200 Billion Boeing Deal Could Spike US Inflation, Interest Rates — Says Treasury Sell-Off May Follow",Yahoo,https://finnhub.io/api/news?id=5279604ae1822cf3a87333d4a49589d18dfc61c3cfc065e36b4f26f0b6c27c8c,0.052,0.871,0.078,0.5719
2025-05-16 20:10:00,"Boeing Won't Be Prosecuted by DOJ Over Violating Criminal Settlement, Report Says",Yahoo,https://finnhub.io/api/news?id=35706c2edff07503c96e36c10bfc8b4fd087295731fc9e8d75699a83582493ed,0.318,0.587,0.095,-0.9539
2025-05-16 19:14:00,Carvana Is a Hot Stock in a Trade War. Group 1 Automotive May Be a Better Bet.,MarketWatch,https://finnhub.io/api/news?id=c4c5bd6c1d139c2c6d54173622203d2508fc02917958249378d63f49b014c011,0.179,0.688,0.133,-0.4588
2025-05-16 17:25:40,Trump Strikes $14.5B Jet Deal in UAE--Boeing and GE Soar Back Into the Spotlight,Yahoo,https://finnhub.io/api/news?id=95aa0fe9537710ad59514011a8a2069f82a95a6c529821b33d86594e34d7b063,0.076,0.701,0.223,0.5859
2025-05-16 16:11:00,"U.S. Won’t Prosecute Boeing Over 737 MAX Crashes, WSJ Reports",Yahoo,https://finnhub.io/api/news?id=85df4e580818cccea4f2dadfaf3482ae51cceb8cd150d59faf0c6a3ae1031227,0.134,0.778,0.088,-0.3612
2025-05-16 16:07:22,"US-China Trade Truce, Trump's Middle East Deals Spark Wall Street Rally: This Week In Markets",Benzinga,https://finnhub.io/api/news?id=8f2b361a109b84049ea6b98e377ec44212040f43844863b5542aa8771ac10a83,0.049,0.789,0.162,0.5994
2025-05-16 15:50:16,FAA to investigate Boeing 737-800 with reported hydraulic issue,Finnhub,https://finnhub.io/api/news?id=2a6a226e38d7f2d949184fcc0a7bd43a60357050603817849fa174fccbd75466,0.0,0.918,0.082,0.4939
2025-05-16 15:41:00,Justice Department Wants to Spare Boeing From Guilty Plea Over 737 MAX Charges,Yahoo,https://finnhub.io/api/news?id=47753292996406a1cdc53ad8b8ee68d22a9a4692af114b9b801f7b0641337b9b,0.211,0.548,0.24,0.2732
2025-05-16 15:33:50,"Top Midday Stories: Novo Nordisk CEO Stepping Down; Charter, Cox to Merge in $34.5 Billion Deal",Yahoo,https://finnhub.io/api/news?id=a50d040cfb7f66f023fcb6c9922c5135d3c707e85a4f976e3582ba4ee3776ef9,0.0,0.945,0.055,0.2023
2025-05-16 14:44:21,"Exclusive-Boeing nears deal to avoid guilty plea, prosecution in 737 MAX crashes case, sources say",Yahoo,https://finnhub.io/api/news?id=389b2c83af670d18e907e35c0b43a3ad75f0a973bfa9f5b9895ef9901dca45f6,0.167,0.715,0.118,-0.8442
2025-05-16 14:11:00,Boeing Secures a Contract for 210 Widebody Aircraft From Qatar Airways,Yahoo,https://finnhub.io/api/news?id=f1953158368cd3d90530d2c38c644f1d77c3c8c7ea39fdaa37fc88791e9fd39d,0.0,0.859,0.141,0.5574
2025-05-16 13:35:47,Beyond the headlines: explaining Trump's Gulf 'trillions',Yahoo,https://finnhub.io/api/news?id=7926b5bea1c2be9fb1be3089b69967845a044e019a9f366796f48ab0b8fc5e70,0.0,0.887,0.113,0.802
2025-05-16 13:13:31,Boeing Lands $14.5B Jet Deal With Etihad as Trump Visits UAE,Yahoo,https://finnhub.io/api/news?id=4d962ab330d79b33167e1f3eef253814734aae8fa3a03307e68f054b10f34496,0.0,1.0,0.0,0.0
2025-05-16 13:02:28,"CNBC Halftime Report Final Trades: Dell Technologies, Boeing, UnitedHealth, QXO",Benzinga,https://finnhub.io/api/news?id=439b8f10f4a647ceeb2ab1e1a1e6e8b7359018fa64d7eb3b806336716a5b5ca0,0.0,1.0,0.0,0.0
2025-05-16 13:02:15,"CNBC Halftime Report Final Trades: Dell Technologies, Boeing, UnitedHealth Group, QXO",Benzinga,https://finnhub.io/api/news?id=dce263ae3074213c6f43906309cb2b6b26f106f9ec818801aa276a395dd05287,0.0,1.0,0.0,0.0
2025-05-16 12:09:11,"Boeing nears deal to avoid guilty plea, prosecution in 737 MAX crashes case, sources say",Finnhub,https://finnhub.io/api/news?id=15ca3b7f710b3b2212c165840bb10b41ba5cf8384e3e1d26be3884ac2204fee0,0.279,0.609,0.112,-0.872
2025-05-16 11:00:18,"Boeing near deal to avoid guilty plea, prosecution in fatal crashes case, sources say",Finnhub,https://finnhub.io/api/news?id=60fe52f7d12d1bb01bdc83ffe6bf37265b571d1b2c92308e57e97e484822cb17,0.378,0.548,0.074,-0.9633
2025-05-16 10:43:14,"Exclusive-Boeing near deal avoid guilty plea, prosecution in fatal crashes case, sources say",Finnhub,https://finnhub.io/api/news?id=618159cb0addde2a768ce7c0e78a681f969497eaef537129506b496508a9442a,0.385,0.54,0.075,-0.9633
2025-05-16 10:43:14,"Boeing near deal avoid guilty plea, prosecution in fatal crashes case, sources say",Finnhub,https://finnhub.io/api/news?id=0826834b2c3474505dbf7bfda20028d85d0e54b2174e015c49e0f1babeb3689b,0.4,0.545,0.055,-0.9652
2025-05-16 10:29:32,"Boeing, GE Aerospace, ExxonMobil Reportedly Benificiaries of UAE Deals",Yahoo,https://finnhub.io/api/news?id=9ebde59b7084aa8ab673af99556bbc5e3be4720a1a4ba589e0f93858cfe035a0,0.0,0.896,0.104,0.4215
2025-05-16 10:07:17,"Gold Palaces, Jet Deals and McDonald’s: Trump at Home in Middle East",Yahoo,https://finnhub.io/api/news?id=6cfb492da028ca59789fe044585a79a29c6834523e1c8691f75e63f738efda09,0.083,0.89,0.027,-0.6486
2025-05-16 08:00:00,"Why so many CEOs crossed paths with Trump in the Middle East, from Sam Altman to Jensen Huang",Yahoo,https://finnhub.io/api/news?id=05c873c5998e861177bbe0a3a91c0163a144dce2fe11b1ab74ad8ed0e5f80047,0.0,0.939,0.061,0.4404
2025-05-16 07:54:20,Trump caps Gulf tour in Abu Dhabi with dizzying investment pledges,Fintel,https://finnhub.io/api/news?id=8eabbfc303766481d0cdf943b2a5779fb9d2042f38e32eb1ca73fc8455edceef,0.0,1.0,0.0,0.0
2025-05-16 07:12:17,"Trump's Gulf tour sparks AI, finance and energy deals",Finnhub,https://finnhub.io/api/news?id=5e81b4b512ca6621313845ca6ea64e67bc08b946c47df055888a051d36ad6bcb,0.0,0.833,0.167,0.7003
2025-05-16 03:39:25,ADNOC chief says UAE and US to invest $440 billion in energy sector through 2035,Finnhub,https://finnhub.io/api/news?id=77b71f9fa2e4a5c9db3685fa2ca60ca1fd5f1bcd3dfa99fcaae1cf4e9cccb2aa,0.0,0.86,0.14,0.7184
2025-05-16 02:30:09,"As Nikki Haley Slams Trump's $400 Million Boeing Jet Gift From Qatar, Bill Ackman Cites National Security Implications: 'Only A Fool Would Not Accept This,' Says President",Yahoo,https://finnhub.io/api/news?id=5d8fc8e0f8a8b1f48b8fcecb2ec1271a32a9c6ea3f4a9bba181477a86b3ea158,0.16,0.691,0.149,-0.077
2025-05-16 01:24:08,Etihad Airways Orders 28 Boeing Aircrafts,Finnhub,https://finnhub.io/api/news?id=f4cece93720aacc911efff6bc2e1f8eb94034b73f8c6915aef360a730bfa21a7,0.0,0.93,0.07,0.4215
2025-05-16 00:54:23,Trump announces $14.5 billion Etihad order for 28 Boeing planes with GE engines,Finnhub,https://finnhub.io/api/news?id=bf209ba56cd0c824d1f07a33725009cd3933e4085c22e844dc20fa4e484f60fe,0.0,0.872,0.128,0.6808
2025-05-15 23:59:29,UnitedHealth Joins Scandal Stocks List,SeekingAlpha,https://finnhub.io/api/news?id=4f500ce1ceef3cbdc744c856a6caec81137558d8b768a5a217939cef9d59b45e,0.241,0.693,0.066,-0.7003
2025-05-15 19:25:26,Jim Cramer Urges Investors to “Stay Long Boeing”,Yahoo,https://finnhub.io/api/news?id=63ceedf1b0af2cdb2cfb8fee17cc35aab0db00efed5b23ef01b6d56bf0958e41,0.0,1.0,0.0,0.0
2025-05-15 18:39:02,"'My Favorite Stock For 2025,' Says Portfolio Manager, Who Also Notes Two Contrarian Plays During Growth Optimism",Benzinga,https://finnhub.io/api/news?id=09bcfe4f1d8c435d3368ea632a2bc6ef51bb2a3657427dd45f66da084c0ac4af,0.065,0.714,0.221,0.6597
2025-05-15 17:53:13,"Trump announces $14.5 billion Etihad commitment with Boeing, GE",Finnhub,https://finnhub.io/api/news?id=e84fbf08b64828049535fc050b021ba294ffe6635273d3ad04974e2b1a14d8ab,0.0,0.859,0.141,0.6597
2025-05-15 17:49:50,"Boeing Could Be 'The Big Winner' in Long-Term China Trade Deal, Analyst Says",Yahoo,https://finnhub.io/api/news?id=c5b1c91a67447533c454754f6960f979a523992021c9183c64acc76d0333887a,0.0,0.858,0.142,0.8225
2025-05-15 16:45:09,"Soros Fund Management Dissolves Share Stake In Boeing Co, Raises Share Stake In Goldman Sachs",Finnhub,https://finnhub.io/api/news?id=48b183c1e1f7c4de9844fcf26aa7d6e842e489e9d7ef22cdb06d5a1c994ddc7e,0.0,0.773,0.227,0.8506
2025-05-15 16:09:12,"UnitedHealth stock, Boot Barn on top of tariffs, Boeing boosted",Yahoo,https://finnhub.io/api/news?id=f88125e8317ee4963eef891762558b2de19fea6d0820e58f88a5656ee55a63c9,0.062,0.847,0.091,0.2732
2025-05-15 15:43:12,Avelo Airlines faces backlash over Trump deportation flight contract,Finnhub,https://finnhub.io/api/news?id=111f41d2f5373e95ad446f1f6d650e5b70e882307e47673ddec28ab6166bcccd,0.0,1.0,0.0,0.0
2025-05-15 15:40:20,"White House touts Boeing aircraft, GE Aerospace engine sales to Qatar",Yahoo,https://finnhub.io/api/news?id=18efaa932cbe526107410ad8298683f76ce6447bd0dd5d3d15cb59e270785950,0.011,0.822,0.167,0.9393
2025-05-15 15:23:07,"Trump announces over $200 billion in deals with UAE, White House says",Finnhub,https://finnhub.io/api/news?id=f7dd6f1a1f5b387d21203cc11b39cd76d833d9dd9ba2a5d9800a46265c67b879,0.0,0.823,0.177,0.802
2025-05-15 14:02:00,Boeing Stock Rises Again. Wall Street Is More Positive on Sales.,Yahoo,https://finnhub.io/api/news?id=7c1225bf4d0715eae8d471cc2fdcc8010afbcc32da17a3623a356d2db8c9c92d,0.0,0.833,0.167,0.7778
2025-05-15 13:18:04,Boeing (BA) Secures $96B Jet Deal as Trump Makes Aviation Diplomacy Personal,Yahoo,https://finnhub.io/api/news?id=a7ff607c779963a53bb52ed1b36ef2fd19d8ec065782cfb374af567fd7e21495,0.0,0.874,0.126,0.4678
2025-05-15 12:37:00,Boeing Wins Order to Provide AviLease With up to 30 737-8 Aircraft,Yahoo,https://finnhub.io/api/news?id=3169f2f29a62684299dd64a08b9be00d6c52e9ace9127dce54a5f905c02955a3,0.0,0.871,0.129,0.5719
2025-05-15 12:37:00,Lockheed Loses 16% in 6 Months: Should You Buy the Stock Now?,Yahoo,https://finnhub.io/api/news?id=2f67702ad9ea1bb988cea8f43f09154ad51065bf600ffe3a62e131df3c39e389,0.068,0.767,0.165,0.5106
2025-05-15 12:16:25,Boeing stock target raised at Wolfe after ’a big beautiful order’ from Qatar,Yahoo,https://finnhub.io/api/news?id=c87842ec3f6023e933a110f61f35fce86da51c784929dd55ec2fdb13717f0a1d,0.0,0.844,0.156,0.836
2025-05-15 10:49:00,Quantinuum Scores a $1 Billion Deal in Qatar. Demand for Quantum Computing Is Growing Globally.,MarketWatch,https://finnhub.io/api/news?id=2cb8aab292aed40f87dcde1f0819b11cfe365ea88647716565dfc1d99f46c288,0.093,0.802,0.105,0.1027
2025-05-15 10:38:00,"Boeing Booms From Trump’s Trade Deals. This Can Lift Aerospace, Defense Stocks Higher.",Yahoo,https://finnhub.io/api/news?id=aa8de8a1677cd7d36fe9514d6ce6e7d7c176471e6fca5a86134850c0457ee58b,0.042,0.917,0.042,0.0
2025-05-15 10:35:23,"Boeing, GE Aerospace Secure $96 Billion Qatar Airways Order for Widebody Jets, Engines",Yahoo,https://finnhub.io/api/news?id=dea3e3942c07888e553add95b9d5589ea5cf02a3d355696230cefdc345108eb2,0.0,0.846,0.154,0.6249
2025-05-15 10:18:25,"Trending tickers: Boeing, Cisco, Foot Locker, ITV and Aviva",Yahoo,https://finnhub.io/api/news?id=73e3a9a878297b804eafb9a248bbe9973223b45dc85cb4257efb59929bc2f1a1,0.0,1.0,0.0,0.0
2025-05-15 09:31:30,New Boeing distribution centre strengthens Europe support,Yahoo,https://finnhub.io/api/news?id=975d932787f5697f997f7218568dfaaaa12f02878fcb9ab0309c6e57e565cc10,0.0,0.741,0.259,0.8126
2025-05-15 08:00:00,Boeing Soaring on Trump Bump: Time to Tap the ETFs?,Yahoo,https://finnhub.io/api/news?id=6e2e123681f045fa296d60a3456e3c4b023eca0c868ca6d2498602f720d40fb8,0.0,0.748,0.252,0.7964
2025-05-15 06:01:45,Trump's Qatari 747 may need fighter escorts to serve as Air Force One,Finnhub,https://finnhub.io/api/news?id=8df57658bfb6299353620b239651f061ed6c448ac8be223964e3f87128c538b5,0.083,0.812,0.104,-0.0
2025-05-15 05:54:15,Donald Trump to close deal-making Gulf tour in UAE,Fintel,https://finnhub.io/api/news?id=648ecd0191282e9bfd6fec65520eb9ee0191fdf25b57e277c8616f4da30e9061,0.0,1.0,0.0,0.0
2025-05-15 05:42:14,"US Stocks Likely To Open Lower After S&P 500's Three-Day Winning Streak: '...Many Uncertainties Remain,' Says Expert",Benzinga,https://finnhub.io/api/news?id=995025c1f84c31d83e756b163b229df85503cc3cac43b5f6b2d79b5e18bd6eab,0.194,0.733,0.073,-0.5574
2025-05-15 05:32:10,Trump floats possible new F-55 warplane and F-22 upgrade,Finnhub,https://finnhub.io/api/news?id=56efca5f438131df087f342eef3989ae2ac51c9a38aaa0bd5ad6c8ae64cf6e9b,0.0,0.808,0.192,0.8316
2025-05-15 04:56:19,Boeing secures ‘largest-ever’ order from Qatar during Trump visit,Yahoo,https://finnhub.io/api/news?id=e831660b7a123e492e996cd3397a6e02aaf9d612f526c781d7fc48fcf3c94995,0.0,0.835,0.165,0.7096
2025-05-15 04:41:11,Trump says U.S. must pay off debt before creating a sovereign wealth fund,Finnhub,https://finnhub.io/api/news?id=5a0fffab1bef16746003e8848c6903773b597b4b38e2170ca5d0dcb0406c0fdc,0.104,0.727,0.169,0.6486
2025-05-15 04:00:00,AP Top Financial News at 7:31 a.m. EDT,Yahoo,https://finnhub.io/api/news?id=71bac9c57b34c0060da8acce07d5aacf2663dabe5a4a02403fd86d70adfe5014,0.0,0.866,0.134,0.34
2025-05-15 04:00:00,AP Top Extended Financial Headlines at 7:31 a.m. EDT,Yahoo,https://finnhub.io/api/news?id=1f20554b296d59faff05d34506763987928d394fc8e57d007c096c15f5fd1a4f,0.0,0.865,0.135,0.5719
2025-05-15 03:41:16,Trump says U.S. looking at new F-55 warplane and F-22 upgrade,Finnhub,https://finnhub.io/api/news?id=05de23ad92a472e67815a7a15e0f80629de78b258a3a5aa145896861e1dcbd1c,0.0,0.816,0.184,0.8316
2025-05-15 03:39:00,Trump says India offered to drop tariffs on U.S. to zero,MarketWatch,https://finnhub.io/api/news?id=edf4f646472ec7bcdb811e68f12abccfd8a14b4b4779048001f002bd4baa7542,0.174,0.826,0.0,-0.4939
2025-05-15 02:21:12,US Justice Department to meet families of 737 MAX victims on Boeing criminal case,Yahoo,https://finnhub.io/api/news?id=5b1c9c964a38de7a115e21f7546324c2fef7eb736829b7f663bbf9387850a651,0.136,0.743,0.122,-0.6155
2025-05-15 00:48:08,Boeing lands record order from Qatar during Trump visit,Finnhub,https://finnhub.io/api/news?id=9d902fde88b31b1aea7c3953d475cb898023aee283a93351289bd90c52b665d0,0.0,1.0,0.0,0.0
2025-05-15 00:43:14,PRESS DIGEST- Wall Street Journal - May 15,Finnhub,https://finnhub.io/api/news?id=de5ef72b162fc1c25ce1a712e5d95cb6fcd03d02b39e403edac8930ab6cb3d58,0.0,0.867,0.133,0.6369
2025-05-14 22:30:54,Trump Just Locked In $243.5 Billion from Qatar -- And That's Just the Opening Act,Yahoo,https://finnhub.io/api/news?id=b459a4ca95710906ea73e5f0ec257dfc8987af65c64578391a55dff366870d9e,0.0,0.955,0.045,0.128
2025-05-14 22:22:07,US Justice Department to meet with 737 MAX victims on Boeing criminal case,Finnhub,https://finnhub.io/api/news?id=7c76b09e1cc68616507246a38b09d1fe73330757e7b2c323dbfe0131b867318c,0.243,0.653,0.103,-0.8481
2025-05-14 20:39:00,NEW YORK MARKET CLOSE: Shares mostly red as Trump tours Middle East,Fintel,https://finnhub.io/api/news?id=03e0136e86fcf3e51d517cbdafffbe1d0d83cfd0e12c7ddb5ae411283e178d9f,0.0,0.833,0.167,0.296
2025-05-14 20:18:00,Boeing Stock Is Rising. Qatar Is Helping.,Yahoo,https://finnhub.io/api/news?id=5b72a731470348da60d10bb1a26a300b9aae46dff431b086e9d762deacb9edaa,0.0,0.832,0.168,0.9136
2025-05-14 18:31:27,"Boeing, trying to emerge from one of company's most difficult eras, is having a pretty good week",Yahoo,https://finnhub.io/api/news?id=2846ed90c360a43539ee3b824f7b43814cde8cacf2d028677f99407a911c1749,0.026,0.89,0.083,0.719
2025-05-14 18:23:00,"Boeing, GE Aerospace Get Qatar Airways Order After Saudi AI Tech Deals",DowJones,https://finnhub.io/api/news?id=860da7843b3f7899f87be64c736639f925014fe37342fa0beccf281e34ad7dfc,0.0,1.0,0.0,0.0
2025-05-14 17:24:00,"Boeing gets its biggest 787 jet order ever from Qatar Airways, the White House says",Yahoo,https://finnhub.io/api/news?id=032fde9ce604b0e1de20f66a55acf7ae4eec4ff3e2c6ec06f4f4230e26f7a7ac,0.0,0.92,0.08,0.4019
2025-05-14 17:23:15,Industrials Decline Despite Qatar Plane Orders - Industrials Roundup,Finnhub,https://finnhub.io/api/news?id=2c21face94bd0f25fddaebf9bc1dc11cce8baab43654a88819ee7c28ee3081ac,0.0,0.945,0.055,0.296
2025-05-14 16:42:18,Jim Cramer Says You Should Buy Boeing (BA) Amid ‘Multi-Year Runway’,Yahoo,https://finnhub.io/api/news?id=5c3706131aaf956ea065201728276ee44e9fcfd078e17196b4cbd94db48f7c11,0.022,0.905,0.073,0.3818
2025-05-14 16:16:12,US Announces More Than $243 Billion in Deals With Qatar,Yahoo,https://finnhub.io/api/news?id=0075eb1a2a0de3e74c5651297e71f1d563898e8404c4d4ec144705f67ba91e6b,0.025,0.925,0.05,0.2732
2025-05-14 16:15:16,"WH announces $1.2T in economic commitment with Qatar, including significant Boeing order",Yahoo,https://finnhub.io/api/news?id=1e2a8da0c6f87c7d2c41c8acdafe42078f494c649c8987be8d6ba27f553113ed,0.0,0.791,0.209,0.7906
2025-05-14 15:35:30,Trump’s Freebie Qatar Jet Is Nightmare Scenario in Spyworld,Yahoo,https://finnhub.io/api/news?id=35afa61414f09f89795eaff682c4d3936e42e6f83cbffcb36073a6566af5e503,0.051,0.866,0.083,0.4404
2025-05-14 15:34:27,"Top Midday Stories: Qatar Orders 160 Boeing Jets for Over $200 Billion; Super Micro, DataVolt Form $20 Billion Partnership",Yahoo,https://finnhub.io/api/news?id=274bf860864a4e172ad9d5a800ef3b0a8487e3fea29992a0cc4f8b9c625e991d,0.0,0.853,0.147,0.6908
2025-05-14 15:23:08,Qatar Airways says deal with Boeing is its largest aircraft order yet,Finnhub,https://finnhub.io/api/news?id=f32d79118950fffbbf801cce6fbb92e32ece21da2cb79597eab951ac87e484e7,0.0,1.0,0.0,0.0
2025-05-14 15:08:10,Trump Touts Record Boeing Order From Qatar Airways,Yahoo,https://finnhub.io/api/news?id=afab345416b47d14e952ba6873c1fe7a76e65e27641b7cb8903d7c67f560046d,0.015,0.934,0.05,0.3612
2025-05-14 15:00:37,Boeing stock gains after record jet order from Qatar,Yahoo,https://finnhub.io/api/news?id=b7610c660af720f3cb1f352929c291aa1df31722f078a55112b18b2ff52b2f8d,0.0,0.828,0.172,0.8271
2025-05-14 14:53:06,"Qatar Airways to make largest ever Boeing order, Trump says",Yahoo,https://finnhub.io/api/news?id=7645e650faa77d8fcb732b13a56ee6505331a560207f0d2978db8c060198d7c9,0.029,0.937,0.033,0.128
2025-05-14 14:45:21,"S&P 500 edges up; investors focus on trade, wait for data",Finnhub,https://finnhub.io/api/news?id=501d016ac02c65c2c2198d6be9b946aafddbfd86815f555c731787edc78c1d8e,0.059,0.889,0.052,-0.0772
2025-05-14 14:43:37,"Tech Stocks Edge Up, AMD Rallies 5%, 30-Year Yields Eye Danger Zone: What's Driving Markets Wednesday?",Benzinga,https://finnhub.io/api/news?id=b1b8dd8788ed939deb58a605d7d3b70756e0a2f4d4d3115cbf64fe3d747f1151,0.081,0.81,0.11,0.0516
2025-05-14 14:35:03,Trump Says Qatar's Jet Order Is Largest in Boeing's History,Yahoo,https://finnhub.io/api/news?id=5fd2a47cc5f34c43dd528cbf552348a2e4a40c6080cb6edb6172468272dc81a5,0.0,0.89,0.11,0.7845
2025-05-14 14:32:00,RTX's Arm Wins a $2.13B Contract to Aid Standard Missile-3 Program,Yahoo,https://finnhub.io/api/news?id=6fb3f73e2810f3822e0737129b31b90beeed89a927c85812c9a17082c9e64044,0.0,0.717,0.283,0.8271
2025-05-14 14:27:42,"White House calls out Boeing, GE Vernova exports in Saudi Arabia pact",Yahoo,https://finnhub.io/api/news?id=4ee061a8a47d3c9b0e76f673ccedd4fafb0d9010110bb773ceef2861a37be5c0,0.024,0.832,0.144,0.8555
2025-05-14 14:18:29,Qatar Airways orders 160 Boeing twin-aisle jets during Trump visit,Yahoo,https://finnhub.io/api/news?id=4386a6d07bda063edf54afdd1776d1e702d230cbe0dfe15c4229b2e420d3e073,0.0,0.94,0.06,0.6908
2025-05-14 14:11:14,Qatar Airways signs deal for up to 210 Boeing jets during Trump visit,Finnhub,https://finnhub.io/api/news?id=e86add35b36e7dfafbb7a3ff827d0ddca2840e20554cee389ea31ad6759ea0ab,0.0,1.0,0.0,0.0
2025-05-14 13:27:00,Barclays and J&J Snack Foods have been highlighted as Zacks Bull and Bear of the Day,Yahoo,https://finnhub.io/api/news?id=3fe06208c766fa3c6032e7eabb40eebe7f31d8e51eda1c1e9c7c26ce3c4f477f,0.0,1.0,0.0,0.0
2025-05-14 12:55:11,"Boeing, GE Aerospace Secure $96 Billion Deal with Qatar Airways, White House Says",Finnhub,https://finnhub.io/api/news?id=306d0280b54d89f237ab3d6194229bd6a83587de4a184d208105174ce3cdc06f,0.0,0.894,0.106,0.6249
2025-05-14 11:23:00,"These Stocks Are Moving the Most Today: Nvidia, AMD, Super Micro, UnitedHealth, Oklo, Exelixis, Grail, and More",MarketWatch,https://finnhub.io/api/news?id=40a4b41e0dbf058ffaac776415d3c5e882fa8d0951bf0509682686874fdb0bdb,0.0,0.804,0.196,0.8316
2025-05-14 12:08:00,"Under criticism about Air Force One, Boeing scores Middle East plane deal during Trump visit",MarketWatch,https://finnhub.io/api/news?id=1781e7422da20b9127b3e2d2c9fd3da11265da6ead431754062ff4e373d7e7a2,0.172,0.828,0.0,-0.7003
2025-05-14 11:43:06,Boeing : opens new commercial parts warehouse in Germany,Finnhub,https://finnhub.io/api/news?id=f82f73fa1880ae12e9b43a03543598e6b338705a208c25ac2f5c1a5fd2fb7a48,0.0,0.78,0.22,0.8625
2025-05-14 11:01:07,Boeing CEO Kelly Ortberg to Speak at Bernstein Strategic Decisions Conference May 29,Finnhub,https://finnhub.io/api/news?id=42e07dc4d382a82c4b8a01a6b5be3c8f77f7947f1df8dc2d04c2c96ded153c75,0.0,1.0,0.0,0.0
2025-05-14 10:44:21,Qatar Airways signs deal for 160 Boeing jets during Trump visit,Finnhub,https://finnhub.io/api/news?id=af8f3b853f30345cf9a1040741d58187debc024af37e6c3ed43d67328126df90,0.0,1.0,0.0,0.0
2025-05-14 10:35:19,Cruises Set Sail Ahead Of Summer Boom: These 3 S&P 500 Stocks Show Strongest Late-May Seasonality,Benzinga,https://finnhub.io/api/news?id=c61c435ad052453870bd7ce29afaa01e9b2869882b3e742545b5fc8d1d27874e,0.0,0.838,0.162,0.4404
2025-05-14 10:29:09,Qatar signs $200 bln deal to buy jets from Boeing during Trump visit,Finnhub,https://finnhub.io/api/news?id=a35b2b7c5a1ce6964fa4173d73cbc85a5fd5aa7e3d6abecfd8ee2ab74a3f4d47,0.0,1.0,0.0,0.0
2025-05-14 06:53:07,IYJ: Industrials Dashboard For May,SeekingAlpha,https://finnhub.io/api/news?id=8360a53503e08f77460ac0523d2c16b4c87bb51d1991d4e797040b48de9c3a8d,0.0,1.0,0.0,0.0
2025-05-14 06:01:29,"US Navy's new fighter jet threatened by funding dispute, sources say",Finnhub,https://finnhub.io/api/news?id=7d0b969f0dc8b77d68e1e78377033a89e6985dc13e3c619e27823c1abdf15f08,0.171,0.681,0.147,-0.2732
2025-05-14 00:02:09,"Trump meets Syrian president, urges him to establish ties with Israel",Finnhub,https://finnhub.io/api/news?id=ec76668f014c2484616973c1f3c6c5aadb2c79afba7b2bfc9bcd6606617b0453,0.063,0.891,0.046,-0.2023
2025-05-14 00:02:09,"Trump meets Syrian president, says he is looking into normalising ties",Finnhub,https://finnhub.io/api/news?id=e690f56e5a2a79c762a56c31e97cdece7db46e9916759cb2b8d6bd658331f6a7,0.0,0.95,0.05,0.2732
2025-05-14 00:02:09,Trump meets Syrian president in Saudi Arabia before heading to Qatar,Finnhub,https://finnhub.io/api/news?id=d2400a44313f7e88d319274dd9fc697bbd73d7baf88b38f4411b0e41070ef18f,0.0,0.951,0.049,0.2732
2025-05-14 00:02:09,Trump to meet Syrian president in Saudi before heading to Qatar,Finnhub,https://finnhub.io/api/news?id=2e38b97cbe17dd16217fe62a995aa46d49c935be8fc39e66e47015e205f185bc,0.097,0.838,0.065,-0.0516
2025-05-13 18:46:46,"Stocks to Watch Tuesday: Coinbase, Boeing, Hertz, UnitedHealth",Yahoo,https://finnhub.io/api/news?id=e8f27626f2af01ca3a0af45f01af8b01e4b130b8331a8b093787c8f149044bd9,0.06,0.831,0.11,0.25
2025-05-13 18:13:39,Boeing Hits 52-Week High After China Reverses Delivery Ban,Yahoo,https://finnhub.io/api/news?id=2d63c4da5cc9a56e18f490ed227a3bc3b19a4d3f53d4949f60fbf2ce4fad00d9,0.245,0.755,0.0,-0.8555
2025-05-13 17:49:02,Trump and MBS Tout $1 Trillion Pledge as Details Remain Elusive,Yahoo,https://finnhub.io/api/news?id=dc7f67037ed5fd23b0437e18bfd22910a691c5b80d1cb120516d6049a9a58da6,0.082,0.918,0.0,-0.5423
2025-05-13 17:38:16,Industrials Advanced on Economic Optimism - Industrials Roundup,Finnhub,https://finnhub.io/api/news?id=5626b3a7fd11b10d62cfb6fa870145421306cb94a6e9d70710b2caeff3af69c5,0.0,0.747,0.253,0.8807
2025-05-13 17:31:00,RTX's PhantomStrike Radar Catches Spotlight: Should You Buy the Stock Now?,Yahoo,https://finnhub.io/api/news?id=fc513710b8bee1154dfa3b9699414bceed7028f5101783ef3f6ce35623aad0f4,0.0,0.847,0.153,0.6808
2025-05-13 17:30:52,United Airlines exec says it may not get Boeing 737 MAX 10s until 2027 or '28,Yahoo,https://finnhub.io/api/news?id=d81f0f6b1239c967bb46375a56f93844fe1cf48229f6f0c88937c3b6c3f84fc8,0.02,0.874,0.106,0.8625
2025-05-13 17:28:00,Boeing Wins Order for 777X Aircraft: Should You Buy or Sell the Stock Now?,Yahoo,https://finnhub.io/api/news?id=e9419bd819233f7624349aa54740767772f022ec5915babb0e7ee84767529e15,0.075,0.7,0.225,0.7351
2025-05-13 17:00:00,"These Stocks Are Moving the Most Today: UnitedHealth, Nvidia, Tesla, First Solar, Coinbase, Palantir, Super Micro, Boeing, Rigetti, and More",Yahoo,https://finnhub.io/api/news?id=1324750bd1725c64567c437c84cba411ec18e9d9cb6774dae200ffb56a3f92dc,0.0,0.897,0.103,0.7269
2025-05-13 16:48:00,The U.S. Once Built Airplanes Quickly,DowJones,https://finnhub.io/api/news?id=c4bbc6386333afb082eb7193b5cc3b7fd04d1ff3290dbb2ba9993ca912f14293,0.0,1.0,0.0,0.0
2025-05-13 16:27:00,"Tesla Investor Ron Baron Calls Defense Industry ‘Corrupt,’ Has Tough Words for Boeing",MarketWatch,https://finnhub.io/api/news?id=d8c821e4708e4f1a21f07d151b09e9c674cf6135b61fb643f1afb8a4e35b7f26,0.107,0.786,0.107,0.0
2025-05-13 16:09:00,"Trump Celebrates $600B Saudi Investment: ‘Never Seen Anything Like It’ - Advanced Micro Devices (NASDAQ:AMD), AECOM (NYSE:ACM)",Benzinga,https://finnhub.io/api/news?id=8d66415815da7cec487bd0a1f38464a368497725a129d0c859478b5e19650278,0.0,0.737,0.263,0.8689
2025-05-13 15:37:00,China Lifts Restrictions on Boeing Plane Deliveries,Yahoo,https://finnhub.io/api/news?id=825407faeb737bc7d0a1b5e2d91e9f4cb9a3dd1bf88df2772a072b830b97f25e,0.0,1.0,0.0,0.0
2025-05-13 15:29:00,"The Zacks Analyst Blog Highlights Texas Instruments, Boeing, NextEra",Yahoo,https://finnhub.io/api/news?id=fbaee8f298281be940fe8f1d63beedb647cf488174275399897bc814e90d543e,0.0,1.0,0.0,0.0
2025-05-13 15:08:04,Boeing deliveries nearly double in April,Yahoo,https://finnhub.io/api/news?id=96f66f552968b800dae1504b7f793b89ea599e15c0909ee4de3e0d6ed72ddc9c,0.06,0.877,0.063,0.0772
2025-05-13 14:35:00,AviLease Places First Direct Boeing Order for up to 30 737 MAX Jets,Yahoo,https://finnhub.io/api/news?id=ec9bb0a22289069a26b36e7800c8322dc6ec26fc697f9c762deed64d6daa6dc7,0.0,1.0,0.0,0.0
2025-05-13 14:29:15,Wall Street Lunch: Inflation Eases But Tariffs Cloud Outlook,SeekingAlpha,https://finnhub.io/api/news?id=b61300607fb40773226dc285cb7cbe093e3a447a334552b0ce222b5f2d909979,0.0,0.944,0.056,0.1655
2025-05-13 14:22:33,Trump Diplomatic Blitz Spins Big Gambles as Signs of Success,Yahoo,https://finnhub.io/api/news?id=f3e0e4944aa4ac8bb7e9f0699857aa19f9dc99471b9551fbbf10280804dd76ef,0.041,0.897,0.062,0.25
2025-05-13 14:19:54,Saudi Arabia's AviLease places order for up to 30 Boeing 737 MAX jets,Yahoo,https://finnhub.io/api/news?id=d956f19eead0dde1275b4dcdf8b228fe4e9291af048856ea269cf0c5dae34e1a,0.0,1.0,0.0,0.0
2025-05-13 13:57:00,Boeing gets a break in China,Yahoo,https://finnhub.io/api/news?id=143b204bddf22603471cc99aeab0cc7217fe42217bad779ebc621fbf28a485fb,0.0,1.0,0.0,0.0
2025-05-13 13:46:31,"China unbans Boeing, United CEO on safety, Coinbase to join S&P 500",Yahoo,https://finnhub.io/api/news?id=e38d301bd8574ef0fc676847e4d1150f63659009305e949ea56d9eddb764cdcc,0.036,0.799,0.166,0.9042
2025-05-13 13:36:43,US agrees to sell Saudi Arabia $142 billion arms package,Finnhub,https://finnhub.io/api/news?id=e93c19c01932c3a0bb39b862b27f5d4530e29aa51ac1f413cbf213b5e75b00ac,0.0,0.713,0.287,0.8834
2025-05-13 13:21:04,Trump boasts Saudi business deals as he basks in royal welcome,Fintel,https://finnhub.io/api/news?id=1c562ec870ee287fe09d51fd219827624db4ba73b9fd01aae8231d0d6c1aef60,0.0,0.769,0.231,0.4588
2025-05-13 12:55:00,NYSE Content Advisory: Pre-Market update + April Consumer Inflation Data released,Yahoo,https://finnhub.io/api/news?id=c6ee72e434bd6abf0ecb29748af3e33837e2f24858814c7225aa0082d4e13a2e,0.0,1.0,0.0,0.0
2025-05-13 12:37:11,BOEING CO : RBC reiterates its Buy rating,Finnhub,https://finnhub.io/api/news?id=becc78c2ff60a9183ff3d1b6970222cb427fd0befa720116e02183e359989ca6,0.0,0.866,0.134,0.5859
2025-05-13 11:42:00,Boeing Stock Is Rising. Why It’s Getting a Boost From Tariff Talks Breakthrough.,Yahoo,https://finnhub.io/api/news?id=182335b6a4397933cc34651a84c204c25f693c510ed60efb552d6b21f0374032,0.0,0.696,0.304,0.8591
2025-05-13 11:15:08,Boeing Posts April Deliveries 45 Airplanes,Finnhub,https://finnhub.io/api/news?id=5aac84db0f27a3c375974b014cc45e484755774927673e9501bafd26acedb68c,0.11,0.89,0.0,-0.5904
2025-05-13 10:46:16,United to show off new 787 interiors as it seeks to reassure Newark customers,Finnhub,https://finnhub.io/api/news?id=94477c66539a139a244f1d345b3fbaddd5faf40ad7a5931a76684139111bf560,0.047,0.748,0.205,0.7906
2025-05-13 10:21:11,"Saudi Arabia wealth fund to order 30 Boeing jets, Bloomberg News reports",Finnhub,https://finnhub.io/api/news?id=94564587395173b62660994e572644580980a01e3ff7059f58453616c9da10dc,0.0,0.835,0.165,0.7579
2025-05-13 10:04:11,China removes ban on Boeing deliveries after deal with US to temporarily slash tariffs,Yahoo,https://finnhub.io/api/news?id=c95063100e1104d72506ac75a049c7eaadc9512f70ed51500ae4618d46fa8dab,0.198,0.702,0.1,-0.6808
2025-05-13 09:46:08,China reportedly removes Boeing bar,Yahoo,https://finnhub.io/api/news?id=e6200c3e76c62cdda27a188c98c94bff53e2ab749bebbcbffdde7017193a8b7d,0.17,0.83,0.0,-0.5994
2025-05-13 09:05:56,Boeing: A Contrarian Bet With Big Upside Potential,SeekingAlpha,https://finnhub.io/api/news?id=a95781685dd1423d2af93ee1f05fc5e460eda1d97d5dd8020b586a973e3bb20b,0.0,0.778,0.222,0.8055
2025-05-13 08:50:07,Saudi Wealth Fund To Order 30 Boeing 737s During Trump Visit- Bloomberg News,Finnhub,https://finnhub.io/api/news?id=269be2e08dee15a35dd5292ed29c7cd7cb282d2a25201af3941f702117d3440e,0.0,0.813,0.187,0.7983
2025-05-13 08:40:12,"Boeing looking to bring Saudi Arabia into supply chain for F-15EX, Boeing official says",Finnhub,https://finnhub.io/api/news?id=a926a25a5a49985780dd9a8f5b9a9ec1fde4e94ec16989e1fd4aa13dfc618daa,0.0,0.962,0.038,0.1531
2025-05-13 08:05:00,2025 Puts European And Global Defense ETFs On The Map,SeekingAlpha,https://finnhub.io/api/news?id=574fe5e0d652cbcbf088a9f50c0a017e9119b68db1fd3a75655eae96c4cb78da,0.063,0.811,0.126,0.2023
2025-05-13 07:01:15,United to ramp up luxury services amid robust demand for premium travel,Finnhub,https://finnhub.io/api/news?id=a8475b8be8eec9f98329682901498f189f9c5f9df24c7db83740a6f339a5b6fc,0.062,0.745,0.193,0.743
2025-05-13 06:50:21,PRESS: China lifts Boeing ban after US trade talks — Bloomberg News,Fintel,https://finnhub.io/api/news?id=2048a2e138b14f57df74ca3546276ae00551cb8e5346f45660b19cda738a2793,0.247,0.753,0.0,-0.5574
2025-05-13 05:28:41,"China lifts Boeing delivery ban as tariff war cools, Bloomberg News reports",Finnhub,https://finnhub.io/api/news?id=645410515e4a5c7096ba597fea759c150b408ba346a6373149eb2268dd9e0c65,0.249,0.659,0.092,-0.8519
2025-05-13 05:10:19,Boeing's China Deliveries to Resume After Ban Lifted,Finnhub,https://finnhub.io/api/news?id=9809ca4db8657bb765d9072aa78bebd81e6fd2c8aa2834bd56f9ad63f0299d4a,0.163,0.813,0.025,-0.7964
2025-05-13 05:01:11,"Trade deal: de minimis tariffs slashed, Boeing ban lifted",Finnhub,https://finnhub.io/api/news?id=b4384f941ece627c048c5f2520c7617fa40ffa23f0640327734a9b821d5f6c1b,0.118,0.774,0.108,-0.128
2025-05-13 03:38:24,"US to cut 'de minimis' tariff on China shipments, bolstering broader trade truce",Finnhub,https://finnhub.io/api/news?id=ee570d8b76828adb7e61447a08b55b99e16f71e965cbbf0e61db73dc51041b24,0.217,0.684,0.099,-0.7351
2025-05-13 02:15:59,"China removes ban on Boeing deliveries after tariff war pause, Bloomberg News reports",Finnhub,https://finnhub.io/api/news?id=a51a48b29e7f98c6a8bc1882f1363a963c1867880e03f328d166a904304412d4,0.244,0.665,0.091,-0.8519
2025-05-13 01:37:20,"China removes ban on Boeing deliveries after US trade truce, Bloomberg News reports",Finnhub,https://finnhub.io/api/news?id=b74b572141b3887f8f7e434fec8f02dc4c7cd1c589386005f035bb404636b53e,0.147,0.774,0.079,-0.6486
2025-05-13 01:19:10,China Removes Ban On Boeing Deliveries After Us Trade Truce- Bloomberg News,Finnhub,https://finnhub.io/api/news?id=63cbf943167d9fae8ed0777165ff8ee09952e03bb2e73f5328f0ec72e2242fd4,0.215,0.785,0.0,-0.8374
2025-05-28 22:35:12,NASA's Butch and Suni wrap up recovery after nine months in space,Finnhub,https://finnhub.io/api/news?id=99a0d5285133dd3afe7dafd23e5beabf45eac0467ff0e7b72c0124c91b65f25a,0.0,1.0,0.0,0.0
2025-05-28 22:32:00,3 Reasons Boeing Stock Is a Buy,Yahoo,https://finnhub.io/api/news?id=0d0136485fb7994cb8d09eb498798e282a606ea9c1459876bcfcd5d327569b6f,0.036,0.854,0.109,0.6808
2025-05-28 20:30:09,"Boeing aims to certify 737 MAX variants by year-end, CEO tells Aviation Week",Finnhub,https://finnhub.io/api/news?id=e22ef29f961b0d42eb4f97482c6f2725d2bec206031d6232c971d970c9f85d67,0.0,1.0,0.0,0.0
2025-05-28 20:11:09,NASA astronauts Butch and Suni emerge from recovery after long Starliner mission,Finnhub,https://finnhub.io/api/news?id=1f53af95529b8a72eddc51f875a2a7e803080186d438412c2b307d9882381fd5,0.07,0.93,0.0,-0.4588
2025-05-28 15:08:00,Astronics vs. Ducommun: Which Aerospace Supplier Is the Better Player Now?,Yahoo,https://finnhub.io/api/news?id=32e8fed0a63921190100cb27f8ced6d239c276cef7020f209c17f5b133937c15,0.0,0.575,0.425,0.9432
2025-05-28 15:04:43,"Will Paris Air Show Signal Shift In Aerospace Trade? Analyst Flags EU Tariff Risks, Order Delays",Benzinga,https://finnhub.io/api/news?id=415515d7c2ee0d5fb7f8721030cd9c16da514c39899272cd848a799262361ea9,0.091,0.909,0.0,-0.3612
2025-05-28 13:49:26,Boeing And Airbus Climb On $40 Billion Order Surge: Which One Is Leading The Recovery?,SeekingAlpha,https://finnhub.io/api/news?id=99753f686ac0914f6fa3a1654e30235f01212a9aa7b0ee2cd1ea6c9faef5e976,0.0,0.832,0.168,0.8176
2025-05-28 13:00:15,Investors Heavily Search The Boeing Company (BA): Here is What You Need to Know,Yahoo,https://finnhub.io/api/news?id=1f9325828ce352dc11f663fc873f7b1753270aad5fe5b88059619c5b31cbfd87,0.0,0.886,0.114,0.6486
2025-05-28 11:37:55,"Boeing, DOJ reach $1.1B deal to drop plane crash criminal charges",Yahoo,https://finnhub.io/api/news?id=a85c26af3d120c96b7ad23c5828bb7c60fb20fabb97f6b2bb533a83c895c3341,0.328,0.591,0.081,-0.93
2025-05-28 10:39:01,Qatar Airways CEO & Ex Virgin Australia CEO on Aviation Industry,Yahoo,https://finnhub.io/api/news?id=476eb2f55101ab8b6f2dca7821afbc64718a65fe51b56655f2e5aa747a3743f3,0.0,0.971,0.029,0.1779
2025-05-28 09:03:17,Exclusive-Aircraft leasing giant calls on Trump to expand zero-tariff plane pact,Yahoo,https://finnhub.io/api/news?id=c56f9280625f4fc8e1e62c8cf2d82743463fb1cf1cdb3e30c093083252380d01,0.074,0.785,0.141,0.8176
2025-05-28 05:00:30,Aircraft leasing giant calls on Trump to expand zero-tariff plane pact,Finnhub,https://finnhub.io/api/news?id=39e8e09a121cae0ff7ae1248edd8753288e1dc744e5d5fa47c6111328f5fd39e,0.0,0.818,0.182,0.7783
2025-05-28 04:32:33,1 Unpopular Stock that Deserves a Second Chance and 2 to Be Wary Of,Yahoo,https://finnhub.io/api/news?id=3e9415fc60a7a9cfcb58dfd19ec8e1d02c75bf9815c04116930c5c585e9421a2,0.093,0.832,0.075,-0.2732
2025-05-27 21:55:22,Jim Cramer Calls The Boeing Company (BA) “an Up Stock”,Yahoo,https://finnhub.io/api/news?id=541cf6afcf5d85786d0c430e6651b4276bb2570d8d2cb335910a70c8494df6fd,0.0,1.0,0.0,0.0
2025-05-27 20:15:00,"These Stocks Moved the Most Today: Apple, Tesla, DJT, Informatica, Super Micro, PDD, SoundHound, and More",Yahoo,https://finnhub.io/api/news?id=dc5c7286f16e7ce04e244f1c018b57c27db1d6040773ec46a6011d90f834e47b,0.048,0.86,0.092,0.4215
2025-05-27 20:15:00,CMA CGM’s $600M Vietnam Port Project Reflects ‘Sharp’ Container Demand,Yahoo,https://finnhub.io/api/news?id=97dcf0deed65f4ed74503647a2f971810bde69105e1d779bbfe0cb95c3253e0a,0.04,0.836,0.124,0.4767
2025-05-27 19:01:00,"These Stocks Are Moving the Most Today: Apple, Tesla, DJT, Informatica, Super Micro, PDD, SoundHound, and More",Yahoo,https://finnhub.io/api/news?id=295727048c36eb41528c50dea36fc8d7e6c570367a15c2db92b3bcc08c14ea07,0.047,0.862,0.091,0.4215
2025-05-27 18:27:20,Why Shares in Airbus Took Off Today,Yahoo,https://finnhub.io/api/news?id=679ef4dc62bfa20d74106abd0fd96998689080f0e8d03306f9a2ce5ebfaae93b,0.033,0.7,0.267,0.9524
2025-05-27 18:01:00,Boeing Stock Slips Despite Deal With Trump’s Justice Department,Yahoo,https://finnhub.io/api/news?id=623de95d25e76a19591a64f9096ca345bd0daa804214c90d0d02d9cee619fafa,0.305,0.581,0.114,-0.8481
2025-05-27 17:42:12,April Durable Goods Orders Drop Less Than Feared as Transportation Equipment Weighs,Yahoo,https://finnhub.io/api/news?id=2661f43a1ac19e2965d2a5f40dee5a16ff289bd1e94dc51a7238f919e70618b8,0.158,0.785,0.057,-0.4952
2025-05-27 16:06:00,Ryanair's EPS Estimates Northbound: Time to Buy the Stock?,Yahoo,https://finnhub.io/api/news?id=bd0a9267c6d55ad268c53179740e7937b7e39a2ec71e23347161579b84b20ce3,0.0,0.855,0.145,0.6249
2025-05-27 14:54:12,US and EU Race for Trade Deal With Six Weeks Left Until Truce Expires,Yahoo,https://finnhub.io/api/news?id=97f653c8c164ea0cf32041cd9642be74968a0025a9535867cd700fce453dbbf0,0.033,0.9,0.067,0.3818
2025-05-27 14:31:00,Lockheed Wins a $214M Contract to Aid Multiple Launch Rocket System,Yahoo,https://finnhub.io/api/news?id=f2b821a168795935ca2e6602a6dc5c335a1c3d35933e1a3f961d80d63463c21d,0.0,0.802,0.198,0.8126
2025-05-27 12:23:04,US business spending on equipment softening as tariff uncertainty persists,Finnhub,https://finnhub.io/api/news?id=c84c7a0f1f429196a42edefafc76b15bc1b6ec7e861dca3d5bfbd79d40eab3c0,0.124,0.876,0.0,-0.5859
2025-05-27 12:01:11,New BOBP ETF Targets US Large-Caps Using CORE16's Proprietary Skewness Model,Benzinga,https://finnhub.io/api/news?id=74e003ab935f8806ab2480679b8be94f39fa65b4fd0182c91f4ff3c4df3e5b9c,0.0,0.852,0.148,0.6369
2025-05-27 10:13:15,Plummeting US core capital goods orders point to weak business spending,Finnhub,https://finnhub.io/api/news?id=bb8a004aed135d0fd32c74cc683b9f62b5ec357063c7571537025614d226b8ec,0.129,0.871,0.0,-0.6369
2025-05-27 02:18:14,Norwegian Air Shuttle Stock: Bullish After 21.5% Surge,SeekingAlpha,https://finnhub.io/api/news?id=142ae7858704f18d2495450fa67a4dc3216e9b246a015ad1bedb6c6522b93ca4,0.058,0.776,0.166,0.5994
2025-05-26 14:20:09,EU Plans to ‘Fast Track’ Trade Talks With US Amid Tariff Fight,Yahoo,https://finnhub.io/api/news?id=f8ebaf04dc462e50b20b94da588d9459224aba7f7740d323a8c384a529ee68c1,0.125,0.854,0.021,-0.8885
2025-05-26 13:41:00,UAL vs. CPA: Which Airline Stock is a Stronger Play Now?,Yahoo,https://finnhub.io/api/news?id=6b0f2d1ff87b9e2f398a5898afaeccaba49a4c9a19ee849aceb97dab34e43890,0.0,0.657,0.343,0.8894
2025-05-26 12:20:20,Germany’s Merz Says US Tech Perks Could Be Target in Trade War,Yahoo,https://finnhub.io/api/news?id=f15a41c94fdf586b3e26d8b6cdcf5c192d496d0c1d7b56a7eeb7a54fb3b0cbfd,0.108,0.892,0.0,-0.8779
2025-05-26 01:16:12,BOEING CO : Raised to Buy by UBS,Finnhub,https://finnhub.io/api/news?id=fcb489e5d89ba773029c3d4ed95323d318b6cebec7eb2442616deb987b22b58f,0.0,1.0,0.0,0.0
2025-05-25 11:00:00,EasyJet pounces on Ryanair woes as budget rivalry reignites,Yahoo,https://finnhub.io/api/news?id=3cb7a6d755906684aa925d818bb905b04a02df9d8436888591163ef7fcdd4aca,0.121,0.727,0.152,0.101
2025-05-25 03:30:04,Applied Energetics: Recent 165% Surge May Be Built On False Hopes And Golden Dome,SeekingAlpha,https://finnhub.io/api/news?id=d135369e112ddd7d8b8f94c29c2b5c516bd9ccbf30558cd8a27f6c9ad8f7b490,0.0,0.745,0.255,0.4767
2025-05-23 20:51:00,Boeing in Tentative Agreement to Pay $1.1 Billion to Avoid Trial for 737 MAX Crashes,Yahoo,https://finnhub.io/api/news?id=8943f9f3ac086e41bc7c572f19501f9abf304295af689c2a12f080ada6c9c6e6,0.171,0.67,0.159,0.1779
2025-05-23 20:08:00,Boeing vs. Airbus: Which Aviation Titan Offers Better Long-Term Prospects?,Yahoo,https://finnhub.io/api/news?id=87d6bb23981ec5b674b4ed514962df996d90680c934f20f9b975a79419f6f466,0.051,0.754,0.195,0.7096
2025-05-23 19:51:22,Boeing's $444M Escape Plan? DOJ Deal Could Kill Trial Over Deadly Crashes,Yahoo,https://finnhub.io/api/news?id=750a5ce033080d48527a29cd86de2a0622f03f70a810780d6893a3e4a52fc17e,0.212,0.729,0.059,-0.6597
2025-05-23 19:38:56,"Boeing reaches deal with DOJ, avoids 737 Max prosecution",Yahoo,https://finnhub.io/api/news?id=c25cc5744c77a461c16a8030529bebc6d4ea1abb29e319a5d2ffa4ba80c9618f,0.147,0.736,0.117,-0.5233
2025-05-23 18:59:21,Justice Department reaches deal to allow Boeing to avoid prosecution over 737 Max crashes,Yahoo,https://finnhub.io/api/news?id=862d082739f20252d902f125d781df9a39ef22147f705b121e0e969851bb1c5d,0.215,0.67,0.115,-0.9531
2025-05-23 18:54:08,Justice Department and Boeing reach deal allowing airplane giant to avoid prosecution over 737 Max crashes,Yahoo,https://finnhub.io/api/news?id=b16f736050629746c79a5cd8787a28161849854c63fee2f01195b850479a46ad,0.247,0.548,0.205,-0.4215
2025-05-23 18:33:18,US Justice Department reaches deal with Boeing to allow planemaker to avoid prosecution,Yahoo,https://finnhub.io/api/news?id=42c268f337441eecb79a9323f9a12f438db8d5c7b35658f53e22615c969d8946,0.208,0.691,0.101,-0.9201
2025-05-23 15:58:38,European Officials Urge ‘Calm’ Facing Trump 50% Tariff Threat,Yahoo,https://finnhub.io/api/news?id=316ac359acadeb95467e4020a3caac569ff920cbabe33d21608cde42cbdb2f4c,0.128,0.821,0.05,-0.8225
2025-05-23 15:30:49,Boeing (BA) Up 15.4% Since Last Earnings Report: Can It Continue?,Yahoo,https://finnhub.io/api/news?id=43eeb916dd4f102fe5f0e9d308be8c9054f85c429738c10046915de21b476494,0.0,1.0,0.0,0.0
2025-05-23 15:09:07,US senators urge DOJ not to let Boeing avoid criminal prosecution,Yahoo,https://finnhub.io/api/news?id=ba2fbca7a88da17f3f484ad16db2253de8bd7175c811e12ff91cdd7c061964ce,0.285,0.635,0.08,-0.9786
2025-05-23 14:53:00,Textron Wins Order to Supply up to 12 Citation Jets in Mexico,Yahoo,https://finnhub.io/api/news?id=92ee49636d9917b685a1566bb2eb06cc367e76e6269a51eb3a5dc53a137927e3,0.0,0.883,0.117,0.5719
2025-05-23 12:17:00,Boeing’s stock has been surging. Here’s why it has become a FOMO play.,MarketWatch,https://finnhub.io/api/news?id=b43bbc16d1d145b68e9b578a2a53a061160192a3f6bea4b5c9f40579ff282083,0.0,0.833,0.167,0.5859
2025-05-23 12:14:16,"Trump Trade War Jolts Apple, Europe And S&P 500 With Latest Tariff Twist",DowJones,https://finnhub.io/api/news?id=0e1cfc428f6476c6185be937c6cbdf193b4c117dc95afd91a147ff87dac65677,0.245,0.755,0.0,-0.8316
2025-05-23 10:46:00,"Dow's 262-point drop led by losses in shares of Apple, Nike",MarketWatch,https://finnhub.io/api/news?id=c1040b88ec6524b04df97eef83dc1d9fda8c5504fdd2329c539ea78e79c7f90c,0.32,0.533,0.147,-0.6369
2025-05-23 10:06:23,Boeing Releases 4th Annual Safety Report; Furthering Safety Management System integration; Sharing solutions that further strengthen operational safety in the industry,Finnhub,https://finnhub.io/api/news?id=5904bf20565cd535142b356a329c1986a956d7eb16042f5114318c315e91ca4a,0.0,0.57,0.43,0.9769
2025-05-23 08:00:05,Trump’s DOJ agrees to let Boeing escape guilty plea. It was a deal victims’ families didn’t want.,Yahoo,https://finnhub.io/api/news?id=670ffc43f71c464601197fc862dc77e22d878b62fdf3546b413e604e14440f46,0.256,0.56,0.184,-0.7369
2025-05-23 08:00:05,Trump's DOJ may let Boeing escape guilty plea — and family members of crash victims aren't pleased,Yahoo,https://finnhub.io/api/news?id=fa5d7ac62e0d16ea6728cba8ab1044a63dd9671c131da06909d4685ce4f4a4e0,0.371,0.519,0.11,-0.9559
2025-05-23 01:31:34,"Trump Said Qatar Gifted Him A $400 Million Jet, But Insiders Say The US Initiated The Deal",Yahoo,https://finnhub.io/api/news?id=2b8b1da5f6f28ab0441d965595288f02f9c4ca1770425da5d04549bf05dac40c,0.016,0.924,0.06,0.6652
2025-05-22 21:08:57,737 Max Families Demand Criminal Trial for Boeing,Yahoo,https://finnhub.io/api/news?id=a095a798e10f8dc523319530f3ef879bd490f76809eb71fc777b69956f160961,0.398,0.602,0.0,-0.836
2025-05-22 14:31:47,"US should take Boeing to trial in 737 MAX fraud case, lawyer says",Yahoo,https://finnhub.io/api/news?id=26f8dc144d727e9622bcfe8532a31649c163a0326e9e8c49d56ed4c04636f18f,0.241,0.653,0.105,-0.9393
2025-05-22 14:17:16,"Boeing back in 'dynamic' production mode, engine supplier Safran says",Yahoo,https://finnhub.io/api/news?id=f9b623768dc1b866db0429d1a81eb648d58bfcd3a87f9b1b164e1bbf2ecb27cf,0.03,0.927,0.044,0.4201
2025-05-22 13:49:00,RTX's Unit Secures a Contract to Aid AIM-9X Sidewinder Missile Systems,Yahoo,https://finnhub.io/api/news?id=93c40135212431a158e7672d7a608ded9b2eaaac55dbc6c6c1a6b31b6a1d93b5,0.0,0.874,0.126,0.5574
2025-05-22 06:06:30,Lessor SMBC says Boeing and Airbus output has made some progress,Yahoo,https://finnhub.io/api/news?id=404e0ec2d6368e1ed8d9fc032864654b510c6a44404d2e35c8cf5fa8673f16e0,0.042,0.87,0.087,0.5647
2025-05-22 03:16:28,Boeing Speeds Up 737 Manufacturing as Safety and Quality Standards Rise,Yahoo,https://finnhub.io/api/news?id=d563a65d768215b6d9e2b31fd15a328f994885acb46d01870db1e7da3d3dd25d,0.0,0.959,0.041,0.4215
2025-05-21 19:44:05,U.S. government accepts Qatar's gift of $400M luxury jet to use as Air Force One,Finnhub,https://finnhub.io/api/news?id=6f16c3654a5aaf7f09e929ef82044c7e908abc4cd0ae1785bc5caecc9f674b1e,0.0,0.724,0.276,0.91
2025-05-21 19:24:00,Pentagon accepts luxury Boeing 747 from Qatar for Trump’s use despite backlash,MarketWatch,https://finnhub.io/api/news?id=997dfbede144ec745ea34f918c591c338d26df7d3fa17e944958a461b3d1c402,0.075,0.838,0.088,0.0869
2025-05-21 18:36:00,"The U.S., Trump Accept Qatari Gift to Use As Air Force One. Boeing Stock Is Falling.",Yahoo,https://finnhub.io/api/news?id=36d8d6a5b814135d679a362216f90216408df37d080a8b4a68c8d174bfc660f1,0.014,0.775,0.211,0.9571
2025-05-21 18:10:00,Pentagon Says It Has Taken Possession of 747 From Qatar,Yahoo,https://finnhub.io/api/news?id=76e3aa031f9156433bc1431aee6340c2ab2ac535018f1c6d2fd176e47630a693,0.0,0.868,0.132,0.6124
2025-05-21 17:37:15,"Bernstein Maintains Outperform Rating on Boeing (BA), Lifts PT",Yahoo,https://finnhub.io/api/news?id=c41295a352a29a4de6bd2a0e95f8457b0fb8aab9b8950efcf09d50773556f45f,0.0,1.0,0.0,0.0
2025-05-21 16:19:00,"The U.S., Trump Accept Qatari Gift to Use as Air Force One. Boeing Stock Dropped.",MarketWatch,https://finnhub.io/api/news?id=95015d256e64601f8cb17f20f1b4b61df3c7befb84b21a5b200d28b52dc47cfe,0.0,0.703,0.297,0.875
2025-05-21 15:27:29,Boeing Company: Backlog Signals Stabilization (Rating Upgrade),SeekingAlpha,https://finnhub.io/api/news?id=5e4f20f43031aba72806eafa918080204613f0768d5ca78c4d7eec9416c91981,0.0,0.87,0.13,0.5423
2025-05-21 15:25:47,Market Chatter: Boeing Looks to Stabilize 737 Production at 38 Units per Month,Yahoo,https://finnhub.io/api/news?id=6e476146b6fc7cb96cdf5dc3c5528106166c7ee04cfb17b2471696a382e89a86,0.0,1.0,0.0,0.0
2025-05-21 15:17:00,RTX's Arm Wins a $1B Contract to Aid Standard Missile-3 Program,Yahoo,https://finnhub.io/api/news?id=b70036e44052fa88709e54c762560b22c9d110d45fa2aca88c7a3300c6010ba7,0.079,0.759,0.163,0.4767
2025-05-21 15:10:07,"US State Department approves potential sale of bombs to Poland, Pentagon says",Finnhub,https://finnhub.io/api/news?id=d333ab618237d56ef44e03cc3c7ed8799f6aba096c61e878156eddc881a8ba84,0.0,0.877,0.123,0.6808
2025-05-21 14:02:21,"Boeing increases 737 production pace as quality, safety culture improves",Yahoo,https://finnhub.io/api/news?id=da55f3e01f229fb6e571f9f1739b45c71d30c3043ea730f63f333c2243655f8b,0.057,0.873,0.071,0.1531
2025-05-21 14:00:00,Boeing’s Internal Safety Plan: Make Problems Easier to Report,Yahoo,https://finnhub.io/api/news?id=6fa8368b01e0d8594032353934a699a69cc68d278f2a4418c7c8ee94d3e28a4c,0.071,0.58,0.348,0.8591
2025-05-21 13:42:29,Boeing Lifts Off: Strong Order Activity And Delivery Growth Fuel Stock,SeekingAlpha,https://finnhub.io/api/news?id=06ba3a1082d86d3c425b120502b0c6603971d31764b2d826f63b99532921a39c,0.0,0.762,0.238,0.8822
2025-05-21 10:05:07,Boeing : Releases 4th Annual Safety Report,Finnhub,https://finnhub.io/api/news?id=1cb7b49b4545c499bf35eae7a55a59e8779d66c2d123cc1cb7fd986fcb3ccfb0,0.0,0.655,0.345,0.936
2025-05-21 08:10:00,My Dividend Stock Portfolio: New All-Time Dividend Record In April - 100 Holdings With 14 Buys,SeekingAlpha,https://finnhub.io/api/news?id=da857ba038502fb2801876c07073c96e54676960374534733580830e88991dab,0.0,1.0,0.0,0.0
2025-05-21 06:08:10,Boeing Nears Key 737 Factory Milestone As CEO Steadies Factories - Bloomberg News,Finnhub,https://finnhub.io/api/news?id=6b5ebc1641963b4ddd6ab3e0702229c229f4456cbd6872b9f1f242bfcaa33418,0.0,1.0,0.0,0.0
2025-05-31 21:05:20,White House Planning to Replace NASA Administrator Nominee,Yahoo,https://finnhub.io/api/news?id=93bc7259e35fdcd0ef741791297717d9cd0c58f8a5bca47544f4eff62810dd84,0.022,0.92,0.058,0.4588
2025-05-31 11:07:00,"At the Worst Possible Moment for Boeing, Airbus' Space Business Is Booming",Yahoo,https://finnhub.io/api/news?id=4823fa1e28243be1c86bbdc6ec1c104b46bdd4888a9f076a1f2981573e53a655,0.136,0.864,0.0,-0.6249
2025-05-31 10:30:00,Pension Funds Won’t Save the Bond Market,Yahoo,https://finnhub.io/api/news?id=2f272fa983f101e6fb8135d93dc4b4edf373f796119eab837c3eea598e87a7b1,0.0,0.873,0.127,0.4939
2025-05-30 16:17:11,"Howmet needs to ramp engine parts production as jet output rises, CEO says",Yahoo,https://finnhub.io/api/news?id=c55ceb4a9de9f76d16c6952d6da6ec355d3725183b48b78ea72c1aa5ce0efafc,0.06,0.843,0.097,0.4472
2025-05-30 15:37:35,Saudi Arabia reportedly planning massive Airbus order,Yahoo,https://finnhub.io/api/news?id=2a85ffcb7ed8d327dc81df88ce56e1945e987082b24434cdbcb3b354676c45c2,0.0,0.93,0.07,0.5423
2025-05-30 15:07:12,"Dogs Of The Dow Chase June's ""Safer"" Buy -- Verizon",SeekingAlpha,https://finnhub.io/api/news?id=44d976ba7db3be633e540e5f641994b1f0a1556bead691a6bf5497cf05703d46,0.0,0.899,0.101,0.5574
2025-05-30 13:54:46,Update: Justice Department Reportedly Urges Judge to Drop Criminal Complaint Against Boeing,Yahoo,https://finnhub.io/api/news?id=a6c5bfe54f4db25aa41c16756957c79243130bb3f02ac277dfdcb7fe9b4b38e1,0.211,0.603,0.186,0.0258
2025-05-30 13:35:20,4 Industrials Stocks Whale Activity In Today's Session,Benzinga,https://finnhub.io/api/news?id=eb61553fd1ec215602270c84b88929f3879f8a2ff38ec7963ba3f2225267888c,0.0,1.0,0.0,0.0
2025-05-30 13:08:13,Ducommun Delivers On Vision 2027; Rejecting Takeover Was The Right Choice,SeekingAlpha,https://finnhub.io/api/news?id=448816e1d3aabe11cbacab2eae2790f805fe8a161424f71d738283aaa0b6321f,0.135,0.703,0.162,0.0041
2025-05-30 12:29:00,"Dow down 216 points on losses for shares of NVIDIA Corp., Chevron",MarketWatch,https://finnhub.io/api/news?id=f303edfb4bbc4a209e714546875be090edfc8abeed13edbecc7391d13bf771c9,0.181,0.671,0.148,-0.25
2025-05-30 10:37:06,"Stock Market Today: Dow Jones Wavers Amid Trump-China Friction, Inflation News; Tesla Bull Sounds This Warning",DowJones,https://finnhub.io/api/news?id=a5dd3a929ff968cb698d2cee451014df7925864df9a4e1026af940fc41dc477d,0.155,0.845,0.0,-0.6705
2025-05-30 09:57:31,Justice Department Reportedly Urges Judge to Drop Criminal Complaint Against Boeing,Yahoo,https://finnhub.io/api/news?id=bc4d01060462c37c501cc38cdbda63cdadcda4fadeaf06374e3254ac0d1bb892,0.349,0.492,0.159,-0.7964
2025-05-30 09:52:00,"NVIDIA Corp., Nike share losses contribute to Dow's 100-point fall",MarketWatch,https://finnhub.io/api/news?id=4dc7b57b96e0d874b7e0fb2e4dcf96f9ca971af52d61c94a0bef4ff98d943553,0.209,0.62,0.171,-0.25
2025-05-30 06:09:09,China's BYD and Great Wall Motor clash over China's auto price war,Finnhub,https://finnhub.io/api/news?id=790aef974abe177dad3e6cf67dd69e363366539d5596995b7e3b1971d5a4595b,0.136,0.78,0.084,-0.3612
2025-05-30 03:14:59,Watch These Boeing Price Levels After Stock Jumps to Highest Level in 15 Months,Yahoo,https://finnhub.io/api/news?id=b07f80440c35766131e7fe29f9a30a68fe3ea62d76b6ee32668e370173f8dedb,0.0,0.88,0.12,0.5994
2025-05-30 01:20:23,US formally moves to dismiss prosecution against Boeing and asks judge to cancel trial over crashes,Yahoo,https://finnhub.io/api/news?id=bb24b5a0e1921c3fa801d854071ed734d6085591d85e8265856ad0316a702dbe,0.227,0.742,0.032,-0.9843
2025-05-29 21:54:00,U.S. formally moves to dismiss criminal case against Boeing over 737 Max crashes,MarketWatch,https://finnhub.io/api/news?id=121db3ba0a2639ed516f0f3b38c379b00e80548830da64453c25b6d292fbfd21,0.221,0.779,0.0,-0.7783
2025-05-29 20:41:00,Boeing Stock Jumps on CEO Comments. Here’s What He Said.,Yahoo,https://finnhub.io/api/news?id=83024414d1b07cbc610be5a709326a1baa97ce9fd4d7788219b42cdf1ee9b4e5,0.0,0.806,0.194,0.7579
2025-05-29 20:22:39,US asks judge to dismiss Boeing 737 MAX criminal fraud case,Yahoo,https://finnhub.io/api/news?id=34e3aa4c6c735f052439c2c6266344c0b822d792cd47528b118da1213a035e99,0.188,0.65,0.162,-0.543
2025-05-29 18:06:46,"Nvidia lifts Nasdaq, Boeing China deliveries, Starbucks downgrade",Yahoo,https://finnhub.io/api/news?id=f277c8e9e61aeea4dc550dd7c9a54700f74bdd0312bef50d1710bd8bdb64ae8c,0.024,0.957,0.019,-0.1027
2025-05-29 17:53:02,Boeing Eyes June Delivery Restart in China,Yahoo,https://finnhub.io/api/news?id=00a35b97f151224833ff9455ff0e9c768c4d76dde5324b409f0d6cf572727dfd,0.0,1.0,0.0,0.0
2025-05-29 17:47:08,Industrials Flat as Boeing Gains Offset Trade Policy Confusion -- Industrials Roundup,Finnhub,https://finnhub.io/api/news?id=7e25689647477868df27f197c88ccddcec300743f93ee27648bb536c633cd805,0.095,0.754,0.151,0.3818
2025-05-29 17:31:56,Boeing Hits 15-Month High; Company Faces Larger Threat Than Tariffs,Yahoo,https://finnhub.io/api/news?id=a30d7b42c76c72c28ac3185a21f7f44ff636e08503e9698070854197784a073e,0.052,0.8,0.148,0.6369
2025-05-29 17:28:45,Boeing Stock Rises as CEO Says Plane Deliveries to China Will Resume Next Month,Yahoo,https://finnhub.io/api/news?id=6a56f02a924820d8e0f856f25236c29364406e41d2adb16b34aac6c69f591dd7,0.0,0.937,0.062,0.296
2025-05-29 16:28:41,Boeing CEO confident US will clear higher MAX output in 2025,Fintel,https://finnhub.io/api/news?id=ac952179b70bb7a583bd9ddfeff0db72563b109adef4e239593c0ff0f9102efb,0.0,0.608,0.392,0.7003
2025-05-29 16:17:39,Why Boeing Stock Just Popped,Yahoo,https://finnhub.io/api/news?id=4fe2715cae701d30804a1770c8588d6567913d2e4f379eb97fca6c0425321f0d,0.0,0.725,0.275,0.6486
2025-05-29 16:15:16,BOEING CO : UBS reaffirms its Buy rating,Finnhub,https://finnhub.io/api/news?id=f3913100e40ffb23cdd6f9e39c8101e4d05b0e278eb90ea62658937b484cf421,0.0,1.0,0.0,0.0
2025-05-29 16:08:53,"Chip stocks react to Nvidia, Boeing 737 Max, SentinelOne outlook",Yahoo,https://finnhub.io/api/news?id=814c8c89229d5d07a82c67945a2bd9b20410a639dbe85bb2a095c9a00565cfe1,0.039,0.91,0.051,0.2263
2025-05-29 16:07:12,US FAA extends program allowing Boeing to conduct agency tasks like inspections,Yahoo,https://finnhub.io/api/news?id=23876201583a66096b618af056789a4ae9002c1c5a101acd08b767cd4e2f9b2b,0.089,0.769,0.143,0.5423
2025-05-29 15:48:35,Boeing CEO: Biggest Trade Threat Remains Retaliatory Tariffs,Yahoo,https://finnhub.io/api/news?id=c0f5afbf38b5e5ce6fd1a5b276a5ff81730d92f55c30e9fb0c4ef1585074f54e,0.094,0.865,0.041,-0.6124
2025-05-29 15:46:00,"Dow's 117-point rally highlighted by gains in shares of NVIDIA Corp., Boeing",MarketWatch,https://finnhub.io/api/news?id=57e2c67258bd7f4e0e607b8d332f040ad9dcf958759b8fbc807b723374c9fa2a,0.0,0.685,0.315,0.802
2025-05-29 15:17:25,Boeing stock climbs on production ramp-up plans,Yahoo,https://finnhub.io/api/news?id=0c6c371caebf5bffcb26a19daab059d72a3fa30278cf5f2eff1c05f460f3496f,0.0,0.84,0.16,0.891
2025-05-29 15:03:12,"Boeing : Contributes $150,000 to Support Tornado Recovery Efforts in Missouri and Kentucky",Finnhub,https://finnhub.io/api/news?id=d5c14418bfb2fc8311cb26a2d14d6ebc3c3801037fb86a6e8478e569bfacda50,0.0,0.724,0.276,0.9201
2025-05-29 14:31:45,"Boeing aims to crank up 737 MAX production to 47 a month by year end, CEO says",Yahoo,https://finnhub.io/api/news?id=b7622c2121249dd40908c273068eafcf48c8254a6fce636404ec155171cba0a4,0.053,0.885,0.062,0.1779
2025-05-29 12:58:04,The Boeing Company (BA) Bernstein 41st Annual Strategic Decisions Conference (Transcript),SeekingAlpha,https://finnhub.io/api/news?id=9911b29358b523f9792171374b31bf19faef9fd510ca14b39839c3bff20b34a6,0.0,1.0,0.0,0.0
2025-05-29 12:08:10,US FAA extends Boeing regulatory delegation program by three years,Finnhub,https://finnhub.io/api/news?id=704c93919e7bc52862c76a02aa723de94db113afbba04dac884bf58380506dc8,0.0,0.924,0.076,0.296
2025-05-29 12:05:25,"Transcript : The Boeing Company Presents at Bernstein 41st Annual Strategic Decisions Conference 2025, May-29-2025 10",Finnhub,https://finnhub.io/api/news?id=d202a1df6e4cb6496ec37a0d8a205e1d035b52c03ca228548247f946b7ed9356,0.0,0.799,0.201,0.8516
2025-05-29 11:41:02,Market Chatter: Boeing Prioritizing Certification of 737 Max Variants to Fill $500 Billion Backlog,Yahoo,https://finnhub.io/api/news?id=3530bb56516ccab0b166de70be8a35ceacb8ab8b072e3fc782d7ab83c0939de8,0.0,0.857,0.143,0.6705
2025-05-29 10:59:13,Boeing CEO says company is 'pretty confident' it is ready to increase 737 MAX output,Finnhub,https://finnhub.io/api/news?id=0de0be78d661bc7de096f08b05f57c2dd1e094ba24bbec83e0793f4658b6a044,0.0,0.656,0.344,0.9509
2025-05-29 10:59:13,Boeing CEO says he wants to crank up 737 MAX production rate through rest of year,Finnhub,https://finnhub.io/api/news?id=03068f2c181c3186359f64432dd3448d66233a933e5230a548a7783a9682e309,0.0,0.904,0.096,0.6124
2025-05-29 10:32:07,Boeing CEO says aims to crank up 737 MAX production to 47 a month by year end,Finnhub,https://finnhub.io/api/news?id=4ebe0bfdb2af0f697555f2e3f435ed530b76a3ad1b39be0a0146ec04f3e32a17,0.0,1.0,0.0,0.0
2025-05-29 04:00:00,This Fund Avoids Fads—and Volatility. Why AI Stocks Are in the Mix.,MarketWatch,https://finnhub.io/api/news?id=7db2a1a4f81bfb9953c298afa365c488fbca71a0134d27f52076d05c2b24a2de,0.134,0.866,0.0,-0.34
2025-05-29 02:16:33,DIA: UnitedHealth's Tumble Shows Flaw In Dow Jones' Price-Weighted Index Composition,SeekingAlpha,https://finnhub.io/api/news?id=1e79da05cdc23d1c8d65309b03cb75858b60ac410d1c323e88cd1b0775f97d45,0.0,0.867,0.133,0.6369
