publishedDate,title,source,url,neg,neu,pos,compound
2025-04-10 22:35:00,Optimism Burns Off On Reentry To Economic Doubt,SeekingAlpha,https://finnhub.io/api/news?id=0b86718ffe36486454056a9201ff2cb77792c305daabc2866a62883fbc7959b9,0.208,0.5,0.292,0.25
2025-04-10 21:03:42,Amazon launches inbound-only LTL service,Yahoo,https://finnhub.io/api/news?id=3ee4525cbecd13f6cafe3c64773a3c66c33a450db3de7e9f28b2ee3e83f83f99,0.0,0.884,0.116,0.4767
2025-04-10 21:02:13,Retailer Five Below Cancels Orders Amid US-China Trade War,Yahoo,https://finnhub.io/api/news?id=8bcad4a368b574e2b8e7a7276068135063c11f393abe26b52767b5c6cbb37276,0.116,0.884,0.0,-0.8834
2025-04-10 21:01:00,"British Columbia to Axe US Contracts, Pushing Back in Trade Spat",Yahoo,https://finnhub.io/api/news?id=c206a146bc2106b7cb1c8ed721adcecaf1cc108eb2c6b0665a9c63afaae07b0b,0.016,0.914,0.07,0.6908
2025-04-10 21:00:35,"Amazon.com (AMZN): Tariffs, Stockouts, and Why Jim Cramer Still Believes",Yahoo,https://finnhub.io/api/news?id=c179d3bd45d7085780b85945da647dfc1e4a58837fda6a58e7271b9935d2c899,0.048,0.952,0.0,-0.5106
2025-04-10 20:08:14,"FedEx, UPS lose parcel market share to big retailers, smaller couriers",Yahoo,https://finnhub.io/api/news?id=803aaaf8961640cd60af9af894a03f70d21a981872cc1830bdf53c3a5accff4a,0.08,0.736,0.184,0.7269
2025-04-10 19:46:16,Jassy Says He Wants Amazon to Be Like a Startup,Yahoo,https://finnhub.io/api/news?id=b61604b1e53db208143fea55646eb566761f692cae40cc6a2d2e61910f5cda2d,0.0,0.829,0.171,0.7713
2025-04-10 19:18:54,Amazon CEO Denies Company Made Bid for TikTok U.S. Unit,Yahoo,https://finnhub.io/api/news?id=89b6fd0c50e0c8685f7d74dc015600692d1fcd13ab383c98b0a1a878b71fdb77,0.069,0.833,0.098,-0.0516
2025-04-10 18:39:09,"Amazon (AMZN) Price Target Slashed by Investment Bank, But Bullish Outlook Maintained",Yahoo,https://finnhub.io/api/news?id=0d27e474030c2669500b8eb33bb0f69d11d2f5a13df87fd38d4d75b6778b32ce,0.098,0.829,0.073,-0.4404
2025-04-10 18:33:00,Analysts send strong message on Amazon stock amid turmoil,Yahoo,https://finnhub.io/api/news?id=42eaeddfd860fccb65b956d446f00be6c2862dd264801c834823c273e7131f13,0.211,0.625,0.164,-0.34
2025-04-10 18:09:06,"Amazon CEO Maps Out $75B AI Vision, Eyes Future With Kuiper and Alexa+",Yahoo,https://finnhub.io/api/news?id=b01dc32cb7dc85e0b70c7d02c18982edf2eabf4fb50d7c630461fbbb10c8a5c6,0.0,0.814,0.186,0.6597
2025-04-10 18:03:25,Jim Cramer on Amazon.com (AMZN): “A Lot Of Mistaken Trading”,Yahoo,https://finnhub.io/api/news?id=b49cc7ffb89ab905ccb9016705d9344337386c39698dda0c49597a1eda9cf6d6,0.037,0.963,0.0,-0.3612
2025-04-10 17:31:04,"Capri aims to revive Michael Kors with lower prices, Amazon e-commerce sales",Yahoo,https://finnhub.io/api/news?id=40f253cc93936cc10fb6b5d41b514e62d4ae6ae25e41947e12a8052f457c3e9a,0.032,0.92,0.048,0.25
2025-04-10 17:19:12,Big Tech Sticks to AI Spending Plans Despite Tariffs—For Now,Yahoo,https://finnhub.io/api/news?id=372cc5794de8b955c8e2a92c0964ef161ba5a8e29b33db2c4d60009ccf376077,0.033,0.831,0.136,0.7533
2025-04-10 17:19:02,"Amazon Begins Launch of Satellite Internet Network, Eyes Long-Term Growth",Yahoo,https://finnhub.io/api/news?id=c15c656d4cdc4f25978698cef8e29e8377f36977e7c8a05972ce3d6c8e363449,0.074,0.775,0.151,0.296
2025-04-10 17:15:24,Amazon.com (NasdaqGS:AMZN) Partners With OMNY Health To Advance EHR Data Access Through AWS,Yahoo,https://finnhub.io/api/news?id=9d32bf95347a98f3d1a793611567904572a3dc77dfc042f705346a0266d26660,0.019,0.882,0.099,0.6506
2025-04-10 17:08:51,Mag 7 market cap value surged on tariff pause news,Yahoo,https://finnhub.io/api/news?id=f750267b019b90d543853466e0bd750d0855bc71685119b6770e39f8b345a636,0.0,0.924,0.076,0.7906
2025-04-10 17:02:48,"Amazon Is Going All In on AI. Jassy Says Others Should, Too.",Yahoo,https://finnhub.io/api/news?id=63b2fd89a7bf4f4050b3123bf8188bbca5a7c2ffbedbd51ccaff1b8ccd55ea10,0.0,0.78,0.22,0.6369
2025-04-10 16:40:10,"Jim Cramer Says: “Amazon (AMZN) Has All the Cards – It’s a Steal, Frankly”",Yahoo,https://finnhub.io/api/news?id=e2d6e1087958cc25570347993f6268261258e0699cbeb04a87dd971a03b56fa8,0.086,0.914,0.0,-0.7506
2025-04-10 16:34:00,"Apple, Nvidia, Meta, and more Magnificent 7 stocks slide as the Nasdaq rally kicks into reverse",Yahoo,https://finnhub.io/api/news?id=8b35ad0335bb127e20138e8ceb5bdf924a543d50b5738bb7073ecadc2a4a95cd,0.0,0.874,0.126,0.7089
2025-04-10 16:31:13,Amazon Just Flipped the AI Switch -- And It's About to Change Everything,Yahoo,https://finnhub.io/api/news?id=c796a41f9cded7a5c4cc3d54538cdda78b9f18f0df820203d3e036aa74d68d54,0.0,0.946,0.054,0.1779
2025-04-10 15:30:00,Harbor Mid Cap Value Fund Q4 2024 Commentary,SeekingAlpha,https://finnhub.io/api/news?id=c641fbb5af096e14d02db6cb15aa59cf2865db40883254d9c95f8e7d11676f44,0.0,0.745,0.255,0.34
2025-04-10 15:30:00,Get diversified: 'Mag 7 will no longer be the Mag 7' in 5 years,Yahoo,https://finnhub.io/api/news?id=646a81f5169b632b113568ad4389dd616f249786c4587f9f785b7eb568735b80,0.017,0.857,0.126,0.891
2025-04-10 15:06:56,Tariffs Are Coming -- And Amazon Shoppers Are About to Pay the Price,Yahoo,https://finnhub.io/api/news?id=6de71c6bc21972fc0dc4b0662162f17f52edfe747f002b0224461d3d88453649,0.042,0.906,0.051,0.0772
2025-04-10 15:02:31,Tesla Rally? Don't Be Fooled - $42 Is In Sight,SeekingAlpha,https://finnhub.io/api/news?id=f10b6ee91c454d3aee0438589f48c30a8a96889875a5501ffc997c9ec7af890b,0.0,0.805,0.195,0.2924
2025-04-10 14:54:10,"Tesla in Saudi Arabia, TSM sales, Amazon CEO: Trending Tickers",Yahoo,https://finnhub.io/api/news?id=6e5c2fe27581458c3ec8c924381b00273f55ac8750f67a407067c707128483be,0.0,0.941,0.059,0.5423
2025-04-10 14:49:41,The Medium-Term Impact Of Tariffs On The Technology Sector,SeekingAlpha,https://finnhub.io/api/news?id=ad828c92fd62b5ed49bdaf848c1441259d2fd4aea6a403858de718a2e10f8e7f,0.0,0.935,0.065,0.3612
2025-04-10 14:39:02,"Amazon, Wayfair, Pinterest Win Analyst Backing Due To Tariff Pause, Supply Chain Relief, Discretionary Spend Recovery",Benzinga,https://finnhub.io/api/news?id=7867f2e8e8ba3380a5890f25047c885fd683d353461ac1cedda77af8a6ce0731,0.0,0.702,0.298,0.9322
2025-04-10 14:29:00,"Amazon needs to stay 'the world's largest startup,' CEO says",Yahoo,https://finnhub.io/api/news?id=ebd46a39d85bde9b1183e8b1fe51cc8061f0bdcab21d6ca72579a5c66c34ba9b,0.029,0.859,0.113,0.5267
2025-04-10 14:25:36,"Andy Jassy asked Amazon employees to call out all the red tape at the company and received almost 1,000 replies",Yahoo,https://finnhub.io/api/news?id=cba49b52745c8aa569e20a8e781116683e5751a8135f79d5225de09c939e8806,0.0,0.898,0.102,0.34
2025-04-10 14:25:00,Amazon CEO: AI is Key to Staying ‘Competitive’ as Company Takes On Nvidia,Yahoo,https://finnhub.io/api/news?id=e6481b72748539d8bac3c3446e38d9bb7fa755b562d45aeb27a5afcdff30035a,0.0,0.946,0.054,0.1779
2025-04-10 14:15:19,"Expect Amazon prices to rise because of tariffs, CEO says",Yahoo,https://finnhub.io/api/news?id=0e4d59628c98f4907066e134df5c02fb96f7f017ff2d5523cc2f2bce05cd838e,0.112,0.749,0.138,-0.2732
2025-04-10 13:51:00,Amazon CEO Says Generative AI Will Reinvent Every Customer Experience,Yahoo,https://finnhub.io/api/news?id=5c2aab184cbacf72d7d01e164b416d23f4635a372c43d1b7f67a69a84134acbd,0.0,0.955,0.045,0.1779
2025-04-10 13:46:00,Trump's Tariff Pause Triggers Epic Rally: How to Play Mag 7 Now,Yahoo,https://finnhub.io/api/news?id=09361f0a30fe0107ec0f68c31af4b83bfa0092f811da79e8d7c20c69670ffb1d,0.0,0.725,0.275,0.8555
2025-04-10 13:45:00,"Down 20% This Year, Here Are 3 Reasons Why I'm Still Loading Up on Amazon Stock",Yahoo,https://finnhub.io/api/news?id=d49f146e3099ddf3c8e8676ad925d9ea7fbe5883f1c0fa1c3145d6c223c1c164,0.02,0.936,0.045,0.0703
2025-04-10 13:14:32,What should investors do after Trump's tariff U-turn?,Yahoo,https://finnhub.io/api/news?id=5a817f8780df1e68682bc1540d1c7fd69551bcf9d578cf076e36442af0f6d273,0.0,1.0,0.0,0.0
2025-04-10 13:10:00,Wall Street Lunch: Amazon Sellers May Pass Tariff Costs To Consumers - CEO,SeekingAlpha,https://finnhub.io/api/news?id=7215a3eac43123d1287460e1797541528dfc2f02760a9c09d82e665a2c0b7131,0.0,0.876,0.124,0.1779
2025-04-10 13:05:43,"Amazon Is Working to Keep Prices Low, CEO Says",Yahoo,https://finnhub.io/api/news?id=fb201591e165b0f609ca496726937610cc87be290ac71bc42a6d16b801a62843,0.077,0.881,0.042,-0.4404
2025-04-10 12:53:00,3 Signs AI Demand Remains Strong Amid Tariff Uncertainty,MarketWatch,https://finnhub.io/api/news?id=5806dc28604622536cf6ab11519ae469a7c0bea06c1664af843bcf8e5b243052,0.295,0.455,0.25,0.2023
2025-04-10 12:52:00,"Nike, Walt Disney share losses contribute to Dow's 1,586-point drop",MarketWatch,https://finnhub.io/api/news?id=df74ceed051e2331115204d88735d30e0f63520fef0a282ad8bae10e0fcab182,0.343,0.5,0.157,-0.6369
2025-04-10 12:49:24,Amazon's China Problem Is Massive -- And Massively Overblown,SeekingAlpha,https://finnhub.io/api/news?id=04d53f0b9d7bef39ea3f5b4eaf781940af9f295c4d6859aef707172aba32cc2d,0.252,0.748,0.0,-0.4019
2025-04-10 12:46:13,QQQ: I Have Been Waiting For A Drop Like This,SeekingAlpha,https://finnhub.io/api/news?id=dc5c4aa9b26ac5e0b891768c545b8382da973c1a6362aa9114f40ca27995964f,0.04,0.691,0.269,0.836
2025-04-10 12:45:14,"Wall Street Tumbles, Dollar Crashes, Gold Hits Record Highs As Inflation Cools More Than Predicted: What's Driving Markets Thursday",Benzinga,https://finnhub.io/api/news?id=17cd4c5b66ea29ada954dc61b80eca8bd525061d7af53f1932610eabc5e58df9,0.109,0.891,0.0,-0.4118
2025-04-10 12:43:20,Amazon Leader Defends 'Investing Aggressively' On Generative AI In Shareholder Letter,Yahoo,https://finnhub.io/api/news?id=582e0094e4c6ff94dcc6bea0e610610bb87ac448f6286f377f6022d23ee270c8,0.141,0.752,0.107,-0.2732
2025-04-10 12:41:56,Google Cloud vs. Amazon’s AWS: The Cloud Face-Off You Can’t Ignore,Yahoo,https://finnhub.io/api/news?id=81ebeeb4ff465a491f2d7617faf16d043d5a3e90be4821c8c04be1aa4ea4649d,0.069,0.857,0.074,0.128
2025-04-10 12:39:27,This Week In E-Commerce - AI Drives Transformation Across Global Commerce Landscape,Yahoo,https://finnhub.io/api/news?id=f3656de1dd2da40c1fbd3e936467a4bb2b98bc4041bb1b208323b52ad93f6f9c,0.0,0.925,0.075,0.6369
2025-04-10 12:32:00,ESG Still Matters. 3 Defensive Stocks That Make the Grade.,MarketWatch,https://finnhub.io/api/news?id=2f1105f3dfcd5cd644f0a1d01686600ce5c74026d15ec6b06e9ba489a1ec1115,0.0,0.784,0.216,0.1027
2025-04-10 12:30:00,"Tariffs Are Crushing These 2 Stocks, but Long-Term Investors Could Get an Amazing Bargain",Yahoo,https://finnhub.io/api/news?id=467f0936b6cb7954612cd9b01c79fbcbd0fba19c66b651183a94c53649e2780a,0.07,0.648,0.283,0.9568
2025-04-10 12:30:00,AI-Powered Service Robots Redefine Hospitality as Industry Innovators Lead the Charge,Yahoo,https://finnhub.io/api/news?id=3b345ab817ab261b337b74519b38e7086cf647b964a4755144061b2ab8b460e6,0.047,0.861,0.092,0.5719
2025-04-10 12:16:17,Amazon.com (AMZN)’s Nova Sonic Transforms AI Speech with Emotion and Timing,Yahoo,https://finnhub.io/api/news?id=11f783f760e4579b24f668ed47c0988dbe4a39acf2221ab164d1d0f2e4eae7ad,0.0,0.969,0.031,0.2732
2025-04-10 11:41:32,Crisis Creates Opportunity: My Top Picks In The Current Selloff,SeekingAlpha,https://finnhub.io/api/news?id=3428a0113593abe43fee1dbffd7143f8e52e055967ba55882fb021da7c933994,0.089,0.607,0.304,0.784
2025-04-10 11:15:00,2 Artificial Intelligence (AI) Stocks Poised for Big Gains in the Next 5 Years,Yahoo,https://finnhub.io/api/news?id=6d8abf2a27928b6c579d36c9c079d2bcb0e75f925996b2b05a9085e1cfde271c,0.019,0.755,0.225,0.9442
2025-04-10 11:13:00,Harbor Capital Factor U.S. Large Cap ETF Q4 2024 Commentary,SeekingAlpha,https://finnhub.io/api/news?id=d513c95f6496914a3dbc2eb9f9d0b1f3e3ebba81993138c72ceab7f04b45ca60,0.0,1.0,0.0,0.0
2025-04-10 11:09:53,Amazon CEO sets out AI investment mission in annual shareholder letter,Yahoo,https://finnhub.io/api/news?id=ebb96770a581f672bf2a4015dd84b53631debdc35f9030fe79f5746768a31e89,0.0,0.828,0.172,0.9451
2025-04-10 10:53:01,"Market Chatter: Amazon Sellers Brace for Price Hikes, Shift Focus Away From US Amid Tariff Pressures",Yahoo,https://finnhub.io/api/news?id=5f7651f9df8f50df8e33da923243c328649b21bf0996db89b625ba8d0e81d4c9,0.061,0.789,0.15,0.34
2025-04-10 10:45:00,2 Growth Stocks to Buy and Hold Forever,Yahoo,https://finnhub.io/api/news?id=b4c44a9d1830356956a01885a9881154537ac93ae32d13655b3d58ef6451b59f,0.041,0.738,0.221,0.9366
2025-04-10 10:39:00,Harbor Dividend Growth Leaders ETF Q4 2024 Commentary,SeekingAlpha,https://finnhub.io/api/news?id=4e4e7ace0952f54374a9a311db1fd617812c541c75ac31706ebafdbff6f351a3,0.0,0.729,0.271,0.3818
2025-04-10 09:38:10,"Top 10 Trending Stocks On WallStreetBets As Of April 10, 2025 (Via Swaggy Stocks)",Benzinga,https://finnhub.io/api/news?id=9e558cbca1f111de6651ae5b6523ed9e4af652d5453b669707b7840055664a6e,0.0,0.899,0.101,0.2023
2025-04-10 09:34:51,"Faced with Washington, Chinese exporters are looking for a way out",Finnhub,https://finnhub.io/api/news?id=356110c683df8d8964c54a2f19efe69e57cd435be69103d7eef9b758e5b37b48,0.115,0.771,0.115,0.0
2025-04-10 09:24:12,Alphabet To $185? Here Are 10 Top Analyst Forecasts For Thursday,Benzinga,https://finnhub.io/api/news?id=76e77b09de20a8bef64cbcbef3bcfb409bf2661facf7cfd1c26a899fb0c307fc,0.0,0.847,0.153,0.2023
2025-04-10 09:15:00,4 Artificial Intelligence Stocks You Can Buy and Hold for the Next Decade,Yahoo,https://finnhub.io/api/news?id=c058fda61d5c533afaadb1dd8610a0e85026d3742cfe31a6cd084cfeadd49392,0.0,0.815,0.185,0.7096
2025-04-10 09:14:00,This fund manager isn’t big on ‘Mag 7’ tech stocks. But he likes these ‘Mag 2.’,MarketWatch,https://finnhub.io/api/news?id=f6212c4724c5bf241a3aa8f351ca2f004a13c25905b10c69adf4714d5dd42cec,0.0,0.802,0.198,0.8126
2025-04-10 09:00:00,Trump is already slowing global trade as companies pause orders,Yahoo,https://finnhub.io/api/news?id=60bb5dc0f9f2b0b1b24f48bccf1dacde722ce76f108a21c4f6b2a441888ff482,0.069,0.901,0.029,-0.6187
2025-04-10 08:50:00,Cathie Wood Goes Bargain Hunting in the Market Crash. 2 AI Stocks She Just Bought.,Yahoo,https://finnhub.io/api/news?id=61a042c84c207f54fefff6b8613461ed1fffa5be494742c6dcc06d3819e96532,0.023,0.876,0.101,0.7351
2025-04-10 08:45:00,Nvidia rules the AI chip market. Here’s what Amazon’s CEO wants to do about that.,MarketWatch,https://finnhub.io/api/news?id=c751ef7f670b8dd6dd9b84e5fa83a591bf64cc0907b2f239c2c3000e2eb62678,0.0,1.0,0.0,0.0
2025-04-10 08:10:00,Harbor Long-Term Growers ETF Q4 2024 Commentary,SeekingAlpha,https://finnhub.io/api/news?id=173fbd7b23fced2ec3e98b940b9ea88a5d7b0263c2a1d891a5af41eb92fdfb67,0.0,1.0,0.0,0.0
2025-04-10 07:52:00,We're About to Find Out the Answer to Warren Buffett's Pointed Question About Trump's Tariffs. Here Are 3 Stocks to Buy Depending on What That Answer Is.,Yahoo,https://finnhub.io/api/news?id=138b8e7300fc164da53a20cc358507d8320bc673abe7ecc9062462b7cec975c3,0.067,0.904,0.029,-0.5207
2025-04-10 07:05:13,Wall Street Breakfast Podcast: TSMC Revenue Surges On Pre-Tariff Rush,SeekingAlpha,https://finnhub.io/api/news?id=967998a960e0c6c81e186978a6c83238c57473ddb31a33991e6aa84eab6e477f,0.0,1.0,0.0,0.0
2025-04-10 07:04:19,Amazon CEO : Gen AI Will Reinvent Every Customer Experience,Finnhub,https://finnhub.io/api/news?id=c85db7b011bab9634097c0ef2ac993945d0827a3326dc72579e3bfd1742ddd1e,0.0,0.96,0.04,0.1779
2025-04-10 06:48:00,Amazon CEO: Gen AI Will Reinvent Every Customer Experience,MarketWatch,https://finnhub.io/api/news?id=2fd3a7f6e408552a0a7dd628b99991b38413a47700a5e0438b9a62925c9ef47c,0.0,0.825,0.175,0.34
2025-04-10 06:15:09,Amazon com : CEO Andy Jassy’s 2024 Letter to Shareholders,Finnhub,https://finnhub.io/api/news?id=217244cc8ed8cdabd2c7562d174ec430715ae7d8f96359558ca8ba63f92091ad,0.0,0.759,0.241,0.8555
2025-04-10 06:15:00,Vulcan Value Partners Q1 2025 Letter,SeekingAlpha,https://finnhub.io/api/news?id=38ef7b55282b809b516c96dfc9a7bb6ec271e2042ffa834eb0784c53f2ce7b1c,0.0,0.676,0.324,0.34
2025-04-10 06:11:09,Amazon com : 2024 Letter to Shareholders,Finnhub,https://finnhub.io/api/news?id=ca1f0168d8a18e1dc46eee94f0cfb7f1a7487bfee9bc8415f4b7e2f0fa47fa97,0.0,0.744,0.256,0.8074
2025-04-10 05:31:00,MPs call for Netflix tax to protect British TV,Yahoo,https://finnhub.io/api/news?id=81079cf2acd8d44c30292d3d7c7723b6b7d815940f34e41cbaa85c9e985a3fed,0.085,0.755,0.16,0.5423
2025-04-10 02:35:31,Exclusive-Chinese sellers on Amazon to hike prices or exit US as tariffs soar,Yahoo,https://finnhub.io/api/news?id=c1c2dd41878cd428858cb5249cdf8073c9ec5c2af639453bf6083fe3b3eb26d8,0.019,0.924,0.057,0.3729
2025-04-09 22:41:00,"Is Amazon Stock a Buy, Sell, or Hold in 2025?",Yahoo,https://finnhub.io/api/news?id=365a81d898dce2c87321de01309262a66e82aa9f0b4c2c62ba020cf66fb54b8f,0.021,0.794,0.185,0.9049
2025-04-09 22:35:31,"Exclusive-Chinese sellers on Amazon to hike prices or exit US as tariffs soar, association says",Finnhub,https://finnhub.io/api/news?id=3a65bbeaffb6f36ec991a9fa5d875a45832d2daf30fdaa381c82aa2416c7cc71,0.0,0.931,0.069,0.34
2025-04-09 22:10:00,The Stock Market Has Crashed: My Top 5 Dirt Cheap Tech Stocks to Buy Now,Yahoo,https://finnhub.io/api/news?id=199f201cee01d446b8ae8210b04f673072dc2f5cb05adda1f63411a254da70fb,0.088,0.862,0.049,-0.4882
2025-04-09 21:26:29,Jim Cramer Sees Major Supply Chain Risks for Amazon.com (AMZN) Amid China Tariff Standoff,Yahoo,https://finnhub.io/api/news?id=51286cc3768ab4d707591e56b27f9d5912f0530b8271f5bd64e2bf408d62b504,0.08,0.92,0.0,-0.5945
2025-04-09 20:50:01,Bad weather scrubs Amazon's launch of first Kuiper internet satellites,Finnhub,https://finnhub.io/api/news?id=c116720d6249b7d9c28386a3d132dc44a18a09ffe2467ee2106a6305e95982e2,0.199,0.7,0.102,-0.6486
2025-04-09 20:48:03,"Amazon Pulls Plug on Some China Orders, Footing Vendors with Tariff Bill",Yahoo,https://finnhub.io/api/news?id=2a26777ef0a3b88a83c3d8c59c35e10f221048077af6ccec0e57c1b24d74bf5f,0.0,0.886,0.114,0.409
2025-04-09 20:31:45,US stocks stage historic rally as Trump's 90-day pause takes worst case scenario 'off the table',Yahoo,https://finnhub.io/api/news?id=9992118b32f4b057af44980a3370f646f96e9678f78b6314770b6c8e41d7757c,0.175,0.825,0.0,-0.7783
2025-04-09 20:30:42,"Marjorie Taylor Greene Buys The Dip: Congresswoman Purchases Shares Of Apple, Amazon, Nike And More Following Tariff-Related Sell-Off",Yahoo,https://finnhub.io/api/news?id=20ec138190b002b073442349c05cd9342189d86cdfe1c722d2c0fa61af2362ba,0.0,0.934,0.066,0.4404
2025-04-09 20:23:09,"A $5 million Idaho company that sells on Amazon shows how China tariffs will crush ‘Main Street’ U.S. firms — while Chinese rivals, and Amazon, will be fine",Yahoo,https://finnhub.io/api/news?id=2c01280cb6fb71540a99f0830e422e677326e41f23d0d1ec60c93cdb3c1ed476,0.075,0.776,0.149,0.4215
2025-04-09 20:01:45,"Amazon Cuts Off China Orders, Leaving Vendors to Absorb Tariff Blow",Yahoo,https://finnhub.io/api/news?id=41ae163661a4daf3e9b95ae531a7df43ba77bfa4160f40eac677191ae90bbb15,0.072,0.817,0.111,0.0516
2025-04-09 20:00:00,"1 ""Magnificent Seven"" Stock to Buy Hand Over Fist in the Nasdaq Bear Market",Yahoo,https://finnhub.io/api/news?id=4001ea80f5111868994853f7ffb4e530c2096eea2787c44cc15481e874b59aa6,0.0,0.694,0.306,0.9001
2025-04-09 19:29:14,The tech world aggressively backed Trump. It couldn't stop his tariffs.,Yahoo,https://finnhub.io/api/news?id=ab4fc22b7222b05c738fee786e1927eefef184cb795d7d24bc1edcecf319668c,0.07,0.836,0.094,0.0372
2025-04-09 19:06:04,Bank of America Sees Opportunities for Amazon Amid Tariff Uncertainty,Yahoo,https://finnhub.io/api/news?id=f31a10e03f2fa5bff71ac5d7788c465368786d065997cc9523a908d58c1683f8,0.066,0.74,0.194,0.6597
2025-04-09 18:41:00,Amazon.com (AMZN) Price Target Trimmed but AWS Growth Keeps Analysts Bullish,Yahoo,https://finnhub.io/api/news?id=aa3166a1fae70b7d248999ae539f542964493e79d6797d810482458c59aae1d5,0.047,0.905,0.047,0.0
2025-04-09 18:18:32,Amazon is Cancelling Some Merchandise Orders from China,Yahoo,https://finnhub.io/api/news?id=ebe2640d800ad8ce67640b1a32cd6b9ac6c24b5bc657ccdec4933703431595cd,0.056,0.869,0.075,0.0772
2025-04-09 17:48:54,Amazon Just Canceled Millions in Asia Orders--What They're Not Telling You Will Rattle Markets,Yahoo,https://finnhub.io/api/news?id=29238ca5b8464cd5f2352c38099c29877f5898c59f9d0d0f52da86ba57330ac9,0.12,0.831,0.049,-0.3612
2025-04-09 17:42:06,Amazon.com (NasdaqGS:AMZN) Unveils AI Innovations With Groundbreaking Voice And Wine Management Solutions,Yahoo,https://finnhub.io/api/news?id=b539ace217c521fe15465be537d0ae1750c34a51733a7d4e7651e657c2a1f49c,0.051,0.842,0.107,0.6249
2025-04-09 17:36:00,Amazon’s Risks From Tariffs Go Beyond E-Commerce. Why Wall Street Still Likes the Stock.,Yahoo,https://finnhub.io/api/news?id=d2e9e9754164719824f9b453e4820bb84973ef6f05c241c2d6e2d429ecc68c1d,0.041,0.793,0.166,0.8898
2025-04-09 17:27:32,"Amazon Cancels Orders From China After Steep Tariffs, Plans $15B U.S. Expansion",Yahoo,https://finnhub.io/api/news?id=45c656b1f4e27553a310047af1f7404caa84885c86e6778fcbe012b999c8e208,0.075,0.791,0.134,0.128
2025-04-09 17:11:00,Amazon already appears to be cutting back as tariffs kick in,Yahoo,https://finnhub.io/api/news?id=208f895aab6fd1cf8b6d555b41fb5c70f2fc60968dbf3b2f75c18ec56bdf26f7,0.108,0.823,0.068,-0.4588
2025-04-09 16:46:00,"Dow Jones Futures: Stocks Surge On Trump Tariff Rollback; Tesla, Nvidia Spike, Palantir Eyes Entry",DowJones,https://finnhub.io/api/news?id=3e2d5acc63ffefed93b32f85ec64335fe77c7fabf03dbd726a35e909b1b68cd8,0.0,1.0,0.0,0.0
2025-04-09 16:11:05,"US importers, whip-sawed by tariff uncertainty, move to sidelines",Finnhub,https://finnhub.io/api/news?id=82d55a016b08d66fec670e8e50a1ad6c26a01dd2a82c371bba5b04c03412cdfc,0.174,0.826,0.0,-0.765
2025-04-09 15:43:28,Two Banks Lower Their Price Targets on Amazon (AMZN) Stock,Yahoo,https://finnhub.io/api/news?id=bbb54dd043b5927766d9259f2363e0d64158682246bd2a46d19d3da6d1a4b9bf,0.07,0.852,0.078,0.1451
2025-04-09 15:16:29,Nvidia Just Got Too Cheap,SeekingAlpha,https://finnhub.io/api/news?id=c265210ca395036d3eff2b8eda0d74cb5cda57d11f5e6b40f0cccdfe697dfd98,0.075,0.925,0.0,-0.2732
2025-04-09 15:00:00,"Dow's 2125-point surge highlighted by gains for NVIDIA Corp., Boeing shares",MarketWatch,https://finnhub.io/api/news?id=172fe8639d681474d9bd919466e4a4b63700536fdd811a7ffffb3668b87b9395,0.0,0.662,0.338,0.802
2025-04-09 14:11:00,1 Growth Stock Down 20% to Buy Right Now,Yahoo,https://finnhub.io/api/news?id=10f2e8df7a480109d4f2a7a2a1f44d9d12fc26a5ccf840e935204e6670eb934c,0.087,0.77,0.143,0.5423
2025-04-09 14:09:15,"Amazon.com considers $15 billion warehouse expansion plan, Bloomberg News reports",Yahoo,https://finnhub.io/api/news?id=e048edb651922a40bff94a1a01b04ca38d76aa5c8031fc8c7a97421258623c18,0.0,0.974,0.026,0.0258
2025-04-09 13:35:36,9 Consumer Discretionary Stocks Whale Activity In Today's Session,Benzinga,https://finnhub.io/api/news?id=fffeb54b92729e2aa64e4fea144c6af1e6c2a02543d20d2634a6993b54c74e46,0.0,1.0,0.0,0.0
2025-04-09 13:33:06,Cathie Wood Doubled Down On This China Stock Prior To Trump Tariffs Taking Effect,Yahoo,https://finnhub.io/api/news?id=9fbab3080cac1e8a058b01b880a55ff65dec5084e629ff05b195ff1052ce6724,0.0,1.0,0.0,0.0
2025-04-09 13:11:31,Short Sellers Mint $159 Billion Profit in 6 Days as Stocks Sink,Yahoo,https://finnhub.io/api/news?id=8ab5ee105ac9796511f87513d0b736e27af48dad5e77be88472c36a32ad993b0,0.037,0.856,0.107,0.7425
2025-04-09 11:32:36,Is Amazon.com (AMZN) Poised to Deliver Years of Solid Revenue Growth and Margin Expansion?,Yahoo,https://finnhub.io/api/news?id=24b6e91fa949b9a7123a5a1c2073e0df9d153df4fe1236489ec9b1510f0d4ff3,0.0,0.822,0.178,0.8979
2025-04-09 11:25:11,"Amazon.com Seeking Partners for Warehouse Expansion Plan, Sources Tell Bloomberg",Finnhub,https://finnhub.io/api/news?id=77ae408ec6ef3b2c01841c67465a4075ab13f572b510afbd8d2a16225fd044a5,0.0,0.972,0.028,0.0258
2025-04-09 11:00:25,"Musk, Zuckerberg and Bezos have lost $80 billion of net worth since Trump’s ‘Liberation Day’",Yahoo,https://finnhub.io/api/news?id=3480f030aaf8bde1688e32fb7577f7db4a4459e61eb693c5b54d1e6be6d435f1,0.064,0.884,0.052,-0.1027
2025-04-09 10:45:00,Quantum Computing Is a Hot Topic in the Artificial Intelligence Sector. But Which Stocks Will Still be Around Decades From Now?,Yahoo,https://finnhub.io/api/news?id=86d59c82508884d0f2448f6798f35edb7bcf34e5f620ac08d40570ebd4f951de,0.0,0.782,0.218,0.8752
2025-04-09 10:32:00,Stock Market Crash: Here's 1 High-Dividend Stock That Could Be a Steal Right Now,Yahoo,https://finnhub.io/api/news?id=a86d2c0835e88bdafb75971ef3311af79eadfb28cc9e7fdcc93370f72ca7bf27,0.077,0.853,0.07,0.2831
2025-04-09 10:23:42,"Amazon considers $15 billion warehouse expansion plan, Bloomberg News reports",Finnhub,https://finnhub.io/api/news?id=b04f4865d4c00620540a85cef0c5a6e3fa3f622b77a80dd61b48857c6f22ea41,0.0,0.958,0.042,0.1779
2025-04-09 10:14:28,"Best credit card deals of the week, 9 April",Yahoo,https://finnhub.io/api/news?id=47eef590a7aac4af1e258989addda712f68fc2f3118fb8e063260b5569083105,0.0,0.396,0.604,0.9716
2025-04-09 09:40:00,Stock Market Sell-Off: The 3 Best Stocks to Buy Right Now,Yahoo,https://finnhub.io/api/news?id=42f9a540815645590464f2b649ec345fbc109b6049461050a03d423b7be9c4c9,0.093,0.789,0.118,0.2263
2025-04-09 09:30:00,Tariffs Are Coming for the AI Boom,Yahoo,https://finnhub.io/api/news?id=de9d322baa2b788c2b0bc83c8761ede3e8d3d6b4ed03460b47d5554eb2a79c50,0.03,0.896,0.074,0.4767
2025-04-09 09:21:31,"Dow Jones Futures Pare Losses On U.S.-China Trade War; Apple, Nvidia, Tesla Rally",DowJones,https://finnhub.io/api/news?id=c439379b764e892458794f07941ad6801f918839a72603371ccb5bd2d1be6ce8,0.375,0.625,0.0,-0.9217
2025-04-09 09:18:54,"Top 10 Trending Stocks On WallStreetBets As Of April 9, 2025 (Via Swaggy Stocks)",Benzinga,https://finnhub.io/api/news?id=489be2289852084e5e531c242bd734ce5ebfc42a0c8435e60a40259c23bea4d2,0.0,0.899,0.101,0.2023
2025-04-09 09:10:21,2 Reasons to Like AMZN and 1 to Stay Skeptical,Yahoo,https://finnhub.io/api/news?id=06f7943dfa7ddb49d1dd15ac170676395f1fd6e1309eadaa444912b489f0dc59,0.13,0.713,0.157,0.0258
2025-04-09 08:47:06,Amazon.com To $255? Here Are 10 Top Analyst Forecasts For Wednesday,Benzinga,https://finnhub.io/api/news?id=6ef9b6fd764484427fcbd96deb2ce024dcf8fecb287181536d1c5cb0d30e7428,0.0,0.847,0.153,0.2023
2025-04-09 08:30:00,Warren Buffett and 8 Other Billionaires Have $8.5 Billion Invested in This Incredible Stock,Yahoo,https://finnhub.io/api/news?id=48b3b6c3a981e9f1fe6fc20fa3682aedf104d3522cd6fe79476b3aa827d348e2,0.0,0.661,0.339,0.8957
2025-04-09 08:15:00,Could Buying Amazon Stock Today Set You Up For Life?,Yahoo,https://finnhub.io/api/news?id=a89a8e31618c422ba35261442f1e87bd092120455660ba6ed22cddff45d8e1b1,0.0,0.829,0.171,0.5187
2025-04-09 08:00:49,This Billionaire At Trump's Inauguration Is Losing The Most Money,DowJones,https://finnhub.io/api/news?id=11e1398f24f5643f3f38c82fc8f20c659c69ca31966081eabbe1a4b2feb7f907,0.224,0.776,0.0,-0.6369
2025-04-09 08:00:00,Client Update February 2025: A New Year,SeekingAlpha,https://finnhub.io/api/news?id=2add1af658e317edd3d9a3b8b82d84eafd6af57d4ceb89f5e3cea879a3c3492a,0.0,1.0,0.0,0.0
2025-04-09 08:00:00,Stock Market Crash: 3 Tech Stocks You Can Buy and Hold for the Next Decade,Yahoo,https://finnhub.io/api/news?id=68d7af5234608163c8d3eeadf65dc8f369ab560328de53e693e0c02ae0d7f1f8,0.095,0.871,0.034,-0.5423
2025-04-09 06:46:25,Wall Street Breakfast Podcast: Easter Spending To Hop To $23.6B Despite Uncertainty,SeekingAlpha,https://finnhub.io/api/news?id=25806df4760050d75402b5728b82968a84c21d6d2cb755a9fad8905ebafbf29c,0.0,0.844,0.156,0.2584
2025-04-09 06:46:00,AI Agents Could Transform Enterprise Spending,SeekingAlpha,https://finnhub.io/api/news?id=8ff3c44a3eca439c235a474ed4f592b14d7065ea055fa48dad544bfd25af80b4,0.0,0.917,0.083,0.2023
2025-04-09 05:55:00,ClearBridge Appreciation Strategy Q1 2025 Commentary,SeekingAlpha,https://finnhub.io/api/news?id=083f158d4301c89c95f0620eb374801f3c24c5ea5191a271a05948cd419529b0,0.0,0.784,0.216,0.765
2025-04-09 05:53:59,"US Stocks Futures Trade Mixed Ahead Of Opening Bell: 'Preserve Capital In Conditions Of High Uncertainty,' Says Expert",Benzinga,https://finnhub.io/api/news?id=18f85ab94f0bc696dd06f8137fb9905bb5e1e821ce5c54fe207787a4036ba398,0.057,0.885,0.057,0.0
2025-04-09 05:40:00,ClearBridge Global Growth Strategy Q1 2025 Commentary,SeekingAlpha,https://finnhub.io/api/news?id=7d34102d44b898665644c314af3136e5c6d933ec19214224955ab36b39f01452,0.0,0.698,0.302,0.3818
2025-04-09 03:48:02,"Dow Dips Over 300 Points As US-China Trade Tensions Escalate: Apple, Tesla, Nvidia, Amazon Decline, Greed Index Remains In 'Extreme Fear' Zone",Benzinga,https://finnhub.io/api/news?id=b1333595cfad4d5a45b8f973c79a6b24c94280f153083d6d9d75bb403fbd1660,0.17,0.668,0.162,-0.3384
2025-04-09 01:29:37,"Jim Cramer Says Amazon.com, Inc. (AMZN) Has “Pricing Power” – Calls Out ‘Mistaken Trading’ on Tariff Fears",Yahoo,https://finnhub.io/api/news?id=3496bdf3b8d80a984fffdbc26db5952997c00ef6a8e2e4c8586106a161ee1e5b,0.037,0.963,0.0,-0.4215
2025-04-09 01:00:00,Prediction: This Artificial Intelligence (AI) Stock Will Be Worth More Than Nvidia in 2030,Yahoo,https://finnhub.io/api/news?id=967e89e8f1820ea1e0e68b650b3107db4beece2ea4549d45d021fafaf7d85113,0.06,0.704,0.236,0.7389
2025-04-08 22:30:38,"Mark Cuban Predicts Tariffs Will Make Things 'Ugly For Amazon, But Incredible for American Sellers' — But Some Point Out They All Source From China",Yahoo,https://finnhub.io/api/news?id=a764c4b7f2e37d8cf1489bc2e7112706ce5067be1db29d48a45020d2459cdb19,0.136,0.817,0.046,-0.9279
2025-04-08 22:11:46,"Is Amazon.com, Inc. (AMZN) the Best Stock to Buy According to Billionaire Steve Cohen?",Yahoo,https://finnhub.io/api/news?id=78c7e5de6f98d36a22039b3873da9967fbe4deb50b44ab9402968d6a10905893,0.0,0.816,0.184,0.9423
2025-04-08 22:05:40,"Cathie Wood Loads Up On $18.2 Million Worth Of Nvidia Stock, Adds $5.8 Million Worth Of Amazon Shares To Her Shopping Cart Amid Trump Tariff Upheaval",Benzinga,https://finnhub.io/api/news?id=6cd11e6f1712fd8d8ae2fc09f61af307b118e9373fe7215cd3a54b7da141396d,0.0,0.713,0.287,0.9022
2025-04-08 21:41:53,Trump's 104% Tariff On Chinese Imports Sends Stock Futures Plunging — Dow Falls Over 500 Points,Benzinga,https://finnhub.io/api/news?id=233897815c2f4ee3b4384ee8825786da1f7c8f54fa2c668190e0a1254b0bbfc9,0.032,0.878,0.091,0.5209
2025-04-08 13:47:50,Cathie Wood Buys Two Dow Giants And This China Stock Before Market Bounce,Yahoo,https://finnhub.io/api/news?id=52a0003614e6eecbc0f34f64e8d994ac7bba24136e88cdee2a64b30187361d8d,0.0,1.0,0.0,0.0
2025-04-08 19:00:00,Alibaba vs. Amazon: Which E-Commerce Titan is Best Stock Pick?,Yahoo,https://finnhub.io/api/news?id=de5799745f97422b475fac71438119d1a2178fb361f62d9724b9ecc42edd493b,0.05,0.616,0.333,0.9081
2025-04-08 18:08:24,"Meta, Amazon Stock Price Targets Cut By Analyst. Here's How Wall Street Views Tech Giants' Tariff Risk.",Yahoo,https://finnhub.io/api/news?id=98fc3f75a7887cc4beaa5193d04c9d8e1cb4fbeb8c643dbc958b168d976e02b0,0.246,0.68,0.075,-0.7783
2025-04-08 18:05:52,"Is Amazon.com, Inc. (AMZN) the Best Big Data Stock to Buy According to Analysts?",Yahoo,https://finnhub.io/api/news?id=5551252f9b240425bf2f754c47f92b6dae7031558fef9aa052c444d6060d04b8,0.0,0.816,0.184,0.9423
2025-04-08 18:00:00,"Building A $100,000 Dividend Portfolio: Enhancing SCHD With April's Top High-Yield Picks",SeekingAlpha,https://finnhub.io/api/news?id=306a992842aae5d6149230ab59ff4971d480f95ddae7c596fbb018078e5d5dd3,0.0,0.776,0.224,0.8176
2025-04-08 17:31:56,How IBM Soared 13% While Markets Sank in Q1 2025,Yahoo,https://finnhub.io/api/news?id=130a00af32b3d88e1755725e3aeae21db92741a2c009c1896be1149e6b7ffb60,0.056,0.773,0.17,0.7073
2025-04-08 16:48:26,"Trump Unleashes 'Beautiful Clean Coal' Policies As Wall Street Tanks, S&P 500 Hits 1-Year Low",Benzinga,https://finnhub.io/api/news?id=3444e921d408062c7ff3901b27b97d618bf78c3f56b9dac7c828d203a619f719,0.115,0.67,0.215,0.6369
2025-04-08 16:30:10,"JPMorgan Cuts Its Price Targets on Many Internet Names, Including META and AMZN",Yahoo,https://finnhub.io/api/news?id=d80bfd74e73b17e9b3ffb1fed399394c681fc47a1655040c0c3be57fb80dffe3,0.109,0.835,0.057,-0.4417
2025-04-08 16:27:16,Magnificent Seven Stocks Waver,Yahoo,https://finnhub.io/api/news?id=ea5862e3cbdd4582dd4dcc0462e3189992bcd6cafcf9a2ced8fab173781f02e1,0.031,0.785,0.184,0.9062
2025-04-08 15:48:11,"Well-Known Investor Buys More AMZN, UBER, Starts Position in RKT",Yahoo,https://finnhub.io/api/news?id=8fddc2bc26002d584fd9b4f0130e79d3f4d3f227ae6b4ae39ae54261fc7bc4e4,0.0,0.868,0.132,0.8126
2025-04-08 15:40:00,"Stressful Markets, But Lots Of Opportunities In Tech",SeekingAlpha,https://finnhub.io/api/news?id=512f0fac91cd57e8758eade6442e956f95339d69b018c44cf8cc32d1716c9105,0.177,0.708,0.115,-0.2144
2025-04-08 15:15:50,Keep Calm And Carry On: Top 5 AI Stocks For April 2025,SeekingAlpha,https://finnhub.io/api/news?id=939deac577ec404bd57236c2aebd6486957c61b0249a8ff7565e0e85720c8dfb,0.0,0.709,0.291,0.4767
2025-04-08 14:35:00,"If Tariff Deals Happen, These Stocks Could Pop",MarketWatch,https://finnhub.io/api/news?id=baad8182ea811ada4fb2c314c2055a34ba8696500cde7111915c4c53c4d64834,0.0,1.0,0.0,0.0
2025-04-08 14:08:42,"Investor Says AMZN, TSLA Have “Incredibly Bright” Futures",Yahoo,https://finnhub.io/api/news?id=04ba5b9e9c56a5a6b2b93258e617bd86d72614a9a170f0fb64162314c9a920df,0.0,0.974,0.026,0.1779
2025-04-08 13:47:00,"Affirm Stock Is a Buy, TD Cowen Says. Why ‘Heavyweight Partners’ Amazon and Shopify Make the Difference.",MarketWatch,https://finnhub.io/api/news?id=afe7831885450cfe42d65ecc2150d397ade457a352edc7a74d2f208efcb9d9c5,0.0,0.904,0.096,0.34
2025-04-08 13:00:00,Introducing Amazon Nova Sonic: A New Gen AI Model for Building Voice Applications and Agents,Yahoo,https://finnhub.io/api/news?id=83bc552dcfa8bc69671b48f04137eba463b2ace1c2b1f16d5e530426bb7329e6,0.0,0.909,0.091,0.7351
2025-04-08 12:54:02,Magnificent 7 tariff-fueled losses top $2 trillion,Yahoo,https://finnhub.io/api/news?id=c42475e1fe4289132e1c9a9ae18b525d08e5f42cc2818fb1588e8e5c0736e973,0.19,0.561,0.25,0.6249
2025-04-08 12:33:00,All of Retail Wants a Tariff Playbook. Walmart Could Deliver.,MarketWatch,https://finnhub.io/api/news?id=09a32defad9b9d1c1772f7a68b0ca58417b8d00f7d15234bccef9065c9bbf06e,0.0,1.0,0.0,0.0
2025-04-08 11:54:48,Nokia Inks 5-Year Deal with Fibrus To Strengthen Network Security And Analytics,Benzinga,https://finnhub.io/api/news?id=90d891d250da50bed097257ce793db9d15d8c6bb01af3945824832453c28ebd6,0.037,0.617,0.346,0.8885
2025-04-08 11:38:00,"The Best Warren Buffett Stocks to Buy With $1,000 Right Now",Yahoo,https://finnhub.io/api/news?id=f09a325a254045e05a7bdec99058d74c711b3c9625a2dc151b558777d75b1d04,0.0,0.81,0.19,0.9578
2025-04-08 10:57:00,"UnitedHealth, NVIDIA Corp. share gains lead Dow's 1,012-point surge",MarketWatch,https://finnhub.io/api/news?id=b769a40bcfc13f38898cc39eda9251c42cf459d32b1584d4800bed2e40fc5391,0.0,0.603,0.397,0.802
2025-04-08 10:45:18,"Trump's 'Reciprocal' Tariff Threat Wipes Out Nearly $1.8 Trillion From Magnificent 7, Dan Ives Warns It Could Set US Tech Back A Decade: 'Investors Know Math And The Sad Reality'",Yahoo,https://finnhub.io/api/news?id=fce16839e026e573d47cbaef47fda2fa06c1959d143379e14752be8582dbfbc9,0.103,0.822,0.074,-0.296
2025-04-08 10:30:00,"Down 55%, Should You Buy the Dip on IonQ Stock?",Yahoo,https://finnhub.io/api/news?id=b4c3995fa1a68d38c2ce95189dbb795490ffde26a484e9221bfa434dc6e031fe,0.026,0.858,0.116,0.7184
2025-04-08 08:23:22,"Dow Jones Futures Jump 1,200 Points On Trump Tariff News; Apple, Nvidia, Tesla Rally",DowJones,https://finnhub.io/api/news?id=3a89532cde2a828769dc7634a2d873eef772be9c52427a243557d5e532546247,0.0,1.0,0.0,0.0
2025-04-08 09:41:00,Stock Market Crash: Here Are 5 Stocks Down 27% or More I'd Buy Right Now,Yahoo,https://finnhub.io/api/news?id=52b8ad363201ec4943ce3f58abba38299b18771190792de172b3871ffd67d70a,0.051,0.889,0.06,0.2023
2025-04-08 09:30:00,Microsoft: I Was Wrong (Rating Downgrade),SeekingAlpha,https://finnhub.io/api/news?id=0fe640be7e52ac269798cc2e51a7b3366412207e39578b4efcfb9fd1c4c2c5af,0.383,0.617,0.0,-0.4767
2025-04-08 08:00:53,8 charts show the dramatic fallout from Trump’s 'Liberation Day' announcement,Yahoo,https://finnhub.io/api/news?id=24a5700da4c528110aa31e0f6a494e5dc3de9b6816b33757b4fde22bc273af8d,0.122,0.878,0.0,-0.5994
2025-04-08 07:15:00,Recession-Proofing Your Portfolio,SeekingAlpha,https://finnhub.io/api/news?id=2ab752356c3f58c4231fd378b6a8bad0c06f7634cd29b3b9df9021a06d80764f,0.0,1.0,0.0,0.0
2025-04-08 06:01:00,Thornburg Summit Fund Q4 2024 Commentary,SeekingAlpha,https://finnhub.io/api/news?id=0f3aca3933eb89bfa291d41a74c52adf0dc80359f2e04e37edfd3c9baf71ba50,0.0,0.937,0.062,0.296
2025-04-08 05:25:32,"Wall Street Eyes Recovery As S&P 500, Nasdaq Futures Rise After Trump's Tariff-Driven Selloff Wipes Out $9 Trillion In Six Weeks",Benzinga,https://finnhub.io/api/news?id=3c12275a6edf0ef6a84d7337952c026e17a84d4b3d3e4d4dd0491f32cd22e57e,0.0,1.0,0.0,0.0
2025-04-08 05:02:00,Jeff Bezos and Lauren Sanchez wedding to take place on 417-foot yacht—here’s where they’ll park it,MarketWatch,https://finnhub.io/api/news?id=cb9266d3b098e103a84726ff1d975fc6762a54d23a2f04480ca0ce6f57f7b2f9,0.0,1.0,0.0,0.0
2025-04-08 03:00:00,Amazon Buying TikTok Is a Long Shot. It Would Also Be a Game Changer.,MarketWatch,https://finnhub.io/api/news?id=c453f598773824c3597ebc251ce929ce029d7c69c15556eb45525098ba1735f4,0.0,0.884,0.116,0.34
2025-04-08 00:08:40,Bear Market History Can Inform Us About What To Do Next,SeekingAlpha,https://finnhub.io/api/news?id=64f1fe8de1cf89a543c9fc5a24e10fff642b5655f801128e5ce78e209cb3bfb7,0.0,0.95,0.05,0.2023
2025-04-07 17:16:53,The Ideal Anti-Tariff Investment: TJX Companies,SeekingAlpha,https://finnhub.io/api/news?id=1f690dd6e588c04019a9e8372b539ef12abcdba5ab86400b4a0a7cc0400fe641,0.038,0.776,0.186,0.6983
2025-04-07 16:00:00,Trump's Tariffs Topple Tech Stocks. Here's What Amazon Investors Should Know,Yahoo,https://finnhub.io/api/news?id=7d500c1fd0c6ac070e5567a6babae225570029f055823cff361db2a499342544,0.077,0.818,0.105,0.2263
2025-04-07 14:03:05,One chart shows how much optimism has been wiped out of the 'Magnificent 7' because of Trump tariffs,Yahoo,https://finnhub.io/api/news?id=b45cbaca9d2fe7970a5f9f11035a2e0b6947995a97a04be06d12dec6369b6825,0.073,0.612,0.315,0.8648
2025-04-07 13:39:20,'Magnificent 7' stocks continue getting hammered as Trump tariffs drag markets lower,Yahoo,https://finnhub.io/api/news?id=a75618165797c0aa97bd3b91179449e4785ad65181c49a8ea8334bd85b285f7a,0.108,0.686,0.206,0.6908
2025-04-07 13:35:17,10 Consumer Discretionary Stocks With Whale Alerts In Today's Session,Benzinga,https://finnhub.io/api/news?id=a7e44a3b83ce9068bc30b6ab54d5cafa69595351ba3771329b7c761205cf0527,0.0,1.0,0.0,0.0
2025-04-07 13:00:00,Amazon airline prioritizes bigger aircraft to handle third-party cargo,Yahoo,https://finnhub.io/api/news?id=f7c30caaae862e83c5fe68d2d83126b91d7a71795b31b8e9a09ec9dd074cc550,0.0,0.898,0.102,0.4767
2025-04-07 12:54:01,'I find it impossible to catch my bearings': Yahoo Finance community reacts to Trump tariff stock market plunge,Yahoo,https://finnhub.io/api/news?id=bc4f3650a1e20e9d8b3adfbdea6f9013b14dd80680c6236e81f64d9f4acb6145,0.128,0.838,0.034,-0.7269
2025-04-07 12:42:20,Nebius: The Neocloud Built For The AI Era,SeekingAlpha,https://finnhub.io/api/news?id=32618c08dbf9da3dc646eb873993ce49d66d54833f7525052ca820773713a1b7,0.0,0.84,0.16,0.6908
2025-04-07 12:30:00,When Will the Ultra-Low-Cost Vanguard Growth ETF Return to Its Previous Highs?,Yahoo,https://finnhub.io/api/news?id=31cc8b74286cbe0f8e2d14d8e910d2eb3c45fa2d8f7252307929d089edcd42b8,0.033,0.769,0.198,0.9217
2025-04-07 11:30:00,Cathie Wood Goes Bargain Hunting: 3 Stocks She Just Bought,Yahoo,https://finnhub.io/api/news?id=61f056968f4bef79f2e8c8066e0ffb24d003345e57586b7058b64c169b67c501,0.0,0.728,0.272,0.7269
2025-04-07 10:35:00,Amazon pilots AI app feature that can buy items from third-party sites,Yahoo,https://finnhub.io/api/news?id=39640bfe72c9101d0aca4a7523cbab0d513e0de4421d18846cf478f1f9f1986c,0.0,0.888,0.112,0.34
2025-04-07 10:30:00,"Down 25% From Its All-Time High, Is Amazon a Buy Right Now?",Yahoo,https://finnhub.io/api/news?id=c6cf49a17e02f6c7ca75b6c6f9766edd50090920803f66175c6134514df765d9,0.031,0.831,0.138,0.5286
2025-04-07 10:10:44,Markets Tumble as Three-Day Selloff Wipes Out $9.5 Trillion,Yahoo,https://finnhub.io/api/news?id=0a44b2cb60357a8e93749af9b3e2bea0d935c27efcf1d0d11c45c090df840ed8,0.077,0.891,0.032,-0.4404
2025-04-07 10:00:22,Grocers have the meats,Yahoo,https://finnhub.io/api/news?id=588eab9c0d4e7582c5b8bdfc2ff02d2545d2e134cf21ff462311183212ad5dc4,0.0,0.781,0.219,0.8458
2025-04-07 09:35:00,"Apple’s stock is the latest to see a ‘death cross,’ and it won’t be the last",MarketWatch,https://finnhub.io/api/news?id=0ef3af5a6cc7689f86fdc3b9abd092bf0e92874350556612ae42604350af4fa9,0.0,1.0,0.0,0.0
2025-04-07 09:31:20,"Dow Jones Plunges 1,100 Points On Trump Tariffs; Apple, Nvidia, Tesla Sell Off",DowJones,https://finnhub.io/api/news?id=15f3f8c670201be06629454b29829c9972b85c6f457033624cdf548a2189cfed,0.0,1.0,0.0,0.0
2025-04-07 09:14:53,"Cathie Wood Undeterred By Trump Tariffs, Sinks $9 Million Into This Dow Giant",DowJones,https://finnhub.io/api/news?id=31708560ca331f753eedcef957a925cf97095235b81e29a9b459c9ef9eb36c46,0.0,1.0,0.0,0.0
2025-04-07 09:00:00,"Amazon: Trade War Or Not, I Can't Wait To Buy More",SeekingAlpha,https://finnhub.io/api/news?id=055578e68bc71c573468b23f89d81002b1ff6f66237095498409a3a3c7f59dfb,0.267,0.616,0.116,-0.4939
2025-04-07 08:20:00,Apple Stock Falls Again. How the Rest of the Mag 7 Are Trading.,MarketWatch,https://finnhub.io/api/news?id=845758c069eb2826089d9608b4d080af06e2343bf18af3ba0ea1108c0e1dc049,0.0,1.0,0.0,0.0
2025-04-07 07:15:00,S&P 500's Next Stop: Recession,SeekingAlpha,https://finnhub.io/api/news?id=58dae7209892244f36ee7dc48e0bad71e1d7836aa72c2d45847d46ae64c7c0ed,0.179,0.821,0.0,-0.6124
2025-04-07 06:37:24,Goldman Sachs Raises Risk Of Recession to 45%: Jefferies Calls Tariffs a 'Free Hall Pass' For Tech Giants To Reset Their Goals,Benzinga,https://finnhub.io/api/news?id=a3bbabf0bcf1490bf1fed0ff127dc679f9d52fa56fe204cde10df079969f7f80,0.151,0.784,0.065,-0.5267
2025-04-07 06:15:00,ClearBridge Large Cap Growth Strategy Q1 2025 Commentary,SeekingAlpha,https://finnhub.io/api/news?id=80be56a32d96216effee072c15bb219513bdd6dfb22e03ea35104072819c70db,0.0,0.782,0.218,0.7783
2025-04-07 05:43:39,US Stock Futures Drop Following Massive Tariff-Induced Selloff: Experts Warn Of A Brewing 'Great Depression-Like' Pattern,Benzinga,https://finnhub.io/api/news?id=cf47357eff09006fbf4aa9aee56569c3d9121ea359f47029b89bbe4e47a57877,0.177,0.737,0.086,-0.3182
2025-04-07 05:00:17,Working from home is turning into 'return to the office or lose your bonus',Yahoo,https://finnhub.io/api/news?id=90d2ed6faeedab70dd7864e063fb5f33551fae70f4f7d46e05ec5188eb5cd173,0.066,0.85,0.085,0.2023
2025-04-06 23:54:21,Cathie Wood buys $9 million of tumbling tech stock amid tariff crash,Yahoo,https://finnhub.io/api/news?id=6a6e0c6fc019b7901000b52806d33774ca217d7bba4e967e150db6740aa30b09,0.13,0.87,0.0,-0.4019
2025-04-06 23:08:14,I Buy These 4 Stocks To Weather Trump's Tariffs,SeekingAlpha,https://finnhub.io/api/news?id=179f666887a0f3a98154eaff6add4aadad7f4da76db2049c01bf89d5c4fbd9fa,0.0,1.0,0.0,0.0
2025-04-06 21:15:00,What Does Trump's Tariff Hike Mean for Consumer Goods Investors?,Yahoo,https://finnhub.io/api/news?id=fbfa1b3e6df2421ebbb1d4f19b0c9d27202424d2577006ed12e9d3804717efe8,0.041,0.959,0.0,-0.5267
2025-04-06 19:15:00,History Says the Best Time to Buy Stocks May Be Coming,Yahoo,https://finnhub.io/api/news?id=03c745be7f3b043abceffdd4b295d28e79d7ab9580b62902afddd4958e5a9bfc,0.148,0.787,0.065,-0.6369
2025-04-06 17:15:59,Amazon.com (NasdaqGS:AMZN) Slips 11% Over The Week Amid Tariff Concerns,Yahoo,https://finnhub.io/api/news?id=8267c240cff98515ca232d427fa536482832268cc557777cb3aafb849a909326,0.068,0.86,0.072,-0.1689
2025-04-06 17:03:00,Warner Bros.’ ‘A Minecraft Movie’ Smashes Box Office,MarketWatch,https://finnhub.io/api/news?id=519f5c4791af6b441f458fab9fd48ffe95b023f5a023f1d3449663cc800f816b,0.0,1.0,0.0,0.0
2025-04-06 14:41:13,Trump Tariff News: Treasury Secretary Bessent Dismisses Recession Fears,DowJones,https://finnhub.io/api/news?id=ca9fac25e9f4f91b22e3a58ef08f3f9f0e9e823a69645d57e5fb7836e6945e2d,0.418,0.448,0.134,-0.8225
2025-04-06 14:15:00,3 Top Bargain Tech Stocks Ready for the Next Bull Run,Yahoo,https://finnhub.io/api/news?id=a937610152401e2db2e70ead06586e2a12972cbb0b0e6d46899d637b7eb28ab1,0.083,0.757,0.16,0.5434
2025-04-06 11:00:00,"Warren Buffett Stands Tall In 2025 As Elon Musk, Jeff Bezos And Mark Zuckerberg Bleed Billions In Net Worth: 'Oracle Of Omaha' Emerges As Lone Gainer Among Top Billionaires Amid Market Rout",Benzinga,https://finnhub.io/api/news?id=837997fff5f44f4be0e76a11a51217791d0717abd2fcec40ddb6e57aaf22671a,0.184,0.681,0.135,-0.6249
2025-04-06 10:50:49,Amazon's Pullback Paves the Way for a Strong Buy,Yahoo,https://finnhub.io/api/news?id=4c34f9fa933a01619de0f8a951992b19dfa564c5ed0d5b78a131744b3eccdfb7,0.0,0.672,0.328,0.8074
2025-04-06 10:30:06,5 big analyst AI moves: Chip stocks at risk due to tariffs; ASML downgraded,Yahoo,https://finnhub.io/api/news?id=7134647ac21a387d2643720445981c87498f74b5c15c4ed1f920a0ad0258196d,0.06,0.852,0.088,0.25
2025-04-06 10:25:00,2 No-Brainer Artificial Intelligence (AI) Stocks Owned by Warren Buffett Right Now,Yahoo,https://finnhub.io/api/news?id=e300fce470a546838a3e2753caf88261c15825caaedc720c09d38448603ecf77,0.04,0.858,0.102,0.7096
2025-04-06 09:30:00,Behind The Wheel Of Uncertainty: Why Tesla's Troubled Deliveries And Valuation Raise Red Flags,SeekingAlpha,https://finnhub.io/api/news?id=536a57b78f5099291a3889c5ed165a7609545906af67930d0f11d4ffd2181a72,0.31,0.69,0.0,-0.6597
2025-04-06 09:25:00,2 Soaring Stocks to Hold for the Next 20 Years,Yahoo,https://finnhub.io/api/news?id=ae0fec2fb182e18305d937fc3dbba33dad605ccb29f8603e2c9526e92f56a89b,0.0,0.928,0.072,0.1779
2025-04-06 09:00:00,QQQ: Look Past The Tariff Damage As Investors Aren't Foolish,SeekingAlpha,https://finnhub.io/api/news?id=6f5303330822ac2decac2c50d7ca8b1838be903b301b4ffacc351116acb70cc5,0.246,0.615,0.139,-0.3369
2025-04-06 08:19:00,1 Growth Stock Down 25% to Buy Right Now,Yahoo,https://finnhub.io/api/news?id=3162a6b77011702f28196805d715c091f4e5a92361b646a17b4718a416a3aa62,0.042,0.777,0.181,0.836
2025-04-05 23:33:21,CII: Looking Like A Tempting Opportunity,SeekingAlpha,https://finnhub.io/api/news?id=461eee98ef8654f33cdee6754f76dd567cd6a3fed5c10d65144aaf0537e95a31,0.0,0.741,0.259,0.8316
2025-04-05 22:51:00,"China Hit With 54% ""Reciprocal Tariff"" Rate Following Trump Address. 3 Things Pinduoduo Stock Investors Should Know",Yahoo,https://finnhub.io/api/news?id=7c3c0650bef4af69606522008652a8d679d2b76d410c1859d6902d6441159086,0.113,0.861,0.026,-0.7972
2025-04-05 22:14:00,4 Growth Stocks Down 20% or More to Buy Right Now,Yahoo,https://finnhub.io/api/news?id=187e558498bca91cd493272f456e4adee07eed647dc15a00bc12274afc998435,0.022,0.747,0.231,0.9666
2025-04-05 22:03:00,3 Top Buffett Stocks to Buy and Hold for the Next 20 Years,Yahoo,https://finnhub.io/api/news?id=31a158b9dea50bb90d15f87422cd480464919a65e08375f0b09670dc1b9a720f,0.0,0.786,0.214,0.9287
2025-04-05 17:26:11,Amazon.com (NasdaqGS:AMZN) Eyes TikTok Acquisition Amid Weekly Price Drop Of 11%,Yahoo,https://finnhub.io/api/news?id=b0e4fcd1d98679438054da5fd5acfb94171d611df1964dfda8bb48f90d4aa3f7,0.129,0.802,0.069,-0.7003
2025-04-05 16:20:23,Now Streaming: Amazon’s film strategy hits the big-screen,Yahoo,https://finnhub.io/api/news?id=593e69e88c2cec428ae7fe11aef9f13eca9ae20c07f614b22bdc4b61f187080f,0.0,0.901,0.099,0.7804
2025-04-05 15:01:28,Amazon.com (AMZN) Introduces Nova Act AI Agent to Compete in Browser-Based Automation Race,Yahoo,https://finnhub.io/api/news?id=9bc2a01d112074747c8df0f7572085e0a2719720a25701352735518249eee631,0.0,0.949,0.051,0.3818
2025-04-05 15:00:00,U.S.-Stock Funds Have a Quarter to Forget,Yahoo,https://finnhub.io/api/news?id=727a5f35d93542bd9e3b6415f73631e866fd45fc6229df5ed05f4abbcaaad972,0.054,0.85,0.096,0.3612
2025-04-05 14:30:17,$74 Billion Wiped Out Since Tariff Declaration — See How Much The Billionaires Lost,Benzinga,https://finnhub.io/api/news?id=b21e81cf3e8dc5add32c9a0298dadbbafecf515e72937b126d3334076f798103,0.054,0.827,0.118,0.4019
2025-04-05 14:17:00,Amazon directly targets Nvidia with bold new strategy,Yahoo,https://finnhub.io/api/news?id=77c8c53c9ffada701ceee8884ba338e4695d6bec83d988a17c5d92c45743f9b3,0.0,0.724,0.276,0.6249
2025-04-05 14:00:00,Should You Forget Amazon? Why These Unstoppable Stocks Are Better Buys,Yahoo,https://finnhub.io/api/news?id=554f21d1bdd43833b1e4ec20b345d2aa19f873084f036072925a2e04f4fe2c1c,0.088,0.645,0.266,0.7528
2025-04-05 13:03:02,Nvidia Partner Hon Hai’s Sales Jump 24% on AI Demand,Yahoo,https://finnhub.io/api/news?id=d86046260ded650c023058fbf6387abcf2437414f877fe1846b34f4573ddc410,0.076,0.855,0.069,0.1027
2025-04-05 13:00:00,"Nvidia's bad day, Microsoft's AI plans, Amazon's TikTok play, and Intel's future: Tech news roundup",Yahoo,https://finnhub.io/api/news?id=4d6038a5924813d7acf661f5d271ef3b6a44379d8a7be20326109900afc2e7aa,0.044,0.875,0.081,0.2263
2025-04-05 12:53:00,Billionaire Paul Tudor Jones Trimmed His Position in Nvidia and Is Piling Into 2 Turnaround Tech Stocks,Yahoo,https://finnhub.io/api/news?id=f94b9c100af60553340be6eea56cd0229bd60404695411e967c96704decbb929,0.0,1.0,0.0,0.0
2025-04-05 11:07:00,"Boeing Space Joint Venture to Launch 12 Times in 2025, and Double That in 2026",Yahoo,https://finnhub.io/api/news?id=0dfe1fd359c4aff048d3d7b075032666dfe91d0b43c787da7177960125b015ca,0.0,0.904,0.096,0.4728
2025-04-05 09:23:00,This E-Commerce Stock Could Be the Best Investment of the Decade,Yahoo,https://finnhub.io/api/news?id=3489b18343b9bdf1e77fb72778b2f5774636f6579278197d5de9c459bb109aed,0.0,0.794,0.206,0.7753
2025-04-05 09:20:00,Should You Buy the 44% Dip on Arm Holdings?,Yahoo,https://finnhub.io/api/news?id=91aba8979ac797836633964fc4755b9d67ec91939cc334fd11a26ceee3567f4f,0.051,0.859,0.09,0.3421
2025-04-05 09:07:00,3 No-Brainer Warren Buffett Stocks to Buy Right Now,Yahoo,https://finnhub.io/api/news?id=11e2b800f7f174568ef6ffad8faec8be876e58d239e7e467434951106e991b7e,0.072,0.807,0.121,0.4019
2025-04-05 08:35:00,"The Best Stocks to Invest $1,000 in Right Now",Yahoo,https://finnhub.io/api/news?id=365c61007ea07eaf80e47afc3e70e60c03a1dd2e956c5cd0915d7d94a4f0438f,0.051,0.546,0.403,0.9124
2025-04-05 07:40:00,President Trump's Tariffs Have Arrived. 3 Things to Do to Protect Your Portfolio.,Yahoo,https://finnhub.io/api/news?id=a7e9372bb8772744c17aa65127384af9c3ec8bca9c100c58bea7f41aed131f06,0.022,0.951,0.027,0.1027
2025-04-05 07:25:00,Where Will Walmart Stock Be in 1 Year?,Yahoo,https://finnhub.io/api/news?id=f9f77186aef2905e2cba64cf97455a6342360c85709c00a163671fdc2b9eecf6,0.0,0.821,0.179,0.5719
2025-04-05 07:00:00,U.S. stocks aren’t a screaming buy just yet — but we’re getting close. Here’s what to watch.,MarketWatch,https://finnhub.io/api/news?id=c4de6db5d8bb20a0646b034250c224c9bce2aedb64be9a39daaf4d98e59e97c8,0.14,0.86,0.0,-0.6369
2025-04-05 02:35:00,Back To Google,SeekingAlpha,https://finnhub.io/api/news?id=ebadf9ff3f03e2e2027d912a064661ae8970282422f06aaa22b493fa7f32a955,0.0,1.0,0.0,0.0
2025-04-18 21:10:51,Is Amazon.com (AMZN) the Best NASDAQ Stock to Buy So Far in 2025?,Yahoo,https://finnhub.io/api/news?id=fcc49d7666bee73ef8eb5249935304f0ec474faffe96f5339a2a087ff27d17e5,0.0,0.889,0.111,0.8555
2025-04-18 15:46:46,"170 Million Users At Stake: Tim Stokely's Zoop Makes Last-Minute TikTok Bid, Promising Creators 'The Lion's Share' Of Ad Revenue",Yahoo,https://finnhub.io/api/news?id=54d61fda52b6b722faaeb289c41bdfcc38cd9565543d2cc8ed6bd2283f163a47,0.0,0.909,0.091,0.8074
2025-04-18 15:46:00,Tech’s Problems in China Are Getting Worse. These Companies Are Most at Risk.,Yahoo,https://finnhub.io/api/news?id=3173df0809c82992b2d07a5af7089110cac31a27e55fd5b80ff9722387f792dd,0.362,0.603,0.034,-0.9462
2025-04-18 15:42:19,Netflix praised as 'cleanest story' in tech as latest earnings report brushes off macro worries,Yahoo,https://finnhub.io/api/news?id=9ee9bcb4188075ec207d7598c6964924875b79ae93862f302b49cfb67e62a040,0.118,0.742,0.139,-0.0258
2025-04-18 15:36:02,"Why Amazon.com, Inc. (AMZN) is Among the Best Internet Retail Stocks to Buy According to Analysts",Yahoo,https://finnhub.io/api/news?id=6e8acae7abc06f7b134065652fb3936683b033b6972fc4418eb879241147c0f0,0.0,0.846,0.154,0.9274
2025-04-18 15:15:10,Tech Leaders Who Backed Trump Have Lost $1.8 Trillion. Tariffs Described As 'Armageddon' For The Sector,Yahoo,https://finnhub.io/api/news?id=70bf0d7025efbd6cd7c1a71724851bf7521f6c2f4522181bd6170124b4a1aeb2,0.044,0.82,0.136,0.8261
2025-04-18 13:59:46,"Amazon.com, Inc. (AMZN): Among Billionaire David Tepper’s Top Stock Picks",Yahoo,https://finnhub.io/api/news?id=e214d1c682172284b6bd4062c3d7dcac5430a79b7968e553a68354b4c137c9b9,0.0,0.921,0.079,0.5267
2025-04-18 13:59:06,Crosswalk buttons play hoax Bezos message in Seattle,Finnhub,https://finnhub.io/api/news?id=28ab4536b46dcf87f15602b59b72fa5f06ddd37ff1c708537e1ed4d3fe4440a0,0.048,0.803,0.149,0.5267
2025-04-18 13:58:31,PDD Holdings Inc. (PDD): Among Billionaire David Tepper’s Top Stock Picks,Yahoo,https://finnhub.io/api/news?id=e32dd103a6a5ab8f03c66b80a4b41503a354acdf5bb7a8e6c518fdcd9ce79839,0.0,0.922,0.078,0.5267
2025-04-18 13:45:00,President Trump's 145% China Tariffs Will Hurt Amazon. Here's Why I'm Still Buying the Stock.,Yahoo,https://finnhub.io/api/news?id=6275d338afad5db61470dd7be8241de954072d066ca09310a8091bbcfef307f8,0.238,0.658,0.105,-0.9554
2025-04-18 13:35:22,10 Consumer Discretionary Stocks Whale Activity In Today's Session,Benzinga,https://finnhub.io/api/news?id=552f9348efb53c30148e266564688c46c0b04c49825764bab77bc0ba72b392f9,0.0,1.0,0.0,0.0
2025-04-18 11:45:00,The Best Warren Buffett Stocks to Buy With $60 Right Now,Yahoo,https://finnhub.io/api/news?id=de49dca8684dbc0c2030b4fc66510edf7c3e5cd881dcb6630c0a12c91a4fd0e6,0.0,0.774,0.226,0.8873
2025-04-18 11:00:17,Florida Rep. Scott Franklin Sold Over $500K Worth of Baldwin Insurance Stock: Here's What You Should Know,Benzinga,https://finnhub.io/api/news?id=17accd9337a65a104638d442ab10c51c2c3d43e6fd8e955288a73bd60f83737a,0.0,0.894,0.106,0.2263
2025-04-18 11:00:00,Amazon Is Better Prepared for the Trade War Than Investors Think,Yahoo,https://finnhub.io/api/news?id=219b0f9faecf79d69dc91449f915595a38fb5d79e4550d7c0697c594cc7f6d22,0.081,0.828,0.091,-0.2256
2025-04-18 10:51:38,"Amazon: Back Up The Truck, And Buy Now (Rating Upgrade)",SeekingAlpha,https://finnhub.io/api/news?id=59ca40f340e214c96bff49bbdc45c4dcd3a7f47b4f21b7916741dbf4b96358f6,0.0,0.841,0.159,0.1779
2025-04-18 10:05:00,Reel Relief: Escaping Economic Angst At The Movies,SeekingAlpha,https://finnhub.io/api/news?id=fb43a9e64a1e176d7ded80694133ad91c4549b1537fa94b20c66a7e98be7a261,0.0,0.583,0.417,0.5106
2025-04-18 07:12:00,"Stock Market Sell-Off: 2 Brilliant AI Stocks to Buy Hand Over Fist Right Now, According to Wall Street",Yahoo,https://finnhub.io/api/news?id=37ec8a117408008495eb65d67fbe407fea4007f4dad8ffb35cdd7e28ff1c2bcc,0.03,0.856,0.113,0.765
2025-04-18 03:29:03,Amazon.com (AMZN): $14 Billion Stake in Anthropic as Claude Launches $200 AI Subscription,Yahoo,https://finnhub.io/api/news?id=ac87614948ffdb80efc48d0aae3e48ea58b04d7c16af5824d98c3861c4378e9c,0.0,0.949,0.051,0.3818
2025-04-18 02:43:07,"Amazon: Despite Bull Hype, Stock Price Same As 4 Years Ago",SeekingAlpha,https://finnhub.io/api/news?id=bbf0710fe9ace3998f559f9725a3eb2e1b12773aa87eb277f98eb1caa90ca47b,0.0,0.855,0.145,0.1779
2025-04-17 18:49:36,"Is Amazon.com, Inc. (AMZN) the Least Risky Internet Stock To Invest In?",Yahoo,https://finnhub.io/api/news?id=4972081caee2c5807408d4ba52c4c4366c37126d1df7e962a16d7e81149194ee,0.0,0.9,0.1,0.6259
2025-04-17 18:21:39,UnitedHealth stock is crushing the Dow. Here's the math behind the slide.,Yahoo,https://finnhub.io/api/news?id=3bc857832ccc4b9aa7a6a88082fdb41991f5c7a059f5330057527e8841fd2fd8,0.076,0.856,0.067,-0.0772
2025-04-17 17:16:02,Amazon.com (NasdaqGS:AMZN) Partners With Clario To Enhance AI-Powered Life Sciences Data Processing,Yahoo,https://finnhub.io/api/news?id=f2213575f4cc6d9520f6ff1b137b14570ffe4e6740b8d49cfdb5798db8830cf3,0.012,0.871,0.117,0.8547
2025-04-17 17:02:17,Amazon.com (AMZN) Advances Project Kuiper as AI & Cloud Prospects Remain Strong,Yahoo,https://finnhub.io/api/news?id=1e162154444e3e7d7e010563d142f0876d73205204f1e11b66ddf9960725dc35,0.0,0.923,0.077,0.6705
2025-04-17 16:40:13,Amazon com : will share its Q1 2025 earnings on May 1,Finnhub,https://finnhub.io/api/news?id=b823fc8606ec2827b7b3c357286e47cdbb9255911c6ca9222805104a70ecf382,0.0,0.891,0.109,0.5574
2025-04-17 16:22:09,"Amazon com : Payarc, AWS Collaborate to Enhance Payment Processing Operations with AI",Finnhub,https://finnhub.io/api/news?id=6bf4c7dc34c533acdf4a525b56b54263018520a5674cf7ad4b24df1d9575d9a3,0.0,0.742,0.258,0.8893
2025-04-17 16:03:04,Amazon.com to Webcast First Quarter 2025 Financial Results Conference Call,Finnhub,https://finnhub.io/api/news?id=711249e390d9208f9155030297d4d18c957983f56e3e475103616d10708e96c7,0.0,1.0,0.0,0.0
2025-04-17 13:51:21,Dow Faces Historic Divergence From S&P After UnitedHealth Plunge,Yahoo,https://finnhub.io/api/news?id=a8995c2c5da7fe2c46ac81baa3df48de02e9cea38b48121a0e969f965c9e26fb,0.0,0.951,0.049,0.6369
2025-04-17 13:45:06,Here's Why Amazon (AMZN) is a Strong Growth Stock,Yahoo,https://finnhub.io/api/news?id=c58bfac746ac7b87ccc562e1264a159fee98dd684a4f0b43ffde5ecc27b07bb8,0.061,0.637,0.302,0.8271
2025-04-17 12:46:03,Tariff Tsunami Leaves Amazon Stock (AMZN) Trading at a Discount,Yahoo,https://finnhub.io/api/news?id=71b1b85d0b5f2036c98bf3d0872afbec519a6a3a43845defc5b16fc3d6a56e75,0.071,0.82,0.109,0.4404
2025-04-17 12:37:35,Latest News In E-Commerce - Chinese Platform Surges Fueled By AI-Driven Customer Engagement,Yahoo,https://finnhub.io/api/news?id=ffcaab54bafdd292b5705a87c2e72f32520ddedf2d97280bf54ef40b9104a743,0.0,0.624,0.376,0.9886
2025-04-17 12:24:07,The Trade Desk: The Generational Buying Opportunity Is Here (Rating Upgrade),SeekingAlpha,https://finnhub.io/api/news?id=3ef7441bcf227dc71609f894e8d42c02d117e93f1b050d42735beccb81cae462,0.037,0.824,0.14,0.6705
2025-04-17 12:08:08,Is Amazon.com (AMZN) The Best American Tech Stock to Buy Now?,Yahoo,https://finnhub.io/api/news?id=28fe04520119d7799edf9dec2d72176ad46759d024b832ef35e1e84a4eb33c0c,0.0,0.853,0.147,0.9001
2025-04-17 12:00:00,MAGS' Selloff Is Here - Fundamentals Remain Robust No Matter The Tariffs,SeekingAlpha,https://finnhub.io/api/news?id=7c8b54193b63120805c65ed751cb7c61e044c430b8b77a431fab0d0ff7b9c843,0.08,0.742,0.178,0.3239
2025-04-17 10:39:00,Trump's Tariffs: 2 Growth Stocks That Are No-Brainer Buys on the Dip,Yahoo,https://finnhub.io/api/news?id=d404dad05579970ba7be6a78d9fc87e4a18f9dc2b07a5429b6db17d5ef61f2da,0.0,0.912,0.088,0.6461
2025-04-17 10:37:12,Amazon com : CEO Andy Jassy shares 3 reasons he’s still at Amazon after 28 years,Finnhub,https://finnhub.io/api/news?id=eb78d5f54c521ea86d9e7b731b0269ca36437b99d7cac2c75ec28ed400a8a8dc,0.0,0.863,0.137,0.6486
2025-04-17 10:37:11,Amazon com : CEO Andy Jassy reveals one thing that ‘disproportionately matters’ for every business,Finnhub,https://finnhub.io/api/news?id=fff31e4c1a7797d05c4dc9dec1b278cf722a1cb346d14b73047a202a95b6938c,0.0,0.865,0.135,0.5499
2025-04-17 08:47:00,History Suggests Now Could Be a Smart Time to Buy Amazon Stock,Yahoo,https://finnhub.io/api/news?id=be18c448a82cf5d1c23d0ef8cf6912c5e1a40909223d717e9cfdc31dab327fda,0.0,0.823,0.177,0.8658
2025-04-17 06:57:53,Rivian Delivers Vehicles To HelloFresh In First Non-Amazon Deal After Ending Its Exclusive Partnership,Benzinga,https://finnhub.io/api/news?id=aa73f2c85f1d2b8ecfb9a1dcfd7c1c0f55b2f1af12b31bb2cba34ffdc6e8c86d,0.0,0.788,0.212,0.765
2025-04-17 04:10:06,AmazonSellerAgency: Empowering Sellers to Navigate the Amazon Marketplace,Finnhub,https://finnhub.io/api/news?id=42a2f7f55a6d8c2626d7ada4949c4341d341469644d5951865e16b431d671d0f,0.0,0.741,0.259,0.7783
2025-04-17 00:30:00,Franklin DynaTech Fund Q1 2025 Commentary,SeekingAlpha,https://finnhub.io/api/news?id=2ae7c4aa6a2cba58deb299d1da2263fe44fe4feedd375eb43653db08eeb41660,0.0,1.0,0.0,0.0
2025-04-17 00:02:20,"Amazon Downgrade: Forget Tariffs And Recession, There's Bigger Risk That Investors Must Consider",SeekingAlpha,https://finnhub.io/api/news?id=32ba66a11f64a1842a78b0c0ea719a811b943d97b1866a0c00d8ae5e8de0070c,0.389,0.514,0.097,-0.6249
2025-04-16 21:23:30,Is PDD Holdings Inc. (PDD) The Dirt Cheap Stock To Invest In Now?,Yahoo,https://finnhub.io/api/news?id=0f1abefc74f609a3cdb499be34176e2ec890b83fcf959b06d35e5ece2a03474b,0.098,0.902,0.0,-0.7351
2025-04-16 20:24:31,Nvidia's $5.5B charge: 'Nobody' should be 'surprised',Yahoo,https://finnhub.io/api/news?id=5949b10a370dc816999a53f29a8e9a7940b9ccf07e3bdd4536b7e737ac286023,0.046,0.911,0.043,-0.0717
2025-04-16 19:21:00,Big Tech’s China Risks Go Far Beyond Nvidia,Yahoo,https://finnhub.io/api/news?id=a44b4d3f894b9c5afe111184a412047259a248db45d2d7ad9a29351b9c03fd09,0.142,0.81,0.049,-0.4129
2025-04-16 19:01:19,Is Amazon.com Inc. (NASDAQ:AMZN) the Best Machine Learning Stock to Buy Now?,Yahoo,https://finnhub.io/api/news?id=e21d5914d11b4186f6f7db13076ad88df4ad7dc0a5b35cef830df6503c6590d4,0.0,0.817,0.183,0.936
2025-04-16 17:24:13,Amazon.com (NasdaqGS:AMZN) Powers Innovations With AWS Through AI And Video Solutions,Yahoo,https://finnhub.io/api/news?id=b06a43f42228ae523a041c29b14fdd24f2113ecb0f04d597e9a37ffa3f86822b,0.0,0.798,0.202,0.926
2025-04-16 17:03:24,Analysts Cut Amazon Price Targets With First-Quarter Report Due Soon,DowJones,https://finnhub.io/api/news?id=0ea408aed77fea339b358797c8daeae4e865c9ae0c2cbbe98ec684f253220d2c,0.178,0.678,0.144,-0.2023
2025-04-16 15:59:03,What Makes Amazon.com (AMZN) a Fundamentally Strong Company?,Yahoo,https://finnhub.io/api/news?id=7d44af7fbbc747c655d0ceb55b497352920b475aa81e26c384c71e9de72cdd25,0.0,0.825,0.175,0.8885
2025-04-16 15:32:00,"NVIDIA Corp., Amgen share losses contribute to Dow's 886-point drop",MarketWatch,https://finnhub.io/api/news?id=644ba8ceb10c50bbcbab539aeb085c3a11215723d88b727bfe9ad52d8121171c,0.343,0.5,0.157,-0.6369
2025-04-16 15:05:45,Celestica price target lowered to $120 from $150 at CIBC,Yahoo,https://finnhub.io/api/news?id=93ddb5ddb39152804df0613a28007a9f1b25469a0ec6da62285d7f8554ad4f17,0.032,0.863,0.105,0.791
2025-04-16 14:33:38,"After surge to record highs, gold overtakes 'Magnificent 7' as the most crowded trade on Wall Street",Yahoo,https://finnhub.io/api/news?id=fedccbc7f1e49db6b06d740aa40f8d2505b065e4c805fc66119d8fbe45bb60c1,0.0,0.785,0.215,0.8625
2025-04-16 14:31:00,"NVIDIA Corp., Amgen share losses lead Dow's 589-point fall",MarketWatch,https://finnhub.io/api/news?id=43a6487aed377c101ee648a29ff21206ff65e99d0fb66949121b4c4467f7b6be,0.227,0.588,0.185,-0.25
2025-04-16 18:13:00,"Wall Street’s 12 favorite stocks could soar as much as 54% over the next year, analysts say",Yahoo,https://finnhub.io/api/news?id=606e7d7c81901f0796e95bbc75fcbd5c4274c48ce3306b7759732712c2388c4a,0.0,0.919,0.081,0.4588
2025-04-16 14:00:00,Trade Union Federation Suggests ‘Amazon Tax’ to Counter Trump Tariffs on EU,Yahoo,https://finnhub.io/api/news?id=a49519d73fd043785c025df87b5536631e1d7fbb621ddbe0461c691fbe5be3ff,0.12,0.675,0.205,0.4588
2025-04-16 13:45:27,Is Amazon.com Inc. (NASDAQ:AMZN) a Reddit Stock with High Potential?,Yahoo,https://finnhub.io/api/news?id=06b1a2ef597afa111d188b52c4fdf1072c88e7adbc510545d4aa2413d0791696,0.0,0.953,0.047,0.4939
2025-04-16 11:22:29,The Dividend ETF That Just Woke Up And Why Investors Are Watching Closely,Benzinga,https://finnhub.io/api/news?id=e6b7f51d86ac78b9d1a1d90bfeeefa162c45c1872625dae67468bed75c62d0f6,0.052,0.843,0.105,0.3182
2025-04-16 11:10:00,Should You Buy Amazon Stock Right Now and Hold for the Next 20 Years?,Yahoo,https://finnhub.io/api/news?id=c54decd746c0c6d2e6e38ae20c4baf52fd9a04fc5b66b9173665e485cd6a278e,0.0,0.903,0.097,0.5362
2025-04-16 10:30:00,2 Growth Stocks Down 20% or More to Buy Right Now,Yahoo,https://finnhub.io/api/news?id=3469fac8b4c2a5c080b5d8d5f15944429b951e15b800c8f5139ab3e67a2b430d,0.055,0.741,0.204,0.875
2025-04-16 09:46:08,Middle Coast Investing Q1 2025 Letter: Before And After The Liberation Day Crash,SeekingAlpha,https://finnhub.io/api/news?id=baac02df78d8a85efa4698c2c53ae2ad0c1273bfabffa0d4460d5e4537ca72c0,0.184,0.816,0.0,-0.4019
2025-04-16 09:34:01,"Best credit card deals of the week, 16 April",Yahoo,https://finnhub.io/api/news?id=570faef8ed8ffd0b427f72635f5df272c644c031d87d4198612f25684c32919f,0.0,0.396,0.604,0.9716
2025-04-16 09:14:48,"Television could go the way of newspapers if the US economy tips into recession, analyst warns",Yahoo,https://finnhub.io/api/news?id=4b711f8f9c0714da209d796b4cf4dd54f821bdb82cca77ce0ed22989785eac5e,0.206,0.794,0.0,-0.8807
2025-04-16 03:14:38,"Amazon's Aggressive Price Cuts Hurt Sephora's US Sales, Says LVMH CFO Cecile Cabanis: 'We Try To Avoid This Technique'",Benzinga,https://finnhub.io/api/news?id=81cc3e6a283f9cd3df6e5abafcfde52e1330e621472f2f9dedf2037617f6c405,0.307,0.628,0.065,-0.8126
2025-04-15 21:50:00,Parnassus Value Select ETF Q1 2025 Commentary,SeekingAlpha,https://finnhub.io/api/news?id=2e31897592ea1dc508c320a8c41d17a62678f4ebcf905c5bf8468843de7fae7b,0.0,0.714,0.286,0.34
2025-04-15 19:45:00,"Netflix Earnings Preview: Everyone's Bullish, But Tough Compares In 2025",SeekingAlpha,https://finnhub.io/api/news?id=7bab6cb56c0157d4a01b1528faa0f3715271d15bb394b5e49e8539c1319c12c0,0.163,0.837,0.0,-0.1901
2025-04-15 19:03:00,"Amazon.com, Inc. (AMZN) – “Amazon vs. China”: Jim Cramer Warns of a Coming Stock Shortage",Yahoo,https://finnhub.io/api/news?id=7830f7b250d214d1657217d62928e8e93c03840f0973f6ef14a06f14e82b687c,0.088,0.912,0.0,-0.6808
2025-04-15 18:41:12,"Trump Ally Marjorie Taylor Greene Bought Tesla, Amazon, Blackstone Before Rally",Yahoo,https://finnhub.io/api/news?id=d2bda347e04e62748e3b364ab40899661701bea8aa1020bd9cccfba968f095ca,0.056,0.888,0.056,-0.25
2025-04-15 18:39:39,"Analyst revamps Snowflake, Salesforce stock price targets",Yahoo,https://finnhub.io/api/news?id=fb0b740180fb433996053f2ce51f33c04121bd94912d5a56542d9fb639d9c7c8,0.0,1.0,0.0,0.0
2025-04-15 18:39:11,'Minecraft' Box Office Success Could See More Adaptations: Elon Musk Wants This Video Game Movie Next,Benzinga,https://finnhub.io/api/news?id=d689c3e77ef791ac8c0c46c313eee6df16d8d8cb40535f14dff773f75847ce9d,0.0,0.81,0.19,0.8176
2025-04-15 17:59:38,Amazon Q1 Preview: Macro Noise Masks Structural Efficiency Gains (Rating Upgrade),SeekingAlpha,https://finnhub.io/api/news?id=a894062bcb3f60246a561fa47859b7b170c41b1f29c5505ee41ac4a1ad08c823,0.0,0.548,0.452,0.6808
2025-04-15 17:37:32,Anthropic forms a new team to grow its AWS business,Yahoo,https://finnhub.io/api/news?id=c30aa7d8399cee9cfde93d9877e252d3a1b0f69956ec2f935ab90f0884f8bce5,0.0,0.982,0.018,0.1779
2025-04-15 17:17:48,"Amazon.com, Inc. (AMZN): Hit by Macro Fears, Still a Top Buy",Yahoo,https://finnhub.io/api/news?id=f4d00abd2c028e7605405179d0df070f6cfed6bcbc0e2fe0b7f9818a433bef3a,0.089,0.859,0.053,-0.3818
2025-04-15 17:05:45,Binance among crypto exchanges hit by Amazon Web Services outage,Yahoo,https://finnhub.io/api/news?id=602489839a8c3a6932711bdad6a07bc67b7589eef6781fd0175bce638266ebca,0.0,0.925,0.075,0.1779
2025-04-15 16:57:22,Amazon Shareholders Question Company Over Quebec Facility Closures,Yahoo,https://finnhub.io/api/news?id=f43ffe9a1365fbaa51fbc3ddc206d160cc5f2e411d52728b4da333f6fbadab16,0.0,0.888,0.112,0.34
2025-04-15 16:14:30,Amazon Asks Its Sellers About Tariff Impacts,Yahoo,https://finnhub.io/api/news?id=696ddd03bbbdb0416dcc974d686f98b04b326a1bf3a5a53f3d5bd52c819c364e,0.0,0.941,0.059,0.5574
2025-04-15 14:51:58,Wall Street Sours On Chipotle: Here Are ETFs Caught In The Crossfire,Benzinga,https://finnhub.io/api/news?id=85cfa4ed60270d7cae2d82688a9cd59817d4d2f1a1302db1592fa77f07b53b35,0.08,0.799,0.121,0.4404
2025-04-15 14:22:00,"Every Purchase Matters, With Fair Trade USA's Paul Rice",Yahoo,https://finnhub.io/api/news?id=fff40a68f32dbe798710d3f4dd4951b99efd6a45791b4951d6bb71488f5e63a2,0.026,0.746,0.227,0.9606
2025-04-15 13:53:00,"Dow drops 100 points on losses in shares of Nike, Amazon.com Inc.",MarketWatch,https://finnhub.io/api/news?id=09b3e3d2452e427f27f08c287fef37f797bdbd93976115fd45f60596d0bf4210,0.181,0.671,0.148,-0.25
2025-04-15 13:49:00,Parnassus Core Select ETF Q1 2025 Commentary,SeekingAlpha,https://finnhub.io/api/news?id=61e7ce955a49f8b139bda4a2fad3e2d3964f77602af33173277cac5786f3296c,0.0,1.0,0.0,0.0
2025-04-15 13:30:40,"Bezos Bets Big: Slate Auto Quietly Raises $111M Series A To Build $25K EV Truck, Eyes 2026 Launch In Indianapolis",Benzinga,https://finnhub.io/api/news?id=19964ea1e0581fbefe1b21b1c11a9c8c5b4b63e9c957bebf49f9b0fc8b522d77,0.0,1.0,0.0,0.0
2025-04-15 13:00:33,Amazon Faces An Existential Crisis In Google Gemini (Rating Downgrade),SeekingAlpha,https://finnhub.io/api/news?id=060221565fd4bc18d537cdb8da6607e692f21e24de717c4174b7b95a87396e79,0.297,0.58,0.123,-0.5267
2025-04-15 12:34:17,Amazon.com (AMZN) Sold Off in Q1 Along with Peers,Yahoo,https://finnhub.io/api/news?id=dc7209fdb9e34a24826c5d93b2fdf18427e303514a2bca160ead877fa3ffdd24,0.056,0.863,0.081,0.4228
2025-04-15 11:37:00,Albertsons Stock Drops After Earnings. It’s About the Outlook.,MarketWatch,https://finnhub.io/api/news?id=aec82b3d9e93ef3890f48747809af9e1162136c9b14d34a759a33bc0c1041509,0.0,1.0,0.0,0.0
2025-04-15 10:48:00,"As beauty continues to grow, TikTok Shop and Amazon will gain share",Yahoo,https://finnhub.io/api/news?id=53f08c69b5be6f8ea0ed9320a6e959450226e39ee66ec90bdc7edf34aa370fcf,0.0,0.636,0.364,0.9313
2025-04-15 10:05:00,3 Stocks That Could Be Easy Wealth Builders,Yahoo,https://finnhub.io/api/news?id=44706398355703bb3a3aebb3559262e062bc5846cdc214cf236934e7df9ee879,0.0,0.689,0.311,0.9022
2025-04-15 09:04:29,"Exclusive: Argent's New ETFs Are Not Chasing AI Or Meme Stocks, Here's What They're Buying Instead",Benzinga,https://finnhub.io/api/news?id=2966eb546100cda2dc8f236485c3c37ffd003a0e1f955cbab773f1acfbfd16da,0.0,0.855,0.145,0.6486
2025-04-15 08:45:00,Stock Market Whiplash: 3 Growth Stocks That Are No-Brainer Buys on the Bounce,Yahoo,https://finnhub.io/api/news?id=d23d7d9dfdd5c1f43faac1ebae2b1dd11bac568361f5f4df0bc53d748853b3f9,0.05,0.808,0.143,0.8126
2025-04-15 08:00:33,How This Simple Indicator Revealed True Strength In Amazon Stock,DowJones,https://finnhub.io/api/news?id=f5f89310ef3a8c617d1b916df94fe160b196479b4f7e79e6fe12595fa70e2997,0.0,0.476,0.524,0.9246
2025-04-15 07:25:52,Amazon: What ROIC Of AWS Says About The Stock's Perceived Fair Value,SeekingAlpha,https://finnhub.io/api/news?id=eddee7c9de7f0a5a6634b3833668db5f7b4554d8b510cbb081999439373f0a86,0.0,0.612,0.388,0.9337
2025-04-15 04:00:14,"Amazon com : The Amazon Book Sale is back April 23-28 with thousands of deals across books, select devices, and memberships",Finnhub,https://finnhub.io/api/news?id=f7e2790e3e18f814b7bf368699cdab19d1fc51c529873f25b20ff2badf3d081b,0.0,0.787,0.213,0.91
2025-04-15 00:24:29,Ford: Rapid Downward EPS Revisions Can Become A Self-Fulfilling Prophecy,SeekingAlpha,https://finnhub.io/api/news?id=bb60581a4fd873bebe6b2c2a59bd7a18949c2a4827a7f0c47dc1a68da81bb685,0.0,1.0,0.0,0.0
2025-04-14 21:45:17,Amazon (AMZN) Stock Sinks As Market Gains: Here's Why,Yahoo,https://finnhub.io/api/news?id=68a9265d84f1094ab278e4b974b5f2eaf9de7c3075b5534b7a2f7ec03401bc51,0.0,0.823,0.177,0.5859
2025-04-14 21:01:43,"34-Year-Old Making $3,400 a Month in Dividends Shares His Top 7 Stocks — 'Be Lucky and Save Relentlessly'",Benzinga,https://finnhub.io/api/news?id=58f5cf98e2c207585b93b24789040e12a0ceaaa816816457a46a3748ea689028,0.0,0.583,0.417,0.8402
2025-04-14 20:11:09,Space race investing: What to know about the growing sector,Yahoo,https://finnhub.io/api/news?id=da6d0ac8c700f277ef997cd632b1de9313ce65c5f044daf438fd615bc9c56ba6,0.0,0.912,0.088,0.6486
2025-04-14 18:27:41,"Bullish Notes Issued on Amazon (AMZN), JPMorgan (JPM)",Yahoo,https://finnhub.io/api/news?id=6bf4ffdc0f2a12963a4e645e099bfd9c55667c8cc076c309015d79ea8c1c0e09,0.029,0.793,0.178,0.8271
2025-04-14 17:33:00,Analysts reboot Amazon stock price targets on tariff trauma,Yahoo,https://finnhub.io/api/news?id=12a01fdfccf825e71d7ca52592dd1fedbae8b0f71ed6712990675eceda5f776a,0.125,0.625,0.25,0.2023
2025-04-14 16:48:00,"Reddit, Pinterest, and Other Stocks That Look Like Better Buys Than the Mag 7",MarketWatch,https://finnhub.io/api/news?id=f3d07668fba37212f0b22b6df8665ae058774dbfcb88e003dc572c6f2b63626d,0.0,0.69,0.31,0.8689
2025-04-14 16:16:42,"Top Stock Picker Is Bullish on WMT, AMZN",Yahoo,https://finnhub.io/api/news?id=894cbcedae6179b46274eb39f3a550a2ad11d3f607ab791cfe5efab05825b005,0.0,0.92,0.08,0.6597
2025-04-14 15:09:35,A Peer Comparison For Walmart: Valuation Keeps It A Hold,SeekingAlpha,https://finnhub.io/api/news?id=cceac6bc039578f8cc09b2499e122ca50382ff2391bd85b411592bb9176759d6,0.0,1.0,0.0,0.0
2025-04-14 14:09:00,Meta’s Antitrust Trial Begins Today. Why It’s So Important.,MarketWatch,https://finnhub.io/api/news?id=1b8c365999c8986b709f9a09d9c48b84ef59a96929be9f9a7530ab1bf3727e35,0.0,0.772,0.228,0.5765
2025-04-14 13:28:00,Saga Partners H2 2024 Investor Letter,SeekingAlpha,https://finnhub.io/api/news?id=693be45bfa0edc4d392f7b5baa95fd8952f6cf1d8880252beda8190e7666a023,0.0,1.0,0.0,0.0
2025-04-14 13:10:33,Wall Street Pulls Back After Early Gains As Tariff Uncertainties Persist: What's Driving Markets Monday?,Benzinga,https://finnhub.io/api/news?id=dce839d5eb570f55556b588ce35c3761cf5e35ddf2c6c29d0ecbe28601561909,0.106,0.714,0.18,0.6931
2025-04-14 13:04:06,Amazon com : CEO Andy Jassy shares how asking ‘why’ helps power ’s innovation,Finnhub,https://finnhub.io/api/news?id=df3dfa6fc49099e15b4c80243b04d58acff56807357278f4dff4f3576d432145,0.0,0.736,0.264,0.8934
2025-04-14 13:04:06,Amazon com : CEO Andy Jassy shares 7 ways Amazon strives to operate like ‘the world's largest startup',Finnhub,https://finnhub.io/api/news?id=bd40cbfa1939ef5aefc5bd8e0381232e3a02a15adfad42ab327e3ad8eb7cd43b,0.0,0.717,0.283,0.9118
2025-04-14 13:04:06,Amazon com : CEO Andy Jassy shares how AI will reinvent ‘virtually every customer experience we know’,Finnhub,https://finnhub.io/api/news?id=2dce28214424669bf182e61783b66d5faaef4c92f1ebaa142fdea5214db05ac4,0.0,0.894,0.106,0.5574
2025-04-14 12:54:23,Apple leads tech stocks higher on Trump's temporary tech tariff reprieve,Yahoo,https://finnhub.io/api/news?id=44febe897346cf1c053012358e4a6fd3af3bfe3e1b6677353011c9eb4965ab97,0.0,0.821,0.179,0.802
2025-04-14 12:52:35,Citi cuts internet stock targets amid tariffs and softer macro,Yahoo,https://finnhub.io/api/news?id=518df1d6440acc0748f4d3c81bbb6fd816d6fa5f90a48b48c6bb54b9aaf80e51,0.226,0.774,0.0,-0.8655
2025-04-14 12:10:22,Amazon Q1 Earnings Preview: Cheaper Than Walmart,SeekingAlpha,https://finnhub.io/api/news?id=f3cb8513802241acc682bc44e0ec7dfc2ee79582583e3a755ee595cc094bf347,0.0,0.779,0.221,0.1779
2025-04-14 11:45:43,Young Banker Holding $58K Portfolio Sees Red – 'Reallocate Into VOO Or Hold On To It And Ride It Out?' – Reddit Explodes,Benzinga,https://finnhub.io/api/news?id=7a3bcfac51c3c0933a59246fd5573ed73a2c898340ef92939e2fa45260bda79c,0.0,0.946,0.054,0.2382
2025-04-14 11:33:20,Safran and AWS Announce Strategic Collaboration to Accelerate Innovation in the Aeronautics Industry,Finnhub,https://finnhub.io/api/news?id=07dba616f74948670a96a9c541ae419dbd8e4347537adbf80717115111604c65,0.0,0.879,0.121,0.5859
2025-04-14 11:26:00,Distillate Capital Q1 2025 Letter To Investors,SeekingAlpha,https://finnhub.io/api/news?id=6b0c0b9f146a2738378fd6c1ffc149108197ce56a0f1b136dbe5854217b12d88,0.0,1.0,0.0,0.0
2025-04-14 11:01:17,Recent Filing Shows That Rep. Scott Franklin Bought Over $16K Worth of Novo Nordisk Stock,Benzinga,https://finnhub.io/api/news?id=032977179f914b1c9bb09bedcf65fc2894856bea450d96d479e0c08e08035e68,0.0,0.881,0.119,0.2263
2025-04-14 10:01:20,Kaufland Marketplace to to France and Italy,Finnhub,https://finnhub.io/api/news?id=294956cf3a92da77b182260709854927b0d65567c7a2f9309bd152dbf8b8d675,0.0,0.95,0.05,0.2023
2025-04-14 09:47:02,"Dow Jones Surges 500 Points On Trump Tariff News; Apple, Nvidia, Tesla Rally",DowJones,https://finnhub.io/api/news?id=949debc0bb34e46204dbc7d79b8ea4cd46bd71cc32a56b4b3350550940749adc,0.0,1.0,0.0,0.0
2025-04-14 09:36:45,Amazon's Q2 Guidance Could Catch The Street Off Guard,SeekingAlpha,https://finnhub.io/api/news?id=ffcc960ccc32099394faa470422bf104ff2b96f18b9459b365332ea18d1374f6,0.0,1.0,0.0,0.0
2025-04-14 09:30:00,Inside Nebius's Secret GPU Strategy,SeekingAlpha,https://finnhub.io/api/news?id=f21f07239b49224c99d5bef43ee315c55b91acba6fdff1703888c8d349d9bc10,0.0,1.0,0.0,0.0
2025-04-14 09:22:34,"Top 10 Trending Stocks On WallStreetBets As Of April 14, 2025 (Via Swaggy Stocks)",Benzinga,https://finnhub.io/api/news?id=646c39d9ffe3d22b3622be1670ee390defbbb478550d8bee0580661ba8d2b19d,0.0,0.886,0.114,0.2023
2025-04-14 09:15:00,Trump Just Folded On Tariffs For The Second Time: Why I Am Bullish On U.S. Treasuries,SeekingAlpha,https://finnhub.io/api/news?id=fe1a11ad1768c5ced673bc380ef46d0d5e9bdc0c95b1eaa6bd6f2cc614384a9e,0.0,0.888,0.112,0.2263
2025-04-14 08:51:00,"3 Beaten-Down ""Magnificent Seven"" Stocks to Buy and Hold",Yahoo,https://finnhub.io/api/news?id=af429e0d8e6b9216f26c5ec7aaf84d95d6d61e528ffc3632722d7919de3236f9,0.0,0.867,0.133,0.802
2025-04-14 08:41:06,Avoiding Losses Is The Name Of The Game,SeekingAlpha,https://finnhub.io/api/news?id=fb12bcd5e434aa92b7947b9ec3cf0ba2eaabc84e1527a3a8aeedf152a30cd5f2,0.251,0.659,0.09,-0.743
2025-04-14 08:00:00,Oracle Corporation: Investors Should Be More Bullish After Shares Fall,SeekingAlpha,https://finnhub.io/api/news?id=d7fa67824a66e8d3177ab2973b611a96fd3ff2d0ee16626d4355350852d9ec75,0.0,0.738,0.262,0.8387
2025-04-14 08:00:00,Amazon's Retail May Be Vulnerable - Its Cloud Business Is Not,SeekingAlpha,https://finnhub.io/api/news?id=bf0a0424827c076f6ff89050b2153b10cbc126d22c8b33607e3eb86ab90db1b9,0.077,0.793,0.129,0.5076
2025-04-14 06:36:18,"Jeff Bezos-Backed Slate Auto To Take On Elon Musk's Tesla, Rivian With Budget EV Pickup: Report",Benzinga,https://finnhub.io/api/news?id=4c8193bfa9b4ce4928e55adebd58ba94875a43eb9b0646d6349c8ad5ce2c90aa,0.0,0.971,0.029,0.0258
2025-04-14 00:45:55,“Screw the Chinese or Get Screwed!” – Jim Cramer’s Bold Amazon.com (AMZN) Take,Yahoo,https://finnhub.io/api/news?id=c110a8a244bd4e97bec1756edc634389a83379c93c5acef0e271408456d9dde5,0.048,0.917,0.036,-0.2244
2025-04-13 22:45:00,Amazon and Alphabet Bet Big on AI. Why History Says It's Time to Buy Both Stocks,Yahoo,https://finnhub.io/api/news?id=038b8eecc0cad28eafcce6cd0fbe376f51432a5d715204bd3ade66cdef6fb3ed,0.0,0.937,0.063,0.5023
2025-04-13 21:19:33,"Alphabet May Become The Largest Company In The World, Here's How",SeekingAlpha,https://finnhub.io/api/news?id=b437efb93217ac04155848658e9974d3560f198ebeb0fddd8ceaa26ad44e1648,0.0,0.968,0.032,0.0772
2025-04-13 17:57:59,"Amazon.com (AMZN) Bets $8B on Anthropic, Expands AI in AWS & Shopping",Yahoo,https://finnhub.io/api/news?id=46004a32b18cbc15a0c68fc9fac1a2be6c87c91a3def3583d15389a8faaef1c7,0.0,0.796,0.204,0.9442
2025-04-13 16:19:00,ClearBridge Large Cap Growth ESG Strategy Q1 2025 Commentary,SeekingAlpha,https://finnhub.io/api/news?id=9dce9a7e0cb758c599555c55ee64d26c6885c4334e8b06c537fed55dc1ed5daf,0.0,0.776,0.224,0.7783
2025-04-13 16:00:00,"Don't Worry, AI Investors, the Artificial Intelligence Boom Is Still on -- But There Are Rising Dangers for Nvidia",Yahoo,https://finnhub.io/api/news?id=ed24f15e8470e81cc64119880456a3567974028f03534ee75e4071fa665ff7a7,0.037,0.816,0.147,0.8946
2025-04-13 14:12:47,DJD: Dividend And Value In Mega Caps,SeekingAlpha,https://finnhub.io/api/news?id=3814e8985460c1a7daafd9627c1aa365e76705ede58ad1cd79cffc47239cd0a2,0.0,0.705,0.295,0.872
2025-04-13 13:15:00,ClearBridge Appreciation ESG Strategy Q1 2025 Commentary,SeekingAlpha,https://finnhub.io/api/news?id=e1482822139534b3cf52f21a40eba7b71687da970c3c2ff83e4d40f14f065caa,0.0,0.736,0.264,0.8271
2025-04-13 12:50:01,Low Earth Orbit Satellites Are The Future; Telesat Is A Speculative Player,SeekingAlpha,https://finnhub.io/api/news?id=6f4ba1433a6f2456c9e21d60ee09937f6fd0c2ad17c698bb4bd6b480e5534351,0.058,0.904,0.038,-0.1779
2025-04-13 12:15:00,Nasdaq Bear Market: 2 No-Brainer Stocks to Buy Right Now,Yahoo,https://finnhub.io/api/news?id=28a19a672d36c6cf16b5587b21a678a2edfd5aa40cf618ae7d5d2065444592c8,0.0,0.987,0.013,0.1027
2025-04-13 09:30:26,"Software Engineer Making $9,000 a Month in Dividends Shares Portfolio, Says He 'YOLO'd Tech Stocks in IRA'",Benzinga,https://finnhub.io/api/news?id=bdfd48d1f25d5ebcef79099937d354ec26a069d6622101457146a19c7d2f5aae,0.0,0.879,0.121,0.296
2025-04-13 09:00:00,Netflix Q1 Preview: Ad-Tier Faces Its Biggest Test Yet (Rating Downgrade),SeekingAlpha,https://finnhub.io/api/news?id=e41672857fff0073685d8b7e25a5202fe6b8277b975d6145a5dbbb95a5522652,0.0,1.0,0.0,0.0
2025-04-13 08:35:00,4 Monster Stocks to Hold for the Next 10 Years,Yahoo,https://finnhub.io/api/news?id=0069263e86b49bd6e2506f45d7669c0bb5915f3c3de1fd0b296560fa63e5a2c7,0.0,0.792,0.208,0.9652
2025-04-13 07:25:00,Amazon Could Beat Tesla to This Massive Market. Are Investors Missing Something?,Yahoo,https://finnhub.io/api/news?id=a843918e50f9bbe44b9aaed1d61a49e77192d3f624e5a791a9557025b83e9346,0.129,0.807,0.064,-0.7941
2025-04-13 05:30:00,Amazon Wants to Keep Prices Low. One Seller’s Tariff Woes Show Why It’s Hard,DowJones,https://finnhub.io/api/news?id=31e8a621f3509624a702cddf4777d7d0ae4caa7165567c99dfc50868e2a86d44,0.354,0.552,0.094,-0.8126
2025-04-13 04:21:21,Tariffs Take Aim At Amazon: Navigating 'Liberation Day' Shock,SeekingAlpha,https://finnhub.io/api/news?id=06e75178b6ebf98af3164eda556092dc622b40033e1ce66029497b3b68e7573c,0.145,0.756,0.099,-0.3818
2025-04-13 02:00:00,Here’s Savvy Advice on What to Do With Tech Stocks Now,MarketWatch,https://finnhub.io/api/news?id=9a99fc2396d0e4b0075116e53312e9e7f1628bee9a5c364d1bb0d02d0a81be28,0.0,1.0,0.0,0.0
2025-04-12 22:10:00,Here's How Artificial Intelligence (AI) Is Driving Profit Growth for These 2 Tech Stocks,Yahoo,https://finnhub.io/api/news?id=55445953bbe53da1006d312270d8e97d37c2da4045d9001115661acf7ab95c6c,0.0,0.749,0.251,0.9701
2025-04-12 18:04:58,Exclusive: Chinese suppliers are offering U.S. Amazon sellers a tariff solution—but it’s not legal,Yahoo,https://finnhub.io/api/news?id=b0ebaf3a975be1ba82210ab325564c5e95ec0f0a6c568a49c4dbb33b9263d4b4,0.116,0.77,0.114,-0.2663
2025-04-12 16:10:35,"Amazon.com, Inc. (AMZN): Amazon Maintains AI Focus Despite Tariff Pressure and Price Target Trim",Yahoo,https://finnhub.io/api/news?id=635dfae9022d491bc4d2fa352cc36ae0709ae32b06944109ee8aa2c645aedd9f,0.033,0.918,0.049,0.0485
2025-04-12 14:00:19,Mark Zuckerberg's empire at stake as Meta prepares to battle Trump's antitrust cops in court,Yahoo,https://finnhub.io/api/news?id=55f2d5976866b96d1bd1a65933e4714cb3f4b0134d7b61549dd1178b47bc1edf,0.088,0.861,0.051,-0.296
2025-04-12 13:00:00,"Trade tiffs in Trump-world, Amazon cuts back, and McDonald's lemonade: Business news roundup",Yahoo,https://finnhub.io/api/news?id=32b4cae387d949c0498a1decc0631e8258bda44954a80051483e59f5ecb928a3,0.074,0.87,0.057,-0.128
2025-04-12 13:00:00,"Apple's 'complete disaster,' Microsoft's tariff uncertainty, and Amazon's vibe: Tech news roundup",Yahoo,https://finnhub.io/api/news?id=fa7b7abc721f86031794f8bec4e9e42e73517fe86949d6bb534e1297ab69a5f1,0.206,0.794,0.0,-0.7579
2025-04-12 12:39:08,Is Amazon.com Inc. (NASDAQ:AMZN) the Best Tech Stock to Buy For Long-Term Investment?,Yahoo,https://finnhub.io/api/news?id=20ea08c536e3b63637be6042841f5ac3144fe9ee7bb821e9f1f72a0b781114a0,0.0,0.889,0.111,0.8555
2025-04-12 12:00:05,'Global diversification is back' as US exceptionalism fades,Yahoo,https://finnhub.io/api/news?id=454860e7dc0dc7f18960f1583184ddfd69655d29340afa185749ec311bdbb981,0.032,0.868,0.1,0.7732
2025-04-12 11:49:00,Want to Invest in Quantum Computing? 3 Stocks That Are Great Buys Right Now,Yahoo,https://finnhub.io/api/news?id=974400b10fa72ede92abf09e62c7009e903b9ff7c96fc6a0808a2a7f3b6e7cf7,0.0,0.788,0.212,0.8582
2025-04-12 11:30:57,"Meet Walmart heir Steuart Walton, the most powerful board member you’ve never heard of",Yahoo,https://finnhub.io/api/news?id=6f361ac0394166fe7c88461e0a813444bb14fd67af52f221fbe6a25828bca876,0.0,0.909,0.091,0.6353
2025-04-12 11:28:56,"Meet Walmart heir Steuart Walton, who will lead a new era for the retailer",Yahoo,https://finnhub.io/api/news?id=e87fb60b9e0b425eca528926f99df7fce8597135d7281ccdb6eb9de18e9131ef,0.021,0.943,0.036,0.128
2025-04-12 09:50:00,2 Reasons to Avoid Amazon Stock as Tariffs Escalate,Yahoo,https://finnhub.io/api/news?id=7cf1b9e707e83370326bbf52fb7810d1e49826e228f355f70b6b6d7340f95386,0.1,0.87,0.03,-0.7897
2025-04-12 08:25:00,"5 Cheap, Leading AI Stocks That Are Screaming Buys in April",Yahoo,https://finnhub.io/api/news?id=fa6ab86fbb47b6276650c666dc3aa599f629bd09253e092ac84c3b60c5f7206c,0.055,0.866,0.079,0.34
2025-04-12 08:05:00,7 Quality Dividend Stocks I'm Buying As Tariff Risks Remain,SeekingAlpha,https://finnhub.io/api/news?id=1c5d5d7971edfc3e5f7ee56bff19e55db9bf60ed86bf190ae24d84acf6221a5b,0.189,0.811,0.0,-0.2732
2025-04-12 08:01:20,"Benzinga Bulls And Bears: Apple, Nike, US Steel — And The Markets Ride Out Ongoing Volatility",Benzinga,https://finnhub.io/api/news?id=6ff1a8b08e0f022412db2dc2306b5472be61abf228c617b3dac269f3ad0c9eef,0.0,0.837,0.163,0.7184
2025-04-12 08:01:00,Warren Buffett Owns 2 Artificial Intelligence (AI) Stocks That Wall Street Says Could Soar Up to 50%,Yahoo,https://finnhub.io/api/news?id=0188aa1f01ec85a95c261e40b0c9c0b03e3214aeb9961398fa626c2ca7ee2866,0.0,0.747,0.253,0.9652
2025-04-12 07:32:00,This Growth Stock Could Be the Best Investment of the Decade,Yahoo,https://finnhub.io/api/news?id=0ec43c581bccea741181b38f6bb5f32fc31f3845d477491ae42909e8a495ca9e,0.0,0.657,0.343,0.8555
2025-04-12 06:08:58,Tariff Panic? Why I'm Buying More Microsoft While Others Sell,SeekingAlpha,https://finnhub.io/api/news?id=e1faf76d944afb070c7366ed911f1b5e7ab6d29a8477ba3a3cef3ffb0e3ece0c,0.268,0.732,0.0,-0.5106
2025-04-12 05:47:25,5 Key Investment Trends To Watch For The Next Decade,SeekingAlpha,https://finnhub.io/api/news?id=5f1c35104f03d7603b4f8aacc4a4d057adaabe6f0ff56355ead1941caff35a52,0.0,1.0,0.0,0.0
2025-04-12 02:35:00,Deep Dive Into Amazon's 2024 Shareholder Letter,SeekingAlpha,https://finnhub.io/api/news?id=5d78b4a6effef263d070e87b7c293a701e617c0b6ea851e4fdeee54616501250,0.0,0.851,0.149,0.4939
2025-04-11 20:59:56,Is Amazon.com Inc. (NASDAQ:AMZN) a NASDAQ Stock with the Highest Upside Potential?,Yahoo,https://finnhub.io/api/news?id=3f9c362920fce9374a6ee27d6b2146bd67b78d0331bac3df1217c94bed9a7479,0.0,0.968,0.032,0.296
2025-04-11 19:48:00,Art Is in a Bear Market. A Trade War Won’t Help.,MarketWatch,https://finnhub.io/api/news?id=1131c7ebd25bfae75ed43d91cd28397c1a8464345c1a525b9112c764b5afe74f,0.25,0.577,0.173,-0.5267
2025-04-11 17:55:13,Chinese Electronics Firm Anker Raises Prices on Amazon,Yahoo,https://finnhub.io/api/news?id=bf6210eb9573c1a3a06a280e9c43c70efb5173f705bf62144ee0e02c698d639a,0.0,0.911,0.089,0.5719
2025-04-11 17:17:43,Amazon Turns Challenges Into Opportunities: Why I Am Buying,SeekingAlpha,https://finnhub.io/api/news?id=417203c6c6c195b6bab6294640a3127f21a76ca4f91af09e83aca01f2fa0aa1b,0.0,0.517,0.483,0.5574
2025-04-11 17:15:26,Amazon.com (NasdaqGS:AMZN) Powers EHR Data Revolution With OMNY Health Partnership,Yahoo,https://finnhub.io/api/news?id=b34cc3313f9beab50d68f7e2e54fd6ac318b340672a0116402d1a75a13df57e2,0.0,0.883,0.117,0.8481
2025-04-11 16:39:43,Amazon Stock Breaks Nine-Week Skid As Wall Street Debates Tariff Hit,Yahoo,https://finnhub.io/api/news?id=96dcc23de843f7996dfa52f07095fdf773f791c8b8effd4a6a130e81856e0cee,0.032,0.814,0.154,0.7845
2025-04-11 16:39:43,Amazon Stock Set To Break Nine-Week Skid As Wall Street Debates Tariff Hit,Yahoo,https://finnhub.io/api/news?id=a7ae4539bd8cd65b4f3bd192716f6a5b0731064599671c00671a56a6eb55374d,0.077,0.767,0.156,0.1779
2025-04-11 16:37:00,Amazon makes harsh move amid major customer concern,Yahoo,https://finnhub.io/api/news?id=b71da82a5b893ceadc6e34573af1de38191cdfeed1614fd13c8829fa17041252,0.245,0.623,0.132,-0.5994
2025-04-11 16:25:35,"Is Amazon.com, Inc. (AMZN) the Top Tech Stock to Buy According to Billionaire Ken Fisher?",Yahoo,https://finnhub.io/api/news?id=3b9c39df589f874f942c89fe570f99d1038abdf06ccbcaec61ded242665efc0c,0.0,0.895,0.105,0.7096
2025-04-11 16:08:54,"Amazon CEO Andy Jassy says after nearly 30 years at the company, one trait separates those who see their career thrive: a high ‘WhyQ’",Yahoo,https://finnhub.io/api/news?id=0529d16e12f626529b41962dcc97c40fd459e6ee08698eaac00dbf0fe05e9b27,0.0,0.936,0.064,0.34
2025-04-11 16:05:29,"Prada to acquire Versace, CarMax reports mixed Q4 results: Morning Buzz",Yahoo,https://finnhub.io/api/news?id=d4ad8d6061a012b3811e7bb20b75355b6afb9bb2180fbb1a177516c32b0101a9,0.092,0.881,0.027,-0.5742
2025-04-11 16:04:05,Consumer confidence craters as recession fears grow,Yahoo,https://finnhub.io/api/news?id=d910793a6bf6f5937b9cca59f69e63d05938af8b3c59f66e86cc19007fa5db58,0.395,0.372,0.233,-0.5413
2025-04-11 15:28:48,Alphabet: A Safe Bet In A Stagflation Scenario,SeekingAlpha,https://finnhub.io/api/news?id=36cc327a9c591a8c065bf3e5902cf5c30e0eb08d413851d38683a24ace4fbe81,0.0,0.707,0.293,0.4404
2025-04-11 15:09:02,Will Amazon.com (AMZN) Offer an Attractive Risk-Adjusted Return for a Longer-Term Investment Horizon?,Yahoo,https://finnhub.io/api/news?id=8dd9ca209a75daf12f0394209606b694f4e7fa699aa684315b5a3bbad7933e54,0.0,0.915,0.085,0.7351
2025-04-11 13:00:14,"Investors Heavily Search Amazon.com, Inc. (AMZN): Here is What You Need to Know",Yahoo,https://finnhub.io/api/news?id=06b99181b65e7bec93240a0fa158c37699b4408fafc486a74d51f1d025e112f3,0.068,0.845,0.087,-0.0516
2025-04-11 12:36:25,Amazon com : Safran and AWS Announce Strategic Collaboration to Accelerate Innovation in the Aeronautics Industry,Finnhub,https://finnhub.io/api/news?id=935e26d6b0746205b03ac1cbecb39e92c896052649b6fc752a9c880aed97b9bb,0.0,0.857,0.143,0.6705
2025-04-11 12:30:00,Oakmark Global Select Fund Q1 2025 Commentary,SeekingAlpha,https://finnhub.io/api/news?id=c2f67391898c019b4e1eb56b53f2a8998036e02f5c6c8f39deb727c00689b63e,0.0,1.0,0.0,0.0
2025-04-11 12:28:00,Amazon.com (AMZN) Faces Tariff Trouble – Cloud Concerns Grow as BofA Trims Target,Yahoo,https://finnhub.io/api/news?id=a4b0b3932ead97ac53193bdaf77ef8a7aa0001a8d3d3c87285633da6985bb22f,0.09,0.91,0.0,-0.765
2025-04-11 12:20:00,2 No-Brainer Warren Buffett Stocks to Buy Right Now,Yahoo,https://finnhub.io/api/news?id=5b4dea76685840402d18c7e2f1f5b2ea35bb1666467a78f8476368b37c32b4d1,0.055,0.878,0.068,0.2718
2025-04-11 11:16:29,"Trump’s tariff shift still has markets, industry groups panicked",Yahoo,https://finnhub.io/api/news?id=effceb73467d79d36b8bd72bee3947d6b94382c5f604e28880389e76f49068ce,0.137,0.824,0.04,-0.8516
2025-04-11 11:00:00,Nasdaq Bear Market: 3 No-Brainer Artificial Intelligence (AI) Stocks to Buy in April,Yahoo,https://finnhub.io/api/news?id=2031a0b4c6c72c6cc36a2cb10dcb8d579eb3faf0a2f70e3d545e618422e850a5,0.08,0.88,0.04,-0.4659
2025-04-11 11:00:00,Amazon launches LTL service in US,Yahoo,https://finnhub.io/api/news?id=06dcfb884b01e33b19e4462205f98dcf7b7487a780bf20aac90f4fa2cd985f02,0.081,0.847,0.072,-0.0516
2025-04-11 10:30:00,"Got $1,000? 2 No-Brainer Warren Buffett Stocks to Buy Right Now.",Yahoo,https://finnhub.io/api/news?id=7879da6151e1b1443685410f8f11cc88ff8ef8e581079ab2e397d58d97d21d3a,0.0,0.833,0.167,0.8622
2025-04-11 09:53:00,Nvidia Stock Rises. It Shrugs Off Worries Over Tariffs and Rival Chips.,MarketWatch,https://finnhub.io/api/news?id=667604ab89cf505cf0bec9e10dbade5c95ac891f9285c61d99fb91d7f587c7e2,0.203,0.797,0.0,-0.6808
2025-04-11 09:09:05,Chinese electronics company Anker starts raising prices on Amazon,Yahoo,https://finnhub.io/api/news?id=bcf20742082b731dded131494f9388423c77cc23c156dcc390158f20c559a84b,0.0,0.961,0.039,0.4588
2025-04-11 08:20:00,My 2 Favorite Stocks to Buy Right Now,Yahoo,https://finnhub.io/api/news?id=f23181f7aed7f6c7fedb1f4880b90c0e22422d5f747a9a420f72f2612e2a6302,0.087,0.817,0.096,0.203
2025-04-11 08:00:00,Andy Jassy’s shareholder letter highlights his quest to resurrect the startup that Amazon once was,Yahoo,https://finnhub.io/api/news?id=b2144162074a2610f62dbef6cb0ec7aee6be0be54bd1fc226f6faf65997a4692,0.0,0.952,0.048,0.1779
2025-04-11 07:06:00,"China Calls Trump Tariffs Standoff a Joke. Tesla, Apple, Stock Markets Aren’t Laughing and 5 Other Things to Know Today.",MarketWatch,https://finnhub.io/api/news?id=8dd9d349be8d6676fca54aa3eb65b202baaf7bac4848b10d154aaa2630a4fdc6,0.0,0.769,0.231,0.8689
2025-04-11 07:01:32,Chinese traders shy away from Amazon U.S.,Finnhub,https://finnhub.io/api/news?id=b58d38e8893be477f7b957708c955bcd183291be59480e4f952224e19f42aaba,0.099,0.822,0.08,-0.2023
2025-04-11 06:49:54,"Amazon-backed More Retail plans India IPO next year, betting on its hybrid model",Yahoo,https://finnhub.io/api/news?id=d48ab02d746278c9c3df85868b6dbb20c1da98299d56934aecd447305d8a4c45,0.0,0.943,0.057,0.7269
2025-04-26 21:05:24,"Amazon.com, Inc. (AMZN): The Best Safe Stock to Buy According to Hedge Funds",Yahoo,https://finnhub.io/api/news?id=0c9d8f7a00c11782c0f54b5b78fcd9a02b62947e64194a46e26782f994f5f834,0.0,0.747,0.253,0.9694
2025-04-26 21:00:00,A Reckoning for the Magnificent Seven Tests the Market,DowJones,https://finnhub.io/api/news?id=d78fd119338fb90f20a8064840587a7090ab5f158c24169586a43d92f7aeb806,0.0,0.672,0.328,0.8316
2025-04-26 18:14:00,"Tech Executives Are Starting to Talk Tariffs. What It May Mean for Apple, Amazon Earnings.",Yahoo,https://finnhub.io/api/news?id=dd8d3f2d0cf04892de7ff792fd33ae6e9f036367f41c219b2b34278f3e3f1e4e,0.056,0.853,0.091,0.0772
2025-04-26 16:46:01,Now Streaming: Analysts boost Netflix targets after Q1 beat,Yahoo,https://finnhub.io/api/news?id=efb2330c02243ceb9838d30bcc87db25cbcded5de9497613f627e0e4402be96c,0.0,0.857,0.143,0.8788
2025-04-26 12:20:31,"Amazon.com, Inc. (AMZN) Ramps Up AI Infrastructure With AWS Trainium2 Chips and Titan Models",Yahoo,https://finnhub.io/api/news?id=008fad0cc43b1cc5bf6a6ba3c7ba585dfcf5a98539679d845f5059d772d2cc6f,0.0,0.957,0.043,0.4767
2025-04-26 11:00:00,"Microsoft, Apple Set To Report Earnings As Markets Watch Out For Core PCE Price Index",SeekingAlpha,https://finnhub.io/api/news?id=d78c26e18c68b7705191062a2c17e2e55a608a8277fc05a553bb1186f0311979,0.0,1.0,0.0,0.0
2025-04-26 09:59:36,The Weekend: When signs of a US-China trade deal brought relief to anxious markets,Yahoo,https://finnhub.io/api/news?id=98506be144b38016c6ad70b440cad73f12e7f7502ed479b5c5c6bddcc2cf34d4,0.064,0.836,0.1,0.2732
2025-04-26 09:07:00,"Members of Congress Are Buying This Beaten-Down ""Magnificent Seven"" Stock (Hint: It's Not Nvidia or Tesla)",Yahoo,https://finnhub.io/api/news?id=ce8c2ce462534c03fa5e2873b46e3a080363277367ad85feeeb604afa04e3760,0.02,0.886,0.094,0.5499
2025-04-26 08:08:01,"Benzinga Bulls And Bears: Netflix, Novavax, Intel — And The Market Begins To Bounce Back",Benzinga,https://finnhub.io/api/news?id=6ab804d477e6cacac2a97542ab5b4a443f8db69981bec7e3d4d3b3eb8d54e72c,0.0,0.833,0.167,0.7184
2025-04-26 08:00:00,5 Best CEFs This Month For Yields Up To 15% (April 2025),SeekingAlpha,https://finnhub.io/api/news?id=92f6fde472f0f7d1aad43f00c3e261e9356d999b83967de91340ac47aa791c2d,0.0,0.726,0.274,0.8834
2025-04-26 00:00:00,Tech Workers Are Just Like the Rest of Us: Miserable at Work,Yahoo,https://finnhub.io/api/news?id=014c5a0dc7b717dbd5b9f3ca0a1e136abd49f3b0d1714a6fe540a256b962805a,0.079,0.817,0.104,-0.0
2025-04-25 23:59:00,"S&P 500 Earnings: Updating Q2 '25 EPS Trends, Q1 '25 Earnings Look Great",SeekingAlpha,https://finnhub.io/api/news?id=5e86b7b8e6e72e19850533c6f239c2de3572d138747ae50b4d2ab710a1c5f430,0.057,0.775,0.167,0.6597
2025-04-25 23:00:00,"Mag 7 earnings, PCE data, April jobs report: What to Watch",Yahoo,https://finnhub.io/api/news?id=59c61d12412778543bf0ca19db22486da6131fde64f982e54d339d6cd0278926,0.015,0.906,0.079,0.7522
2025-04-25 22:45:34,DoorDash and Deliveroo on Brink of Marriage,Yahoo,https://finnhub.io/api/news?id=6e8374cd5f9efe7d2c7000243ed6aebc7f656696922ef79b8a68e59692467335,0.0,1.0,0.0,0.0
2025-04-25 22:27:31,"Amazon.com, Inc. (AMZN): One of the Most Promising Stocks According to Analysts",Yahoo,https://finnhub.io/api/news?id=77deb2a6fe5b2981d3f426a8bf08163889f5d7dbd51cafac566a07f064c5093e,0.0,0.882,0.118,0.8265
2025-04-25 21:45:14,Amazon (AMZN) Surpasses Market Returns: Some Facts Worth Knowing,Yahoo,https://finnhub.io/api/news?id=5f9fe2e4e3966a394ed46d95e8b6f9feee8e4888674413a950db9be45cb09d63,0.0,0.819,0.181,0.5106
2025-04-25 21:38:47,"How to play Microsoft, Amazon earnings using options",Yahoo,https://finnhub.io/api/news?id=9bf3ae780b139ca63995bc99c1a2e60583b6db3b3102adc183480118ca067525,0.016,0.756,0.228,0.9518
2025-04-25 21:30:13,"Investing Action Plan: Apple, Amazon, Pfizer, Caterpillar And Sparring With The Fed",Yahoo,https://finnhub.io/api/news?id=81f932e90cda346b57f62177a36ac775642c63c04439731b917b66e0910e505c,0.102,0.809,0.089,-0.3612
2025-04-25 21:19:00,Mag 7 Earnings Preview: What Can Investors Expect?,Yahoo,https://finnhub.io/api/news?id=bf8071961301fb4d9f077dc891840b4b32033c78fb649f9cc789f270442e1739,0.0,0.829,0.171,0.8577
2025-04-25 20:45:00,Stocks Claw Back Most of April’s Tariff Losses,Yahoo,https://finnhub.io/api/news?id=7d07eff50871fbea56937de8356788c1c2fd12c636a7ecdce244ad57a2b9332b,0.03,0.948,0.021,-0.2023
2025-04-25 20:34:06,"Is Amazon.com, Inc. (AMZN) the Best Stock to Invest in for Long Term?",Yahoo,https://finnhub.io/api/news?id=378aa0a709540eaa8ed21d41b55b80fd5fd09260d782f5dd6d7b33ce108eb38f,0.0,0.84,0.16,0.9274
2025-04-25 20:05:00,Amazon’s book sale crashes Independent Bookstore Day—and readers are pushing back,Yahoo,https://finnhub.io/api/news?id=229875493a0a253f78988e741641a541ce4e0d8afbe1fe4adb80bfac4bc5312e,0.088,0.912,0.0,-0.4404
2025-04-25 19:56:21,Tariff uncertainty creeps into tech earnings,Yahoo,https://finnhub.io/api/news?id=74cba4a3ec7eb128079cd94763c2ff969e5ec72cc9989f25d4d340d01a6f64b3,0.146,0.854,0.0,-0.34
2025-04-25 16:08:25,QQQ: Nasdaq 100 Is Still A Bubble - Sell,SeekingAlpha,https://finnhub.io/api/news?id=de978dde57dbc9260845d12f628076cf2a8ee1cb666566f0d37da0c7d08fb874,0.0,1.0,0.0,0.0
2025-04-25 15:59:36,Intel: Credit Likely To Be Junk Within Five Quarters,SeekingAlpha,https://finnhub.io/api/news?id=9fc5a99153830e1458787e812cc45ace7c398249c7fcbf4c6b7f89644f64aadd,0.0,0.957,0.043,0.2023
2025-04-25 15:25:37,What Wall Street is saying about Alphabet ahead of earnings,Yahoo,https://finnhub.io/api/news?id=0e49522b5a5e4c8931ce068284c435ab16aab0753eed14a3e19aed3c57c84397,0.0,0.974,0.026,0.34
2025-04-25 15:07:12,Amazon Q1 Earnings Preview: What to Expect From Upcoming Report,Yahoo,https://finnhub.io/api/news?id=cd2b584fc4dfb7656f1893b13f15a45ab65d57b8c9fb7b30a1e15ef3ab5f552b,0.082,0.681,0.237,0.5106
2025-04-25 14:39:22,Big Tech ETF rallies Friday to accelerate strong weekly advance,MarketWatch,https://finnhub.io/api/news?id=2ae32e98caa83db2ae8cf7dc39c1b04b7c3ef61f7d23f56ad16f1c7be6a8371e,0.0,0.732,0.268,0.765
2025-04-25 14:36:12,Amazon infuses $40m into Indian payments arm,Yahoo,https://finnhub.io/api/news?id=746ae7fe50387d180f85475ce40868a77bffdb08494ef57dc9749038083034d6,0.0,0.943,0.057,0.1779
2025-04-25 14:32:16,"Why Amazon, Spotify, & Netflix are this expert's top stock picks",Yahoo,https://finnhub.io/api/news?id=7acfc530bdbd785825ea63d1b53fc19cfe0a10c613b15b354c8d65656937a1e0,0.0,0.879,0.121,0.7351
2025-04-25 14:05:00,Earnings Dominating But Don't Sleep On Economic Data,SeekingAlpha,https://finnhub.io/api/news?id=ac09231e566caaa6b2229e3eeaf5f1acfdd5f8ed4f77322f937e5f54ebd72f90,0.164,0.71,0.125,-0.2617
2025-04-25 13:37:44,"Procter & Gamble: I'd Love To Own It, But It Needs To Fall Further And Yield Over 3% (Rating Downgrade)",SeekingAlpha,https://finnhub.io/api/news?id=f28d614e3cd77635571ba125f81f743f383e36692a5f2e69afc4e8719ac67b4e,0.0,0.867,0.133,0.7935
2025-04-25 13:37:00,2 Magnificent Stocks Near 52-Week Lows,Yahoo,https://finnhub.io/api/news?id=b9fe94728b4d03fff86573a7371c54b3a7cac741627b5c9a982cc46e28bb200d,0.06,0.662,0.278,0.765
2025-04-25 12:57:15,PayPal Vs. Adyen: Consumer Wallet Vs. Enterprise Stack -- Which Should You Own?,SeekingAlpha,https://finnhub.io/api/news?id=2419215b96963796dcf0a0e7d2a0029bcb20d2b61e804092cdd9b80ede6f50e2,0.0,0.818,0.182,0.8158
2025-04-25 12:40:20,"You Might Not See Waymo Coming, But I Do: Maintaining Alphabet With A Buy",SeekingAlpha,https://finnhub.io/api/news?id=e0c0f39e2de301120cea24203342bc8feb29697141e1e8afdc14721defb17643,0.0,0.922,0.078,0.5267
2025-04-25 12:00:00,2 Top Stocks You Can Buy Now With $500,Yahoo,https://finnhub.io/api/news?id=635bcc251cb923a2d77e049731c8895ea258d85ebc98e29b68a036954e1993ea,0.04,0.852,0.108,0.4588
2025-04-25 11:34:47,"Amazon: Ignore The Noise, This Stock Is Ridiculously Cheap (Rating Upgrade)",SeekingAlpha,https://finnhub.io/api/news?id=169bec5d7a8696116a1ac76982ee8f14e012be1e2b20dcca609d45688e3e8629,0.145,0.679,0.176,0.1027
2025-04-25 11:03:21,Are Magnificent 7 stocks still worth the hype? Here's how readers voted,Yahoo,https://finnhub.io/api/news?id=79d7138a0013bbcc374ff9cd6c2492b1978fc3c194c8ac0bad241c51d2c32361,0.0,0.672,0.328,0.9042
2025-04-25 10:54:32,"S&P 500, Magnificent 7 Hit Resistance: Analyst Warns Of More Pain Before Gain",Benzinga,https://finnhub.io/api/news?id=13d9b9b863c6aad0849d6277e03f3275d5670934a165915292b858f8ff76aa19,0.173,0.62,0.207,0.3758
2025-04-25 10:43:53,Nvidia: AI Floodgates Are About To Open,SeekingAlpha,https://finnhub.io/api/news?id=178835a8dc0d2c107bb197e9698ea17de36182f6ffadd24a9a99e975264b542b,0.046,0.954,0.0,-0.128
2025-04-25 10:16:29,Amazon or Alphabet: Top Analyst Selects the Superior Tech Stock to Buy Ahead of Earnings,Yahoo,https://finnhub.io/api/news?id=389cf3993ead1b9106a3ee72691407c034267bae1bc8046e283340c7425bd228,0.055,0.853,0.093,0.5574
2025-04-25 08:47:00,Is Amazon a Better Stock to Buy Right Now Than Costco? The Answer Might Surprise You.,Yahoo,https://finnhub.io/api/news?id=d313190df34733459975e1fd2257c0a7880af87a2ddef917b538b890ea84b0a7,0.045,0.784,0.17,0.7239
2025-04-25 08:32:00,2 Ways Tariffs Could Impact Amazon's Business,Yahoo,https://finnhub.io/api/news?id=59ee7db20eac256cd76f4d57a77ae3fe77077b9fbfee2526c0eda642200ebd49,0.0,0.898,0.102,0.1779
2025-04-25 07:32:00,Will Tariffs Help or Hurt Amazon's Business?,Yahoo,https://finnhub.io/api/news?id=59bb8a392c2f8deee9a5446a8d7de15449d699d5307e40e0b4651cfc85bd160d,0.064,0.771,0.165,0.8251
2025-04-25 07:20:00,Google Gives Stock Markets Hope of a Big Tech Comeback and 5 Other Things to Know Today,MarketWatch,https://finnhub.io/api/news?id=fa40c7df7fac86466e69804f89e401fd7e532ebaca891b039de856e915e01e0b,0.0,0.847,0.153,0.7003
2025-04-25 05:00:19,"Stocks to watch next week: Apple, Microsoft, Shell, HSBC, Lloyds and AstraZeneca",Yahoo,https://finnhub.io/api/news?id=ca9edd4559b6c0357af687f6e1cde0db5177f361a0cc944c63fa7a6a219797cd,0.0,1.0,0.0,0.0
2025-04-25 04:08:13,Amazon Japan ordered to pay 35 mil. yen for allowing listing of fakes,Finnhub,https://finnhub.io/api/news?id=60ef5894cacf552f44b6ec07bca36ce0bbb4ca99473b1a36922bad8fa7e25034,0.296,0.675,0.029,-0.9246
2025-04-25 03:35:21,"Jim Cramer Stays Bullish On Data Centers, Says If Trump Tariffs Eases, These AI Stocks 'Will Fly Again' Despite Wall Street Doubts",Benzinga,https://finnhub.io/api/news?id=c7cb0fd5b55d8b910b478b00574b17d00675772db9f62e49ad8d6da0e8af57d5,0.127,0.675,0.198,0.5248
2025-04-25 02:36:28,Jeff Bezos' Final CEO Letter Isn't Just About Amazon — It Is A Clarion Call For Resisting Normality: 'The World Wants You To Be Typical...Don't Let It Happen',Yahoo,https://finnhub.io/api/news?id=a976d14fcd1fbbed421c1976890c5f11d6f39f64988e080b76bbaefdf9938333,0.035,0.891,0.073,0.6577
2025-04-25 02:21:41,Slate: Introducing the Bezos-backed EV pickup for the masses,Yahoo,https://finnhub.io/api/news?id=54fa0e8f8aaa3b9102bd56b4c99ad212d038780fb21a1b097e50d41fcdfc123f,0.0,1.0,0.0,0.0
2025-04-24 22:19:00,The Market and Fed Chair Powell,Yahoo,https://finnhub.io/api/news?id=afc051cd91592c4932741e48882c8fefec58f970ff2687f209902a32c0141a86,0.0,0.756,0.244,0.6369
2025-04-24 21:16:56,"Amazon.com (AMZN): Short-Term Shivers, Long-Term Gains?",Yahoo,https://finnhub.io/api/news?id=270aa579e6f6c8304d302163316478b72b3a49f22c3566beeb0fdee670ea023a,0.0,0.962,0.038,0.34
2025-04-24 21:10:08,"Tariffs Weigh on Trucking Giants Old Dominion, Knight-Swift and TFI",Yahoo,https://finnhub.io/api/news?id=d4120611db1301979c64b9d0bcfcf5f55f626e8c8089d993988bc246d1c31f51,0.137,0.863,0.0,-0.5574
2025-04-24 20:18:42,"Tech stocks climb as Nvidia, Amazon reject claims of AI buildout slowdown",Yahoo,https://finnhub.io/api/news?id=7c2590587d46482f693bea6e76e41c19db66acc9bda154678f4f4deae6f768df,0.051,0.796,0.153,0.8176
2025-04-24 19:55:11,Apple to Strip Secret Robotics Unit From AI Chief Weeks After Moving Siri,Yahoo,https://finnhub.io/api/news?id=cc88411905b52bbabdda5842b0d50f8f3826e1f0afbca39233d6c6531ead771a,0.026,0.852,0.123,0.8519
2025-04-24 18:10:43,Nasdaq Launches Eqlipse Platform As Part of Modernization Blueprint for Global Markets,Yahoo,https://finnhub.io/api/news?id=1b2dce5688aac16258b60da556c8397ddd2ef13fc3f0a17ba15e097d8f190387,0.0,1.0,0.0,0.0
2025-04-24 18:00:00,"Alphabet Q1: Beat And Dividend Raise, The Best Mag 7 Value By A Long Shot",SeekingAlpha,https://finnhub.io/api/news?id=fa8e22cafb2697983c7c91e1024a6a0badf6d644ff87644e095641e73206f40e,0.0,0.651,0.349,0.9531
2025-04-24 17:50:00,The stock market is looking oversold as earnings season gets underway,MarketWatch,https://finnhub.io/api/news?id=1d6893d8927d7f197ac032b10a66ff665f2cbd6db225ae9187f54b1e69d5669e,0.0,1.0,0.0,0.0
2025-04-24 17:29:50,Amazon.com (NasdaqGS:AMZN) Expands AWS Collaboration With Softchoice Targeting SMBs In 2025,Yahoo,https://finnhub.io/api/news?id=e757ad46a6f05f81d21e865ef54d6538785c55d4fce5c5f462f9accc75c0c8c0,0.013,0.861,0.126,0.8225
2025-04-24 17:00:12,"Chesapeake Utilities: Good Growth Prospects, But Very Richly Valued",SeekingAlpha,https://finnhub.io/api/news?id=9281b63bbc2ebbf9e896dbcb1eb9548d7b8fa25b04ce7ebf166f9d6057a76ee1,0.0,0.554,0.446,0.959
2025-04-24 16:39:46,Hold Your Horses On Nvidia: Why Long-Term Risks Temper The AI Euphoria,SeekingAlpha,https://finnhub.io/api/news?id=22e234df0fa0da0439e248f3d4d9b3e9051a5f172c96afc9fdb6473ba50bcbfe,0.159,0.683,0.157,0.2263
2025-04-24 16:32:52,Newsom Says California Is Now the World’s Fourth-Biggest Economy,Yahoo,https://finnhub.io/api/news?id=c7fe01e486abcfbea6019ef92459d3558d7e4bcf0bedab7721fd8e47595bc106,0.028,0.873,0.099,0.7351
2025-04-24 15:56:58,"Amazon, Microsoft, Google Set to Ride AI Wave Through Market Uncertainty",Yahoo,https://finnhub.io/api/news?id=04efb123d6088df9a1c2476b6acb871d324a85e44c2e558be5b450ebf8a5ad13,0.101,0.756,0.143,0.0
2025-04-24 15:30:53,Whirlpool CEO: 'Call me pro tariff',Yahoo,https://finnhub.io/api/news?id=6a1455e1c8248f230a6b4ea1af9c2053f81f51ae3bac8bc415d635acbb327c4d,0.0,0.886,0.114,0.4019
2025-04-24 15:11:00,Should You Buy Amazon Stock Before April 29?,Yahoo,https://finnhub.io/api/news?id=ffbf52407a1bb1adb5988ad89a2f2d3a372b19772a662b04c12443ce1015353c,0.115,0.806,0.079,-0.5859
2025-04-24 14:42:00,"Salesforce, Caterpillar share gains lead Dow's 480-point rally",MarketWatch,https://finnhub.io/api/news?id=c2bdec0145e581d759429f17a85688a0a63a304bf369d3ac0ed487c559eefd94,0.0,0.566,0.434,0.802
2025-04-24 14:01:35,Amazon (AMZN) Earnings Expected to Grow: What to Know Ahead of Next Week's Release,Yahoo,https://finnhub.io/api/news?id=1d7333060d6780193e963a27385a377ca60808552071835d206794b799093760,0.0,0.878,0.122,0.5106
2025-04-24 13:31:00,Top Cloud Computing Stocks to Bet on for Healthy Returns,Yahoo,https://finnhub.io/api/news?id=43dd6c6a4a2774e173e3bbf9faafee7a4a5c2a7fe4e94f77bfbe117c0cf80dd3,0.0,0.824,0.176,0.5423
2025-04-24 12:37:39,E-Commerce Update - Saudi Arabia's Digital Shift Drives Robust Market Growth,Yahoo,https://finnhub.io/api/news?id=dd99a253deb338818751d8b737f98ffdad85c7fb1f1c64ca4bd0ce84a3616b9d,0.0,0.775,0.225,0.9485
2025-04-24 11:52:04,Norway’s $1.7 Trillion Fund to Keep Buying US Stocks After Loss,Yahoo,https://finnhub.io/api/news?id=4104962883d5f139a085db121ee7d9d507a6b54ffe930322bf8185f7774c26a3,0.091,0.798,0.111,0.4767
2025-04-24 10:59:58,Why the stock market's problem isn't only about tariffs,MarketWatch,https://finnhub.io/api/news?id=84732cbbdae77e080631addb6012bf00dd849a4d7ede172f6ceb442a0df1a4fb,0.252,0.748,0.0,-0.6597
2025-04-24 10:59:00,"BAI: Not An Encouraging Start For An AI Portfolio, But Still Very Much A Buy",SeekingAlpha,https://finnhub.io/api/news?id=1fa787c77de64df920fd54a5dc06deb5c3002273bee8c94aa3c8cad72cddf3dd,0.097,0.79,0.113,0.193
2025-04-24 10:57:10,"Jim Cramer on Amazon.com, Inc. (AMZN): ‘Still Spending, But Tariff Impact Remains Unclear’",Yahoo,https://finnhub.io/api/news?id=a7429321990aba964ff63f8f28f92d726a86260dda892a88e93c8f4e5a0d04e3,0.0,1.0,0.0,0.0
2025-04-24 10:40:00,Here's How Waymo's Robotaxi Momentum Will Pay Off For Google Stock,DowJones,https://finnhub.io/api/news?id=2b08a74846b451c2ecf3d81126e157d690c0598c610180b2ac5fa7f0e682952e,0.123,0.877,0.0,-0.2023
2025-04-24 10:12:00,AWS Just Delivered Great News for Nvidia Shareholders,Yahoo,https://finnhub.io/api/news?id=483736b7f88767c5272b79b79e73aad02da4b823b95ad9133e7b7db979c9c4b0,0.08,0.86,0.06,-0.2973
2025-04-24 09:55:55,AI Play Vertiv Soars On Strong Earnings,SeekingAlpha,https://finnhub.io/api/news?id=247dc2dc2b17180dbcaea27ad1de49c542f43dcbbc144a1b2a341edd197e4d73,0.037,0.65,0.312,0.875
2025-04-24 09:27:05,Concerns about AI spending by 'Magnificent Seven' aren't going away: DB,MarketWatch,https://finnhub.io/api/news?id=c0725b32b916049c36a72cbd8479b4e58337c353a9cacd57dc0072928a1131b2,0.0,0.719,0.281,0.8316
2025-04-24 09:15:00,Amazon Stock Is Down 28%. Should You Buy the Dip Before May 1?,Yahoo,https://finnhub.io/api/news?id=48f25b8fb4516757e241c9c4c822f51c4d4a82087757c9e58db7394ce8a373ce,0.044,0.835,0.121,0.3182
2025-04-24 08:09:00,3 No-Brainer Artificial Intelligence (AI) Stocks to Buy Right Now,Yahoo,https://finnhub.io/api/news?id=11b3b8bcb663cc5f63bbff2a42c6eb8b5273a8c1a4c77145d36e694d2c964db8,0.099,0.782,0.119,0.1779
2025-04-24 07:33:12,Apple: Earnings Could Deliver A Big Upset As International Business Tumbles,SeekingAlpha,https://finnhub.io/api/news?id=480a185f22288ef0d8a875056e9e5f31f5c056b98bf437e0e564af6c98e86bb3,0.142,0.789,0.068,-0.4215
2025-04-24 06:56:02,Amazon: A 10% Weaker Dollar Could Improve Bullish Target,SeekingAlpha,https://finnhub.io/api/news?id=c78e9886e421e342621129e4fa99ee62eb2b55b84323dacb78fdd02c0c13ac9f,0.215,0.444,0.341,0.1779
2025-04-24 06:23:25,Nvidia supplier SK Hynix warns of turbulence from US tariffs,Yahoo,https://finnhub.io/api/news?id=c7051b81be08813529fed00eb1ebb40f2f9c21640c55c541ba351f3c8adbfd81,0.087,0.787,0.126,0.5817
2025-04-24 06:00:00,The £35bn Amazon rival chasing Britain in the middle of a trade war,Yahoo,https://finnhub.io/api/news?id=5677f17d8440bb7b69a164af87c39c25fe645750c9ae844709aa013430959edc,0.094,0.865,0.041,-0.4939
2025-04-24 03:31:21,"US Pressures India To Open Its $125 Billion E-commerce Market To Amazon, Walmart: Report",Yahoo,https://finnhub.io/api/news?id=17cfa95c5065a6e84fcdfbe1c1a02a11055d2d496253a478be00b3704a6be303,0.039,0.805,0.156,0.7184
2025-04-24 02:55:35,‘Just Walk Out’: customer feedback forces Amazon U-turn,Yahoo,https://finnhub.io/api/news?id=09cb8954f22bc4fc0f9beb9f669400dcfcc5991841ccd4364c350fee3ae72952,0.0,0.756,0.244,0.7506
2025-04-24 02:00:00,Google Earnings Arrive With the Company Facing Both AI and Legal Threats,MarketWatch,https://finnhub.io/api/news?id=f1568328e38ea65db88f352b9acfd20413fa5f63d41fde20b8b9912803c69201,0.196,0.699,0.105,-0.5574
2025-04-23 22:07:37,"Is Amazon.com, Inc. (AMZN) the Best Stock to Buy and Hold for 20 Years?",Yahoo,https://finnhub.io/api/news?id=758c63ccfb4860fbf2de10fcd723b4037ad7bd281b50b0d5f2341cf9c57347aa,0.018,0.826,0.155,0.9201
2025-04-23 22:00:00,3 Artificial Intelligence (AI) Stocks That Could Soar in the Second Half of 2025,Yahoo,https://finnhub.io/api/news?id=4df6b50651085430a29e511f68d694e596c233c0f97268bba71dfc27c3dc2575,0.063,0.808,0.129,0.6543
2025-04-23 21:55:27,Positioning your portfolio amid trade uncertainty: 3 stock picks,Yahoo,https://finnhub.io/api/news?id=117ad7ddd3a9eedc37cc360961b20ed9f25d05f6ac12e331c2e6d43b1695b944,0.077,0.875,0.048,0.0314
2025-04-23 21:54:01,How to use option to play Amazon amid tariffs and earnings,Yahoo,https://finnhub.io/api/news?id=e6c9b7d2e25ee336c273e6b67dd75490779e7a15be25e274c7ddcd6ea66ac367,0.017,0.887,0.096,0.6929
2025-04-23 21:10:39,"Is Amazon.com, Inc. (AMZN) the Best Stock to Buy According to Marjorie Taylor Greene?",Yahoo,https://finnhub.io/api/news?id=8317c6834bd3ec835c6916eed81cae7fa58b62c50e1262c1c851d349018e93ba,0.0,0.809,0.191,0.9485
2025-04-23 20:10:30,Traders Fixated on What Companies Spend More Than Earn,Yahoo,https://finnhub.io/api/news?id=37c57dec3b3d1adc70383510d5198d34ff15527a61198021c41778f1a6ec4246,0.027,0.86,0.113,0.7845
2025-04-23 19:48:44,"Mag 7 rallies, Vertiv surges, solar downgraded: Trending Tickers",Yahoo,https://finnhub.io/api/news?id=afeecc3ecff0902544faf7fd55adb9d7420dbe4b72392b7e512f7306cef5a842,0.011,0.912,0.078,0.8527
2025-04-23 19:43:18,"Market shook, LTL carrier Old Dominion isn’t",Yahoo,https://finnhub.io/api/news?id=09efb9c3edaf3b868d6c6c2116dee63e7cc7043184cc912b974333cbcb443b0c,0.064,0.886,0.05,0.1027
2025-04-23 19:20:27,Google to report first quarter earnings as investors look for signs of trade war impact,Yahoo,https://finnhub.io/api/news?id=f786cb1c298086a2e8aac61876520b32e5f3e4ffef02102f79eb7b58b47ea102,0.122,0.878,0.0,-0.5994
2025-04-23 19:07:58,Amazon Scrambles to Catch Up on Satellite Launches as Deadline Looms,Yahoo,https://finnhub.io/api/news?id=7e26ee234193f4b85b9d8bbed321a13af5f3cbebe2354ea11138fb69433e6ad6,0.055,0.828,0.117,0.2023
2025-04-23 18:31:28,"AMZN Poised to Benefit from Market Share Gains, New Businesses, Analyst Says",Yahoo,https://finnhub.io/api/news?id=c322409d66146db1e5efa7237666719b121a5371e1376db4fdb18b0d271f4767,0.026,0.756,0.218,0.9217
2025-04-23 17:17:27,"Big Tech relief rally, Intel's pre-earnings surge, OpenAI & Oklo",Yahoo,https://finnhub.io/api/news?id=0b47b391e414e1cade4cc87ea8a87cbafae79b00ac6ca2b9d0cf124e2405e815,0.021,0.922,0.057,0.5574
2025-04-23 17:03:07,"Is Amazon.com, Inc. (AMZN) the Best Nancy Pelosi Stock To Invest In Now?",Yahoo,https://finnhub.io/api/news?id=8fb0da66595c288cca52731d2bdd850c69778b09a00153a39c209aea4454aa4e,0.0,0.84,0.16,0.9274
2025-04-23 16:47:00,Why Amazon Stock Is Bouncing Up Today,Yahoo,https://finnhub.io/api/news?id=8c46580e4eb050f7d613ecab42181eb8e6dc0c01f5d00845770b5b48e6983f2a,0.072,0.837,0.092,-0.0865
2025-04-23 16:00:16,Big Tech earnings kick off as tariff uncertainty continues to roil markets,Yahoo,https://finnhub.io/api/news?id=d68512ed9b3fe8866557fe822a874492ce96262ccab014b0da119f318975c9c8,0.198,0.755,0.047,-0.7003
2025-04-23 15:36:08,Chipotle Isn't So Hot Ahead Of Earnings: Will ETFs Push The Plate Away?,Benzinga,https://finnhub.io/api/news?id=4c21322deb3b3be6029bf7a40c5584c673534b054fd7f09854d5006ce8816569,0.103,0.897,0.0,-0.3527
2025-04-23 15:19:00,"Dow up 350 points on gains for shares of Boeing, Amazon.com Inc.",MarketWatch,https://finnhub.io/api/news?id=434d4ef938d65a6076740f66dd18ef4605a31907a68dea3274e4cfaf3719a54a,0.0,0.685,0.315,0.802
2025-04-23 14:58:37,Exclusive: Amazon is no longer penalizing some top sellers for raising prices aggressively amid U.S.-China tariff war,Yahoo,https://finnhub.io/api/news?id=4b054266e7985fbcd9dbeb674b6834687d891fb42d78a1fbeed175581d81c2b0,0.188,0.621,0.191,-0.431
2025-04-23 14:34:27,'Magnificent 7' tech stocks surge as Trump hints at China tariff reprieve,Yahoo,https://finnhub.io/api/news?id=7ca69cdb3190edc94fc5414fbb3e3c16fbbb1fd68dc296c3335e623450893dae,0.077,0.812,0.111,0.1779
2025-04-23 14:32:20,Amazon Stock Rallies Past Key Level On Hopes For Trump Easing China Tariffs,Yahoo,https://finnhub.io/api/news?id=6ce645c810a0671e6fc64e6f98c5961155eeb4397fda479918535ec8bf313b70,0.084,0.835,0.081,-0.503
2025-04-23 14:30:00,Wall Street Lunch: Bessent Comments On China Tariffs,SeekingAlpha,https://finnhub.io/api/news?id=e7ea83e080f16c21c176159e721c5c7fd7205b37567f23db5202d27b2d3f878b,0.0,1.0,0.0,0.0
2025-04-23 14:18:00,"Dow rallies nearly 550 points on gains in shares of Boeing, Amazon.com Inc.",MarketWatch,https://finnhub.io/api/news?id=a3cb08a06aed5b717156e2e05a75871a23ba9da15043356c78021671851adf5c,0.0,0.705,0.295,0.802
2025-04-23 14:00:00,"Got $3,000? 3 Artificial Intelligence (AI) Stocks to Buy and Hold for the Long Term",Yahoo,https://finnhub.io/api/news?id=4a856490e81da7f9c4ea74932d4bbd47dc5b450d0cff0ada995ccb387c29a13c,0.0,0.884,0.116,0.836
2025-04-23 14:00:00,"Here’s How Big the AI Revolution Really Is, in Four Charts",Yahoo,https://finnhub.io/api/news?id=5fcaa584e25b92cc81df296c857f4a2a5b518a0767285f68eaadd9ef6381f6ab,0.075,0.925,0.0,-0.3818
2025-04-23 13:17:00,"Dow's 669-point rally highlighted by gains in shares of Boeing, NVIDIA Corp.",MarketWatch,https://finnhub.io/api/news?id=6705f144a5c7e6d9c14da2a8f200c89a121d2135fb2f599031ed316b71d3dd7d,0.0,0.685,0.315,0.802
2025-04-23 13:11:00,"Is Amazon the Smartest Growth Stock to Buy in April With $2,000?",Yahoo,https://finnhub.io/api/news?id=ca9ed80ff9f12985d75c1c43d25db26f516a8b730a8b9c800e43b75330ff3456,0.0,0.737,0.263,0.9565
2025-04-23 12:09:47,What to expect from Mag 7 company earnings in light of Trump tariff turmoil,Yahoo,https://finnhub.io/api/news?id=98961d5ea2e16f43b50cf3386670e51b0e901e3ab5391bea7b393b6cc9080694,0.072,0.867,0.061,-0.1027
2025-04-23 12:01:00,"Dow up 568 points on gains for shares of Boeing, Amazon.com Inc.",MarketWatch,https://finnhub.io/api/news?id=6ef1ec7ae3500ff86c1fc9f1dfe53439120db454909e7a3ff1664d583384c2d6,0.0,0.685,0.315,0.802
2025-04-23 11:35:00,Stock Market Sell-Off: The Best Warren Buffett Stock to Buy Now,Yahoo,https://finnhub.io/api/news?id=66dbc448331ab066304b21af7200f40e4e9582bf698e1c5803b065c61c506916,0.031,0.715,0.253,0.9564
2025-04-23 11:00:00,"Boeing, Amazon.com Inc. share gains contribute to Dow's 850-point surge",MarketWatch,https://finnhub.io/api/news?id=cfa6cbf28ab0e0761ef04d9f62506cfee46eca6033bcefad8a11e1776c71495f,0.0,0.635,0.365,0.802
2025-04-23 10:30:00,2 Tech Stocks That Could Help Set You Up for Life,Yahoo,https://finnhub.io/api/news?id=4f395b7fb870090e86a12e556ecbecf276aba46abab85a6691d76c76be6ec2cc,0.074,0.84,0.086,0.25
2025-04-23 10:00:00,3 No-Brainer Stocks to Buy and Hold for the Next Decade,Yahoo,https://finnhub.io/api/news?id=7e14ad85126c1ef79914c0f656db5fd6ace606cb08473e9a0e0a12d2b6a8a4d6,0.0,1.0,0.0,0.0
2025-04-23 09:59:23,Tesla To $303? Here Are 10 Top Analyst Forecasts For Wednesday,Benzinga,https://finnhub.io/api/news?id=9ce5f9d0a94e37fa5a2b07687cbe1fae2fb54eb13965a797bc25f29c46b71acc,0.0,0.847,0.153,0.2023
2025-04-23 09:45:00,"Dow soars nearly 1050 points on gains for Amazon.com Inc., Boeing shares",MarketWatch,https://finnhub.io/api/news?id=2ff137c0a6eba3d0bdeee648ae71b3d4b98aa783cd1944e645544e78bced519b,0.0,0.685,0.315,0.802
2025-04-23 09:20:00,Vanguard ETF Plunges 18% in 2025. Here's Why It's a Buy Right Now.,Yahoo,https://finnhub.io/api/news?id=0a0ac7049f108dbc56b2b68cb8895bd8ca39e1cb4ed3f55a1fdb6666c2a4cfe5,0.0,0.902,0.098,0.6124
2025-04-23 09:20:00,The Ithaka Group's Top Contributors And Detractors For Q1 2025,SeekingAlpha,https://finnhub.io/api/news?id=15e6c482df0c5efdcafe9062d0cfc21158c2e5aef42e28e2de819d3c05316b75,0.0,0.833,0.167,0.2023
2025-04-23 09:13:00,1 No-Brainer Artificial Intelligence (AI) ETF to Confidently Buy With $30 in 2025,Yahoo,https://finnhub.io/api/news?id=6b8433edc7d3c557d097ab33c074683f4fcb24d7ffbb916889606600a6116fe0,0.108,0.73,0.162,0.7151
2025-04-23 09:10:00,Polen Focus Growth Portfolio Q1 2025 Commentary,SeekingAlpha,https://finnhub.io/api/news?id=c04a2e189437aa14ee5196a62e1771aeac71d0437b10bfd1f20b731be320ef8e,0.0,0.698,0.302,0.3818
2025-04-23 09:05:00,The Ithaka Group Q1 2025 Commentary,SeekingAlpha,https://finnhub.io/api/news?id=05d3a414160810b61e927072d27fe0aa78b65e1132c54968758e195c92b98227,0.0,1.0,0.0,0.0
2025-04-23 09:00:00,Max Streaming Service Builds Momentum by Dropping ‘More Is Better’ Approach,DowJones,https://finnhub.io/api/news?id=e020cbba0966346649420ee105f226523b33acfdde23f66b541a3d4fb3304eeb,0.0,1.0,0.0,0.0
2025-04-23 08:40:00,Polen Global Growth Portfolio Q1 2025 Commentary,SeekingAlpha,https://finnhub.io/api/news?id=cd7f1b50aba2e060166309a404e8d989fdc67a296de85b97ff9ff6a6f773bddb,0.0,0.698,0.302,0.3818
2025-04-23 08:00:00,Prediction: 2 AI Stocks Will Be Worth More Than Apple Stock in 2026,Yahoo,https://finnhub.io/api/news?id=fe0177679e6a4f48c92ab8767bb76176d78de831d852a5d08d17d04148c41757,0.065,0.771,0.165,0.5563
2025-04-23 08:00:00,10-Year Anniversary Letter: The Rowan Street Story,SeekingAlpha,https://finnhub.io/api/news?id=e7a5cfb82ce1643687ce5a74135d45c7c53f5352dda7c918560cac8587dd17ea,0.0,1.0,0.0,0.0
2025-04-23 07:18:00,"Cloud Price Quarterly: New Services, Regions And Prices To Kick Off The Year",SeekingAlpha,https://finnhub.io/api/news?id=02ced7a2a500151e1923de8987dcd1dcb8d1db1f9d82627ec3e8bb68251c0e66,0.0,1.0,0.0,0.0
2025-04-23 07:03:00,2 Oversold Industrial Powerhouses Long-Term Dividend Investors Should Consider,SeekingAlpha,https://finnhub.io/api/news?id=f68239818a3a0988064f3a90f4ea346671a02ef4bb4103ee32abebe4699b9204,0.0,1.0,0.0,0.0
2025-04-23 04:40:00,Oakmark Global All Cap Strategy Q1 2025 Commentary,SeekingAlpha,https://finnhub.io/api/news?id=499b98efe6b2a662b3937bc4a5dbb388baeb05aac449dd1c29b9d782df5c1b02,0.0,1.0,0.0,0.0
2025-04-23 04:34:03,Chinese Blue Chips: Caution Advised Ahead Of Delisting Rumors,SeekingAlpha,https://finnhub.io/api/news?id=57ccd32a2a1f3a8a801811ada0619bf56c68abbbddbeb8ab005ea702ac0f5d72,0.0,1.0,0.0,0.0
2025-04-23 03:00:00,Tech Earnings Kick Off Soon. Here Are the 3 Most Important Things to Watch.,MarketWatch,https://finnhub.io/api/news?id=e5aea376a859e8d3ac35904e9d9be8ab81bd168cf5ce9d47a0e6422ab7cf457e,0.0,0.861,0.139,0.4915
2025-04-23 01:10:00,34.4% of Warren Buffett's $265 Billion Portfolio Is Invested in 4 Artificial Intelligence (AI) Stocks,Yahoo,https://finnhub.io/api/news?id=a3851241127478a1fee69b7e33dd32f0b4577a13a1530c51d5ad3ff45a470329,0.0,0.913,0.087,0.7351
2025-04-22 23:57:47,Marvell Is Stuck Between Amazon And A Hard Place,SeekingAlpha,https://finnhub.io/api/news?id=bc70f745d68ebf2f18ad198a92c675447b542d9b6126ea33753ddfcb5c80207f,0.306,0.541,0.153,-0.1779
2025-04-22 21:48:34,Amazon Jumped Today -- Is the Stock a Buy Right Now?,Yahoo,https://finnhub.io/api/news?id=a746c25819e74aa8f777a89f6254621e9f95fbc3f48a01f9f3a71a9c03371d69,0.0,0.824,0.176,0.8176
2025-04-22 21:30:29,Instagram’s Systrom Says Zuckerberg Saw App’s Growth as ‘Threat’,Yahoo,https://finnhub.io/api/news?id=d960005cf7426e931b21099a3c231d35d3b02434d18be7c7a8fc228b149409aa,0.039,0.823,0.138,0.7964
2025-04-22 20:29:00,This analyst downgraded Amazon ahead of Q1 earnings. Here's why.,Yahoo,https://finnhub.io/api/news?id=ed9f0e5454b698151509f4b4d71f6024fa074af44c0771eb5d3afc5958ccba03,0.074,0.82,0.106,0.6022
2025-04-22 20:05:21,"Cloud Infrastructure Growth Could Cool This Year Despite AI Excitement, Analyst Says",Yahoo,https://finnhub.io/api/news?id=8c4225491f4b38016267e2417377eb83338276cd6b1bff97bd8939d8a47e50e5,0.231,0.587,0.182,-0.4614
2025-04-22 19:11:29,"Amazon, Netflix, FTAI Aviation, and Tesla Shares Are Soaring, What You Need To Know",Yahoo,https://finnhub.io/api/news?id=7a56861a8cb2988d7bc842d49f2566109bfb280242800d94195577467537c633,0.048,0.707,0.245,0.8176
2025-04-22 17:59:00,"Why Shares of Amazon, Walmart, and Home Depot Are Rebounding Today",Yahoo,https://finnhub.io/api/news?id=a98f6e9f3ae7c888ed0c0786347e18ada933e763a04d666105613afc487629df,0.0,0.767,0.233,0.9441
2025-04-22 17:45:00,"NewsOut Launches Weekly Video Press Release Coverage on Tesla, Amazon, Apple, NVIDIA, and Microsoft",Yahoo,https://finnhub.io/api/news?id=835d5ee8e5e9838fd08e8fab13488ea31415915968b1a88d78d05954171829f4,0.0,0.914,0.086,0.5984
2025-04-22 17:37:44,Amazon's Secretive GPU Strategy Pays Off as AI Demand Surges,Yahoo,https://finnhub.io/api/news?id=471dd186e0ad2ad7d8e5de7d631516268a451b897e634026d042854651af9eb2,0.107,0.893,0.0,-0.25
2025-04-22 17:33:00,Retail Is Tough. Amazon and Walmart Stock Can Both Win in a Downturn.,Yahoo,https://finnhub.io/api/news?id=274cfa9a8b2301d9449f5a63f9cfbe9b9700eaf2c91d07d9067dae403d4d6175,0.069,0.827,0.105,0.5574
2025-04-22 17:17:08,Amazon.com (NasdaqGS:AMZN) Embraces Flexible Cloud Pricing While Facing Emission Disclosure Vote,Yahoo,https://finnhub.io/api/news?id=815f39239a6f27ce8f99d9b5ccc926a3be70de7864ea2f20720549e1b3c7a1b2,0.0,0.938,0.062,0.5423
2025-04-22 17:00:39,"Stocks to Watch Tuesday: First Solar, 3M, Equifax, Tesla",Yahoo,https://finnhub.io/api/news?id=d0af2a96ee6d3fce8fbf2993e82241dd1d8420aa2fba29571fbabe960c0bbc42,0.039,0.881,0.08,0.4215
2025-04-22 15:58:04,"Check out the teaser to ‘Ballard,’ a ‘Bosch: Legacy’ spin-off, coming to Prime Video",Finnhub,https://finnhub.io/api/news?id=c2e4c747ad482003d7c391bf51a9d8b6f41361322f43aadf15850a096ae81739,0.085,0.915,0.0,-0.4588
2025-04-22 15:53:00,"Earnings might not revive markets, analyst says. Here’s the one thing that could.",MarketWatch,https://finnhub.io/api/news?id=5cc9edd2a9c66185ee9d889a6262de273bfaf5ae034040013deecc7ef014903a,0.145,0.855,0.0,-0.4717
2025-04-22 15:45:00,Amazon’s stock is cheap relative to Walmart’s. Why investors are making a mistake in their flight to safety.,MarketWatch,https://finnhub.io/api/news?id=7ec8a65457c0e477a912ba7d99fbeea5ba14837f22a333d8db1c845f5d384fb0,0.113,0.755,0.132,0.2023
2025-04-22 15:01:20,Amazon.com (AMZN) Downgraded to ‘Outperform’ as Street ‘Underestimating EBIT Pressures’ Through 2026,Yahoo,https://finnhub.io/api/news?id=2342474e32e7c5c6d296b5889b0c7a1d0e12b10af27d09db3acf0bdfff190c20,0.051,0.855,0.094,0.4781
2025-04-22 14:55:06,Marvell: You Should Really Thank Mr. Market (Rating Upgrade),SeekingAlpha,https://finnhub.io/api/news?id=233411a09c7d5b68e8e94f88d29f65a9adcbab4a5e37e43afce492fec00855f6,0.0,0.741,0.259,0.4201
2025-04-22 14:42:27,Update: Market Chatter: Amazon Under Pressure From NLRB to Negotiate With Teamsters in San Francisco,Yahoo,https://finnhub.io/api/news?id=4cb4d64449374afbeead7f95005d1d0c5ad2a0801b69f04075f337867e262c90,0.07,0.823,0.108,0.0516
2025-04-22 14:39:52,Jefferies Sees Amazon Cloud Strength Holding as Tariffs Pressure Forecast,Yahoo,https://finnhub.io/api/news?id=bfbb4131e2ad38d65c4c35c2b9f24f03a07c8349719cb4a62d3626301f6f99a6,0.138,0.705,0.157,0.1531
2025-04-22 14:34:24,"'Wild, lumpy, volatile': Wall Street initiates coverage on CoreWeave stock after rocky public debut",Yahoo,https://finnhub.io/api/news?id=9329b28d84e21a54cf79eb8e54f886fbc1fa731346d927c4fe904b4f9c67e8ba,0.0,1.0,0.0,0.0
2025-04-22 14:29:58,Amazon and Microsoft Tap the Brakes on Data Center Deals Amid Power Demands,Yahoo,https://finnhub.io/api/news?id=a3caec5059e121302d6ec0d25c7ec85d6e819cc66ac5f4fbc739e33f82359275,0.0,0.888,0.112,0.34
2025-04-22 14:20:00,Wall Street Lunch: Tariffs Take Center Stage In Earning Reports,SeekingAlpha,https://finnhub.io/api/news?id=303a45a4bed15855a242dd5b08b292e1eba0d5529bbbd1205bbc2646a057717e,0.0,0.865,0.135,0.6124
2025-04-22 14:15:00,Amazon and Walmart Stocks Are Casualties of Trump’s Tariffs. Here’s a Way They Could Benefit.,Yahoo,https://finnhub.io/api/news?id=971dd346bf25b6835b6c52f2f0394d87f24c778cfaf1efabd3ead6844b905dae,0.0,0.65,0.35,0.9201
2025-04-22 13:30:00,Should You Buy Alphabet Stock Before April 24?,Yahoo,https://finnhub.io/api/news?id=db3fb3575777e851e1943e9aa6542b492c8a9a7f601438aff24e9d5b84a130b6,0.0,0.94,0.06,0.2023
2025-04-22 13:15:00,"Dow soars 800 points on gains for shares of 3M, Amazon.com Inc.",MarketWatch,https://finnhub.io/api/news?id=aa98bdaf3b6bdffa6fad3c2ed1ed38c544bde5725cfd111b1adec2d5079ffe45,0.0,0.685,0.315,0.802
2025-04-22 13:13:01,"Amazon.com, Inc. (AMZN) Price Target Cut to $235 on Cloud Demand Uncertainty, Long-Term AWS Potential Remains",Yahoo,https://finnhub.io/api/news?id=f4eb7e30b1bb7adf13116331680d0646e3f320ecf5b4c77f3b8f76d79590d67b,0.106,0.894,0.0,-0.7351
2025-04-22 12:00:00,Patient Capital Management Q1 2025 Investment Review,SeekingAlpha,https://finnhub.io/api/news?id=d10dfd478c6312329a10aad0df3cf488f63b69e6695e106005298423803f9736,0.0,1.0,0.0,0.0
2025-04-22 11:59:00,"Dow's 917-point surge led by gains for shares of 3M, Travelers",MarketWatch,https://finnhub.io/api/news?id=3c532cece32ca5153cae1723c73ff041b4555c0fd8a0278af2cd74f6d25e9e9f,0.0,0.662,0.338,0.802
2025-04-22 11:56:08,Why Verizon's Q1 2025 Outperformance Is The Last Hurrah,SeekingAlpha,https://finnhub.io/api/news?id=f534c84a6f6012f19e269bcff25f0182ae2854d04fca8ae283223b74a31006ce,0.0,0.69,0.31,0.5574
2025-04-22 11:33:00,Stock Market Sell-Off: 3 Stocks That Wall Street Thinks Can Rally Roughly 40% Over the Next 12 Months,Yahoo,https://finnhub.io/api/news?id=1b2b737e2f1fbfc4bb81ab0be1f7c0211c571ee43cc5bb6c8f2f4549f24e53a2,0.0,1.0,0.0,0.0
2025-04-22 11:20:00,Patient Capital Management Q1 2025 Commentary,SeekingAlpha,https://finnhub.io/api/news?id=6c2ab59b274781b1680b0829702b5dfc23cb1399fda7943a3a9981db07bbbab8,0.0,1.0,0.0,0.0
2025-04-22 11:20:00,3 Reasons to Buy Amazon Stock Like There's No Tomorrow,Yahoo,https://finnhub.io/api/news?id=88ebc81c034550e38a72e6cbddb961755444f80fb00087bea7bb370a4fdaf52d,0.131,0.735,0.134,0.0289
2025-04-22 11:15:00,"Got $5,000? 3 Tech Stocks to Buy and Hold for the Long Term",Yahoo,https://finnhub.io/api/news?id=e6d71d1be564b2e7db20a7e59858d20c37bfa8a9a82e48342fa47679951b2d73,0.0,0.917,0.083,0.5849
2025-04-22 11:01:00,Nvidia Stock Gains. Amazon May Not Be Cutting AI Spending After All.,MarketWatch,https://finnhub.io/api/news?id=b0dea57b09c5794d2437b56a923c1486d4d4aad530c391c86237dabe9c2b56bc,0.0,0.622,0.378,0.787
2025-04-22 10:47:00,"Dow's 767-point surge highlighted by gains for 3M, Amazon.com Inc. shares",MarketWatch,https://finnhub.io/api/news?id=addcf174c177707defcbbb555647cda5ba6f8d1d83f84ed31c40bfc7bf783346,0.0,0.662,0.338,0.802
2025-04-22 10:47:00,"3M, Amazon.com Inc. share gains contribute to Dow's 769-point surge",MarketWatch,https://finnhub.io/api/news?id=2596ee1d15d1ded2ae8091379c0d83835b3fb10204cef306f5fdd9033295babc,0.0,0.635,0.365,0.802
2025-04-22 10:15:00,3 Millionaire-Maker Artificial Intelligence (AI) Stocks to Buy Now,Yahoo,https://finnhub.io/api/news?id=5c67a2ab092d3c3c109422300edb612f0239cc721f83d266ed2c7353d52fc00c,0.0,0.916,0.084,0.6486
2025-04-22 09:45:00,"Dow's 575-point rally led by gains in 3M, Goldman Sachs stocks",MarketWatch,https://finnhub.io/api/news?id=180281d5559106373b7c1b0339f69dbd280fba3df9275afbc5f7ac08bbc95677,0.0,0.806,0.194,0.5859
2025-04-22 07:15:00,"Amazon Stock Tumbled 30%, It's Time To Load Up",SeekingAlpha,https://finnhub.io/api/news?id=47a9b74070b28db4c59f2cabc6da27d889cd94bc95dcab148aaf54c83d699a78,0.0,0.825,0.175,0.1779
2025-04-22 07:08:21,Is PDD Holdings Inc. (PDD) the Best Internet Retail Stock to Buy According to Analysts?,Yahoo,https://finnhub.io/api/news?id=114720709eb5c568b2f1bdaa29ab1814692398a03cec5701dc1e8998a8058cf7,0.0,0.844,0.156,0.9274
2025-04-22 06:46:00,Trump’s Powell Attack Put Stock Markets on Fed Alert. There’s Plenty More to Worry About and 5 Other Things to Know Today.,MarketWatch,https://finnhub.io/api/news?id=3c5ebe00ac96a649faff7862d317ba7749b406fa2f7b9de4848f03063de03ce0,0.228,0.691,0.08,-0.8464
2025-04-22 06:03:19,"Is Amazon.com, Inc. (AMZN) the Best Stock to Buy According to Billionaire Chris Rokos?",Yahoo,https://finnhub.io/api/news?id=10a4e2669c93aa61a75d45114b31256d9abf7616e28c3c022f125fe06e311851,0.0,0.805,0.195,0.9516
2025-04-22 05:52:38,"US Stocks Likely To Open Higher Amid Trump's Preemptive Rate Cut Call:  Earnings Are Starting To Reflect This 'Uncertainty,' Says Expert",Benzinga,https://finnhub.io/api/news?id=18393b044c3c1a29091a3afcfc3bb94e9c9543548bcb622c065702288cc26e90,0.116,0.884,0.0,-0.5927
2025-04-22 05:44:05,University of Groningen: How do you arm yourself against the power of Big Tech?,Finnhub,https://finnhub.io/api/news?id=fbcd4430438ca1ffd0c2009434753118d388abf40760688e18bf27c2a363c403,0.0,0.955,0.045,0.3313
2025-04-22 05:28:29,Amazon: Potential Leadership In AI With All Its Consequences,SeekingAlpha,https://finnhub.io/api/news?id=6687475ec34b2212bff983a799d6914433204cafa3785bfea891dce40b906c1a,0.0,0.825,0.175,0.1779
2025-04-22 04:14:18,"India under tariff pressure to give Amazon and Walmart full market access, FT reports",Yahoo,https://finnhub.io/api/news?id=ac2e71a1932d722f1bf47afa8f94ade2327f83617a64ec9cb7e4c3e5cb0af036,0.015,0.918,0.067,0.4118
2025-04-22 03:53:05,Delegate Unveils Solutions to Common Fulfillment Challenges Facing Modern E-commerce Brands,Finnhub,https://finnhub.io/api/news?id=fb2adeb9f4dbd443ce04f2fd8fd66d2df910de052388528f37fcd566c4bf970e,0.0,0.863,0.137,0.5719
2025-04-21 23:34:41,United Parcel Service Offers A Compelling Valuation,SeekingAlpha,https://finnhub.io/api/news?id=6acc904a63472eb32776c073739dfbfded515bff8db6f80038af5bacb0dfce12,0.0,0.515,0.485,0.5719
2025-04-21 22:03:11,"Amazon has halted some data center leasing talks, Wells Fargo analysts say",Yahoo,https://finnhub.io/api/news?id=99c7b1ac66384413a20f18c77aa8214989fe860cdb9530e7a06eb2cb6e2e07d8,0.03,0.819,0.15,0.91
2025-04-21 21:21:47,Investment Manager Says Amazon.com (AMZN) Has ‘Pretty Interesting’ Valuation,Yahoo,https://finnhub.io/api/news?id=537f823deb414725332793d222559299c1c086be4759279892588d5035696af2,0.0,1.0,0.0,0.0
2025-04-21 21:03:37,What to know about Trump's record-setting inauguration fund,Yahoo,https://finnhub.io/api/news?id=b3b74f508299dde78d2d93822d88de918c628784533f6152c6b6bce6252b1d79,0.029,0.953,0.018,0.0056
2025-04-21 19:52:24,"Amazon, Salesforce, Uber: Trending tickers",Yahoo,https://finnhub.io/api/news?id=5ceec9dd99fb801fdefd647ca6df932fabfcad12ba215b3fae4f584d43745553,0.045,0.845,0.11,0.6826
2025-04-21 19:08:38,Amazon Stock Slips After Price Target Cut on China Tariff Warnings,Yahoo,https://finnhub.io/api/news?id=8ac9e409f0966de0e13ba58680e76bae649dda6371f4897252d732968d2570ca,0.268,0.684,0.048,-0.7717
2025-04-21 18:52:30,Why Bank of America Remains Bullish on Amazon (AMZN) Stock,Yahoo,https://finnhub.io/api/news?id=8b50e74e6c50223967ecfac5d776586c4debcb0bf545b1dd191813ee0dcf92b4,0.0,0.831,0.169,0.8481
2025-04-21 18:18:47,Amazon Pushes Vendors on Price Hikes,Yahoo,https://finnhub.io/api/news?id=d53bd373715768e4fc9838127ae28be1ee7532a8d280f82ebd33f31f0123c313,0.014,0.803,0.183,0.9196
2025-04-21 18:01:38,Amazon Stock Gets a Downgrade as Tariff Worries Weigh on Its Shares,Yahoo,https://finnhub.io/api/news?id=88bf1702916ed1b7f4021970f456dcf8257f746635a5ca026e4f9f3a1921a140,0.125,0.653,0.222,0.34
2025-04-21 17:12:08,Amazon.com Inc. (AMZN): Among Billionaire Rob Citrone’s Top Stock Picks,Yahoo,https://finnhub.io/api/news?id=7236bd71afa5e0f5818cbada9b673f118a01eaad625908f12f294d3e82bcac2e,0.183,0.749,0.069,-0.9001
2025-04-21 17:07:31,Out Of The Shadows: How Sphere's Vegas Juggernaut Can Crush Its RSN Drag,SeekingAlpha,https://finnhub.io/api/news?id=af89060cc2dee3b6194e6830d434988f51637480694aa6d167800528035188fd,0.241,0.759,0.0,-0.3612
2025-04-21 16:36:37,"Stock Market Today: Dow Jones Dives After Trump Does This; Netflix Tests Entry, Bill Ackman Stock Skids (Live Coverage)",DowJones,https://finnhub.io/api/news?id=21820786e167ade39ab67fe1a999b4852a288a2a0289c58ffafd4d3719d62ff9,0.0,1.0,0.0,0.0
2025-04-21 16:21:43,Amazon Stock Downgraded From Strong Buy Call On Tariff Risks,DowJones,https://finnhub.io/api/news?id=c1a7fab118d584f0b485fc28a6e1bbb079d5c4ea38529cb96193cab2e2fca109,0.149,0.496,0.355,0.7003
2025-04-21 16:18:55,"Amazon, Alphabet, and Super Micro Shares Are Falling, What You Need To Know",Yahoo,https://finnhub.io/api/news?id=361cc2d3f2a05b37486160e28e6069377d1a7db98eeba2a4b32297152d339f37,0.142,0.666,0.192,0.5859
2025-04-21 16:09:42,"Chicken, crypto and Nvidia: The companies that helped Trump’s inauguration shatter fundraising records",Yahoo,https://finnhub.io/api/news?id=254377ba4ebee8b1577b47874b863bd183453450265106debf7cb5fe210046aa,0.0,1.0,0.0,0.0
2025-04-21 15:53:54,Shares of companies within the broader consumer discretionary sector are trading lower amid overall market weakness and investor concerns over deteriorating trade relationships.,Benzinga,https://finnhub.io/api/news?id=1900be4d56ac5b26a0a2d8a8973b0bb1341deb2dd7cc7363a87789fae12ed8f2,0.184,0.735,0.081,-0.4215
2025-04-21 15:44:22,"Big Tech ETF posts big drop, as Tesla sees steep slide",MarketWatch,https://finnhub.io/api/news?id=46eadbbbe4fc8e960cfc1f75a8cd0e56e84f33a735e6adc31010b9d3996e0486,0.174,0.826,0.0,-0.4939
2025-04-21 14:47:47,"Amazon stock falls as Raymond James downgrades shares, citing tariff headwinds and 'limited' AI monetization",Yahoo,https://finnhub.io/api/news?id=b39edc76525e5deb5dc78f19f472a3bda007076489b08617b9c3eb6a1005b447,0.043,0.705,0.252,0.802
2025-04-21 14:08:49,Investment Bank Downgrades AMZN on Earnings Pressures,Yahoo,https://finnhub.io/api/news?id=3bd799db375d544599888d48259d913d30c44a6f21126ac06d0dcb8b6c10440c,0.141,0.789,0.069,-0.6369
2025-04-21 14:00:00,"How To Build A $500,000 Dividend Portfolio That Could Yield 18.35% In 20 Years",SeekingAlpha,https://finnhub.io/api/news?id=8e6e3fa32e40da513514f0f565d1f27638b2825a954a29a44461dbeec46ac129,0.0,1.0,0.0,0.0
2025-04-21 13:43:00,Amazon Stock Gets a Downgrade Because Tariffs on China Hurt in 2 Ways,Yahoo,https://finnhub.io/api/news?id=2bb3b0e49f4129a3b32be67194e533774768c11d36087b90f2e82f9d2116f1cb,0.248,0.704,0.048,-0.7964
2025-04-21 13:39:26,Nvidia investors balk at beaten down valuation as risks mount,Yahoo,https://finnhub.io/api/news?id=d87fbab12dde2fdee2f40f3baa1f732793b2782e5dfca4bf00329aa82b1d1707,0.109,0.786,0.106,-0.0772
2025-04-21 13:36:22,"Amazon downgraded, Netflix upgraded: Wall Street's top analyst calls",Yahoo,https://finnhub.io/api/news?id=9abf7ac086a5015313343a3e926db09ffdf22f7303b9985a696df8319464f7b4,0.0,0.667,0.333,0.6124
2025-04-21 12:08:40,Harbor's TEC ETF Banks On Breakthroughs Over Balance Sheets,Benzinga,https://finnhub.io/api/news?id=9e2a9d36b8bff31cbeb47aafa9dde0f8dbbe89c07dc5796e9992906839e08202,0.0,0.845,0.155,0.6705
2025-04-21 11:05:34,SoundHound AI: R&D Disadvantage Against Giants Makes Tech Edge Unsustainable,SeekingAlpha,https://finnhub.io/api/news?id=e6499d06038d14cb05fc6c6ee589859e2c534f7e8a2d2c58974768aa87ca129d,0.237,0.763,0.0,-0.4215
2025-04-21 09:57:41,"Dow Jones Slides 550 Points On China Trade Warning; Nvidia, Tesla Sell Off",DowJones,https://finnhub.io/api/news?id=f5f0c5d1a590d581041fd36456907e1b1739e85ccead8cce1f949f5edb84b9d9,0.167,0.833,0.0,-0.5859
2025-04-21 09:15:00,Buy Amazon Stock Before It Explodes From Q1 Results,SeekingAlpha,https://finnhub.io/api/news?id=cfbb5af490ff5519ddbde5004a2470c920b8a1de1f3e37b23ab56b2954fcdba6,0.0,0.825,0.175,0.1779
2025-04-21 08:23:44,This Salesforce Analyst Turns Bearish; Here Are Top 5 Downgrades For Monday,Benzinga,https://finnhub.io/api/news?id=8ccaadfa100011da6f39a112f0f1dd1e915af39cee8198096760c05fe84e86f5,0.0,0.859,0.141,0.2023
2025-04-21 08:10:00,3 No-Brainer Artificial Intelligence (AI) Stocks to Buy Before Earnings Season Heats Up,Yahoo,https://finnhub.io/api/news?id=fb6b7627f9a69c8fb6263ae9f8b212fc6de4c8574e5d71bc5d5f6aa15420bfd7,0.062,0.794,0.144,0.8173
2025-04-21 03:25:24,Alphabet: Logic Could Overcome Fear In Upcoming Earnings,SeekingAlpha,https://finnhub.io/api/news?id=49d82b962fc0682ba39d52cd0954295e797a25b5b3c99675317439ddb7eb3455,0.314,0.686,0.0,-0.4939
2025-04-21 03:10:32,Trump Raised Record $239 Million for Inaugural Festivities,Yahoo,https://finnhub.io/api/news?id=132216cd01ac673fe6326c8cd6cbaa8c7134a886554c449cc94a8232508d1cee,0.0,0.942,0.058,0.5574
2025-04-21 02:10:06,Agent 007 – Mission Amazon': Jeff Bezos Buys The Rights To Ian Fleming's Character,Finnhub,https://finnhub.io/api/news?id=e6e505641d5ebb50b8296df581b6a7e6b2f1b564d3f594098eef8d2a48908739,0.0,0.85,0.15,0.8074
2025-04-21 01:01:17,QYLD: Why A High Nasdaq 100 Volatility Index Is A Good Thing,SeekingAlpha,https://finnhub.io/api/news?id=35427befa0d7728187f7e8293817cf8ddeaea9046490134ac839e0f4302b3bb8,0.0,0.791,0.209,0.4404
2025-04-21 00:30:39,"Big Tech's ""Magnificent Seven"" heads into earnings season reeling from Trump turbulence",Yahoo,https://finnhub.io/api/news?id=7524b3275602ba36fcfe0e86be24dbfc2db103feb293d0f3d9e02ea2008815bb,0.036,0.88,0.084,0.7579
2025-04-20 21:53:31,Magnificent-7. What Stock Should We Add To Make It The Excellent-8?,SeekingAlpha,https://finnhub.io/api/news?id=7ae577a83fb0f095ca70fc698fe61c0199e3714fe710fd95798ebdbc000ae9a8,0.0,1.0,0.0,0.0
2025-04-20 14:33:00,Amazon makes urgent move to avoid US-China trade war impact,Yahoo,https://finnhub.io/api/news?id=4a69075bec33f1d16ab00270af213fd2d0e21596bbc2c59ded70fdf42925a2ad,0.229,0.639,0.132,-0.5574
2025-04-20 14:15:00,2 Top Buffett Stocks to Buy and Hold for the Long Haul,Yahoo,https://finnhub.io/api/news?id=7764fab3dd9f8619105b0579e29162de0ff195a9664c46897c603bc8b2245571,0.04,0.94,0.02,-0.34
2025-04-20 14:00:32,Jeff Bezos Reportedly Just Sold His Seattle Mansion For A Record-Breaking $63 Million,Yahoo,https://finnhub.io/api/news?id=be36575b6dfe8dd9e0662f5cb92ea595483f27a634cef9f71908457dc3bbac4c,0.0,0.914,0.086,0.6249
2025-04-20 11:55:00,Amazon Stock Sell-Off: Should You Buy the Dip?,Yahoo,https://finnhub.io/api/news?id=00e8759145e5b85d45618b266dd60106b3d178f4d8e63784ef586474108891eb,0.0,0.911,0.089,0.6486
2025-04-20 10:53:00,Tariff Turmoil: One Artificial Intelligence (AI) Stock Down 26% to Buy Hand Over Fist Right Now,Yahoo,https://finnhub.io/api/news?id=c240bdb81a101174c01524ba3903fa1f5c93f638d05135afe12f6a40af36bf36,0.079,0.723,0.198,0.5859
2025-04-20 09:48:19,"Tesla's FSD Deployment, Kodiak Robotics' SPAC Merger, And Rivian's New Deal: This Week In Mobility",Benzinga,https://finnhub.io/api/news?id=ad9880a2f6dc8a491255c5cc945c62e4587af70a6405bddcbc4dc9f973279b47,0.0,1.0,0.0,0.0
2025-04-20 09:45:00,MercadoLibre Stock Will Likely Stand Out Amid Tariff Pressures. Here's Why.,Yahoo,https://finnhub.io/api/news?id=a4db9a9a1615167d7e689c07301421f0d12dd10ac614b3973f66c3ca2d9a6dec,0.12,0.819,0.061,-0.5423
2025-04-20 09:30:00,"Invest In 6 Funds For A Potential $5,000 Monthly Income",SeekingAlpha,https://finnhub.io/api/news?id=19d78225aaa1a3a8abc48990b856c01e944b0efbb03b9d6b9bc1bc40bef81d64,0.0,1.0,0.0,0.0
2025-04-20 09:15:00,"Selling America, Buying Europe - My Picks",SeekingAlpha,https://finnhub.io/api/news?id=58194e6d71d5409933effd38aaf6120f6a1062adef614dc8ae47a2ce8df31280,0.0,1.0,0.0,0.0
2025-04-20 09:00:00,Tesla and Alphabet Report This Week. They'll Set the Tone for Big Tech Earnings,Yahoo,https://finnhub.io/api/news?id=d239c943a6baf63425b2ff0f2d1bf26a92ac1413fcd4157a75af52ec5d558560,0.0,0.929,0.071,0.5994
2025-04-20 08:42:00,"If I Could Buy Only 1 Warren Buffett Stock Amid the Stock Market Chaos, This Would Be It",Yahoo,https://finnhub.io/api/news?id=43cfd59618986626234a0e24775f0bb7e02968108e8018bb36df8f0cec5987fb,0.059,0.783,0.158,0.7351
2025-04-20 04:03:39,"I Liked Pinterest At $30, But I Like It More At $25",SeekingAlpha,https://finnhub.io/api/news?id=45e332ae327e31a765e4e4e171558991fba5380bb6592f55d0c04d0034b8f4f0,0.0,0.66,0.34,0.631
2025-04-20 03:45:47,"Shopify: Moving Fast, But Investors May Not Be Prepared For Things To Break",SeekingAlpha,https://finnhub.io/api/news?id=9bbbdae7cef3acfb5a32c31889640280aec635ce9b5d13b681a7d838505d1fd0,0.143,0.857,0.0,-0.2498
2025-04-20 02:00:00,Merion Road Capital Q1 2025 Investor Letter,SeekingAlpha,https://finnhub.io/api/news?id=ce4c9fe2e645a7d8cc209f2a2528e62bd351d373742288249d91838e905eed2d,0.0,1.0,0.0,0.0
2025-04-19 15:15:27,Why Amazon.com (AMZN) Is the Best Blue Chip Stock to Buy According to Billionaires,Yahoo,https://finnhub.io/api/news?id=9bc5eacce203688cdbfbc1e2b319af2997a8f0d05574082f2b8cc2c020635007,0.047,0.8,0.153,0.8658
2025-04-19 12:45:00,Prediction: 1 Stock That Will Be Worth More Than Nvidia 5 Years From Now,Yahoo,https://finnhub.io/api/news?id=f69ad97c0e50731dbb4ee801650d7a01ca3d9cca50f3a30fbd77ea3cc058837c,0.0,0.792,0.208,0.9665
2025-04-19 11:38:13,GAM: Tech Exposure Could Mean Short-Term Pain,SeekingAlpha,https://finnhub.io/api/news?id=4b1fd8ecc8bbc14cd467d1415a08b3dde2dc248c22111fd11ca84fd64fa880d5,0.355,0.645,0.0,-0.5106
2025-05-04 21:12:05,Amazon.com Inc. (AMZN): Among Billionaire Chase Coleman’s Stocks with Huge Upside Potential,Yahoo,https://finnhub.io/api/news?id=0dea9c3c638cf7488db5332f78c4b2199c83519b523dcc63044e5bb6a78862d3,0.0,0.861,0.139,0.8519
2025-05-04 16:50:00,Franklin U.S. Focused Growth SMA Q1 2025 Commentary,SeekingAlpha,https://finnhub.io/api/news?id=1b03740efc1bd8ea4c599dcaefa2826f679de0406108b4c0d08c7cecf37985e5,0.0,0.864,0.136,0.6369
2025-05-04 15:30:00,2 Quantum Computing Stocks to Buy Right Now,Yahoo,https://finnhub.io/api/news?id=dc364ed072105b0f8d3e2d828397cf1f95f582d83674bd0c11d9ed5caeaa4c1c,0.036,0.964,0.0,-0.3089
2025-05-04 13:45:00,3 Soaring Retail Stocks to Hold for the Next 20 Years,Yahoo,https://finnhub.io/api/news?id=54f2c9e7bc8df4c9b2a160fbb0fc70aa149a04d11b319ebd767700cf9227939a,0.0,0.918,0.082,0.1779
2025-05-04 13:33:00,Analysts revise Amazon stock price target after earnings,Yahoo,https://finnhub.io/api/news?id=dd909648af80bc884621842c20479d9c20b2d9cbb3a5bfa647abd739365e8a99,0.0,0.714,0.286,0.5574
2025-05-04 13:30:00,Think Amazon Is Expensive? These 3 Charts Might Change Your Mind.,Yahoo,https://finnhub.io/api/news?id=9b2402cf5446225825ce19c1c793e5d3d9a6c02fa9dd093e638c5b7a9920ed72,0.0,0.772,0.228,0.8906
2025-05-04 13:15:19,"Consumer Tech News (Apr 28-May 2): Trump May Ease Auto Part Tariffs,  House Republicans Tabled $250 Charge On EV & More",Benzinga,https://finnhub.io/api/news?id=6efcf8de37904efda1460e9e4e61d0ee64314d04e0da8e7a8c0df02fdbf3a0a4,0.039,0.829,0.132,0.6705
2025-05-04 13:00:00,Big Tech Earnings Defy Fears of ‘Worst-Case Scenario’ for Stocks,Yahoo,https://finnhub.io/api/news?id=330a8ea35612c3d40e6ed50ecb536f54476f8f3c4635d7b54b244bcea2fcc356,0.114,0.81,0.076,-0.4215
2025-05-04 09:52:00,"Prediction: This ""Magnificent Seven"" Stock Will Be the Most Valuable Company in the World by the End of the Year",Yahoo,https://finnhub.io/api/news?id=954c6d7fe7f0fc8b258a6580ccd2b2a923c323644b08b16f90a1bd19206958e2,0.0,0.678,0.322,0.9298
2025-05-04 08:59:19,Amazon: This Price Fall Gives A Big Opportunity,SeekingAlpha,https://finnhub.io/api/news?id=7bd65856c764694630b320167d2396546a544d338a85aadfbaa790c81781e429,0.0,0.661,0.339,0.8957
2025-05-04 08:42:00,5 Growth Stocks to Buy in May and Go Away,Yahoo,https://finnhub.io/api/news?id=ba856ea89efa5f45fb27a90cd4291d9704f05935ec5a2fe2bcb143d97d0fc3c6,0.038,0.718,0.244,0.9354
2025-05-04 08:02:00,"Nvidia Stock Investors Just Got the Best News of 2025 (So Far) From Meta Platforms, Amazon, and Microsoft",Yahoo,https://finnhub.io/api/news?id=6023c45f28389ff2041775b51812a4faec9cecf4582cf718b9d73bb6018c1735,0.141,0.631,0.227,0.5279
2025-05-04 05:34:06,Amazon: R&D + EBIT Demonstrate Hidden Earnings Power,SeekingAlpha,https://finnhub.io/api/news?id=b72e2be92c1ceaa82b462fcdc54aa19061e5a055ed40a1769ad84e79eef85fd2,0.0,0.737,0.263,0.8402
2025-05-03 09:57:00,Big Tech showed it won’t back down on AI spending. Some on Wall Street are still wary.,MarketWatch,https://finnhub.io/api/news?id=c9337a0fc8434043eb79c7bc1307163fe0d76534e678e0dd9fb49f706b7be46e,0.0,1.0,0.0,0.0
2025-05-03 09:46:37,Dogs Of The Dow Chase May's 'Safer' Buy,SeekingAlpha,https://finnhub.io/api/news?id=350e7769b702ab011e6e05a8a775d6afbeec758c10f0e5378d06981688951dc9,0.0,0.833,0.167,0.7184
2025-05-03 01:47:00,"Safe Haven In Uncertain Times, Year Three",SeekingAlpha,https://finnhub.io/api/news?id=2b74f6bdc63327694ca22ad8d815ce5b0d32cecb81d56f89ea41780c3e5032ad,0.057,0.651,0.292,0.8402
2025-05-02 22:09:00,"Earnings Remain Resilient, but Outlook Softens",Yahoo,https://finnhub.io/api/news?id=6537b97b1dbe5868ea893dabcf170874eb1649919a8d36fab0b75057acd12e00,0.109,0.891,0.0,-0.4215
2025-05-02 21:40:48,PDD Holdings Inc. (PDD): Among the Best NASDAQ Stocks to Buy According to Billionaires,Yahoo,https://finnhub.io/api/news?id=09daf517b9dde3afe7aca054f909ab9e3998be3fc3282f015bc8680875a4e9f4,0.0,0.842,0.158,0.9274
2025-05-02 20:43:00,The AI Trade Is Showing New Signs of Life. What We Learned From Big Tech Earnings.,Yahoo,https://finnhub.io/api/news?id=f6fc3abc5fa7809acf280a8065cd7b931c51d6e0d366fc9a0ca5bdfaef3a386c,0.0,0.894,0.106,0.5574
2025-05-02 20:28:00,"These Stocks Moved the Most Today: Apple, Amazon, Block, Take-Two, Dexcom, MicroStrategy, Duolingo, Roku, and More",Yahoo,https://finnhub.io/api/news?id=7b0110f3549d1bbc591f7d257891987969caf0cc2b06f220174bb3e21364b38f,0.181,0.707,0.112,-0.5918
2025-05-02 20:13:12,Stock Market Today: Dow Jones Gains More Than 500 Points; Spotify Hits A Buy Point (Live Coverage),Yahoo,https://finnhub.io/api/news?id=680a2e3c2b724b04f0ca4c81d96e2d3fb3d73e3381c9472cf43ff1aaa7ee8f9f,0.0,0.852,0.148,0.91
2025-05-02 19:50:51,Apple has tariff problems its Big Tech peers do not,Yahoo,https://finnhub.io/api/news?id=d64f7e9a74b080f0360a46c3ade15796fc99a60defbf7cf1e81e647576ab5ba0,0.292,0.708,0.0,-0.7184
2025-05-02 19:44:33,Amazon Prepares for Tougher Business Climate,Yahoo,https://finnhub.io/api/news?id=e121bf35e4f8a17bbc23b49bbaca93b03fecaffc29438d0dd41e4d0c2f78b80b,0.0,0.826,0.174,0.7003
2025-05-02 19:39:49,Nvidia CEO Jensen Huang gets first salary boost in 10 years,Yahoo,https://finnhub.io/api/news?id=f9af177220c360406e649e1672fa69c3b3e89b13389722261a3450dba01a45bd,0.0,0.954,0.046,0.2144
2025-05-02 19:10:11,Is Amazon.com (AMZN) the Best NASDAQ Stock to Buy According to Billionaires?,Yahoo,https://finnhub.io/api/news?id=0b0402f2d0a6033ad5735489459173b2e0d70d31a622fb63d41a2564b7162c1e,0.0,0.838,0.162,0.9274
2025-05-02 19:00:00,"Amazon Q1 Earnings Beat Estimates, Stock Falls on Mixed Guidance",Yahoo,https://finnhub.io/api/news?id=e150c2ed41cca90edf6854bf7c1fd54791204e6af96752ee068ea14c03aa762f,0.0,0.793,0.207,0.7845
2025-05-02 18:21:01,Amazon Launches Its Homegrown Starlink Competitor — But Will It Boost Profits?,Yahoo,https://finnhub.io/api/news?id=eb1464326613213f4e077c6322b14b750a28a5ada6fed34b143f9a4dc3daea83,0.0,0.673,0.327,0.9032
2025-05-02 18:00:00,US exceptionalism trade is 'still in play': May investing tips,Yahoo,https://finnhub.io/api/news?id=1eee355e23cf0c466a9648cb886c550b7bbe75d9ed050f521f8a11a87bb6b07d,0.021,0.806,0.173,0.9441
2025-05-02 17:58:00,Jeff Bezos is planning to sell billions worth of Amazon stock,Yahoo,https://finnhub.io/api/news?id=c3ceb2972dfe083f597c56d14a67f6c115d263de43233b17f9b504b72e6130bc,0.0,0.806,0.194,0.6124
2025-05-02 17:47:23,"Apple, Anthropic Team Up to Build AI-Powered ‘Vibe-Coding’ Platform",Yahoo,https://finnhub.io/api/news?id=cb7ace3891ca545fe1723fc442a7ae818c8d0786e619eaa006a1ab1651907867,0.047,0.92,0.033,-0.0772
2025-05-02 17:34:42,Amazon Founder Bezos to Sell 25 Million Shares Worth $4.8 Billion,Yahoo,https://finnhub.io/api/news?id=2ef4ce4b9286afc6b7a11a5f82a2be4bc7973d7f5dc0b1b9235bdf275224b173,0.0,0.608,0.392,0.7703
2025-05-02 17:29:55,"Amazon.com Boosts Several Positives but Challenges Also Remain, RBC Analysts Say",Yahoo,https://finnhub.io/api/news?id=33e10e82fa53c41cad77799cb94d4bc633186532013ff71d6a886ed09f1947e2,0.0,0.58,0.42,0.9144
2025-05-02 17:29:25,Amazon CEO Andy Jassy plays up his retail rivals’ worst nightmare: Trump’s tariffs may actually strengthen Amazon,Yahoo,https://finnhub.io/api/news?id=b355b4cf24b914b2329d345fa72bf8199642214ac7c4c44aa9453d54af1e0c05,0.162,0.565,0.273,0.1361
2025-05-02 17:29:25,"Amazon Shares Slip as Q2 Outlook Disappoints, Tariff Worries Resurface",Yahoo,https://finnhub.io/api/news?id=fee531dd9a6acb562143f4e9b254d0da1302ddde36ed981a5bc158f1cdee0b65,0.325,0.447,0.228,-0.5267
2025-05-02 17:23:11,Amazon.com (NasdaqGS:AMZN) Reports Q1 Revenue of US$156 Billion and Raises Q2 Guidance,Yahoo,https://finnhub.io/api/news?id=7df2ead91c8ce0f86892819aaedb745c9e12a3d3be7d2aafba173980951fba06,0.028,0.768,0.204,0.9313
2025-05-02 17:16:00,What Apple Earnings Reveal About Trump’s Trade War,Yahoo,https://finnhub.io/api/news?id=84742a8c422d1bf08a2c7e05d94dcbf227e422171383648a665a4d713fcc1424,0.105,0.836,0.059,-0.4019
2025-05-02 17:03:32,Anthropic To Buy Back Employee Shares At $61.5 Billion Valuation - The Information,Finnhub,https://finnhub.io/api/news?id=c8a79dfe26037fc5df19d1b0871eaa02c34586b9a29ff02b8ff571e691f030c7,0.0,0.858,0.142,0.6289
2025-05-02 16:42:17,Amazon Confirmed Cloud Computing Growth Is Here To Stay,SeekingAlpha,https://finnhub.io/api/news?id=49cbe425c5a8df3c0df16cf0787be1a3e7805c6d33018def9a329b68b485fe3d,0.047,0.748,0.204,0.6486
2025-05-02 16:06:49,"Wall Street Fully Recoups Tariff-Led Losses, Economy Contracts In First Quarter Yet April Payrolls Remain Strong: This Week In Markets",Benzinga,https://finnhub.io/api/news?id=90dfdfe71a69e03a3896c387ce9d763e66bf02c89ce00ebb304b3b4ca57826b7,0.122,0.742,0.136,0.0865
2025-05-02 15:39:23,Amazon: Trainium 2 GPU Is Gaining Adoption,SeekingAlpha,https://finnhub.io/api/news?id=9d8231e1a3a3139939addb49950846b038a96b88e6c8694c77b418a56f63d446,0.0,0.615,0.385,0.9313
2025-05-02 15:02:00,Temu and Shein Will Feel ‘De Minimis’ Pain. So Will These U.S. Companies.,MarketWatch,https://finnhub.io/api/news?id=44d7bc2619c1e4dca78a4553b33518d887db85757796949ecc8e783099be271a,0.216,0.784,0.0,-0.765
2025-05-02 13:49:00,The Dow jumps 450 points as a strong jobs report has Trump calling for interest rate cuts again,Yahoo,https://finnhub.io/api/news?id=aac8b6fb5db8c731af8290d46fa8676d025fab74c7f534b572859ef7cf8d9475,0.027,0.762,0.211,0.9287
2025-05-02 13:34:06,"TSX futures positive on calming trade tensions, positive U.S. jobs report",Yahoo,https://finnhub.io/api/news?id=21ba47833aa381e100873c608e581dfa57892d2971cef137be458e4b9732674e,0.071,0.675,0.254,0.9153
2025-05-02 13:33:23,Amazon Braces for Tougher Business Climate as US Tariffs Hit,Yahoo,https://finnhub.io/api/news?id=a3012583071b729693d3507ea3f27d3fa69339eb5673471fa4c7d381cde3c4ac,0.073,0.874,0.054,-0.4215
2025-05-02 13:20:00,Earnings Dilute Tariff Concerns,SeekingAlpha,https://finnhub.io/api/news?id=7a6ae604f33a1b09a0e02790c9e37889cb568fa2d8b7c9d2623900cd74d0099f,0.0,0.851,0.149,0.2716
2025-05-02 13:07:36,"Jobs report, China trade, Apple & Amazon earnings: 3 Things",Yahoo,https://finnhub.io/api/news?id=54111f6008a8ef0626f95797f393efd28b38a01519eda387cded50ea87f24ce2,0.0,0.963,0.037,0.34
2025-05-02 12:54:32,Why Amazon Leader Says Tech Giant Could Gain Market Share From Tariff 'Uncertainty',Yahoo,https://finnhub.io/api/news?id=3e19a11fee2c1daffc8d8869cc02ad3ce991213bca07f5e57e14236184c61756,0.06,0.575,0.365,0.8807
2025-05-02 12:43:14,"China Shipping Loophole Closed by Trump, Raising Prices for US Consumers",Yahoo,https://finnhub.io/api/news?id=482b03056f4ffd0f20d3a1bcbf21ffc2ba050277696f128092d47d354621e170,0.069,0.917,0.015,-0.6369
2025-05-02 12:41:02,"Amazon Guides Q2 Softly, Analysts Unfazed",Yahoo,https://finnhub.io/api/news?id=dd20a5b5d27bdfad5e8dbdfab0cef02efddbe0ac5295f55863f3a5f88ae34c33,0.072,0.59,0.338,0.7351
2025-05-02 12:21:19,Dow Jones Rises As China Says It's 'Evaluating' U.S. Trade Talks. Apple Falls On Earnings.,Yahoo,https://finnhub.io/api/news?id=a985cd57b070e3c5d6eccc55d428901de8e39192a52b7b04a8fb5ff04c5f9308,0.0,1.0,0.0,0.0
2025-05-02 12:16:10,Amazon (AMZN) Puts $4 Billion Behind Faster Delivery for Small-Town America,Yahoo,https://finnhub.io/api/news?id=b9309d559c295065dd5448f21a78dffeb90fb3a367763b31ed9603368ca02d04,0.0,0.934,0.066,0.1779
2025-05-02 12:14:27,Q1 2025 Amazon.com Inc Earnings Call,Yahoo,https://finnhub.io/api/news?id=a533093cc9c94e4153970abe51b3597db8c5c7178b07658550f35cb09d633732,0.0,1.0,0.0,0.0
2025-05-02 12:12:08,"Wall Street Eyes 9th Straight Day Of Gains, Apple Falls As Chinese Sales Disappoint: What's Driving Markets Friday?",Benzinga,https://finnhub.io/api/news?id=9603bbe16675c9f6ce1b7dc63ac5ba8d608a9ee055051a6f2a071442af81399c,0.051,0.768,0.182,0.7184
2025-05-02 12:04:40,5 Things to Know Before the Stock Market Opens,Yahoo,https://finnhub.io/api/news?id=2a76e2110e6ead8f779500928088df646b6a6263b590a6b74705edbeeadb8b16,0.0,1.0,0.0,0.0
2025-05-02 11:50:00,Amazon Web Services' Slowdown Overshadows Earnings -- Market Talk,MarketWatch,https://finnhub.io/api/news?id=99b20e4d9f89a5147d177dc47c9749500dbb03866924200cf37e52cfbdf70bb0,0.0,0.825,0.175,0.34
2025-05-02 11:49:35,Why I Think Apple Is Currently The Least Interesting Of The FAANG Stocks,SeekingAlpha,https://finnhub.io/api/news?id=c042429feb5173ddec53555dc9175d992424dc6a428d3ff152008eb597d33527,0.093,0.794,0.113,0.2363
2025-05-02 11:49:20,"Stock Market Powers Higher On Microsoft, Meta, Trump Tariff Hopes: Weekly Review",DowJones,https://finnhub.io/api/news?id=9f5f362adbf16a020efc77bd1eaf1eeec496317e918ee9f3e63df187be8b77bb,0.0,0.797,0.203,0.6808
2025-05-02 11:39:00,"These Stocks Are Moving the Most Today: Apple, Amazon, Block, Take-Two, Dexcom, MicroStrategy, Duolingo, Roku, and More",MarketWatch,https://finnhub.io/api/news?id=b9375fc0d6e789269d442e9ebe4cc8c4543203e7ff9f8bdec0ea7f809fc75ea3,0.146,0.755,0.099,-0.4353
2025-05-02 11:37:06,"EXCLUSIVE: April's 20 Most-Searched Tickers On Benzinga Pro — Where Do Tesla, Apple, Palantir, Nvidia Stocks Rank?",Benzinga,https://finnhub.io/api/news?id=c0a02d7d149e72e045684049cb34985558b5301940e08350a1dae53bced74a24,0.0,0.953,0.047,0.3034
2025-05-02 11:34:00,Ukraine’s Minerals Won’t Help AI and Tech Companies for Years,MarketWatch,https://finnhub.io/api/news?id=47ffb783fb57fc3ffa7ba606ce7321ced8ccad68db1dd2c92f494a0072c2879e,0.0,0.769,0.231,0.6597
2025-05-02 11:30:00,A Major Market Disruption Is Likely Coming,SeekingAlpha,https://finnhub.io/api/news?id=61af25477e7d847bfa3ffd92a339bcce297bdfff7f8fd6b7bbe869ba8f472ab9,0.124,0.799,0.077,-0.1918
2025-05-02 11:15:00,"The Market Rally Is Strong, This Would Send It Stratospheric. And 5 Other Things to Know Today.",Yahoo,https://finnhub.io/api/news?id=a638ca39293bf561e1289b8dbddaaecb22c0d295eda986062caa08b39339d62f,0.051,0.876,0.073,0.0129
2025-05-02 10:43:27,Amazon: Q1 Earnings Did Not Deserve A SellOff - Buying Opportunity,SeekingAlpha,https://finnhub.io/api/news?id=b983fde0cbd41c861c8b6f68fabbc529e27321cd1cd02e2bbef9f39a96bae0a0,0.094,0.782,0.123,-0.2023
2025-05-02 10:40:00,Jeff Bezos to Sell 25 Million Amazon Shares. They’re Worth $4.7 Billion.,MarketWatch,https://finnhub.io/api/news?id=2614de5832701f9b5402d73c19e523269add3741d6e05de30c2eb6860d2654d4,0.0,0.608,0.392,0.8225
2025-05-02 10:37:12,Stock Market Today: Dow Jones Soars 400 Points On Strong Jobs Report; Palantir Stock Jumps Ahead Of Results (Live Coverage),DowJones,https://finnhub.io/api/news?id=3c78b8fc397a222acdef1bfabb308a961e38cc7a828e78ea768e8707eaea5c42,0.0,0.852,0.148,0.765
2025-05-02 10:10:00,The Friday Checkout: Kroger turns to TikTok for private label inspiration,Yahoo,https://finnhub.io/api/news?id=76ddd4ee573cb3d38ffc3803cb2cb226ccc8daf6b4bff2f5201451321cf473fd,0.0,0.765,0.235,0.8074
2025-05-02 10:07:41,"Magnificent Seven ETF hanging in there even as Amazon, Apple slide",MarketWatch,https://finnhub.io/api/news?id=79a7dd78edc9dae02533a810290170a6d124d51ee6aec684943f6e5c726e4bac,0.0,0.616,0.384,0.8807
2025-05-02 10:00:06,Tech investing playbook: Evolution of Big Tech dominance,Yahoo,https://finnhub.io/api/news?id=6384f2f2445bfac33f20c2348d4ada8073c52996f22ac834c03b1a3a2992cde8,0.0,0.862,0.138,0.8718
2025-05-02 09:55:00,Nvidia Stock Rises. It Just Got This Amazon AI Boost.,MarketWatch,https://finnhub.io/api/news?id=caa84f686fa7874cd3ced21a43dfc2a5dbc0f2012995c7617b31a8b5f5dbff6a,0.0,0.636,0.364,0.7992
2025-05-02 09:44:43,"EU antitrust regulators to decide on SES, Intelsat deal by June 10",Finnhub,https://finnhub.io/api/news?id=4440a0936ba299bc23edfa542a1fd2ed821c631c0377d10967654517bd4febfc,0.0,0.938,0.062,0.3818
2025-05-02 09:44:10,Gold Heads for First Back-To-Back Weekly Losses This Year,Yahoo,https://finnhub.io/api/news?id=dc5325504580c3d442c180e630e44c994dd5d7116198c672a4dd12dc37ce878b,0.156,0.773,0.071,-0.8201
2025-05-02 09:35:14,AMAZON COM INC : Jefferies reiterates its Buy rating,Finnhub,https://finnhub.io/api/news?id=53612307768abc97c63e632682ed2a24515d338171cc45addf810064bfd72256,0.0,0.816,0.184,0.7378
2025-05-02 09:34:11,Dow Jones Rallies On Surprise Jobs Report; Apple Dives On Earnings,DowJones,https://finnhub.io/api/news?id=f32d532635e95dc570b544259c0557fd89fe9bacc5046d42872783b09d1cbaca,0.0,0.826,0.174,0.4939
2025-05-02 09:30:00,What Big Tech Has Going for It in the Trade War,Yahoo,https://finnhub.io/api/news?id=1f17577fa93253bfafa914bee090d8f8ed9524e31994927bb63f27c9fc7c55c1,0.15,0.85,0.0,-0.5267
2025-05-02 09:30:00,Third Point Q1 2025 Investor Letter,SeekingAlpha,https://finnhub.io/api/news?id=e36652d432fc28686fd6596530058249713b320c1d42120f99201fe7069bafd1,0.0,0.951,0.049,0.1027
2025-05-02 09:15:00,Amazon: Buy The Uncertainty After Earnings,SeekingAlpha,https://finnhub.io/api/news?id=e8bc868730e173533779292d3bbed40085260dad6ff4d883a84c664c45f0e513,0.072,0.806,0.122,0.1779
2025-05-02 09:00:21,Amazon’s Q1 FY25 revenue up 10% as consumer demand surges,Yahoo,https://finnhub.io/api/news?id=cfd0ba8aed69643818dd9d26bfb63b9080f5385b3fec41858ced4950a154682b,0.071,0.849,0.08,0.0516
2025-05-02 08:51:34,"Trending tickers: Apple, Amazon, Reddit, Airbnb and Standard Chartered",Yahoo,https://finnhub.io/api/news?id=2895f701bcf192168777da054b8add956121eb61b5171b27de1b4932a93d8cb7,0.0,0.918,0.082,0.1779
2025-05-02 08:51:00,Members of Congress Are Buying These 4 Warren Buffett Stocks. Should You?,Yahoo,https://finnhub.io/api/news?id=ec6c1cb7905bf7a0d63b93c2a4a96fc0f631768fd33128a6ed71ab5942a5d6ab,0.0,0.82,0.18,0.8481
2025-05-02 08:23:15,AMAZON COM INC : Gets a Buy rating from DZ Bank,Finnhub,https://finnhub.io/api/news?id=8b162e0eab66183e5ba214b4017b41a259611c7b759b5d2e90675ef01b3fe29a,0.0,0.806,0.194,0.7213
2025-05-02 08:04:30,"Block, Atlassian, Apple, Roku, Amazon And Other Big Stocks Moving Lower In Friday's Pre-Market Session",Benzinga,https://finnhub.io/api/news?id=a92b7eb68b122c053fbeca29747bca9c14c20aac333cc4794f1097dcd304cc9c,0.271,0.638,0.09,-0.5267
2025-05-02 08:01:14,AMAZON COM INC : RBC remains its Buy rating,Finnhub,https://finnhub.io/api/news?id=41b3d7f4554658a42d19bd80950365b4b57182963f0aea87173157bca1c41d6f,0.0,0.941,0.059,0.347
2025-05-02 07:21:15,AMAZON COM INC : JP Morgan maintains a Buy rating,Finnhub,https://finnhub.io/api/news?id=641d1a8ba4f5cdc84a34d0e76970981d0af70f6081401a15b72a15dfa1af209f,0.0,0.774,0.226,0.8779
2025-05-02 07:19:27,Amazon.com Inc (AMZN) Q1 2025 Earnings Call Highlights: Strong Revenue Growth and AWS Expansion ...,Yahoo,https://finnhub.io/api/news?id=f6ced93d9c371d35fbf9ac3f3d1e238aeab383d7c1b33d0ae1ba7705eb84fbbd,0.053,0.658,0.289,0.8689
2025-05-02 06:53:26,"Wall Street Breakfast Podcast: Amazon Tops Expectations, Issues Cautious Outlook",SeekingAlpha,https://finnhub.io/api/news?id=f304db1ee2fc32d7dd1c78e402418af33cbeacca2957150ad827278c33ed22a7,0.104,0.522,0.373,0.5574
2025-05-02 06:39:37,Astera Labs Heating Up The AI Connectivity Market (Rating Upgrade),SeekingAlpha,https://finnhub.io/api/news?id=259b8e49321f9b4a38332505278fddae93919686bf3a05464ed7ddd194c62f89,0.0,0.865,0.135,0.6124
2025-05-02 06:37:14,AMAZON COM INC : Goldman Sachs reaffirms its Buy rating,Finnhub,https://finnhub.io/api/news?id=fcc8d00bc29a8d8e5694d6c811ede094f0a39ca6e020ec2d0315993beae68f14,0.0,0.925,0.075,0.347
2025-05-02 06:10:13,AMAZON COM INC : UBS gives a Buy rating,Finnhub,https://finnhub.io/api/news?id=1a2cecacc7f7e08935d515e20353729b56c79c6fe9821c87633e379a4816aa79,0.0,0.82,0.18,0.7378
2025-05-02 05:59:28,'De minimis': the trade perk Trump ended as part of China tariffs,Finnhub,https://finnhub.io/api/news?id=9eafda5bfa57bcb2c0210632addebdb6d17ccb59bdf860f7c8ab8f919d4b12c4,0.0,1.0,0.0,0.0
2025-05-02 05:17:16,"Premarket movers: Apple, Amazon.com, Block, Roku, Reddit",MarketWatch,https://finnhub.io/api/news?id=0695d4db90050cab31e9005d316514b94b6e2780f84265a9406d9d0980bfc725,0.326,0.674,0.0,-0.7003
2025-05-02 05:17:11,Amazon: cloud slowdown disappoints investors,Finnhub,https://finnhub.io/api/news?id=55c775e4845f08da15bc822dc68c347523be5d53b5f0bc7964dcb11c27688137,0.059,0.773,0.168,0.5859
2025-05-02 05:02:12,Why Twilio Shares Are Trading Higher By Over 9%; Here Are 20 Stocks Moving Premarket,Benzinga,https://finnhub.io/api/news?id=5297babb8d0887dfc3e045259126396712a75e65e09dd739cf18c3aa32900caa,0.0,0.864,0.136,0.296
2025-05-02 04:49:27,"Amazon sellers are stocking up in the face of tariffs, but it's a short-term fix",Finnhub,https://finnhub.io/api/news?id=2c966e5810bec1ffabae2f82edd9acfad2067ecdd5504a469fd78b0266363401,0.0,0.855,0.145,0.7003
2025-05-02 03:04:25,Amazon: Q1 EPS up 62%,Finnhub,https://finnhub.io/api/news?id=4d442086e097a5f2ce8b57cb519e5b785a7e2375f07682a598c7364b1369c5a8,0.0,0.865,0.135,0.5574
2025-05-02 02:45:00,Amazon Q1 2025 Update,SeekingAlpha,https://finnhub.io/api/news?id=fae693dea933baad85c5baa3a926e6af18f394a8b32a134f740c5573151cb7a6,0.0,0.936,0.064,0.1779
2025-05-02 02:34:11,Amazon shares listed in Frankfurt rise 1.6% day after results,Finnhub,https://finnhub.io/api/news?id=427f38709aa6f2885710a93823d59adaa8b81c921a118320c27d53ee8baa6a68,0.0,0.736,0.264,0.8126
2025-05-02 02:11:09,The Appearance Of The Liability Of Intermediary Service Providers Enabling Electronic Commerce For Defective Goods Under Different Legal Systems,Finnhub,https://finnhub.io/api/news?id=cee250a9f656e6b5ca64d627424d72ca289a43e8ff77990194e4820adb566ddd,0.094,0.876,0.03,-0.4939
2025-05-01 23:00:19,"Dow Jones Futures Rise As China Says It's 'Evaluating' U.S. Trade Talks. Amazon, Apple Fall On Earnings.",DowJones,https://finnhub.io/api/news?id=c3b43a7723008c049faba309d3c63bdcc69667750c0d03f985189157049417f5,0.0,0.904,0.096,0.34
2025-05-01 19:46:26,Amazon com : Q1 2025 AMZN Earnings Release,Finnhub,https://finnhub.io/api/news?id=2720fea2f652e24bc5ea959baaa029c5d7654c642a8ce489158438b9076b1fec,0.0,0.946,0.054,0.1779
2025-05-01 19:46:24,Amazon com : Q1 2025 Webcast Slides,Finnhub,https://finnhub.io/api/news?id=c6619887354e09c0bb643b3b66e3627ebb1d616299673677c9bd2ea0126e060e,0.075,0.873,0.051,-0.2023
2025-05-01 19:04:03,"Amazon.com, Inc. (AMZN) Q1 2025 Earnings Call Transcript",SeekingAlpha,https://finnhub.io/api/news?id=b9a5b250cc351e4a364412e5bec0cc497fdee6df5afc8538899747b8d2d4077a,0.0,1.0,0.0,0.0
2025-04-30 14:50:00,"Here’s what’s worth streaming in May 2025 on Netflix, Max, Hulu, Disney+ and more",MarketWatch,https://finnhub.io/api/news?id=0aefb9c281a81ac2c3f61664e8bd0bb943d70965948657a69fd12d3b2dba27a9,0.0,0.865,0.135,0.4703
2025-05-01 18:21:00,Amazon Shares Drop on Tariff Concerns Despite Strong Quarter,DowJones,https://finnhub.io/api/news?id=07291b47b6a3e30d184bcacf08d6537bf014dbc67a2de429a87e03f5b04e6942,0.409,0.367,0.224,-0.6152
2025-05-01 18:14:13,"Amazon's outlook could be worse, analyst says",MarketWatch,https://finnhub.io/api/news?id=30a3ca18fce7c00c50c0d36cb33d1a3a494db3a24dede6e96c1954221307641a,0.341,0.659,0.0,-0.7351
2025-05-01 18:02:49,"Amazon Earnings Beat But Stock Falls On Mixed Guidance, Slight Cloud Miss",DowJones,https://finnhub.io/api/news?id=6372675ca8518e43b8a30710fe099b8f82c43e57f8bee4d88e11259cd29d5267,0.114,0.77,0.116,0.0102
2025-05-01 18:00:36,"Amazon: Q1 Earnings Beat, Weak Guidance, Tariff Threat--Is It A Buy?",SeekingAlpha,https://finnhub.io/api/news?id=cadfe52b25dbc881d5eed2fdff07696ed31fc9aed99bce670ab8753f66199153,0.048,0.765,0.186,0.6808
2025-05-01 17:52:44,"Analyst sees possible short-term 'choppiness,' longer-term expansion for Amazon",MarketWatch,https://finnhub.io/api/news?id=b5feed1ecc70d8e9910023dbaaed212067bb38828454dbcad93e2a11c810c77b,0.0,0.825,0.175,0.34
2025-05-01 17:45:23,Amazon says it's 'maniacally' focused on lower prices,MarketWatch,https://finnhub.io/api/news?id=ca3cbcfd752b2a9345b396dedd55ba6d83d69425132fa9083b52338fcd061094,0.371,0.303,0.326,-0.296
2025-05-01 17:40:17,Amazon Sinks on Outlook Miss | Closing Bell,Finnhub,https://finnhub.io/api/news?id=003d2fd79cf0d0c6281f52b7bc3a43eef30c150e464e15d267cf74fc1c21a439,0.043,0.858,0.099,0.2732
2025-05-01 17:39:51,"Amazon cloud revenue, income forecast disappoint, shares slide",Finnhub,https://finnhub.io/api/news?id=06cc8ccc5723979de4f5281c77de8e9ee92a3cfb3ed8123814d53ce038674497,0.145,0.64,0.214,0.2023
2025-05-01 17:39:29,"Amazon's AI, capacity, supply chains",MarketWatch,https://finnhub.io/api/news?id=06a307ba6ef19d86a26464ae41aa4bd09fcb1b1b9b0af5ef9ac2f009448f9c51,0.0,1.0,0.0,0.0
2025-05-01 17:39:21,Amazon CEO Jassy says the price of AI inferencing 'needs to come down',MarketWatch,https://finnhub.io/api/news?id=342edf49d958ab0d7b56076644f97be98fa12c83510cd1907bb6d278f1bab924,0.0,0.876,0.124,0.34
2025-05-01 17:30:00,Amazon Reports Strong Earnings. Stock Falls on Slight AWS Cloud Miss.,MarketWatch,https://finnhub.io/api/news?id=f12eedc6ddea0fc623cc6e7a5b55c78e5592f60b9488dd3abd254db283895e6b,0.093,0.558,0.349,0.8088
2025-05-01 17:27:35,Amazon is spending a lot more on property and equipment than it was a year ago,MarketWatch,https://finnhub.io/api/news?id=9d384bf3385598448cad4df459f175b54ea319fad87fa3ac8d7b7d0fd7d114bf,0.0,0.898,0.102,0.34
2025-05-01 17:18:12,Amazon's Profit Forecast Misses Estimates,Finnhub,https://finnhub.io/api/news?id=bfc0e97c4d7b9f23dae09a3847657fcb9754b112da38ff8fdc894423622b6da2,0.048,0.761,0.19,0.6808
2025-05-01 17:13:30,"Amazon's stock drops and bounces after earnings, and repeat",MarketWatch,https://finnhub.io/api/news?id=b9c7c960bd79850f4e98b316bcc2ac8e297fc1865630974ddd3582ba594f8b49,0.0,1.0,0.0,0.0
2025-05-01 17:13:22,Amazon CEO Jassy: 'We haven't seen any attenuation of demand yet.',MarketWatch,https://finnhub.io/api/news?id=8e52f2faf445d05bbd6f70b83e46a828861b06414c6ab0e64a9589e05c3a2af0,0.123,0.738,0.139,0.1027
2025-05-01 17:06:03,"Amazon cloud revenue, income forecast disappoint, sees quarterly sales above estimates",Finnhub,https://finnhub.io/api/news?id=a4f9e0f9b023cd32c97f3d2a011293e099e5fb9ddf69fa71395982483fa3b4ca,0.133,0.761,0.106,-0.25
2025-05-01 17:03:19,"Amazon posts solid first quarter earnings growth, but outlook is tempered by tariff uncertainty",Finnhub,https://finnhub.io/api/news?id=a48dd29bfd6b3baac56c58e6c1a673af80e976f4036ed8d55a3b5b895414e1e6,0.159,0.649,0.192,-0.0516
2025-05-01 16:58:10,"Amazon.com, Inc. 2025 Q1 - Results - Earnings Call Presentation",SeekingAlpha,https://finnhub.io/api/news?id=db50d08c351df85e4fecf519213655701206a2264723d4cad5dffb3e3c6eda51,0.0,1.0,0.0,0.0
2025-05-01 16:54:00,Amazon sees biggest sales growth in its ad services business,MarketWatch,https://finnhub.io/api/news?id=67a7aa661f2f55813df3aeca0e721af5f6743cbf214bef6b6850564c6a3b4788,0.0,0.65,0.35,0.765
2025-05-01 16:51:24,Microsoft: The Return Of Azure (Rating Upgrade),SeekingAlpha,https://finnhub.io/api/news?id=dcad785425132178fc94c79a1d754e289d53491f07166318c9afa27db8fd181f,0.0,0.861,0.139,0.6124
2025-05-01 16:43:02,"Amazon's North America sales top forecasts, but reliance on the region dips",MarketWatch,https://finnhub.io/api/news?id=8d3d4ec3e965ea126c97130a88743c68bdc42e43503d803f5fa115d42f4d4012,0.0,0.859,0.141,0.3818
2025-05-01 16:37:14,"Amazon cloud growth lags, sees quarterly revenue above estimates",Finnhub,https://finnhub.io/api/news?id=85629fab87b95df4edd84b8f9c14e2c97a386c4f74de26af6c4d110047f98525,0.164,0.619,0.217,0.296
2025-05-01 16:35:28,"Amazon's profitability improves as costs rise, but by less than sales",MarketWatch,https://finnhub.io/api/news?id=9811bc9a8a0c6de8cdb2b91c6a5d7132ca3a1ae8797723aebf0775f3dc3ac827,0.0,0.647,0.353,0.8316
2025-05-01 16:28:26,Amazon's service sales growth was more than double that of product sales,MarketWatch,https://finnhub.io/api/news?id=cc87bb86b8c9b14256bc7545472c5bea072152d67cf092e71512f56b8a128df1,0.0,0.809,0.191,0.6369
2025-05-01 16:24:50,"AWS revenue growth slows, misses expectations again",MarketWatch,https://finnhub.io/api/news?id=28b36d664d8390a62984e2cb8f4f002da1636c9b0899de039357e77b805f018d,0.2,0.526,0.274,0.34
2025-05-01 16:16:00,Amazon Calls Trump’s Bluff,DowJones,https://finnhub.io/api/news?id=1661ddf40597a3758d9d4c0f584ff7f086e152b422faf439037255844943ded2,0.0,0.638,0.362,0.34
2025-05-01 16:15:33,"Amazon's outlook for income falls a bit shy, and the stock falls",MarketWatch,https://finnhub.io/api/news?id=d98eb031330f13a7629ff3cf91b69c6d8c77929fb76dee1e6988ffcbcc96d2ec,0.154,0.846,0.0,-0.4588
2025-05-01 16:10:57,"Amazon forecasts quarterly revenue above estimates, cloud growth lags",Finnhub,https://finnhub.io/api/news?id=9c9b270ac915fd6bc1e5b3ae68d01002dd5bb1cacc149bd087210e4318f36c8b,0.096,0.722,0.182,0.4767
2025-05-01 16:09:14,Amazon: Q1 Earnings Snapshot,Finnhub,https://finnhub.io/api/news?id=d5be7184038ba11d678b2c2514ef10f9d5fda6fc1a48d68ea6f917ce8320f499,0.0,0.815,0.185,0.7003
2025-05-01 16:09:03,Amazon.com Announces First Quarter Results,Finnhub,https://finnhub.io/api/news?id=3052c93c9b49d495a174533d5bafa348f252da19b95f61f8557c2414bad7937b,0.0,0.942,0.058,0.2732
2025-05-01 16:08:11,"Amazon extends streak of profit beats, as revenue also tops",MarketWatch,https://finnhub.io/api/news?id=5a9db10abc3864dff2732a630993dfaae2c3ff8e4b8890c7c052f7119eebf4d7,0.0,0.39,0.61,0.9413
2025-05-01 16:05:23,Amazon forecasts quarterly revenue largely above estimates,Finnhub,https://finnhub.io/api/news?id=be6d3e784eb85585cc436b784dd511818fd8347850b988a4f5cd249de4967f8a,0.067,0.81,0.123,0.25
2025-05-01 16:01:00,"Transcript : Amazon.com, Inc., Q1 2025 Earnings Call, May 01, 2025",Finnhub,https://finnhub.io/api/news?id=b09841f5f27d17dec9e8eb55fc2616c7227ef8819587cc03da5fd77801d44a32,0.0,0.792,0.208,0.8126
2025-05-01 15:30:02,Amazon's China exposure is hard to unpack — but it's likely huge,MarketWatch,https://finnhub.io/api/news?id=f4c22ecf184d35277003fff6aeeb245fc6bcec66d839e929adf8480ba5d961ee,0.098,0.697,0.206,0.6249
2025-05-01 15:28:39,HSBC cuts UPS rating as ’tariffs overshadow self-help’,Yahoo,https://finnhub.io/api/news?id=f6358772d536c7aed7bc92ffbae41b9d3524b6264ca709b29383b8c0464cd692,0.111,0.755,0.135,0.2263
2025-05-01 15:13:17,Amazon Earnings On Deck. Did Microsoft's Strong Results Raise The Bar For Cloud Growth?,Yahoo,https://finnhub.io/api/news?id=d63a69656fe8289dd4821e50581534200811f48a832e3df036ab62c1ba0df4d4,0.0,0.607,0.393,0.9349
2025-05-01 15:07:24,Amazon: What historical trends say about post-earnings trading,Yahoo,https://finnhub.io/api/news?id=3c12b95214ca4e5a42a1906c1c4a09b0d2c76c1d7aec1bcc6fc2b605946d617a,0.0,0.954,0.046,0.34
2025-05-01 15:00:02,Why Raymond James is feeling cautious about Amazon's earnings in the near future,MarketWatch,https://finnhub.io/api/news?id=e612c082f1a8dd23e2dafbb42e4475017ad9e073f83bb392ed026e6b52263947,0.101,0.791,0.108,0.0516
2025-05-01 14:53:06,Megacap tech once again a 'safety trade',MarketWatch,https://finnhub.io/api/news?id=2217a30f48bb95b7f54f14f13628b0959a4b3064ec9b167fab9dfed7211b023e,0.0,0.682,0.318,0.6808
2025-05-01 14:42:26,"Wall Street Eyes 8th Positive Day As S&P 500 Recoups Tariff-Led Losses, Bitcoin Rallies To $97,000: What's Driving Markets Thursday? (CORRECTED)",Benzinga,https://finnhub.io/api/news?id=279bec13c8b9b2c09b4384ddf2fca92b71caaaf06e3f5ac9c8599a59a7f36b28,0.07,0.836,0.094,0.2263
2025-05-01 14:00:00,"Got $3,000? 2 Hypergrowth Stocks Down Over 25% to Buy and Hold for the Long Term",Yahoo,https://finnhub.io/api/news?id=6fc3580655d1ae74ab0f5be4f2a71db88f7f7e0a1f3e2630a39cef204273b506,0.0,0.928,0.072,0.1779
2025-05-01 13:52:54,"Amazon.com, Inc. (AMZN): Jim Cramer Questions the Downgrade — “Too Much Value to Ignore?”",Yahoo,https://finnhub.io/api/news?id=2bfe67dbf75c24b77733cc99a6de4d20d7dfb0ee2339d07b9a66b8099cafdef1,0.0,0.966,0.034,0.34
2025-05-01 13:34:42,"Magnificent Seven Stocks: Nvidia, Tesla Rally; Meta, Microsoft Surge On Earnings",DowJones,https://finnhub.io/api/news?id=f6ec37a8c952097bb411a9c5065fc13496873b47494f09961e7687193fa3f35d,0.0,0.719,0.281,0.8316
2025-05-01 13:11:42,"Big Tech earnings, Amazon & Apple, Tesla denies search: 3 Things",Yahoo,https://finnhub.io/api/news?id=53ce1beb2341d01b70e975d9b05c63a3a6a91ea890dfbd6e6fe0ebad519b7559,0.048,0.89,0.062,0.1531
2025-05-01 12:37:42,E-Commerce Update - AI-Powered Payments Revolutionize Global Commerce,Yahoo,https://finnhub.io/api/news?id=fece654febf5500e47775ef791798fb3ee61ac16a874ee48ce2cce1da627f125,0.016,0.846,0.138,0.8639
2025-05-01 12:34:20,Nasdaq Plan Will Bring Zero-Day Option Boom Closer to Single Stocks,Yahoo,https://finnhub.io/api/news?id=c862b15385b5f8134adc542c4c0af2fbc25e6c001c71ca973b240af623540704,0.023,0.915,0.062,0.4215
2025-05-01 11:30:07,Amazon to invest $4bn to expand US rural delivery network,Yahoo,https://finnhub.io/api/news?id=a057854c29f8a42ae0af8b5a6cceaea57e96f91b0fa81e3db290e254e3779923,0.0,0.852,0.148,0.4588
2025-05-01 11:05:00,3 Reasons Amazon Stock Is Still a Top Artificial Intelligence Buy Right Now,Yahoo,https://finnhub.io/api/news?id=56508e51430e29f7d864ac8b898ed5005e01d168f97da610e5ce57c374fa9bcc,0.0,0.746,0.254,0.9371
2025-05-01 10:45:50,Amazon not planning to show added tariff costs next to online product listings,Yahoo,https://finnhub.io/api/news?id=abfcb5f0451c3990164e1145aaf9b182a34a7d378e1988148275ac52ec1eb8d5,0.072,0.844,0.084,-0.128
2025-05-01 10:30:00,"What a White House-Amazon kerfuffle says about tariffs, prices and talking to customers",Yahoo,https://finnhub.io/api/news?id=ee43b55ca29a420f08b12393400f6ef8be9db54e2d1f77afcafca3c3512f1a4c,0.0,0.824,0.176,0.8294
2025-05-01 10:12:46,"Trending tickers: Microsoft, Meta, Nvidia, Tesla and Rolls-Royce",Yahoo,https://finnhub.io/api/news?id=061757f68dcfd6375d4978a4b29fe2ad6cc602dd6e3f943cb633680a3918a3a9,0.0,1.0,0.0,0.0
2025-05-01 10:10:49,"Big Tech's fortunes diverge as AI powers cloud, tariffs hit consumer electronics",Yahoo,https://finnhub.io/api/news?id=7ca051b66d499f738c8afb8f3adac63429f51b9918de8568df14354c5852e4c8,0.109,0.791,0.1,0.204
2025-05-01 09:45:00,Here's How Tariffs Could Affect This Industry Giant. Should Investors Be Worried?,Yahoo,https://finnhub.io/api/news?id=5c5c6853bbc4ccdd1d154632760a4abaed10a1704cfe21cea8e9bd2355d56401,0.058,0.897,0.045,-0.128
2025-05-01 09:32:30,"Is Amazon.com, Inc. (AMZN) the Best Augmented Reality Stock to Buy According to Hedge Funds?",Yahoo,https://finnhub.io/api/news?id=491f6eab3a919ff0ab528a9ff51444599742b57405db50da0abca2d347611d87,0.0,0.81,0.19,0.9493
2025-05-01 09:31:00,Should You Buy the Invesco QQQ ETF During the Nasdaq Bear Market? Here's What History Says,Yahoo,https://finnhub.io/api/news?id=17d8614e55e22c421b66368294b1c0edec5bb348fe82d13f4c6802ef9374b9b8,0.028,0.865,0.106,0.7717
2025-05-01 08:50:00,Zacks Investment Ideas feature highlights: Apple and Amazon,Yahoo,https://finnhub.io/api/news?id=5b64edaeb5a98f0e10d2a6f1a53eeb4e1d718c686690d759c0b63f20e91c8688,0.0,0.833,0.167,0.34
2025-05-01 07:46:40,UPS Stock Has Upside Despite Recession Fears,SeekingAlpha,https://finnhub.io/api/news?id=227b5037ed226be3889ff7e2301b5e8ba33533428d59939b1ef7a89495911850,0.054,0.638,0.308,0.8542
2025-05-01 04:51:23,"Alphabet: The Bull Case, Backed By Down-To-Earth Projections",SeekingAlpha,https://finnhub.io/api/news?id=5f9e893e0cc8767d8e5435e6d7dedaa2da0fd035997cda92c20d10d2b49e5a71,0.056,0.83,0.114,0.223
2025-05-01 04:32:37,"Earnings Scheduled For May 1, 2025",Benzinga,https://finnhub.io/api/news?id=690d0b92596afcc9f436adc38555e82090b27aadf0b4d7b9d8ad296d306adbfc,0.0,1.0,0.0,0.0
2025-05-01 03:07:53,Dow Gains Over 100 Points On Wednesday But Records Loss For Third Straight Month: Greed Index Remains In 'Fear' Zone,Benzinga,https://finnhub.io/api/news?id=764f55ed8ea0f718a154fcf92fa1faf2f97e98a6bb4cc15cfd1c72efd2af4c92,0.362,0.503,0.136,-0.8294
2025-05-01 02:55:46,Billionaire Jeff Bezos Ate a Can of Pillsbury Biscuits Every Morning Until His Wife Stepped In — 'I Had Never Read a Nutrition Label in My Life',Yahoo,https://finnhub.io/api/news?id=71e04e066984d7a226625129b6a76831413b0e26ef62da1a720e44166ae0d4f0,0.0,0.956,0.044,0.4404
2025-05-01 00:30:48,"Amazon launches Nova Premier, its most capable AI model yet",Yahoo,https://finnhub.io/api/news?id=f606becdcfa406be59638e79566fba00319a2de7b8eae623aa01d1693f6a2658,0.0,0.819,0.181,0.9259
2025-04-30 23:50:00,Franklin Global Equity Fund Q1 2025 Commentary,SeekingAlpha,https://finnhub.io/api/news?id=add304a3ab757e79b9ad0319825662e9fcf86ab08aa9fe55c09c3b0c156d77d8,0.0,1.0,0.0,0.0
2025-04-30 23:39:21,"Amazon.com, Inc. (AMZN): Will AI Spending Cuts Signal Recession? Citi Sticks With Its Buy Call",Yahoo,https://finnhub.io/api/news?id=fc764e7ce30a014ae1ccfa0585a5d226e5a64fce6686bbd57a54797d480f2847,0.068,0.932,0.0,-0.6124
2025-04-30 23:00:52,"Amazon and Apple earnings coverage, Eli Lilly: What to Watch",Yahoo,https://finnhub.io/api/news?id=df2b9307b9d5d0e211a07c09f4c5130fc294ec295df18da85e79cbabe9ceb01d,0.035,0.907,0.058,0.4256
2025-04-30 22:13:00,Amazon Plans to Invest $4 Billion by 2026 to Speed Up Deliveries in Rural America,Yahoo,https://finnhub.io/api/news?id=c07dad525c5d4212b4413faa98c131e19be7ea6a2f1111dacfffd648f7047040,0.0,0.902,0.098,0.6705
2025-04-30 21:02:00,"Top Stock Reports for Amazon.com, Johnson & Johnson & Cisco Systems",Yahoo,https://finnhub.io/api/news?id=c093f1335c7912e26ecda027ce068191992e96550f94d1685875a269a6a5c236,0.0,0.913,0.087,0.4404
2025-04-30 20:54:25,Amazon Plans to Build Dozens of US Warehouses in Rural Expansion,Yahoo,https://finnhub.io/api/news?id=56861eb1cef96cefdb3bd67e8706b4aa92705ecdcaa46b56800ff5d034a91aaa,0.024,0.942,0.035,0.0258
2025-04-30 20:42:29,Longtime Investor Has Been “Selectively Adding” to His Mag 7 Holdings,Yahoo,https://finnhub.io/api/news?id=ebd70a6f8f2d0baf51c706d20a9b1c0b5b0e6937a62d80dbded3a46d6e083b1e,0.041,0.959,0.0,-0.4215
2025-04-30 20:20:06,"Stock Market Today: Dow, S&P 500 Turn It Around As Soft Inflation Report Trumps Economic Contraction (Live Coverage)",Yahoo,https://finnhub.io/api/news?id=7a2e1bb1211852a32d1ecd4b7c8090c0c1c316d5dba29ae048954170a5f735c4,0.0,0.909,0.091,0.5994
2025-04-30 20:00:15,"Microsoft (MSFT), Amazon (AMZN), Meta Platforms (META) to Keep Getting Boosts From the AI Revolution, Renowned Analyst Says",Yahoo,https://finnhub.io/api/news?id=073a010f02b5e774b8507f06a88e016f7c1703f046e13d8371c818946e7cb6c9,0.0,0.869,0.131,0.8126
2025-04-30 19:40:00,Amazon Stock Retreats Ahead of Thursday's Earnings,Yahoo,https://finnhub.io/api/news?id=2091257fd7132fd0eb4eb3ca114d0886f7c52f47c75f46a7adbec48f3d333194,0.0,0.849,0.151,0.4404
2025-04-30 18:45:00,Meta: An Exceptional Q1 2025 That Spreads Optimism Across The Markets (Upgrade),SeekingAlpha,https://finnhub.io/api/news?id=3d1f01b248f434df2921828675376d6ddd99d85a9bbc926ae6fe9b5d37addce7,0.0,0.759,0.241,0.5423
2025-04-30 18:33:00,"Amazon, Ford, Temu, and 7 other companies raising prices because of tariffs",Yahoo,https://finnhub.io/api/news?id=2fe3aea99d18e326731f31fe5781558d392f49ff26097198c557c5a786122ac3,0.066,0.782,0.151,0.4588
2025-04-30 18:27:32,Trump's 145% China Tariffs Spark Seller Backlash As Amazon Prime Day 2025 Faces Pullouts And Discount Cuts: Report,Yahoo,https://finnhub.io/api/news?id=87e0126457b4387bcbe0d2e5ee9ddbf7a62bb00cfc71ad9ac69e44f018835432,0.036,0.848,0.116,0.4404
2025-04-30 18:25:43,Is Amazon.com Inc. (AMZN) the Best Dow Stock for the Next 12 Months?,Yahoo,https://finnhub.io/api/news?id=fa869b7f2a845c05f579bc42ec16ac918a6c0a7a0ed1c4329117b8887bf16065,0.097,0.755,0.149,0.6597
2025-04-30 17:38:37,"Why Amazon, Meta Platforms, and Alphabet Slumped on Wednesday",Yahoo,https://finnhub.io/api/news?id=36f802b9ee95522bba1e61745b78b70f2dfbf43e078951f305f3201019e0d6a2,0.075,0.747,0.178,0.3612
2025-04-30 17:30:53,Nvidia gets rare sell rating as Seaport says AI fully priced in,Yahoo,https://finnhub.io/api/news?id=7e105cce87fb0ec63dad6a96a663106b1a1b752fb91b4cd4f69a08154fe3d801,0.047,0.87,0.083,0.5574
2025-04-30 17:20:18,Amazon.com (NasdaqGS:AMZN) Partners With Korbyt to Revolutionize Digital Signage Solutions,Yahoo,https://finnhub.io/api/news?id=6466d61ffc34b48f3552fd6dc596322795cb9b29683613c901793958e445e7cf,0.0,0.826,0.174,0.8807
2025-04-30 17:01:59,Amazon to invest $4 billion to expand rural delivery network in US,Finnhub,https://finnhub.io/api/news?id=32461e7916a7e7fbc8d4cec4dc46cdc1fbf02995ea36834609bfe6436a2f49bf,0.031,0.837,0.132,0.5859
2025-04-30 16:46:28,"Amazon com : investment in small towns across the country to expand delivery network, will total $4B by the end of 2026",Finnhub,https://finnhub.io/api/news?id=ead965fd87b7ac9dff7723fc6078b01ad7bbc196b69eee2854cdece6af7f753e,0.0,0.773,0.227,0.9201
2025-04-30 16:45:33,Update: Market Chatter: Grindr Using Amazon's Bedrock for New AI-Powered Product Features,Yahoo,https://finnhub.io/api/news?id=53af98ddf416b9d338997b098b68f46925fe41376775f065e9aaf3e8f0d80675,0.0,0.936,0.064,0.1779
2025-04-30 16:43:11,Amazon Investing Over $4 Billion To Expand Our Rural Delivery Network,Finnhub,https://finnhub.io/api/news?id=66d9dd92d7a3fdf69d8441b2d5f7be8565c6b5ac244b6b5fd792f092ec39f8f2,0.0,0.708,0.292,0.8159
2025-04-30 16:00:50,"Temu and Shein customers in the US are reeling, but they say they have no other choice",Yahoo,https://finnhub.io/api/news?id=ad88b8126199ee65e1d5acc9b296be9201810dde48e589da6a9a3228b8d89465,0.068,0.846,0.086,0.1901
2025-04-30 15:20:32,"Amazon.com, Inc. (AMZN): Among Billionaire Cliff Asness’ Stock Picks with Huge Upside Potential",Yahoo,https://finnhub.io/api/news?id=728021d3b95dc29978a8aac0fdf6128cfba8520e1f17a4a2b33b6f322dd8fa2e,0.0,0.907,0.093,0.7096
2025-04-30 11:47:00,"Dow's 237-point fall led by losses in Chevron, Amazon.com Inc. stocks",MarketWatch,https://finnhub.io/api/news?id=8f5db8bb05f279b315d175cf3df51eee27a83b72c60e0b3c17a7da160779d936,0.213,0.787,0.0,-0.6597
2025-04-30 11:35:06,"Stock Market Today: Dow Jones Plunges On Surprise GDP; Nvidia, Tesla Dive As Super Micro Crashes (Live Coverage)",DowJones,https://finnhub.io/api/news?id=e1179fa3561e5563ebf90d474db0791e233ce2d12b11f12b0cb6b3ef09a60e5d,0.0,0.727,0.273,0.9001
2025-04-30 11:13:25,Super Micro Computer Results Suggest Nvidia Will Miss Q2 Outlook: Strong Sell,SeekingAlpha,https://finnhub.io/api/news?id=ddc9bfa5fa8a4c36b3c7538a60ca4ab64dd42823dda3b2339bd87571dfc2c636,0.159,0.69,0.151,0.3818
2025-04-30 10:46:00,"Dow drops nearly 450 points on losses in shares of Amazon.com Inc., Nike",MarketWatch,https://finnhub.io/api/news?id=9fe743e469fa3e0676239462836e200a28292f33e954787c5d2c99c49c92fa70,0.17,0.692,0.138,-0.25
2025-04-30 10:28:20,Amazon is not planning to break out tariff costs online as White House attacks potential move,Finnhub,https://finnhub.io/api/news?id=c4f3248b46cfa160e76628abb572579073a8d6fe508b4043adffde8082cdb49f,0.053,0.884,0.063,-0.128
2025-04-30 10:15:00,The Davenport Core Leaders Fund Q1 2025 Commentary,SeekingAlpha,https://finnhub.io/api/news?id=30cbbdae87c9b1b956e51ece59c8a96cf5c63ad9d62c5732ec1a96c345d1f8cc,0.0,1.0,0.0,0.0
2025-04-30 10:08:14,No messing around with customs duties at Amazon,Finnhub,https://finnhub.io/api/news?id=8c1ce0d2ac185f87e5a7085ea1052366f25fa12d2b6e6d12dfe6724ae5f6d219,0.163,0.764,0.072,-0.6486
2025-04-30 09:53:23,"Waymo, Toyota Announce Partnership Exploring 'Personally Owned Vehicles'",DowJones,https://finnhub.io/api/news?id=51ea6d95b3bb5cd77bf443b3e18e3acc59902579686fff3efa8122f1720e3fe1,0.0,1.0,0.0,0.0
2025-04-30 09:45:00,"Nike, Amazon.com Inc. share losses contribute to Dow's 650-point drop",MarketWatch,https://finnhub.io/api/news?id=50ef0844d99f076e1545463dbb61a4899a4701de9126ad2f36eea95cc337a0b9,0.343,0.5,0.157,-0.6369
2025-04-30 09:30:50,Trump’s temper has CEOs running scared. They’re missing a huge opportunity,Yahoo,https://finnhub.io/api/news?id=64e1fa9f5bc271445964e1e3f08b95bb77d30cac0a4f470d48c95150e1032bfe,0.146,0.787,0.067,-0.6124
2025-04-30 09:30:14,White House criticizes Amazon over possible tariff listing at prices,Finnhub,https://finnhub.io/api/news?id=81c8d8ab25b2f3ea7844506ff98db68d714d6871c3317241dba3c5ac08a20702,0.168,0.795,0.037,-0.7003
2025-04-30 09:26:23,White House attacks Amazon after possible listing of tariffs on product prices,Finnhub,https://finnhub.io/api/news?id=8fb00312fc0e649a150931ae02c51035dfabff5556a02933975831ea807e88d4,0.057,0.784,0.159,0.4939
2025-04-30 09:24:17,"Brits could soon be paying up to Â£21 more for Â£135 trainers as UK reviews duties on cheap imports, says Parcelhero",Finnhub,https://finnhub.io/api/news?id=606577413514c78ba88bd0b7cd053e7478d30bfe78b395130bd408e09c2599a5,0.035,0.85,0.115,0.5859
2025-04-30 09:22:09,"Is Amazon.com, Inc. (AMZN) Among The Best Warren Buffett Stock Picks For Beginners?",Yahoo,https://finnhub.io/api/news?id=be9d1b98683ad60e52eb5640f9b4a4892d9008aabc37464d1100feeec24c0246,0.0,0.804,0.196,0.9501
2025-04-30 09:15:24,"Top 10 Trending Stocks On WallStreetBets As Of April 30, 2025 (Via Swaggy Stocks)",Benzinga,https://finnhub.io/api/news?id=7bdc1692e710acbfb237497d7ee465789623ebb8e20d84b14b44415503e52091,0.0,0.899,0.101,0.2023
2025-04-30 09:00:00,"Zacks Investment Ideas feature highlights: Amazon, Microsoft and Alphabet",Yahoo,https://finnhub.io/api/news?id=cb3445b89156ec2a84ee3e3c538c09b85f14b36fa19078b285f1d1542c2cc90b,0.0,0.848,0.152,0.34
2025-04-30 08:12:26,Traders bracing with four ‘Magnificent Seven’ companies set to deliver earnings and guidance,MarketWatch,https://finnhub.io/api/news?id=7847fe9f6070dbbb8756659ab266db73453931ce45a8136c1e7fd85a046b57cc,0.0,1.0,0.0,0.0
2025-04-30 08:10:00,Should Investors Worry About Nvidia's Future in China?,Yahoo,https://finnhub.io/api/news?id=80f9e9a851a9944e847ce8d4aa40bee3bbb1119b841b98a031877882318d4c74,0.034,0.879,0.087,0.3612
2025-04-30 07:35:10,"Big Price Hikes Mean Americans Pay For Trump's Tariffs, Not China",Finnhub,https://finnhub.io/api/news?id=cdea36f13034609397dff33a8622e927fb7eac145b9c1b29c0e4acaf4d881472,0.03,0.934,0.036,0.0772
2025-04-30 07:30:00,Amazon could emerge stronger from tariffs. But earnings will show how much pain that requires.,MarketWatch,https://finnhub.io/api/news?id=7b8c3930559724ded409f9a93839aa57b8c30f0ccb5a58902584593c1a40311d,0.214,0.578,0.207,-0.5106
2025-04-30 07:28:30,Is Amazon.com (AMZN) The Stock That Should Double in 3 Years?,Yahoo,https://finnhub.io/api/news?id=42459982cbe12e9672fb9e3b0004b3744e4e00e09d81f5fc7be333e77baf3dbb,0.0,0.964,0.036,0.3612
2025-04-30 07:05:17,What To Expect From Amazon’s (AMZN) Q1 Earnings,Yahoo,https://finnhub.io/api/news?id=97835328de0862b80715f21e50e12d18948ac0b64d9094640226956b207c189b,0.0,0.941,0.059,0.1779
2025-04-30 04:21:20,Q1 2025 United Parcel Service Inc Earnings Call,Yahoo,https://finnhub.io/api/news?id=c64f3dc928e9acf985c05c95c70a8bd57202d5a3e8e5ea266945104d516fb21f,0.0,0.714,0.286,0.6808
2025-04-30 01:23:00,Mark Cuban Thinks Continued Tariffs Spell Trouble for Amazon. Time to Buy This Amazon Dip or Bail Out?,Yahoo,https://finnhub.io/api/news?id=54ebbccaa751885092b350a01e5470cf7956e53047c7a37b58c602dc3cc3a6b8,0.064,0.805,0.131,0.4357
2025-04-30 00:33:00,"Amazon makes bold move that the White House hates, then walks it back",Yahoo,https://finnhub.io/api/news?id=edca5590bd4dae5b1ed3da1ef78b3b11491aeffc10d35226f1ff542c5c65819f,0.165,0.621,0.214,0.1531
2025-04-29 23:15:07,"Amazon could actually benefit from Trump's tariffs, analyst says",Yahoo,https://finnhub.io/api/news?id=41326678b4ece6fc99a1c84dba761996935929a996972eb53c6ed827ddaae07c,0.045,0.858,0.097,0.5106
2025-04-29 22:56:59,White House Pushed Job Cuts at Agency That’s Clashed With Musk,Yahoo,https://finnhub.io/api/news?id=53524c266e08cadb06dddd9208bfbff1a61f26fc49d43f829cf1f165ede967f4,0.076,0.924,0.0,-0.7003
2025-04-29 21:34:29,Amazon to report first quarter earnings following White House tariff dustup,Yahoo,https://finnhub.io/api/news?id=68ab1984db4738ad66b665fcce57915f381cb2fde8647d21e9c19c25431beab9,0.0,0.928,0.072,0.34
2025-04-29 21:30:00,Franklin Growth Fund Q1 2025 Commentary,SeekingAlpha,https://finnhub.io/api/news?id=a091628b0a27d1cf98991f0b43e4b870ee995ccbc62e3a1b6d1eb96ddc3bf609,0.0,0.809,0.191,0.6369
2025-04-29 20:46:00,Trump Touts Economic Wins in Detroit Speech. Americans Aren’t Buying It.,MarketWatch,https://finnhub.io/api/news?id=894f4c2b17060051d215b00750f8b1016c97b3f546e01d577e2de7b7bbc65944,0.08,0.652,0.268,0.802
2025-04-29 20:38:00,Amazon Rules Out Displaying Tariff Impact After White House Attack,Yahoo,https://finnhub.io/api/news?id=e9a93e52014386c1be909fd116cc2ee8aed35dcee7d1a39ce5ac4dad72ed2be6,0.248,0.698,0.054,-0.7269
2025-04-29 20:35:35,UPS to eliminate 20K jobs as Amazon decoupling accelerates,Yahoo,https://finnhub.io/api/news?id=8fb6586862c53f53bb0b310507adcde52ae395bf4c9d74f39c96053d0634f759,0.0,0.882,0.118,0.4767
2025-04-29 20:33:27,"UPS (UPS) to Cut 20,000 Jobs, Citing Amazon Volume Drop and Tariff Pressures",Yahoo,https://finnhub.io/api/news?id=78140f82ff016cc98ccbbc306f1993990d2cc336f70aeaa9340701b19d5b8e2d,0.332,0.543,0.125,-0.6705
2025-04-29 20:25:00,Buy the dip in Amazon or Apple Stock as Earnings Approach?,Yahoo,https://finnhub.io/api/news?id=07fb8fd73d3e278ad8543e5c6e0db1fb9eff73d76c8ba014cc04b03b04d4cf32,0.0,0.864,0.136,0.5859
2025-04-29 20:11:56,"Stock market today: Dow extends longest win streak of 2025 as S&P 500, Nasdaq climb after latest tariff relief",Yahoo,https://finnhub.io/api/news?id=82914d1595dd9a3c8510db9c7dbe109e58ddaa6ccd4a73b964970b23126f0d63,0.0,0.819,0.181,0.8126
2025-04-29 14:52:11,Stock Market Today: Dow Jones Shows Leadership As Nasdaq Hangs On; Amazon Takes Heat From White House (Live Coverage),Yahoo,https://finnhub.io/api/news?id=5ef5465f64dccf63acb417618425be46bccfdbac0a4c2d4e1328b7e404f29e54,0.054,0.905,0.042,-0.128
2025-04-29 18:14:32,10th Man Report: Here's Why Markets Are Going To Sink This Week,SeekingAlpha,https://finnhub.io/api/news?id=f768a3a4c866bd85a7a979ac76858983b8a770400998f783d8d0e26c00a53261,0.0,0.91,0.09,0.5688
2025-04-29 18:09:00,"What options trading is telling us now about Amazon, Apple, Meta and Microsoft earnings",MarketWatch,https://finnhub.io/api/news?id=c926bc3736b29e03d77ddc96a86699d656aad7afd5ad90561501e62729bee014,0.0,0.884,0.116,0.34
2025-04-29 17:48:00,Trump vs. Amazon’s Brilliant Tariff Idea,DowJones,https://finnhub.io/api/news?id=93afc9992af0c53a56cb35852997e97c2d48e098a81cdec28721ba67606a39f8,0.0,0.568,0.432,0.8225
2025-04-29 16:31:19,Amazon is not planning to show added tariff costs next to its online product listings,Yahoo,https://finnhub.io/api/news?id=7a5f2802eb2a5a8cdabf1f5e3fcc7ff6e11511c1657c3395f15691b65eebab03,0.05,0.869,0.082,0.296
2025-04-29 16:30:00,"UPS Will Fire 20,000 Workers. It Isn’t Why You Think.",MarketWatch,https://finnhub.io/api/news?id=946ec784b9391d2309d8eb4ac9a6555696dcdd89673d08dc1af0b674f538db4f,0.211,0.789,0.0,-0.5859
2025-04-29 16:24:57,"UPS Slashes 20,000 Jobs as it Weans Off Amazon",Yahoo,https://finnhub.io/api/news?id=39b4dbdfceeb1232ddeab85e564806267b5cdbb9164b0bb3be575a1d995f0eff,0.055,0.892,0.052,-0.0258
2025-04-29 16:12:07,Jeff Bezos Says An Employee 'Looked At Me Like I Was the Stupidest Person They'd Ever Seen' — Then Offered A Simple Idea That Changed Amazon,Yahoo,https://finnhub.io/api/news?id=900f951af66f96405879e35c11f401cacff548236c59bb0b4bd74e1a613c00bf,0.082,0.778,0.14,0.743
2025-04-29 10:52:11,"Stock Market Today: Dow Jones Leads As Nasdaq Lags; Spotify Sinks, Telehealth Name Soars On Partnership (Live Coverage)",DowJones,https://finnhub.io/api/news?id=8b034c6699bf6907f8c1ac6caefcc48650002949f576deecb4bf70e670e34761,0.128,0.872,0.0,-0.6124
2025-05-12 23:38:37,"Dow Jones Futures: Trump Trade Deal Triggers Bullish Stock Market Rally; Amazon, Apple, Nvidia, Tesla Surge",DowJones,https://finnhub.io/api/news?id=ed8f67e779a62814ebdc95b62a6dcc1127ec9049a452c2d568ebe37aad39d888,0.0,0.898,0.102,0.34
2025-05-12 22:35:00,"When Trump Says 'Buy,' You Buy",SeekingAlpha,https://finnhub.io/api/news?id=9e051939023bba3e2e0309a468e962fc84444020e9a858a4ee98efe8608af2d9,0.0,1.0,0.0,0.0
2025-05-12 19:25:07,"Amazon com : Prime Video orders ‘Delphi,’ the first live-action series in the ‘Creed’ universe",Finnhub,https://finnhub.io/api/news?id=f8a4656960a49cf0d1f691c10f336d2859687f47c807749971effce5381202b4,0.0,0.963,0.037,0.1779
2025-05-12 19:25:06,Amazon com : ‘Beast Games’ renewed for two more seasons after record-breaking Prime Video debut,Finnhub,https://finnhub.io/api/news?id=d0534e432a3b49d09cb21025956f9ffe0250010bd362e210122667ce513aae83,0.0,0.917,0.083,0.4019
2025-05-12 18:07:00,Amazon Seals New Partnership With FedEx for Delivering Large Packages,DowJones,https://finnhub.io/api/news?id=d68e59c51193df0ebb49ef262899b54950552ac3084abcc7380195253485f821,0.0,0.841,0.159,0.34
2025-05-12 17:07:18,Amazon Reached Agreement With FedEx To Serve As One Of Several Third-Party Partners - Spokesperson,Finnhub,https://finnhub.io/api/news?id=ae479178d656563e4f1d003cd2d8b2dbdb1e941311723645fc45299015428d8d,0.0,0.654,0.346,0.9153
2025-05-12 16:47:12,Amazon strikes new partnership with FedEx after UPS pullback,Finnhub,https://finnhub.io/api/news?id=f2a3404bb650e2ca3a70397b8fa385410077b0e5729702940b557959da935a6f,0.102,0.771,0.127,0.0258
2025-05-12 16:29:08,Amazon Strikes A New Partnership With FedEx After UPS Pullback - Business Insider,Finnhub,https://finnhub.io/api/news?id=ce4d9e384787dc4d538b0149ea46d0b62b92a82dce803c299db2e7823186c75c,0.151,0.739,0.109,-0.3818
2025-05-12 16:28:00,"Amazon, Apple power ‘Magnificent Seven’ to more than $830 billion in market-cap gains in one day",MarketWatch,https://finnhub.io/api/news?id=c4382791e54fdd77d1cac9a9063372e26d17d77b2fa2d9f39cc1056ad75e1408,0.0,0.773,0.227,0.7351
2025-05-12 15:43:00,Affirm Stock Jumps on Latest BNPL Deal. It’s Part of a Pattern.,MarketWatch,https://finnhub.io/api/news?id=882910d7b463928303c6d2005696e12cd47614a0cd36d14f7d25755fb8880dee,0.0,1.0,0.0,0.0
2025-05-12 15:30:00,The U.S.-China trade thaw is helping Target’s stock today. Some analysts still see problems with no obvious solutions.,MarketWatch,https://finnhub.io/api/news?id=826b83e537b252172443e8809c15b4151c61ad6bec74d254e422c742e0077fdf,0.284,0.619,0.097,-0.7533
2025-05-12 14:45:00,Top AI And Robotics News You May Have Missed In April,SeekingAlpha,https://finnhub.io/api/news?id=8eabe308cd012d85fa788ad430581325711abe1f476e7eef09576b98f51d5c80,0.05,0.868,0.082,0.1027
2025-05-12 14:37:00,"Amazon.com Inc., Nike share gains lead Dow's 1150-point surge",MarketWatch,https://finnhub.io/api/news?id=79f12abb30ef200a83dbf4a0ab94f3065d90eab6fdd391ae62755d528dc19b61,0.0,0.603,0.397,0.802
2025-05-12 13:45:00,"China Trade Progress: Market Booms On News, Who Will Benefit?",SeekingAlpha,https://finnhub.io/api/news?id=c84fe6b7dcb1c53b479fc0efc4a7a400563bb7aa900f04d2dc68609cd4ae9fd6,0.0,0.58,0.42,0.7003
2025-05-12 13:32:08,"EU regulators ask if Starlink is credible rival to SES, Intelsat",Finnhub,https://finnhub.io/api/news?id=a008e57afb0db52313f4fc407f4dc5a752a02d5b03585c7433550e1ecd1473ef,0.0,1.0,0.0,0.0
2025-05-12 13:20:59,"Magnificent Seven Gain $700B After US-China Slash Tariffs, Gold Crashes: What's Driving Markets Monday?",Benzinga,https://finnhub.io/api/news?id=2c48c141cb2110078d093aa7a02e9601851830a0be3df4e44c85edbd9885dc40,0.274,0.629,0.097,-0.8555
2025-05-12 13:10:00,"Amazon Stock Rallies On China Tariff Deal. China E-Commerce Stocks Alibaba, PDD Also Jump.",Yahoo,https://finnhub.io/api/news?id=7d993c4a96a4bd5fbbb86e087619b6e61f1d25f4256c16c791157eaaea8cdbad,0.059,0.787,0.154,0.34
2025-05-12 13:08:56,US-China tariff agreement may add fuel to 'Magnificent 7' stock rally,Yahoo,https://finnhub.io/api/news?id=da15636dd09cd7d43a79ee1a393e9cfbba535bdb5b7f75b6da2fbb21755ae086,0.0,0.633,0.367,0.9001
2025-05-12 13:04:00,"These Stocks Are Moving the Most Today: Amazon, Nvidia, Tesla, Alibaba, Eli Lilly, Pfizer, RH, Newmont, and More",Yahoo,https://finnhub.io/api/news?id=66342666979fcde83bc5dd4acbe8c772e03dd3f8e71e70d5edb4be570b421ba7,0.026,0.847,0.127,0.7951
2025-05-12 13:02:28,US-China trade reprieve buys Shein and Temu time to restock US inventory,Finnhub,https://finnhub.io/api/news?id=88383bf9f0c069b791d76643b357cffdfcf99ac697aa642ea0e6e33da35e3886,0.037,0.912,0.05,0.1406
2025-05-12 13:00:48,"CNBC Halftime Report Final Trades: Citigroup, Truist Financial, Amazon",Benzinga,https://finnhub.io/api/news?id=314a4032c1ce6aa5d7a77fa13729ce0370c310204ca7402e0bc3830e345822d2,0.0,0.825,0.175,0.1779
2025-05-12 12:59:00,"Amazon.com Inc., Nike share gains lead Dow's 1,033-point surge",MarketWatch,https://finnhub.io/api/news?id=9d1a2c864205db9bed91b6aabf9f9ffc27ad3add58c5bc6586edb4733fc9f71f,0.0,0.603,0.397,0.802
2025-05-12 12:45:00,Secrets behind 'Magnificent 7' surge ahead of Nvidia earnings,Yahoo,https://finnhub.io/api/news?id=01edf6eb55badc6b83746c53e23177e71c5d8a64f9c4d5b5717bf83fe443bb65,0.018,0.869,0.112,0.9638
2025-05-12 11:38:00,Amazon Stock Surges. Why It’s a Mag 7 Outperformer on Tariffs Deal.,Yahoo,https://finnhub.io/api/news?id=1c83936b1a3174d7dfd00b6533fe6abf52bab742ad990cb5b3c7dfb406bac071,0.0,0.773,0.227,0.8271
2025-05-12 11:28:00,"These Stocks Are Moving the Most Today: Amazon, Nvidia, Tesla, Alibaba, Eli Lilly, Pfizer, NRG Energy, Newmont, and More",MarketWatch,https://finnhub.io/api/news?id=87d0575998f551ca18e458ff9de4f28fd25a567b3beef1aeada1239f92bcb089,0.0,0.807,0.193,0.7316
2025-05-12 11:26:20,Bandai Namco Entertainment Launches Gundam Metaverse on AWS,Finnhub,https://finnhub.io/api/news?id=c5b045429dbb0a522f6e3b79819242321285ca3e0736acb671de59cf72b17f9f,0.0,0.799,0.201,0.7783
2025-05-12 11:22:00,"Amazon.com Inc., Nike share gains lead Dow's nearly 925-point surge",MarketWatch,https://finnhub.io/api/news?id=25ecabd69c7ee30d60015d4d52ec7ea980f416caa87ee78ed9d9c9cd298f27eb,0.0,0.635,0.365,0.802
2025-05-12 10:47:13,"Stock Market Today: Dow Jones Soars As Bessent Says This On China; Nvidia Surges, Alibaba Clears Entry (Live Coverage)",DowJones,https://finnhub.io/api/news?id=a66bb64378aaee5e15113b29ce271232ca24df43120d595dfdd22eabf55ec984,0.0,0.933,0.067,0.1531
2025-05-12 10:46:46,"U.S.-China Trade Deal Turns Back Clock On Tariffs; S&P 500 Soars, But Risks Remain",DowJones,https://finnhub.io/api/news?id=1fcef875f7201a27cdb4b51d2360c6b352c9fc33654eea449cfc47d1d3aca527,0.169,0.831,0.0,-0.6486
2025-05-12 10:30:28,"NRG Energy Posts Upbeat Earnings, Joins Tesla, Apple, Amazon And Other Big Stocks Moving Higher On Monday",Benzinga,https://finnhub.io/api/news?id=9c1f175c4b7beefc3d5500bbcdb2294d99ed4133239a4fa4f3c5d731ec2dde46,0.0,0.798,0.202,0.4215
2025-05-12 10:28:59,Amazon's Project Kuiper: Tariff Catalyst And The $457 Billion Battle With Starlink,SeekingAlpha,https://finnhub.io/api/news?id=a9ea35716ff5951ff38ff2e514db719e85fec77fcf3af435407d7eafe3a6174e,0.062,0.758,0.18,0.6124
2025-05-12 10:28:00,Your New iPhone May Get More Expensive. Apple Won’t Blame Tariffs: Report.,MarketWatch,https://finnhub.io/api/news?id=6c802533499e57156f0980bd1fe79d87021b953b6be66f73a216fb8fd8eb6df4,0.179,0.821,0.0,-0.5859
2025-05-12 10:19:04,Rocket Lab's Inflection Point,SeekingAlpha,https://finnhub.io/api/news?id=081781f65a6705a4d5cf722d1c8f8ed49f43ab02bbe1c3a044c0163b7d837c7b,0.0,0.631,0.369,0.9062
2025-05-12 10:00:45,How 'negative' sentiment is driving defensive tech bets,Yahoo,https://finnhub.io/api/news?id=ab23aa3bd3fc1cc6e6d06fa46c879df049b96ba6d01afd011c89c322c7107b91,0.138,0.743,0.118,0.0727
2025-05-12 09:45:00,"Dow surges nearly 1050 points on gains in shares of Amazon.com Inc., Nike",MarketWatch,https://finnhub.io/api/news?id=f09970122a8cb041ae91430f26960272ae2e230f8ef5a9fd0f8bfaaf542f9dc9,0.0,0.705,0.295,0.802
2025-05-12 09:34:34,"Dow Jones Surges 1,000 Points On Trump-China Tariff Deal; Apple, Nvidia, Tesla Rally",DowJones,https://finnhub.io/api/news?id=70265ee530c25c07cc2da274a5c5d79883f7e4fa2698bad65b0e589d2ebaca95,0.0,1.0,0.0,0.0
2025-05-12 09:30:00,Consumer relief from U.S.-China trade deal sends retailers’ stocks surging,MarketWatch,https://finnhub.io/api/news?id=73a181a2a807ed18cd25bcf2525efb43281d7984f8d9ab423fdb243ffa55ec7c,0.0,0.744,0.256,0.7351
2025-05-12 09:19:57,Wall Street Rips Higher As Tariff Truce Halts US–China Economic Escalation,Benzinga,https://finnhub.io/api/news?id=57703ff5079057237e7b6d5e28c9945ee03c74bdb5ed61b64a61a556df3b5466,0.118,0.695,0.187,0.4404
2025-05-12 09:10:00,"Amazon Stock Rallies On China Tariff Deal. China E-Commerce Stock Alibaba, PDD Also Jump.",DowJones,https://finnhub.io/api/news?id=7ee2f92e255ddc073a99f597b83945b7a8eb681c626b3591b2be63fedb009e1c,0.0,0.884,0.116,0.34
2025-05-12 08:29:36,Retail stocks lifted by U.S.-China trade deal,MarketWatch,https://finnhub.io/api/news?id=69d95ddad8fda424936925ec1dab0f0529df2300979e739293efb7811eef873d,0.0,1.0,0.0,0.0
2025-05-12 08:06:42,"GAB: Lack Of Tech Exposure Is A Plus, But This Fund Is Incredibly Expensive",SeekingAlpha,https://finnhub.io/api/news?id=cb8ba87d013f965c4fe8326e5e1a8ae62a8a6a96b084ade4aa582687bd12f176,0.113,0.887,0.0,-0.1655
2025-05-12 08:00:00,eBay: A Potential AI Winner,SeekingAlpha,https://finnhub.io/api/news?id=4fe9bdc4e8eb262b7240d644d62a56efd7cc2784f57c7a094409f83a797e6de7,0.0,0.742,0.258,0.8271
2025-05-12 07:31:28,Why Wall Street's Doubts On Amazon Are Your Golden Opportunity,SeekingAlpha,https://finnhub.io/api/news?id=218f4d2927b0480d59eb25ad9f23263fd46c482fdf5e5e43856e84ffb26af6e3,0.049,0.684,0.267,0.836
2025-05-12 07:30:00,Make Fewer Investing Errors With Barry Ritholtz,SeekingAlpha,https://finnhub.io/api/news?id=697d959231df5eb482b8d6ab428520da2a1607dcef957a61650cd744fe7b0376,0.117,0.777,0.107,-0.0516
2025-05-12 07:30:00,Is Alphabet's Business Dying,SeekingAlpha,https://finnhub.io/api/news?id=26ac0e927c3ee125d7fb4c93cb43909196c4d148630e880baa44cd23b4364f24,0.099,0.542,0.358,0.9253
2025-05-12 07:11:16,"Dow futures show 1,000-point gain ahead as markets rally on thaw in U.S.-China trade tensions",MarketWatch,https://finnhub.io/api/news?id=eaf14d9666f30247a9fd0f62dce318902f6467ba5d8f66868375271890e0986e,0.141,0.681,0.178,0.34
2025-05-12 07:04:13,"As the Amazon's waves weaken, a surfer fights to protect them",Finnhub,https://finnhub.io/api/news?id=55352c5ec2a955f5816ef352c0c0eafa87b1c415fabee06cf38a7cc8b53c52a1,0.113,0.799,0.088,-0.296
2025-05-12 06:51:03,"Wall Street Breakfast Podcast: Markets React As U.S., China Call Tariff Timeout",SeekingAlpha,https://finnhub.io/api/news?id=4138d9fc71763a03c3c7bfec85a29d253d2b026b1fb31a5fb9fabc282eb5cdb4,0.087,0.913,0.0,-0.4939
2025-05-12 03:33:10,Online Retail Stocks Q1 Recap: Benchmarking Wayfair (NYSE:W),Yahoo,https://finnhub.io/api/news?id=dc5d63d4ae43b7af21be17ad6a7c13b16139a7d80abc9b8cfca357c47b3b2db0,0.089,0.821,0.091,0.0258
2025-05-12 03:19:13,"Tesla, Amazon, Nvidia stocks set to surge after U.S. and China agree to slash tariffs",MarketWatch,https://finnhub.io/api/news?id=d56600ddabb552342ebea997398646446b3ecbf48050b09974193c06a6bd8b22,0.115,0.656,0.23,0.4939
2025-05-11 23:01:26,'The Game Is Rigged' Says Kevin O'Leary On Credit Card Points. He Claims They're Inflating Faster Than The Dollar And Always Cashes Out Fast,Yahoo,https://finnhub.io/api/news?id=8719cee5c2cd0d1c56296dc253a4420fdec4c3b7648ba93d2a6be1ae0ecdf3ec,0.089,0.762,0.148,0.802
2025-05-11 21:31:00,The ‘Magnificent Seven’ are back in the stock market’s driver’s seat — but are they still a buy?,MarketWatch,https://finnhub.io/api/news?id=4b119023f3686cb538d363e4812389a136801f37bdfda5e0207dcc2e8b53edbd,0.0,1.0,0.0,0.0
2025-05-11 19:20:00,"This Artificial Intelligence (AI) Software Stock -- a 1,090% Gainer Since Its IPO -- Could Soar Another 285%, According to Dan Ives. Is It Time to Buy Like There's No Tomorrow?",Yahoo,https://finnhub.io/api/news?id=4c9ba67b6751cb4f5344935d80262e892b8b9d02c2ba2971e58db5f0495b05ab,0.065,0.787,0.149,0.7003
2025-05-11 18:19:00,Nasdaq Recovery: 3 Artificial Intelligence (AI) Stocks That Are Still Too Cheap to Ignore,Yahoo,https://finnhub.io/api/news?id=2b29457feb3ea4658130cec2e4b13320608270d2a34c3aff7f36101fcb5bc103,0.087,0.804,0.108,0.1531
2025-05-11 17:30:25,"Amazon-Backed Glacier's $16M Funding Boosts AI Robots Capable Of Sorting 30+ Material Types, Transforming Recycling Industry",Yahoo,https://finnhub.io/api/news?id=17bf384bd7172bd73ceb3a20bf5d9f028708a63d7ceb8e141c34137bf4ce3a90,0.0,0.863,0.137,0.8807
2025-05-11 16:24:00,The ‘most important consumer earnings report of the season’ lands this week,MarketWatch,https://finnhub.io/api/news?id=7adfb51ccf39a8c942ab33784688454f62325c0b3cf01a9d98f4654517c459f3,0.0,0.859,0.141,0.3818
2025-05-11 16:21:00,Prediction: This Artificial Intelligence (AI) Semiconductor Stock Will Soar After May 28,Yahoo,https://finnhub.io/api/news?id=3c76217b10de12329e92c7ea833c813288514e531155b4e4d972becda5aaee36,0.0,0.945,0.055,0.2617
2025-05-11 14:00:00,Amazon offers peek at new human jobs in an AI bot world,Yahoo,https://finnhub.io/api/news?id=e37572a05db55c7ef48e52aadca807713ac3ce896177cee36ee9c2737caaacdc,0.021,0.878,0.101,0.7778
2025-05-11 12:16:06,"USA: A Historical Underperformer, But Value-Orientation Might Be Appealing",SeekingAlpha,https://finnhub.io/api/news?id=330eb9cea95f5b959d5f4ac1f33fedd5eb9041aab60c9cb5fe41f387790bcc3a,0.0,0.859,0.141,0.6808
2025-05-11 11:35:00,Invesco Summit Fund Q1 2025 Commentary,SeekingAlpha,https://finnhub.io/api/news?id=a710fc90fb51204a1df19c2c41a5436e72f8c6a1ff5fa52303cebd30469c24f9,0.084,0.807,0.109,0.1779
2025-05-11 09:51:00,Is Amazon Stock a Long-Term Buy?,Yahoo,https://finnhub.io/api/news?id=eab2e36d3e28e45bfa2a7975ccb4dcaafbc6f165a96690a2f7e0c439f007a915,0.0,0.929,0.071,0.4767
2025-05-11 09:00:00,"Billionaire Investor Bill Miller, Who Beat the S&P 500 Index for 15 Consecutive Years, Says Buy Amazon and Sell Tesla",Yahoo,https://finnhub.io/api/news?id=a657fd900810be5c690ac57166a604c3106b756882f6f7ccf4df654d9093b661,0.0,0.874,0.126,0.7351
2025-05-11 08:46:00,My 3 Top Stocks Down 20% or More to Buy Hand Over Fist Right Now,Yahoo,https://finnhub.io/api/news?id=86a16665a8056cbbd3682e6d7baed79dd6fa5449c03e837d5094ec5567ced6d4,0.0,0.738,0.262,0.9504
2025-05-11 08:42:00,"The Ultimate Growth Stock to Buy With $1,000 Right Now",Yahoo,https://finnhub.io/api/news?id=dfe6a5f4094e94ab9789919e595a77c4d1af899548a1a7e1e21703a6151bbf37,0.0,0.71,0.29,0.943
2025-05-11 04:27:00,Invesco Growth And Income Fund Q1 2025 Commentary,SeekingAlpha,https://finnhub.io/api/news?id=fcae6f6024509d9d4f9f06b8c6c1d0ac7a49a3bf5bce221e086f90a6b578e022,0.0,0.704,0.296,0.891
2025-05-11 03:45:00,Invesco Charter Fund Q1 2025 Commentary,SeekingAlpha,https://finnhub.io/api/news?id=47c67780031ae9f1e8e62e138a47a2d4e20de28c34c16e13734a28f4ee43325b,0.0,0.782,0.218,0.6486
2025-05-11 03:35:00,Invesco Global Core Equity Fund Q1 2025 Commentary,SeekingAlpha,https://finnhub.io/api/news?id=3ec49e95ea4cf2c14535a16afd656063b8e9019484ee3f2d8415d2e4f425b1de,0.186,0.698,0.116,-0.2732
2025-05-11 02:21:41,TTD Q1: Upgrading My Price Target Amid Stellar Earnings,SeekingAlpha,https://finnhub.io/api/news?id=5496d92a53df70766967fc537d566a4b7381c45ad91cf3a06962c4d8f45d064c,0.0,0.838,0.162,0.7184
2025-05-10 08:30:00,30 AI stocks that could surge up to 73% — and are loved by a bullish tech analyst,MarketWatch,https://finnhub.io/api/news?id=d3b045daf208ae45c5e03ff89465e64d81e7aef1125bcb88e36d490b59d68c8a,0.0,0.813,0.187,0.8316
2025-05-10 06:28:08,EOS: Market Volatility Creating Better Opportunities,SeekingAlpha,https://finnhub.io/api/news?id=5108caf4515dd6055bbf824b7b75978cf950e8e631f06bbbba7cc00857ee8ce1,0.03,0.64,0.33,0.9038
2025-05-10 01:00:00,The Stealthy Lab Cooking Up Amazon’s Secret Sauce,Yahoo,https://finnhub.io/api/news?id=a62d22f49978d74c01307bb63f7586d5caa7a33f94ade85c7e364b9de7933939,0.031,0.787,0.183,0.7506
2025-05-09 23:25:00,Walmart & Retail Sector Earnings Loom: A Closer Look,Yahoo,https://finnhub.io/api/news?id=d49eba94cf6cfb42bcae07eba95e1504e7aaa1614ba0f97b2beb2559cd3b7d25,0.027,0.728,0.245,0.913
2025-05-09 20:23:10,Alphabet Shares Take $138 Billion Blow as Search Warnings Blare,Yahoo,https://finnhub.io/api/news?id=a744f78e421d7ecae5385ece3670ecf1529d1eb66853c1cd88565eb6ad689286,0.194,0.752,0.054,-0.8948
2025-05-09 19:10:53,Sonos Interim CEO Says Company Has Turned a Corner and He Wants the Top Job,Yahoo,https://finnhub.io/api/news?id=3ebd99de3ae9174a5ab3fe7781111db030ed06a1c4d33b2c2cdb29d7464459fc,0.11,0.855,0.035,-0.7757
2025-05-09 17:27:57,"Update: Market Chatter: Pledged US Investments of Tech Companies Depend on Research Tax Break, Industry Says",Yahoo,https://finnhub.io/api/news?id=d1284aef1eaa0762833bfb94045b47963d50c74d9ee833d0cc14eba1f98fdfce,0.0,1.0,0.0,0.0
2025-05-09 17:16:32,Amazon.com (NasdaqGS:AMZN) Partners With Amplitude To Enhance Global Customer Experience,Yahoo,https://finnhub.io/api/news?id=76af268eac87d68bede416448a7a8c5ceca15af33beaf372fe2326104a70dda9,0.0,0.782,0.218,0.9524
2025-05-09 15:05:26,Amplitude enters collaboration agreement with AWS,Yahoo,https://finnhub.io/api/news?id=b2a837fb7330a37f0fd001414952846e66ea9fc36d6447eb97776a994d8d662a,0.0,0.626,0.374,0.9819
2025-05-09 14:15:18,What Does Cramer Think of Amazon.com (AMZN)’s $100 Billion AI Bet?,Yahoo,https://finnhub.io/api/news?id=4327700629a908029ae12c710b21191632d3482b90aad2f3e10d75b32b308f5e,0.0,0.925,0.075,0.6486
2025-05-09 14:11:39,"Jim Cramer on Amazon.com, Inc. (AMZN): ‘I Still Like It For The Long Haul’",Yahoo,https://finnhub.io/api/news?id=40c5a12ae9d317b0e96fbe105689be25da464fc63f20de82389312f5d48d0574,0.077,0.832,0.091,0.0258
2025-05-09 13:47:21,Slate CEO: We've raised nearly $700M from backers like Bezos for US-built EVs,Yahoo,https://finnhub.io/api/news?id=bf18fa81bad9f845486be502a09a1f812d3e207472d8c0a1fba8fd49c13502a7,0.0,0.898,0.102,0.3612
2025-05-09 13:41:22,"Microsoft, Amazon, Google, Palantir Poised to Win Big in AI Cloud Race",Yahoo,https://finnhub.io/api/news?id=75d219573e5f9157480784fb0440ae9e6ae8795bfa4b785b22bdc23167cf8b4c,0.0,0.694,0.306,0.7579
2025-05-09 13:21:00,Trade Desk Stock Is Surging on Earnings. There Are ‘Significant Opportunities.’,MarketWatch,https://finnhub.io/api/news?id=61cccf2429d686938f7de454be657893bfc6ce47e7b4c14be252438197dc3cf3,0.0,1.0,0.0,0.0
2025-05-09 13:10:33,"Artificial Intelligence-Driven Cloud Spending Likely to Benefit Microsoft, Google, Amazon, Wedbush Says",Yahoo,https://finnhub.io/api/news?id=04b75c550b6eeb7e0714fc43da6963cb61a9a3a76476e07ba3110d9ab9a806ee,0.0,0.836,0.164,0.5719
2025-05-09 12:24:32,Q1 2025 Trade Desk Inc Earnings Call,Yahoo,https://finnhub.io/api/news?id=4ff185ef97fd380cd3b5d656d01668c63722de3b5fac0a56c1a259b59f00832b,0.0,1.0,0.0,0.0
2025-05-09 12:00:59,"What Apple, Amazon, GM And Other Companies Are Saying About Trump Tariffs",Yahoo,https://finnhub.io/api/news?id=0a93f39d7885a60a0e1a6698a8529248fc1300268dda4825d5aca74e6a03e258,0.095,0.823,0.082,-0.34
2025-05-09 11:30:00,PGIM Jennison Blend Fund Q1 2025 Commentary,SeekingAlpha,https://finnhub.io/api/news?id=f4b5f0e6516949d2c6f094c1549d294374f3a2284bb92a0b96dbe1b00bbada6e,0.0,1.0,0.0,0.0
2025-05-09 11:26:06,"Tesla Supplier Panasonic To Slash 10,000 Jobs, Take $895 Million Hit",Benzinga,https://finnhub.io/api/news?id=ac69bc3f45063daacb70913c9e5329ada391235b93779e4e23746cd344114d5b,0.113,0.753,0.134,0.2023
2025-05-09 11:15:00,2 AI Stocks That Could Go Parabolic,Yahoo,https://finnhub.io/api/news?id=8105ab168dfe0bb5ae7c4f8650b59353b1ee110daf73f5f2de066c3bafcd89db,0.0,1.0,0.0,0.0
2025-05-09 11:10:49,"Amazon.com, Inc. (AMZN): Among Paul Tudor Jones’ Stock Picks with Huge Upside Potential",Yahoo,https://finnhub.io/api/news?id=4e685e2d40f9a61c929a72d6ba3671280469e06dbb4aa49cca86c72c35b9c95d,0.021,0.886,0.093,0.6486
2025-05-09 11:00:00,Tech Industry Warns US Investment Pledges Hinge on Research Tax Break,Yahoo,https://finnhub.io/api/news?id=3e5d440d0e5f7c77de09300e58143ec78372fe9bae4fad3d8ead8a3f2d893313,0.176,0.799,0.025,-0.9014
2025-05-09 09:20:00,Invesco Main Street Fund Q1 2025 Commentary,SeekingAlpha,https://finnhub.io/api/news?id=2532fe9bad2b16b55a3d6f44dfe8ca7dcff42653956ffc6a5655eb6315aff9f2,0.0,1.0,0.0,0.0
2025-05-09 09:00:00,Amazon: Buying Opportunity Knocking At The Front Door Again,SeekingAlpha,https://finnhub.io/api/news?id=4a71f5a34c3b6882bfe1f0103d0a728ee765983248bf76b0b061712236d19030,0.114,0.627,0.259,0.6652
2025-05-09 08:27:26,"Amazon.com, Inc. (AMZN): Among Billionaire Larry Robbins’ Stock Picks with Huge Upside Potential",Yahoo,https://finnhub.io/api/news?id=7d149c7b802104d540d1953e74667185f690cfe4d650b56d14d1e30797a99a18,0.0,0.908,0.092,0.7096
2025-05-09 08:20:00,Auxier Asset Management Spring 2025 Market Commentary,SeekingAlpha,https://finnhub.io/api/news?id=eba777e4c008d93312871c2306318ee5bda74619c6da74df56a0510c240eeb0e,0.069,0.8,0.131,0.296
2025-05-09 03:38:36,Amazon's Operating Margins Continue To Improve,SeekingAlpha,https://finnhub.io/api/news?id=52d8b35d8c34135d39424522df1cafcf0f7e8a08da19833a1e7a3ecafbdc999a,0.0,0.814,0.186,0.6705
2025-05-09 03:25:00,Lower U.S. Consumer Spending Can Already Be Seen,SeekingAlpha,https://finnhub.io/api/news?id=4361fe65f2d900c800e210c69e0814e2b1259c6a183e1141592544d14a18ca31,0.059,0.941,0.0,-0.296
2025-05-09 01:01:18,Amazon begins European rollout of its Temu clone,Finnhub,https://finnhub.io/api/news?id=765dc9703f8b51d40b0d9d1db3b7437c8198d4a1cf2058f51fe10103c81140fd,0.0,0.834,0.166,0.6969
2025-05-08 23:18:10,"Amazon.com, Inc. (AMZN): Among Billionaire Bruce Kovner’s Stock Picks with Huge Upside Potential",Yahoo,https://finnhub.io/api/news?id=9729a9d581bb148a4294aae7b0f1c5dbd8a4a69649a324d019faeae7e45c8e52,0.0,0.908,0.092,0.7096
2025-05-08 21:58:42,"From Apple to GM, Tariffs to Cost Companies Tens of Billions",Yahoo,https://finnhub.io/api/news?id=3022292d41dad23f3268df89f56ef41fcb1b74d88d4dd7e87551f92749aeba0e,0.195,0.758,0.047,-0.9312
2025-05-08 20:16:14,Tracking Cathie Wood's ARK Invest 13F Portfolio - Q1 2025 Update,SeekingAlpha,https://finnhub.io/api/news?id=c9c02232461994cc8e615e222329fa9f169204b87bad926bc80ed2631390a3bc,0.0,0.829,0.171,0.6124
2025-05-08 19:33:43,"Amazon Acquires $84.4 Million Stake In AMD Amid AI Chip Expansion, Export Controls",Yahoo,https://finnhub.io/api/news?id=2864e1c10b6d2c10f765ebd1a2104b6d4ed41c8f01b65b50e4c92dfa854d91de,0.0,0.811,0.189,0.7906
2025-05-08 19:00:00,"Amazon Issues Mixed Q2 Guidance: Buy, Sell or Hold the Stock?",Yahoo,https://finnhub.io/api/news?id=c6de0e5531913499a972a2de161fa405cda97cf5ccfbd08c2ce84dc757cd5248,0.0,0.911,0.089,0.3612
2025-05-08 17:23:40,Amazon.com (NasdaqGS:AMZN) Expands Global Presence With AWS Developments in Chile and New Collaborations,Yahoo,https://finnhub.io/api/news?id=2c825639952a3543ad476884ef39f03488bd84c1e3035614f64ded06975a8096,0.0,0.798,0.202,0.9451
2025-05-08 17:14:00,"Amazon illegally suspended union leader for 10 weeks, NLRB judge finds",Yahoo,https://finnhub.io/api/news?id=da42c2ed2462b6d17b62f14ab953b9b29e223665b06772ea5beef8de16aa6d82,0.075,0.752,0.172,0.4588
2025-05-08 16:01:26,"Trump's U.S.-UK Trade Deal Keeps 10% Tariff, But S&P 500 Rallies (Live Coverage)",Yahoo,https://finnhub.io/api/news?id=89d0aaf4f9ab7c077b6eb81399d630973cf5d7261884f63b2b6f7177191b79f0,0.0,0.862,0.138,0.6956
2025-05-08 15:50:26,Trump's U.S.-U.K. Trade Deal Keeps 10% Tariff But S&P 500 Rallies (Live Coverage),Yahoo,https://finnhub.io/api/news?id=611fb2068725efe9aa9e00d190ad5f27957f42b8e7089837d951abe62eab093e,0.0,0.862,0.138,0.6956
2025-05-08 15:22:00,"Boeing, Walt Disney share gains contribute to Dow's 550-point rally",MarketWatch,https://finnhub.io/api/news?id=f0adf66690b4a5ea8d242c39b4f9e933b621f0707966fdf1c8e57122d7fec8b4,0.0,0.635,0.365,0.802
2025-05-08 14:20:00,Hartford Capital Appreciation Fund Q1 2025 Commentary,SeekingAlpha,https://finnhub.io/api/news?id=b978f055cb3b2939297deba8cac66e33273378115fc7f5c74b751ff69f7f1482,0.042,0.693,0.265,0.8126
2025-05-08 14:00:00,"Dow up nearly 450 points on gains for Boeing, Walt Disney stocks",MarketWatch,https://finnhub.io/api/news?id=c0fea8451ecb582e61888ca2a0c12b6268d3e8abc367ec4d1c71a1a3b9eac1c6,0.0,0.821,0.179,0.5859
2025-05-08 13:16:25,"China Is Baked In, Time To Pick Up AMD And Nvidia Stock",SeekingAlpha,https://finnhub.io/api/news?id=6a6609d2f555391bb3dba067e08570a7cac6fb9f479fc9d65e99a962cd7aea73,0.0,0.748,0.252,0.8442
2025-05-08 13:12:00,2 Beaten-Down Stocks That Are Great Buys on the Dip,Yahoo,https://finnhub.io/api/news?id=054d00186e4588b64e484758dc70d1d8cd9a2d98751a6e6154d43d3d877baa0b,0.058,0.593,0.349,0.9738
2025-05-08 13:00:00,Amazon's newest AI tool is designed to enhance product listings,Yahoo,https://finnhub.io/api/news?id=d101074130b213d1bef43f9dc52461d4db672e62219f2bf57e4183c810b62f84,0.023,0.856,0.122,0.8225
2025-05-08 12:37:39,This Week In E-Commerce - HF Foods Innovates With New Digital Platform And Brand Shift,Yahoo,https://finnhub.io/api/news?id=4aff6bef9792af3f69c5b5ab3fe464af539d77074f83ca33e9c163940c11c804,0.0,0.907,0.093,0.8126
2025-05-08 12:27:00,Amazon.com Partners With Vetsource to Offer Prescription Pet Medications,MarketWatch,https://finnhub.io/api/news?id=3086fd4eca8ea1d551fd08f0727a14f74db86dcef088e705bdb35237512a66ef,0.0,1.0,0.0,0.0
2025-05-08 12:23:00,Egg lovers can’t get a break. Vital Farms to raise prices because of tariffs.,MarketWatch,https://finnhub.io/api/news?id=79b1e01d32edebb200652f6bf7fbeeb131172195a7820853a1a8839e6f754ca5,0.0,0.682,0.318,0.8807
2025-05-08 12:18:00,Trump Makes a Deal With the U.K. Now Comes the Hard Part.,MarketWatch,https://finnhub.io/api/news?id=39e583917830b44ecdec13b58c243fe3183ec2d5fd830bdc916126b386ab14cc,0.113,0.887,0.0,-0.2023
2025-05-08 12:01:26,"Trump's U.S.-U.K. Trade Deal Keeps 10% Tariff, But S&P 500 Rallies (Live Coverage)",DowJones,https://finnhub.io/api/news?id=1d9bfb67e418c0cb6724d270b6e94f0b8f9cf9b8422f48ba3eadab33b392ec3b,0.0,1.0,0.0,0.0
2025-05-08 11:50:53,AI and ad tech are safe from Trump's tariffs so far,Yahoo,https://finnhub.io/api/news?id=9b68227d03931dabb896716b461d666b0ec7f75dcb25fb916cfd07bd958d12bd,0.0,0.736,0.264,0.8225
2025-05-08 11:35:09,Talen Energy mulls options to supply data centers after Amazon setback,Finnhub,https://finnhub.io/api/news?id=3207b241f4e87dbee5c42b6a40cf4872c48a72aa06a7686dc476057e696f6b9f,0.0,0.852,0.148,0.5994
2025-05-08 11:00:25,Marvell Likely Lost A Major Design Win (Rating Downgrade),SeekingAlpha,https://finnhub.io/api/news?id=0b378b1f5927b31d5d8e03d2d83dbb716d8585cd656b723e0e7824b38af4d28c,0.145,0.7,0.155,0.3353
2025-05-08 11:00:00,2 No-Brainer Artificial Intelligence (AI) Stocks to Buy Right Now,Yahoo,https://finnhub.io/api/news?id=aadb05493519bd04150308d9c72339602a6cb8c710dd1fd0ccf6be724fb25ab6,0.0,0.636,0.364,0.9744
2025-05-08 10:30:39,AWS to invest $4bn in Chilean cloud infrastructure,Yahoo,https://finnhub.io/api/news?id=4e7abf7b381dabc7b259d0a83e56c6d2ed73a678e4417a2f6002be15fa6b540e,0.0,1.0,0.0,0.0
2025-05-08 10:13:00,Sun Country Airlines: Undervalued And Misunderstood - A Strong Buy Opportunity,SeekingAlpha,https://finnhub.io/api/news?id=3eb9820b891e60f11eb946bb60bcb9d8a082c4745a5be31bf1a7aabee36256d5,0.129,0.629,0.243,0.7783
2025-05-08 10:00:33,Bezos Space Ambitions at Risk With Musk’s Man at NASA,Yahoo,https://finnhub.io/api/news?id=708badacf8f0453805572b396e783e08ced84fdbea07921d5a3ce35989c443eb,0.097,0.756,0.147,0.6705
2025-05-08 10:00:00,UPS Stands by Call to Scale Back Amazon Business Despite New Tariff Challenges,Yahoo,https://finnhub.io/api/news?id=d8acc6ebb8172b4652eb4b40c3dbdf4a34ff671458513b2a487cbe1f9f78f21f,0.074,0.756,0.17,0.5541
2025-05-08 09:01:46,Jeff Bezos invests in Dutch AI innovator Toloka,Finnhub,https://finnhub.io/api/news?id=89b993ac38cebf1f2691eaf27b8e32e2d653164619f107cb8f0180a610722e7b,0.0,1.0,0.0,0.0
2025-05-08 08:58:00,Prediction: This Magnificent Vanguard Index Fund Will Beat the S&P 500 Again in 2025,Yahoo,https://finnhub.io/api/news?id=1dd2dd0a68458ca8de38bcd788a348d61fed7b2f838c7432d8d559f2d4dde48c,0.0,0.91,0.09,0.705
2025-05-08 08:56:12,"Shopify projects dour Q2 profit as tariff clouds e-commerce landscape, shares fall",Finnhub,https://finnhub.io/api/news?id=d84ab0535a7ee7bdc9568848408c02e5c2e42d662e80494e02083415a985ef6e,0.168,0.661,0.171,0.0258
2025-05-08 08:36:27,Britain set to strike first deal to cut Trump tariffs,Finnhub,https://finnhub.io/api/news?id=e99dcc42abcdfafa279fb0a29be893fe862829ff708dab57b6529a5cbfc441ab,0.195,0.684,0.121,-0.4019
2025-05-08 08:05:00,Amazon Sell-Off: Why Now May Be the Best Time to Buy Amazon Stock,Yahoo,https://finnhub.io/api/news?id=67a9bdf9a415c6b595d61e5a1f78829c7af9fa1db75366a5b7e7ce9a292f2fd3,0.184,0.628,0.188,-0.5719
2025-05-08 08:00:25,Utility stocks outperform S&P 500 with 'no signs of recession' in power demand,Yahoo,https://finnhub.io/api/news?id=43aa2748c001b27c16b4c71ed531e7781621cd1a4e86cb00563c3dce494608fa,0.194,0.736,0.07,-0.4019
2025-05-08 07:16:26,"Shopify sees second-quarter revenue above estimates, profit view drags shares",Finnhub,https://finnhub.io/api/news?id=a02471420b07ec11264639107f1f8b5281923f6fb93ce079e3c915cdbaf278cc,0.164,0.711,0.125,-0.1531
2025-05-08 07:03:00,The Economy Is Finally Cracking: Here's How To Rebalance Your Portfolio,SeekingAlpha,https://finnhub.io/api/news?id=6720c2df28252bc98289bcffc8c61bfec009b9ae2efba719644eb9d53ccc58ba,0.149,0.851,0.0,-0.6808
2025-05-08 05:53:00,Invesco Equity And Income Fund Q1 2025 Commentary,SeekingAlpha,https://finnhub.io/api/news?id=632ce773a75127e3e9677f6dd7be97da784b55149e1a7590e1d2010257ba1016,0.0,0.858,0.142,0.6486
2025-05-07 23:21:30,"'Jeff Bezos Would Be No. 1' — Warren Buffett Says Some People You Shouldn't Even Try to Beat, Praises Him As 'Most Remarkable Business Person'",Yahoo,https://finnhub.io/api/news?id=02f2796c6b3799343bf037a4513a815c60dbbdfa74211f041d38b982a8152633,0.016,0.809,0.176,0.9533
2025-05-07 22:52:00,Hartford Growth Opportunities Fund Q1 2025 Commentary,SeekingAlpha,https://finnhub.io/api/news?id=b44bd256d23b79f849fd26897a02f4ddcc1e3a0037f6e7edba09e100f587ddc3,0.0,0.568,0.432,0.9217
2025-05-07 20:25:09,"Amazon.com, Inc. (AMZN): Among Stocks That Will Make You Rich In 3 Years",Yahoo,https://finnhub.io/api/news?id=ece7165f33ac2846621bdd5b741bc375e3894f98d360497e935e90c9f467d756,0.0,0.859,0.141,0.8957
2025-05-07 19:11:00,Marjorie Taylor Greene Goes Stock Shopping Again: Here Are 50+ Stocks The Congresswoman Bought,Benzinga,https://finnhub.io/api/news?id=5cca64ec11aaba04b945d06e8fed345e4625528cac1f063d305299542a1c321b,0.0,1.0,0.0,0.0
2025-05-07 19:01:12,"Is Amazon.com, Inc. (AMZN) the Best Dow Stock?",Yahoo,https://finnhub.io/api/news?id=b67d22c3a440f6eb65711af464e15c8e5d0557904a9e61e1326963c1a165eae5,0.054,0.771,0.175,0.8519
2025-05-07 18:49:14,Amazon's $25B Automation Bet Includes Vulcan Robot,Yahoo,https://finnhub.io/api/news?id=f1682bf13bc348c67eaf046c5a2accc3317c9a4fdffd6c5186cc6b8605e865df,0.105,0.81,0.086,-0.1027
2025-05-07 18:33:26,Amazon debuts a warehouse robot with a sense of 'touch',Yahoo,https://finnhub.io/api/news?id=4af1ad055a4ecea92dd31182709d5a5eda3c48bc4b4865f800aac9d31abb4676,0.0,0.906,0.094,0.7579
2025-05-07 17:52:24,"Amazon.com, Inc. (AMZN): AI Integration and E-Commerce Strength Drive Price Target Boost",Yahoo,https://finnhub.io/api/news?id=78050feb86f45f48932ea4658c116bf1db72e94574458497267e821e1900fcf3,0.038,0.843,0.119,0.7269
2025-05-07 17:25:49,Amazon.com (NasdaqGS:AMZN) Reinforces Digital Transformation With US$4 Billion AWS Expansion In Chile,Yahoo,https://finnhub.io/api/news?id=34b0d9e0408f6fdfe88c7ad210847aa01e2c1933ddb8cf635edabbf04ba7a6c7,0.0,0.828,0.172,0.9349
2025-05-07 17:23:00,Hartford Core Equity Fund Q1 2025 Commentary,SeekingAlpha,https://finnhub.io/api/news?id=628123fd0ae5f166c3eccd6e90f406a5962ccb18fc51660b756316ae1e3278ac,0.0,1.0,0.0,0.0
2025-05-07 17:05:30,Temu's Threat To U.S. Retailers Will 'Continue To Weaken' From Tariff Hit: Analyst,Yahoo,https://finnhub.io/api/news?id=14813f114622847f62d2c4b30e0acbdc301f9e17ed5af65f4f33a589498b7688,0.096,0.87,0.034,-0.6597
2025-05-07 16:46:06,Q1 2025 Viant Technology Inc Earnings Call,Yahoo,https://finnhub.io/api/news?id=7c54cba01c5e306214279f1092270f66bee25ce8e825c4348b432e95d2fe126c,0.0,1.0,0.0,0.0
2025-05-07 16:40:25,Amazon $84 Million Bet on AMD Signals AI Showdown with Nvidia,Yahoo,https://finnhub.io/api/news?id=187d086e9d036500c71a2d92477f4a67108e70382bba25aed57b56bd36aca6f4,0.0,0.766,0.234,0.6705
2025-05-07 16:06:38,"Apple Teams Up With AI Startup Anthropic To Integrate Claude Sonnet Into Xcode, Challenging Microsoft's GitHub Copilot",Yahoo,https://finnhub.io/api/news?id=6737482dd1839b41dec32afd45259c9957c4b5618d43f93e5f37a5b429c12601,0.0,0.9,0.1,0.7964
2025-05-07 15:33:38,"Amazon.com (AMZN) Stock “Is Oversold,” Prominent Investor Says",Yahoo,https://finnhub.io/api/news?id=5f10846bc6eff3f373484fecafbcbe030b76f30d62444adb19bbc42850dbd8cf,0.053,0.882,0.065,-0.0516
2025-05-07 14:58:00,"Dow up 350 points on gains in Walt Disney, Honeywell shares",MarketWatch,https://finnhub.io/api/news?id=ee0a93b7dbd5e528027e36813a1f53b04188926074b3064774b8dbd9721405aa,0.0,0.662,0.338,0.802
2025-05-07 14:26:00,Marvell Stock Falls Sharply. What’s Hurting the Former AI Chip Favorite.,Yahoo,https://finnhub.io/api/news?id=f92e65359a095cbb03da07778a21558d3ec903b8a4e3d69a332cc0d5567ad042,0.078,0.696,0.226,0.6249
2025-05-07 13:57:00,"Dow rallies nearly 200 points on gains in Walt Disney, Honeywell shares",MarketWatch,https://finnhub.io/api/news?id=040293936fff13f6e5c8a103e0f96efba84ecda18a0b31433675fdb23407f543,0.0,0.685,0.315,0.802
2025-05-07 13:50:09,Why Amazon (AMZN) is a Top Momentum Stock for the Long-Term,Yahoo,https://finnhub.io/api/news?id=ef9f794362dbc53c3790a7cd5b841b220fe5ab338bd9cec009ed0e7149a0e450,0.0,0.797,0.203,0.7096
2025-05-07 13:47:57,Amazon Q1: Free Cash Flow Is Concerning,SeekingAlpha,https://finnhub.io/api/news?id=0938c0c318d3b836b242bf4f27deb046302334d6a616a20d467e17e2d3ec3368,0.09,0.743,0.167,0.0772
2025-05-07 13:47:31,"Amazon.com, Inc. (AMZN): Among Most Popular Stocks on Robinhood in 2025",Yahoo,https://finnhub.io/api/news?id=7b751cedc811e0b182f82544a14fa097a5456710c3e7603b0a1a93fa9abb8d20,0.0,0.838,0.162,0.9038
2025-05-07 13:36:44,Amazon.com price target raised to $305 from $290 at Tigress Financial,Yahoo,https://finnhub.io/api/news?id=d58b9a945945fd6a2682aa40bfa0374f8551aad58873b6a4b360f4089eed4088,0.0,0.822,0.178,0.9287
2025-05-07 13:25:15,"Amazon Is A Steal Here, As AWS Balances Commerce Headwinds",SeekingAlpha,https://finnhub.io/api/news?id=f44ad2f2ab1d838b00505ad7c6493ffb424297e65b51cd78c15a6054fa44a147,0.084,0.627,0.29,0.7096
2025-05-07 13:12:53,Amazon to spend $4 billion on cloud infrastructure in Chile,Yahoo,https://finnhub.io/api/news?id=8698752c457492b0e96591ae363e49b1756ea86f657a67a349c7e46cd3d9e094,0.0,0.95,0.05,0.34
2025-05-07 13:09:16,"Amazon.com, Inc. (AMZN): Among Billionaire Louis Bacon’s Stock Picks with Huge Upside Potential",Yahoo,https://finnhub.io/api/news?id=e4ee0280f665fc2eddbfaa5424129de14ed69d386ed83bd86f9d5a1192c6580b,0.0,0.907,0.093,0.7096
2025-05-07 13:05:30,Temu's Threat To U.S. Retailers Will 'Continue To Weaken' After Tariff Hit: Analyst,DowJones,https://finnhub.io/api/news?id=3aa08ff26de2375d4a990edcb86e37f7a29a2b355bbbcacd489d61307a009cfc,0.36,0.64,0.0,-0.9081
2025-05-07 13:00:00,Amazon to Invest More Than $4 Billion to Launch Infrastructure Region in Chile,Yahoo,https://finnhub.io/api/news?id=a78171f7e449a1e96fac08dd0b94e4e358bf17193c3bfe170e33153809cc5710,0.0,0.886,0.114,0.8225
2025-05-07 12:56:00,"Walt Disney, Honeywell share gains contribute to Dow's 362-point climb",MarketWatch,https://finnhub.io/api/news?id=0ad1882b8df45bb943de75d7951e7046be281d14d49b7188a894326ba3d58c0f,0.0,0.635,0.365,0.802
2025-05-07 12:10:13,Amazon: A Top Investment Pick For 2025,SeekingAlpha,https://finnhub.io/api/news?id=f9c7baa31c55ed4bec7458d487b41d1114d42f2b418ac449d02d74e2a764fce1,0.067,0.548,0.386,0.886
2025-05-07 11:55:00,"Walt Disney, Honeywell share gains lead Dow's 229-point jump",MarketWatch,https://finnhub.io/api/news?id=7906426674410f9f6f8829909f5b11308e4716d94b4fd5b10a9172f74ee09756,0.0,0.603,0.397,0.802
2025-05-07 10:54:00,"Walt Disney, Nike share gains lead Dow's 119-point jump",MarketWatch,https://finnhub.io/api/news?id=cd56656be1ed2f038d9dce6495df172909d1c8810fb19ec68e0a41959275d9be,0.0,0.603,0.397,0.802
2025-05-07 10:31:36,Waymo Vs. Zoox Vs. Tesla Vs. Pony - We Think Elon Musk Will Lose,SeekingAlpha,https://finnhub.io/api/news?id=1be8ccfa216f375b6aceb7d0f5ede6a8e30d7bba9d1cb848c4d744f0ae485e6c,0.143,0.651,0.207,0.6542
2025-05-07 09:45:00,"Walt Disney, Honeywell share gains lead Dow's 234-point jump",MarketWatch,https://finnhub.io/api/news?id=c2c99c34aa611e0624e222e413bd057fb500e922cf13fdeeab89f72571a7a260,0.0,0.603,0.397,0.802
2025-05-07 09:43:08,Amazon Web Services to Launch Infrastructure Region in Chile,Finnhub,https://finnhub.io/api/news?id=aa123d9fe8d23ffaaba22ae64fa41a3d4787bffcb14afe2066ff43840a15cd02,0.0,0.864,0.136,0.6486
2025-05-07 09:36:00,"Legendary investor Bill Miller on why the worst is over for stocks, Amazon’s a buy and Tesla isn’t",MarketWatch,https://finnhub.io/api/news?id=299a81af4c0d890c205760c49457b5ab6a8bcac22b4eec12f52fa6bd0366a41a,0.194,0.806,0.0,-0.8481
2025-05-07 09:01:11,PepsiCo and AWS Collaborate to Accelerate Digital Transformation,Finnhub,https://finnhub.io/api/news?id=390bc20fc594215438b5112420a1c2f4c3ae5f827540cda7ff7de9112b4abe97,0.0,1.0,0.0,0.0
2025-05-07 08:37:31,Amazon unveils robot with ‘a sense of touch’,Yahoo,https://finnhub.io/api/news?id=3389bbc5aa9fa7d60503508182d247e4758e257578e23e41c6351bc8b8610539,0.06,0.82,0.12,0.2964
2025-05-07 08:30:00,Amazon Looks Very Undervalued And Now A Deep Value Play,SeekingAlpha,https://finnhub.io/api/news?id=10f8ec94f168f52b0adabea4bb4537d2f9a45afe4934b9ea08fd14aa7792b963,0.0,0.519,0.481,0.9153
2025-05-07 08:20:00,"Tariff Turmoil Put Nvidia to a Test: Top Customers Meta, Amazon, Alphabet, and Microsoft Just Showed Us Whether the Chip Giant Passed or Failed.",Yahoo,https://finnhub.io/api/news?id=41a083c361c8b4c5a12af7fb21f943a94158728c7ca24cb853ca413bea5d5e52,0.144,0.678,0.178,0.5423
2025-05-07 08:00:00,Did Amazon Founder Jeff Bezos Just Fire Off a Warning Shot to Wall Street?,Yahoo,https://finnhub.io/api/news?id=9ae80531be525a78b706bc60559281405be90f1282eea7d41130f2bceaf8d29c,0.044,0.804,0.152,0.765
2025-05-07 07:51:00,Prediction: 5 Stocks That'll Be Worth More Than Artificial Intelligence (AI) Stock Nvidia 3 Years From Now,Yahoo,https://finnhub.io/api/news?id=01eb1099bd6112f5da0cfde98b58408658ed1bba51e8ec71f34e46a5ad690e80,0.0,0.721,0.279,0.8707
2025-05-07 07:11:00,Fidelity Select Consumer Discretionary Portfolio Q1 2025 Review,SeekingAlpha,https://finnhub.io/api/news?id=85b4c4ca2e82729c50a4ed5f08dd719e8e0a7dbd84497735573f299fe43d6d61,0.0,1.0,0.0,0.0
2025-05-07 06:19:42,Amazon's Tesla Robotaxi Rival Zoox Recalls 270 Driverless Vehicles Following Las Vegas Crash In April: Report,Benzinga,https://finnhub.io/api/news?id=f13addef82fdf86c4e7e08564b213ee0f86488109c8bfd9613de057229d101c4,0.132,0.805,0.063,-0.4215
2025-05-07 02:28:00,Fidelity Select Communication Services Portfolio Q1 2025 Review,SeekingAlpha,https://finnhub.io/api/news?id=f0027776e4229d721a9e3ad664198e877e55dd6745529b258e24c3747d38129d,0.0,0.905,0.095,0.296
2025-05-07 00:47:28,"Amazon's Zoox to scale up robotaxi production for US expansion, FT reports",Finnhub,https://finnhub.io/api/news?id=12654e7d9e658205f8ef08c8a3c8781eaa8775d2cec9dd86b3f3a218188eb6db,0.0,0.946,0.054,0.3182
2025-05-07 00:09:24,Amazon's Zoox To Scale Up Robotaxi Production For US Expansion - FT,Finnhub,https://finnhub.io/api/news?id=78a980eac5d1abdb193d9224ac4ddbb6211a90a589b21d7e694919ca66ff359a,0.0,1.0,0.0,0.0
2025-05-06 23:29:43,"Jeff Bezos Says He 'Won the Lottery' With His Teen Mom—She Had Him at 17, Took Him to Night School, Then Invested Her $245K Savings In Amazon",Yahoo,https://finnhub.io/api/news?id=3ac17dda06f6aa284123eee1437d809307c3dc7f95d471f253e54638ad78c897,0.03,0.801,0.169,0.9545
2025-05-06 21:34:21,"Donald Trump Vows To 'Call' Up CEOs Who Make Business Moves That Displease Him, Explains Why He Phoned Jeff Bezos To Scrap Amazon's Tariff Disclosure",Yahoo,https://finnhub.io/api/news?id=166242df6bf700809c125e523cf2758df7f535bda14164631fea9d44152e20dc,0.025,0.915,0.06,0.4201
2025-05-06 17:55:00,Big Tech Lets Investors Know What's Going On,Yahoo,https://finnhub.io/api/news?id=7bb3200381ab3c3e855f2172c274587b8f5e11aa14d511f71e858058c98ab6fd,0.055,0.883,0.062,0.1027
2025-05-06 17:36:21,"Amazon Reports Share Stake Of 822,234 Common Shares In AMD As Of March 31 - SEC Filing",Finnhub,https://finnhub.io/api/news?id=17b9932f0c44a7650608275b3fc93f9bd028acc1e053c60a9e41fc235714fcb6,0.0,0.636,0.364,0.9569
2025-05-06 16:44:07,Zoox Issues Voluntary Recall of 270 Autonomous Cars Over Software Error,Finnhub,https://finnhub.io/api/news?id=ffbe7ca91736cefa3678bff5cd4457d3bbb799f8e7a2d79906ba2d8edc413c84,0.194,0.762,0.044,-0.7845
2025-05-06 16:15:00,VC founder: Tariffs have triggered one big rethink on tech,Yahoo,https://finnhub.io/api/news?id=97423e693033a32ce09cdb64db7936bcce172435c1a57300af1e1cc074202f68,0.0,1.0,0.0,0.0
2025-05-06 15:50:05,Now it's unanimous. Meta's stock is the last of the Mag 7 to see a death cross.,MarketWatch,https://finnhub.io/api/news?id=3688912472a81e9f0ebf9705246c04f6c494752e02cfb11faf80328e6277b775,0.196,0.804,0.0,-0.8316
2025-05-06 15:40:31,"Amazon, Meta, Microsoft Earnings Put Dan Loeb's Portfolio To The Test",Benzinga,https://finnhub.io/api/news?id=ff652824b5ebee4e2ca767390324355c7be1b289b037b8ba1359f1ff2d8800ab,0.0,0.859,0.141,0.6597
2025-05-06 15:02:48,"Swiss Bank Remains Upbeat on Amazon.com, Inc. (AMZN) Stock",Yahoo,https://finnhub.io/api/news?id=cf9539f20a586e7d58df897cac1c7f73f4210da6cb09047223fa9e66a3137c4e,0.052,0.868,0.08,0.2617
2025-05-06 14:43:30,"Amazon Is Way Too Cheap, Even With Struggles Ahead",SeekingAlpha,https://finnhub.io/api/news?id=33a742ff4d1e0819067eba831fb94ebea83bb7e5f311bc6d7d64305a57bb2b81,0.047,0.646,0.307,0.8641
2025-05-06 14:40:20,EBay rolls out conversational AI shopping agent,Yahoo,https://finnhub.io/api/news?id=a09e9c9320b8cacb5be01e12aab0a7f9e61d54573eb88b375210091665a74a29,0.0,1.0,0.0,0.0
2025-05-06 14:27:31,Don't Get Caught In The Bull Trap,SeekingAlpha,https://finnhub.io/api/news?id=47db8ace237b1e42eeb47322e49bfd2726a9c8cf4884fa38ba5c0211af2004f4,0.059,0.842,0.099,0.3818
2025-05-06 14:12:45,Amazon's robotaxi unit Zoox agrees to software recall after self-driving Las Vegas crash,Finnhub,https://finnhub.io/api/news?id=0a60be642a6a23b06d5f08e06aa32ad9933297a9eb63b38e0140faf8eb4f76c6,0.061,0.852,0.087,0.0516
2025-05-06 13:56:33,"Big Tech ETF is on track for back-to-back losses as Tesla, Meta post sharp drops",MarketWatch,https://finnhub.io/api/news?id=f09b4bce6808b9d89198d80879f2928d77df868480a1ff3668533de43b0653e2,0.162,0.838,0.0,-0.6597
2025-05-06 13:45:10,Why This 1 Growth Stock Could Be a Great Addition to Your Portfolio,Yahoo,https://finnhub.io/api/news?id=a05c4c310ae4acc2a87930459136a0e3d69a778dfd45b936d1fe9746a62d8fb9,0.055,0.697,0.249,0.8316
2025-05-06 13:41:15,"Ford, Mattel join growing list of U.S. companies facing profit hit from tariffs",Yahoo,https://finnhub.io/api/news?id=7742d4e45c9c2a5df81a491ea512b79f7fa96cda6a5416d75bf53195e250c89d,0.0,0.765,0.235,0.8176
2025-05-06 13:19:39,Amazon's robotaxi unit Zoox recalls vehicles after self-driving Las Vegas crash,Finnhub,https://finnhub.io/api/news?id=329b1c7215d047c0cf728475edd663f1ba0f63a734e2a379522fcbd608dae170,0.119,0.835,0.046,-0.5106
2025-05-06 13:17:15,Amazon to roll out low-cost Haul service in the UK,Yahoo,https://finnhub.io/api/news?id=a434cf62538f98281b12ccc7874a4c092b4ca4b2656ff00cb5017800810af2aa,0.08,0.736,0.184,0.34
2025-05-06 07:13:00,SMCI Stock Is Falling. What to Expect From Super Micro’s Earnings Today.,MarketWatch,https://finnhub.io/api/news?id=06f8dacfbff1860f673348cbe9934bbedb7a28de66ab07f213aae2cd30b0e6b9,0.103,0.645,0.252,0.765
2025-05-06 12:42:00,"Zacks Investment Ideas feature highlights: Amazon, Apple, Meta Platforms and Microsoft",Yahoo,https://finnhub.io/api/news?id=6dbdbeea0d21f24dc4b9f6af005c599824f935007dae149fa2dd8e5a098fbb05,0.0,0.871,0.129,0.34
2025-05-06 12:27:00,CRH Stock Falls Despite Solid Earnings. Nothing Bad Has Happened—Yet.,MarketWatch,https://finnhub.io/api/news?id=46c7e5716aefa8f1165317dde4f95f0239de7c61e15ef13fae01209ee758ec62,0.117,0.651,0.232,0.5875
2025-05-06 12:08:24,Palantir's Post-Earnings Plunge: Still Too Pricey,SeekingAlpha,https://finnhub.io/api/news?id=a36e48fe433614c1929e0a5150ae183e4c8f37267993ce446403b1bd0f1f932c,0.081,0.919,0.0,-0.3919
2025-05-06 11:29:00,Whole Foods continues drive to overturn Philadelphia union election,Yahoo,https://finnhub.io/api/news?id=c5ebb3778284f35e7d00a31c4ccafa168fc14a34a65b54da907ac0e4e472210a,0.051,0.949,0.0,-0.2846
2025-05-06 11:15:00,Big Tech Breathes Life Into Q1 Earnings,SeekingAlpha,https://finnhub.io/api/news?id=0934109244e52a16781f01ab43bab1822657f490b9aacbe18715599edc2d9770,0.0,0.837,0.163,0.5994
2025-05-06 11:05:00,Prediction: Amazon Stock Will Be a Long-Term Winner Despite Economic and Tariff Uncertainty,Yahoo,https://finnhub.io/api/news?id=3c3ceb2089b082ef4178cbb5e68153b7f4f35c487ce117852b449bdbe50e7e0d,0.042,0.789,0.168,0.7351
2025-05-06 10:53:00,This zero-day options craze could finally be coming to popular stocks like Nvidia and Tesla. Here’s what to know.,MarketWatch,https://finnhub.io/api/news?id=55459c33bf80084ce1b4b8eeaaac0ac84353580b0a7ca148eee32b90efae832f,0.07,0.699,0.231,0.8126
2025-05-06 10:51:18,"Amazon.com, Inc. (AMZN): ‘Advertising Surge & AWS Strength’ Prompt Baird Price Target Hike to $220",Yahoo,https://finnhub.io/api/news?id=a6cc9f9f969f0c1197d05a69bb95435924546fb0a93b9aa1e0aa05f5d8bcf7cd,0.039,0.934,0.027,-0.2263
2025-05-06 10:44:13,Oracle: Capitalizing On Hyperscalers And AI,SeekingAlpha,https://finnhub.io/api/news?id=f4b46f6a63642997e69d5220da3030417da3a1121840eae0f4d029c534f6cadf,0.0,1.0,0.0,0.0
2025-05-06 10:24:00,Hims & Hers Stock Is Higher After Earnings. The Sales Outlook Looks Low.,MarketWatch,https://finnhub.io/api/news?id=41a68a04e5db741adebafaa2cebed699bc5c8f722de9f678058ffac9e348aec6,0.149,0.851,0.0,-0.4939
2025-05-06 10:00:06,Big Tech earnings show why the hottest trade became the safest,Yahoo,https://finnhub.io/api/news?id=a8de55f8e5b2f57e66cf362774eb7115b6670dc164bdd1cccd0fb9f69dcc08fd,0.0,0.705,0.295,0.8481
2025-05-06 09:49:03,Amazon: Managing Tariff Impact Through AI Automation And Pricing Power,SeekingAlpha,https://finnhub.io/api/news?id=e23a70f40ddd0680afef995533c7609b62711f2cacedfcce38ea7a7f4cae1c64,0.044,0.82,0.136,0.4404
2025-05-06 09:33:00,Amazon faces dilemma after DoorDash deal to buy Deliveroo for $3.9 billion,MarketWatch,https://finnhub.io/api/news?id=bd896455b75210d5651aaab078cfe563c322c9536477cc7ad5597f1289abd5e7,0.127,0.746,0.127,0.0
2025-05-06 09:30:00,New Tech Fund Backed by Jeff Bezos Courts Individual Investors,Yahoo,https://finnhub.io/api/news?id=a7e4820f6d6addb216873e824e8752491915fdd1fafbc95cca2b35058d99053d,0.0,0.899,0.101,0.2023
2025-05-06 09:05:50,"ChatGPT Stock Advice: Amazon.com, Inc. (AMZN) Among Top Stock Recommendations",Yahoo,https://finnhub.io/api/news?id=79a7187583e3b17ee512181b139eab33dc37a73a91348924177c95d1eeae26bb,0.034,0.888,0.077,0.25
2025-05-06 08:53:00,Baron Opportunity Fund Q1 2025 Shareholder Letter,SeekingAlpha,https://finnhub.io/api/news?id=5869d9ce15931be548b6215416154cc10720bcefc5fee07f88b05d28cca9ddb7,0.0,0.753,0.247,0.802
2025-05-06 08:30:00,"UTG Yields Almost 7%, And This CEF Will Benefit From The A.I. Infrastructure Buildout",SeekingAlpha,https://finnhub.io/api/news?id=95a18d7878b47da908e0c794ce4bfa8ca09b3a190570e9b8dc53404744aac94b,0.0,0.752,0.248,0.836
2025-05-06 08:05:00,Fidelity Magellan Fund Q1 2025  Commentary,SeekingAlpha,https://finnhub.io/api/news?id=72e19f4390cc40e1198016795e03466b348a86564e42bb44ac70096c885a9773,0.0,1.0,0.0,0.0
2025-05-06 07:15:00,My 3 Favorite Stocks to Buy Right Now,Yahoo,https://finnhub.io/api/news?id=d87b2c11bd176d2fdddbb157ce2909e45b9f654c456765d1040a4ee21f03694d,0.0,0.89,0.11,0.4497
2025-05-06 06:55:00,Fidelity Dividend Growth Fund Q1 2025 Commentary,SeekingAlpha,https://finnhub.io/api/news?id=f1e602ea47fc45b5539e13cc0cbc3129d120ae2af6c0235b23581ea593fe2be8,0.0,0.86,0.14,0.6369
2025-05-06 06:00:00,Amazon doing ‘everything it can’ to hold down prices amid tariffs: CFO,Yahoo,https://finnhub.io/api/news?id=291f36e44c24d7fcf6710fbb839b208a6c58d30c9bccf6683a5f1dde3d94391a,0.0,0.892,0.108,0.34
2025-05-06 06:00:00,Baron Fifth Avenue Growth Fund Q1 2025 Shareholder Letter,SeekingAlpha,https://finnhub.io/api/news?id=11a84ae9f29a11f6d04d221d4ce36b74f6c96b97dfe83ce129aa574eef7cc72f,0.0,0.788,0.212,0.7783
2025-05-06 05:25:00,Fidelity Blue Chip Growth ETF Q1 2025 Commentary,SeekingAlpha,https://finnhub.io/api/news?id=788b9dfe467245dba8d822e538e00a9f259d5f9129f7c16d9bb140668bc1b348,0.055,0.809,0.136,0.4767
2025-05-06 01:11:17,MercadoLibre: Best Growth Company In Latam,SeekingAlpha,https://finnhub.io/api/news?id=42b3226316d483af02f7c1e180f96d2ae32e8cc967a6002e899e81895f9b53b3,0.0,0.736,0.264,0.8655
2025-05-06 00:02:00,President Trump says he will call CEOs personally as he gets more involved in corporate America: ‘Wouldn’t you want me to call?’,Yahoo,https://finnhub.io/api/news?id=9a1cdb28c836c74fdd82cf5e66023c01e703ba3febbc5b402be3d09d6cec6182,0.059,0.904,0.037,-0.2023
2025-05-05 22:05:00,"Meta, Microsoft, Alphabet, and Amazon Just Delivered Incredible News for Nvidia Stock Investors",Yahoo,https://finnhub.io/api/news?id=92fa37844ea7e1d8d337c8de8871888687c8b109e97f0b855578f17fa2c0975d,0.056,0.767,0.176,0.807
2025-05-05 22:02:05,"AMZN Q1 Earnings Call: Cloud, Retail, and AI Initiatives Highlight Mixed Segment Results",Yahoo,https://finnhub.io/api/news?id=fd53922550b85cee17c055408f921bcb3cd1ab509fac7327b0f0499521ef5140,0.0,0.873,0.127,0.802
2025-05-05 20:18:00,"Buy, Sell, or Hold These Mag 7 Stocks After Earnings: AAPL, AMZN",Yahoo,https://finnhub.io/api/news?id=4829ee2005411ef6711755100de11e3dbff1654bdbdfb07b72ed68c9c142c04b,0.0,0.877,0.123,0.5423
2025-05-05 20:08:56,Jim Cramer Warns Amazon.com (AMZN) Faces “Hair on the Story” Despite “One of the World’s Best Companies”,Yahoo,https://finnhub.io/api/news?id=3c1cc3aeb9cd6df7a6a4816fd3251b792449e9dea43298e34e95f58f4e931fbc,0.058,0.89,0.053,0.1531
2025-05-05 18:38:51,Disney Q2 Earnings Preview: Growth Opportunity Or Growth Trap?,SeekingAlpha,https://finnhub.io/api/news?id=a1e028c751c114ccda215c381021fe9dca6b4eea13e6ee7e23d0acc21f385cd8,0.051,0.773,0.177,0.6908
2025-05-20 22:59:51,The AES Corporation As An Income Investment (Technical Analysis),SeekingAlpha,https://finnhub.io/api/news?id=019ec76b7e4641a4d2849fb48618fcc2398c4d916355ca7e769ad6fb9acd11c1,0.0,0.951,0.049,0.2263
2025-05-20 16:15:00,Janus Henderson Forty Fund Q1 2025 Commentary,SeekingAlpha,https://finnhub.io/api/news?id=4e3385abeb5a134ea512c831a93c9a651f051f8304f316c22b169cee35a9bf77,0.0,0.902,0.098,0.3818
2025-05-20 16:01:57,Do You Really Understand Huawei's Threat To Nvidia? (Rating Downgrade),SeekingAlpha,https://finnhub.io/api/news?id=86d7e17284f7d1648c2885cdc1b51f34c3633873dfc49a37bd541db54199b08d,0.158,0.842,0.0,-0.7479
2025-05-20 15:53:00,"American Express, Amazon.com Inc. share losses lead Dow's 150-point drop",MarketWatch,https://finnhub.io/api/news?id=815da64bea28ae485c4d60d4cdd7962b52cd49c3afea0696bacc1f4037f4da67,0.343,0.5,0.157,-0.6369
2025-05-20 15:50:35,Innovation Minds and Amazon Business Collaborate to Enhance Employee Rewards and Recognition,Finnhub,https://finnhub.io/api/news?id=6a5161e4475d6285dde4bab86ec9fb4517856ff2621060921c81d73c0704358f,0.0,0.583,0.417,0.9612
2025-05-20 14:29:00,"Dow's 260-point fall led by losses in NVIDIA Corp., Apple shares",MarketWatch,https://finnhub.io/api/news?id=41d5fa82be44a3a972b82445727244b7edd359732e8bb9b96baaff88aba981ba,0.194,0.647,0.158,-0.25
2025-05-20 14:27:20,"Amazon: AWS Cloud Market Share Falls Below 30%, Microsoft Azure Is Winning",SeekingAlpha,https://finnhub.io/api/news?id=d311d7d64f6ef176fb2303b85c272785c0539798fd8cb22860561977876a04be,0.0,0.737,0.263,0.8885
2025-05-20 12:58:41,XLG: Build Your Portfolio With The Best 50 Stocks,SeekingAlpha,https://finnhub.io/api/news?id=7d8354c7dc5619af5c3a098eb9fd382fd0c54cc9906dc2569eda769aa04dae77,0.048,0.682,0.27,0.8689
2025-05-20 12:51:45,"Amazon: AWS Powers The Bullish Case In Space, Cloud, And AI",SeekingAlpha,https://finnhub.io/api/news?id=861b7c46bbb03571f87e706e7f8193cf108a8278aea50d1506499ad69fd50353,0.0,0.803,0.197,0.765
2025-05-20 12:32:00,Janus Henderson Opportunistic Alpha Managed Account Q1 2025 Commentary,SeekingAlpha,https://finnhub.io/api/news?id=dd39c48603bf9cbd7c16dd0fad58cfd67ef883ec33b901f452f937a758cfe0f7,0.174,0.826,0.0,-0.4939
2025-05-20 12:07:34,Amazon: 3 Scenarios For 2025,SeekingAlpha,https://finnhub.io/api/news?id=05edded2e5e5901a9a85333cd9e4aa00a35599dde3dc5321b2a5d5916c16a5f8,0.0,0.85,0.15,0.6361
2025-05-20 11:45:38,Crypto scores a victory as stablecoin legislation stays alive in Senate,Yahoo,https://finnhub.io/api/news?id=c7b8c2b9540f9bad467cd405aac89aff4a6cdb05b580bb080e8c0a3f05aaaccc,0.0,0.936,0.064,0.3818
2025-05-20 11:45:00,3 Unstoppable Tech Stocks to Buy Hand Over Fist,Yahoo,https://finnhub.io/api/news?id=21faa3c8c23f7442165d39608f32f49867542a0740642c744fd82829339f11e4,0.024,0.731,0.245,0.9392
2025-05-20 11:10:00,Janus Henderson Global Sustainable Equity Fund Q1 2025 Commentary,SeekingAlpha,https://finnhub.io/api/news?id=663483b8f318225c40b35ab6882a2deaea3a2b8325c7a41ed13f1a278b30388a,0.0,1.0,0.0,0.0
2025-05-20 10:50:29,Hyliion: Production Challenges Could Impact KARNO Commercialization Efforts - Hold,SeekingAlpha,https://finnhub.io/api/news?id=9090851ec11522f5e6f456f9a2fd3424bc8c4384b204cbb5c578939c8e266b83,0.0,0.923,0.077,0.1531
2025-05-20 10:22:00,Janus Henderson Global Sustainable Equity (ADR) Managed Account Q1 2025 Commentary,SeekingAlpha,https://finnhub.io/api/news?id=3be7a11dd30e1997481e45a99512ee5e63913c751fc02bceadf5eff4a61ff7a6,0.22,0.78,0.0,-0.7351
2025-05-20 09:45:00,4 Reasons to Buy Amazon Stock Like There's No Tomorrow,Yahoo,https://finnhub.io/api/news?id=2898ad83d21c54247ab912a861c7576fbabcf5830471bd25da97e786dab2b1e3,0.03,0.748,0.222,0.9022
2025-05-20 09:33:00,Janus Henderson Global Research Fund Q1 2025 Commentary,SeekingAlpha,https://finnhub.io/api/news?id=51ac3412915715ffec0d9343fe811d79c4b7adbd26e693fb357112384995a3e6,0.0,1.0,0.0,0.0
2025-05-20 09:18:37,Magnificent 7 Stun The Street With Best Earnings Beat Since 2021,Benzinga,https://finnhub.io/api/news?id=7b46fabfcb4cb7e2457b5d7f56f87d515fd9baa60b3aa86b19004dc9580df623,0.056,0.523,0.421,0.959
2025-05-20 09:17:56,TQQQ Has Been Beaten Down Enough (Rating Upgrade),SeekingAlpha,https://finnhub.io/api/news?id=87919dfa8a1bd1a1c0169f42ae6f2eea92a8ae73ca44954f4daec930ea2eb3ad,0.139,0.861,0.0,-0.7003
2025-05-20 08:56:00,"1 Unstoppable Stock That Could Join Nvidia, Apple, and Microsoft in the $3 Trillion Club in 2026",Yahoo,https://finnhub.io/api/news?id=337c51f3761d8aa13240e96660a05a11781419e7be23f81be8773ff7af96017b,0.018,0.802,0.18,0.9001
2025-05-20 07:50:46,"Tulipshare Capital LLC Files a Notice of Exempt Solicitation to Amazon.com, Inc",Finnhub,https://finnhub.io/api/news?id=ad2ee11b120ebc515abc4b638d75d1b9c97c2270892d7e75ed089174a1b9e14f,0.0,0.939,0.061,0.2023
2025-05-20 06:05:16,Amazon com : drones deliver items in 60 minutes or less—here’s how we simplified the process,Finnhub,https://finnhub.io/api/news?id=9b46ee33a12b446ff6221bbdd72e289bb101c77aeaa425833b0af32e36ffc597,0.044,0.924,0.032,-0.1611
2025-05-20 05:58:07,Audientes to launch Companion on Amazon across 10 European markets in partnership with RMXdirect,Finnhub,https://finnhub.io/api/news?id=55273e61bb633fbc11f0a91b8d5c7932ebef2ea584cb40c2bf0d33f217bf4653,0.0,0.935,0.065,0.2023
2025-05-20 04:39:06,3 Mega-Cap Stocks with Mounting Challenges,Yahoo,https://finnhub.io/api/news?id=9c045496dffb701e0c74997d9b9e82c5cbbad52d471b2527dec3cabf6d772f99,0.107,0.785,0.108,-0.233
2025-05-20 04:30:00,Hinde Group Q1 2025 Partner Letter,SeekingAlpha,https://finnhub.io/api/news?id=46a01dc74e8cf6d987fcaf0678e1cadd7bf2d78a3671c9cafe3064e95ba538fe,0.0,1.0,0.0,0.0
2025-05-20 04:02:00,Janus Henderson Concentrated Growth Managed Account Q1 2025 Commentary,SeekingAlpha,https://finnhub.io/api/news?id=13db9baffbad752497e26abb265d55760635e8994fb267a1d930788e56a2616a,0.0,0.755,0.245,0.3818
2025-05-20 03:32:23,Online Retail Stocks Q1 Recap: Benchmarking Revolve (NYSE:RVLV),Yahoo,https://finnhub.io/api/news?id=9bb2f30059508895899309cda4e42b065e88f8492eb0ae2afbe4077f950c037f,0.0,1.0,0.0,0.0
2025-05-20 02:54:04,"Amazon: Told You To Buy At $180, Next Stop Is $250",SeekingAlpha,https://finnhub.io/api/news?id=02fe3a714b86c759fac5ab10de797d7169c6d097d1b7439f73a5d484a0111ff2,0.171,0.698,0.132,-0.128
2025-05-20 02:21:38,"Dow Jones Futures: Amazon, Broadcom, Meta, Palantir In Or Near Buy Zones",Yahoo,https://finnhub.io/api/news?id=e0279dee06de69faea854ae6d108accbc6ce0cef37b7f803b2dc10e5b664319f,0.0,0.787,0.213,0.765
2025-05-20 00:44:00,Janus Henderson Concentrated All Cap Growth Managed Account Q1 2025 Commentary,SeekingAlpha,https://finnhub.io/api/news?id=6f1e131948f469cef9c45e50cad0f27f5dbb52242baaf17597d284cc50c1b989,0.08,0.72,0.201,0.5719
2025-05-19 22:54:42,Tracking David Tepper's Appaloosa Management Portfolio - Q1 2025 Update,SeekingAlpha,https://finnhub.io/api/news?id=571b5fd48a654bb868cb2b6d859320d89d5a354aa0d0e9a754415714558138ad,0.0,0.877,0.123,0.4939
2025-05-19 21:00:00,The Tech Industry Is Huge—and Europe’s Share of It Is Very Small,DowJones,https://finnhub.io/api/news?id=200ab5085334aa14faa5d7cc2a5b442af82e14583e9bee75f76f518bfbb1c3d6,0.0,0.833,0.167,0.5267
2025-05-19 15:26:00,Forget the U.S. Downgrade. Here’s What Really Matters to the Market.,MarketWatch,https://finnhub.io/api/news?id=20bcf12350474078900a3e21981c4b05836090b9414a50acc93042833dfd8936,0.155,0.732,0.113,-0.2533
2025-05-19 17:14:00,Tech stocks took a hit after the last two U.S. credit downgrades. Why this time could be different.,MarketWatch,https://finnhub.io/api/news?id=4e273e7ca1bddc705d0718fbf20f17525ac049fe2709bf139e3fb5c5c4b47a91,0.0,0.867,0.133,0.6369
2025-05-19 16:00:23,Microsoft goes all in on AI agents at annual Build conference,Yahoo,https://finnhub.io/api/news?id=151ad1c9534ac7fffccc9099c7597848f31fa22b269a0c68dba00f5e3b2e5818,0.0,1.0,0.0,0.0
2025-05-19 15:50:33,Netflix stock downgraded on valuation concerns despite recent defensive strength,Yahoo,https://finnhub.io/api/news?id=5a02becd7c0820880e13dd11cef4ac53c38cf965ffc4d33850fedee0e2815594,0.15,0.85,0.0,-0.4023
2025-05-19 15:43:00,Hartford Large Cap Growth ETF Q1 2025 Commentary,SeekingAlpha,https://finnhub.io/api/news?id=f563a3b9a9ce763c03eb924355c9365044cd53d0090f29fd4aae82ba75cfff2f,0.0,0.747,0.253,0.7783
2025-05-19 14:07:17,Amazon: Aggressive Innovation To Protect The Moat,SeekingAlpha,https://finnhub.io/api/news?id=9ad7519b3c4898d04a67e44f2098926608c33d0e90c422b637c816e110641237,0.042,0.554,0.404,0.9136
2025-05-19 13:30:00,3 Reasons Amazon Stock Looks Like an Incredible Bargain Right Now,Yahoo,https://finnhub.io/api/news?id=ba5b041c6857ebc5dd3046b4a6abe51739b8718fea0a3afc997e9508a20591ec,0.0,0.721,0.279,0.9152
2025-05-19 12:35:00,1 Artificial Intelligence (AI) Stock to Buy No Matter What Happens With Tariffs,Yahoo,https://finnhub.io/api/news?id=b460df7548801ba1d157dd471fa85a1600088e3466660c540b73425741da5093,0.018,0.807,0.175,0.8529
2025-05-19 12:10:00,Janus Henderson Global Technology and Innovation Fund Q1 2025 Commentary,SeekingAlpha,https://finnhub.io/api/news?id=e09e926f54227f8c5a36b381ed0c27689fc89fc10391265be4caedbdc9b9acbf,0.0,0.923,0.077,0.3818
2025-05-19 12:09:56,This could be another market surprise after the Moody's US credit rating downgrade,Yahoo,https://finnhub.io/api/news?id=c7b64b811d22ca3cafa36f1d3e94a2ddc61081b15b69c36064775fc26e24a11c,0.071,0.682,0.247,0.6597
2025-05-19 11:59:00,Wall Street Lunch: Nvidia's Huang Previews Next-Gen Tech,SeekingAlpha,https://finnhub.io/api/news?id=fe759bd3e10bfd81ec9eea2a4b6bdfbf04c21a394a10b488234a4e8c2675f510,0.0,0.952,0.048,0.2023
2025-05-19 11:48:00,Janus Henderson Contrarian Fund Q1 2025 Commentary,SeekingAlpha,https://finnhub.io/api/news?id=eefef433c478feb438bbaa39ac7eed8bcb254bae78c66f46e8bf17641870c154,0.0,1.0,0.0,0.0
2025-05-19 11:13:18,Meta: One Of The Most Attractive Mag-7 Stocks,SeekingAlpha,https://finnhub.io/api/news?id=29fa47cccae542c81cd9afcfee9938278d01ba23dce01db1f2603c1f5af6cd95,0.0,0.531,0.469,0.9601
2025-05-19 11:00:00,Amazon plans fourth robotics fulfillment center in Virginia,Yahoo,https://finnhub.io/api/news?id=3c4d85ec2371dd3edd4ea3935181cac071131c89df38a4c6136d516bd25189bf,0.0,0.878,0.122,0.4404
2025-05-19 10:46:00,Janus Henderson Balanced Fund Q1 2025 Commentary,SeekingAlpha,https://finnhub.io/api/news?id=afd2de04e75f146aa407e807b818159d04600d690b1f9426f93ceada4148ab74,0.0,1.0,0.0,0.0
2025-05-19 10:30:26,"Intel debuts AI GPUs for workstation system as it works to gain ground on Nvidia, AMD",Yahoo,https://finnhub.io/api/news?id=618061fcc445a5142a9cabf2cb0bba5f11362605bf5622fceaf32920635ceb0a,0.0,0.829,0.171,0.7783
2025-05-19 09:33:34,"Dow Jones Slides 250 Points On U.S. Credit Downgrade; Apple, Nvidia, Tesla Sell Off",DowJones,https://finnhub.io/api/news?id=689bb849061150933b3c79bf450be3045881c565c3f27bce55151c3d3946a38c,0.0,0.833,0.167,0.6369
2025-05-19 09:29:26,Walmart stock slips as Trump takes aim at retail giant over tariff-fueled price hikes,Yahoo,https://finnhub.io/api/news?id=e414dbcc8fb6611c7a8a2be7a4fb3ff44125ea9c3bdbb746b95ac13e73e8267b,0.0,0.919,0.081,0.296
2025-05-19 09:15:00,3 Warren Buffett Stocks to Hold Forever,Yahoo,https://finnhub.io/api/news?id=94ea5949c138a49647d829f71ec8239658a3c9203613121198f49146bcc7851c,0.077,0.688,0.235,0.5994
2025-05-19 09:11:37,America's Credit Strength Just Got Cut Again: Should You Panic?,Benzinga,https://finnhub.io/api/news?id=637fd79a7430739599168bd3ec9a3f507c73e9650f9a5faed662dd82469f66d1,0.176,0.58,0.244,0.4423
2025-05-19 08:00:50,"Trump warns America’s businesses: Eat my tariffs, or pay the price",Yahoo,https://finnhub.io/api/news?id=be03a6045f6a582c518a18097da20959551351a454b5ca091356e97ec92c2dad,0.243,0.757,0.0,-0.6597
2025-05-19 08:00:00,Bear of the Day: United Parcel Service (UPS),Yahoo,https://finnhub.io/api/news?id=84742bf98c8bd47a752d23f6c9648fb355e7a9c5a556bf9adf697b342eea5cf1,0.065,0.746,0.189,0.5106
2025-05-19 05:23:41,"Apple's AI-Powered Home Services Strategy Could Upend Yelp, Angi, Alphabet: Insider Says Trust, Data And UX Key In This $500 Billion Market",Benzinga,https://finnhub.io/api/news?id=649da43b6740bdb8b7d5f2c9ae2891d8cd45a6d77c0ce35b303c7422f8c70cdb,0.0,0.946,0.054,0.5106
2025-05-19 04:37:21,'Choose France' summit to bring 20 billion euros of new investment,Finnhub,https://finnhub.io/api/news?id=907c1adc3288da1d26b204343c3155e87f6af11556c8032dc8c0ca72cc6258af,0.0,0.939,0.061,0.34
2025-05-19 04:12:44,Investors Seem Content To Chase 'Fool's Gold',SeekingAlpha,https://finnhub.io/api/news?id=e8c63b1bbf9cd1579b157a573d821cfcfdefe13c3fd7e6d173c240ed127b4fa4,0.0,1.0,0.0,0.0
2025-05-19 03:25:14,FLQL: Multi-Factor Vs. Single Factors,SeekingAlpha,https://finnhub.io/api/news?id=49378a38da8b32d672f3bafed22ed31f182419f9216d3277db29ec935e7a0d2d,0.0,0.912,0.088,0.34
2025-05-19 01:14:13,INFO: New Active ETF With A Good Start,SeekingAlpha,https://finnhub.io/api/news?id=99efc2ccd0f9c15a38846079bdec8289468ecdaa79adc9ed0954d5799f6c0099,0.0,0.625,0.375,0.9153
2025-05-19 00:08:13,"Rackspace: Shifting To Higher-Margin Cloud, Amid Risks (Rating Downgrade)",SeekingAlpha,https://finnhub.io/api/news?id=3ddc7e26f31d36cd5536066b71e399443ab681413c8f51e6fc030acae53dd865,0.103,0.833,0.064,-0.2023
2025-05-18 23:41:35,David Sacks Hails Trump's AI Strategy In Middle East As Power Move Over China — OpenAI CEO Sam Altman Backs Him: 'Sorry Naive People Are Giving You Grief',Benzinga,https://finnhub.io/api/news?id=648f0740af506163ddfc14556415e6c132d0a1a69cee1a4d2e7557fabfb2b6d0,0.145,0.73,0.126,0.1779
2025-05-18 22:17:00,"The 2 Best Stocks to Invest $1,000 in Right Now",Yahoo,https://finnhub.io/api/news?id=916a7c07d2ec5fd396297905811650b8373ef87cd811cf7384176657be285ecc,0.032,0.701,0.267,0.9571
2025-05-18 21:36:08,Tracking Ken Fisher's Fisher Asset Management Portfolio - Q1 2025 Update,SeekingAlpha,https://finnhub.io/api/news?id=3d4ca0c5601d6c33d5b8a73480c0af970db18cd3837050d03c55d97c742ceec1,0.0,0.721,0.279,0.8481
2025-05-18 21:27:09,"S&P 500 At 5950, Do We Revisit The Lows? Here's What Happens",SeekingAlpha,https://finnhub.io/api/news?id=9e1331ab15fb45d4882055ee2be9c5d9e3874c1c258dae02e392ffa38250c5e3,0.141,0.859,0.0,-0.2023
2025-05-18 19:22:00,"Artificial Intelligence (AI) Infrastructure Spend Could Hit $6.7 Trillion by 2030, According to McKinsey. 4 Data Center Stocks to Load Up on Right Now Like There's No Tomorrow.",Yahoo,https://finnhub.io/api/news?id=8df96d9789879e141c2c7d5d5635e0931febe412b85d0f0f9d1d4525ee9e01ae,0.021,0.866,0.113,0.8176
2025-05-18 17:28:00,Warner Bros. continues hot streak as ‘Final Destination: Bloodlines’ tops box office,MarketWatch,https://finnhub.io/api/news?id=d5fe6de55c11eb47f6679ff5e7cdcbfb9e16a204997434d53718132b271512e5,0.0,0.769,0.231,0.765
2025-05-18 14:05:00,Is United Parcel Service Stock a Buy Despite Tariff Worries?,Yahoo,https://finnhub.io/api/news?id=0f26a26e60dab84814086181f2d10e38aef74f0eda9850e41eab86c86c88ad40,0.113,0.746,0.141,0.128
2025-05-18 13:25:49,Model Portfolio For Capital Appreciation: May 2025,SeekingAlpha,https://finnhub.io/api/news?id=29e68c6a874f383bf720d101b9bbdde6f819a96418934ffe8a8abff486120174,0.0,0.836,0.164,0.7096
2025-05-18 12:00:07,Big Tech Goes From Stock Market’s Safest Bet to Biggest Question,Yahoo,https://finnhub.io/api/news?id=3241e52d58c197c46f264e2441ba4e15b2b8bfc0784ce073df349ace29c59d9d,0.17,0.776,0.054,-0.886
2025-05-18 12:00:00,3 Tech Stocks Destined to Drive Wealth Now and for Years to Come,Yahoo,https://finnhub.io/api/news?id=67c70c9cdc9f2f956adf6a7fe74d6aa29087b8a640d255032bfcf386e8853c6d,0.088,0.778,0.134,0.5267
2025-05-18 11:30:36,Trade deals take center stage: What to know this week,Yahoo,https://finnhub.io/api/news?id=4093ea94d437c56d6d71b07001e47c5838866b9f94731e7ebe2f01441af47ffa,0.099,0.842,0.059,-0.3818
2025-05-18 11:15:00,Here's Why Amazon Is a Brilliant Buy Now (Hint: It's Not E-Commerce),Yahoo,https://finnhub.io/api/news?id=ef42cb527b07a0f885e9b931b34f458ff8a94df8c221a3482f8bb6ce4dfc13d5,0.0,0.77,0.23,0.93
2025-05-18 11:15:00,Alphabet Has A Good Chance Of Winning The AI Race,SeekingAlpha,https://finnhub.io/api/news?id=4b87b147b931b43416e12fc51bc351e4c9dc60a6e93fef6a846ef08ae244d105,0.0,0.458,0.542,0.8074
2025-05-18 10:00:23,Trump tariff uncertainty still makes earnings estimates and guidance useless,Yahoo,https://finnhub.io/api/news?id=c39621b0672b11cfccd0f5ee7ef4fef23a1d7c74c69bb20e2e48cb3d3bf3f850,0.191,0.809,0.0,-0.6369
2025-05-18 08:51:00,32.9% of Warren Buffett's $286 Billion Portfolio Is Invested in 3 Artificial Intelligence (AI) Stocks,Yahoo,https://finnhub.io/api/news?id=27645b5f771d9aa1d7ec7e5187e3fcdf245047407a45ef06358b9034e349f1b7,0.0,0.939,0.061,0.6124
2025-05-18 08:48:00,3 Reasons to Buy Nvidia Stock Hand Over Fist Before May 28,Yahoo,https://finnhub.io/api/news?id=9108b26bea9767a043a2eae76ce985eab7f580272432ac08768cfd5cbfb0ff97,0.094,0.705,0.201,0.8344
2025-05-18 08:15:00,Prediction: This Will Be Wall Street's First $10 Trillion Company -- And It's Not Apple,Yahoo,https://finnhub.io/api/news?id=3930c97f62188a6ef60ea6f94b2bf8a1756521e120653db0122e6524d83fcf08,0.0,0.85,0.15,0.8373
2025-05-18 00:00:52,"Jeff Bezos Once Told Employees, 'I Predict One Day Amazon Will Fail. Amazon Will Go Bankrupt' — But His Goal Was To 'Try And Delay' The Inevitable",Yahoo,https://finnhub.io/api/news?id=09cebad511cd6dccc43a1cb109820659142d79d0788e59caa73e0e9ac32c0df0,0.216,0.69,0.094,-0.9722
2025-05-17 22:10:00,"Cathie Wood Is Buying This Top E-Commerce Stock That's Down 36%, and She Won't Stop Selling Palantir.",Yahoo,https://finnhub.io/api/news?id=5fcaab4592f2647b4071c5835c4d8ce11cae0eda8acc14dc686d119d0ef7b94d,0.0,0.792,0.208,0.9258
2025-05-17 22:01:00,5 Supercharged Growth Stocks I Bought During Last Month's Stock Market Crash,Yahoo,https://finnhub.io/api/news?id=e71d48a675e81c0412933afa1d203c341d45eea90f2d1c364dc1354f3c8ee7fe,0.082,0.606,0.312,0.765
2025-05-17 20:30:00,1 Monster Stock to Hold for the Next 5 Years,Yahoo,https://finnhub.io/api/news?id=2812d5cfc78c7242c66639ce56ad3e291446dd99978f4a8d9f9ce0be26beaa5c,0.035,0.868,0.096,0.4215
2025-05-17 17:36:00,AI Daily: Nvidia says not sending GPU designs to China,Yahoo,https://finnhub.io/api/news?id=694b4db628bc7aaf5fa01837411b17bafa9dd91c30d6a9a7e41ea42405285e38,0.03,0.921,0.05,0.2422
2025-05-17 17:15:51,"Anthropic closes $2.5B credit facility, CNBC reports",Yahoo,https://finnhub.io/api/news?id=a4e9800a015868aa0567c5c4c7bf2a5cb260a8decfad6a4cb9aac21df3cf3f21,0.0,0.847,0.153,0.9081
2025-05-17 15:51:26,"Walmart should 'eat the tariffs,' Trump says, after retailer warns of looming price hikes",Yahoo,https://finnhub.io/api/news?id=df721fb0dee9f5bb1e5febe570bf2aa6cc1009029ccbb783ff30e3b25131c895,0.097,0.903,0.0,-0.2263
2025-05-17 15:03:00,Could Buying Amazon Today Set You Up for Life?,Yahoo,https://finnhub.io/api/news?id=676d26c641c5778d0e586aa17f8ed6e58b53824efb4978b9171dca5317bc4612,0.0,0.842,0.158,0.4137
2025-05-17 14:05:00,Prediction: This Artificial Intelligence (AI) Data Center Stock -- Backed by Nvidia and Billionaire Jeff Bezos -- Could Go Parabolic After May 20,Yahoo,https://finnhub.io/api/news?id=901d1b8d4d1fc3d82e4c87d0c16b8978db4ea13eb019fd5f12469bdf60214114,0.0,0.945,0.055,0.2732
2025-05-17 14:00:19,This week in Trumponomics: Everyday higher prices,Yahoo,https://finnhub.io/api/news?id=9b41dce534364eccbd911a573357688cecbc1033883cb460b6e57e078ee65b22,0.0,1.0,0.0,0.0
2025-05-17 13:00:33,Nvidia-backed CoreWeave soars 100% since IPO as investors see AI demand outweighing 'risky' business model,Yahoo,https://finnhub.io/api/news?id=a07236cbce485ef97ef96dcc3e6a84a653cce29df3a4b44df7b371dcc04107a6,0.067,0.832,0.101,0.4019
2025-05-17 12:00:00,"3 Top Stocks to Buy With $5,000 Today and Hold Forever",Yahoo,https://finnhub.io/api/news?id=907c4cbb6dd9a4bc7ce4e3701aa78f157335295270cd6b8094bc1002cfe4d404,0.027,0.639,0.334,0.9623
2025-05-17 10:08:51,MongoDB's Growth Engine Stalls: Atlas Deceleration Signals Deeper Problems Ahead (Downgrade),SeekingAlpha,https://finnhub.io/api/news?id=6bc57272e67f451270c9b7dce2be4832de8aa143e87e2d8bbb619580048bf70c,0.189,0.629,0.182,-0.0258
2025-05-17 09:42:42,Tech Is Crushing Dividends - And I Love It,SeekingAlpha,https://finnhub.io/api/news?id=bdcf270c627af8c8a6d56bbf5b554ed7a1d8dd473feb1ec7903a4f1d7c7e5300,0.057,0.711,0.232,0.8225
2025-05-17 09:30:00,"In a Trade War, Walmart Lacks Some of Amazon’s Ammunition",Yahoo,https://finnhub.io/api/news?id=baccbee34b4e4452855a14f6595878eec3ebfc479553a62804be366776561c8c,0.044,0.901,0.055,0.4497
2025-05-17 08:46:00,1 Ultra-High-Yield Dividend Stock Down More Than 50% to Buy Right Now,Yahoo,https://finnhub.io/api/news?id=961b6920b6811bfca93027669430c3823a754911066cefaa396927f018bf580b,0.043,0.87,0.087,0.3612
2025-05-17 08:35:00,Prediction: This AI Stock Will Be Worth More Than Apple By the End of 2025,Yahoo,https://finnhub.io/api/news?id=e3d0ed1dad821e6ad6fc02cd528eaea2810dc6c25b0dd28cd298252032f8d400,0.0,0.845,0.155,0.7845
2025-05-17 08:30:00,Anatomy Of A Market Storm And Its Dissipation,SeekingAlpha,https://finnhub.io/api/news?id=4b7347c8603150becd5e4ff80449240dd6a30da60eebfab4bf4fca2e5df970ff,0.0,0.815,0.185,0.7783
2025-05-17 05:30:00,What Is Big Tech Trying to Hide?,DowJones,https://finnhub.io/api/news?id=2a8e76c8ac6da5820b075935ab3c4fd8dd5ccd5f21a9694d57096ed011189f86,0.239,0.761,0.0,-0.4137
2025-05-17 05:08:37,Prologis: The Warehouse King With A 3.8% Yield And Room To Run,SeekingAlpha,https://finnhub.io/api/news?id=1cfe8b2ff501c39ecaebd903681520b11769c523a4f0f2a2393631a59e5d6148,0.0,0.799,0.201,0.8074
2025-05-17 00:42:00,"Retail Earnings Continue: Target, Home Depot on Deck",Yahoo,https://finnhub.io/api/news?id=92669e14490063e5adaa3c88d8df7123b3d51227b937bdefcdc4a89b70628c23,0.0,1.0,0.0,0.0
2025-05-16 21:23:00,Fox Corp. Readies Fox One Streaming Service,Yahoo,https://finnhub.io/api/news?id=131bb30316680b65d0a8702e445fd73305b14dbc06bd442cc9c47c792ad64288,0.047,0.886,0.068,0.2263
2025-05-16 21:18:00,"Prediction: This ""Magnificent Seven"" Stock Will Be the Most Valuable Company in the World in 10 Years",Yahoo,https://finnhub.io/api/news?id=0bae11b000d94c45e19c01c752a0dc0a3e228f433b46366496b28f5ab0a58d92,0.0,0.684,0.316,0.9245
2025-05-16 20:00:00,BofA makes FedEx price target decision after Amazon deal leak,Yahoo,https://finnhub.io/api/news?id=5a4d5506d8c95fd5ffc0a019183c2e93106c5f0dfbc223b8905e674f21fd6fac,0.075,0.75,0.175,0.296
2025-05-16 16:52:35,Rivian Automotive: A Dead Cat Bounce,SeekingAlpha,https://finnhub.io/api/news?id=8df7372c2a53d0be1644f22dab08eee67708479a3ff71722a292d25c46beb1de,0.083,0.752,0.165,0.1531
2025-05-16 16:45:45,Celestica: The Quiet AI Hardware Powerhouse,SeekingAlpha,https://finnhub.io/api/news?id=e4d31fc9562e4f298afbd840ba4ce973a131839cdbbe9b26ffff818102cc7db9,0.0,0.599,0.401,0.886
2025-05-16 16:17:18,Nvidia stock set for 15% weekly gain as trade news boosts AI chip,Yahoo,https://finnhub.io/api/news?id=8fe2fc273dff96ea15f77d598d523b963c10d22e2c7ee4f5789f4c38d03c897e,0.0,0.768,0.232,0.9118
2025-05-16 16:07:22,"US-China Trade Truce, Trump's Middle East Deals Spark Wall Street Rally: This Week In Markets",Benzinga,https://finnhub.io/api/news?id=8f2b361a109b84049ea6b98e377ec44212040f43844863b5542aa8771ac10a83,0.049,0.789,0.162,0.5994
2025-05-16 15:37:07,"Amazon, worker union before Quebec labour tribunal over warehouse closures",Finnhub,https://finnhub.io/api/news?id=951bfbda7a15cec8fd90546ccd7704708cb1e70e8dfd14d1126dd1d189051a84,0.054,0.867,0.08,0.0258
2025-05-16 14:53:39,Apple Stock: President Trump Had A Point In Qatar Meeting,SeekingAlpha,https://finnhub.io/api/news?id=c2f4a5178a5e878b945bff8968a4974b027882018fae0bb5390be083c8f34878,0.049,0.839,0.112,0.4404
2025-05-16 14:10:00,Nvidia customers will push into AI until they 'become irrelevant',Yahoo,https://finnhub.io/api/news?id=e16386e89ab53ec637d72de908cef4b4ed5a998d13fe5bc7ad0aa15e789a8f67,0.0,0.857,0.143,0.9325
2025-05-16 13:48:14,Nvidia Shares Roar Back as Clouds Hanging Over Chipmaker Fade,Yahoo,https://finnhub.io/api/news?id=dbbb0bcb430ba3fc91d7a6b8625bcb740932b754611b2465b4325750114468f8,0.131,0.756,0.113,-0.4019
2025-05-16 13:00:13,"Amazon.com, Inc. (AMZN) Is a Trending Stock: Facts to Know Before Betting on It",Yahoo,https://finnhub.io/api/news?id=464ecf5ad58287edd996cae4f043074bb40ce74948470cb5716462183f2bd0d4,0.0,0.895,0.105,0.4767
2025-05-16 12:56:41,"Amazon: The Whole Package, Long-Term Buy For This Tough Grader (Upgrade)",SeekingAlpha,https://finnhub.io/api/news?id=a31ca73eb1f1d465cb2387d62ba7bf01827037226e2df9c95fb77b2e4f6af6b8,0.037,0.75,0.214,0.7766
2025-05-16 12:15:00,The Smartest Growth Stock to Buy With $250 Right Now,Yahoo,https://finnhub.io/api/news?id=02576709afefa63363fd735c140352fcbf9dbb650965202d08526bbd8ef68998,0.0,0.681,0.319,0.9047
2025-05-16 12:14:24,Market Chatter: Amazon's 2 Prime Air Drones Fell Due to Faulty Readings From Lidar Sensors in December Experimental Test,Yahoo,https://finnhub.io/api/news?id=3c3b21225026245c39f87922a6adedcb2770e12cb775c8aa379a62a604668228,0.126,0.874,0.0,-0.5574
2025-05-16 12:07:44,Mark Cuban Bids Farewell To 'Shark Tank': How To Watch Finale And What's Next For Hit Show,Benzinga,https://finnhub.io/api/news?id=7b071c31eb9d5c4b348379f19179b25873dde9fd13a318b8243fb6f6080a035f,0.058,0.867,0.076,0.25
2025-05-16 11:43:23,Amazon and Gopuff partner for rapid grocery delivery in UK,Yahoo,https://finnhub.io/api/news?id=dca1d15b544eb16086890608271df58113f0611b3c6e9a30c2d7aed111706f6e,0.0,0.934,0.066,0.1779
2025-05-16 11:39:13,"Loeb's Third Point Exits Meta, Tesla, Rotates Into Staples, Telecom, Industrials",Benzinga,https://finnhub.io/api/news?id=05fd7c9798ba6b354b027ea17effae1d6783e748c772a71c3e8d7922c54c99ac,0.0,0.907,0.093,0.3818
2025-05-16 11:28:35,Exclusive: Stord raises $200 million in equity and debt to empower brands competing with Amazon,Yahoo,https://finnhub.io/api/news?id=ecbd930d766e536c0b46771d9967a89a33b39c33c8073ab46c376a268d0c081c,0.119,0.736,0.145,0.0258
2025-05-16 11:19:00,Will a Charter-Cox merger prove that bigger is better in a fast-declining cable marketplace?,MarketWatch,https://finnhub.io/api/news?id=d14b7ded38865a584a98ec75bfd593ae7a17a440b02929c9f29f4c814e0ff1ce,0.0,0.808,0.192,0.7319
2025-05-16 11:11:00,Prediction: MercadoLibre Will Beat the Market. Here's Why.,Yahoo,https://finnhub.io/api/news?id=c75baf01b0c47c19e797f26d2af09ecac6735ffc3f7ab626ce6d3d1722f9d9f1,0.0,1.0,0.0,0.0
2025-05-16 11:00:19,Recent Filing Shows That Rep. Thomas Kean Bought Over $9K Worth of Amazon.com Stock,Benzinga,https://finnhub.io/api/news?id=5da08614657cc2dcc38571338ff2749e673609597431bc7b64b21e57bf781b67,0.0,0.872,0.128,0.2263
2025-05-16 10:05:38,"Weeks after Amazon's Alexa+ AI launch, a mystery: where are the users?",Yahoo,https://finnhub.io/api/news?id=eecbfce62da8ee14bc4056fb6e33ba2675d60a11875f735c6e6521af503b6c88,0.0,0.906,0.094,0.7691
2025-05-16 10:01:10,Amazon Prime Video books ad record and rising ratings,Finnhub,https://finnhub.io/api/news?id=af745bf8c87faa2a08f766a1ad28d4ba9d13adc481060737818bf45f9efc65ba,0.0,0.916,0.084,0.34
2025-05-16 09:52:00,"David Tepper’s Appaloosa Sells FedEx Stock, Alters Mag 7 Holding",MarketWatch,https://finnhub.io/api/news?id=71fccce6db73cf8ba7b734f72aea54d89c39d8c26413f20e19036e9269d63ab5,0.0,1.0,0.0,0.0
2025-05-16 09:14:24,"US Slams Europe's Digital Laws, Calls Them A Danger To Free Expression And American Big Tech",Benzinga,https://finnhub.io/api/news?id=ccd395a626a42a36877abdda67ab46e42f2cff6479124e9170c2002dc9a2fe07,0.112,0.713,0.175,0.4767
2025-05-16 09:10:00,Better U.S.-China Tariff Deal Buy: Amazon vs Nvidia,Yahoo,https://finnhub.io/api/news?id=63d9e46f93d551b822c68338a22b39ebb161ea8da3ea574a25a4a522d4e15520,0.057,0.731,0.212,0.8926
2025-05-16 08:45:00,Automating The Warehouse: Insights From Amazon's Robotics Efforts,SeekingAlpha,https://finnhub.io/api/news?id=d2411a510aab99214eaae8d491bb3b7d56a11fdcdb341384ad82ec33af2dae1b,0.0,1.0,0.0,0.0
2025-05-16 08:13:59,"Wall Street Poised To Open Higher After S&P 500's 4-Day Run: 'Sounds Like Powell Is Expecting More Frequent Bouts Of Stagflation,' Cautions Expert (CORRECTED)",Benzinga,https://finnhub.io/api/news?id=089c9236ed14b04550f0f5d79f4ea7796500531aa0d64af3e62ec2665bdabe2e,0.0,0.83,0.17,0.5423
2025-05-16 08:05:00,My Top Artificial Intelligence (AI) Stock to Buy in 2025 and Hold Forever,Yahoo,https://finnhub.io/api/news?id=f43e2e6083856fcabdfcd3d3d983a88b6ba0b384044c5058e67f86711889ec2a,0.0,0.745,0.255,0.9246
2025-05-16 08:00:00,3 Warning Signals For The U.S. Equity Market,SeekingAlpha,https://finnhub.io/api/news?id=139213253c92b9f071d9e60c9b7ee0f6203b8c41e95222bc5b042cbf09dde357,0.072,0.692,0.236,0.6643
2025-05-16 07:06:13,"Rocket Companies Soars 6% In Friday Premarket As Activist Investor ValueAct Reveals New Position, Calls RKT A 'Sleeping Giant' In Early Innings",Benzinga,https://finnhub.io/api/news?id=dcedeb03e4aff790168fd05ffc28ef28227bc43a187e2c27dc9e8f5bf5dac84e,0.0,0.897,0.103,0.5719
2025-05-16 04:31:31,"S&P 500 Settles Higher For Fourth Session Amid Surge In Tech Stocks: Investor Sentiment Slips, But Fear Index Stays In 'Greed' Zone",Benzinga,https://finnhub.io/api/news?id=85d1729b874d060cbaae2ea37ae48544238d88775092abf82c2ad5f649050c81,0.282,0.718,0.0,-0.8338
2025-05-16 01:34:00,BlackRock Advantage Large Cap Core Fund Q1 2025 Commentary,SeekingAlpha,https://finnhub.io/api/news?id=5e1c61badd2b59a93f58c27c73183e0b26195944b2c243e2d9b6f3e023669d1e,0.0,0.787,0.213,0.7506
2025-05-15 23:51:00,BlackRock Capital Appreciation V.I. Fund Q1 2025 Commentary,SeekingAlpha,https://finnhub.io/api/news?id=1b2fa00a0a5e733ed23500a860dbfee3c7150df1d4547497dc0463c73f91fa0a,0.0,0.754,0.246,0.8316
2025-05-15 23:30:00,BlackRock Technology Opportunities Fund Q1 2025 Commentary,SeekingAlpha,https://finnhub.io/api/news?id=503ab2226dd11d9a8ec23e56e9a224ac768f8b3d15718c622d67f13a514458bd,0.0,0.738,0.262,0.8225
2025-05-15 22:30:00,"Away, an Original Internet Darling, Will Sell Its Luggage in More Places",Yahoo,https://finnhub.io/api/news?id=2d4393ee5581288ffcb9892c7961d716683579bd8acfad8b85ea4a08800da664,0.0,0.753,0.247,0.802
2025-05-15 22:01:11,"Amazon.com, Inc. (AMZN) Deepens AI Push With AWS – PagerDuty Deal To Power Global Ops Cloud",Yahoo,https://finnhub.io/api/news?id=f5fd14dc01b96895da260f5edca1819de7d5712ccf364961e153c6d563c6cb37,0.0,0.91,0.09,0.7003
2025-05-15 21:55:09,Why retail traders are jumping back into Nvidia and Apple,Yahoo,https://finnhub.io/api/news?id=e28952f697276bc37fba67a859a97ba966cacd228c79f2a51a55982c9f9d7623,0.0,0.94,0.06,0.4939
2025-05-15 21:30:30,Jeff Bezos Became A Billionaire After Taking This Leap Of Faith: Would You Have The Stomach For His 'Regret-Minimization' Strategy?,Yahoo,https://finnhub.io/api/news?id=cde5b5fd731b0e6952987550648f5b62e9d19ea244e9ea93b311e10a95e4ff7e,0.0,0.929,0.071,0.6964
2025-05-15 20:55:34,Tracking Warren Buffett's Berkshire Hathaway Portfolio - Q1 2025 Update,SeekingAlpha,https://finnhub.io/api/news?id=bfb898f1d6f6d54a00ecd93f249cac0b420adb7e1a8893b0efd24d5521ad1402,0.0,0.947,0.053,0.2023
2025-05-15 20:43:00,"WSJ Retail Reporter: How Walmart’s Price Hikes Affect Shoppers, Competitors",Yahoo,https://finnhub.io/api/news?id=39c5ed1b1b2307f6c92dfade86707c500f45faf7a3f7d30312e00a39ca2b0a9c,0.0,0.925,0.075,0.34
2025-05-15 18:30:47,Applied Materials Earnings: This Stock Remains A Buy,SeekingAlpha,https://finnhub.io/api/news?id=fa2ed1715861d6e5ad40f702019ce9b45d61cde23c55fa6734f245c0ecc90373,0.0,0.854,0.146,0.5859
2025-05-15 17:28:00,Third Point sells off Tesla and makes these other ‘Magnificent Seven’ moves,MarketWatch,https://finnhub.io/api/news?id=8521d0c2769bc7d5803215d8903d55ab7889f2c97670e1fe1c838702147a65a8,0.0,1.0,0.0,0.0
2025-05-15 16:39:00,"Stanley Druckenmiller’s Duquesne dumps Alphabet, buys more Taiwan Semi and Coupang",MarketWatch,https://finnhub.io/api/news?id=104688a1a4fc8a38986b4b24fdbf0c36a4ef766acf281e624526218312979af2,0.213,0.787,0.0,-0.6597
2025-05-15 16:20:12,Amazon reveals new warehouse robots in push to trim manual tasks,Yahoo,https://finnhub.io/api/news?id=44542712fd5b38ea3021610ad545af64fd7231d95788551a21eb35fbaf398a81,0.0,0.879,0.121,0.5267
2025-05-15 16:19:19,"Veteran Investor Is Bullish on Amazon.com, Inc. (AMZN) Stock",Yahoo,https://finnhub.io/api/news?id=d2fa99693272479722d9d5d831f7359559534ed8204e243359f56f49136f7d92,0.0,1.0,0.0,0.0
2025-05-15 15:49:00,BlackRock Sustainable Advantage Large Cap Core Fund Q1 2025 Commentary,SeekingAlpha,https://finnhub.io/api/news?id=807b75e324b13a6e7a9ebabeefc1be4ef60425bddc736c359517133941d6a512,0.0,0.797,0.203,0.7506
2025-05-15 15:38:48,Tech stocks slump as 'Magnificent Seven' stumble in late trade,MarketWatch,https://finnhub.io/api/news?id=96bb7b564140983432f7259364c21fcfb1203bf0d337cb26156760c497d051a5,0.0,0.698,0.302,0.8316
2025-05-15 14:50:16,Here’s what Wall Street experts are saying about Walmart ahead of earnings,Yahoo,https://finnhub.io/api/news?id=1ca60311507b512f85460454f84cb8ec76c2e5390c4de14c191d8f674bee1f47,0.0,0.983,0.017,0.1531
2025-05-15 14:41:24,Walmart says it has to raise prices ‘given magnitude of tariffs’,Yahoo,https://finnhub.io/api/news?id=c6a7fe644d91b32c0183bdf379c7594535fc333a89fb1f56ee918b3f45eef888,0.118,0.882,0.0,-0.4215
2025-05-15 13:58:31,Walmart and Amazon prices are going up despite Trump’s China tariff reduction,Yahoo,https://finnhub.io/api/news?id=36281e3b5ae7af521e9a6ebd075953074685b52fc032ae27af2fca061b1496f8,0.0,0.906,0.094,0.2732
2025-05-15 13:35:32,7 Consumer Discretionary Stocks Whale Activity In Today's Session,Benzinga,https://finnhub.io/api/news?id=e997f4fc1bc155f516554a2d47f169961df78a7e7a9b114c3fbda90f805907a8,0.0,1.0,0.0,0.0
2025-05-15 13:20:51,Why Wall Street's biggest bear still expects a recession and much lower stock prices,Yahoo,https://finnhub.io/api/news?id=b1d603d626a37d526c58acdd677cf888df97702317dbb6cd3cbb2ac3f52670ff,0.31,0.69,0.0,-0.836
2025-05-15 13:00:00,Prediction: This Artificial Intelligence (AI) Stock Could Be Worth More Than Nvidia by 2030,Yahoo,https://finnhub.io/api/news?id=716ff8c89c8a573cbc642d9178e4e1b63560aa964bed702958ef8bf89bbfc5c8,0.0,0.858,0.142,0.765
2025-05-15 12:53:00,Best Gig Economy Stocks to Monitor Amid its Growing Popularity,Yahoo,https://finnhub.io/api/news?id=fd7f584f3c2a91c4378a9a415e01c97c38e7eac2134dfea59d907c383f142e9a,0.0,0.65,0.35,0.9403
2025-05-15 12:37:48,This Week In E-Commerce - Social Commerce Surge Drives Growth in Singapore's Digital Economy,Yahoo,https://finnhub.io/api/news?id=8f3ae892deca9cc6cc9145c7f5292e0f5f2950c4f297bd09b103b127777d06e3,0.012,0.725,0.262,0.9701
2025-05-15 12:35:08,Saudi's Public Investment Fund Raises Share Stake In Amazon; Cuts Stake In Pinterest,Finnhub,https://finnhub.io/api/news?id=01d4f912c252d15f67eddd7a9b5725cc4b2078c68d5ed82e48fe9783d1fcd53f,0.103,0.642,0.255,0.7626
2025-05-15 12:33:40,Saudi's PIF Raises Share Stake In Amazon By 50.2% To 1.2M Shares; Cuts Share Stake In Pinterest By 25.4% To 4.1M Class A Shares; Dissolves Share Stake In Ballard Power Systems; Raises Share Stake In Bloom Energy Corp By 16.8% To 3.8M Class A Shares,Benzinga,https://finnhub.io/api/news?id=fd2424126a4254dc264cf5aaf13c305d9de9e6660ca7fd505603331a3914074f,0.038,0.627,0.334,0.9186
2025-05-15 12:00:22,"President Trump's China Tariff Cuts Revive Shipping Sector, But Uncertainty Remains",Yahoo,https://finnhub.io/api/news?id=c390546ef8dc410173eeddb6bb102860b5d7e013be171cab5444fe4f6046c92d,0.239,0.635,0.127,-0.5789
2025-05-15 11:14:36,Amazon cuts jobs in devices and services division,Yahoo,https://finnhub.io/api/news?id=0b7add7892e0972608d53a40c56a85a1f71e07096b920b547d0d203c5af5aac1,0.199,0.724,0.077,-0.4019
2025-05-15 10:44:28,Sturdy Streaming Numbers Indicate a Turnaround at Walt Disney (DIS),Yahoo,https://finnhub.io/api/news?id=0305e7b646a4e02a4cbaee164caeb3280238d10ac77d0d87c3874ed7fa3265ec,0.031,0.75,0.219,0.9465
2025-05-15 10:00:09,How China caught up with Silicon Valley,Yahoo,https://finnhub.io/api/news?id=cc8a198e1c0fa9d84aab99741f405dd4909eef5b826d7ce85ee7c6d98a181772,0.152,0.794,0.054,-0.4767
2025-05-15 10:00:00,Tariffs Have Crushed Amazon Stock. Here's Why It Could Still Become Wall Street's First $5 Trillion Company Instead of Nvidia.,Yahoo,https://finnhub.io/api/news?id=517a8f5fc8a3c53cd792bf6bb6a31dc15ecd69666d8b71e8c6cb8ae37a45e013,0.158,0.79,0.052,-0.5423
2025-05-15 09:47:00,"Dow down nearly 175 points on losses for UnitedHealth, Walmart stocks",MarketWatch,https://finnhub.io/api/news?id=9ebf2c804414f065522ea88c2f90ad7acf91eddaf513214bb8eb015c451d69d2,0.213,0.787,0.0,-0.6597
2025-05-15 09:20:00,BlackRock Tactical Opportunities Fund Q1 2025 Commentary,SeekingAlpha,https://finnhub.io/api/news?id=203f752a24a9f5249980429d7eedbafb333f45c2c0ef7ed65e11bb92015d34fb,0.0,0.829,0.171,0.7184
2025-05-15 08:35:00,XLY: Consumer Discretionary Dashboard For May,SeekingAlpha,https://finnhub.io/api/news?id=66a8c009db88c2c23e4dc32c0c5632e7f50d4a9d980f62fda2e1e40cf671828c,0.0,1.0,0.0,0.0
2025-05-15 08:05:00,Baron Opportunity Fund Q1 2025 Top Contributors And Detractors,SeekingAlpha,https://finnhub.io/api/news?id=5b3e5858d409cac6dc93ce56cf1379a7b42e86c88ce2563bbff1cbadbfc3de11,0.0,0.785,0.215,0.7506
2025-05-15 07:40:00,BlackRock Advantage Global Fund Q1 2025 Commentary,SeekingAlpha,https://finnhub.io/api/news?id=5183059baec33748429c9541a15ce49a2d2a62afea7308fc8770a17f8e42e531,0.0,0.802,0.198,0.6597
2025-05-15 07:35:00,Baron Fifth Avenue Growth Fund Q1 2025 Top Contributors And Detractors,SeekingAlpha,https://finnhub.io/api/news?id=d765204ff334dcad9f8ff4eaf12bfaef15b1d6e094fd470efcffd6505c2f954d,0.0,0.811,0.189,0.7184
2025-05-15 07:20:00,BlackRock Large Cap Focus Growth Fund Q1 2025 Commentary,SeekingAlpha,https://finnhub.io/api/news?id=61e5695c9460c0e4a582015204981faa9cf9f49127187b19964ecf18b49e98da,0.0,0.8,0.2,0.7184
2025-05-15 07:19:09,Staying Ahead In 2025: My Portfolio Breakdown And Results - Q2 2025,SeekingAlpha,https://finnhub.io/api/news?id=72e2ec75fff4ef0f8d10528d012d74ab557ec24071a7f9f48d9be94a0abfc89b,0.0,1.0,0.0,0.0
2025-05-15 05:00:00,AI Diffusion Rule Rescinded: Tech Giants Impacted,SeekingAlpha,https://finnhub.io/api/news?id=8181746d242b3098b6c46b1c0108544a1ed6f21d1149031d660bf00116d55021,0.0,0.879,0.121,0.5256
2025-05-15 04:15:00,The Nightview Fund Q1 2025 Letter,SeekingAlpha,https://finnhub.io/api/news?id=8e7d1687f58978f08234b47611ad4b52a9920f9e8fa5b6aba8d444893cbb58a7,0.0,1.0,0.0,0.0
2025-05-15 03:20:00,Q1 2025 U.S. Retail Preview: Tariff Fears Drive Early Consumer Spending,SeekingAlpha,https://finnhub.io/api/news?id=db7da9e442a2e4c0a801ca21fc65822864629211c1fe905fc8190cfcbd7e63fd,0.058,0.833,0.108,0.34
2025-05-15 02:08:32,Amazon Is Quietly Building An AI Empire,SeekingAlpha,https://finnhub.io/api/news?id=cd0b3616fac55f5e1fddb5a7bec52529ef83057a82a4649aacfc126e247e1087,0.0,0.771,0.229,0.765
2025-05-15 01:16:00,BlackRock Advantage Large Cap Core V.I. Fund Q1 2025 Commentary,SeekingAlpha,https://finnhub.io/api/news?id=ac328970a499d786ed3fca46eb9898e35d357c91f8f798b02461053b094bf45f,0.0,0.833,0.167,0.6369
2025-05-14 21:15:43,"Mag 7 gains, fairly valued market, risk: Trading Takeaways",Yahoo,https://finnhub.io/api/news?id=95e22eda78dea78866b63b80a10a523e4eeb68337d7e593f694a22f4afd77328,0.033,0.834,0.133,0.8885
2025-05-14 17:46:12,Amazon trims jobs in devices and services unit,Finnhub,https://finnhub.io/api/news?id=f0b0eb5930ce4960415890dcf64268c375a433c34cf0aa7071385c62bbff210f,0.056,0.853,0.091,0.0772
2025-05-14 17:38:08,Exclusive-Amazon trims jobs in devices and services unit,Finnhub,https://finnhub.io/api/news?id=c099c2b435aa999ef7116f7e90c288e0fdda89e5ccb325e16424b23a5749b0bf,0.051,0.907,0.042,-0.1027
2025-05-14 17:24:06,Amazon.com (NasdaqGS:AMZN) Teams With Demandbase To Launch AI Agents On AWS Platform,Yahoo,https://finnhub.io/api/news?id=a5b5554cc4f18ab2f88008299a7dcfb949401ff5281fab199603c7fbef5fea15,0.0,0.734,0.266,0.9652
2025-05-14 16:33:48,Walmart: Valuation Bubble About To Burst,SeekingAlpha,https://finnhub.io/api/news?id=8f53ae371905a23fe748f85fb1d5998c49697aa1d10a2927847c7b1d1d9407cb,0.064,0.758,0.179,0.5859
2025-05-14 15:00:00,The Amazonification of Uber: Part II,Yahoo,https://finnhub.io/api/news?id=7eb9aca254cc96918a48e8c402f144aa5c89a71b05f4b842c80eadee45e4eae0,0.0,0.905,0.095,0.8221
2025-05-14 14:49:00,Palantir Stock Hits Another All-Time High. The AI Trade Is On Fire.,MarketWatch,https://finnhub.io/api/news?id=68c70f98ef81d5d73f32a7e16ba04242027a0f8608c84847dfd2813372ea9f3f,0.179,0.821,0.0,-0.5859
2025-05-14 14:17:00,Wall Street Lunch: Oil Money Juices Big Tech,SeekingAlpha,https://finnhub.io/api/news?id=f4468254e23ec5b8d6b01ea86ba1deadca2c27d1b25f254fbbda1eca5471218b,0.049,0.951,0.0,-0.128
2025-05-14 13:48:22,Walmart: How Tariff Panic Created A Buy Window Ahead Of Earnings,SeekingAlpha,https://finnhub.io/api/news?id=d4eaaee9b37b1b36cc9298ea1fab19adcf22330ad1a063fa21c98d394d3c047e,0.076,0.69,0.234,0.7096
2025-05-14 13:35:31,"Amazon.com, Inc. (AMZN) and HUMAIN to Invest $5B+ in Saudi Arabia’s AI Zone Development",Yahoo,https://finnhub.io/api/news?id=e75c468f153776d95435c74063dde77eb4697148c0b8106cb72f6899048d3bb1,0.0,0.863,0.137,0.8627
2025-05-14 13:34:48,"Nvidia, Amazon, Google Among Wedbush's Top Picks to Shape AI Future",Yahoo,https://finnhub.io/api/news?id=1bcb609eeae69f14b790b3af263bb59caa24708425fdf0a5905f2f4b4d7fbb3c,0.065,0.783,0.152,0.25
2025-05-14 13:06:00,"The Zacks Analyst Blog Highlights Microsoft, Amazon.com, Mastercard and CBL & Associates",Yahoo,https://finnhub.io/api/news?id=e84c0c371cb375416d6d0bdb9dc6b8406ac9261c5e1816bbb590ab84dcfe2a79,0.0,1.0,0.0,0.0
2025-05-14 12:48:13,Amazon Commits $5 Billion on Saudi AI zone,Yahoo,https://finnhub.io/api/news?id=849cafcc879189c06082dcf8ddfa96f40af0e7fcaf26e7c62fef5ca60f7f699f,0.0,0.791,0.209,0.3612
2025-05-14 12:43:55,Trump trade war with China may never be totally over: Former Commerce Secretary Wilbur Ross,Yahoo,https://finnhub.io/api/news?id=c6173b152cef28d190c20ca31dd7b766e024fc5e024a53d61eaccf01a07ec9f8,0.169,0.831,0.0,-0.6908
2025-05-14 12:40:00,Tech Stocks - Focus On What Management Isn't Talking About,SeekingAlpha,https://finnhub.io/api/news?id=42c2faf54e586731f3caa559730f6c866619d382cc564bce7ca27895c4f30f18,0.121,0.879,0.0,-0.5106
2025-05-14 12:37:44,Is Amazon.com (AMZN) the Best High Volume Stock to Buy Now?,Yahoo,https://finnhub.io/api/news?id=30e474167865f63f305fd9ad7dd58d6a672cf18c2f05a49a307dd9d87a9b1732,0.0,0.799,0.201,0.9501
2025-05-14 11:20:00,BlackRock Unconstrained Equity Fund Q1 2025 Commentary,SeekingAlpha,https://finnhub.io/api/news?id=61cdf7ca1ecbbff94a288c2cdc2a1893ab73639eeee7079d4f3d3e223a71121b,0.0,0.86,0.14,0.5267
2025-05-14 10:08:08,Marvell: Sell Into This Relief Rally Before It Falls Below $65,SeekingAlpha,https://finnhub.io/api/news?id=9c9d801b9bc13aae270726e899eda3b90e96985eb77f37a6575c52d74f412ac5,0.0,0.734,0.266,0.561
2025-05-14 10:05:02,"Big Tech ETF rises, on pace for longest winning streak of 2025",MarketWatch,https://finnhub.io/api/news?id=03c983708b9816a3f79f9bacf037446a2eb1f3df675094c2dde6abee06924f1e,0.0,0.764,0.236,0.7783
2025-05-14 10:02:00,"Zacks Value Investor Highlights: DFH, KO, AMZN",Yahoo,https://finnhub.io/api/news?id=44eb35278697d6779d618e4788749c154d948a8bc9427bf14a15bd7caa4d6381,0.0,0.757,0.243,0.631
2025-05-14 10:00:00,Trump's Fiscal Austerity: A Shock To The Economy And Market,SeekingAlpha,https://finnhub.io/api/news?id=f4fbda16ac36feebc16225cb7b8e26f9c3f36d15d4344a5aa94840823e1353fc,0.203,0.752,0.045,-0.743
2025-05-14 09:31:32,Amazon: The Real Pain Is Still Coming,SeekingAlpha,https://finnhub.io/api/news?id=353cfa49d82ea4fc40450607602acae91a89efe0a498e7031cb6baca4b3a0b1c,0.33,0.5,0.17,-0.3818
2025-05-14 09:31:06,Amazon com : How to use Amazon’s Leadership Principles in your interview,Finnhub,https://finnhub.io/api/news?id=a0b6f7ccde7a517b51565cf0e5406062250c84e3fe11574145a084b3ae553cf8,0.0,0.884,0.116,0.4767
2025-05-14 08:44:00,Parnassus Growth Equity Fund Q1 2025 Commentary,SeekingAlpha,https://finnhub.io/api/news?id=18c9bbc6b81692bfba93830d77b86454e725fe7091cfd4064d5b67663954fbde,0.0,0.66,0.34,0.8979
2025-05-14 08:09:00,Parnassus Value Equity Fund Q1 2025 Commentary,SeekingAlpha,https://finnhub.io/api/news?id=28be985f5e53631e0225d2794d521c1d6c9324a5c17f9539f9dc07555c958fc9,0.0,0.719,0.281,0.8126
2025-05-14 08:05:00,3 Top Tech Stocks That Could Make You a Millionaire,Yahoo,https://finnhub.io/api/news?id=182c4d47dbaff295dc6c777ab52fd561613bea89656a8028ea387288901f68f0,0.0,0.836,0.164,0.8689
2025-05-14 07:50:00,You can see AI everywhere — except in Big Tech’s profits,MarketWatch,https://finnhub.io/api/news?id=35b4863ee15ff30d207af029b91899babce08ae17b396d856c5cd346e57dab03,0.0,0.775,0.225,0.7003
2025-05-14 07:45:00,Walmart: Why It's The Poster Boy Warning For The Market's Lost Decade To Come,SeekingAlpha,https://finnhub.io/api/news?id=b73d159018d2a0891f10747262c65d3c544193bcbd049307651563dc02794050,0.119,0.736,0.145,0.25
2025-05-14 07:42:57,"Waymo recalls 1,200 self-driving vehicles after minor collisions",Finnhub,https://finnhub.io/api/news?id=e7eaa3fc8f554c7f9d01bf106b66c4596d670fda39b97b7e5a0287b4d07d6cba,0.13,0.87,0.0,-0.2732
2025-05-14 06:50:56,"Tariffs Calm Down, PayPal Heats Up - Initiating With A Buy",SeekingAlpha,https://finnhub.io/api/news?id=4a859f5e06b6c9ae96d408cc7ab74aab6a977bdf1f01b790dac82befe375bf97,0.132,0.832,0.035,-0.6757
2025-05-14 05:10:15,Amazon com : Formula 1 and AWS Give Fans a Chance to Design Their Own Race Track With New Online Experience,Finnhub,https://finnhub.io/api/news?id=1d24291843c54e5e7a06f9a554c6ddd6bbf23351da55a9433a50ddaf7175b7ee,0.0,0.862,0.138,0.7184
2025-05-14 04:26:28,"The Trade Desk: Strong Earnings Rally, But High Growth Expectations Remain",SeekingAlpha,https://finnhub.io/api/news?id=7865d1f70664b021e7335926fcd215c1cb9c233f59f9a28e0a29791afc2e646a,0.0,0.619,0.381,0.6757
2025-05-14 03:00:10,"Amazon.com, Inc. (AMZN), Meta Platforms, Inc. (META) Delivered the Best Earnings Among the Mag 7, Prominent Investor Says",Yahoo,https://finnhub.io/api/news?id=563cd1f90664975aa2d4f663e0b414604b0584cde76aad92ea7a4f5a10bb19fc,0.031,0.785,0.183,0.9213
2025-05-14 01:23:00,1 Incredible Stat About Amazon's Business That Could Send Its Stock Soaring,Yahoo,https://finnhub.io/api/news?id=f2e332d4fed2d2dc97078a27362ec5c05c2eca46dbcf8e25b88e040473e9aefc,0.0,0.749,0.251,0.9413
2025-05-14 00:48:00,Hartford Climate Opportunities Fund Q1 2025 Commentary,SeekingAlpha,https://finnhub.io/api/news?id=54e1e4140e43cd7522d6b06db9116b0e3ed2d00cb05cf37d6e28444b114933e4,0.0,0.739,0.261,0.7506
2025-05-13 21:44:15,"Amazon.com, Inc. (AMZN) – AWS Teams Up with NICE to Power CXone Mpower and Revolutionize AI Customer Service",Yahoo,https://finnhub.io/api/news?id=184a66267a9811032dbca2ba2fca802253714ca261893fe6715442038f311e65,0.0,0.888,0.112,0.8374
2025-05-13 20:43:00,"Top Stock Reports for Microsoft, Amazon.com & Mastercard",Yahoo,https://finnhub.io/api/news?id=9cee9458ab56804c112f1edc4f69910eee88cce7360c21b703050a879fbdc60f,0.0,0.911,0.089,0.4404
2025-05-13 20:26:18,"Nvidia, Amazon, Google Announce AI Collaborations With Saudi Arabia's Humain",Yahoo,https://finnhub.io/api/news?id=3ead6a3ba4834f10efb7a2e43fabf77b2527e32babf0a39bf282ac0305cda90b,0.0,0.871,0.129,0.34
2025-05-13 20:25:00,"These Stocks Moved the Most Today: UnitedHealth, Nvidia, Tesla, First Solar, Coinbase, Palantir, Super Micro, Boeing, Rigetti, and More",Yahoo,https://finnhub.io/api/news?id=d24e16051ab71313ea954badb9a7b48a4f0fbff80a96e0212902db0761334b48,0.0,0.895,0.105,0.7269
2025-05-13 20:09:29,Tracking Christopher Davis' Davis Selected Advisers 13F Portfolio - Q1 2025 Update,SeekingAlpha,https://finnhub.io/api/news?id=ad893fda7efff23edddd51ef47b42c28e4a61952dee0627cf6e215442dd95b5d,0.0,0.854,0.146,0.5859
2025-05-13 20:03:01,"Google Backs Saudi AI Fund as Trump, MBS Tout New Investments",Yahoo,https://finnhub.io/api/news?id=18b161788c003b58c826083119521eae6c9d044c3150847def12d4ef78f6f68b,0.045,0.875,0.08,0.4588
2025-05-13 19:58:38,Sector Update: Tech Stocks Gain Late Afternoon,Yahoo,https://finnhub.io/api/news?id=da67daf056b4ed94a810accdb2538d805bf710db7218a1c7701430ec43d7dc86,0.0,0.866,0.134,0.5267
2025-05-13 18:22:33,"S&P 500 to erase losses, FedEx and Amazon deal, Chevron downgrade",Yahoo,https://finnhub.io/api/news?id=bb019fc0c9ce00e3a187cc9f11d69890e74f8bedb3bb36b482074b809143fcd7,0.1,0.831,0.068,-0.4767
2025-05-13 17:49:02,Trump and MBS Tout $1 Trillion Pledge as Details Remain Elusive,Yahoo,https://finnhub.io/api/news?id=dc7f67037ed5fd23b0437e18bfd22910a691c5b80d1cb120516d6049a9a58da6,0.082,0.918,0.0,-0.5423
2025-05-13 17:23:57,Amazon and FedEx reach delivery deal following pullback by UPS,Yahoo,https://finnhub.io/api/news?id=9d99b823416fbdb1b5034466b92de3124a6dcdd7c391c691bd9d355c238f57d5,0.0,0.824,0.176,0.4939
2025-05-13 17:00:00,"These Stocks Are Moving the Most Today: UnitedHealth, Nvidia, Tesla, First Solar, Coinbase, Palantir, Super Micro, Boeing, Rigetti, and More",Yahoo,https://finnhub.io/api/news?id=1324750bd1725c64567c437c84cba411ec18e9d9cb6774dae200ffb56a3f92dc,0.0,0.897,0.103,0.7269
2025-05-13 16:48:00,Screening for Buffett Stocks,Yahoo,https://finnhub.io/api/news?id=b7e710851750da8344beee29c47cd273224aaac92189adbc49f3d6109b169f2a,0.0,0.789,0.211,0.5859
2025-05-13 16:45:09,Nebius Q1 Preview: All About ARR,SeekingAlpha,https://finnhub.io/api/news?id=bf3e331164cf2cd9a98e12332a1fb2ae62193f2cee033c3d47c7a4f5777d3e10,0.0,0.916,0.084,0.5106
2025-05-13 16:30:00,Microsoft is cutting 3% of its workforce with across-the-board layoffs,Yahoo,https://finnhub.io/api/news?id=1a8074e4a992e493bad5eb1566a26f9c506bbcb86e4842699dcaa87210de35b7,0.118,0.882,0.0,-0.3818
2025-05-13 16:09:00,AWS and HUMAIN Announce Groundbreaking AI Zone to Accelerate AI Adoption in Saudi Arabia and Globally,Yahoo,https://finnhub.io/api/news?id=75d7abc41c36bab49ec528555cfb07c5c5ff8008bf09292ce8a9117f5d6e0edc,0.0,0.865,0.135,0.8957
2025-05-13 15:58:12,Amazon And Meta Stock Add To Gains After Trump Slashes Tariffs On 'De Minimis' China Shipments,Yahoo,https://finnhub.io/api/news?id=b0c1ed6dca8f30365357171a583063b74a6c7ca13277a46e18589deca345c785,0.123,0.735,0.142,0.2023
2025-05-13 15:43:00,FedEx Exec: Amazon Delivery Partnership ‘Will Push Up Our Yield’,Yahoo,https://finnhub.io/api/news?id=1de65da8f42db3afc74900ed1c03ca0ccd948e6ccbc055b4724a38d043447373,0.0,0.931,0.069,0.1779
2025-05-13 15:15:07,"Amazon.com, Inc. (AMZN): A Bull Case Theory",Yahoo,https://finnhub.io/api/news?id=befc528e111c4147be177dd0fe223328431b4be85e41b0261b80de71eaa39b82,0.0,0.908,0.092,0.6486
2025-05-13 14:45:00,Trump begins four-day trip to Middle East in Saudi Arabia,Yahoo,https://finnhub.io/api/news?id=3516e8488752fb4427f767678bd44d2736d5a043fe844a07adbdd80d90cd791a,0.0,0.966,0.034,0.3818
2025-05-13 14:36:37,Amazon taps FedEx for big-and-bulky residential deliveries,Yahoo,https://finnhub.io/api/news?id=62e93f7aa799fe3226ab961b16194918e72767608e7071df6eafa96cb7018e2c,0.0,0.853,0.147,0.7425
2025-05-13 14:34:00,‘Magnificent Seven’ blows past a major threshold — but a few more marks must be crossed before tech is really back,MarketWatch,https://finnhub.io/api/news?id=53d44cecdb955eeb868d0b651e3814c96d0ae32ae00778ac602230ca13e72345,0.0,1.0,0.0,0.0
2025-05-13 14:12:00,"FedEx strikes new Amazon deal, says heavy and rural deliveries are money makers",MarketWatch,https://finnhub.io/api/news?id=3c213aba38c35002bf5aed5792ecfda20d1a3b75f853e0985153a38248fe6a1e,0.164,0.724,0.112,-0.3818
2025-05-13 14:00:00,"With UPS Out, Amazon Turns to FedEx",Yahoo,https://finnhub.io/api/news?id=08f717a47106dcf1d406b7dcc7b30de7bc540e623446999fa749640d6fc699d8,0.0,0.805,0.195,0.8785
2025-05-13 13:46:53,"Amazon Takes A Further Bite Out Of The Big Apple, Closing Purchase Of 600,000 Square Feet At 522 Fifth Ave.",Yahoo,https://finnhub.io/api/news?id=647231bf425874cd67670ddf02a909a8c25d1bab3446d803aa46ae8d382e6fe7,0.048,0.899,0.053,-0.1779
2025-05-13 13:12:14,Humain Partners with U.S. Tech Companies to Build AI Infrastructure in Saudi Arabia -- Update,Finnhub,https://finnhub.io/api/news?id=3ba9667a093b402001acea2d2e725e2d4e3f527199c186108aa24cf94be51f90,0.0,0.883,0.117,0.6908
2025-05-13 12:32:23,Amazon.com (AMZN) Slid on Concerns around Tariffs and U.S.–China Trade Tensions,Yahoo,https://finnhub.io/api/news?id=24abd419991387fb2615026a2e48d00b46deed30ebc957478518b7a3bc0bf81f,0.037,0.882,0.081,0.4939
2025-05-13 11:59:13,Trump says US adding $1 trillion of investment with Saudi trip,Finnhub,https://finnhub.io/api/news?id=e4a426a3e556c884644e6657b31614bc1eab44684fe943198b58219add3f62a1,0.0,0.93,0.07,0.4215
2025-05-28 23:08:08,The Long Wait For Broadcom's 'AI Trifecta' Earnings Report Is Almost Over,SeekingAlpha,https://finnhub.io/api/news?id=fe419f4fe91c3a6a4effe75667a1a79989b24624bd8c31378b11a43830fb3a1a,0.0,1.0,0.0,0.0
2025-05-28 22:20:00,Analyzing the Current Earnings Outlook,Yahoo,https://finnhub.io/api/news?id=7f6e4bd40fa14fb7cd95ddd0d3b23500ea4194efaf983e6a34e2f3c7296141bc,0.035,0.871,0.094,0.4215
2025-05-28 21:45:05,Salesforce CEO on why he defied conventional thinking by hiking earnings guidance,Yahoo,https://finnhub.io/api/news?id=bc70a9a284e24d97ab615ba89705883e3914177d6904372f0a7d40a23ae77103,0.0,0.838,0.162,0.7184
2025-05-28 21:30:00,RGA Investment Advisors Q1 2025 Investment Commentary,SeekingAlpha,https://finnhub.io/api/news?id=4dee0ba7f00380d26b1305312c50ac64ababf593c379ada4279c4b7699f12336,0.076,0.924,0.0,-0.34
2025-05-28 21:03:21,Nvidia Is Better Prepared For The Future Than Competitors,SeekingAlpha,https://finnhub.io/api/news?id=d96cf2865f2a39f8146a70e88cdbefae6281019fac09207c0a03ecd3eafc3ac5,0.0,0.758,0.242,0.836
2025-05-28 18:32:13,Amazon's Deal With Stellantis Stalls,Yahoo,https://finnhub.io/api/news?id=079c885ea56c2db7b0b0a927b23c0e72799cd301804fa095a18c52e606776d47,0.0,1.0,0.0,0.0
2025-05-28 18:29:56,"Stellantis, Amazon Call Off SmartCockpit Deal As Auto Tech Plans Stall",Yahoo,https://finnhub.io/api/news?id=745c05adf9289f7cbce5242a23dadd527713ee22fc975300b6ab788c9a7ce3ee,0.098,0.809,0.093,-0.1027
2025-05-28 17:56:47,"MAGS: The Correction Reversed, But Big Tech Fundamentals Continue To Deteriorate",SeekingAlpha,https://finnhub.io/api/news?id=d26f324a17106b4312c32a6e736ff5ddb6cf59dc05140d698486a65801a0a200,0.0,1.0,0.0,0.0
2025-05-28 17:17:01,Amazon.com (NasdaqGS:AMZN) Expands Collaboration With FICO On AI Solutions Through AWS Marketplace,Yahoo,https://finnhub.io/api/news?id=1c684b11cfde4fa904117e87c8ebccf48d4aa88597d865d8f3e4635e2238687c,0.0,0.851,0.149,0.8126
2025-05-28 17:02:12,"Amazon, Stellantis Exit Joint Smart Vehicle Project in Strategic Shift",Yahoo,https://finnhub.io/api/news?id=2f4fdbda2e8e7200fd39ea837b46d2d6aa3b1bb011189acd2e6df49021f471e7,0.0,0.784,0.216,0.5267
2025-05-28 16:59:59,"Amazon.com, Inc. (AMZN) Will Buy Every Single NVIDIA Chip It Can Get, Says Jim Cramer",Yahoo,https://finnhub.io/api/news?id=c3b9704cafdb11ec5cd3269e63f636de899e933f5f7d51037e2f5f0ea6fbaea3,0.0,0.914,0.086,0.7579
2025-05-28 15:23:00,4 Monster Stocks to Buy Right Now and Hold for 20 Years,Yahoo,https://finnhub.io/api/news?id=2a98188e4bdc69c9894b246a4412b403b954a427eaceb165236987705846c412,0.0,0.844,0.156,0.875
2025-05-28 14:34:02,AI: Two Types Of Value Are The Key To Understanding The Future Market,SeekingAlpha,https://finnhub.io/api/news?id=a12b5b2667cb7793e53062f9080eb4943438ef0712135054cea23e25f91d2f97,0.0,0.833,0.167,0.34
2025-05-28 14:31:00,Amazon Launches Aurora DSQL: What Investors Need to Know,Yahoo,https://finnhub.io/api/news?id=cd5fbb5704bfb4e88459ccb557a332a112eca2dc019b4c0849cab77f9e7961b5,0.0,0.796,0.204,0.6597
2025-05-28 14:30:32,"Amazon's car software deal with Stellantis is ending, report says",Yahoo,https://finnhub.io/api/news?id=5efc7c7acb108707a1df8a62dd97f8b5b4cbed4596026af2501de2b34ab408f7,0.0,0.946,0.054,0.2732
2025-05-28 14:01:01,3 things Nvidia investors should look out for in its earnings call,Yahoo,https://finnhub.io/api/news?id=da2ace4cc8265430afa20bffc1d942897add4b4c4d4f47016a811f513ee1e58e,0.0,0.947,0.053,0.2023
2025-05-28 14:00:13,Nvidia’s earnings call must deliver on 3 things or else,Yahoo,https://finnhub.io/api/news?id=d59bbb209fbbaa06385e7591ac86873d8708acacd1d0e08cfcaef99f1e8c2f37,0.0,0.942,0.058,0.6597
2025-05-28 13:52:53,'Magnificent Seven' ETF wobbles as Big Tech stocks trade mixed ahead of Nvidia earnings,MarketWatch,https://finnhub.io/api/news?id=3f158b0171410b3edf7f12920cb165bfc9a7c473f7c199c4bea12a5ce8c24648,0.0,0.769,0.231,0.8316
2025-05-28 13:45:00,"iPhones Defined The Last Era, Proactive AI Agents Will Define The Next",SeekingAlpha,https://finnhub.io/api/news?id=b59bef11395b140a66f8f5090b2af6dab9ee9bda47825ff39924b79a67e46634,0.0,0.869,0.131,0.7096
2025-05-28 13:00:00,Amazon readies Premium Shipping changes in June,Yahoo,https://finnhub.io/api/news?id=0f768b63c49a534d6ce8133f63975874706d7243d74484026b674031a3c4b091,0.0,0.945,0.055,0.09
2025-05-28 12:42:32,President Trump Says TikTok Different Than Nippon; Would Need China Approval On TikTok; Think We Can Save TikTok,Benzinga,https://finnhub.io/api/news?id=cf8d6f1c68d0c56d200f5ef85d96035cd4a47478811807d18bac52b59044318d,0.0,0.73,0.27,0.743
2025-05-28 11:06:00,Why AI Firm C3.ai Feels Like an Underdog Ahead of Earnings,MarketWatch,https://finnhub.io/api/news?id=b0f37a25ec78347c49433d76458f6cd2ef394b16a751fdb296438db8a8baef99,0.0,0.8,0.2,0.6124
2025-05-28 10:59:29,"'Secretary of State Marco Rubio Says U.S. Announces Visa Restriction Policy Targeting Foreign Nationals Who ""Censor Americans""; Unacceptable For Foreign Officials To Demand That U.S. Tech Platforms Adopt Global Content Moderation Policies' - Reuters News",Benzinga,https://finnhub.io/api/news?id=896bb71dd853c03a5cd553423b247615e120a850c29f2f5cb2e7ac9c9a024c09,0.22,0.723,0.057,-0.8957
2025-05-28 10:57:06,ChatGPT Wrote Nvidia’s Wild Story,Yahoo,https://finnhub.io/api/news?id=00a89b896730b167b173f9befa6939e0c534642cafc0a6c761c765f9a53dfb9e,0.0,0.867,0.133,0.8591
2025-05-28 10:41:10,AVEDA Launches In The U.S. Amazon Premium Beauty Store,Finnhub,https://finnhub.io/api/news?id=3eefec1382da3aca3c8920d8955efedf0fc23dce34b2cc47e37e4df1593da1bc,0.0,0.628,0.372,0.9094
2025-05-28 10:03:34,Exclusive-Amazon's in-car software deal with Stellantis fizzles,Yahoo,https://finnhub.io/api/news?id=7089a7233197a0c7dee5a280983a941a2bf8b10bece53378d9fde4a34bae6996,0.036,0.855,0.11,0.6997
2025-05-28 09:34:31,Marvell Q1 Preview: Why I'm Buying Shares Going Into Earnings,SeekingAlpha,https://finnhub.io/api/news?id=a63064c22901643afe0b94140991b732c629021a2016be6c1ac64676ff8cdb99,0.0,0.793,0.207,0.7964
2025-05-28 09:30:00,"Billionaire Investor Bill Ackman Just Sold This Railway Stock 'With Regret' So He Could Buy the Dip on a Mag Seven Stock At a ""Uniquely Attractive Time""",Yahoo,https://finnhub.io/api/news?id=8531f2950dce6f36cd92a7bad718b35f2b004529cd98e43d425571bdebb28b12,0.048,0.805,0.147,0.8622
2025-05-28 09:30:00,Credo: Don't Keep On Chasing The Highs (Rating Downgrade),SeekingAlpha,https://finnhub.io/api/news?id=b2abb8a1b4bb6359ae9925b9127fa26ea2c44231204ee5af7a65ec3aeaa890ca,0.053,0.882,0.065,0.128
2025-05-28 09:25:12,Dollar General: A Strong Turnaround Story That Could Double In Price,SeekingAlpha,https://finnhub.io/api/news?id=c4a1d05876d818dafad11b2302ebfcf0616571c8f317145eb591ba5c7a8d8e91,0.0,0.752,0.248,0.5106
2025-05-28 09:07:00,1 Growth Stock Down 15% to Buy Right Now,Yahoo,https://finnhub.io/api/news?id=5b4a21f5b491abb61e7034c92133f418a3bdd6e7109722a8cc9516f42c8a6fb0,0.069,0.672,0.259,0.8755
2025-05-28 08:30:45,Tesla's Stock Defies All Logic (For Now),SeekingAlpha,https://finnhub.io/api/news?id=d766cd7a0352dcca7c40d01e6bab0116943aec88073d3f4d86656115a9158eff,0.0,1.0,0.0,0.0
2025-05-28 08:04:00,Prediction: 2 AI Stocks Will Be Worth More Than Apple Stock Before the End of 2026,Yahoo,https://finnhub.io/api/news?id=1be2daaafb4f0a6ac9da19afcd5dbdbe212b82ab7ce1bf919427866adb0f9c12,0.0,0.753,0.247,0.9702
2025-05-28 07:35:00,"Semiconductor Industry Updates: Tariffs Ease, Hyperscalers Double Down, And AI Accelerates",SeekingAlpha,https://finnhub.io/api/news?id=1091f911d2532aebe68ae1efb8180c85a2017f0f72321c7767d868aba8a7e38b,0.125,0.741,0.134,-0.1901
2025-05-28 06:43:00,Motley Fool Co-Founder David Gardner: What Rule Breakers Value,Yahoo,https://finnhub.io/api/news?id=902b0876cc2500d6af1fb8c656a04bbfbf51c179c5d9f6f7de4187c52b0d509e,0.098,0.777,0.125,-0.0516
2025-05-28 03:30:00,What the U.S. Dollar Shares With Blockbuster Video and Sears,MarketWatch,https://finnhub.io/api/news?id=2ef3b81cae4e1f9dfbd67570e7bc2aa0ed08bc34434abd6671a51f296179824c,0.0,0.567,0.433,0.9042
2025-05-28 01:31:00,"It's Unofficially Summer. Time to Get Outside, and Talk With Decking Expert Trex CEO Bryan Fairbanks",Yahoo,https://finnhub.io/api/news?id=dc468ba7cf34872ebe6adfd7519ca6d58dd43b4b87ae48493633325a3b3c46af,0.075,0.91,0.014,-0.7579
2025-05-27 19:47:00,"AWS Announces the General Availability of Amazon Aurora DSQL, the Fastest Distributed SQL Database",Yahoo,https://finnhub.io/api/news?id=58717a34bc21b332de87839d81ca5e428986b5df86f40602ac8dd4c4e0c76bd6,0.0,0.844,0.156,0.9001
2025-05-27 18:35:38,Why Amazon (AMZN) Stock Is Trading Up Today,Yahoo,https://finnhub.io/api/news?id=3d1c9910260f52a7ee8144e4ce9fd764e55ea808b590936ea5b4a57584397ca7,0.031,0.871,0.098,0.4215
2025-05-27 18:05:00,Nike (NKE) Returns to Amazon to Rekindle Old Fortunes,Yahoo,https://finnhub.io/api/news?id=c78346c78bd83a4d1bb3c1509a0e672450738912b810b53d1df556c3fd3a7715,0.0,0.868,0.132,0.8625
2025-05-27 17:18:08,Amazon.com (NasdaqGS:AMZN) and AWS Expand AI Solutions Partnership with FICO Collaboration,Yahoo,https://finnhub.io/api/news?id=2599bf8056ddc78220ee00a43cd09f69a56d272ee10434a700abd270ba7384c4,0.0,0.763,0.237,0.9571
2025-05-27 17:16:00,Nike's Turnaround Story,Yahoo,https://finnhub.io/api/news?id=4bcc8410b0d40ff66aff6c4445a77a24cd866e38653c977caa6f64fb8854c031,0.0,1.0,0.0,0.0
2025-05-27 17:00:32,Nvidia's $40 Billion Oracle Win May Trigger A Chip-ETF Rally,Benzinga,https://finnhub.io/api/news?id=67053c1936198c85f9e1b28a8422534eb352d7c7ab83b0eb92e1426fc946d705,0.0,0.782,0.218,0.7783
2025-05-27 13:52:54,Amazon.com (AMZN) Dropped on Guidance That Fell Short of Market Expectations,Yahoo,https://finnhub.io/api/news?id=605269dc242e7cf5e0b99060bd5895d3d6bbaf2c80c62b8b109673fd0722a276,0.0,0.962,0.038,0.3818
2025-05-27 13:43:10,Snowflake: My Cloud Journey And Why The Stock Is A Buy,SeekingAlpha,https://finnhub.io/api/news?id=d617e48da59f8fda12b6d284eafa7791351c9b8864a06447dc01a09755cf272e,0.0,1.0,0.0,0.0
2025-05-27 13:42:04,Apple Shares Face More Pain as Trump’s Tariff Threat Looms,Yahoo,https://finnhub.io/api/news?id=1afb9b384836c3c58ef01fa198e9a4308bd6b054749783e7cc58d3236e4699a9,0.158,0.725,0.116,-0.659
2025-05-27 13:00:12,"Amazon.com, Inc. (AMZN) is Attracting Investor Attention: Here is What You Should Know",Yahoo,https://finnhub.io/api/news?id=9a53e7fb63ab970aa278208ebdf2d08dea33a9c7e11b0a53b7df08cb9d3191ea,0.0,0.79,0.21,0.8442
2025-05-27 12:59:00,Origins expands to Amazon’s premium beauty store,Yahoo,https://finnhub.io/api/news?id=c180e1819f7c1af390b1dc35dd2bcd90dcd4158f32992d27d3077f0324675401,0.0,0.693,0.307,0.8885
2025-05-27 12:55:00,The Promise of Quantum Computing,Yahoo,https://finnhub.io/api/news?id=6dc15b17c528f5c35324852b9d6f2a2eaccab984548f44f118dd97a1f89114f9,0.0,0.885,0.115,0.3612
2025-05-27 12:33:00,"Nvidia, Costco, Salesforce.com, Ulta Beauty and Amazon are part of Zacks Earnings Preview",Yahoo,https://finnhub.io/api/news?id=3d087cb1f67ef25fa3ae50f4da37f65f61deddf683a18256593749d3c5411957,0.0,0.738,0.262,0.875
2025-05-27 12:09:00,BNY Mellon Research Growth Fund Q1 2025 Commentary,SeekingAlpha,https://finnhub.io/api/news?id=f9a6ce86bbfff2cf2c29e0725af5c9de9c5666448a724984d4e2a86cb7bfb687,0.0,0.799,0.201,0.7783
2025-05-27 12:02:00,"Dow's nearly 625-point rally led by gains in shares of Nike, NVIDIA Corp.",MarketWatch,https://finnhub.io/api/news?id=2faf0b7018dc4a7eb1f7eed5e9d008f1fc7be69c24bec89179e41b916d5fdeb6,0.0,0.705,0.295,0.802
2025-05-27 12:00:26,Is Amazon Stock A Buy? Tech Giant's Shares Rebound After Trump Tariff Cut,Yahoo,https://finnhub.io/api/news?id=20245583061346ffc881d418e346778352a8c383670db5cc690170bf42335d99,0.052,0.744,0.203,0.6249
2025-05-27 11:38:38,5 Stocks I Am Most Bullish On Today,SeekingAlpha,https://finnhub.io/api/news?id=c628d65e08cf920b419e8211cd506f771a17d35c5ff6e308402e88108dc529f1,0.0,0.855,0.145,0.5267
2025-05-27 11:17:36,Nvidia Has A Demand Problem,SeekingAlpha,https://finnhub.io/api/news?id=3968e8ab8ee06adbf6d7d01cc5b84a79527533574b8260ac2d4a7fb9c0287b1f,0.255,0.745,0.0,-0.8225
2025-05-27 11:05:30,Nvidia's bear case: Is the hype train running out of tracks?,Yahoo,https://finnhub.io/api/news?id=74ac92557c24ddffc6c5feb1881037f5983e8caa8771c2b62706c7f32b602e5e,0.0,1.0,0.0,0.0
2025-05-27 10:20:22,Fico Signs New Strategic Collaboration Agreement with Amazon Web Services,Finnhub,https://finnhub.io/api/news?id=d7fb53279128b4e82cdccce7e0d3e7bf783e3189f5e95cd1b7fcf2f76005df8b,0.0,0.721,0.279,0.9109
2025-05-27 10:19:00,"Amazon bolsters ad business with InfoSum, Magnite partnerships",Yahoo,https://finnhub.io/api/news?id=651432b2b21b762ec577f26d1c077ee75d8923a5d498b57a176804abec4e7386,0.0,0.946,0.054,0.1779
2025-05-27 09:47:40,Dow Jones Jumps 400 Points On Trump Tariff News; Nvidia Stock Eyes New Buy Point,DowJones,https://finnhub.io/api/news?id=68763a83c8bdb532029c45a9dc72caeec51c493c81f6e1c9f15ab3b64aa5e223,0.0,1.0,0.0,0.0
2025-05-27 09:45:00,2 Brilliant Growth Stocks to Buy and Hold for 20 Years,Yahoo,https://finnhub.io/api/news?id=045433920447bb36a0cd03c9dd8f25989ea0015b14b8a248b199747142e309f4,0.029,0.798,0.173,0.8689
2025-05-27 08:44:00,PDD Stock Plunges After Earnings. Temu Has a Trump Tariff Problem.,MarketWatch,https://finnhub.io/api/news?id=840accb01daa495b32c8be6ea857ea431b30948604c842b5919768f1fccd5706,0.213,0.787,0.0,-0.6597
2025-05-27 07:24:00,BNY Mellon Equity Income Fund Q1 2025 Commentary,SeekingAlpha,https://finnhub.io/api/news?id=a583b929f39e3fbef876a3795b1a300acdbc5dc632e065f6a6714fab77b63d39,0.0,1.0,0.0,0.0
2025-05-27 04:46:00,"BNY Mellon Worldwide Growth Fund, Inc. Q1 2025 Commentary",SeekingAlpha,https://finnhub.io/api/news?id=d747f4425bb8b892edc09c7853339bc8b4919a4193632e2818c759da21de7bbd,0.0,0.755,0.245,0.3818
2025-05-27 03:49:46,Quantum Computing Stocks In Focus: Pure Play Vs. Large Caps - Here's A Look At The Valuations,Benzinga,https://finnhub.io/api/news?id=b689b2bab14ea7f50cd8432669cb2454db9057a4e6770a980d7a53fdef90325e,0.0,0.93,0.07,0.34
2025-05-27 00:45:00,Meet the Monster Quantum Computing Stock That Continues to Crush the Market,Yahoo,https://finnhub.io/api/news?id=1e798a360ea900450796b14c5fceaf17c97c5a5a9e210cab8406d9d99566328d,0.027,0.844,0.13,0.7184
2025-05-26 23:02:09,"UPS Sells Ware2Go To Peter Thiel-Backed Stord As Startup Gains 2.5M Square Feet To Compete With Amazon, Expand To U.K. And Netherlands",Yahoo,https://finnhub.io/api/news?id=5063d62699581acbbecf0fc0d64fd0aec45f9ad86ae9b71cfeb4a3c45138584a,0.0,0.814,0.186,0.9427
2025-05-26 22:00:00,Amazon Just Sent a Massive Warning to Nvidia Investors,Yahoo,https://finnhub.io/api/news?id=3c423f11f167b7d9d656290dfa681ae15dd82910225aba28c3eabd6b92b9048c,0.089,0.849,0.063,-0.1779
2025-05-26 16:21:28,Shopify: Wait For A Drop,SeekingAlpha,https://finnhub.io/api/news?id=2fe692b83d8c5f9695afe775dfd433441ff8830f9665ae10dd6ba1c9e765b46f,0.344,0.656,0.0,-0.2732
2025-05-26 16:00:00,"How To Build A $100,000 Dividend Portfolio That Could Yield 10.75% In 15 Years",SeekingAlpha,https://finnhub.io/api/news?id=4bba80b64fd9b458cfb1fb516aebcdd2ca8aadeff95b4f1fe8fcb22ac8432e60,0.097,0.766,0.137,0.4019
2025-05-26 13:50:08,Here's Why Amazon (AMZN) is a Strong Momentum Stock,Yahoo,https://finnhub.io/api/news?id=1592621169ac11ed68921b2df4e19dd68415e6b78f8b8a62e94f540a4dee3326,0.0,0.618,0.382,0.9423
2025-05-26 13:35:16,9 Consumer Discretionary Stocks With Whale Alerts In Today's Session,Benzinga,https://finnhub.io/api/news?id=2603fe0070917cc104792fc60947177d0a5695f57b910fd9db06fd856a93f308,0.0,1.0,0.0,0.0
2025-05-26 13:00:07,"Elon Musk, Jeff Bezos: rivals for space, trucks, satellite dominance",Yahoo,https://finnhub.io/api/news?id=82c8721b608d5c7f5b08facd957e8b836a5d271bdd272a7119a1dc8b07ebb222,0.0,0.867,0.133,0.6369
2025-05-26 09:58:16,MercadoLibre: Massive Growth Curve Ahead,SeekingAlpha,https://finnhub.io/api/news?id=88e1c1b0b90c9ad9a20427eaa3e6abc6e394d55f409017016057bb59b75979f2,0.085,0.659,0.255,0.6369
2025-05-26 08:52:00,BNY Mellon Global Real Return Fund Q1 2025 Commentary,SeekingAlpha,https://finnhub.io/api/news?id=b0134a2ae209c60f2c74fa112a6ffbffb909cf565a045cfe12ecc185c68a73f4,0.0,1.0,0.0,0.0
2025-05-26 08:35:00,Alger SICAV - Alger American Asset Growth Fund Q1 2025 Commentary,SeekingAlpha,https://finnhub.io/api/news?id=be046f317734a2e0a8b49acba7b1d2cf80b20c401c6808878a52a4149688fcc1,0.0,0.859,0.141,0.6249
2025-05-26 07:15:00,Market Blinked: Nvidia Looks Undervalued,SeekingAlpha,https://finnhub.io/api/news?id=7b7ab7bc59a3755f8c138f464c5c73b3facaedf01677bebf5cb4fc4b3df2b608,0.0,0.844,0.156,0.6956
2025-05-26 01:45:00,The Next Big Theme: May 2025,SeekingAlpha,https://finnhub.io/api/news?id=2ec1722c1fd3dd0ca6179f64d76aa2cbe85ffb1b49915bef806400f6abff7bff,0.0,0.855,0.145,0.5267
2025-05-25 13:30:48,"$600B AI Opportunity: Nvidia's 18,000-Chip Deal With Saudi Arabia's Humain Puts Middle East 'Front Of The Line,' Says Wedbush's Dan Ives",Yahoo,https://finnhub.io/api/news?id=e3dc0c631e364023f5c0f40a73f96e24733d7194e2208bd2f024e8acfc1ba000,0.0,0.851,0.149,0.9201
2025-05-25 10:15:00,Alger Capital Appreciation Fund Q1 2025 Commentary,SeekingAlpha,https://finnhub.io/api/news?id=9d1b382b8f79b066f1cbb0a3cc28ab6218cd002d26c3914379fba1fa16ece4dd,0.0,0.703,0.297,0.886
2025-05-25 09:37:00,Alger Spectra Fund Q1 2025 Commentary,SeekingAlpha,https://finnhub.io/api/news?id=b2c695b98f3eee84bfb26f12c6abb79ba8a66df5272d267f21e9adcedc485aa8,0.0,0.849,0.151,0.5859
2025-05-25 09:00:30,Warning To U.S. Stock Investors Issued By CDS Markets,SeekingAlpha,https://finnhub.io/api/news?id=f97920368504fbb252852e76238f6338cacf46347dbc312dbd5acf7cd979c889,0.281,0.719,0.0,-0.8658
2025-05-25 08:39:56,Profit or Promise? Decoding Coupang's Global Expansion in Q1 2025,Yahoo,https://finnhub.io/api/news?id=a4609c752a6a965a384fce226ae648a69676c664485fb6949f1f82a391e8b72a,0.0,0.719,0.281,0.7783
2025-05-25 05:52:17,Truist Reiterates Buy on Amazon.com (AMZN) as Q2 Revenue Tracks Ahead,Yahoo,https://finnhub.io/api/news?id=9bd4b3a11425ff11844f1925e44c490efbd9f53d5c52e6864f00d7be1dcdd0b1,0.0,1.0,0.0,0.0
2025-05-24 23:00:00,Billionaire Bill Ackman bets big on battered e-commerce giant,Yahoo,https://finnhub.io/api/news?id=e3eccb4c78b50b592e8b990f2247ec1594ed2f14db5346b10428e6518bdc6d12,0.0,0.834,0.166,0.4927
2025-05-24 15:27:00,Here's Why Walmart Continues to Crush the S&P 500 (and if the Dividend Stock Is a Buy Now),Yahoo,https://finnhub.io/api/news?id=2ed2140eae88c7515b841ee72c2e93d75d528d3fcbcc52bf7565950f918d5194,0.016,0.79,0.194,0.9571
2025-05-24 08:00:00,5 Best CEFs This Month For Yields Up To 14% (May 2025),SeekingAlpha,https://finnhub.io/api/news?id=b75c7d61e883a81f425a93fd499175b0ca3c9bb887e49e5974fcd7bdfea8be17,0.0,0.724,0.276,0.6369
2025-05-24 07:05:00,Billionaire CEO Jamie Dimon Says America Is Still the Best Place to Invest: 2 U.S. Stocks to Buy Now,Yahoo,https://finnhub.io/api/news?id=36143d088746271be4e1790a63628bb67acdae2a56ecf711d0b64512df1eefd2,0.0,0.79,0.21,0.9698
2025-05-24 03:02:42,"Prime Video Axes Rosamund Pike-Starrer 'The Wheel of Time:' Cost, Not Quality, Kills Fantasy Epic With 97% Rotten Tomatoes Score For The Latest Season",Benzinga,https://finnhub.io/api/news?id=e7f1243ec56be580b54f79a2c87beee23460818ede354eb96aa278386d76e1f7,0.099,0.828,0.072,-0.4191
2025-05-24 00:01:00,Nvidia: 5 Channel Checks Ahead Of Earnings,SeekingAlpha,https://finnhub.io/api/news?id=47c06c3bb28eb189696dff7a015343a59e627f9cd37957b64d68059bc04e3526,0.057,0.82,0.123,0.34
2025-05-23 23:15:00,Columbia Balanced Fund Q1 2025 Commentary,SeekingAlpha,https://finnhub.io/api/news?id=0385c794f7ed58aa50e2427ed31d1d76b351c3bcb93035845a5783a9f42968ef,0.0,1.0,0.0,0.0
2025-05-23 22:48:00,Taking Stock of the Earnings Picture,Yahoo,https://finnhub.io/api/news?id=cceb9393cf50ed6f25827e39bb1818ea8d9fd47b00aca17a0e5b25e8c394f1f2,0.0,0.852,0.148,0.743
2025-05-23 21:30:00,Why I'm Not Selling Amazon After a 560% Gain,Yahoo,https://finnhub.io/api/news?id=150ee5b81ecff664b016e4ef1e6ea0115a14ca3af3eeafea9bf5a562260929bc,0.061,0.728,0.21,0.5693
2025-05-23 21:15:00,Why I'm Not Selling MercadoLibre After a 100% Gain,Yahoo,https://finnhub.io/api/news?id=ca28778e2163509a12a3dee32fd3cea4a80472d8ad55b916b6b37a93917b596d,0.0,0.727,0.273,0.8176
2025-05-23 20:32:13,"Amazon.com, Inc. (AMZN) Faces Lawsuit Over Claims it Sold Contaminated Rice",Yahoo,https://finnhub.io/api/news?id=3285d7dffb927b70b3edbabb70dca3f88973a4703e5980a9425ca78a866f04db,0.053,0.88,0.067,0.25
2025-05-23 20:07:22,Whole Foods Union Certified by US in First for Amazon’s Grocer,Yahoo,https://finnhub.io/api/news?id=e5293bfa5d0fcebc3b410f91d119b03ff48e391145cad14202bfd710f5c44027,0.041,0.933,0.026,-0.34
2025-05-23 18:36:42,Amazon.com is sued over alleged sale of contaminated rice,Yahoo,https://finnhub.io/api/news?id=334f9781c574fea73d0e00f671f37c6fc388328f225b13acb5be629d9232506f,0.086,0.84,0.074,-0.5047
2025-05-23 17:17:50,Amazon.com (NasdaqGS:AMZN) Shareholders Vote Down Warehouse Conditions Proposal,Yahoo,https://finnhub.io/api/news?id=cf45be8290cf4a58bce45c381e2d99f420abefd7e79c111e287a7cd7496dd737,0.057,0.803,0.14,0.7482
2025-05-23 17:01:15,"Amazon, Meta Veterans Raise $4M For Tensor9 Startup Backed By NVAngels That Redefines Enterprise AI Deployment",Yahoo,https://finnhub.io/api/news?id=a7d99e49f389c5b694795d1f617121faede7b65e052d394e56b53193617fa678,0.0,0.904,0.096,0.7184
2025-05-23 16:56:46,What Makes Amazon.com (AMZN) an Incredible Long-Term Bet?,Yahoo,https://finnhub.io/api/news?id=c451df0dcc3324dc731ed510e826ad99cd98c40c137040e9f19c5fee71fafb86,0.056,0.905,0.039,-0.0516
2025-05-23 15:40:27,Big Tech's spending drove Nvidia's rise,Yahoo,https://finnhub.io/api/news?id=7955ed23d004cb543ec3c9e36423c606faf414de8298a7e23ed51a988926ef58,0.0,1.0,0.0,0.0
2025-05-23 15:18:49,Trump threatens Apple with tariffs. He has been making such threats since 2016.,Yahoo,https://finnhub.io/api/news?id=79210fefdfbbfe2d5b0a842cba0b6f71b9f49f6414f1041b90cb532723cc7a66,0.238,0.762,0.0,-0.9081
2025-05-23 15:10:37,"Amazon.com, Inc. (AMZN)-Backed Anthropic Launches Claude 4, Its Most Advanced AI Yet",Yahoo,https://finnhub.io/api/news?id=29dccd4cb112264afa7b6d8a6f6763d10ad57b95cc3f67c9377029aed57b6051,0.017,0.855,0.128,0.7258
2025-05-23 14:56:09,Anthropic's New AI Models Could Be Positive Sign For Amazon's Challenge To Nvidia. Here's Why.,Yahoo,https://finnhub.io/api/news?id=432de9885f36c8cdbbad113a3cbada77c76860245952a8ba661df41705b8844b,0.0,0.864,0.136,0.5994
2025-05-23 14:50:14,"UPS: The Near 7% Yield Is Worth A Look, Shares Near Key Support",SeekingAlpha,https://finnhub.io/api/news?id=d96a53e99a698d257d8e6b5eb4e82c9f043641dce752d5e0368adf529ea4f14c,0.0,0.688,0.312,0.936
2025-05-23 13:34:32,3 Stocks That Will Likely Prosper As Inflation Falls,Benzinga,https://finnhub.io/api/news?id=5d1b30b5a2f9dd816e36875fb433dc35cf439cf034cfa6803c3ca6d262e1a47b,0.0,1.0,0.0,0.0
2025-05-23 13:00:00,1 Growth Stock Down 56% to Buy Right Now,Yahoo,https://finnhub.io/api/news?id=4f7420b64bee2a67fa52972c933722bff3d9eb7e0c76a260fe465054b7865127,0.058,0.667,0.276,0.9287
2025-05-23 12:35:17,Why Goldman Sachs' tech chief envisions a future of humans managing AI agents,Yahoo,https://finnhub.io/api/news?id=09a686e138573276b6bbd4fca0a71b7633dd471c124af51adfd52eef6e67e524,0.0,1.0,0.0,0.0
2025-05-23 11:48:43,"EXG: 9% Yield, International Exposure",SeekingAlpha,https://finnhub.io/api/news?id=59d29797bef2935af37ac02d6e59bc1554869c56bb32041c0cde2ae089a25da9,0.0,1.0,0.0,0.0
2025-05-23 11:30:14,Steadfast and Strong: Invest in These 2 Durable American Giants,Yahoo,https://finnhub.io/api/news?id=458c668e7b22e2f531273d6f5302fc3c9fc8ea9987d3c85a79e56d79e2c4fe8f,0.037,0.68,0.283,0.9313
2025-05-23 11:30:00,3 Top Buffett Stocks to Buy and Hold for the Long Haul,Yahoo,https://finnhub.io/api/news?id=d57fb3796d5c284f77c3a1d12ad233f89f0b2e65b233ea927a21ea12a21c1b1c,0.0,0.844,0.156,0.9153
2025-05-23 11:04:19,Q1 2025 Pershing Square Holdings Ltd Earnings Call,Yahoo,https://finnhub.io/api/news?id=09464cee63dcff2dffbe89474c95edadc83918024e1ce1e5ade8ca342f980ec9,0.0,1.0,0.0,0.0
2025-05-23 10:56:09,"Anthropic's New AI Models Are Likely A Positive Signal For Amazon's AI Chip Push, Says Analyst",DowJones,https://finnhub.io/api/news?id=7398959063aaba3c08ccc9760bdcc653ec23fcab529a6a5160a3a5340c3cce02,0.0,0.806,0.194,0.802
2025-05-23 10:02:30,Dow Jones Tumbles 300 Points On Trump Tariff Comments; Apple Sells Off,DowJones,https://finnhub.io/api/news?id=8682845d498623556e5e328117c4478401298826065fa48ba474184442b582af,0.0,1.0,0.0,0.0
2025-05-23 09:57:03,Big Tech ETF slumps as Apple falls after Trump says company faces potential tariff,MarketWatch,https://finnhub.io/api/news?id=3b70371ab1ae0a81229c42459b68d46a358205830060e1c2bd3f5f333e064fea,0.0,1.0,0.0,0.0
2025-05-23 09:21:08,"Despite Headwinds, LiveRamp's Core Is Strong",SeekingAlpha,https://finnhub.io/api/news?id=f0407d4c5d320d82e66502aa9678fbb7db07805b4e17096c5adf724825c941d9,0.0,0.694,0.306,0.8979
2025-05-23 08:45:00,‘Tariff Man’ Is in a Bad Mood Ahead of the Memorial Day Weekend,MarketWatch,https://finnhub.io/api/news?id=5e3c9e2ab6a66c6ef7213ae928fd11748b64fe01adc959c54fb7d6513750e910,0.226,0.774,0.0,-0.7906
2025-05-23 08:35:00,Thinking of Buying Amazon Stock? The Company's Biggest Moneymaker Might Surprise You.,Yahoo,https://finnhub.io/api/news?id=6e3ef1f262779059f8175f619511b8f41957b1fb9f11f01906b204c10fa84243,0.0,0.88,0.12,0.6369
2025-05-23 08:30:00,U.S. Deficits And Debt: Sustainable For How Long?,SeekingAlpha,https://finnhub.io/api/news?id=a2a6b37bb7df822db191ee9d142ca1a41cec6b957c9d3569636bcf768f1b59e6,0.144,0.718,0.138,-0.0516
2025-05-23 08:14:00,Investing for the Long Term: 1 Unstoppable Vanguard ETF to Buy and Hold Forever,Yahoo,https://finnhub.io/api/news?id=99094bca5bca0463493ad5c38519d63fd72bf11ec0c0c0ec9c05d9050dee92e1,0.057,0.846,0.097,0.4939
2025-05-23 08:10:00,3 No-Brainer Artificial Intelligence (AI) Growth Stocks to Buy With $250 Right Now,Yahoo,https://finnhub.io/api/news?id=288fb1a89368132eb89f306f614ca8041d4f07a58b0c617c66601c8a1031f4c5,0.0,0.64,0.36,0.9274
2025-05-23 07:21:53,Amazon: AWS Is At Risk Of Getting Dethroned (Technical Analysis),SeekingAlpha,https://finnhub.io/api/news?id=69cb59ed815a6196ab83acc290d82b8c158cc9c6c847cd20ca562218cf2e2f3c,0.154,0.641,0.204,0.2732
2025-05-23 07:04:33,Pershing Square Holdings Ltd (LSE:PSH) Q1 2025 Earnings Call Highlights: Strategic Moves and ...,Yahoo,https://finnhub.io/api/news?id=a1485b6565671b54ee08faaf1ebfeac8604af229346e7f8c39f1552274e1e11e,0.0,1.0,0.0,0.0
2025-05-23 05:31:01,"Amazon.com, Inc. (AMZN) Shareholders Overwhelmingly Reject Proposal to Permanently Split CEO and Chair Roles",Yahoo,https://finnhub.io/api/news?id=df4a32f864883c722bfecedac79ff250661ba3281343e7b50a383f2b65073dd8,0.12,0.88,0.0,-0.7906
2025-05-23 02:50:00,Amazon And Apple: Post-Earnings Updates To The Outlook,SeekingAlpha,https://finnhub.io/api/news?id=129ab009fddbefe686861af39e738efb96deeacf1694635d63be91b37863613d,0.0,0.894,0.106,0.4404
2025-05-23 00:39:15,"Ackman’s Pershing Square Takes New Position in Amazon.com, Inc. (AMZN)",Yahoo,https://finnhub.io/api/news?id=d5fc2ad5e71d5bf74049eca6603786bf2e813e6e11d671ed087e6d322d918b41,0.0,0.92,0.08,0.6801
2025-05-22 23:02:58,"Amazon.com, Inc. (AMZN) CEO Jassy Says Trump Tariffs Haven’t Slowed Consumer Spending",Yahoo,https://finnhub.io/api/news?id=c50bb140d49a8696edf2a4fae6422c78d4fa90de5016bc59a7d0ad5738b0bd0a,0.052,0.9,0.048,-0.0716
2025-05-22 21:35:31,"Ackman's hedge fund Pershing Square bets on Amazon, exits Canadian Pacific",Yahoo,https://finnhub.io/api/news?id=7c97f3bf541235212e0aca69fc6e6bfc21a2ebc8825831d60ba8edceec45d161,0.034,0.867,0.099,0.4927
2025-05-22 21:30:18,"Nike to sell to Amazon.com for first time in six years, The Information says",Yahoo,https://finnhub.io/api/news?id=97971fb7a804f694661339b4036b082637fd2e5b2722bde2679fd408ade2c275,0.015,0.949,0.035,0.2263
2025-05-22 21:11:27,Why a Veteran Investor Is Very Bullish on Amazon.com (AMZN) and Uber Technologies (UBER),Yahoo,https://finnhub.io/api/news?id=9b9311968c2e9718db25f804966ffc94795ed572bd8485ca64a95311d03d120b,0.02,0.903,0.077,0.6369
2025-05-22 20:44:53,Target’s troubles leave analysts most negative since 2018,Yahoo,https://finnhub.io/api/news?id=c5b92a1bb91df4f1794042ed44ee2cc4ad3d7e0ecce72ed9001269c5eb0242f1,0.175,0.772,0.053,-0.9099
2025-05-22 20:09:28,Tracking Bill Ackman's Pershing Square 13F Portfolio - Q1 2025 Update,SeekingAlpha,https://finnhub.io/api/news?id=2c7136ea40d46c3fa39e492e864594891f937902277b18d5ce1b1b52ff55b634,0.0,1.0,0.0,0.0
2025-05-22 19:08:57,Magnificent Seven Shareholder Meetings On Tap: Taking Stock of the Economy,Yahoo,https://finnhub.io/api/news?id=bec60d7c22ac0d1b7d03bcfeb02bcf38ad43fce71b5b6acd563ee147a1f1bbe5,0.0,0.843,0.157,0.5994
2025-05-22 18:53:21,Nike to start selling its products directly on Amazon's US website again,Yahoo,https://finnhub.io/api/news?id=57f86ab1d7fc0bd439b4ef751f8333d65ee35d1cf9cfe18a4bc698a994396c68,0.036,0.91,0.054,0.2732
2025-05-22 18:35:03,Amazon: Tariffs Will Strengthen The E-Commerce Empire,SeekingAlpha,https://finnhub.io/api/news?id=b4ea2d9721de444bca8e5799a08688cd90d310903fd0ead9d05c2583fa5352b4,0.0,0.716,0.284,0.836
2025-05-22 18:30:00,Lazard U.S. Equity Concentrated Portfolio Q1 2025 Commentary,SeekingAlpha,https://finnhub.io/api/news?id=f42d25af50ec7246f6a1cc65f05e33f8eb40973ba6a5330b9a7a81545e8a5f63,0.0,1.0,0.0,0.0
2025-05-22 17:59:44,Amazon Com says Shareholder Proposal To Separate CEO And Chair Roles Not Approved - SEC Filing,Finnhub,https://finnhub.io/api/news?id=0bb6b4bafe0849cbf28d3ee39fa1ac0ae31d04e7e1ed1199853dd7ddee6ae10f,0.12,0.785,0.095,-0.2671
2025-05-22 17:17:37,ArcticCollagen Joins Amazon.com (NasdaqGS:AMZN) Offering Flavored Natural Collagen Peptides,Yahoo,https://finnhub.io/api/news?id=202dd9911134b9018a40aafe4cc0fce244ba0cd3d00ee935727f004903856b68,0.0,0.808,0.192,0.9274
2025-05-22 16:28:10,AWS Says Opus 4 And Sonnet 4 Ai Models Are Now Generally Available In Amazon Bedrock - Blog,Finnhub,https://finnhub.io/api/news?id=f780fb33909e2ea6171fa49d028012862be679a065e9ca559769a382199a3840,0.0,0.902,0.098,0.4824
2025-05-22 15:28:00,"Dow up 225 points on gains in Nike, Amazon.com Inc. stocks",MarketWatch,https://finnhub.io/api/news?id=93c12bfcd7cb740a71835a59d283c97b82bc88c67144c7f87d8a688d430babb1,0.0,0.806,0.194,0.5859
2025-05-22 14:29:00,Sam Altman and Jony Ive Are Planning a Device for the AI Era. It Won’t Be Easy.,MarketWatch,https://finnhub.io/api/news?id=b5da0cfd4b3f0c4d8b6ae463ad95fb743f7abdc4d82912c7cca84a09aebb3fff,0.0,0.847,0.153,0.7003
2025-05-22 14:14:07,"Ackman's hedge fund Pershing Square made Amazon investment, executive says",Finnhub,https://finnhub.io/api/news?id=93a41e362c276e8036aad078949abf36e1d9ab64ce637598d030b72ed8e9e205,0.0,0.954,0.046,0.1779
2025-05-22 14:00:00,Consumer Stocks Have Taken It on the Chin. Buy These 8.,MarketWatch,https://finnhub.io/api/news?id=c595047b0e51a8c3964ffb51210c5ba1d769f25622b98c18672033e29b118183,0.0,1.0,0.0,0.0
2025-05-22 13:57:12,"Amazon tests AI audio summaries for products, expanding tech giant's AI push (May 21)",Finnhub,https://finnhub.io/api/news?id=1f90d8c39e7a6cc1b9aad6701259811ac677ffd7dad57e9fa755ed8317df2546,0.0,0.843,0.157,0.6705
2025-05-22 13:28:00,Nike to Resume Selling on Amazon for First Time Since 2019. The Stock Rises.,MarketWatch,https://finnhub.io/api/news?id=8e9c6150c06ac391d9aed7a5f305db94fbf02dfbbf45dd850b18e76e263cda15,0.0,0.884,0.116,0.34
2025-05-22 12:49:07,Startup Anthropic says its new AI model can code for hours at a time,Finnhub,https://finnhub.io/api/news?id=2ce4937295d3c4a0eba408a4764c98c484f60789aa807cc30a90a383a2f7815b,0.0,0.93,0.07,0.4767
2025-05-22 12:11:00,"Nike, Goldman Sachs share gains lead Dow's 100-point climb",MarketWatch,https://finnhub.io/api/news?id=0a817dc695289d2f06f6609914c8f72eb3abcfea532e7e3873731d043ca4a50a,0.0,0.603,0.397,0.802
2025-05-22 10:40:00,Marvell’s stock is already down almost 50% this year. Here’s why it was just downgraded.,MarketWatch,https://finnhub.io/api/news?id=06388e85b7a0c55499f1f57dd6aace88009f9e77e81703107af8ba7532d1c69e,0.0,1.0,0.0,0.0
2025-05-22 10:31:00,IBM Rides the AI Wave to New Highs. Wall Street Is Having Second Thoughts.,MarketWatch,https://finnhub.io/api/news?id=d368fd33ec70b4a0ca217432b106c1181e0fdeab3ed074183d90da48d77a0f24,0.0,1.0,0.0,0.0
2025-05-22 10:30:09,Amazon com : Grubhub+ is free with Prime and saves the average member $300 a year—here’s how it’s making food delivery more convenient and affordable,Finnhub,https://finnhub.io/api/news?id=6328af8b26a80e5dcbc7a92cd83dec772d49eb1e9800b16185451b422dffc4a9,0.0,0.897,0.103,0.7269
2025-05-22 09:01:01,"Trending tickers: Snowflake, Nike, Zoom, Bitcoin, EasyJet",Yahoo,https://finnhub.io/api/news?id=0a7931d71daf9c380b4d588a189a214190979554a6d4fa2fc607ae4246eac398,0.0,1.0,0.0,0.0
2025-05-22 09:00:00,Could Buying Nu Holdings Stock Today Set You Up for Life?,Yahoo,https://finnhub.io/api/news?id=fcc8b4c8561cd57d18660927fce1805efa03e0571a3634b217c691b20f8a769d,0.0,0.866,0.134,0.7149
2025-05-22 08:58:47,Andy Jassy continually explaining Amazon’s AI bets is something other CEOs can learn from,Yahoo,https://finnhub.io/api/news?id=4478b29f81da1e2a011322a01ad93c9deec29b841cc24d17e96cb0172301ca17,0.143,0.857,0.0,-0.6705
2025-05-22 08:58:07,Amazon com : Technology Innovation Institute and AI71 Collaborate with Amazon Web Services to Scale AI Innovations in the UAE and Beyond,Finnhub,https://finnhub.io/api/news?id=a9324087d911c261b8974a0214ec6db9f01195870c82c70b785ea2b8009ec0d0,0.0,0.768,0.232,0.8957
2025-05-22 08:50:00,Prediction: Amazon Could Surge by 100% in the Next 5 Years,Yahoo,https://finnhub.io/api/news?id=c4361c9a089c1b276d1674d4959295e44dabb5690d088367c1fa2190c54dc717,0.041,0.79,0.169,0.6976
2025-05-22 08:40:00,BNY Mellon Appreciation Fund Q1 2025 Commentary,SeekingAlpha,https://finnhub.io/api/news?id=20d19fc69f7c4b7a109e3abf7a71137075bdef26cb5cfa21b6e8a82ae48e0dd8,0.0,0.761,0.239,0.765
2025-05-22 07:12:00,"2 Reasons Amazon Is the Best AI Stock of the ""Magnificent Seven""",Yahoo,https://finnhub.io/api/news?id=91cffd8972dbd5f118fa9b0aeb19e647880f50bccdc46724fe65e2959e4d0ff5,0.0,0.821,0.179,0.946
2025-05-22 06:58:06,AMZY: Collecting Income Where It Isn't Usually Possible,SeekingAlpha,https://finnhub.io/api/news?id=4c04d4d5bd6cd3a8a7a031fde39cfb447d740d3269b91864f381fcab062b9a15,0.0,1.0,0.0,0.0
2025-05-22 06:35:24,"Wall Street Breakfast Podcast: Talk Of Taking Fannie, Freddie Public Resurfaces",SeekingAlpha,https://finnhub.io/api/news?id=858c5471b03a6c867e874594ebc631e767e264c733718befaf68492b69d7eee1,0.0,1.0,0.0,0.0
2025-05-22 05:00:20,The world's 10 best cities to live in revealed,Yahoo,https://finnhub.io/api/news?id=d632b2ad1baf2ad169f3601938e39d24394c2f900004a5d73800ac7a9e60c007,0.0,0.849,0.151,0.5859
2025-05-22 01:40:00,Magnificent 7 Shareholder Meetings On Tap: Taking Stock Of The Economy,SeekingAlpha,https://finnhub.io/api/news?id=6745e3b85c694606ad64a93bf03cbd88972be32313db4ef86e407e64509bf624,0.0,0.843,0.157,0.5994
2025-05-21 23:35:00,Walmart Earnings Summary: Tariffs Not As Critical As Long-Term Flywheel Improvements,SeekingAlpha,https://finnhub.io/api/news?id=56abacf6ec6568a1fc51db6841da9fb344dfb81532625e11edd71d271af048f9,0.0,0.679,0.321,0.5043
2025-05-21 22:49:28,From Warren Buffett's Berkshire Hathaway To Jeff Bezos' Amazon — Bitcoin Is Now Outshining These Wall Street Titans,Benzinga,https://finnhub.io/api/news?id=8a3fdb3ddb61e3105919c3bdd793dafa94a6fe1ffbbcddb82387106884c133e7,0.0,0.881,0.119,0.4939
2025-05-21 22:23:26,Nike Returns to Amazon with Strategic Price Hikes,Yahoo,https://finnhub.io/api/news?id=6ff5d148be3af95d0a984522f2ddbeb6f202b8e5b102ef0fd207f0aa29ed4d9e,0.0,0.888,0.112,0.34
2025-05-21 22:14:39,Tracking Jeremy Grantham's GMO Capital Portfolio - Q1 2025 Update,SeekingAlpha,https://finnhub.io/api/news?id=e27504393d6270f71f4779aed94b422dee3a3fcabc889d6582ddb2468c20c3d3,0.0,1.0,0.0,0.0
2025-05-21 21:38:31,"Nike set to raise prices next week, plans to sell on Amazon again",Yahoo,https://finnhub.io/api/news?id=c0673ac1c0895f4170144a980aa38b9393ce113e3e1aefbf4d6adafe86a58f0e,0.029,0.92,0.051,0.1779
2025-05-21 20:54:40,Saks Fifth Avenue Brand Heads to Costco: Sources,Yahoo,https://finnhub.io/api/news?id=610e1bef3d443e0f45aa838de461b72aa73d9a1153df91858fca88a4f468a719,0.0,1.0,0.0,0.0
2025-05-21 20:14:38,Trump's playbook if he wants companies to take on tariff costs,Yahoo,https://finnhub.io/api/news?id=358218a80e414db5ca071ac1422eb8830956945be0ec71ff5b665bbe982ef99d,0.066,0.905,0.029,-0.3134
2025-05-21 19:54:34,"Andy Jassy makes  the case for Amazon’s extraordinary AI spending, promising shareholders they will end up ‘very happy’",Yahoo,https://finnhub.io/api/news?id=f35a854368612eb1269423dc3ce14c72997381401c2bd6b6590b012c88e34054,0.0,0.782,0.218,0.8176
2025-05-21 19:51:54,Sector Update: Consumer Stocks Decline Late Afternoon,Yahoo,https://finnhub.io/api/news?id=92b0637ca4df16e6e0636ce041b15e83197f58d6190dafe062bf3b70fdc8957c,0.257,0.743,0.0,-0.7845
2025-05-21 18:59:00,Nike to Sell Products on Amazon Following Five-Year Absence,DowJones,https://finnhub.io/api/news?id=732c4d235725ff96e2f151fea00726813fa86a8ff4b0790227fcb881d1ad12f1,0.0,0.825,0.175,0.34
2025-05-21 18:31:35,DEI boycott 'played a role' in Target's Q1 sales slump as foot traffic declined,Yahoo,https://finnhub.io/api/news?id=d0077329d4221653115d632464b6e61bcae98277bb568c157b4c75a63d9f16d5,0.216,0.743,0.041,-0.8074
2025-05-21 18:09:56,Market Chatter: Amazon Investors Again Reject Proposals Calling For More Disclosures,Yahoo,https://finnhub.io/api/news?id=191e05b5de097a650da7d46771c42b924bc025c95b0bcc888adb3d002201456c,0.196,0.685,0.12,-0.5141
2025-05-21 17:23:20,"Amazon CEO says customer demand, prices steady despite tariffs",Yahoo,https://finnhub.io/api/news?id=576b22630f30858db0465261ba5b5435905f1c2f6704490548ae66e0e1986d49,0.017,0.885,0.099,0.743
2025-05-21 17:22:50,Robinhood Gold seen as Amazon Prime of ebrokers - Mizuho,Yahoo,https://finnhub.io/api/news?id=aa5fb4a0af4a9ab3079a52946c45586317e06a78866cb35eb020eb6c97e0e4a9,0.0,0.885,0.115,0.4215
2025-05-21 17:22:10,Amazon.com (NasdaqGS:AMZN) Launches New Partnerships Enhancing Product Reach And Employee Rewards,Yahoo,https://finnhub.io/api/news?id=315a6a1dd1cc3aebf877da1b5fe82a9b07a846071c96188b57551555e5283b99,0.0,0.763,0.237,0.9524
2025-05-21 17:16:12,"Amazon tests AI audio summaries for products, expanding tech giants' AI Push",Yahoo,https://finnhub.io/api/news?id=9dea5357929ef8eab1eedd2d637f66b76c0b8bfe4578d6653f90d6217091a5b7,0.0,0.904,0.096,0.7783
2025-05-21 16:57:20,"Retail ETFs Rattle As Tariffs, Yields, Consumer Caution Pressure Big-Box Stocks",Benzinga,https://finnhub.io/api/news?id=e2a490b00d9d2ec667fa5b445d15e9af570071e93cb5487311a6178887f31917,0.161,0.733,0.105,-0.3182
2025-05-21 16:56:14,Nebius: Don't Let Greed Kick In - Sell The +90% Rally,SeekingAlpha,https://finnhub.io/api/news?id=dbb212a53ad8c37ee08ea447d945e0f1553ea92439a8ae42f0c0d3b0cb4bbc07,0.0,0.958,0.042,0.1603
2025-05-21 16:50:45,Amazon investors again reject all shareholder proposals,Yahoo,https://finnhub.io/api/news?id=db92ade69981745096d2551c7c80c15bc43eba44aba8e2301f8a77b843603343,0.065,0.871,0.064,-0.2732
2025-05-21 16:04:27,Amazon rolls out short-form AI-powered audio product summaries for select items,Yahoo,https://finnhub.io/api/news?id=6c87054d1c1a3f73a66ff7bc5a5108efb0d7904997c42b1b4111e50bcfa0233c,0.0,0.905,0.095,0.6705
2025-05-21 15:45:20,Magnite price target raised to $24 from $20 at Craig-Hallum,Yahoo,https://finnhub.io/api/news?id=fc73d5855f0dd7656fdee5dee66648771d26728572837e52c0c3eabb98cbdd8f,0.04,0.82,0.14,0.765
2025-05-21 15:35:36,ArcticCollagen to Bring Renewed Rejuvenation to Amazon.com,Finnhub,https://finnhub.io/api/news?id=12cf90225e1f12952b6f290f2083780cf9aea4c9f0120aadb34c21775b1c111f,0.0,1.0,0.0,0.0
2025-05-21 15:30:51,Market Madness In 2025: It's All About Getting Over One Big Hurdle,SeekingAlpha,https://finnhub.io/api/news?id=e04154f938326f7781438d38281a5404e29f9e6891162c9d7469e3335e7d937b,0.12,0.843,0.038,-0.5719
2025-05-21 15:22:00,Nordstrom Stock Just Delisted. Macy’s and Dillard’s Are the Department Stores Left Standing.,MarketWatch,https://finnhub.io/api/news?id=d441c69c6999591700cfd75ca1b3be4abd69540d022d09e97a238ac2865f9689,0.0,1.0,0.0,0.0
2025-05-21 14:46:17,Prominent Investor Is Prepared to Buy META and AMZN Stock on Any Weakness,Yahoo,https://finnhub.io/api/news?id=dc78b842645b16ce7a3abb7be8f867279e984c407dae3a4ebe82168f5e9d2f52,0.038,0.904,0.058,0.1027
2025-05-21 13:42:00,Amazon vs. Oracle: Which Cloud Computing Stock is a Better Bet?,Yahoo,https://finnhub.io/api/news?id=20bd7438e697ce9cfa9450ed3cfce169a2ceb656210be35a543c832ae56bb9b1,0.0,0.718,0.282,0.875
2025-05-21 13:35:24,5 Consumer Discretionary Stocks Whale Activity In Today's Session,Benzinga,https://finnhub.io/api/news?id=975d70e80bfbeaef59d0047291ffd29c5e1de96c0a28b872d035c8359e1b009a,0.0,1.0,0.0,0.0
2025-05-21 12:45:00,This Beaten-Down Dividend Stock Yields 6.5%. Here's Why It's Worth Doubling Up on in May.,Yahoo,https://finnhub.io/api/news?id=2d3a966f0c71bcff0adbc6e8776e335f068ff15747f40549018380155a2913e2,0.023,0.908,0.069,0.3071
2025-05-21 12:25:58,"Big Tech ETF climbs, outperforming S&P 500 as Alphabet shares jump",MarketWatch,https://finnhub.io/api/news?id=e9ce0f7bcf971d9658c1763fee97a1fca0cd413204836a28da498942fac1c4c8,0.0,0.82,0.18,0.5267
2025-05-21 12:01:15,Amazon's Quiet Repricing,SeekingAlpha,https://finnhub.io/api/news?id=8a40c5fad79fd522d97a7924bad98527c949e2b3a9898fe9e805ba3f6fe7be01,0.0,0.909,0.091,0.3818
2025-05-21 12:00:00,"Have $1,000? 2 Warren Buffett Stocks to Buy Now and Hold Forever.",Yahoo,https://finnhub.io/api/news?id=4d6b88d3bd000477e3467c81e213fb1c010cf896a2a69b60fd4fabd946fc7cb5,0.061,0.855,0.084,0.2501
2025-05-21 11:39:27,Amazon Started Testing New Short-Form Audio Product Summaries On Select Product Detail Pages,Finnhub,https://finnhub.io/api/news?id=140e1a13312be4c0747d986bf253a42092b48de30727c12732a5eb3e3a1f7827,0.0,0.83,0.17,0.6774
2025-05-21 10:55:20,Home Depot: Dodges The President's Ire But Not The U.S. Consumer,SeekingAlpha,https://finnhub.io/api/news?id=3cb8db5f643793dfc84472e555fce0f0eb25f2cc8a09ccb6179038127c7729dd,0.0,0.955,0.045,0.1154
2025-05-21 10:30:38,"Target badly misses on earnings, slashes guidance as it battles DEI backlash and reinvigorated Walmart",Yahoo,https://finnhub.io/api/news?id=07f6f32512935f2b4d8e802168fb23beb97c6dd3bd0168fb3d67b33f789ff886,0.356,0.559,0.085,-0.802
2025-05-21 10:30:00,"Prediction: This Artificial Intelligence Stock Will Be More Valuable Than Nvidia, Apple, and Microsoft in 5 Years",Yahoo,https://finnhub.io/api/news?id=9f10802f70b6833c770012a470701d4affe63a0fbee75a017b27de3bbebdead8,0.0,0.769,0.231,0.9637
2025-05-21 09:45:00,"Dow's 365-point drop led by losses for shares of UnitedHealth, Amazon.com Inc.",MarketWatch,https://finnhub.io/api/news?id=d997455c79d3e5632fcbef54d529c2d1457bcf4443a9618786724c3cdc55e01a,0.3,0.562,0.138,-0.6369
2025-05-21 09:15:00,Harding Loevner Global Equity Q1 2025 Report,SeekingAlpha,https://finnhub.io/api/news?id=98a5eac5e427a7b124c5429237c370dbe0e534916d53d5d16a6d14779f573ac0,0.196,0.804,0.0,-0.8074
2025-05-21 08:10:12,An Economic Crossroads Puts Direxion's AMZN-Focused Bull And Bear Funds In The Spotlight,Benzinga,https://finnhub.io/api/news?id=6451ec05c731f6010c32646a39b1efdf9578ed67e3e26bbc45b2cc79a823f450,0.0,1.0,0.0,0.0
2025-05-21 08:03:35,"Dow Jones Futures Fall, Yields Jump, Palo Alto Skids; Elon Musk Makes These Tesla Claims",DowJones,https://finnhub.io/api/news?id=a1a61527dd32a9f485e8048b6405180c8d2d98d12951f6fedbf8b5180c3ff30e,0.0,1.0,0.0,0.0
2025-05-21 08:01:00,Tesla Stock vs. Amazon Stock: Billionaires Buy One and Sell the Other,Yahoo,https://finnhub.io/api/news?id=40495dc49ba1f567a1e1b1f0db7712553039d33f3a48a64eb6a5a8df144489a3,0.016,0.819,0.164,0.875
2025-05-21 08:00:06,What Trump could do if he's serious about trying to make companies 'eat' tariff price hikes,Yahoo,https://finnhub.io/api/news?id=e09e875601c2e7ef9c577f3f27bbd2060a09483c082f205006465065fcffe8ba,0.028,0.972,0.0,-0.0772
2025-05-21 07:53:22,Tesla Is 6X More Expensive Than Its Peers And The Most Overvalued Mag 7 Stock: Gordon Johnson Questions Fundamentals As Elon Musk Shrugs Off Concerns,Benzinga,https://finnhub.io/api/news?id=aa55cd9220d0e67d796ebc6c7b265a43b8fc5143c79d18f8f2014e1652b8ff14,0.0,0.851,0.149,0.7351
2025-05-21 05:01:10,German e-commerce grows to 92 billion (+4%) by 2025,Finnhub,https://finnhub.io/api/news?id=e8b3f2b3982cf26238b310d733e407c4ef992edc29bde875e94ec2f4cf601316,0.0,0.939,0.061,0.3384
2025-05-21 03:50:00,The Evolution Of Marketplace Convenience,SeekingAlpha,https://finnhub.io/api/news?id=b7f1eed2567ffd66e7d224efb83318c4c2e7eeb296282c3309d8dcdf82e7176e,0.062,0.861,0.077,0.128
2025-05-31 22:07:00,3 Things to Know About Amazon Stock Before You Buy,Yahoo,https://finnhub.io/api/news?id=b230731919fad2488fdba7eb98229a7b3e15da268e1434a1f3bf051f551383a8,0.0,0.8,0.2,0.875
2025-05-31 12:46:57,Marvell price target raised to $70 from $60 at TD Cowen,Yahoo,https://finnhub.io/api/news?id=83d357e8055f39856b3c1b834ca8416f6171ae7420b5b576e14a3f957617ae4d,0.048,0.814,0.138,0.8381
2025-05-31 12:00:07,Where the Stock Market Stands Now After a Wild Start to the Year,Yahoo,https://finnhub.io/api/news?id=627480b3dc41e957bc55d7f2abf0d70d50f0344b5d440b54d36dc453a4484076,0.041,0.872,0.087,0.7003
2025-05-31 09:02:00,3 Soaring Stocks I'd Buy Now With No Hesitation,Yahoo,https://finnhub.io/api/news?id=2c5c153cfe0153fa4600275a9c3b7968e932140deb9e1623929a546e5e79e591,0.027,0.611,0.362,0.9485
2025-05-31 09:00:00,PCE Inflation: Solid Developments That Are (Relatively) Immaterial,SeekingAlpha,https://finnhub.io/api/news?id=d414804d4ec782c6046b680328634d767eac3814004bf97a87f8dcfb3c089eb4,0.0,0.865,0.135,0.5719
2025-05-31 08:50:42,Netflix Beat Masks Bigger Problems,Yahoo,https://finnhub.io/api/news?id=e8aff42d50b791e2b251df91ecf4017d38f699049b6525414a7b266fbab17e7e,0.11,0.774,0.116,0.0258
2025-05-31 08:10:00,"2 Best Stocks to Buy With $1,000 Right Now",Yahoo,https://finnhub.io/api/news?id=b9cc6b4d381ab9ad8f42b65bf9fce0974bce07ef60e9ae75b7f2e8e3fd05d0f5,0.05,0.703,0.247,0.9287
2025-05-31 07:00:00,Amazon: Too Good To Pass Up Right Now,SeekingAlpha,https://finnhub.io/api/news?id=76bc43402ac33b2a3a71e5d5779ecb69fd318972524b1b25d2193b2982d0a7b8,0.0,0.722,0.278,0.8834
2025-05-31 04:58:14,"The Amazon Paradox: Growth Potential, But Stalling Stock Price",SeekingAlpha,https://finnhub.io/api/news?id=0ae871e0a51b4b7950d5b26e4dae15210c133272de120233bf0d63a65bc6c5b8,0.151,0.536,0.313,0.714
2025-05-31 02:30:00,5 Things We’ve Learned From Retail Earnings,MarketWatch,https://finnhub.io/api/news?id=2ba9dc5227a8a4897568db8b2fbf66ddfbd55926c92eb1432bc1cba1d3b43785,0.0,1.0,0.0,0.0
2025-05-30 21:00:00,She Always Felt Like an Outsider. Now It’s This CEO’s Superpower.,DowJones,https://finnhub.io/api/news?id=5f4c90f41505f61d9ca5f609be62b8a6bd87a618d24ddea946cf0d0291b327f2,0.0,0.8,0.2,0.6124
2025-05-30 20:00:10,"ServiceNow Regenerates On Swarm Of AI Deals With Amazon, Microsoft And More",Yahoo,https://finnhub.io/api/news?id=8d115103a96fe266a2f3a5b5ca85e2b6aae6c3cd8be30ddf9499bece5f677bfc,0.0,0.78,0.22,0.7096
2025-05-30 19:07:00,Know Your Options: Three Secrets Every Trader Should Know,Yahoo,https://finnhub.io/api/news?id=923e934738e362867d56ae85e4dd4e45e618507d9754e90a465770accb1ab9a6,0.0,0.79,0.21,0.7269
2025-05-30 18:21:00,Is Realty Income’s (O) 9-Year Low a Golden Opportunity for Dividend Investors?,Yahoo,https://finnhub.io/api/news?id=90663d69a8249828d07c947eaa10687e5756d43c5bd09e9abacb61bf8305a611,0.038,0.874,0.087,0.6808
2025-05-30 16:45:20,Amazon's AI Roadmap With AWS CEO Garman,Yahoo,https://finnhub.io/api/news?id=700b0735d3156aa7dadbaef639ff4cfb2d6053bfbeac72b570e80e251b525981,0.0,0.86,0.14,0.6705
2025-05-30 16:44:52,Gap CEO: The trade war has not stalled our turnaround,Yahoo,https://finnhub.io/api/news?id=d8fe74c9d759bb4356f4bf85dc50c3cc632a9deeb322941e904e1d0da18400ab,0.21,0.699,0.091,-0.7512
2025-05-30 16:44:00,Bill Ackman Is Killing It. A New ETF Will Track His Investments.,MarketWatch,https://finnhub.io/api/news?id=5397d09a0a7df6be822e77ee5b3262037461951c99a71cc7165101592ee8ffa5,0.286,0.714,0.0,-0.8689
2025-05-30 16:11:06,Marvell: June Event Becomes The Moment Of Truth,SeekingAlpha,https://finnhub.io/api/news?id=5dc94c10e9cd58a34ae333a05e101d744e92396c81940f2d59cc9a5296d0f74d,0.165,0.737,0.098,-0.5346
2025-05-30 15:27:35,Amazon Vs. Nvidia: The Lethal Kiss To Shape Different AI Destinies,SeekingAlpha,https://finnhub.io/api/news?id=302be066ea68effe55810a15d66f4904dab0b0e3f35e48f490529121faa35078,0.0,0.782,0.218,0.7269
2025-05-30 15:23:00,Marvell Stock Slides. Why It Could Be the Cheap AI Chip Play.,Yahoo,https://finnhub.io/api/news?id=2d5ab5996a553284ac7011bf158d44326906170ef223e2008b97b1bf80110ab5,0.077,0.855,0.068,-0.0772
2025-05-30 15:07:12,"Dogs Of The Dow Chase June's ""Safer"" Buy -- Verizon",SeekingAlpha,https://finnhub.io/api/news?id=44d976ba7db3be633e540e5f641994b1f0a1556bead691a6bf5497cf05703d46,0.0,0.899,0.101,0.5574
2025-05-30 14:54:25,Tesla: 'Sell The News' Trade Could Increase As June 12 Robotaxi Launch Date Nears,SeekingAlpha,https://finnhub.io/api/news?id=d17fe727b2bbb3d02238863312df01ca4944d4ce676ce607d720cab130b110eb,0.0,0.911,0.089,0.3818
2025-05-30 14:21:00,"Marvell tried to ease a big investor concern, but the stock’s slump shows that doubts still linger",MarketWatch,https://finnhub.io/api/news?id=a4afbe1d3dcd41d305298a0c9fb18297ab704f3e9ec611c2b0b5c622b634c26b,0.138,0.739,0.123,-0.1531
2025-05-30 13:51:00,"NVIDIA Corp., Salesforce share losses contribute to Dow's 111-point fall",MarketWatch,https://finnhub.io/api/news?id=18721232e5e9ed296fd3a7dae66845cdc739ac5a9c2805180eb6268402d85beb,0.209,0.62,0.171,-0.25
2025-05-30 13:30:00,3 Reasons to Buy Walmart Stock Like There's No Tomorrow,Yahoo,https://finnhub.io/api/news?id=ea2ca0562cc215b94835a2d6e010457166f92317677e95c85e0c65a6874f4f74,0.038,0.741,0.221,0.891
2025-05-30 13:29:36,How The Fed And Uncertainty Can Push The S&P 500 Into A Correction,SeekingAlpha,https://finnhub.io/api/news?id=ce699c6f78f540dd5d3dc5165ee13812bdcaf6fca434f1f1aaebeaa3f1176720,0.105,0.771,0.124,0.2003
2025-05-30 13:00:00,"The Best Dividend Stock to Invest $1,000 in Right Now",Yahoo,https://finnhub.io/api/news?id=043b2050b45e9ed5dfad197be85ef2f74e51bb186d388a1c66a7d106e2aff45a,0.02,0.73,0.25,0.9403
2025-05-30 12:31:00,Ulta Beauty Stock Is Rising. Earnings Strength Was More Than Cosmetic.,MarketWatch,https://finnhub.io/api/news?id=752a9d9af4f008c28be0617dbb5ae6a335b0d47c0ddf353f046e6cadea266e46,0.0,0.562,0.438,0.9325
2025-05-30 11:30:13,Mag 7 valuations before & after Nvidia earnings: Chart of the Day,Yahoo,https://finnhub.io/api/news?id=55a97fcc92abbdff92fb8db236afd2b9892fb4a8c492308218984379604b73c6,0.0,0.908,0.092,0.7693
2025-05-30 10:38:58,"As An Investor, I Wish It Was 1999",SeekingAlpha,https://finnhub.io/api/news?id=e2ad5ddb5cc53690c4ee146f79f77661d4b823b0470c9d5c93cef6e7ad10a5a6,0.054,0.876,0.07,0.1531
2025-05-30 10:11:56,bolttech integrates AWS Gen AI to enhance efficiency,Yahoo,https://finnhub.io/api/news?id=f971525cba39aaf16778eed359d784679ad8f8c0f63983298e22d0ddc48b89e5,0.0,0.851,0.149,0.4939
2025-05-30 09:57:00,Weitz Partners III Opportunity Fund Q1 2025 Commentary,SeekingAlpha,https://finnhub.io/api/news?id=da8cfa95344ccaca83ec538b7dc3a9dd78f7140f85d4404bab110e7e9f3fc588,0.0,0.785,0.215,0.802
2025-05-30 09:52:00,"NVIDIA Corp., Nike share losses contribute to Dow's 100-point fall",MarketWatch,https://finnhub.io/api/news?id=4dc7b57b96e0d874b7e0fb2e4dcf96f9ca971af52d61c94a0bef4ff98d943553,0.209,0.62,0.171,-0.25
2025-05-30 09:45:00,Billionaire Chase Coleman Just Loaded Up on 4 Brilliant AI Stocks,Yahoo,https://finnhub.io/api/news?id=e33ec4e420378e36819aae4aeeee46346875d9f1a5453b304c0223f994458b19,0.0,0.791,0.209,0.9108
2025-05-30 09:00:00,"Elon Musk Thinks Tesla Will Be the World's Most Valuable Company, but This Huge Problem Could Send Its Stock Plunging by 70% Instead",Yahoo,https://finnhub.io/api/news?id=7ef96eac3940784a9d3476fc0a2893bd3513e812cbc360fc0b5ac4ae0d0e4ca6,0.034,0.759,0.207,0.9518
2025-05-30 08:16:00,Here’s what’s worth streaming in June 2025 as ‘The Bear’ and ‘Squid Game’ return,MarketWatch,https://finnhub.io/api/news?id=fdf4a8ec24d63f09445d9f1b8e1b38794904dd002ceddea1baf335a51ec40b85,0.0,0.872,0.128,0.4215
2025-05-30 07:40:00,abrdn Global Dynamic Dividend Fund Q1 2025 Commentary,SeekingAlpha,https://finnhub.io/api/news?id=38d483e94c6ba4dd4621b8b721cdda26ae089a39d87c688a4830fb044d9ce77f,0.0,0.867,0.133,0.6369
2025-05-30 05:00:00,Target at the Tipping Point: What It Needs to Do Now,Yahoo,https://finnhub.io/api/news?id=03ae273e03af728817025a8cab1d1e8fd5a910894276c589ebbb257970821aec,0.122,0.878,0.0,-0.5106
2025-05-30 03:45:00,Generation PMCA Q1 2025 Quarterly,SeekingAlpha,https://finnhub.io/api/news?id=28b28406674f5856cf17cb4c7a35e9390050aa3d0116aff9aafed85fc3e824d1,0.0,1.0,0.0,0.0
2025-05-30 01:54:00,Madison Large Cap Fund Q1 2025 Investment Strategy Letter,SeekingAlpha,https://finnhub.io/api/news?id=90803472a4a5218d30fc3ab6b6a4c625701f62823a12946aac98aa6d4f142df0,0.0,1.0,0.0,0.0
2025-05-29 20:53:50,Tracking Ray Dalio's Bridgewater Associates 13F Portfolio - Q1 2025 Update,SeekingAlpha,https://finnhub.io/api/news?id=065e3ec67a0a852f8de27f888c48bbc88870b963b8035abf2eaab07f900ec8b7,0.0,0.947,0.053,0.2023
2025-05-29 19:55:41,Amazon Bets on ZeroOne for Next-Gen Gadgets,Yahoo,https://finnhub.io/api/news?id=d8041d54d9981c764c44bdba276d8f6c9741bf3723b2cb5fbe2220d4532ddcef,0.0,0.862,0.138,0.296
2025-05-29 19:11:26,"Tigress Sees More Roar in Amazon.com, Inc. (NASDAQ:AMZN): Price Target Hiked to $305",Yahoo,https://finnhub.io/api/news?id=3a0ce0eb4edf7e9d6c6a82621832c58b690aa42f11925ec4f27f8b28ca8665fb,0.0,0.868,0.132,0.7717
2025-05-29 19:11:00,"‘Time to Stock Up,’ Says Bill Ackman After Pulling the Trigger on Amazon Stock (AMZN)",Yahoo,https://finnhub.io/api/news?id=57800f20a092915d12623b4f2f591da13e2fbfb3b5a76a6e651fe76b6946a209,0.047,0.795,0.157,0.891
2025-05-29 19:05:40,Meet the 35-year-old tech exec helping chart DoorDash’s future—after a rapid rise to become one of Amazon’s youngest female VPs ever,Yahoo,https://finnhub.io/api/news?id=6009dfefff6e4076a291a961f6428722124b5aeeadc67015e143483e228c3f53,0.0,0.902,0.098,0.4404
2025-05-29 17:29:32,ETB: Hard To Recommend This Fund In A Bull Market,SeekingAlpha,https://finnhub.io/api/news?id=121a4a7ceefcf5b447ce8776868b781fc1849549fc91025f965b9f5d2f05ac0c,0.037,0.749,0.214,0.765
2025-05-29 17:20:20,Amazon.com (NasdaqGS:AMZN) Expands AI and e-Procurement Ventures with AWS and Corcentric,Yahoo,https://finnhub.io/api/news?id=f4514eec4839b9c12548066338252af0b462dea50807a2854426935320e5e58d,0.071,0.771,0.158,0.6326
2025-05-29 17:08:34,"HHS cancels Moderna award, GE Vernova, Amazon-NY Times AI deal",Yahoo,https://finnhub.io/api/news?id=e538eaeb23d7a8b8b2b8131bda723fb408f420af84fb9cd5753c6a3a2e003d08,0.034,0.846,0.12,0.8481
2025-05-29 16:29:00,Marvell Earnings Are Solid but Not Enough for Wall Street,MarketWatch,https://finnhub.io/api/news?id=a0e00f6a0514ff0a215fc04cd495b29b3d108b82824302a638dc8dcd830ea1f3,0.0,0.849,0.151,0.296
2025-05-29 15:59:15,Big Tech stocks pare gains as uncertainty looms over Trump tariffs,Yahoo,https://finnhub.io/api/news?id=87af30d0ec2d131bd9658b5a77d4b8b8d9fff9a70b754eaada4261c99b9f3b51,0.096,0.789,0.115,0.2023
2025-05-29 15:57:00,Madison Covered Call & Equity Income Fund Q1 2025 Investment Strategy Letter,SeekingAlpha,https://finnhub.io/api/news?id=43556fe92240db93ab787bdcbe7e2b77cce16437a7b5e0a509579ccef446c731,0.054,0.946,0.0,-0.3182
2025-05-29 15:39:56,"3 High Beta ETFs To Consider As Wall Street Welcomes Court Ruling On Tariffs, Tech Rebound",Benzinga,https://finnhub.io/api/news?id=a7c38b4e46f12e5598b3353681a857835028bbc676a3b5586b9cf3ed30d04735,0.108,0.694,0.199,0.5859
2025-05-29 14:39:01,"Update: Amazon, Stellantis Agree to End In-Car Software Collaboration",Yahoo,https://finnhub.io/api/news?id=fa36cb7485cb68f4c81e895265e3a1f2f0503cda54410b9b820f9256cad7a627,0.0,0.781,0.219,0.5994
2025-05-29 14:11:53,Broadcom Q2 Earnings Preview: The AI And Cloud Boom That's Far From Over,SeekingAlpha,https://finnhub.io/api/news?id=8fccac02015af0a0db5b85852be6389e5a7ee6b6705ccd75a9c81f7183fed980,0.0,0.896,0.104,0.5267
2025-05-29 13:40:09,Microsoft Shares Go From Laggard to Leader as AI Growth Improves,Yahoo,https://finnhub.io/api/news?id=55c963ae97ba5c189d6faf9d132e63fbc07e789a7a858dd57b97b78309bdaada,0.02,0.828,0.152,0.8957
2025-05-29 13:40:00,Should You Buy IonQ Stock for Just $45?,Yahoo,https://finnhub.io/api/news?id=f0dd348256d0a171c19edade73b72f1b560513410af68baadffea3c909ef35ac,0.0,1.0,0.0,0.0
2025-05-29 13:33:15,Nvidia Stock's Post-Earnings Bump Might Not Last,SeekingAlpha,https://finnhub.io/api/news?id=45bc76a30b4a712a1ab7c6782efbe331cfb4de2254a9d525f4e393c0ede4b8b5,0.0,0.955,0.045,0.1154
2025-05-29 13:12:10,Shares of Talkspace Climb After Amazon Pharmacy Partnership,Finnhub,https://finnhub.io/api/news?id=f6ea992d175193e1e731699f0794d08942dceda83e197e0e0a25dd8de8700690,0.0,0.794,0.206,0.743
2025-05-29 13:02:06,"Nvidia Aims To Bypass Big Tech Dependency By Going Straight To International Governments, As It Did Recently With Saudi Arabia",Benzinga,https://finnhub.io/api/news?id=6f37124f6cc252ee77879baa2d35f32d0521a7a3d5f5aac2773c77386ba5d671,0.0,0.909,0.091,0.2263
2025-05-29 12:56:09,Amazon's robotaxi unit Zoox issues second software recall after San Francisco crash,Finnhub,https://finnhub.io/api/news?id=67af2de8a17091cb5b298ff54e65a8589dcb0a70bd470235101661a59656e357,0.13,0.87,0.0,-0.6597
2025-05-29 12:47:00,Stellantis to End In-Car Technology Partnership With Amazon,Yahoo,https://finnhub.io/api/news?id=854c6c2db0c0c5fa10199678f5ecce8fd0ad1e9302eeaace7ab730807393002a,0.0,0.888,0.112,0.34
2025-05-29 12:37:59,Latest News In E-Commerce - Africa's Social Commerce Growth Driven By Mobile and Fintech,Yahoo,https://finnhub.io/api/news?id=0b42b5443f67c652f77ccd4254a8afb75968fa3076b3b26cb06796e60f021d80,0.0,0.871,0.129,0.8625
2025-05-29 12:11:12,"Amazon Says Prime Is In Colombia With Dedicated Local Membership For Cop 24,900 A Month, Or Cop 165,600 Annually",Finnhub,https://finnhub.io/api/news?id=122b1183de68bd6264c227ed5b609189fdcc1cac0187ff47936a0d9d197fbfeb,0.0,0.826,0.174,0.8143
2025-05-29 12:00:10,ServiceNow Stock Regenerates With Swarm Of AI — And Amazon Deal,Yahoo,https://finnhub.io/api/news?id=fd04d613a0d25b3c063c7197857a11c5ec2d97c90282fac34e26fb6ef48965dc,0.0,0.774,0.226,0.7096
2025-05-29 11:59:16,"Amazon Prime launches in Colombia: Free and Fast International Delivery, Prime Video, Exclusive Deals and Prime Day, Prime Gaming, and More",Finnhub,https://finnhub.io/api/news?id=65100f41047cc1fa0b961e4f5041568254007c101788f234d9d6fbf66fc9c739,0.0,0.713,0.287,0.9441
2025-05-29 11:49:02,3 Reasons I'm Buying Nvidia After Earnings And So Should You,SeekingAlpha,https://finnhub.io/api/news?id=498c90884b3c637e4576ee3cebb1cfdfb9c350dd05b870837cbd70744115ea70,0.0,0.879,0.121,0.5267
2025-05-29 10:38:59,Big Tech ETF climbs as Nvidia’s rally tops all other stocks in the Dow,MarketWatch,https://finnhub.io/api/news?id=38207a284aa6f0a50ccd3d517875911580d515818655d68db11bf717bf7e1b2f,0.0,0.798,0.202,0.765
2025-05-29 10:12:00,"Meet Billionaire Bill Ackman's Newest Artificial Intelligence (AI) Stock, Which I Predict Will Become Wall Street's First $5 Trillion Company (Hint: It's Not Nvidia)",Yahoo,https://finnhub.io/api/news?id=163c596062066baf52fccefa4349e12a6ce8c1ad6dcffc52f5ee45efcb2ee7a7,0.0,0.864,0.136,0.902
2025-05-29 09:52:00,"Dow up 100 points on gains for NVIDIA Corp., UnitedHealth shares",MarketWatch,https://finnhub.io/api/news?id=7b7925d9bc1578efff6172f1c177d363dd1d21514dec9f4f7d939b8325a438c5,0.0,0.662,0.338,0.802
2025-05-29 09:43:20,"Salesforce delivers an earnings surprise, but bears on the stock still lurk: What Wall Street is saying",Yahoo,https://finnhub.io/api/news?id=fd01a87d06e247cb3c903de2861491b82b643e8f98c707a5d80c8181ff8d1c26,0.058,0.84,0.102,0.1779
2025-05-29 09:32:15,New York Times partners with Amazon for first AI licensing deal,Finnhub,https://finnhub.io/api/news?id=3904634668d72f77fd895a6ff3f3eb73f9799f854a3f5e971a5eb468cc2ebfa9,0.0,0.882,0.118,0.5859
2025-05-29 09:32:15,"New York Times, Amazon sign AI licensing deal",Finnhub,https://finnhub.io/api/news?id=40e2966d2011e4ada3165afb2c036e1fa7528e8031a6642d8f3e838a40b67f2a,0.0,0.952,0.048,0.1779
2025-05-29 09:09:36,'The Times And Amazon Announce A.I. Licensing Deal' - NY Times,Benzinga,https://finnhub.io/api/news?id=2fc2fa0750c4937ad7c018adc339e7997dfbc6a3fbc474b17b9da54e856ca7fa,0.0,0.866,0.134,0.1779
2025-05-29 09:01:20,Amazon Looks Beyond AWS And Advertising To Improve EPS Growth,SeekingAlpha,https://finnhub.io/api/news?id=039625c20c9a4b4651bfdc9918e776e3fac844538b099bce8de89e1b02b74ce9,0.0,0.493,0.507,0.7351
2025-05-29 08:56:00,"Zacks Earnings Trends Highlights: Amazon, McDonald's, Walmart and Target",Yahoo,https://finnhub.io/api/news?id=e1d4be21bcbb0afbf031ddc57c6498a06aa85a4ec59df1459ac8dc0fb6daa3cd,0.157,0.633,0.21,0.001
2025-05-29 08:48:00,The Mag 7 Aren’t Clones. How to Decide What to Buy Now.,MarketWatch,https://finnhub.io/api/news?id=e5eaed5811b2aca31bbd99cb44d80b4011e47130656b713d7dd9ddc4ce81f07a,0.0,1.0,0.0,0.0
2025-05-29 08:29:11,Talkspace Announces Collaboration With Amazon Pharmacy,Finnhub,https://finnhub.io/api/news?id=032bb6a97d57688984806aa6827de8435e518df30042c84d52f356233d140b21,0.0,0.918,0.082,0.1779
2025-05-29 07:15:00,"AMD Isn't The Next Nvidia, But It Doesn't Need To Be",SeekingAlpha,https://finnhub.io/api/news?id=c2834e0e760baa5bba3b25cff3e491538d0636aae1bf5322525662ecdd5fada1,0.0,1.0,0.0,0.0
2025-05-29 07:02:13,Amazon's Zoox issues second software recall this month after San Francisco crash,Finnhub,https://finnhub.io/api/news?id=2cedc8f10e98a8323c2bdf6c5f438e1302022cf6d510b27dd5ea68c52de2ef3b,0.124,0.876,0.0,-0.6597
2025-05-29 06:16:00,TCW Relative Value Large Cap Fund Q1 2025 Commentary,SeekingAlpha,https://finnhub.io/api/news?id=5c468935eeed3302bc71bba57bfa5156ce86a0236039f8631a3606ccf4ffbbaa,0.0,0.769,0.231,0.34
2025-05-29 05:16:22,NHTSA Says Zoox Is Recalling 270 U.S. Vehicles,Finnhub,https://finnhub.io/api/news?id=72793e3d6d43430963dd6de871af10c354ef515b3e9890ba78c561f27a29bfe3,0.0,0.932,0.068,0.4278
2025-05-29 02:00:00,This Investment Strategy Has Worked for 15 Years. It’s Time for a Shift.,MarketWatch,https://finnhub.io/api/news?id=ea893d2864e37bf793ec3b0bdda78924d18be722d42f2eb4ececc3999b9d24de,0.0,1.0,0.0,0.0
