publishedDate,title,source,url,neg,neu,pos,compound,trading_date
2025-04-10 21:45:19,Advanced Micro Devices (AMD): Among the Top Tech Stocks to Buy According to Billionaire Ken Fisher,Yahoo,https://finnhub.io/api/news?id=70aafa2b3780b4b795f240a9e9db3132842b350a0d8fcd1c6c107e8b09030507,0.0,0.847,0.153,0.836,2025-04-11
2025-04-10 21:27:58,"Nvidia and AMD Push Forward With AI Chip Strategies Amid Tariff Relief, Stock Volatility",Yahoo,https://finnhub.io/api/news?id=18983a4e1ab3ab36676e7d05d76f25e5e5ce881db75c49e65d756b6ac268f70c,0.07,0.841,0.09,0.1779,2025-04-11
2025-04-10 21:00:22,Why AMD Stock Is Plummeting Today,Yahoo,https://finnhub.io/api/news?id=d6f778802a91e20390c21024d8ab65aa6626cefab58f9f797605895d2aab5a40,0.0,0.918,0.082,0.6124,2025-04-11
2025-04-10 16:49:00,AMD's EPYC Powers GOOGL & ORCL Solutions: Should You Hold the Stock?,Yahoo,https://finnhub.io/api/news?id=ed06111f86b8a4c028c889661a39a116963eaf8dba38258475d9e5cf0eb93859,0.0,0.866,0.134,0.4019,2025-04-11
2025-04-10 15:35:27,How A Put Ratio Backspread Can Limit Losses On AMD Stock,Yahoo,https://finnhub.io/api/news?id=adb8fc1f888b18acc64bc5fca67ea49ff78fec2d317bc8a5735c3a919f67385f,0.088,0.912,0.0,-0.4019,2025-04-10
2025-04-10 14:42:09,Shares of technology stocks are trading lower amid an overall market reversal following Wednesday's surge.,Benzinga,https://finnhub.io/api/news?id=41a3e77e4aeff37967aace9bfa1516b7cf78050e9a00b343729cb4f304f0bf32,0.126,0.747,0.126,0.0,2025-04-10
2025-04-10 12:32:52,Deglobalization & The End Of Asset Bubble Economics,SeekingAlpha,https://finnhub.io/api/news?id=844bb25776ad435caa4e4ea3dd820f50b8b72efe6c00e6d9cd6e70f6d81b1737,0.0,0.909,0.091,0.3612,2025-04-10
2025-04-10 11:58:03,Shares of chip stocks are trading lower as stocks pull back after surging Wednesday following President Trump's tariff pause announcement.,Benzinga,https://finnhub.io/api/news?id=74cb0135ad0f72e21a71c19c607645e951f74494ff8f07f9c43d7eb68ed84991,0.098,0.804,0.098,0.0,2025-04-10
2025-04-10 11:41:32,Crisis Creates Opportunity: My Top Picks In The Current Selloff,SeekingAlpha,https://finnhub.io/api/news?id=3428a0113593abe43fee1dbffd7143f8e52e055967ba55882fb021da7c933994,0.089,0.607,0.304,0.784,2025-04-10
2025-04-10 11:13:00,Harbor Capital Factor U.S. Large Cap ETF Q4 2024 Commentary,SeekingAlpha,https://finnhub.io/api/news?id=d513c95f6496914a3dbc2eb9f9d0b1f3e3ebba81993138c72ceab7f04b45ca60,0.0,1.0,0.0,0.0,2025-04-10
2025-04-10 10:38:00,Nvidia Stock Runs Out of Steam After Tariff Rally. But There’s Good News.,MarketWatch,https://finnhub.io/api/news?id=2ec5186cbad58ed0c0a5e73ddf45cef58f9e08a96cc7e8266f3b8955faa03941,0.0,0.757,0.243,0.8271,2025-04-10
2025-04-10 10:00:00,"Most large cryptocurrencies decrease on Ethereum, Solana drops",MarketWatch,https://finnhub.io/api/news?id=6783fc99580cb61ec24559956e6133a7e32bd8d9ce91b4cdb04e4a3f238d42a9,0.0,1.0,0.0,0.0,2025-04-10
2025-04-10 09:57:00,TSMC Sales Soar 42%. But a Threat Hangs Over the Stock.,MarketWatch,https://finnhub.io/api/news?id=7ba48e98ada67e9b13862b1bdf0070ea0ed39ad1072fe0fc6c4bc44cd5dfe757,0.315,0.685,0.0,-0.8807,2025-04-10
2025-04-10 08:05:00,"Got $1,000? 2 Top Growth Stocks to Buy That Could Double Your Money",Yahoo,https://finnhub.io/api/news?id=5b61700542fe47d608f756fdfcf789f91e817c2d9e0fd9b91c563e3e61a1e4af,0.0,0.82,0.18,0.5267,2025-04-10
2025-04-10 05:43:14,AMD: Should Catch A Bid Soon,SeekingAlpha,https://finnhub.io/api/news?id=df8724e0d9478eaebf4bfc39e5eb6e9f63af21763e1ec0b9a104833cfe02b0d1,0.0,1.0,0.0,0.0,2025-04-10
2025-04-09 21:44:00,Nvidia and AMD just helped the chip sector to its best day ever,MarketWatch,https://finnhub.io/api/news?id=c5a659c5102a4f2ac387891ff9fd66a777b5d47784e1ee5647d8a2d5c0d55e8c,0.0,0.741,0.259,0.8555,2025-04-10
2025-04-09 20:57:01,S&P 500 Gains and Losses Today: Index Roars Back After Reprieve on 'Reciprocal' Tariffs,Yahoo,https://finnhub.io/api/news?id=713580e7a4889c865059cad96b284ea29397367d539b2d8021ef7b847bf56d14,0.141,0.801,0.058,-0.5267,2025-04-10
2025-04-09 19:11:22,AMD Powers Google Cloud's New AI Servers Promising 80% Boost In Speed,Yahoo,https://finnhub.io/api/news?id=2d63f8a35d4487fbfe524643abf17cbeac43ce2eb8f8ff3696359c27a84ca3ec,0.0,0.883,0.117,0.836,2025-04-10
2025-04-09 19:00:00,AMD vs. Broadcom: Which Semiconductor Stock Has Greater Upside?,Yahoo,https://finnhub.io/api/news?id=5e1496577ddb527c9f1431be3136502e84ce4b61fb2c06d98f543bf566790939,0.0,0.762,0.238,0.8105,2025-04-10
2025-04-09 18:19:43,"Chip stocks, small caps, 10-year Treasury: Market Minute",Yahoo,https://finnhub.io/api/news?id=8f142066d4bb8345b99a0308e8af9e3ba4252c92bd4fe5d3b8046e2b8f2c2b66,0.017,0.902,0.081,0.5133,2025-04-10
2025-04-09 16:25:19,"DJT stock pops, AMD rises, Ford tariff risks: Market Minute",Yahoo,https://finnhub.io/api/news?id=1bc373a58f2e41e7d061c85e1df5f1e987a618fbe3c6482f558382d3e8b87c21,0.032,0.835,0.133,0.886,2025-04-10
2025-04-09 13:46:09,"Shares of companies in the broader technology sector are trading higher after President Trump issued a 90-day pause on reciprocal tariffs for all countries except China, which is restoring investor confidence.",Benzinga,https://finnhub.io/api/news?id=717c67fc405cdef28315b413851ad718a10f5199b54fb048bb6529f1696da953,0.0,0.784,0.216,0.7717,2025-04-09
2025-04-09 13:35:20,"AMD downgraded, Dollar General upgraded: Wall Street’s top analyst calls",Yahoo,https://finnhub.io/api/news?id=a70ed3214f5d41c559cc777cc0adaab5bdbc4cd3f3eb0c728f6bfb0168534832,0.052,0.841,0.107,0.3818,2025-04-09
2025-04-09 13:11:31,Short Sellers Mint $159 Billion Profit in 6 Days as Stocks Sink,Yahoo,https://finnhub.io/api/news?id=8ab5ee105ac9796511f87513d0b736e27af48dad5e77be88472c36a32ad993b0,0.037,0.856,0.107,0.7425,2025-04-09
2025-04-09 13:08:00,5th Gen AMD EPYC Processors Deliver Leadership Performance for Google Cloud C4D and H4D Virtual Machines,Yahoo,https://finnhub.io/api/news?id=f5aad40ad144cfab5bdd0ce8fa718147ea338074882567a03d3281a17d6f7026,0.021,0.933,0.046,0.3182,2025-04-09
2025-04-09 13:03:04,1 of Wall Street’s Favorite Stock to Keep an Eye On and 2 to Avoid,Yahoo,https://finnhub.io/api/news?id=6c6e404979b6027c98c3609618cfe1f1b7ea969c2468ddc0ad6df1dd86060f4e,0.059,0.833,0.107,0.4588,2025-04-09
2025-04-09 13:00:00,AMD Announces “Advancing AI 2025”,Yahoo,https://finnhub.io/api/news?id=dcea4bceaacd552de9b548e941bb1da904fd5eb823116634b98d343e0fc1368d,0.0,0.881,0.119,0.8442,2025-04-09
2025-04-09 12:09:21,Tech Stocks Rebound As US Treasuries Tumble: What's Driving Markets Wednesday?,Benzinga,https://finnhub.io/api/news?id=539bfffee80036aa39105ffbccd4e8658aea10f90aca79fdefe46bc0c52f6a73,0.072,0.878,0.051,-0.2023,2025-04-09
2025-04-09 11:38:02,This Week In AI Chips - LPL Financial Enhances AI Strategy With Key Executive Appointment,Yahoo,https://finnhub.io/api/news?id=2d98c85287c0a8a2da4e964378785b15725329865ebf89b3686899ea27fd76c1,0.0,0.886,0.114,0.8591,2025-04-09
2025-04-09 10:23:00,Nvidia Stock Gains as Tariffs Take Effect. Cathie Wood Is Scooping Up Shares.,MarketWatch,https://finnhub.io/api/news?id=3a4e1986ffb453c3bcb33a2051f529abe41edb693bbde73ba7d843c52bf9fcc7,0.0,0.705,0.295,0.802,2025-04-09
2025-04-09 10:00:00,Large cryptocurrencies mixed as Dogecoin climbs,MarketWatch,https://finnhub.io/api/news?id=900f60dec6f07dc6a2523bc9e477246f57ff1c3f0946ae69024ebecb667000ce,0.0,1.0,0.0,0.0,2025-04-09
2025-04-09 09:45:43,Nvidia Stock: A Strong Buy Amidst Tariff Wars (Rating Upgrade),SeekingAlpha,https://finnhub.io/api/news?id=1ab4c12a75758aef0aec185a6249043540f2333b37b3e992d1c4f41c4b3d188e,0.081,0.699,0.22,0.7308,2025-04-09
2025-04-09 09:32:54,"Trending tickers: Apple, Advanced Micro Devices, Ford, BP and AstraZeneca",Yahoo,https://finnhub.io/api/news?id=f174994d7958409ccee096f5e5aaf036aa2689f11dbee534b7e88de9da1c2f76,0.0,0.909,0.091,0.25,2025-04-09
2025-04-09 09:25:00,"Nvidia Has Generated 21,000% Returns in 10 Years. Here's How Well the S&P 500's Second-Best-Performing Stock Has Done",Yahoo,https://finnhub.io/api/news?id=b21b66fb29c26483a15f52e39e1b55c17b7e7d1a5f2070e3b50d7794e98a6550,0.021,0.913,0.066,0.5849,2025-04-09
2025-04-09 01:00:00,Prediction: This Artificial Intelligence (AI) Stock Will Be Worth More Than Nvidia in 2030,Yahoo,https://finnhub.io/api/news?id=967e89e8f1820ea1e0e68b650b3107db4beece2ea4549d45d021fafaf7d85113,0.06,0.704,0.236,0.7389,2025-04-09
2025-04-08 20:15:00,AMD to Report Fiscal First Quarter 2025 Financial Results,Yahoo,https://finnhub.io/api/news?id=17198a9f97ba5a1bb9e57fa5e9690f4f33db2266f8033baccc11e3cc172400b1,0.0,0.943,0.057,0.6597,2025-04-09
2025-04-08 19:56:43,Sector Update: Tech Stocks Slide Late Afternoon,Yahoo,https://finnhub.io/api/news?id=4635ff32aaeb923838b6f525417384423ea9d66736fc637363366dfb1096e848,0.091,0.909,0.0,-0.296,2025-04-09
2025-04-08 18:43:30,"KeyBanc Downgrades AMD, Sees Nvidia Strength as AI and Tariff Trends Diverge",Yahoo,https://finnhub.io/api/news?id=87a189f3cd7fab7b9ec9b6621e359c5c0d81433ce1860e9ab7d2881d8b9e1d42,0.066,0.752,0.182,0.5719,2025-04-09
2025-04-08 17:55:55,Why AMD Stock Is Sinking After Opening With Big Gains Today,Yahoo,https://finnhub.io/api/news?id=b3a18633c07746c9688725f4a57ca4a68f4d40eeebf98477771ef6a6582fd113,0.104,0.815,0.081,-0.0516,2025-04-09
2025-04-08 15:43:00,"Trump’s China tariffs are a ‘Category 5 price storm’ for U.S. consumers, warns analyst Dan Ives",MarketWatch,https://finnhub.io/api/news?id=fb6ebcaaa158b686b7c5c354ff77f1268d4447b28c1f99bfe931376259f62fb2,0.085,0.915,0.0,-0.2023,2025-04-08
2025-04-08 15:12:37,Shares of chip stocks are trading lower amid an overall market reversal on US-China trade tensions.,Benzinga,https://finnhub.io/api/news?id=384ae13a17ff3cd6f3e89ec4490a913a46db858b2e1507a38136fab91967c527,0.244,0.647,0.109,-0.4019,2025-04-08
2025-04-08 15:09:27,"Advanced Micro Devices Facing Concerns Over China AI Business Sustainability, KeyBanc Says",Yahoo,https://finnhub.io/api/news?id=ef75304aa16f907e4e53a779edc1bf1bef6730737b80b7f01c788134560f7491,0.0,0.862,0.138,0.4588,2025-04-08
2025-04-08 15:01:08,AMD stock catches a downgrade as concerns about China and tariffs heat up,Yahoo,https://finnhub.io/api/news?id=cfda0f14582399e235b81bf85ec863903123231fbbad8ea3a4f5eac0e6db30c2,0.104,0.896,0.0,-0.4215,2025-04-08
2025-04-08 14:22:00,Advanced Micro Devices Stock Gets a Downgrade. Nvidia and Intel Are Part of the Problem.,Yahoo,https://finnhub.io/api/news?id=11a7e49cd6d49df26a685a3d2226e771f0f1e49ed81208813c6f9d711bf00ca9,0.158,0.743,0.099,-0.34,2025-04-08
2025-04-08 14:16:33,Trump Tariff Strategy Creates 'Self-Inflicted Market Debacle': Analyst,Benzinga,https://finnhub.io/api/news?id=e2740c7300a2dd221ff16f7a7b779177d07838ab5be27563b5c54bddf6a9da5a,0.198,0.744,0.058,-0.6249,2025-04-08
2025-04-08 13:41:02,"KeyBanc Slashes AMD's Rating, Citing Weak Outlook Amid Price War Threat",Yahoo,https://finnhub.io/api/news?id=fcf8a241102f8129662b3d81c2a33690887a9f9812604aca9c7103b0b53649b4,0.464,0.493,0.043,-0.9153,2025-04-08
2025-04-08 13:00:11,"Investors Heavily Search Advanced Micro Devices, Inc. (AMD): Here is What You Need to Know",Yahoo,https://finnhub.io/api/news?id=5f16671549e681fa454fcc5033621d4138b0ce5d1a759642ea5728f459ee4243,0.061,0.81,0.129,0.2732,2025-04-08
2025-04-08 12:12:00,"TSMC May Be Somewhat Tariff-Proof, Says Analyst",MarketWatch,https://finnhub.io/api/news?id=2ac45bf43a2aacbd73a194e2d4dfdd7f0aa6eff0487512b3c3aa5527bb29f2b4,0.0,1.0,0.0,0.0,2025-04-08
2025-04-08 04:51:00,Nvidia Stock Tests $100 Mark. Here’s What Wall Street Is Saying.,MarketWatch,https://finnhub.io/api/news?id=e8d92ec1048f695a1ba1ecdb4da2aed7cbf59486a51de2599c5e7521808acf02,0.0,1.0,0.0,0.0,2025-04-08
2025-04-08 10:33:14,Why The Market Is Wrong On Nvidia: Initiating The Stock With A Buy Under $100,SeekingAlpha,https://finnhub.io/api/news?id=8866a78ac5ba6afea551ee75a5a4bde6cfe30c63fffaf09c248f761e62012aa7,0.066,0.872,0.062,-0.0516,2025-04-08
2025-04-08 10:00:00,"Most large cryptocurrencies rise on Avalanche, Cardano increases",MarketWatch,https://finnhub.io/api/news?id=92a18e121c158041beffeb92f34742d75d1894278af3d5aca1d143683640e8a6,0.0,1.0,0.0,0.0,2025-04-08
2025-04-08 09:41:00,Stock Market Crash: Here Are 5 Stocks Down 27% or More I'd Buy Right Now,Yahoo,https://finnhub.io/api/news?id=52b8ad363201ec4943ce3f58abba38299b18771190792de172b3871ffd67d70a,0.051,0.889,0.06,0.2023,2025-04-08
2025-04-08 09:33:00,"AMD’s stock gets downgraded, as a price war with Intel may be ahead",MarketWatch,https://finnhub.io/api/news?id=190a76c15f11244ba377fdfbb0a2396d3269de463397a3e4ddf537bcfb0e9072,0.245,0.755,0.0,-0.8316,2025-04-08
2025-04-08 07:00:00,"As DEI Fades at Tech Firms, Women Are Still Uncommon in the Executive Suite",MarketWatch,https://finnhub.io/api/news?id=5403ea82bf57db6b1d2040f06367e51a8a933281578851b2c0811772acbf71db,0.0,1.0,0.0,0.0,2025-04-08
2025-04-08 06:01:00,Thornburg Summit Fund Q4 2024 Commentary,SeekingAlpha,https://finnhub.io/api/news?id=0f3aca3933eb89bfa291d41a74c52adf0dc80359f2e04e37edfd3c9baf71ba50,0.0,0.937,0.062,0.296,2025-04-08
2025-04-07 13:34:46,Shares of several companies in the technology sector are trading lower as President Trump's announcement of sweeping tariffs continues to rattle global markets and raise uncertainty regarding tech supply chains.,Benzinga,https://finnhub.io/api/news?id=d9f79ff1b8ecef7eedaa9a506e5f16bae9e74bf25400262ecee33b7f43875096,0.136,0.799,0.065,-0.34,2025-04-07
2025-04-07 12:04:58,Is Advanced Micro Devices (AMD) the Best High-Risk Stock to Buy According to Billionaires?,Yahoo,https://finnhub.io/api/news?id=4ba8b238007252f1fb6821b5f39bc7362f0d2b94e5868f031f34e09c837f175a,0.0,0.73,0.27,0.9678,2025-04-07
2025-04-07 11:13:00,Nvidia Stock Rises Amid Uncertainty Over Trump’s Tariffs,MarketWatch,https://finnhub.io/api/news?id=c369495197526e0d56398fa9a4c6332faa6fd00a07443b2b079d49610ff342d8,0.255,0.745,0.0,-0.5859,2025-04-07
2025-04-07 11:07:32,AI Chips Today - Articul8 Transforms Supply Chains With AI-Powered Industrial Solutions,Yahoo,https://finnhub.io/api/news?id=06fc40a3b2e80907a1ddebf225b9d704323885377c5ec1d09cb32293e474f8ab,0.0,0.852,0.148,0.8689,2025-04-07
2025-04-07 10:00:00,XRP leads decreases as large cryptocurrencies start mixed,MarketWatch,https://finnhub.io/api/news?id=109b433c781ce3a438ee8e7916a10b8e36bbd9b9cadad20308bc575375ba31cb,0.0,1.0,0.0,0.0,2025-04-07
2025-04-06 17:24:34,Advanced Micro Devices (NasdaqGS:AMD) Introduces 5th Gen AMD EPYC Processors Amid 15% Dip Last Month,Yahoo,https://finnhub.io/api/news?id=3e0e2928b396b024235a9d041dd815433f6dafb0c16e199354e175ee2db5a845,0.041,0.847,0.112,0.5859,2025-04-07
2025-04-06 13:13:00,Is This Artificial Intelligence IPO a Buy?,Yahoo,https://finnhub.io/api/news?id=86a581cc9b0cf7b8cc9b53f3dc89c4c89abc84c391750241fe30fdb61fce706c,0.0,0.868,0.132,0.8519,2025-04-07
2025-04-06 10:30:00,The Impact Of Tariffs On Chipmakers,SeekingAlpha,https://finnhub.io/api/news?id=e9b6cfd8bde5d942e19b12f9757ba533d664e346a4ebc9dc2f40c4abbfe7735b,0.059,0.871,0.07,0.079,2025-04-07
2025-04-06 09:30:00,AMD: The Market Hasn't Seen What's Coming,SeekingAlpha,https://finnhub.io/api/news?id=6bc8044ca0fa8f9dd3d97958a64c69bf1f6f559b70756f04e7f6c0b5eab35d2b,0.0,1.0,0.0,0.0,2025-04-07
2025-04-06 06:30:00,AMD Vs. Nvidia: AMD Has Significantly Better Growth Prospects Post 2028,SeekingAlpha,https://finnhub.io/api/news?id=65c8da79746f080e11f24fd9207a1bfee84e8eaf8a6ed14353fb7519713c4fd6,0.0,0.57,0.43,0.9545,2025-04-07
2025-04-05 15:18:11,Advanced Micro Devices (AMD): Among Stocks That Will Profit From AI,Yahoo,https://finnhub.io/api/news?id=ede11f9977ef61d03979b3204a75ad3a9f34860fd03e3b70c03d371bb47feee4,0.022,0.828,0.15,0.743,2025-04-07
2025-04-05 12:53:00,Billionaire Paul Tudor Jones Trimmed His Position in Nvidia and Is Piling Into 2 Turnaround Tech Stocks,Yahoo,https://finnhub.io/api/news?id=f94b9c100af60553340be6eea56cd0229bd60404695411e967c96704decbb929,0.0,1.0,0.0,0.0,2025-04-07
2025-04-05 09:33:00,2 Top Artificial Intelligence (AI) Stocks Ready for a Bull Run,Yahoo,https://finnhub.io/api/news?id=6d33ccbae632a5b751af12de573a4c64ef73a84098cbffce2e22aebd1ad6e6d8,0.027,0.753,0.221,0.9321,2025-04-07
2025-04-18 21:52:44,Is Advanced Micro Devices (AMD) the Best Metaverse Stock to Invest in?,Yahoo,https://finnhub.io/api/news?id=edea3041e97c578089642f1b0cdd492e33b71580b28a3eb44d70e48870b0ca64,0.0,0.791,0.209,0.9485,2025-04-21
2025-04-18 17:18:47,Nvidia’s 2025 has been anything but easy. And it’s going to get tougher.,Yahoo,https://finnhub.io/api/news?id=9270c7707b7e5c5f5d4bfee41ee58ccb489b2f5e11830a80de7643aceaa202da,0.125,0.676,0.199,0.2983,2025-04-21
2025-04-18 15:46:00,Tech’s Problems in China Are Getting Worse. These Companies Are Most at Risk.,Yahoo,https://finnhub.io/api/news?id=3173df0809c82992b2d07a5af7089110cac31a27e55fd5b80ff9722387f792dd,0.362,0.603,0.034,-0.9462,2025-04-21
2025-04-18 15:30:56,"Jim Cramer on Advanced Micro Devices, Inc. (AMD): Respect for Lisa Su, But Caution on the Sector",Yahoo,https://finnhub.io/api/news?id=29ed4fd9b160402bdf022f468216c6fde4c764a665e84f6ee6a830930ad13d21,0.054,0.87,0.076,-0.0644,2025-04-21
2025-04-18 12:30:00,3 Artificial Intelligence Stocks to Buy Before the Market Recovers,Yahoo,https://finnhub.io/api/news?id=24fb75efe19bf1249ca7075d87eb8f79da2c737bd968703fb49a83cd1a100310,0.0,0.84,0.16,0.8555,2025-04-21
2025-04-18 11:37:22,This Week In AI Chips - Micron Restructures For AI-Driven Market Growth,Yahoo,https://finnhub.io/api/news?id=a569eeec08b10858efcc2383f36b25945757543df5da8ef2fa71a05208b837d6,0.0,0.774,0.226,0.9584,2025-04-21
2025-04-18 10:46:00,"Tech Earnings Have Good News for Chip Stocks, So Far. And 1 Warning.",MarketWatch,https://finnhub.io/api/news?id=aa7ad6d114b4bd141c4656ebb5d8996da880c4a10abad0adae0a3882c680acab,0.147,0.675,0.178,0.25,2025-04-21
2025-04-18 10:00:38,Why wealthy investors are buying the stock market dip,Yahoo,https://finnhub.io/api/news?id=d9945b562c2479e524bde0c5f7461d40b80779d527419f14ca7dca47f120d7ad,0.061,0.824,0.115,0.8957,2025-04-21
2025-04-18 10:00:00,Watch These AMD Price Levels as Stock Slides Amid New U.S. Rules on Chip Exports to China,Yahoo,https://finnhub.io/api/news?id=291b94c8bf91da03cab53291ad3da6f5f89f996b8cdf70461e2590638926c552,0.024,0.936,0.04,0.2263,2025-04-21
2025-04-18 08:10:00,2 No-Brainer AI Stocks to Buy Right Now,Yahoo,https://finnhub.io/api/news?id=05f6d797b7641920cf183ec5f34b80472ccb2e54374cac8fcc7a5df5f1d64776,0.046,0.91,0.043,-0.0516,2025-04-21
2025-04-18 05:00:26,"Stocks to watch next week: Tesla, Alphabet, Intel, Boeing and Unilever",Yahoo,https://finnhub.io/api/news?id=3039a1842eb6548e07cbf17e84924fafc3723d7766ae0016eb4c40fe6b97a742,0.0,1.0,0.0,0.0,2025-04-21
2025-04-18 01:35:14,AMD: This Dip Is A Gift,SeekingAlpha,https://finnhub.io/api/news?id=808ae938a4e57a7772a4b15f56477af9094fc5555b2f0b88898af2cd82e32253,0.0,0.633,0.367,0.4404,2025-04-21
2025-04-17 22:52:03,AMD Warns On China License Issue,SeekingAlpha,https://finnhub.io/api/news?id=496c733ce30165c96840ab5900a2f3090de2d96dc8577a3eed3f1722e7033755,0.04,0.96,0.0,-0.1027,2025-04-21
2025-04-17 20:27:00,"These Stocks Moved the Most Today: UnitedHealth, Alphabet, Nvidia, Lilly, D.R. Horton, Schwab, Netflix, Hertz, and More",Yahoo,https://finnhub.io/api/news?id=6b5722ff72748250053355305694c42f6a22eaddf29a1a5cdbd534b412cb351b,0.183,0.795,0.022,-0.872,2025-04-21
2025-04-17 20:17:29,"Nvidia, AMD Face Billions in Revenue Risk as J.P. Morgan Cuts EPS Outlook",Yahoo,https://finnhub.io/api/news?id=fc6bfd1db6e83a50553c5d4545ad5444bdd6dd537e768454ff7862ced93311ec,0.173,0.759,0.068,-0.4404,2025-04-21
2025-04-17 20:00:00,AMD: China AI Hiccup,SeekingAlpha,https://finnhub.io/api/news?id=c4833d8a047e4c375fc73da8311e2af608ed405c698411711f69729f8c218c10,0.0,1.0,0.0,0.0,2025-04-21
2025-04-17 19:00:00,NVDA vs. AMD: Which Semiconductor Stock is the Smarter AI Play in 2025?,Yahoo,https://finnhub.io/api/news?id=31cd0c97e8f1be48b1a3a3f16f5aaa0b9f54173e5912fac63e990618514e4f7d,0.0,0.735,0.265,0.8823,2025-04-21
2025-04-17 18:40:27,"JPMorgan Sees Major Earnings Blow to Nvidia, AMD From U.S. Export Limits",Yahoo,https://finnhub.io/api/news?id=cccc5aeb95623f7a6ca8efea25dcf062938a11864aa98a8d6bd64fdb549cce1e,0.075,0.925,0.0,-0.2732,2025-04-21
2025-04-17 17:46:45,History Is About To Repeat Itself: Another AMD 2022 Rally May Be Incoming,SeekingAlpha,https://finnhub.io/api/news?id=4393a0ae68f7a8f02ae3f3bc7169e2c352b0f785382b106e853a4ad230b7edc7,0.0,1.0,0.0,0.0,2025-04-21
2025-04-17 10:28:00,"These Stocks Are Moving the Most Today: UnitedHealth, Nvidia, TSMC, Tesla, Alcoa, Netflix, and More",Yahoo,https://finnhub.io/api/news?id=40d834efc3289047dc2519fc30df60a58538c1744a15149d79c058fe23e16aac,0.092,0.831,0.077,-0.0,2025-04-17
2025-04-17 16:38:53,"Why New China Chip Export Curbs Could Affect Far More Than Just Nvidia, AMD",Yahoo,https://finnhub.io/api/news?id=7e9aa58270a255b9cae2419541f6cc90f8eb86b272fe48d22234864c1aeac9c9,0.147,0.853,0.0,-0.6705,2025-04-21
2025-04-17 16:05:43,"Nvidia, AMD see charges due to new China export rules: Morning Buzz",Yahoo,https://finnhub.io/api/news?id=da11f04c8fa8eaca81b7dd10a88026ed187eac0b7141285e5a503b22b9dca27a,0.152,0.827,0.021,-0.8885,2025-04-21
2025-04-17 16:04:22,"Nvidia stock falls again, market cap losses near $270 billion after Trump administration's new export controls",Yahoo,https://finnhub.io/api/news?id=19af9612d1c32b16e28b56d8623e4d3d092a815d186caf4f586c4c112adee46a,0.134,0.866,0.0,-0.6597,2025-04-21
2025-04-17 16:04:22,"Nvidia stock falls again, market cap losses top $250 billion after Trump administration's new export controls",Yahoo,https://finnhub.io/api/news?id=e8173004560ff4993b453669d9f7c72f0ccbef8d504df89ffecfc9ae01206087,0.128,0.829,0.043,-0.5574,2025-04-21
2025-04-17 15:33:36,"Nvidia & AMD sell-off, Hertz extends gains: Trending Tickers",Yahoo,https://finnhub.io/api/news?id=30caf490fbe011b33ca4c62725807f96f7bba246b030e0276ad70e8ce0f40442,0.026,0.816,0.158,0.8955,2025-04-17
2025-04-17 15:15:00,Is AMD Stock Your Ticket to Becoming a Millionaire?,Yahoo,https://finnhub.io/api/news?id=bb165e8f0faa9ca09af7d397b0599de9acf87359cebb4b6138229ba376a867eb,0.018,0.801,0.181,0.9493,2025-04-17
2025-04-17 15:10:43,Trump Trade: Nvidia sees Q1 charges of $5.5B due to H20 restrictions,Yahoo,https://finnhub.io/api/news?id=8ab79e8d26a6c24f3c6a5158949d3e189315f813df527c7dce672dbbb9885647,0.022,0.96,0.019,-0.0772,2025-04-17
2025-04-17 11:50:00,U.S. Tries to Crush China’s AI Ambitions With Chips Crackdown,Yahoo,https://finnhub.io/api/news?id=8d9cb02b877733b52ae259d3cc17aed643daa1e644fef774a215d5ad72f3f5ef,0.114,0.757,0.13,0.1531,2025-04-17
2025-04-17 12:10:00,"AMD, Micron, Broadcom Stocks Are Rising. AI Rules and Tariffs Are Up in the Air.",Yahoo,https://finnhub.io/api/news?id=8d7c2da18e4ca210effbda4a3520741c8ca5063c42f993e67ef6e5c5105bf5f4,0.05,0.849,0.102,0.3049,2025-04-17
2025-04-17 13:41:00,"Company News for Apr 17, 2025",Yahoo,https://finnhub.io/api/news?id=e990430afb6e26372c4df9182507eaa8d33f2f52f1f3b08d88916240f921ded7,0.0,1.0,0.0,0.0,2025-04-17
2025-04-17 13:00:08,How to Boost Your Portfolio with Top Computer and Technology Stocks Set to Beat Earnings,Yahoo,https://finnhub.io/api/news?id=e7cce500ec12ba780f9da52b60b10512f9e3bc4e232db7d3ff49a3f151fb52af,0.0,0.886,0.114,0.5423,2025-04-17
2025-04-17 12:38:51,Analyst unveils surprising AMD stock price target after chip export curb,Yahoo,https://finnhub.io/api/news?id=871256ffea186e2681601599303e94dade4b7884c8ecd0c6bcfd39bfb60748de,0.0,0.93,0.07,0.2732,2025-04-17
2025-04-17 12:38:02,Nvidia and AMD targets cut at UBS on newly issued licensing requirements,Yahoo,https://finnhub.io/api/news?id=941071393a389f1febe648c2d88c7310cb7795568da22ee36febe99577c3e7b6,0.161,0.839,0.0,-0.743,2025-04-17
2025-04-17 12:10:00,"Nvidia's New Mainstream Graphics Cards Look Good, but Price Is a Wildcard",Yahoo,https://finnhub.io/api/news?id=54c6dea4255f377e4085bd930d82f7394bd28e8ea0cf20b3989c9baf9d505cf1,0.017,0.914,0.068,0.5089,2025-04-17
2025-04-17 12:08:37,Is Advanced Micro Devices (AMD) A Reddit Stock with High Potential?,Yahoo,https://finnhub.io/api/news?id=8bcf7d9e3d53cd36b3893cdd814f63e1b9fa0609af0bdf53a6d22acccd0797eb,0.0,0.899,0.101,0.7351,2025-04-17
2025-04-17 11:05:00,Stock Markets Need a Tariffs Savior. Why Fed’s Powell Won’t Ride to the Rescue and 5 Other Things to Know Today.,Yahoo,https://finnhub.io/api/news?id=8304d1cc16f0bf804646b84c90b5672fe0fdc9e1f4f63bbed1a26546b4505303,0.042,0.893,0.065,0.296,2025-04-17
2025-04-17 10:45:09,"Social Buzz: Wallstreetbets Stocks Mostly Advancing Premarket; Hertz, Taiwan Semiconductor to Rise",Yahoo,https://finnhub.io/api/news?id=9cfabf9f785cbd36e140c5507fe57c1bf0e31b6bf23b6639e7499ca2105d126b,0.0,1.0,0.0,0.0,2025-04-17
2025-04-17 10:26:00,"AMD, Micron, Broadcom Stocks Fall. The Chip Fallout Continues.",MarketWatch,https://finnhub.io/api/news?id=3b5133569215f0578db00094ccf5004f5d080d710d634bb4de021c636be457d9,0.0,1.0,0.0,0.0,2025-04-17
2025-04-17 10:00:00,"Most large cryptocurrencies rise on Avalanche, Sui increases",MarketWatch,https://finnhub.io/api/news?id=d1f03b3cd5f80933dbc374317eac023b8b06baa686bedea90ef0f62334c44bce,0.0,1.0,0.0,0.0,2025-04-17
2025-04-17 09:45:32,Jensen Huang Praised By Trump: Nvidia 'Wouldn't Be Doing' $500 Billion AI Infrastructure Commitment Without Tariffs,Yahoo,https://finnhub.io/api/news?id=77f7a9a3c6dadd711941f7f40ef83ce5794404adddea682610712123f9d73464,0.0,0.728,0.272,0.9413,2025-04-17
2025-04-17 09:26:21,TSMC Q1 2025 Earnings Silence Tariff Doubts,SeekingAlpha,https://finnhub.io/api/news?id=6e12b57870009d468d6c55f46e796185722a59dacfaa58234ba2192093c25e0e,0.268,0.732,0.0,-0.296,2025-04-17
2025-04-17 08:51:00,TSMC Stock Jumps on Earnings Beat. Tariffs Aren’t a Drag for the Chip Maker—Yet.,MarketWatch,https://finnhub.io/api/news?id=82cb4a3add1eec12a97f29cacba16d7cd334e9553f0451edcfe1d7a34c261133,0.128,0.872,0.0,-0.4215,2025-04-17
2025-04-17 08:44:00,Nvidia's H20 Chip at the Heart of the U.S. and China Tech Showdown,Yahoo,https://finnhub.io/api/news?id=9e4f3116c86f28310809a052eb1e0b3a23f96751fee1b392fcb77ae223284f15,0.081,0.832,0.087,0.0772,2025-04-17
2025-04-17 08:34:48,"Broadcom, Marvell, Synopsys: The Chips That Might Not Crumble In The Coming Storm",Benzinga,https://finnhub.io/api/news?id=e060d03357f450c4322f9c6e4ab9d8d04429465131d1094cd3d2b71252e37f78,0.161,0.756,0.083,-0.4767,2025-04-17
2025-04-17 06:15:12,US Stocks Likely To Open Higher Ahead Of Festive Weekend: 'Current Equity Levels Offer An Attractive Entry Opportunity',Benzinga,https://finnhub.io/api/news?id=7623b21d79ec6a68d8928602eb7a6d72193d6ae4e3485383a940c05127b02cde,0.032,0.737,0.231,0.875,2025-04-17
2025-04-17 05:53:35,A Cautious Opportunity Emerges For AMD Investors,SeekingAlpha,https://finnhub.io/api/news?id=91836baf3997cedae3c4c2bda4eecb9770222f578ca99c908c3259330e201897,0.152,0.543,0.304,0.34,2025-04-17
2025-04-17 03:41:40,"Nasdaq Dips 3% Amid Plunge In Nvidia, AMD: Greed Index Remains In 'Extreme Fear' Zone",Benzinga,https://finnhub.io/api/news?id=7b9dbcfca863286ffe7e5770bd4a57845de216c9356189c07f23cb128d349ab1,0.323,0.677,0.0,-0.7346,2025-04-17
2025-04-17 02:51:48,"Why Advanced Micro Devices, Inc. (AMD) Declined on Wednesday",Yahoo,https://finnhub.io/api/news?id=9ac5a7615745f377465d0c10fad3629f5f56b2c5483ba4a76e445ec65b89b726,0.0,0.97,0.03,0.25,2025-04-17
2025-04-16 18:25:06,Chipwrecked: Nvidia's Export Ban Triggers ETF Meltdown (And One Big Winner),Benzinga,https://finnhub.io/api/news?id=2f3e736addcdd28f1af7789dd197fdbd21301881ccacfbbfabc7090a9c4dabe0,0.208,0.708,0.084,-0.6808,2025-04-17
2025-04-16 17:20:42,Nvidia: Headwinds Are Mounting - Sell,SeekingAlpha,https://finnhub.io/api/news?id=6578eb78a01608877e0a783a942cf77596b1d462f5ba4dbea0be090de29317df,0.0,1.0,0.0,0.0,2025-04-17
2025-04-16 16:46:00,Nvidia Stock Falls. It Got Bad News About Its H20 Chips From the Government.,MarketWatch,https://finnhub.io/api/news?id=3a6e235725f3318d637354947b67127734082c7a6ea0daa4f898b89b398890d3,0.212,0.788,0.0,-0.7906,2025-04-17
2025-04-16 16:43:00,"AMD, Micron, Broadcom Stocks Drop as U.S. Tightens Chip Export Rules",MarketWatch,https://finnhub.io/api/news?id=eed6a55c6b81742b05db5335a6ed9a1ba02592a72ee81324da5eecd335c3c6d9,0.174,0.826,0.0,-0.4939,2025-04-17
2025-04-16 16:22:50,Nvidia Stock Falls After Trump Essentially Blocks China AI Chip Sales,DowJones,https://finnhub.io/api/news?id=a81b0a91cd0c8cf907f389ffdbecb81a626b8642be4e7ab4171a08a8ac122ba1,0.16,0.84,0.0,-0.4215,2025-04-17
2025-04-16 16:20:00,"These Stocks Moved the Most Today: Nvidia, AMD, ASML, United, Tesla, Abbott Labs, Travelers, Interactive Brokers, and More",MarketWatch,https://finnhub.io/api/news?id=64642a5cddd8b556fd5f9e47807e72ef44a7f83290fbdca0c5b08153ae300967,0.0,0.859,0.141,0.6808,2025-04-17
2025-04-16 16:18:39,"Top Stock Movers Now: Nvidia, ASML, Abbot Laboratories and More",Yahoo,https://finnhub.io/api/news?id=11ad71358d7689472b019ba7e0759d02c4da4aa98694ec2700c4a2f41e48bda2,0.081,0.867,0.052,-0.25,2025-04-17
2025-04-16 16:15:32,"Nvidia Could See Hit to Financials Amid Restrictions on Chip Exports to China, Morgan Stanley Says",Yahoo,https://finnhub.io/api/news?id=99bbde8ea52b74f91e6f4cd3c218a598c1035e91cb18cd70e3f6a1de24449970,0.067,0.933,0.0,-0.3182,2025-04-17
2025-04-16 16:05:35,How to invest in Nvidia successfully during Trump tariff turmoil,Yahoo,https://finnhub.io/api/news?id=c21f645377a09788b47e3c0d3f43aaa58738a545005349b345b0764df4ec445e,0.066,0.797,0.137,0.3944,2025-04-17
2025-04-16 15:59:36,"Big banks report Q1 beats, China stops taking Boeing deliveries: Morning Buzz",Yahoo,https://finnhub.io/api/news?id=7bb7c49fe10931cfb1daba12fcbafbacfdb97dc9401770b00dfc0a0d76a8bd05,0.034,0.878,0.088,0.6089,2025-04-16
2025-04-16 15:58:41,"Top Midday Stories: Nvidia, AMD Flag Looming Charges Tied to China Export Licenses; ASML Shares Fall on Sales Miss, Downbeat Guidance",Yahoo,https://finnhub.io/api/news?id=b7e59d18e063f8f1799fd2fe1333ff765db15f7a3287aa90a0ae991a9b480fd6,0.12,0.787,0.093,-0.0516,2025-04-16
2025-04-16 15:58:31,"AMD (AMD) Stock Trades Down, Here Is Why",Yahoo,https://finnhub.io/api/news?id=cf660fe69b226c4d456b0225de8c348a0f1a89754ebc30becd02b54329f14282,0.127,0.832,0.041,-0.5709,2025-04-16
2025-04-16 15:26:00,"These Stocks Are Moving the Most Today: Nvidia, AMD, ASML, United, Tesla, Abbott Labs, Travelers, Interactive Brokers, and More",Yahoo,https://finnhub.io/api/news?id=d4d6774e438ddce117be19f3fcffd1c813a49c48ecf8343da00aa1d72131dc00,0.075,0.886,0.039,-0.3612,2025-04-16
2025-04-16 15:21:00,Big Tech’s China Risks Go Far Beyond Nvidia,MarketWatch,https://finnhub.io/api/news?id=d7b8b9a7c587d0154f9e42f60b52457bdb88eef8171c587d4a905d9b6cffeef3,0.231,0.769,0.0,-0.4939,2025-04-16
2025-04-16 15:11:10,"US export controls will cost Nvidia & AMD, ASML orders miss",Yahoo,https://finnhub.io/api/news?id=b794257d6f54beb9f4a3ffe242bb3475913cf4090cf3b4a8e3d0ebcc0ff5714c,0.098,0.882,0.02,-0.7096,2025-04-16
2025-04-16 15:00:53,Trump's trade war unlikely to bring tech manufacturing back to the US,Yahoo,https://finnhub.io/api/news?id=53388e065056e0a6abc2a36266d8b4d46668c74c3386be594a18f7408e1365f5,0.127,0.817,0.056,-0.4927,2025-04-16
2025-04-16 14:51:45,Tech shares dip as Nvidia says controls on AI chip exports will cost it billions,Yahoo,https://finnhub.io/api/news?id=d43117e965630cd6c49522458857b070aae40773eabd95259dfdb5283a54a042,0.0,0.829,0.171,0.6597,2025-04-16
2025-04-16 14:46:32,"Nvidia, AMD, and Other Chip Stocks Fall as Trump Curbs Exports to China",Yahoo,https://finnhub.io/api/news?id=031b4f21a65cc762a369a761026dc84e1c5e557a9560d0ae04956f3e731aefb2,0.049,0.905,0.046,-0.0258,2025-04-16
2025-04-16 14:39:23,'What about Q1 earnings?' US-China trade war weighs on chip stocks,Yahoo,https://finnhub.io/api/news?id=6537d4756cae546415d8787f32c25312472d1ec19ccee421bbf8a5a94372718d,0.185,0.815,0.0,-0.9432,2025-04-16
2025-04-16 14:06:24,AMD flags $800 million hit from new US curbs on chip exports to China,Yahoo,https://finnhub.io/api/news?id=3dca914b2d689cfda8844d486d54396397b98bf91e7a934d3363576716266463,0.037,0.912,0.051,0.296,2025-04-16
2025-04-16 14:01:45,AMD Warns of $800 Million Hit From Curbs on Chip Exports,Yahoo,https://finnhub.io/api/news?id=42ce5b66ccb5f1b76f19fb80cce816c494ec0923ae9e76659b5e46bfe272d8a7,0.09,0.853,0.056,-0.2732,2025-04-16
2025-04-16 13:43:04,"ASML orders miss, Tesla & China, AMD $800M hit: Trending Tickers",Yahoo,https://finnhub.io/api/news?id=9ea17fac9fcaf8456933ec0e77960b26172e1b2d634f1e05429eda40faa035a0,0.116,0.865,0.019,-0.7964,2025-04-16
2025-04-16 13:37:26,Is Advanced Micro Devices Inc. (NASDAQ:AMD) the Best NASDAQ Stock to Buy So Far in 2025?,Yahoo,https://finnhub.io/api/news?id=6b8a91da6cfc849a9fd43f6fa547d939b404c6f2b310a91219e23dd4f50d4e77,0.0,0.846,0.154,0.9081,2025-04-16
2025-04-16 13:03:19,Nvidia stock dives as chipmaker sees $5.5 billion hit from 'surprise' China chip controls,Yahoo,https://finnhub.io/api/news?id=c647fd14204bf2c11c29e249c674c02b1272863b0e3aa6fcb168643a657704f0,0.0,0.887,0.113,0.4939,2025-04-16
2025-04-16 12:40:59,Forget The Tariffs: 3 Chip Stocks To Buy Now,SeekingAlpha,https://finnhub.io/api/news?id=6856fd4c97d5340b547e11220cb2883095b95d469ab84d0116fefa712785c389,0.192,0.808,0.0,-0.2263,2025-04-16
2025-04-16 12:23:43,"Nvidia Drags Wall Street Down, Gold Defies Gravity Ahead Of Powell Remarks: What's Driving Markets Wednesday?",Benzinga,https://finnhub.io/api/news?id=f2a9193237e5b7b4c264555df95508d38f6474badf3c3f06ee1d46441888a40d,0.138,0.862,0.0,-0.6204,2025-04-16
2025-04-16 11:38:44,U.S. Confirms New Export Curbs on Nvidia and AMD Chips,Yahoo,https://finnhub.io/api/news?id=53565da76de621939b91fe9747f407309c4fc4bff341128a93922fe20e357561,0.027,0.973,0.0,-0.2732,2025-04-16
2025-04-16 10:16:46,"Chip stocks tumble as Nvidia, AMD warn of higher costs after U.S. restricts chip sales to China",MarketWatch,https://finnhub.io/api/news?id=aee9c71860264a4b58d0925f10a9e932693780adae314157ed6255dc41f3d8fc,0.198,0.802,0.0,-0.6597,2025-04-16
2025-04-16 10:07:00,AMD’s stock falls on latest China export setback. Which chip companies are next?,MarketWatch,https://finnhub.io/api/news?id=cf5d0e4261c380173367c08aac7fe58f4f90cf3c6297b892a68209d762d29dcc,0.0,1.0,0.0,0.0,2025-04-16
2025-04-16 10:00:00,"Most big cryptocurrencies decrease on Cardano, Solana drops",MarketWatch,https://finnhub.io/api/news?id=9fd3c4ef6e925f4817eec1fbfc7471e5eadb09e60579bb61d7cd742d50b55914,0.0,1.0,0.0,0.0,2025-04-16
2025-04-16 09:32:00,Should You Buy Advanced Micro Devices (AMD) Stock Before May 6?,Yahoo,https://finnhub.io/api/news?id=654238e4e1beda3c01245c2ef9db7d94e07b08ff0be7ee2d7e1fe977d1f0aaca,0.0,0.82,0.18,0.936,2025-04-16
2025-04-16 09:17:11,"Top 10 Trending Stocks On WallStreetBets As Of April 16, 2025 (Via Swaggy Stocks)",Benzinga,https://finnhub.io/api/news?id=c013b1222cc44d22a034b94947955c4332dea00f9dc004b47e7fedf3f0231775,0.0,0.899,0.101,0.2023,2025-04-16
2025-04-16 09:00:00,"TSMC: Tariffs Or Not, Why I'm Betting On The Foundry Leader",SeekingAlpha,https://finnhub.io/api/news?id=45a0aab8a6d8e017fd5f28e7042d307f578e4975e41d80c8ec1b1c5790a657bd,0.0,1.0,0.0,0.0,2025-04-16
2025-04-16 07:28:18,"Shares of chip stocks are trading lower after NVIDIA said it was recently informed by the US government that it will need a license to export chips to China. Additionally, warned that tariffs have increased uncertainty surrounding the company's outlook, which may be adding to the weakness across the board.",Benzinga,https://finnhub.io/api/news?id=64e164cab9867fed50c24b5126ce070af5fc825f90c631fd4a656fb7bcf9c06b,0.164,0.761,0.074,-0.6369,2025-04-16
2025-04-16 06:46:09,Nvidia To Take $5.5 Billion Charge Due To H20 China Export Curbs,DowJones,https://finnhub.io/api/news?id=a77eb53d91c145dd9b5f93b6fd061c8890c9923d05dc26f261dbde3c7f4f0bc0,0.0,1.0,0.0,0.0,2025-04-16
2025-04-16 03:45:16,"Is Advanced Micro Devices, Inc. (AMD) The Best American Tech Stock To Buy Now?",Yahoo,https://finnhub.io/api/news?id=417643f0fd4695d8ce938efafd51c858d21c0126d69f7c6fcb0e0cf140b4bef8,0.0,0.812,0.188,0.9325,2025-04-16
2025-04-15 23:34:21,"AMD Stock Is Now A No Brainer (Technical Analysis, Rating Upgrade)",SeekingAlpha,https://finnhub.io/api/news?id=48e91aa5662cd401c4cf58124be15f3bb09772380f161d8996224b8d79399870,0.05,0.766,0.185,0.7184,2025-04-16
2025-04-15 21:28:05,TSMC Q1 Preview: Beating Trump's Tariffs,SeekingAlpha,https://finnhub.io/api/news?id=b90823424c5d2a02d8d51944cfe97b216c7afcf500248877c7388160fa70bc0b,0.144,0.763,0.093,-0.2023,2025-04-16
2025-04-15 18:41:12,"Trump Ally Marjorie Taylor Greene Bought Tesla, Amazon, Blackstone Before Rally",Yahoo,https://finnhub.io/api/news?id=d2bda347e04e62748e3b364ab40899661701bea8aa1020bd9cccfba968f095ca,0.056,0.888,0.056,-0.25,2025-04-16
2025-04-15 17:21:54,"Advanced Micro Devices, Inc. (AMD): Faces China Risk and Nvidia’s Lead",Yahoo,https://finnhub.io/api/news?id=604e0903ac8a570ee96c3dc2c9f2c26195232ad212cc83fd68d06d91ed71455d,0.078,0.839,0.083,0.0772,2025-04-16
2025-04-15 14:06:00,AMD to Make Chips at U.S. Site with TSMC. It’s the Latest Stock to Rev Up U.S. Manufacturing.,Yahoo,https://finnhub.io/api/news?id=c0e87d6fd9f1de0226be5360398eda06f7d94fd255c5bce9d3bd17e844b06547,0.0,1.0,0.0,0.0,2025-04-15
2025-04-15 13:15:59,Is Advanced Micro Devices (AMD) the Best Machine Learning Stock to Buy Now?,Yahoo,https://finnhub.io/api/news?id=7d0e2b99637edf631fd621db739acdd13a573cea030ff880a70ec8fe4c40262b,0.0,0.775,0.225,0.9538,2025-04-15
2025-04-15 12:40:00,Were you interested in semiconductor stocks three months ago? Check them out now.,MarketWatch,https://finnhub.io/api/news?id=134c0c1da27d9518cb2a197fa32e24483ebe9ff24f0156ca4c7a650058f09156,0.0,0.806,0.194,0.6966,2025-04-15
2025-04-15 12:34:47,AMD to Launch U.S.-Made Venice Chip at TSMC Arizona Plant,Yahoo,https://finnhub.io/api/news?id=593945495ba2fff403fceab8c9f62e1cb7681ec8f65ec1389c648dd3f33e3741,0.0,1.0,0.0,0.0,2025-04-15
2025-04-15 11:58:34,Intel: The Worst May Be Behind This Chip Giant,SeekingAlpha,https://finnhub.io/api/news?id=9d2004e382e5303dd2abc58f49cfe64894a678ee405477d1f68c71b80cda1473,0.099,0.678,0.223,0.4767,2025-04-15
2025-04-15 11:45:54,Nvidia: Already On The Way Back Up After Tariffs Turmoil,SeekingAlpha,https://finnhub.io/api/news?id=f973ebfa3c2ba1707c7331ae1a15e5a579524d7f32e6ece2af7506f6ba49a5e7,0.217,0.783,0.0,-0.3612,2025-04-15
2025-04-15 11:25:05,"Market Chatter: Jabil, Compal, Wiwynn Prepare Revised Offers for AMD's AI Server Facilities",Yahoo,https://finnhub.io/api/news?id=f0b6414228582b0561583d1955b90a88a81e59f44aa9d2519ca594ca9aeb30b9,0.0,0.931,0.069,0.25,2025-04-15
2025-04-15 11:08:00,"The Zacks Analyst Blog Apple, NVIDIA, Advanced Micro Devices, Amazon.com and Alphabet",Yahoo,https://finnhub.io/api/news?id=8c236864dbe4481c4d73e4a7181052227c01fcd634e1292a9510e0d16fe16529,0.0,0.857,0.143,0.4588,2025-04-15
2025-04-15 10:30:37,"Tan Brings The Knife, Intel Stock Will Bring The Gains: Reiterating Buy",SeekingAlpha,https://finnhub.io/api/news?id=90f39a1f94016431f14368f2a094b8b5ef942cf21738b106c365fd0fc64deb6a,0.0,0.863,0.137,0.6249,2025-04-15
2025-04-15 10:00:00,Large cryptocurrencies mixed as Avalanche drops,MarketWatch,https://finnhub.io/api/news?id=1b203b058236e83f80b68b6b2ab4a4ea3652c65d08c3c496569514c1d14b3c0a,0.0,1.0,0.0,0.0,2025-04-15
2025-04-15 09:57:56,Intel: Overblown Optimism Meets Stark Reality,Yahoo,https://finnhub.io/api/news?id=578cceb996d63406ee7a87daaf246d955eed25bc8a83f4a45e3b1ef7e063ae62,0.0,0.844,0.156,0.5423,2025-04-15
2025-04-15 09:56:00,Nvidia Stock Rises. Trump Hails Chip Maker’s Commitment to ‘Golden Age.’,MarketWatch,https://finnhub.io/api/news?id=326d5d551fb563dd365bf8a5abb0c1df24adf0c5305f859f2e15d0111bbe0891,0.0,0.794,0.206,0.6369,2025-04-15
2025-04-15 09:13:21,2 Reasons to Like AMD (and 1 Not So Much),Yahoo,https://finnhub.io/api/news?id=bd0e324dd5377021a6a074ff31b1c55d4eed8b0fb67bfa25934464eac80ba4d9,0.096,0.755,0.149,0.3612,2025-04-15
2025-04-15 07:51:00,Nvidia Has 3 Considerably Bigger Concerns Than Tariffs,Yahoo,https://finnhub.io/api/news?id=eb5b5e3d9d0328e07e64f487886a9322daa5cc993de5e933036a3a47c5f72b14,0.0,0.756,0.244,0.8847,2025-04-15
2025-04-15 06:46:10,AMD to produce its processors with TSMC in Arizona,Finnhub,https://finnhub.io/api/news?id=e3891c73e7cb6c5ac157503765147b9765270a2d08b9e7cb20560c7b16ed740d,0.052,0.948,0.0,-0.296,2025-04-15
2025-04-15 01:19:56,AMD set to produce its CPU chip at TSMC plant in Arizona,Yahoo,https://finnhub.io/api/news?id=3fac908522da8a344523ed9c0aadd85fcb9a9440b61b5d12771b017183a930c2,0.032,0.869,0.099,0.7328,2025-04-15
2025-04-14 22:01:00,AMD Achieves First TSMC N2 Product Silicon Milestone,Yahoo,https://finnhub.io/api/news?id=009662fff69bff95c87b5aaca68745e217f9f33e0ed506daaf31e6a431b113dc,0.0,0.979,0.021,0.25,2025-04-15
2025-04-14 21:45:16,Why Advanced Micro Devices (AMD) Outpaced the Stock Market Today,Yahoo,https://finnhub.io/api/news?id=b29dbebf8cd9cf2f927d6f1360a122a15a87aa74257b9ea8f660676689a1f8b3,0.0,0.882,0.118,0.4588,2025-04-15
2025-04-14 17:24:23,Advanced Micro Devices (NasdaqGS:AMD) Launches 5th Gen EPYC Processors in Oracle Cloud Infrastructure,Yahoo,https://finnhub.io/api/news?id=c1fdd9ea9661127a45173a9cb712d7b36f59adcef3ec3b6264ff7c8187041016,0.0,0.784,0.216,0.9612,2025-04-15
2025-04-14 13:15:50,Advanced Micro Devices (AMD): New AI Chips and GPU Momentum Fuel Optimism Despite Lower Target,Yahoo,https://finnhub.io/api/news?id=d2e3b94f0aba05c287be76e5b1beae870d448f108adc33253488f63d8a3a9ff2,0.031,0.848,0.121,0.7174,2025-04-14
2025-04-14 12:54:23,Apple leads tech stocks higher on Trump's temporary tech tariff reprieve,Yahoo,https://finnhub.io/api/news?id=44febe897346cf1c053012358e4a6fd3af3bfe3e1b6677353011c9eb4965ab97,0.0,0.821,0.179,0.802,2025-04-14
2025-04-14 11:59:51,AMD: Brutal Sell-Off Likely Will Be Reversed,SeekingAlpha,https://finnhub.io/api/news?id=216885f43bd977a0cfc285c346b41dfac2a0ed946284077cbd88e296f7c5160b,0.406,0.594,0.0,-0.6249,2025-04-14
2025-04-14 11:37:24,AI Chips Update - VAST Data Shines on Forbes AI 50 List 2025,Yahoo,https://finnhub.io/api/news?id=5827d1bfefbac55fe5f83b99d10f2076beabed1ad66c321412e9d7afdabad924,0.0,0.84,0.16,0.9184,2025-04-14
2025-04-14 11:30:50,"AMD's Edge: Inference, Flexibility, And Cost (Rating Upgrade)",SeekingAlpha,https://finnhub.io/api/news?id=d32d031f5bce7a1485e69c1cf56a986aab6c298a7a4a2314e426b143b6c633df,0.0,0.745,0.255,0.34,2025-04-14
2025-04-14 10:57:21,"Nvidia: Still A Little Pricey, But Close To Fair Value",SeekingAlpha,https://finnhub.io/api/news?id=98bafe5ac74c45e77b8beaa56a4457b80e16369cd9a701e0c3873a570555aff0,0.0,0.569,0.431,0.7227,2025-04-14
2025-04-14 10:50:00,Wall Street Lunch: Apple Leads Q1 Global Smartphone Sales,SeekingAlpha,https://finnhub.io/api/news?id=893afd38fff1dd905c57c70d824563f21e2e8ddfc8fb17a57aa1abf7a667e62b,0.0,1.0,0.0,0.0,2025-04-14
2025-04-14 10:47:38,AMD: Better Positioned Than Nvidia To Face Tariffs As AI Becomes Commodity,SeekingAlpha,https://finnhub.io/api/news?id=74117ece3e24943ea48e81de75ace01c88dd62662dc93796a9543f9f086c61cd,0.0,0.867,0.133,0.5994,2025-04-14
2025-04-14 10:21:00,Nvidia Stock Is Rising. Why Tariff Relief for Chips Could Be Temporary.,MarketWatch,https://finnhub.io/api/news?id=ff39a3d9d2503c85b6579ca71eea09cab2a0665a1f5f9bd19f82febf8f192ad6,0.0,0.78,0.22,0.7351,2025-04-14
2025-04-14 10:00:00,Large cryptocurrencies rise as Ethereum rallies,MarketWatch,https://finnhub.io/api/news?id=6761df6f10adc78c304317f7bede84e2d648a2cce806100574291ff51514935f,0.0,1.0,0.0,0.0,2025-04-14
2025-04-14 09:28:00,"Nvidia, AMD, Super Micro Computer Shares Rise on Tariff Exemptions",MarketWatch,https://finnhub.io/api/news?id=275c31fef62a6705415eca8ee4d1c715b4658bb37e7879848982239b5682a53e,0.0,0.567,0.433,0.9042,2025-04-14
2025-04-14 08:19:00,This Artificial Intelligence Challenger Is Down 49%. Is It Time to Buy the Dip on the Stock?,Yahoo,https://finnhub.io/api/news?id=7dc307a7f0c2a9dd658bd719126a750b6e3f603e83c26b9d7608d15f53c262d3,0.123,0.687,0.191,0.3089,2025-04-14
2025-04-14 06:58:29,"Shares of semiconductor, electronics and hardware stocks are trading higher after the Trump administration excluded a range of technology products, including consumer electronics from the 145% reciprocal tariffs bucket.",Benzinga,https://finnhub.io/api/news?id=7078411c15a3053f34f574645ff75f24b3ae0b0842df7358ed0488440b9874de,0.076,0.854,0.07,-0.0516,2025-04-14
2025-04-14 05:35:54,US Stocks Likely To Open Higher: Expert Says 'The Selling Pressure Is Starting To Be Exhausted',Benzinga,https://finnhub.io/api/news?id=fb15f37d0c75a95e04b0ccb4df9aef5032cd871b1d14305117823cf2155e8d3a,0.128,0.872,0.0,-0.5719,2025-04-14
2025-04-13 22:17:00,Nvidia and Broadcom Helped Propel This ETF 18% Higher in a Single Day. Here's Why It's Still a Buy Now.,Yahoo,https://finnhub.io/api/news?id=039df034f9c19016c69932586ebe237a47e3fa95194f30a0fb3d3c8c6a272973,0.032,0.779,0.189,0.8834,2025-04-14
2025-04-13 21:31:01,AMD (AMD) Projects Double-Digit Growth on AI-Driven $26B Revenue,Yahoo,https://finnhub.io/api/news?id=f87146a3127b349b69e21b2aec79fb52124a9f7398cb1b761e1831eff9b113fb,0.0,0.754,0.246,0.9601,2025-04-14
2025-04-13 08:00:00,3 Top Tech Stocks Down 27% to 57% to Buy in This Volatile Market,Yahoo,https://finnhub.io/api/news?id=e9361159fcc7539cb9fdf8659c1069d717083a9f4c410b7d81a41ffbe7f8e928,0.057,0.692,0.25,0.8047,2025-04-14
2025-04-12 12:36:39,Is Advanced Micro Devices Inc. (NASDAQ:AMD) a NASDAQ Stock with the Highest Upside Potential?,Yahoo,https://finnhub.io/api/news?id=8c6f3152054e7403a91a03a83e5e543fb93c0cb5991d6c9a0450bb013494a52a,0.0,0.915,0.085,0.6369,2025-04-14
2025-04-12 12:02:11,Struggling AMD Plans Counter Offensive to Halt Nvidia’s Advance,Yahoo,https://finnhub.io/api/news?id=2e149c24795fc35b3afbf7d88bb787f22d4cef50c6177d2636e94a2f9c5c3424,0.062,0.871,0.067,-0.1531,2025-04-14
2025-04-12 08:01:20,"Benzinga Bulls And Bears: Apple, Nike, US Steel — And The Markets Ride Out Ongoing Volatility",Benzinga,https://finnhub.io/api/news?id=6ff1a8b08e0f022412db2dc2306b5472be61abf228c617b3dac269f3ad0c9eef,0.0,0.837,0.163,0.7184,2025-04-14
2025-04-12 07:01:00,Prediction: 2 AI Stocks Will Be Worth More Than Palantir Technologies by Early 2026,Yahoo,https://finnhub.io/api/news?id=ee552c836ad5d55a298469b1dd01867e17f13f1590b4b3dd475241bc23759adf,0.0,0.811,0.189,0.8885,2025-04-14
2025-04-12 02:23:02,"Trump Tariff Wars: China's New Rule To Exempt Nvidia, Qualcomm And Others From Levies, But These Chip Companies Will Be Hit With 125% Tariffs",Benzinga,https://finnhub.io/api/news?id=28d7f1d08bc2f0da203444921b0d3dd4b7e78dd4d441167cbd0c0ebfe164c4d5,0.035,0.848,0.117,0.6597,2025-04-14
2025-04-11 18:14:12,AMD Shares Climb on Expanding AI Footprint in New Google Cloud Partnership,Yahoo,https://finnhub.io/api/news?id=905c6f91bcddde013334c3f602b9108dac259a540f5ef6b69aaf7cc81fbf3f36,0.0,0.812,0.188,0.5267,2025-04-14
2025-04-11 17:08:11,AMD: Look Beyond Tariffs And Focus On The Big Picture,SeekingAlpha,https://finnhub.io/api/news?id=9ab54e312690203ccc127a64f693ea516ba6fded5fc3b5ac69d63a028aad902d,0.0,1.0,0.0,0.0,2025-04-14
2025-04-11 16:36:11,Stocks Notch Best Week In Years As Dip Buying On Tariff Crisis Gathers Momentum,Benzinga,https://finnhub.io/api/news?id=4247a68c1c81b9ba6ed634a61bee25dead0782876abd053b1f9c458378d9f583,0.099,0.695,0.206,0.8225,2025-04-14
2025-04-11 16:21:35,Is Advanced Micro Devices Inc. (AMD) the Top Stock in Ken Griffin’s Portfolio to Buy According to Analysts?,Yahoo,https://finnhub.io/api/news?id=eef82a00dfbd2d55211c61c71c5d04f71919601dbf9f094b985b90cad608f2a1,0.0,0.88,0.12,0.7506,2025-04-14
2025-04-11 14:31:48,"Shares of chip stocks are trading higher as stocks rebound amid overall market volatility as investors assess this week's tariff developments. Additionally, China announced tariffs on US-made chips but those outsourcing to Taiwan Semiconductor were exempted.",Benzinga,https://finnhub.io/api/news?id=280bf87800528111049237592f7b277db891960d7f3adc1e5e21ab8e1364ffe1,0.0,0.956,0.044,0.1531,2025-04-11
2025-04-11 12:55:05,"AMD: Developing Continuously, But Still Not Enough",SeekingAlpha,https://finnhub.io/api/news?id=3b9c30d84ab669eb198bf98dd9fa316caeeb80906763cbccbce697ce4c821a27,0.0,1.0,0.0,0.0,2025-04-11
2025-04-11 12:24:00,Why Intel’s stock is falling on the latest twist in the China tariff saga,MarketWatch,https://finnhub.io/api/news?id=1aa2016fb2605e203d78fe7125a975393f1df253706b12af9878970e967bcd0b,0.11,0.89,0.0,-0.296,2025-04-11
2025-04-11 11:37:37,AI Chips Update - AMD Powers Google Cloud With 5th Gen EPYC Processors,Yahoo,https://finnhub.io/api/news?id=1a583f5f568b18cc00236c2a2338d631bc5c42c5a25266dd25757904edfd6529,0.022,0.93,0.049,0.34,2025-04-11
2025-04-11 10:44:00,"The Zacks Analyst Blog Highlights NVIDIA, Palantir Technologies, Advanced Micro Devices, Microsoft and Amazon.com",Yahoo,https://finnhub.io/api/news?id=9f585216adccd2839788766bdbaf65b8e0f67f10991411086ff3403591021674,0.0,0.871,0.129,0.4588,2025-04-11
2025-04-11 10:00:00,"Large cryptocurrencies climb on Solana, Avalanche increases",MarketWatch,https://finnhub.io/api/news?id=c5cd8191215939c84241fed530c702a362283eaa62150e491e53f0ac5e3db2ee,0.0,1.0,0.0,0.0,2025-04-11
2025-04-11 09:57:40,"AMD: The Market Overreacted To Tariff Fears, Now Comes The Breakout",SeekingAlpha,https://finnhub.io/api/news?id=2db30cebfcb2037079b66eec9b11241b959749feaef91bce871af5b51b31759c,0.114,0.56,0.326,0.8481,2025-04-11
2025-04-11 09:53:00,Nvidia Stock Rises. It Shrugs Off Worries Over Tariffs and Rival Chips.,MarketWatch,https://finnhub.io/api/news?id=667604ab89cf505cf0bec9e10dbade5c95ac891f9285c61d99fb91d7f587c7e2,0.203,0.797,0.0,-0.6808,2025-04-11
2025-04-11 08:14:00,Where Will Intel Stock Be in 3 Years?,Yahoo,https://finnhub.io/api/news?id=42f21d43a513e6cc200235754b2d325e865aa5ec3c988e031f5150cdd86d2cd0,0.0,0.932,0.068,0.1154,2025-04-11
2025-04-11 08:08:00,2 AI Stocks to Buy in the Wake of the Market Sell-Off,Yahoo,https://finnhub.io/api/news?id=a93f7c21b651209b71f551d777f4b852ff4fefd31d4d4d572162f053bb37bc90,0.061,0.826,0.113,0.5801,2025-04-11
2025-04-26 17:19:52,Advanced Micro Devices (NasdaqGS:AMD) Rises 10% In One Week,Yahoo,https://finnhub.io/api/news?id=7f842a32e25b8a448a96fedec8247784493217087b9928c82ed4d642b1e57dd9,0.0,0.745,0.255,0.9595,2025-04-28
2025-04-25 22:39:18,Advanced Micro Devices (AMD): Among AI Stocks That Will Skyrocket,Yahoo,https://finnhub.io/api/news?id=f65442fbe0ccdf46263665b23a94b112339991e09777eaaaa35e0ec866e8b97e,0.0,0.899,0.101,0.7269,2025-04-28
2025-04-25 16:24:00,2 Top Artificial Intelligence (AI) Stocks to Buy Right Now,Yahoo,https://finnhub.io/api/news?id=0549ffe93fadf8e589c9145a6147ed36295539a1cb104b4f97ff4050a7704028,0.035,0.87,0.095,0.4742,2025-04-28
2025-04-25 15:58:55,"Former Cisco CEO John Chambers on tariffs: Yes, Apple can make iPhones in the US",Yahoo,https://finnhub.io/api/news?id=6f56b00bde9aee51d162b2b4c78bec8f3d27d996a7e4c1a8d01f29fe913c828a,0.0,0.836,0.164,0.6486,2025-04-25
2025-04-25 15:17:10,"Forget Nvidia, ETFs Are Quietly Piling Into AMD — Do They Know Something We Don't?",Benzinga,https://finnhub.io/api/news?id=76ebe0fd1dfc6dabd0017212d2a61d676d79dc43e71e00a9301b82220cc81172,0.066,0.934,0.0,-0.2263,2025-04-25
2025-04-25 13:57:00,Is a Beat in the Offing for F5 Stock This Earnings Season?,Yahoo,https://finnhub.io/api/news?id=1df1343da432e4b958d210e4c9147721a332d193063ce54c8d87b239cb3e7677,0.0,0.929,0.071,0.3818,2025-04-25
2025-04-25 13:26:45,"Intel Shares Slide As Tariff Jitters Cloud Outlook, Analysts See More Challenges Despite New CEO Initiatives",Benzinga,https://finnhub.io/api/news?id=026b01830f89a702487b018714eb74403ddece9827a508d399d1fa7f889266fd,0.138,0.765,0.097,-0.3832,2025-04-25
2025-04-25 11:37:34,AI Chips Today - Cerence AI Revolutionizing Automotive Interaction With New Partnership,Yahoo,https://finnhub.io/api/news?id=ea3e7a4f2f732dd60322ae22695ecfbcf43bd8f6e9c5c8475b87eddd3510fd29,0.0,0.836,0.164,0.9022,2025-04-25
2025-04-25 10:43:00,Nvidia Stock Rises. What Alphabet and Intel Earnings Mean for the Chip Maker.,MarketWatch,https://finnhub.io/api/news?id=b7520c80a774ae11d3f2e653100dc808aba932050929d193c3461a8c52cd5bb5,0.0,1.0,0.0,0.0,2025-04-25
2025-04-25 10:25:00,Intel Layoffs Can’t Solve the Chip Maker’s Issues. Why Wall Street Is Wary of the Stock.,MarketWatch,https://finnhub.io/api/news?id=b09145d900a8597215c8d509439d4da2b0c6b88500e61186489ee61e3f006d41,0.0,0.893,0.107,0.3818,2025-04-25
2025-04-25 10:00:00,Large cryptocurrencies mixed as Tronix falls,MarketWatch,https://finnhub.io/api/news?id=1f82513718e5e03bc09aa1ac82945612591d877ebc4cb9b4a176122b6e3fd962,0.0,1.0,0.0,0.0,2025-04-25
2025-04-25 08:14:18,Sentiment Fissures In the Semiconductor Space Put Spotlight On Direxion's AMD-Focused Bull And Bear Funds,Benzinga,https://finnhub.io/api/news?id=841ecb798fddc06482b3645c7f33b6ec71e626de70e20484d3445438f2e065c9,0.0,1.0,0.0,0.0,2025-04-25
2025-04-24 22:50:21,"Intel CEO unveils major workplace overhaul to boost innovation, slams 'suffocating' bureaucracy",Yahoo,https://finnhub.io/api/news?id=6b59f972fd1c9b86681ea8da03bc2bf0e00e130976aff8298a4b7067a1bd6779,0.062,0.72,0.218,0.765,2025-04-25
2025-04-24 22:50:00,Why AMD Stock Jumped Today,Yahoo,https://finnhub.io/api/news?id=65aab27f75af6adb116b7c55740b20b4f79d2ebaddeebb2f1464357eacbf4da8,0.101,0.784,0.114,0.0258,2025-04-25
2025-04-24 15:25:00,Nvidia Stock Climbs. It’s Headed for Its 3rd Straight Day of Gains.,Yahoo,https://finnhub.io/api/news?id=da6ddd134387a6ab92e76b55136d65d72525eb39da365d250f89a9239d9de3b7,0.109,0.798,0.093,-0.3716,2025-04-24
2025-04-24 13:48:24,"Shares of semiconductor companies are trading higher amid overall market strength due to March's strong durable goods orders economic data, and President Trump's announcement that he met with China earlier today.",Benzinga,https://finnhub.io/api/news?id=29c535c19917e6611456b55128854f776025392433d7a47ba7d0d81e990d2404,0.0,0.763,0.237,0.8271,2025-04-24
2025-04-24 11:51:00,Nvidia Stock Drops. What’s Behind the Weakness.,Yahoo,https://finnhub.io/api/news?id=617396912cc7fb1630a8a1e40e785b0e18a48f7c54eeb512fd8635b503ccb8ec,0.196,0.804,0.0,-0.6808,2025-04-24
2025-04-24 11:15:00,Nasdaq Bear Market: Is AMD or Nvidia the Best Buy Now?,Yahoo,https://finnhub.io/api/news?id=c46e25889e3eccb5a7efb56949fbf271e06294024c064e8321d380527b59871f,0.0,0.771,0.229,0.9617,2025-04-24
2025-04-24 10:10:00,"Microsoft Just Showed the Future of AI, and It's Great News for Intel and AMD",Yahoo,https://finnhub.io/api/news?id=9b4d41e27bfe41122c4fa5fb652a30b614a142d89f13c4542281e3b15a619947,0.014,0.849,0.137,0.9159,2025-04-24
2025-04-24 10:00:31,"NVDY: Lower Risk Option Than Nvidia, But Also Lower Returns",SeekingAlpha,https://finnhub.io/api/news?id=5e2ba951bd11963afd5ad3681536b1195ce33bfd14fe558ce4405aeba9fd8cf4,0.195,0.727,0.077,-0.4939,2025-04-24
2025-04-24 10:00:00,"Most big cryptocurrencies fall on Dogecoin, Ethereum drops",MarketWatch,https://finnhub.io/api/news?id=24be27b211080f992c993ec0fbad8ecc42850c577b3bac9f13f8f6be7187da62,0.0,1.0,0.0,0.0,2025-04-24
2025-04-24 09:36:52,"Intel Slashes Staff Ahead Of Q1 Earnings, ETFs Brace For Impact",Benzinga,https://finnhub.io/api/news?id=679fe8ef886397bd8842b39a9597b13491d70c111e1df635d7f776e5bc84f922,0.057,0.943,0.0,-0.2023,2025-04-24
2025-04-24 09:00:00,AMD Vs. Arm: Which Is The Better Investment Ahead Of Earnings,SeekingAlpha,https://finnhub.io/api/news?id=7c9619a18d0ba52da265cff517ff0d1a9215fb4d1185db04578cbe84314fc6ec,0.0,0.802,0.198,0.8126,2025-04-24
2025-04-23 22:30:00,Prediction: 2 Artificial Intelligence (AI) Stocks That Could Be Worth More Than Nvidia by 2030,Yahoo,https://finnhub.io/api/news?id=68080f892c92c54de573fe23ede344d8142116e9c54b5a07b53c68b51020d62b,0.0,0.731,0.269,0.9509,2025-04-24
2025-04-23 22:16:25,AMD Jumped Today -- Is the Artificial Intelligence (AI) Stock a Buy?,Yahoo,https://finnhub.io/api/news?id=85cd48aa6a343b372a28c903df46ab5f174406b52cdd0f7283a6ddc155659b98,0.044,0.819,0.137,0.7269,2025-04-24
2025-04-23 21:23:21,Cathie Wood Buys More NVIDIA And AMD Stock As Chinese Tech Giants Stockpile Chips Amid Looming US Export Curbs,Benzinga,https://finnhub.io/api/news?id=f8e3cbe58a8fb946a19176cb08336340a84f2189538647800a48855923e6393c,0.068,0.932,0.0,-0.25,2025-04-24
2025-04-23 21:22:23,What's Going On With Marvell Technology Stock On Wednesday?,Yahoo,https://finnhub.io/api/news?id=00fbe950cfaadae0a6e37f98b847af7abaaac1df416733263f7caf6b6a1b7a39,0.0,0.881,0.119,0.8519,2025-04-24
2025-04-23 18:45:07,"Pure Storage, Health Catalyst, AMD, Micron, and FormFactor Stocks Trade Up, What You Need To Know",Yahoo,https://finnhub.io/api/news?id=61074514c086049e6a1ef7f53dcd36c08e0e1b6a09b4c63dade5dd36f86cb63b,0.049,0.889,0.062,0.101,2025-04-24
2025-04-23 18:39:06,"Following the Leader? Marjorie Taylor Greene’s Bet on Advanced Micro Devices, Inc. (AMD)",Yahoo,https://finnhub.io/api/news?id=781c0442ea91cd89745783f28bcdb7a5079277609ab567b054a55711403052ea,0.0,0.806,0.194,0.9371,2025-04-24
2025-04-23 18:25:11,"Why AMD, Broadcom, and Taiwan Semiconductor Manufacturing Stocks Rallied on Wednesday",Yahoo,https://finnhub.io/api/news?id=d6b93665cf0cf83f0c5508bbfdd2f600aed2bb3d251fbf26ff407d1a9b665b50,0.0,0.9,0.1,0.4404,2025-04-24
2025-04-23 17:07:00,"Cathie Wood buys $3 million of Nvidia, AMD stock after tumble",Yahoo,https://finnhub.io/api/news?id=cf63b9fad3172b7bf16b9ab1a79bf7a8371c6c71b3edd978ad9b197239c6286e,0.0,1.0,0.0,0.0,2025-04-24
2025-04-23 16:26:33,"Is Advanced Micro Devices, Inc. (AMD) the Most Undervalued Growth Stock to Buy Now?",Yahoo,https://finnhub.io/api/news?id=fe5ff0518eeb469d24360f7cd00f78ec71da0c1d4a93d08f08699e0d58100be2,0.0,0.808,0.192,0.9222,2025-04-24
2025-04-23 16:23:42,"Cathie Wood Adds Nvidia, AMD, Sells Microsoft as Chip Curbs Weigh",Yahoo,https://finnhub.io/api/news?id=c8c2fcaabf4326fbce877f4e0eee0fda347b51020a7fa7d2c26a495dca6f8a74,0.0,0.905,0.095,0.296,2025-04-24
2025-04-23 16:00:16,Big Tech earnings kick off as tariff uncertainty continues to roil markets,Yahoo,https://finnhub.io/api/news?id=d68512ed9b3fe8866557fe822a874492ce96262ccab014b0da119f318975c9c8,0.198,0.755,0.047,-0.7003,2025-04-24
2025-04-23 15:25:03,Analysts reboot AMD stock price targets ahead of earnings,Yahoo,https://finnhub.io/api/news?id=d4f8bb2f9d9996a418f3cb7725fa5bfc3eecec24b64532d23f38e34d14253527,0.0,0.885,0.115,0.296,2025-04-23
2025-04-23 15:18:47,"Nvidia, Other Chip Stocks Rally as Trump Says China Tariffs Will Come Down",Yahoo,https://finnhub.io/api/news?id=0266a44d1cc22044c67beb9749fc2f40e7c41fb95bce9285380452bb2877a554,0.0,1.0,0.0,0.0,2025-04-23
2025-04-23 14:30:00,Wall Street Lunch: Bessent Comments On China Tariffs,SeekingAlpha,https://finnhub.io/api/news?id=e7ea83e080f16c21c176159e721c5c7fd7205b37567f23db5202d27b2d3f878b,0.0,1.0,0.0,0.0,2025-04-23
2025-04-23 14:27:44,Is Advanced Micro Devices Inc. (NASDAQ:AMD) the Best Stock Under $100 to Buy According to Hedge Funds?,Yahoo,https://finnhub.io/api/news?id=08a5ba71397145b2b3d390ffce895af952e191abca9839f1ce074773a684d439,0.0,0.848,0.152,0.9081,2025-04-23
2025-04-23 14:25:26,Why TSMC's Solid Q1 Earnings Isn't Creating Market-Beating Price Movements,SeekingAlpha,https://finnhub.io/api/news?id=41576ae5e7716abf1fa3380e5889d093c833499d720e86cd1c7050ae16c8b2b8,0.164,0.696,0.139,-0.0742,2025-04-23
2025-04-23 14:07:00,Cathie Wood Goes Bargain Hunting: 3 Stocks She Just Bought,Yahoo,https://finnhub.io/api/news?id=f13c1d05791eb6b32582543c02c4f2c1d89e03b0f9d8a658597ec953783fc0c6,0.06,0.677,0.263,0.6597,2025-04-23
2025-04-23 13:01:52,"Shares of chip and semiconductor companies are trading higher amid overall market strength after President Trump said he had no intention of firing Fed Chair Powell. Additionally, Trump indicated the final tariff rate would be less than the current 145% but not 0%. A reduction in tariffs could reduce trade and supply chain uncertainty, which have weighed on the sector this year.",Benzinga,https://finnhub.io/api/news?id=44ce77fb6506d7318ce64e25903780462f6bdb6281e0843ec0249bd63ff083ea,0.095,0.849,0.055,-0.4019,2025-04-23
2025-04-23 13:00:00,AMD Announces Press Conference at Computex 2025,Yahoo,https://finnhub.io/api/news?id=20ce2d4d3ab19c2fde13889f4457c19f0dd70f191799f6ea9e70f63dd7020fd3,0.0,0.967,0.033,0.4588,2025-04-23
2025-04-23 12:57:43,Intel stock surges as chipmaker reportedly plans to cut 20% of workforce,Yahoo,https://finnhub.io/api/news?id=2aaf74854f72f8cdd44c0bb2778836c951ec24d9de97b543bfe05845ab9dd17a,0.116,0.884,0.0,-0.4939,2025-04-23
2025-04-23 11:37:46,AI Chips Today - Docker Advances AI Strategy With New MCP Tools Launch,Yahoo,https://finnhub.io/api/news?id=ff6ff008224acf79518326cb373911b8d465a37ec99928abccfcfaa81a3dd3d7,0.0,0.929,0.071,0.6808,2025-04-23
2025-04-23 10:46:49,36-Year-Old With $253K In Stocks Says 'Need Some Direction' – Only Gets $4.2K Dividends And Reddit Is Losing It Over His Holdings,Benzinga,https://finnhub.io/api/news?id=b54db52e3fb0f00043dfc01ada23042d20f5ffd2524b96fcf7f9436787f2a08d,0.073,0.847,0.079,0.0772,2025-04-23
2025-04-23 10:33:00,"Nvidia, AMD, and Other Chip Stocks Rally. Tariffs Fears Are Lifting—but There Is Another Concern to Watch.",MarketWatch,https://finnhub.io/api/news?id=604a214861fb132259ca07d8321143393e9cf94671e2483c015155785d5fc4a1,0.149,0.851,0.0,-0.6808,2025-04-23
2025-04-23 10:10:41,Nvidia: AI Infrastructure Is More Critically Needed Than Ever,SeekingAlpha,https://finnhub.io/api/news?id=ab86f3362e9b8c52912108f740387d1b0e0d6311531c1b56c901392fb77b2170,0.0,1.0,0.0,0.0,2025-04-23
2025-04-23 10:00:00,Sui leads way as large cryptocurrencies post gains,MarketWatch,https://finnhub.io/api/news?id=9cd0ebcb3d91dd51deb66a0c090b2d63ca3c01a4ad4921385321a5b688f17605,0.0,0.745,0.255,0.5859,2025-04-23
2025-04-23 09:13:00,1 No-Brainer Artificial Intelligence (AI) ETF to Confidently Buy With $30 in 2025,Yahoo,https://finnhub.io/api/news?id=6b8433edc7d3c557d097ab33c074683f4fcb24d7ffbb916889606600a6116fe0,0.108,0.73,0.162,0.7151,2025-04-23
2025-04-23 08:45:00,2 Artificial Intelligence (AI) Stocks That Could Soar in the Second Half of 2025,Yahoo,https://finnhub.io/api/news?id=685f63fed6e189b9fe6b4d109897abdfe006d315097e72d040f13c4f78e5c7e1,0.031,0.834,0.135,0.8519,2025-04-23
2025-04-23 07:38:00,BUZZ Investing: Tariff Chaos Shakes U.S. Equities,SeekingAlpha,https://finnhub.io/api/news?id=93c3ec6c1771d388e21a35d3b991fbd1f1d77fc4f9fd36b8ee18dfe200e5b83f,0.381,0.619,0.0,-0.5719,2025-04-23
2025-04-23 04:08:57,Broadcom: Premium Priced With Non-AI Headwinds,SeekingAlpha,https://finnhub.io/api/news?id=8e87c0c0fea6319c0d81763a7c5919864ddc56f6c67fd6785a932c5be6ca8de5,0.0,1.0,0.0,0.0,2025-04-23
2025-04-22 21:45:16,Advanced Micro Devices (AMD) Ascends But Remains Behind Market: Some Facts to Note,Yahoo,https://finnhub.io/api/news?id=f333c5dd4ecd5502c4b993ffd4eb2f5de4d38c49c01d3f89b04c040f4af27a4c,0.0,0.897,0.103,0.4588,2025-04-23
2025-04-22 21:41:36,"Cathie Wood Increases Bet On Nvidia And AMD Despite China Chip Hurdles, Ark Dumps Microsoft Stock Worth $9.7 Million",Benzinga,https://finnhub.io/api/news?id=b1a27523cbdddc3095acfb47311788294077aa4687ca81662be84a796af2ef1c,0.047,0.877,0.075,0.1531,2025-04-23
2025-04-22 19:38:00,"AMD’s AI story was already ‘tenuous,’ and now the stock has new challenges",MarketWatch,https://finnhub.io/api/news?id=148731271a224c10db778746ac2b82e54130169d88aa63652e923a86f4df21cf,0.0,0.902,0.098,0.1531,2025-04-23
2025-04-22 12:41:41,"Intel May Report Temporary Q1 Lift from Pre-Tariff Chip Rush, But Long-Term Woes Linger",Yahoo,https://finnhub.io/api/news?id=0fa3146d614fdc98f89dac1dd13fbc689383f8fdbbf9975a6a8fbf6c1649dd1d,0.321,0.679,0.0,-0.8573,2025-04-22
2025-04-22 12:00:00,AMD: Time To Move On,SeekingAlpha,https://finnhub.io/api/news?id=8e1104076d53844d7932e0d3c511fd9135719652bc1552718008e7a27b6ec28a,0.0,1.0,0.0,0.0,2025-04-22
2025-04-22 10:00:00,Most big cryptocurrencies increase as Sui  rallies,MarketWatch,https://finnhub.io/api/news?id=75ae67ad29971a45b6de2e1b8edfe1293a9862f565beeefb0cb593f786b7e271,0.0,0.701,0.299,0.6282,2025-04-22
2025-04-22 09:52:57,Intel: It's A No-Brainer Under $20 - Upgrading To Strong Buy,SeekingAlpha,https://finnhub.io/api/news?id=788e52082ce911f13e3106e372bd9729d8aad878eb4e365468cb26c32138c01a,0.0,0.752,0.248,0.5106,2025-04-22
2025-04-21 17:16:33,Former Intel CEO on Nvidia: You have to be 10x better to dethrone the king,Yahoo,https://finnhub.io/api/news?id=d1095ca42344f75f5d9e5737f199ba90aa160045f50cf222bfea76d582aaa53d,0.082,0.819,0.099,0.1265,2025-04-22
2025-04-21 16:34:31,China's Huawei Launches AI Chip To Fill Nvidia Void,DowJones,https://finnhub.io/api/news?id=5df18ba04658bec9b7cbf30e362a6d627847000fa374d4c706c317033307d8c6,0.0,1.0,0.0,0.0,2025-04-22
2025-04-21 14:19:56,AMD Q1 Preview: Ryzen 9000 Is Sold Out,SeekingAlpha,https://finnhub.io/api/news?id=c2996341a9060fac48eaf315b7ee0896402789f7249762d8423a9d607335e87a,0.0,1.0,0.0,0.0,2025-04-21
2025-04-21 14:07:40,"Shares of semiconductor companies are trading lower after Huawei announced it's preparing AI chips as an alternative to Nvidia. Additionally, trade restrictions and tariff concerns are weighing on stocks in the industry.",Benzinga,https://finnhub.io/api/news?id=edd17fdbcfde28f04e9972c86f180071b25328f9be2ea35cae301681197a3be7,0.064,0.872,0.064,0.0,2025-04-21
2025-04-21 13:21:51,"Apple may have a key problem bringing back manufacturing to beat Trump tariffs, former Intel CEO warns",Yahoo,https://finnhub.io/api/news?id=94f5c96b48427dfbdb48a891a76d4d667a9243d82d4b2d99a45675ad7a7fc918,0.14,0.765,0.095,0.0622,2025-04-21
2025-04-21 13:12:09,Micron: A Buy Recommendation Despite Current Market Woes,SeekingAlpha,https://finnhub.io/api/news?id=dfe6baf73a20ce49cecc4cdec7645444f6df65c7461f1dcf6a9f64c46e314996,0.0,0.744,0.256,0.3412,2025-04-21
2025-04-21 13:00:13,"Advanced Micro Devices, Inc. (AMD) Is a Trending Stock: Facts to Know Before Betting on It",Yahoo,https://finnhub.io/api/news?id=87cd9df13ad0774be81344b3b3f39ec98b2c968e5d09ecf7ca5f7f4c86272b5b,0.0,0.853,0.147,0.6597,2025-04-21
2025-04-21 13:00:11,Why Investors Need to Take Advantage of These 2 Computer and Technology Stocks Now,Yahoo,https://finnhub.io/api/news?id=65e7e7f3e8e5bd3d91f8825180e306076993913126072bad2150932435828be4,0.0,0.946,0.054,0.25,2025-04-21
2025-04-21 12:55:46,Nvidia stock falls as China's Huawei reportedly boosts AI chip production after Trump's export ban,Yahoo,https://finnhub.io/api/news?id=4f13f450c7f5bee77f355a740dd0d3a6f2050ea43d9cbe80055e0b2306596aa7,0.076,0.825,0.099,0.0258,2025-04-21
2025-04-21 11:48:53,Nvidia: A Textbook Contrarian Buy Opportunity,SeekingAlpha,https://finnhub.io/api/news?id=6d2657c03a9ce6ef7ae729882fe78d74b3bfff1be6278e5a38458ac19dbffd08,0.091,0.726,0.183,0.4404,2025-04-21
2025-04-21 11:45:00,Wall Street Sees 48% or More Upside for These AI Stocks. Should You Buy Them?,Yahoo,https://finnhub.io/api/news?id=aba4d59ca0a0f3d70b57f223e82e1814400fa1a98632c5652f56968bd8700665,0.017,0.882,0.101,0.802,2025-04-21
2025-04-21 11:37:13,Latest News In AI Chips - AI Blockchain Fusion Transforms Global Trade Finance Ecosystem,Yahoo,https://finnhub.io/api/news?id=6ba86fcc434607e700dac25c5e7dc7829d9f274f26839de1f49dd395d0505e0a,0.025,0.926,0.049,0.25,2025-04-21
2025-04-21 10:57:26,"Marvell Technology: Shares Plunge, But Operating Momentum Accelerates",SeekingAlpha,https://finnhub.io/api/news?id=571c54d82333e2186806438407310f5b23f074e78649a28d083aace4b808f8ee,0.0,0.814,0.186,0.1531,2025-04-21
2025-04-21 10:48:00,AMD: Brace For A 10% Impact On EPS For FY 2025,SeekingAlpha,https://finnhub.io/api/news?id=2181caa773b6a27c3d92d43e4007881f2489d6420ffd47bd4ea03bc3be59ed12,0.0,1.0,0.0,0.0,2025-04-21
2025-04-21 10:00:00,Sui leads way as most big cryptocurrencies post increases,MarketWatch,https://finnhub.io/api/news?id=2d2531a0c99e0ceb79a2173a84af211901a0a162ccec619eb99da3642bdf4d29,0.0,1.0,0.0,0.0,2025-04-21
2025-04-21 09:49:09,"TSMC: Hard Pill To Swallow, AI Demand Is Moderating - Downgrading To Sell",SeekingAlpha,https://finnhub.io/api/news?id=d676154ed6476942d8a8b3472babd2db9688ec67df9e580c3c4124b8a809ca8a,0.062,0.882,0.056,0.1779,2025-04-21
2025-04-21 08:30:25,3 High-Risk ETFs Aggressive Retail Investors Can't Stop Buying,Benzinga,https://finnhub.io/api/news?id=5671151d2b4062075d6e9b68c43fdaf1e2ae2e3bf991ef8bbefc1e3997ed6e25,0.205,0.735,0.06,-0.5442,2025-04-21
2025-04-21 05:34:00,AMD: Buying Evidence Has Emerged (Rating Upgrade),SeekingAlpha,https://finnhub.io/api/news?id=d3ce8f4bdf0216703a2aa83dc2e494d206df1c38fe62e806705e6c39c5cfe4e0,0.0,1.0,0.0,0.0,2025-04-21
2025-04-20 12:30:15,Why the latest stock market pullback feels right,Yahoo,https://finnhub.io/api/news?id=02e061d515594765d69f366615c48f176899c707b19033f8f4f95a33a1add927,0.0,0.834,0.166,0.4576,2025-04-21
2025-04-20 08:00:00,AMD: Close To Buy Levels But Not There Yet - Reiterate Sell,SeekingAlpha,https://finnhub.io/api/news?id=aef8e31a527e99a26f91da128fc57b55df775e1215082c86b8eb37994b51ee6c,0.0,1.0,0.0,0.0,2025-04-21
2025-04-20 07:15:22,"AMD Is Thriving While Its Stock Price Is Crashing, Something Has To Give",SeekingAlpha,https://finnhub.io/api/news?id=94bcfb1a0de67c9eded45f76133b2c2f18bd77ce6143119cbb46eaa934ed6f21,0.0,1.0,0.0,0.0,2025-04-21
2025-04-19 19:16:20,"Is Advanced Micro Devices, Inc. (AMD) The Best WallStreetBets Stock To Buy According to Hedge Funds?",Yahoo,https://finnhub.io/api/news?id=9e193fa8f308632fdc425c7ca493127265c2ef97591c5cfd7360ad647cbaeece,0.0,0.808,0.192,0.9485,2025-04-21
2025-04-19 12:41:00,Prediction AMD Will Soar Over the Next 5 Years. Here's 1 Reason Why.,Yahoo,https://finnhub.io/api/news?id=113b3aa5f5c028944a35383d6ed87f407956e9f849142f3deebf45aa4184de4a,0.084,0.731,0.184,0.8415,2025-04-21
2025-04-19 07:44:40,What Moved Markets This Week,SeekingAlpha,https://finnhub.io/api/news?id=08c44b8ae67341e26dd2423b7c1a73e23d1bf8f72ed4602deb28cdbabca685b9,0.0,1.0,0.0,0.0,2025-04-21
2025-05-04 21:52:08,Advanced Micro Devices (AMD): Among Unknown Billionaire Phill Gross’ Stock Picks with Huge Upside Potential,Yahoo,https://finnhub.io/api/news?id=1aa33d497b2795a7fb427c14820f2ca78f5990806c6e3f5218f011020452ac36,0.039,0.823,0.138,0.7003,2025-05-05
2025-05-04 14:00:00,"The Fed, Palantir, AMD, Disney, and Many More Stocks to Watch",MarketWatch,https://finnhub.io/api/news?id=b18f7d9100971daf53216e82050894f15e0770b4d4d7e52bde5764af44ee69bd,0.0,1.0,0.0,0.0,2025-05-05
2025-05-04 12:00:08,"Disney, Ford, AMD: Earnings to Watch This Week",Yahoo,https://finnhub.io/api/news?id=093d60f8df88c5d7c5326511dec960c790d243f42defd83d7e5dd214551269b8,0.0,0.937,0.063,0.5859,2025-05-05
2025-05-04 10:00:00,What To Expect in the Markets This Week,Yahoo,https://finnhub.io/api/news?id=9b1160a5f2f05d135c1190ea373c573d86f1cd7a2b1b2d03c59567e234bb760a,0.0,0.893,0.107,0.4588,2025-05-05
2025-05-04 09:00:00,"Disney, Palantir, AMD and more stocks to watch this week",Yahoo,https://finnhub.io/api/news?id=db41dcf2925b12821036cbfd879c56c86efa14ebffe2f08980ade0fdfd5363d5,0.0,0.917,0.083,0.6124,2025-05-05
2025-05-04 07:42:09,Wall Street Week Ahead,SeekingAlpha,https://finnhub.io/api/news?id=36968a481799fe4bea0c03f9ce3d226c6ad6513a89996ea72a443d1ba2f43fcd,0.0,1.0,0.0,0.0,2025-05-05
2025-05-04 06:44:28,BUZZ: ETF Focused On Social Media Stories,SeekingAlpha,https://finnhub.io/api/news?id=d22499563ba029ae35e1475c2690c32654e27f6260b9bc9fdc35eb9f29d2f999,0.0,0.813,0.187,0.7351,2025-05-05
2025-05-03 14:40:05,"Advanced Micro Devices, Inc. (AMD): Among Ken Fisher’s Technology Stock Picks with Huge Upside Potential",Yahoo,https://finnhub.io/api/news?id=8d5cb120f3fb434e25a7f5f1351108d92844ce915901a4bbb9abdda12790c11e,0.0,0.888,0.112,0.765,2025-05-05
2025-05-03 12:02:27,"If You Invested $10K In AMD Stock 10 Years Ago, How Much Would You Have Now?",Yahoo,https://finnhub.io/api/news?id=e20d7c95aed0fd4804f7e5d422e464ec908e378ef41466c19f687728e4a4845a,0.0,0.967,0.033,0.25,2025-05-05
2025-05-03 11:00:00,"Ford, Disney, And AMD To Report Results Next Week",SeekingAlpha,https://finnhub.io/api/news?id=47f428b3ae3e5bd59c6b4bf372f7c14a9d31a5bca8ec40110fe7faf659ca295d,0.0,1.0,0.0,0.0,2025-05-05
2025-05-03 09:00:00,What Analysts Think of AMD Stock Ahead of Earnings,Yahoo,https://finnhub.io/api/news?id=943ec24aed28bcbcb8aa5dbd2b5d4740820635a9405ec588a845658dfc8c998c,0.033,0.923,0.044,0.128,2025-05-05
2025-05-02 23:00:00,"Auto tariffs, Berkshire earnings, Fed meeting: What to Watch",Yahoo,https://finnhub.io/api/news?id=7946774881228cb06a87dd5f7936dcd92cb8864603b285f2c15152977406b89a,0.026,0.974,0.0,-0.1725,2025-05-05
2025-05-02 19:39:49,Nvidia CEO Jensen Huang gets first salary boost in 10 years,Yahoo,https://finnhub.io/api/news?id=f9af177220c360406e649e1672fa69c3b3e89b13389722261a3450dba01a45bd,0.0,0.954,0.046,0.2144,2025-05-05
2025-05-02 19:00:00,"ALAB Set to Report Q1 Earnings: Buy, Sell or Hold the Stock?",Yahoo,https://finnhub.io/api/news?id=749c1296d61ddbb5839159f1add654763af5c599aef78ff657e49bde4d367bc0,0.042,0.866,0.092,0.4215,2025-05-05
2025-05-02 19:00:00,"Should You Buy, Hold, or Sell AMD Stock Ahead of Q1 Earnings?",Yahoo,https://finnhub.io/api/news?id=b37050296ff966aa466bb1d6b2401e54f88cbb1f8c1afb114262ca2d04db6e23,0.066,0.749,0.185,0.6249,2025-05-05
2025-05-02 16:10:05,Will Advanced Micro (AMD) Beat Estimates Again in Its Next Earnings Report?,Yahoo,https://finnhub.io/api/news?id=10c5fb0f9a42927e3f0d87d4dd2a0d0bcff8170cc9a74ade7462cea4295ec2ee,0.0,0.797,0.203,0.8126,2025-05-05
2025-05-02 14:44:04,"Shares of chip stocks are trading higher amid overall market strength on reports indicating China is assessing US trade talks. Additionally, jobs data may be easing some market fears. NVIDIA shares rose on reports indicating the company is working on China-tailored chips.",Benzinga,https://finnhub.io/api/news?id=0491d5b8df08bd6f2fb7f378f79cee870debb482e4f3dbbb63e86ffe452b7ef7,0.057,0.749,0.194,0.7003,2025-05-02
2025-05-02 13:00:12,"Advanced Micro Devices, Inc. (AMD) is Attracting Investor Attention: Here is What You Should Know",Yahoo,https://finnhub.io/api/news?id=3b5f545242109fa5d310571ed6fcfc16fd3502b9a5bb84aa0909949d47710248,0.0,0.758,0.242,0.8481,2025-05-02
2025-05-02 12:45:00,AMD: You May Not Get It This Cheap Again,SeekingAlpha,https://finnhub.io/api/news?id=022a4dd85236a4d72fab2eb8d02a50d1ef1e265d8abeac76ccefcb45a513c1a7,0.046,0.738,0.216,0.7717,2025-05-02
2025-05-02 12:25:52,"Stocks to watch next week: Berkshire Hathaway, Palantir, TSMC, Novo Nordisk and JD Wetherspoon",Yahoo,https://finnhub.io/api/news?id=6972fbb4d45d8239b376ee04e76ba55e3e616c8f0d5c178ac63973418d2dd5d2,0.0,1.0,0.0,0.0,2025-05-02
2025-05-02 11:40:09,This Week In AI Chips - Revolutionizing Power Integrity With Movellus PDN Analyzer,Yahoo,https://finnhub.io/api/news?id=d04802a040b90343fb1e39768edb03c2f646e459904778d33fa676117101a7c5,0.026,0.872,0.102,0.6908,2025-05-02
2025-05-02 11:37:06,"EXCLUSIVE: April's 20 Most-Searched Tickers On Benzinga Pro — Where Do Tesla, Apple, Palantir, Nvidia Stocks Rank?",Benzinga,https://finnhub.io/api/news?id=c0a02d7d149e72e045684049cb34985558b5301940e08350a1dae53bced74a24,0.0,0.953,0.047,0.3034,2025-05-02
2025-05-02 10:25:41,Trump Tariffs Were An Earthquake. The Trade War Tsunami Is Hitting U.S. Ports.,DowJones,https://finnhub.io/api/news?id=95ab92cddcec588175fc95997ea5a109a5fa0f32bff4cefe6fa9b0b25a902ccd,0.245,0.755,0.0,-0.8316,2025-05-02
2025-05-02 10:00:00,Large cryptocurrencies mixed as Cardano climbs,MarketWatch,https://finnhub.io/api/news?id=606fb3038990bb54a58c9a53ab5a2ebaa06d604829350fa609f62dacb561e544,0.0,1.0,0.0,0.0,2025-05-02
2025-05-02 09:55:00,Nvidia Stock Rises. It Just Got This Amazon AI Boost.,MarketWatch,https://finnhub.io/api/news?id=caa84f686fa7874cd3ced21a43dfc2a5dbc0f2012995c7617b31a8b5f5dbff6a,0.0,0.636,0.364,0.7992,2025-05-02
2025-05-02 09:18:55,AMD: It Could Get Worse Before The Turnaround Occurs,SeekingAlpha,https://finnhub.io/api/news?id=032610313364433db083a3cc035b327a09b437c89b7ae6e033daf64148b79d21,0.139,0.81,0.051,-0.5423,2025-05-02
2025-05-01 21:35:09,"Cathie Wood Pours $9.8 Million In Robinhood Despite Crypto Revenue Slump, Keeps Dumping Palantir Ahead Of Earnings",Benzinga,https://finnhub.io/api/news?id=9f849b800b6a2893682ae393278cbd08a8965e6114a2357f478c73ecc3a43c33,0.127,0.801,0.072,-0.25,2025-05-02
2025-05-01 14:01:25,NCR Voyix (VYX) Expected to Beat Earnings Estimates: Should You Buy?,Yahoo,https://finnhub.io/api/news?id=a1a108fd7b6675b9b6401380ec90a4e6407413a5955c23f3dbce412c2e5c3d11,0.0,0.951,0.049,0.2263,2025-05-01
2025-05-01 13:15:17,Gear Up for Advanced Micro (AMD) Q1 Earnings: Wall Street Estimates for Key Metrics,Yahoo,https://finnhub.io/api/news?id=d8c1ae3059a61883564127d4aa12f6d137433d5105ba677513c55390e3d4249b,0.0,0.833,0.167,0.802,2025-05-01
2025-05-01 13:07:10,The most bought US stocks in Trump's first 100 days,Yahoo,https://finnhub.io/api/news?id=70d63b46143a955f4efe1de400f10db26c5f3dce31bd0dc66c5a79ef704b20e6,0.0,1.0,0.0,0.0,2025-05-01
2025-05-01 12:43:24,"Nvidia stock rises to lead chip gains after Meta, Microsoft back AI investment plans",Yahoo,https://finnhub.io/api/news?id=a5d2e748e4fb5919c46927665916fa9207ceba56fec284bb8c4f06edde7e301d,0.0,0.825,0.175,0.7184,2025-05-01
2025-05-01 12:43:24,"Nvidia stock rises to lead chip rally after Meta, Microsoft back AI investment plans",Yahoo,https://finnhub.io/api/news?id=de98cb0e7ec02264b0e0f8a50f864342de0c05c52724096ffef4cdd1cb34ab07,0.0,0.881,0.119,0.5574,2025-05-01
2025-05-01 12:28:26,Why Nvidia stock is popping after big quarters for Microsoft and Meta,Yahoo,https://finnhub.io/api/news?id=3802fce1c731774855469a7870893aabdb0fe124bd22d13bcfe5cc4dd3345876,0.054,0.794,0.152,0.4019,2025-05-01
2025-05-01 10:48:00,GEN Gears Up to Report Q4 Earnings: What's in Store for the Stock?,Yahoo,https://finnhub.io/api/news?id=211e6f026afa3d472d05edf38bb583bab10c2658855f7c2e95e7ef567dde6631,0.0,0.827,0.173,0.6705,2025-05-01
2025-05-01 10:00:00,Sui leads way as large cryptocurrencies post increases,MarketWatch,https://finnhub.io/api/news?id=be4c426b3ec390d0cf1f960ebc9713f5374ef6e72ef3d89a900d020831d12a75,0.0,1.0,0.0,0.0,2025-05-01
2025-05-01 09:30:28,"Is Advanced Micro Devices, Inc. (AMD) the Best Augmented Reality Stock to Buy According to Hedge Funds?",Yahoo,https://finnhub.io/api/news?id=3ff9b35c253abf2c318ab88a14a90fe904c72c9c62e40939535360ad42e739fd,0.0,0.773,0.227,0.9623,2025-05-01
2025-05-01 08:50:00,This Incredibly Cheap Semiconductor Stock Is About to Go on a Terrific Bull Run,Yahoo,https://finnhub.io/api/news?id=0dcdcf1a7d02207fd4abe1b22390614b672919f5e66fc3712932767d566704a1,0.013,0.828,0.16,0.9468,2025-05-01
2025-05-01 08:35:00,Prediction: This Magnificent Artificial Intelligence (AI) Semiconductor Stock Will Soar After May 6,Yahoo,https://finnhub.io/api/news?id=6028db043c844df7672af3f3a5a17b8451b80368646e13cafab54722781b4e17,0.051,0.778,0.171,0.8854,2025-05-01
2025-05-01 08:23:00,Jensen Huang Predicts Annual Data Center Spending Will Hit $1 Trillion by 2028. Here's the Ultimate Semiconductor ETF to Buy Right Now.,Yahoo,https://finnhub.io/api/news?id=dd88704d590f98b91415b39172650a7d61b01203781221795a7aa08427450367,0.0,0.834,0.166,0.924,2025-05-01
2025-04-30 22:36:07,"Cathie Wood Sells Palantir Shares Worth $2.65 Million Ahead Of Earnings, Doubles Down On This Chip Giant",Benzinga,https://finnhub.io/api/news?id=430b98bd75d9839491673b8f683fc25c0fe3f5228ceb003d53daf96a75f7fdaf,0.0,0.791,0.209,0.7351,2025-05-01
2025-04-30 21:45:25,"Advanced Micro Devices, Inc. (AMD) Started With a Buy Rating by Investment Bank",Yahoo,https://finnhub.io/api/news?id=d35b7676041361d4db1fd86dfe8de7c7876d15b277cc96e637e05c374c14316d,0.0,0.801,0.199,0.9081,2025-05-01
2025-04-30 16:36:36,"Seaport starts coverage of chip stocks, says sell Nvidia, buy Broadcom, AMD",Yahoo,https://finnhub.io/api/news?id=bd2c4d020493d03fad42afe9f9089db15929bf0df37f256c5416b47dd71081a5,0.03,0.917,0.053,0.2732,2025-05-01
2025-04-30 15:04:05,Is Advanced Micro Devices Inc. (NASDAQ:AMD) a Stock That Should Double in 3 Years?,Yahoo,https://finnhub.io/api/news?id=17b8d8e19ec4212b92fc0c5fcb774bea12118c88fb87eb2e17d05da199ff5068,0.0,0.912,0.088,0.6705,2025-04-30
2025-04-30 14:15:00,"These 2 Chip Stocks Could Be Better Bets Than Nvidia, Analyst Says",Yahoo,https://finnhub.io/api/news?id=748e373e44bb9350855f56e563e85400b2c1464d442c87254a08c41d29b0706c,0.0,0.818,0.182,0.7184,2025-04-30
2025-04-30 09:59:00,"Sell Nvidia Stock, Analyst Says. Here’s Why.",MarketWatch,https://finnhub.io/api/news?id=6ab18474e670cfcde56b9cf4a721ad3f9790bdd9c8d3f76ded0056e7300e9de0,0.0,1.0,0.0,0.0,2025-04-30
2025-04-30 11:37:46,Latest News In AI Chips - AI Revolution MediaViz Enhances Image Processing Power,Yahoo,https://finnhub.io/api/news?id=888f7ca6ab1ab6fdbcafec91086b3433f96378db13628f39f2ca8441126c642b,0.0,0.87,0.13,0.8655,2025-04-30
2025-04-30 10:34:17,AMD's Real Upside Is Unpriced,SeekingAlpha,https://finnhub.io/api/news?id=8516a9b878da885fb296e2acfd4da9f6bae20d285477423c10c33f4f9320f7fd,0.0,0.628,0.372,0.8074,2025-04-30
2025-04-30 10:00:00,"Large cryptocurrencies drop on XRP, Sui declines",MarketWatch,https://finnhub.io/api/news?id=06b50a926f97a8b8f66f470ffc9468a68eb8e92e0052b1cab3425ccb7b25e27a,0.259,0.741,0.0,-0.4939,2025-04-30
2025-04-30 09:08:11,This Nvidia Analyst Begins Coverage On A Bearish Note; Here Are Top 5 Initiations For Wednesday,Benzinga,https://finnhub.io/api/news?id=9312f004521b64fce8e3a445e4612d13425470cd2c45f0e7b3bd2f1a98738485,0.0,0.893,0.107,0.2023,2025-04-30
2025-04-30 08:58:00,Better Semiconductor Stock: AMD vs. Nvidia,Yahoo,https://finnhub.io/api/news?id=a61cea2c071b24dc4279a0d7fec88007b12653d83c39f9f5f6d2972cba765f4d,0.101,0.767,0.132,0.34,2025-04-30
2025-04-29 14:15:10,"Is Advanced Micro Devices, Inc. (AMD) the Worst-Performing Blue Chip Stock So Far in 2025?",Yahoo,https://finnhub.io/api/news?id=33e9b4b665e4ab26bf8f9d17b37c7582631b834a61c2201e49ba7052d735137a,0.065,0.883,0.053,-0.2263,2025-04-29
2025-04-29 14:01:12,Advanced Micro Devices (AMD) Reports Next Week: Wall Street Expects Earnings Growth,Yahoo,https://finnhub.io/api/news?id=df3cdc94565829995090e628f0ceac3141da91e78c61e1f805d1d7a1d737ccd8,0.0,0.805,0.195,0.7579,2025-04-29
2025-04-29 10:45:00,Nvidia Stock Drops. Where This Analyst Sees a ‘Threat to Sales.’,MarketWatch,https://finnhub.io/api/news?id=948928e3ff59b3f515316855206a9b02bc59ce7ccc57663b285a4f97caa5f439,0.0,1.0,0.0,0.0,2025-04-29
2025-04-29 10:00:00,Sui leads declines as large cryptocurrencies start mixed,MarketWatch,https://finnhub.io/api/news?id=e219fc413625ce94fc02aba03c5b1a61a16355b2f05e2cc42f4ce20e8369c2a6,0.0,1.0,0.0,0.0,2025-04-29
2025-04-29 09:32:00,2 Artificial Intelligence (AI) Stocks That Could Make You a Millionaire,Yahoo,https://finnhub.io/api/news?id=c15abfab48be9743b3955b0b0c2c195323429d61270083c3822fbce0a79a68e2,0.054,0.724,0.222,0.9577,2025-04-29
2025-04-29 09:30:00,Nvidia’s Trump Worries Go Far Beyond China,Yahoo,https://finnhub.io/api/news?id=d9ddb2b7578f819728ef69a17c94f6917f6544358f5b05f36746167bcd33f0d1,0.087,0.717,0.196,0.5413,2025-04-29
2025-04-29 09:05:00,Chip Design Hits AI Crossover Point,SeekingAlpha,https://finnhub.io/api/news?id=6c17033151b1bf166f032b85890d34248092bd7bef1b5e4a760af45f2fd9ba7e,0.0,0.657,0.343,0.9118,2025-04-29
2025-04-29 05:22:22,AMD: Don't Give Up Yet,SeekingAlpha,https://finnhub.io/api/news?id=99d448f54e3f1c2ea5d3afe3300226a5226a6a573b7aa491574ddd964fa6c5ac,0.0,0.866,0.134,0.5859,2025-04-29
2025-04-29 04:22:08,AMD Q1 Preview: Inflection Point Approaching (Technical Analysis),SeekingAlpha,https://finnhub.io/api/news?id=f12f62aa76226b25ec6c4099a6c0441a2f0e939c361f241c3de8564a1e2b9f5c,0.0,0.827,0.173,0.7845,2025-04-29
2025-04-28 21:51:46,"Cathie Wood Chops Palantir: Ark Invest Dumps $9.1 Million Worth Of Stock, Also Sells Meta And Robinhood Shares",Benzinga,https://finnhub.io/api/news?id=80064742ef77de3d3d5de2751ab819485c2ef77f030bcfad2dceaa27cc8f9bad,0.087,0.769,0.144,0.34,2025-04-29
2025-04-28 21:45:15,Advanced Micro Devices (AMD) Stock Sinks As Market Gains: Here's Why,Yahoo,https://finnhub.io/api/news?id=6da40e8b3f607d8e19af810b93f9d84f21c325bb9ad2de45054abd68ebba33ff,0.0,0.829,0.171,0.6597,2025-04-29
2025-04-28 17:09:00,Nvidia Stock Falls. This Huawei Breakthrough Won’t Help.,MarketWatch,https://finnhub.io/api/news?id=a4707b012c4102d9390f41864a801185bfb2291d38d521ae22b39befa822e16a,0.0,0.722,0.278,0.6597,2025-04-29
2025-04-28 15:24:00,"Tesla's ""Moment of Truth""",Yahoo,https://finnhub.io/api/news?id=7364e151c4603206acf00074ac8c2a796bc8fb1f72d467ccde9030bf8e97c594,0.0,0.927,0.073,0.1655,2025-04-28
2025-04-28 12:34:46,Intel's Turnaround Narrative Falters Amid Structural Challenges,SeekingAlpha,https://finnhub.io/api/news?id=102a31fdfe99ea07c77bfa098f41842bb9145acb963e11a3d2066693abcb6b6f,0.182,0.783,0.035,-0.7096,2025-04-28
2025-04-28 11:37:20,This Week In AI Chips - Global AI Industry Leaders Unite for Innovative Growth at Summit,Yahoo,https://finnhub.io/api/news?id=41c926ce8aa2603f79fae9b4355587dae3d59e5267d1ae912b76b60f5f1f69f4,0.0,0.836,0.164,0.9382,2025-04-28
2025-04-28 10:45:00,Is It Too Late for Intel to Strike Back Against AMD?,Yahoo,https://finnhub.io/api/news?id=1518c561ac8374e74b3758012a50bc6f91e83decb766e343a33f2ac102bc64af,0.196,0.804,0.0,-0.6808,2025-04-28
2025-04-28 10:00:00,"Most large cryptocurrencies decrease on Dogecoin, Avalanche drops",MarketWatch,https://finnhub.io/api/news?id=55bfe71b415f03ea62a050d4a64c4ea6be7b410f8e3e1a1e19faccc6dd61688c,0.0,1.0,0.0,0.0,2025-04-28
2025-04-28 08:10:31,How To Trade Stocks During Earnings Season; It Takes Special Care,DowJones,https://finnhub.io/api/news?id=ed42396491b9372b617a7395d4b8b3905eb533924918febbb9a4fade6806b3a7,0.0,0.604,0.396,0.8957,2025-04-28
2025-04-27 09:00:00,Intel: Is Hope Enough? I Wouldn't Bet On It (Upgrade To Hold),SeekingAlpha,https://finnhub.io/api/news?id=9c03a735179a47abd48e2766335fe033df1bdaf8ddf6011336f175ebf11c3385,0.07,0.807,0.122,0.25,2025-04-28
2025-05-12 20:26:14,"Analyst Says Advanced Micro Devices (AMD) Remains Under the Radar, Has More Room for Growth",Yahoo,https://finnhub.io/api/news?id=ea623cc932c1ac1ee262455646e584641303ea45b59d410a5b2e9d6a5b6e3cfa,0.0,0.868,0.132,0.8467,2025-05-13
2025-05-12 19:05:15,"Stocks to Watch Monday: Apple, Nvidia, Broadcom, Shopify",Yahoo,https://finnhub.io/api/news?id=d03d661a132622e676b768bb53aada40e8b4b6e7b4814b2638856da5ade9c8ba,0.034,0.855,0.111,0.4767,2025-05-13
2025-05-12 18:02:01,"Nvidia, Broadcom, AMD Rally as U.S. and China Ease Trade Barriers",Yahoo,https://finnhub.io/api/news?id=190684aac2fbf56d9b8166b27c5ea8efe59217ac1f78a39d399a1e90202c7588,0.0,0.894,0.106,0.3612,2025-05-13
2025-05-12 17:32:00,"Nvidia, AMD help the chip sector to its highest close since February",MarketWatch,https://finnhub.io/api/news?id=656939dfd51eb53e3ff7034c7db47e1580fdb3b8f8f7b8bacbf0bbfb8c9c3e17,0.0,0.803,0.197,0.6597,2025-05-13
2025-05-12 16:49:25,"Why Nvidia, Broadcom, and Other Semiconductor and AI Stocks Rallied Monday Morning",Yahoo,https://finnhub.io/api/news?id=144854606fd83c28622869f5ca3fe0d2d9dcb64fa46b77a51de50f7744732499,0.0,0.791,0.209,0.7003,2025-05-13
2025-05-12 14:11:08,AMD Advanced Micro Devices : Earnings Webcast Q1 2025,Finnhub,https://finnhub.io/api/news?id=61b2df1508afd96f2c4932b967a35102b6eaa0cb267a1f8b469cbbfc7bcb6020,0.0,0.818,0.182,0.7783,2025-05-12
2025-05-12 13:43:00,"Zacks Industry Outlook Highlights IBM, Advanced Micro Devices, Micron and IonQ",Yahoo,https://finnhub.io/api/news?id=e956da3de667b95eccdbf99523044e7990aae3bac59a8bf0308512f97a019b27,0.0,0.857,0.143,0.4588,2025-05-12
2025-05-12 12:47:23,indie Semiconductor Could Rebound Soon,SeekingAlpha,https://finnhub.io/api/news?id=61c671c7a89353661f177ab4e2bf5e1bfbd9cbacc2ed2aa7946137045a60fd03,0.0,1.0,0.0,0.0,2025-05-12
2025-05-12 11:37:27,AI Chips Update - Revolutionizing Game Development with AI-Powered Visual Tools,Yahoo,https://finnhub.io/api/news?id=69bc143de42bf433d302cce28a434986cc36d8df03aa149668a54cebbddeb1f6,0.0,0.791,0.209,0.9382,2025-05-12
2025-05-12 11:18:00,20 stocks of companies showing excellent earnings-season trends even as the economy cools,MarketWatch,https://finnhub.io/api/news?id=2b9b748253f3fa06d5c9d5489e045eec892750ef2b43160eec9dc5c9f7e8d794,0.0,0.764,0.236,0.8126,2025-05-12
2025-05-12 11:12:37,AMD Is Quietly Catching Nvidia - Wall Street Just Doesn't See It Yet,SeekingAlpha,https://finnhub.io/api/news?id=e3dfab89247473f952acbb42c87aa790d04f8dcc14c7b1800ca9378c91bc0ff4,0.062,0.746,0.192,0.7506,2025-05-12
2025-05-12 11:03:42,Shares of chip stocks are higher after the US and China agreed to a temporary reduction in most tariffs on each other's goods. A reduction in tariffs could alleviate some supply chain concerns and improve macro sentiment as well as demand visibility.,Benzinga,https://finnhub.io/api/news?id=fcbde7f3ad2c670c2f36d26efb13d5a6d0d8f120979217cd7e972a7b31ef8b75,0.031,0.774,0.195,0.7783,2025-05-12
2025-05-12 10:00:00,"Large cryptocurrencies climb on XRP, Tronix increases",MarketWatch,https://finnhub.io/api/news?id=324baa13e21d29effd7cbdddd51b298ebedf4138862bb3636e42792a3a689c01,0.0,1.0,0.0,0.0,2025-05-12
2025-05-12 09:49:00,"Semiconductor, Chip Stocks Rally on U.S.-China Trade Deal -- Update",MarketWatch,https://finnhub.io/api/news?id=baf1d4e5a4272e2cf313f2d4c06b50b59aa6b96652aae4639823c2ced5629105,0.0,1.0,0.0,0.0,2025-05-12
2025-05-12 09:37:39,AMD: Strong Upside Potential If U.S.-China Trade Talks Turn Constructive,SeekingAlpha,https://finnhub.io/api/news?id=53bd232adfe41c5f5b79bd39c3fba7cce4660afe6e70196d1d83c2f651631a13,0.0,0.807,0.193,0.8225,2025-05-12
2025-05-12 09:21:00,Chip Stocks Rally on U.S.-China Trade Deal,MarketWatch,https://finnhub.io/api/news?id=c1debeefab1c59188cc4b9bc0f28fd6f6428f159d159e237a04d5ce9ae47f8b0,0.0,1.0,0.0,0.0,2025-05-12
2025-05-12 04:42:50,3 S&P 500 Stocks to Research Further,Yahoo,https://finnhub.io/api/news?id=37c52591aaa3da8aa7ccbe2d0768815da2d8ef80a852fcc694d53b0cd7cce62e,0.0,0.714,0.286,0.9274,2025-05-12
2025-05-11 16:21:00,Prediction: This Artificial Intelligence (AI) Semiconductor Stock Will Soar After May 28,Yahoo,https://finnhub.io/api/news?id=3c76217b10de12329e92c7ea833c813288514e531155b4e4d972becda5aaee36,0.0,0.945,0.055,0.2617,2025-05-12
2025-05-11 11:00:00,Is It Time to Turn Bullish on AMD Stock?,Yahoo,https://finnhub.io/api/news?id=5173251eeeed9b75843de9f94cf2bca6c3819c7ac3b7c4d52ae3f4673843ef2e,0.0,0.845,0.155,0.7514,2025-05-12
2025-05-11 09:14:00,Prediction: AMD Could Surge by 111% in the Next 2 Years,Yahoo,https://finnhub.io/api/news?id=e32a14390ee1301ff81540ba7c6c425342f246f295065e17e44541c4344bc328,0.0,0.807,0.193,0.8979,2025-05-12
2025-05-11 08:37:51,AMD: Potential To Double Its Valuation,SeekingAlpha,https://finnhub.io/api/news?id=bc1d4326b2be5479e44d2a05c9fcd072779812ecbe2b25e6d432e1c81a5fc394,0.038,0.734,0.228,0.8176,2025-05-12
2025-05-11 08:30:53,Street Calls of the Week,Yahoo,https://finnhub.io/api/news?id=01c41807af06319cb3033992468a1c75caea366286434042e7d36d4493cb9841,0.0,0.927,0.073,0.2023,2025-05-12
2025-05-11 08:10:00,2 Beaten-Down AI Stocks to Buy in May,Yahoo,https://finnhub.io/api/news?id=7863d38dbfcd11db9c64a0c6042ab2ce89bb54df5fe569c6fcd875aa74943857,0.021,0.926,0.053,0.296,2025-05-12
2025-05-10 18:49:00,"Cathie Wood Just Cut Her Position in an AI Stock That's Climbed 1,000% and Piled Into Shares of 2 Other AI Giants",Yahoo,https://finnhub.io/api/news?id=d3b0da0b22b6191ed2a8c346a8e6cf959cafe5ec0940f7c7f2e64d34a1bdabea,0.04,0.765,0.195,0.9136,2025-05-12
2025-05-10 13:45:00,Cathie Wood Goes Bargain Hunting. 1 Dirt Cheap Artificial Intelligence (AI) Chip Stock She Just Bought (Hint: It's Not Nvidia),Yahoo,https://finnhub.io/api/news?id=f25e776906078b40b6c21fb915d37253545f62eeb85baed38c2e3fd2381b5514,0.057,0.827,0.116,0.3612,2025-05-12
2025-05-10 11:21:00,AMD: Is It Time to Buy the Stock Before Its AI Growth Explodes?,Yahoo,https://finnhub.io/api/news?id=7951bde24302e1a6d856626428f71bfdbe5289d4997441032bc8b7ec1a1a430b,0.0,0.786,0.214,0.9578,2025-05-12
2025-05-10 08:59:00,3 Top Artificial Intelligence (AI) Stocks Ready for a Bull Run,Yahoo,https://finnhub.io/api/news?id=d3340d705c1dd8613356b01a4ae05ce6785ec6ab955b141d03fc5bffbae58dc2,0.0,0.571,0.429,0.91,2025-05-12
2025-05-10 08:30:00,30 AI stocks that could surge up to 73% — and are loved by a bullish tech analyst,MarketWatch,https://finnhub.io/api/news?id=d3b045daf208ae45c5e03ff89465e64d81e7aef1125bcb88e36d490b59d68c8a,0.0,0.813,0.187,0.8316,2025-05-12
2025-05-09 15:53:08,AMD Q1: You Still Have Time To Buy Before The Sentiment Shift,SeekingAlpha,https://finnhub.io/api/news?id=991aafbcee9a04d93c2b0668b469695eb3a8fe9e733f83a52d03c6d102dc6305,0.0,0.802,0.198,0.7506,2025-05-09
2025-05-09 14:49:01,AMD: Catalysts Align Ahead Of A 2025 Inflection Point,SeekingAlpha,https://finnhub.io/api/news?id=dbd7cb8e056f7c993f3361fdd138ee56570fc981c3fa4465241ec922651d00f4,0.0,0.802,0.198,0.7845,2025-05-09
2025-05-09 14:31:23,Trump Trade: President expected to announced trade deal with U.K.,Yahoo,https://finnhub.io/api/news?id=4552f46411975d512c0c3da503f1a3b3957b4128f66eecbbdd1fede4d39b3234,0.0,0.814,0.186,0.9493,2025-05-09
2025-05-09 14:15:00,3 Reasons to Buy AMD Stock Like There's No Tomorrow,Yahoo,https://finnhub.io/api/news?id=daba5d9c2f174f9a5dd649dfb8e457b6cd06c65857258ba553f2bdb9f7f5a8a0,0.068,0.853,0.079,-0.2264,2025-05-09
2025-05-09 13:20:42,"Advanced Micro Devices, Inc. (AMD) – Upgraded on Multi-Billion Growth Opportunities",Yahoo,https://finnhub.io/api/news?id=4dfa42f38ca34b46acdd306ffdc48ca9c5ee029560ba8fa406a0a27443ad8ccf,0.0,0.873,0.127,0.802,2025-05-09
2025-05-09 13:02:00,4 Stocks to Watch From a Challenging Technology Solutions Industry,Yahoo,https://finnhub.io/api/news?id=19fa037a5df7f7530544bd1a9cf87cc8ff6dd933d88acdc0771a0720cf1d3b04,0.103,0.653,0.245,0.6249,2025-05-09
2025-05-09 12:24:53,Was Jim Cramer Right About Advanced Micro Devices (AMD)?,Yahoo,https://finnhub.io/api/news?id=5a7e8dd230f3afe436253dc9e1812a6c605a5e9f3d76fba78691c1af2d03509e,0.09,0.856,0.054,-0.5563,2025-05-09
2025-05-09 11:49:00,Palantir and 29 Other Stocks for the Next Phase of the AI Trade,Yahoo,https://finnhub.io/api/news?id=344c162c9e02cc07c07e0bed61395d8d729aac3cd0522d70f7b04074d8bf5b74,0.0,0.948,0.052,0.4767,2025-05-09
2025-05-09 11:37:34,This Week In AI Chips - AI Meets Blockchain: Revolutionizing On-Chain Gaming,Yahoo,https://finnhub.io/api/news?id=587696f00af1de62d78d0a73c7ec97a5aebe237807759e1f1dfd08f0868be69f,0.0,0.934,0.066,0.5423,2025-05-09
2025-05-09 10:03:00,TSMC Stock Rises as Sales Surge. What It Means for the AI Trade.,MarketWatch,https://finnhub.io/api/news?id=b7277609ff99577cfa68d497ad6795e80400be5323af585c70f26eadc03149eb,0.0,1.0,0.0,0.0,2025-05-09
2025-05-09 10:00:00,Ethereum leads way as large cryptocurrencies post gains,MarketWatch,https://finnhub.io/api/news?id=36764711d7cfd4201001fbdf4abd7226c541adf3f1a03d17fa3aa8e404260f8d,0.0,0.745,0.255,0.5859,2025-05-09
2025-05-09 09:05:57,AMD: The Wake-Up Call Is Coming,SeekingAlpha,https://finnhub.io/api/news?id=e018be7fff6a90c1bf3d76a8f798cc95a982c9a04f089fc4f3b5b575046e6668,0.0,0.758,0.242,0.8225,2025-05-09
2025-05-09 08:35:00,2 No-Brainer Artificial Intelligence (AI) Stocks to Buy Right Now,Yahoo,https://finnhub.io/api/news?id=1223953e1bc803fb7ff8b41a7c8625b28ea4ffe799e721784b2455facc4a1bc4,0.022,0.815,0.163,0.8655,2025-05-09
2025-05-09 07:31:00,"Advanced Micro Devices, Inc. (AMD): Among Billionaire Bruce Kovner’s Stock Picks with Huge Upside Potential",Yahoo,https://finnhub.io/api/news?id=a37b65242aebfe0426ad762b1cca85b14ccf13d3f099788ec13390eddfd93acc,0.0,0.862,0.138,0.836,2025-05-09
2025-05-09 05:29:00,"AMD: Q1 Performance Tests My Bear Thesis, But Risks Persist, Upgrade",SeekingAlpha,https://finnhub.io/api/news?id=9d283d3c97ab55fa83b0634f3b00660d20810f9e65ef91c84201132fdaa32b60,0.147,0.735,0.118,-0.3067,2025-05-09
2025-05-09 04:38:48,1 of Wall Street’s Favorite Stock to Target This Week and 2 to Question,Yahoo,https://finnhub.io/api/news?id=2db55ec7769a876c7b54a95f0ea5b2958caac8ac866bdde83a981b166a4d2190,0.075,0.713,0.212,0.8176,2025-05-09
2025-05-09 00:15:00,AMD vs. Nvidia: Which Artificial Intelligence Stock Should You Buy on the Dip?,Yahoo,https://finnhub.io/api/news?id=3ec840bb15243ca4ef7cd84a6a374c2c23724558448e34165d95780616c4d9dd,0.0,0.699,0.301,0.9689,2025-05-09
2025-05-08 20:16:14,Tracking Cathie Wood's ARK Invest 13F Portfolio - Q1 2025 Update,SeekingAlpha,https://finnhub.io/api/news?id=c9c02232461994cc8e615e222329fa9f169204b87bad926bc80ed2631390a3bc,0.0,0.829,0.171,0.6124,2025-05-09
2025-05-08 20:09:34,Nvidia Stock Wobbles On Uncertainty Over Trump AI Chip Policy,Yahoo,https://finnhub.io/api/news?id=681c0cad5eb006bf88be89cbe12896a70a6b7b9f599feecf121e8c62edd44a49,0.146,0.854,0.0,-0.5859,2025-05-09
2025-05-08 19:33:43,"Amazon Acquires $84.4 Million Stake In AMD Amid AI Chip Expansion, Export Controls",Yahoo,https://finnhub.io/api/news?id=2864e1c10b6d2c10f765ebd1a2104b6d4ed41c8f01b65b50e4c92dfa854d91de,0.0,0.811,0.189,0.7906,2025-05-09
2025-05-08 19:32:00,Nvidia and 29 Other Stocks to Play AI,Yahoo,https://finnhub.io/api/news?id=30ebd25c7179102395237effce6fc856d4e89660a26dd1f446cc3214ed3939c0,0.0,0.901,0.099,0.6705,2025-05-09
2025-05-08 18:04:01,"Chipmakers like Nvidia, AMD get a gift from Washington",Yahoo,https://finnhub.io/api/news?id=90ca0987173cb3acf1c21224f1120f52517144e48c911f4e94f13d50d785cbc2,0.0,0.722,0.278,0.7964,2025-05-09
2025-05-08 17:33:59,Advanced Micro Devices (NasdaqGS:AMD) Completes Share Buyback Worth US$4 Billion,Yahoo,https://finnhub.io/api/news?id=583626b3f34930216442a3cdd26e998b59af9938307067d27251f648cdeb41a6,0.0,0.657,0.343,0.9834,2025-05-09
2025-05-08 16:49:55,"Trump Talks Tariffs, Tech Stocks Gain As QQQ Leads The Charge",Benzinga,https://finnhub.io/api/news?id=416ffeb9d2d44f9f7b19038b3948b0b2f8c63fcb9dad99f6d585809e44be8fb1,0.0,0.792,0.208,0.7845,2025-05-09
2025-05-08 15:23:34,US needs 'unified approach' on AI companies competing with China,Yahoo,https://finnhub.io/api/news?id=5478599ca41186634ac79485cb25140ba4ddb7babfd414ee1bcf53f07275e76f,0.01,0.89,0.1,0.9201,2025-05-08
2025-05-08 15:00:00,"Tech opportunities, Trump trade talks, Fed hold: Strategy session",Yahoo,https://finnhub.io/api/news?id=31bbdfaeb5e5d2f6a3229ebe680eb633752c5b9cbc7608d0e5e1dc9e6663b272,0.0,0.91,0.09,0.9081,2025-05-08
2025-05-08 14:59:00,Nvidia Stock Wavers as Trump Plans to Scrap Biden’s Chip-Export Rules,Yahoo,https://finnhub.io/api/news?id=85340c557eea602be16d5a54483f0e38543a5f88c39d8e5cdf31814d1a10bca2,0.0,1.0,0.0,0.0,2025-05-08
2025-05-08 14:12:00,"Nvidia, AMD Stocks Rise as Trump Plans to Scrap Biden’s Chip-Export Rules",Yahoo,https://finnhub.io/api/news?id=52bfe5ef5d06a50a300c2aef34f0f873f7f2206ed6d0087ff0d24214434d8859,0.0,1.0,0.0,0.0,2025-05-08
2025-05-08 13:18:37,"US-UK trade talks, Fed seeks clarity, AI chip curbs: 3 Things",Yahoo,https://finnhub.io/api/news?id=2f880d02699a1f31b10a9a7bd2578a947475633b9582b3803f794aa5983e8ff4,0.01,0.867,0.123,0.936,2025-05-08
2025-05-08 13:16:25,"China Is Baked In, Time To Pick Up AMD And Nvidia Stock",SeekingAlpha,https://finnhub.io/api/news?id=6a6609d2f555391bb3dba067e08570a7cac6fb9f479fc9d65e99a962cd7aea73,0.0,0.748,0.252,0.8442,2025-05-08
2025-05-08 13:10:00,"Sam Altman, Tech Execs Push Congress for Backing in AI Race Against China",MarketWatch,https://finnhub.io/api/news?id=00fd799677d9a378ceae9f0ce43323726241334fc39b8181f74c7e24bc5e3f5b,0.0,0.916,0.084,0.0516,2025-05-08
2025-05-08 12:12:40,Nvidia stock in focus amid report Trump administration plans to repeal Biden’s AI chip curbs,Yahoo,https://finnhub.io/api/news?id=2233a666b22c9384f5cde004465b9b3b170be531dfeac6f42732f0c2ba69c416,0.0,1.0,0.0,0.0,2025-05-08
2025-05-08 12:00:53,Nvidia and AMD Rally as Trump Targets AI Export Curbs Rollback,Yahoo,https://finnhub.io/api/news?id=bd75f93e1480061ca472c3e0e3a9c11ebb6b3c378155764570135dc4fa63a834,0.086,0.82,0.094,0.0516,2025-05-08
2025-05-08 11:57:31,"Cathie Wood's ARK Invest Loads Up on Nvidia, AMD as U.S. Eases Chip Rules",Yahoo,https://finnhub.io/api/news?id=0b6264d52d0ce5740f055406bac96dfa1f9cf262c679a6ee253317fa68315437,0.0,0.821,0.179,0.6124,2025-05-08
2025-05-08 11:33:17,"President Trump Says Going To Have Large Share Of Chipmaking Market; Think 10% Baseline Is Set; 10% Baseline Is Not A Template For Future Deals; 10% Is A Low Number, Others Will Be Higher; Template Of 10% Is Probably The Lowest End; Won't Do A Similar Deal With Cars",Benzinga,https://finnhub.io/api/news?id=95d51d7807fe66d9b46bbd03394ea71adb715f0f67b61310e3409d18517800bf,0.087,0.849,0.065,-0.296,2025-05-08
2025-05-08 10:48:00,Chips Stocks Rise as U.S. Plans to Overhaul Curbs on AI Chip Exports,MarketWatch,https://finnhub.io/api/news?id=dfac2ade873ea0d1fb8c43322b0cca4e87256e7d7e744abfcbf4ac3383e94afe,0.0,1.0,0.0,0.0,2025-05-08
2025-05-08 10:35:00,Intel Slashes Arrow Lake Prices Amid Tough Competition From AMD,Yahoo,https://finnhub.io/api/news?id=1c2b965aecc6dacf65738d089eb50301cc69a05cce862e5dfa0fcf8aee2f2fa5,0.115,0.819,0.066,-0.2732,2025-05-08
2025-05-08 10:04:56,US AI execs give Congress policy wishlist for beating China,Yahoo,https://finnhub.io/api/news?id=d1c1a39b6dbf11a7eafe2810a5d0ad0090de376a4b88551d8bec9e43a1003b8a,0.061,0.846,0.094,0.4588,2025-05-08
2025-05-08 10:00:00,"Large cryptocurrencies climb on Sui, Ethereum increases",MarketWatch,https://finnhub.io/api/news?id=070f7bbe5213a97d517f00d3e120317d62407a29aa807078c5e5f5396e6d6df5,0.0,1.0,0.0,0.0,2025-05-08
2025-05-08 09:46:53,Arm shares slump as weak forecasts fuel investor worries,Yahoo,https://finnhub.io/api/news?id=b890083eb7007286ad47af130b72d4a66bc808b2768806b5159d11349409789d,0.177,0.763,0.06,-0.8442,2025-05-08
2025-05-08 05:45:00,Powering AMD's Growth In 2025: Key Technology Drivers Behind Its AI And Data Center Surge,SeekingAlpha,https://finnhub.io/api/news?id=901e1508f081a79082e68478365a5f51124eae2b2ad808955532386f34dfcdcd,0.0,0.862,0.138,0.6486,2025-05-08
2025-05-08 01:11:32,Trump To Revise AI Chip Curbs. What Does That Mean For Nvidia And AMD?,Yahoo,https://finnhub.io/api/news?id=9fe5bc07bded4e90645e178e7d147e9a7a6fc0a95dd121d154134a891256bb35,0.067,0.933,0.0,-0.3612,2025-05-08
2025-05-07 22:18:36,"Cathie Wood Strengthens AI Chip Holdings With Nvidia And AMD Purchases, Reduces Palantir Position By Another $38.8 Million",Benzinga,https://finnhub.io/api/news?id=3d49684cec6f0fde4bfc652d604658810a9df2f58850213678879d8929055a1f,0.0,0.877,0.123,0.6369,2025-05-08
2025-05-07 22:15:42,Nvidia stock rises on report Trump administration plans to repeal Biden’s AI chip curbs,Yahoo,https://finnhub.io/api/news?id=0e5f6106232493113d6f0e43022a6a9011390364e148a95e57a85f3e59e5b882,0.0,1.0,0.0,0.0,2025-05-08
2025-05-07 20:43:00,"These Stocks Moved the Most Today: Alphabet, Nvidia, Super Micro, Marvell, Disney, Uber, Arista, Sarepta, Charles River, and More",Yahoo,https://finnhub.io/api/news?id=b698ef3486280ec126208b5586c448a2a47af34e880ac9e3f9cbf54a8301b69c,0.07,0.776,0.154,0.765,2025-05-08
2025-05-07 20:30:00,AMD to Host Annual Meeting of Stockholders,Yahoo,https://finnhub.io/api/news?id=b77ce50d457c567bda4962360d1d3820a47f3f9af66b814ff80746c4b251dbc6,0.0,0.961,0.039,0.3182,2025-05-08
2025-05-07 20:25:54,What AMD's Earnings Could Mean for Nvidia,Yahoo,https://finnhub.io/api/news?id=55c2c71c143ac1376c2cf7d8aa4f3de2c38211c4170dbc5d66ada3708ed553a9,0.052,0.898,0.05,-0.0258,2025-05-08
2025-05-07 20:11:00,Nvidia Stock Leaps on Report Trump Will Relax AI Chip Export Curbs,Yahoo,https://finnhub.io/api/news?id=24b40dce8fdb13eccb26bec7e6b61169a47c22f95d0d80a90d919dd58171acf9,0.0,0.732,0.268,0.8316,2025-05-08
2025-05-07 19:58:05,Sector Update: Tech Stocks Mixed Late Afternoon,Yahoo,https://finnhub.io/api/news?id=47422e6279ab84dd8aecf5f1a889ea5b7145bb0909af454c37934a0f44ee2cc5,0.0,1.0,0.0,0.0,2025-05-08
2025-05-07 19:17:54,Tracking Baillie Gifford's 13F Portfolio - Q1 2025 Update,SeekingAlpha,https://finnhub.io/api/news?id=a4009848ec2b5e133fbd9d76888708382f8b69a348fb0f9fa3943232ef64e5de,0.0,0.793,0.207,0.6124,2025-05-08
2025-05-07 19:11:00,Marjorie Taylor Greene Goes Stock Shopping Again: Here Are 50+ Stocks The Congresswoman Bought,Benzinga,https://finnhub.io/api/news?id=5cca64ec11aaba04b945d06e8fed345e4625528cac1f063d305299542a1c321b,0.0,1.0,0.0,0.0,2025-05-08
2025-05-07 18:49:57,"AMD's Business Tracking Better Than Expected due to Strength in Traditional Markets, Wedbush Says",Yahoo,https://finnhub.io/api/news?id=932c5004d4e35e32b3a34a362d3a9fa2ea01fc15da7f2e9cd24b6a46ab4bc9b8,0.0,0.74,0.26,0.7964,2025-05-08
2025-05-07 18:38:03,AMD’s Price Target Slashed by Bank Amid Multiple Concerns,Yahoo,https://finnhub.io/api/news?id=de3be1fb725f7cd3e03a1c7518db1237e23290cc85cb60dccf6d72e52f6e3147,0.238,0.69,0.072,-0.9231,2025-05-08
2025-05-07 18:24:56,Nvidia Climbs as AMD's CEO Declares AI Boom 'Unstoppable,Yahoo,https://finnhub.io/api/news?id=ea80c01a537b95d8d479f41810a7bd1a0eae9ab9a8a5b294cd35c123dd51cc7a,0.208,0.792,0.0,-0.4939,2025-05-08
2025-05-07 17:41:36,Advanced Micro Devices (NasdaqGS:AMD) Reports Strong Q1 Earnings With US$7.4 Billion Sales,Yahoo,https://finnhub.io/api/news?id=d0d5c048ed2b1e0308eaa2b25513632aed89c90286502728b0e2684e35b8ad87,0.015,0.713,0.272,0.9705,2025-05-08
2025-05-07 17:25:00,"Wall Street Lunch: Fed Holds Rates, In No Hurry To Cut",SeekingAlpha,https://finnhub.io/api/news?id=eadb27b2acfd831279857b041f641992154c16d20eecc421c6bd1455da85bf3c,0.268,0.684,0.049,-0.8807,2025-05-08
2025-05-07 17:07:59,"Advanced Micro Devices 'Remarkably' Guides Q2 Revenue Above Street Despite Export Headwinds, Morgan Stanley Says",Yahoo,https://finnhub.io/api/news?id=1031eef134e64fb8cec88001da6cfa2717c45f2c39eef419db7c29fc2e472fd9,0.079,0.794,0.127,0.128,2025-05-08
2025-05-07 16:40:25,Amazon $84 Million Bet on AMD Signals AI Showdown with Nvidia,Yahoo,https://finnhub.io/api/news?id=187d086e9d036500c71a2d92477f4a67108e70382bba25aed57b56bd36aca6f4,0.0,0.766,0.234,0.6705,2025-05-08
2025-05-07 16:32:27,AMD expects $1.5B revenue hit over US curbs on China chip exports,Yahoo,https://finnhub.io/api/news?id=e8fa5d4f7e39f5a0d57ac57622f244ac6365ae48b82fe06ad289d0a312e63dd9,0.02,0.902,0.078,0.7906,2025-05-08
2025-05-07 16:19:00,"AMD Q1 Earnings Top Estimates, Revenues Up Y/Y, Shares Rise",Yahoo,https://finnhub.io/api/news?id=fe193c03aae86db6be2e6cd736bb9c447f5635934f7dd3dfa5a580b0fb55c096,0.075,0.699,0.226,0.5574,2025-05-08
2025-05-07 16:13:13,"Arm shares drop 11% as chip provider forecasts lower sales, declines to give full-year guidance",Finnhub,https://finnhub.io/api/news?id=19c8c8100a787211f0d114f259bc737f528fb455ef092d2044aee5b457a3efe8,0.083,0.832,0.085,0.0258,2025-05-08
2025-05-07 15:58:47,Why AMD Stock Skyrocketed Wednesday Morning Before Losing Ground,Yahoo,https://finnhub.io/api/news?id=8f80309318f191624311f20b259037fa24ee0b2ea328d7e6a25f9717da90ce6b,0.063,0.877,0.06,-0.0258,2025-05-07
2025-05-07 15:48:30,Shares of chip stocks are trading higher following a report indicating President Trump will rescind global chip curbs.,Benzinga,https://finnhub.io/api/news?id=68321bb8db864272a5527135034dea57aeda3f247b01d3a1ccc6f891bf1e6501,0.0,0.885,0.115,0.296,2025-05-07
2025-05-07 15:48:14,'Trump To Rescind Global Chip Curbs Amid AI Restrictions Debate' - Bloomberg News,Benzinga,https://finnhub.io/api/news?id=25fb55c81a833d731ef7e455efd5636ae8c5325e69ed9df9f4fa2e094852c2f9,0.0,1.0,0.0,0.0,2025-05-07
2025-05-07 15:26:49,Top Midday Stories: Treasury Secretary Bessent to Meet with Chinese Officials; AMD Shares Rise After Q1 Beat,Yahoo,https://finnhub.io/api/news?id=e6dc87557c9d7ebe2a68be2819c192557728bd5c5a1123d28b944a4bd1a9cd68,0.0,0.833,0.167,0.5859,2025-05-07
2025-05-07 15:11:27,Super Micro Computer Q3 Earnings Review: Uninvestable Might Be An Understatement,SeekingAlpha,https://finnhub.io/api/news?id=5b01237f5e2495eca24c5f0ce971e9acf32d3dceed26600c996e74f21ffc02e7,0.049,0.678,0.273,0.8625,2025-05-07
2025-05-07 15:06:52,"AMD's Higher Q1 Results, Strong Q2 Outlook Mitigate Concerns on China AI Restriction, Nvidia GPU Competition, BofA Says",Yahoo,https://finnhub.io/api/news?id=ebba1a6d4ebd355df015d29eae35ab4d9aa3015259c795cefa669be37b5abf13,0.056,0.716,0.228,0.7579,2025-05-07
2025-05-07 11:39:04,Stock Market Today: Dow Jones Fades As Fed Leaves Rates Unchanged And Trump Says This; Cathie Wood Sells Palantir Stock (Live Coverage),DowJones,https://finnhub.io/api/news?id=a9562e9881b363f6fb93ee1eb80d6ca9693aeea251d5ba91818dd850ae7133f1,0.0,1.0,0.0,0.0,2025-05-07
2025-05-07 14:59:10,"AMD Withstands China Curbs, Eyes AI Comeback",Yahoo,https://finnhub.io/api/news?id=f7cb7faf958df495286bb1f4b3d9ef4d967ba53270fab678ba9886c86f2ede4e,0.0,1.0,0.0,0.0,2025-05-07
2025-05-07 13:32:14,AMD : Raised to Buy by DZ Bank,Finnhub,https://finnhub.io/api/news?id=5b6fec0f94b87a8b2207a7c152af27f49d1118c7635e354d57856dab9f811a0d,0.0,1.0,0.0,0.0,2025-05-07
2025-05-07 12:49:39,"Wall Street Mixed Ahead Of Fed Meeting, Alphabet Sinks: What's Driving Markets Wednesday?",Benzinga,https://finnhub.io/api/news?id=dc7e91e6991400faed6b471c0a6fb491ddcf0e521fa81ae76b0abc4877da2d16,0.032,0.968,0.0,-0.1027,2025-05-07
2025-05-07 10:09:00,Nvidia Stock Slips. AMD and Super Micro Talked About AI Chip Demand.,MarketWatch,https://finnhub.io/api/news?id=5c07051703306d1b3c4c868c83a798919d8d6d324d8c39e96ecfa49a6654773a,0.097,0.649,0.253,0.7783,2025-05-07
2025-05-07 10:00:00,"Most big cryptocurrencies rise on Sui, Ethereum increases",MarketWatch,https://finnhub.io/api/news?id=f6fe156727e67bd0dcc72b477611df3987cbcbd3944fbe7853ac33a0d81a98fe,0.0,1.0,0.0,0.0,2025-05-07
2025-05-07 09:04:38,"Trending tickers: AMD, Novo Nordisk, Rivian, Super Micro and Trainline",Yahoo,https://finnhub.io/api/news?id=9f12560a7dc9f300b5cc0c8d5e12373cef4229650edd4f8cb5f047f2bf1af46a,0.0,0.837,0.163,0.5994,2025-05-07
2025-05-06 19:50:24,Dow Jones Futures Rise On U.S.-China Trade Talks After Palantir Dives; Fed's Powell Due,DowJones,https://finnhub.io/api/news?id=70f4173a6f6b376540cbfd44faa00527b11e78b796bcef2bfa29b79edefbfadd,0.0,1.0,0.0,0.0,2025-05-07
2025-05-07 07:22:43,Advanced Micro Devices Inc (AMD) Q1 2025 Earnings Call Highlights: Strong Revenue Growth Amid ...,Yahoo,https://finnhub.io/api/news?id=f73dc8bb560194b9a9682fd6d9e2a56463bdc50c8b6cc0891f555083265ed839,0.0,0.717,0.283,0.891,2025-05-07
2025-05-07 06:58:49,"AMD results well-received, but stock must break meaningfully out from downtrend says Fundstrat's Newton",MarketWatch,https://finnhub.io/api/news?id=6eac1bb3f517b6d58300be00057131996e7c756ea8f93c029412f4512b46d742,0.0,1.0,0.0,0.0,2025-05-07
2025-05-07 06:16:39,"US Stocks Likely To Open Higher Ahead Of Fed's Verdict On Interest Rates: 'A Short Bout Of Stagflation Is Likely,' Says Expert",Benzinga,https://finnhub.io/api/news?id=ce9730d47e0afbe804068f79649af194ba00cd3199fbcbc0c97b1cc525267ada,0.0,0.901,0.099,0.5574,2025-05-07
2025-05-07 05:49:18,Super Micro shares fall after earnings and other early market movers,MarketWatch,https://finnhub.io/api/news?id=02a8fc6370a0ac40a26cead8c415859742faff252683bac5be53006a2d8ee9fd,0.0,0.596,0.404,0.9042,2025-05-07
2025-05-07 04:20:16,AMD: Q1 EPS up 55%,Finnhub,https://finnhub.io/api/news?id=448fbdb89a4bb6f690839643a65158c43b8fdb9d58b61fc01ddff7c6334fe2b0,0.073,0.867,0.061,-0.128,2025-05-07
2025-05-07 03:28:22,"Walt Disney, Uber Technologies And 3 Stocks To Watch Heading Into Wednesday",Benzinga,https://finnhub.io/api/news?id=4ed82686872265dcc89370675757a70d0ab0b92be046f482fbd330eec098d9f9,0.0,1.0,0.0,0.0,2025-05-07
2025-05-07 02:33:10,Watch These AMD Stock Price Levels as Chipmaker's Data Center Sales Drive Earnings Beat,Yahoo,https://finnhub.io/api/news?id=d2655fbbdb82ed5898de2dabd11c991a7313a9acab6057d6295059acf69c5723,0.0,0.808,0.192,0.8402,2025-05-07
2025-05-07 01:22:26,Nvidia Investors Just Got Incredible News From AMD CEO Lisa Su,Yahoo,https://finnhub.io/api/news?id=c4a02217ed021d09f98d9184d0ea041040ed1f33259629f86d528cb02ad5094c,0.072,0.848,0.08,0.0772,2025-05-07
2025-05-06 22:58:51,AMD Delivers Beat-And-Raise Q1 Report. Stock Wavers.,Yahoo,https://finnhub.io/api/news?id=b88e4ccf2a8a55d320d6137ad2fe121562715dd1d7b733f932e3f5026f6f77dc,0.0,0.929,0.071,0.25,2025-05-07
2025-05-06 22:51:31,AMD’s Bullish Sales Outlook Tempered by China Concerns,Yahoo,https://finnhub.io/api/news?id=f4fe6ba4489bb828df21703a8c0b762bc4ec7293fc32de636091b9132c4307da,0.119,0.802,0.078,-0.4588,2025-05-07
2025-05-06 22:37:17,Nvidia CEO Jensen Huang says dropping chip restrictions would bring jobs to the US,Yahoo,https://finnhub.io/api/news?id=07c2332bb8973a9503075c79127e7d70ee04ac47a94cba8d42001f5a79a2834b,0.084,0.916,0.0,-0.296,2025-05-07
2025-05-06 22:13:59,"Nvidia CEO Jensen Huang on AI: Every job will be affected, some will be lost",Yahoo,https://finnhub.io/api/news?id=05e45828358f057ba5fb9e8f501f27bc6fa09ca68d67e56517ad922e5d3790f3,0.109,0.891,0.0,-0.4404,2025-05-07
2025-05-06 22:07:22,AMD: Resilience In The Face Of Macro And Regulatory Adversity,SeekingAlpha,https://finnhub.io/api/news?id=085f4d4c0e1bed9d2c3d5da3a6e92d6b0a75250d30d7b071a0ba53dc68b88734,0.068,0.852,0.08,0.128,2025-05-07
2025-05-06 22:00:09,Advanced Micro (AMD) Q1 Earnings: Taking a Look at Key Metrics Versus Estimates,Yahoo,https://finnhub.io/api/news?id=fc5b62fab0ba99b3a2bc25db7a93aca2648dde88c97f9d648e0ba2b1d9ea6837,0.0,0.891,0.109,0.6249,2025-05-07
2025-05-06 21:30:04,Advanced Micro Devices (AMD) Beats Q1 Earnings and Revenue Estimates,Yahoo,https://finnhub.io/api/news?id=ed969ebef13d91531795fdfa1a446bfe4d7c8246a54133a8b3d2a31f4f12647b,0.059,0.764,0.176,0.5423,2025-05-07
2025-05-06 21:19:29,"Advanced Micro Devices, Inc. (AMD) Q1 2025 Earnings Call Transcript",SeekingAlpha,https://finnhub.io/api/news?id=081ae6088874c6ada86ee921fa78aabbe7f9adf59e271472b688eeb39ee54656,0.0,0.882,0.118,0.4588,2025-05-07
2025-05-06 21:16:14,AMD earnings & outlook: Breaking down the numbers,Yahoo,https://finnhub.io/api/news?id=29e803dd42e1b6673fa65017f817344da873708831ffb1abe879e71d07165004,0.0,0.912,0.088,0.7269,2025-05-07
2025-05-06 21:10:00,Advanced Micro Devices Guides for Higher Quarterly Revenue,Yahoo,https://finnhub.io/api/news?id=2c4e32fb059321e490fc01f985988ced73a1dded08dce19d6c6d4b66a301f6a3,0.0,0.764,0.236,0.7269,2025-05-07
2025-05-06 20:57:05,"AMD Posts Strong Earnings and Outlook, Driven by 'AI Momentum'",Yahoo,https://finnhub.io/api/news?id=d39fa5a9f31b5725d46c4d577ab7340abef4e8fd16b700df0b765a06fcc30f97,0.0,0.831,0.169,0.6486,2025-05-07
2025-05-06 20:31:25,Bank of America Urges Caution on AMD Earnings,Yahoo,https://finnhub.io/api/news?id=9bd12e429f886e01e2077c531fcb9476049495473aab4c1c15462c095a78692a,0.0,0.913,0.087,0.2023,2025-05-07
2025-05-06 20:30:49,"Chipmaker AMD beats Q1 earnings, revenue forecasts. Stock pops.",Yahoo,https://finnhub.io/api/news?id=7b5eb3c17b9bad2df1cfc7ce084e0cf0f33bba4b5860e1aac345b775cb7354b6,0.057,0.882,0.061,0.1082,2025-05-07
2025-05-06 20:27:35,"AMD (NASDAQ:AMD) Exceeds Q1 Expectations, Quarterly Revenue Guidance Slightly Exceeds Expectations",Yahoo,https://finnhub.io/api/news?id=fd640430a750c8947569c513c184554fba4f3bce838b1cc85380a58edef0e18b,0.0,0.887,0.113,0.7906,2025-05-07
2025-05-06 20:22:18,"AMD posts better-than-anticipated Q1 earnings, stock jumps on strong Q2 outlook",Yahoo,https://finnhub.io/api/news?id=7037a03f3ebb621c48b6a236c4a533c90c1d3471c616d3286b9da8b54762d53a,0.0,0.858,0.142,0.5106,2025-05-07
2025-05-06 20:18:00,Here’s how AMD plans to withstand the deepening U.S.-China trade war,MarketWatch,https://finnhub.io/api/news?id=8b634dc433d6953d6e4e8eca2c39a5a701331de91654f344dd4adb8a4520e1be,0.281,0.719,0.0,-0.8316,2025-05-07
2025-05-06 20:15:00,AMD Reports First Quarter 2025 Financial Results,Yahoo,https://finnhub.io/api/news?id=b149daca2d677826c9147b8bd9ba1bdd21f8bb675ec83fdc7b0aff6aac4a032d,0.064,0.85,0.086,0.296,2025-05-07
2025-05-06 19:30:20,Bottom Is Out: AMD Has No AI GPU Growth To Brag About (Rating Upgrade),SeekingAlpha,https://finnhub.io/api/news?id=b8026b74583033e3f15669fa28e6586f541e4a73730b8f59dd9a1e646c912568,0.049,0.795,0.157,0.5983,2025-05-07
2025-05-06 19:15:39,AMD Q1 Earnings: I'm As Bullish As Can Be (Maintain Strong Buy),SeekingAlpha,https://finnhub.io/api/news?id=687a733b5f51f61b8597590e996f9166432726838ab58946581e759508f2da67,0.0,0.721,0.279,0.9169,2025-05-07
2025-05-06 18:00:00,"AMD: Excellent Results, It's Too Cheap",SeekingAlpha,https://finnhub.io/api/news?id=602e44e6281d70ca14e71983a7e174170527cbac0bd4fe9b51d1a552b3cf079f,0.0,0.663,0.337,0.9042,2025-05-07
2025-05-06 17:26:15,"AMD forecasts revenue above estimates, despite US curbs on China chip exports",Finnhub,https://finnhub.io/api/news?id=738fc71366d96bead00dc5d59ce2f7ee5cdc5ecc0111d18c6f7f62bc24365025,0.098,0.852,0.05,-0.2263,2025-05-07
2025-05-06 17:17:15,"Advanced Micro Devices, Inc. 2025 Q1 - Results - Earnings Call Presentation",SeekingAlpha,https://finnhub.io/api/news?id=3860a1d141025a42fda433bdf0983ab198f5d2af21e0f1ad0ea8dd51ed85403c,0.0,0.84,0.16,0.4588,2025-05-07
2025-05-06 17:12:08,"Advanced Micro Devices Guides for Higher 2Q Revenue After 1Q Profit, Sales Rise",Finnhub,https://finnhub.io/api/news?id=3f543d6003daba37207d3264a4a4378c6ed2616e6bb451b7459d4d0bf98f8227,0.0,0.803,0.197,0.8316,2025-05-07
2025-05-06 16:46:05,"AMD forecasts Q2 revenue above estimates, despite new US chip curbs on China exports",Finnhub,https://finnhub.io/api/news?id=6fc418ab2c0b74bd19f940a43fdc237ebf13bd0a829abc2357a52c414f071223,0.093,0.859,0.048,-0.2263,2025-05-07
2025-05-06 16:30:13,Advanced Micro: Q1 Earnings Snapshot,Finnhub,https://finnhub.io/api/news?id=c85750c537ef0823429f18ea8262ad0d40a96347a7f00432eddc22ebcd36ecc2,0.0,0.889,0.111,0.4588,2025-05-07
2025-05-06 16:19:55,AMD forecasts $1.5 billion revenue hit from US curbs on China chip exports,Finnhub,https://finnhub.io/api/news?id=0c790bc6bf28d32d05affd6a217e6279b788a93e14c68d85552b515e6cc9f187,0.0,0.915,0.085,0.4588,2025-05-07
2025-05-06 15:52:35,"TSMC: Remember, Such Golden Opportunities Don't Come By Often",SeekingAlpha,https://finnhub.io/api/news?id=c1d1e2973ee4af65ec0a3498588e7f0a9080f3814765b7277540c5881963e1e3,0.057,0.819,0.124,0.4019,2025-05-06
2025-05-06 15:35:45,"AMD to report Q1 earnings as AI, tariffs remain in focus",Yahoo,https://finnhub.io/api/news?id=d2f4a42221be3fb61dc9df710824115ca0e1c16bcebc925b9575d18a6cfb963e,0.0,1.0,0.0,0.0,2025-05-06
2025-05-06 14:59:52,"Advanced Micro Devices, Inc. (AMD) Is a Good Buy on Weakness, Commentator Suggests",Yahoo,https://finnhub.io/api/news?id=98e9a34f4bc31745c5e4feb1b9edce865303a1f15d21c084b29f590ead7bc5ae,0.037,0.836,0.128,0.7184,2025-05-06
2025-05-06 14:56:41,"AMD earnings preview, Datadog, Ferrari profits: Trending Tickers",Yahoo,https://finnhub.io/api/news?id=f0ff4ef93342c7e8f0c81f88d68c1b9c5318c3d25ea2807042f96822e3653471,0.0,0.869,0.131,0.9413,2025-05-06
2025-05-06 14:54:39,Stocks Pare Losses After Bessent’s Trade Remarks: Markets Wrap,Yahoo,https://finnhub.io/api/news?id=6bbc4ff5cff12cb7627bc3de9113f714e2c9754d4b9634756bb95598cacfcb34,0.167,0.813,0.02,-0.9118,2025-05-06
2025-05-06 13:41:45,"AMD, Arm Offer Window Into AI Landscape Ahead of Nvidia Earnings",Yahoo,https://finnhub.io/api/news?id=c47e97bb26a0f3179d2059aca03d4736c100f7dfb104f84dc6d2668626899567,0.112,0.832,0.057,-0.5267,2025-05-06
2025-05-06 13:26:40,"Stocks Fall On Trade Concerns, Oil And Gold Rally: What's Driving Markets Tuesday?",Benzinga,https://finnhub.io/api/news?id=42a8233fba7cef5d595ca3cb897c35b19d5124d360aece4a5c3fd542c34171c6,0.146,0.854,0.0,-0.6124,2025-05-06
2025-05-06 13:00:00,"Advanced Micro Devices Expected to Post Higher 1Q Profit, Revenue -- Earnings Preview",MarketWatch,https://finnhub.io/api/news?id=67716e2d3eb74c9b3737b96d1b02299f542b76e3a1a58c6f78ece692580ebdbd,0.0,0.692,0.308,0.8316,2025-05-06
2025-05-06 12:15:12,Taiwan Dollar Surges As US Dollar Slumps: TSMC Boom Or Bust?,SeekingAlpha,https://finnhub.io/api/news?id=559e22feec1911e8e05540af95944f5617b0d16f216bc726ee1eb2c402325079,0.0,0.955,0.045,0.2023,2025-05-06
2025-05-06 11:15:00,Big Tech Breathes Life Into Q1 Earnings,SeekingAlpha,https://finnhub.io/api/news?id=0934109244e52a16781f01ab43bab1822657f490b9aacbe18715599edc2d9770,0.0,0.837,0.163,0.5994,2025-05-06
2025-05-06 10:00:00,Sui leads way as large cryptocurrencies decrease,MarketWatch,https://finnhub.io/api/news?id=c96607d129e56d8aa95e41fb565636b4e8466de3bc2d68efdf8896cf889abc63,0.0,1.0,0.0,0.0,2025-05-06
2025-05-06 09:27:47,"Trending tickers: Palantir, Ford, Skechers, Deliveroo and BP",Yahoo,https://finnhub.io/api/news?id=fcbb7c405cedd0141d5aa2af05e36648c75f1974265fc7ee4609d6e35ce82964,0.0,1.0,0.0,0.0,2025-05-06
2025-05-06 09:22:00,Nvidia Stock Drops. An Early Look at What to Expect From the Chip Maker’s Earnings.,MarketWatch,https://finnhub.io/api/news?id=04367c8dc6775323b2b7a0eeae41fb15f5e62fc68e9958dadaf0aa120b834205,0.0,1.0,0.0,0.0,2025-05-06
2025-05-06 08:48:00,"These Stocks Are Moving the Most Today: Palantir, Ford, Tesla, Constellation Energy, DoorDash, Hims & Hers, Neurocrine, AMD, and More",MarketWatch,https://finnhub.io/api/news?id=2f669b849a88c794e28dd3b0fff1bdbc7cf9d804b6fa5a7fe4f40b95bf10f3fd,0.0,0.9,0.1,0.4939,2025-05-06
2025-05-06 05:37:33,"US Stocks Likely To Open Lower After Snapping 9-Day Streak: 'Downside Could Be Limited Even In A Mild Recession,' Says Expert",Benzinga,https://finnhub.io/api/news?id=e86befb54aec4eff78aa7910092c06feb649f8a80c6046ed63f6d0bb8a7afdbd,0.204,0.734,0.062,-0.6908,2025-05-06
2025-05-06 05:01:00,AMD’s Guidance Will Be Key for Earnings. Analyst Expects Weak Outlook.,Yahoo,https://finnhub.io/api/news?id=b81e481d01a420073a50e024e46bfeacce4c311f62b475f4566228b209ec58c5,0.074,0.87,0.056,-0.1779,2025-05-06
2025-05-06 04:58:20,AMD and Super Micro headline earnings slate,MarketWatch,https://finnhub.io/api/news?id=223be4d2695078206eaa8cb88b87bb8d80255f1be558b693837fd474d1ef1c41,0.0,0.606,0.394,0.8316,2025-05-06
2025-05-06 04:48:52,"Marriott International, Advanced Micro Devices And 3 Stocks To Watch Heading Into Tuesday",Benzinga,https://finnhub.io/api/news?id=3e516bf19a4fb1d51641dca171ba8e5f643cc2099fcac329e17d5078c0c4e30f,0.0,0.857,0.143,0.25,2025-05-06
2025-05-06 04:32:41,"Earnings Scheduled For May 6, 2025",Benzinga,https://finnhub.io/api/news?id=a2c38d694b22328451f481998cde68e0d8adc1000e7e98c8c5ba09937c83741a,0.0,1.0,0.0,0.0,2025-05-06
2025-05-06 04:29:58,"S&P 500 Snaps Nine-Session Winning Streak; Investor Sentiment Improves, Fear & Greed Index Moves To 'Greed' Zone",Benzinga,https://finnhub.io/api/news?id=8bafab9d70b185bb9a5ae24755eff01dbedc81a8dbe586238a1bf49075ec51b3,0.321,0.448,0.231,-0.34,2025-05-06
2025-05-05 23:00:00,"AMD earnings, Bessent on Capitol Hill, Milken: What to Watch",Yahoo,https://finnhub.io/api/news?id=ee23227da465d397176f04416a609e4e96ff35a934d8337132de5e49d6fbdb85,0.027,0.917,0.056,0.4445,2025-05-06
2025-05-05 16:48:47,"Stock Market Today: Dow Jones Dips, Berkshire Loses $58 Bil. As Warren Buffett Quits; This Stock Pops As Bill Ackman Loads Up (Live Coverage)",DowJones,https://finnhub.io/api/news?id=015ec27ec33ecf5c792a5522dfc50d30d33a6240e70f9b3d3cffde7d1e9066d8,0.091,0.909,0.0,-0.5574,2025-05-06
2025-05-05 16:11:38,"Howard Hughes stake, Tyson Foods declines, AMD earnings preview",Yahoo,https://finnhub.io/api/news?id=291db94e074ca3f17f5692f9e651ac5456416c35d1d04f8d73a3ca722b13b069,0.025,0.933,0.043,0.1531,2025-05-06
2025-05-05 16:08:59,"Advanced Micro Devices, Inc. (AMD): Among The High Growth Companies Hedge Funds Are Buying",Yahoo,https://finnhub.io/api/news?id=64bb3168c99306473c7fe5692b2c5b9545fe3f272af5e6a7c055ea4f7ef3f069,0.0,0.801,0.199,0.9136,2025-05-06
2025-05-05 16:00:00,Got $100? 1 Artificial Intelligence (AI) Semiconductor Stock to Buy Hand Over Fist Right Now (Hint: It's Not Nvidia),Yahoo,https://finnhub.io/api/news?id=bcf70c2780e09602da6a1cb51166eebb3e953d201e18a4719ef068ed05a02d01,0.0,0.78,0.22,0.8358,2025-05-06
2025-05-05 15:50:23,S&P 500 Stocks That Defy 'Sell In May' Myth: 5 Companies With Strong Historical Gains,Benzinga,https://finnhub.io/api/news?id=825be3a60151cabb95ef93eb61e41a8c68156232434f2d5f9bfb2b395a510346,0.0,0.795,0.205,0.8402,2025-05-05
2025-05-05 15:17:00,Will AMD Stock Climb on Strong Data Center Revenues in Q1 Earnings?,Yahoo,https://finnhub.io/api/news?id=69e41a03e385abb8efb5ffcde5d3c8d8ec99fae265fd39eba2b1d4da335b8c47,0.058,0.646,0.296,0.886,2025-05-05
2025-05-05 13:50:00,Deutsche Bank and Caesars Entertainment have been highlighted as Zacks Bull and Bear of the Day,Yahoo,https://finnhub.io/api/news?id=10127dc09c00bbb759c8e9209030f8ebb02283ef04a5ce231563632a5c94342f,0.0,0.847,0.153,0.6808,2025-05-05
2025-05-05 13:41:00,Pitney Bowes to Report Q1 Earnings: What's in Store for the Stock?,Yahoo,https://finnhub.io/api/news?id=1195dea023e3c38c69003df5b0767b8f4cf2a3700e6683d985f84724cb49c3ef,0.062,0.8,0.138,0.5267,2025-05-05
2025-05-05 13:35:11,10 Information Technology Stocks With Whale Alerts In Today's Session,Benzinga,https://finnhub.io/api/news?id=6d3cd4cde850e2aef202222095ebb88a9f06995be34e2e7958d113e63a042095,0.0,1.0,0.0,0.0,2025-05-05
2025-05-05 12:31:21,AMD Q1 Earnings Preview: What to Expect From Upcoming Report,Yahoo,https://finnhub.io/api/news?id=e80d1ffbfb3622b05a1a51d66a68a819db622a40fae1cbafdb60d034274218e9,0.0,1.0,0.0,0.0,2025-05-05
2025-05-05 11:37:22,This Week In AI Chips - RetinalGenix Gains Ground With New Laboratory Lease,Yahoo,https://finnhub.io/api/news?id=ad4a9c2f1b4edc941fdd68f8579e2a3e81f82f74361ec1772cde06dddd3b58f2,0.0,0.826,0.174,0.9186,2025-05-05
2025-05-05 11:08:00,Paycom to Report Q1 Earnings: What's in Store for the Stock?,Yahoo,https://finnhub.io/api/news?id=c5515aefbc534d5ec7c3f9dc0f249ce45ac9e0b3fbf41560a754cb2649e7cdd8,0.0,0.812,0.188,0.7003,2025-05-05
2025-05-05 10:13:00,Nvidia Stock Falls. Here’s What’s Weighing on the Chip Maker.,MarketWatch,https://finnhub.io/api/news?id=685c78dfbb3318b1552c48af60d6a37d546cfb1ad136d0b8512290bc5d8c766f,0.0,1.0,0.0,0.0,2025-05-05
2025-05-05 10:00:00,"Most large cryptocurrencies decrease on Cardano, Avalanche drops",MarketWatch,https://finnhub.io/api/news?id=1c5cd2b8240d2c61cc188b4fd21c9bf64d1c8c6cae52af259796fdf4ab73e5bb,0.0,1.0,0.0,0.0,2025-05-05
2025-05-05 08:44:06,"Jim Cramer Says Applied Materials Is An 'Excellent' Company, But Likes This Tech Stock More",Benzinga,https://finnhub.io/api/news?id=6ba218d28b6fd57589713d1e1296903d1875aafe6c970dc5457d558e98b7a185,0.0,0.682,0.318,0.7227,2025-05-05
2025-05-05 08:00:00,AMD: Too Cheap To Ignore Before Earnings (Rating Upgrade),SeekingAlpha,https://finnhub.io/api/news?id=cee578a147f16f545ca368d282e4633196952e2bd5f1e903a474362e5d569ccc,0.128,0.872,0.0,-0.3612,2025-05-05
2025-05-05 08:00:00,Market Outlook: FED Interest Rate Decision And SPY Upgrade To Hold,SeekingAlpha,https://finnhub.io/api/news?id=84a8ae9839aef41209c2c818b443fd95f9d5f38be387291ac6230c06f1420cee,0.0,0.79,0.21,0.8031,2025-05-05
2025-05-05 07:10:44,AMD (AMD) Reports Q1: Everything You Need To Know Ahead Of Earnings,Yahoo,https://finnhub.io/api/news?id=25566e76cbbb2c314c64e0121ae9a360998f967c79023ed0e7e7c158ed028943,0.0,1.0,0.0,0.0,2025-05-05
2025-05-05 06:49:00,Buffett Bows Out at a Period of Peak Uncertainty for Markets,MarketWatch,https://finnhub.io/api/news?id=2e76e350e82fdb9f2438341c4095249976f7f4b6472864933482f2ef4126f2fc,0.194,0.806,0.0,-0.5859,2025-05-05
2025-05-05 02:42:02,"Palantir, AMD, Disney top the week's earnings",Yahoo,https://finnhub.io/api/news?id=3c7461fdf175d0cb42e55258be0d668f953417a23efab675bce064e492737b10,0.0,0.899,0.101,0.2023,2025-05-05
2025-05-20 23:00:04,AMD Introduces New Radeon Graphics Cards and Ryzen Threadripper Processors at COMPUTEX 2025,Finnhub,https://finnhub.io/api/news?id=94eb04c898cae83b6a8ea95969eeb631d6b039b5bafc1fe0470493e272b60eee,0.0,1.0,0.0,0.0,2025-05-21
2025-05-20 22:31:02,"Tesla and xAI Plan to Keep Buying Chips From Nvidia and AMD, Musk Says",Yahoo,https://finnhub.io/api/news?id=6096355371587d6332ea39b76bb9e26bcba9bac3f8e8713b9be9147a38b0db7b,0.0,0.95,0.05,0.25,2025-05-21
2025-05-20 19:55:52,The Hidden Headwinds for AMD: Why Truist Just Lowered Its Price Target,Yahoo,https://finnhub.io/api/news?id=73037b8793457e48ddc3dda9f3018e7341131799d2f5a5aa7020dda426e68304,0.034,0.852,0.114,0.7003,2025-05-21
2025-05-20 19:36:47,"AMD Sells ZT Fab Unit, Bolsters AI Talent to Challenge Nvidia",Yahoo,https://finnhub.io/api/news?id=48a95f767eb25a09509e76343cf341763a6eda26d328e4bad26ecb73b1efff6c,0.0,0.738,0.262,0.7269,2025-05-21
2025-05-20 19:00:44,"Wells Fargo Backs Advanced Micro Devices Inc. (AMD) After ZT Sale, Eyes AI Future",Yahoo,https://finnhub.io/api/news?id=84b11f5ee4d8aa2d5dd1d9b13d42f522be0c5704f0475e52bdcbb242cd807cf7,0.059,0.827,0.114,0.4939,2025-05-21
2025-05-20 17:34:48,"Mizuho Raises Advanced Micro Devices (AMD) Target to $135, Reiterates Outperform",Yahoo,https://finnhub.io/api/news?id=6b8192706d3f1341aef86428559253201cad6cb35c6e9619a7d11ae1c12834a6,0.039,0.873,0.089,0.3818,2025-05-21
2025-05-20 16:28:07,"Advanced Micro Devices, Inc. (AMD): A Bull Case Theory",Yahoo,https://finnhub.io/api/news?id=ace44b428e26691e1e0f260a616de0ad9ba9ed8244cf0c2211dc2fd2563ec7ba,0.0,0.854,0.146,0.8225,2025-05-21
2025-05-20 16:01:57,Do You Really Understand Huawei's Threat To Nvidia? (Rating Downgrade),SeekingAlpha,https://finnhub.io/api/news?id=86d7e17284f7d1648c2885cdc1b51f34c3633873dfc49a37bd541db54199b08d,0.158,0.842,0.0,-0.7479,2025-05-21
2025-05-20 14:41:00,"Marjorie Taylor Greene Goes Shopping For Tesla, Netflix, UnitedHealth And More: 19 Stocks The Congresswoman Bought",Benzinga,https://finnhub.io/api/news?id=1c3b3ce37d7004f9ce190cd3813e97e16d8939e47b5275b1abf3bd21571321c9,0.0,1.0,0.0,0.0,2025-05-20
2025-05-20 14:15:00,Is Intel Stock a Buy Now?,Yahoo,https://finnhub.io/api/news?id=a7de4a989fabd810f092e316ce3f9667a275699466f38202ad8aadc5b6556b0b,0.24,0.76,0.0,-0.6249,2025-05-20
2025-05-20 13:45:00,"This Artificial Intelligence (AI) Chipmaker Just Got a Game-Changing Boost From Amazon, and Nvidia Investors Should Be Paying Close Attention",Yahoo,https://finnhub.io/api/news?id=6b3064692d17eac9a1783e488eea2f2956e7d3049221df3bf809d98df5a29890,0.0,0.694,0.306,0.8402,2025-05-20
2025-05-20 12:01:00,Sanmina to acquire ZT Systems’ data center business from AMD,Yahoo,https://finnhub.io/api/news?id=4a6d8a123a7c10c8a119c0bac1291cba9854a9c6897f75528507b5837db38298,0.0,0.913,0.087,0.3182,2025-05-20
2025-05-20 11:01:14,AMD Expands Red Hat Partnership To Power Scalable AI And Hybrid Cloud,Benzinga,https://finnhub.io/api/news?id=a626f672490428126659f1241f18a41340af494e5269f89a339ca440b010b598,0.0,0.833,0.167,0.6597,2025-05-20
2025-05-20 10:17:32,AMD to offload ZT Systems server-manufacturing for $3bn,Yahoo,https://finnhub.io/api/news?id=b08a8b8a686b7bd836c69a8ffa99803579c6f654a8b10bf7e6d6d34f2ce54fef,0.0,0.939,0.061,0.1779,2025-05-20
2025-05-20 10:00:00,"Most big cryptocurrencies decline on XRP, Dogecoin drops",MarketWatch,https://finnhub.io/api/news?id=ec995e50a19c98a52fe5c0e597b6626e2d4361b1041aa4d959dc26f61c1029a7,0.0,1.0,0.0,0.0,2025-05-20
2025-05-20 10:00:00,AMD's Growth Is Just Kicking Off,SeekingAlpha,https://finnhub.io/api/news?id=0b54c629f807d78e9467d319643c4efcca70680b90484c6541786924a868848e,0.044,0.619,0.336,0.872,2025-05-20
2025-05-20 09:49:26,Sanmina: Becoming An AI Play With And For AMD,SeekingAlpha,https://finnhub.io/api/news?id=4dc839e71e28450db3ac792d60c66468723abe9632019d1a384b4a49d2b553c6,0.0,0.875,0.125,0.5719,2025-05-20
2025-05-20 09:40:42,"AMD spends $1.6 billion to keep 1,200 engineers in Nvidia fight",Yahoo,https://finnhub.io/api/news?id=313f40ad1527a95c3916ec2573c34af664b7c131b2182d59cf729f7974719e2f,0.04,0.96,0.0,-0.3818,2025-05-20
2025-05-20 09:30:00,"Qualcomm: Cheap P/E Says Buy, Chart Breakdown Says Sell (Rating Downgrade)",SeekingAlpha,https://finnhub.io/api/news?id=f32da4ea1e56e2f51c2733d1a90165cc93503b05810320cf3e73ce2386eda432,0.081,0.749,0.17,0.4767,2025-05-20
2025-05-20 05:22:50,Advanced Micro Devices (NasdaqGS:AMD) Engages In Merger Talks With Sanmina Corporation,Yahoo,https://finnhub.io/api/news?id=03e675daf39e7c067282f7e2463471c7aa684ce2925ea609d5c87cdc2dda881c,0.0,0.784,0.216,0.9442,2025-05-20
2025-05-20 00:13:00,6 Billion Reasons To Buy This Artificial Intelligence (AI) Semiconductor Stock Hand Over Fist (Hint: It's Not Nvidia),Yahoo,https://finnhub.io/api/news?id=58d129c33614a12f9f545b4ddfb63a0043391c4d435f78d9ed7433666a30becd,0.047,0.67,0.284,0.8343,2025-05-20
2025-05-19 22:54:42,Tracking David Tepper's Appaloosa Management Portfolio - Q1 2025 Update,SeekingAlpha,https://finnhub.io/api/news?id=571b5fd48a654bb868cb2b6d859320d89d5a354aa0d0e9a754415714558138ad,0.0,0.877,0.123,0.4939,2025-05-20
2025-05-19 21:54:01,AMD (AMD) Price Target Raised to $135 on AI Momentum,Yahoo,https://finnhub.io/api/news?id=8c4e9f69aeb702ff318b78cf9b2f6909c287ce17b5198a305439c6c780dd2028,0.0,1.0,0.0,0.0,2025-05-20
2025-05-19 21:47:32,AMD (AMD) Sells ZT Systems' Manufacturing Business to Sanmina for $3 Billion,Yahoo,https://finnhub.io/api/news?id=c3ed1d6b74fedf1ea1377e3221e70c249a73bc4c2eb95f3ef9bd627f724fb9a9,0.0,1.0,0.0,0.0,2025-05-20
2025-05-19 20:53:19,"Equities End Mostly Higher, Yields Retreat After Moody's US Downgrade",Yahoo,https://finnhub.io/api/news?id=203f178f55050e8caed8879103c3a43813352c29d75ae431703c1f94dc225c0f,0.0,0.93,0.07,0.2023,2025-05-20
2025-05-19 20:26:51,"Nvidia opening up AI ecosystem with these partnerships, like Qualcomm",Yahoo,https://finnhub.io/api/news?id=5a5ad3a051cd6f257ab6e93e184bd2d98afee290dd57c8be078269f0c48dd5fa,0.013,0.953,0.034,0.3446,2025-05-20
2025-05-19 20:05:44,US Equities Markets Rise Monday as Investors Assess Moody's Downgrade,Yahoo,https://finnhub.io/api/news?id=34842716c3e5f9e09de5e83362fc84b3694d0c4b2014d5c6404bb4e49c92837d,0.0,1.0,0.0,0.0,2025-05-20
2025-05-19 19:59:02,Sector Update: Tech Stocks Retreat Late Afternoon,Yahoo,https://finnhub.io/api/news?id=f15c3601460e408f9dc2a7026bfd24acb977e1be18415476797fd107cf6090cf,0.088,0.84,0.072,-0.1027,2025-05-20
2025-05-19 19:58:27,Advanced Micro Devices to Sell ZT Systems’ Data Center to Sanmina for $3 Billion,Yahoo,https://finnhub.io/api/news?id=4804f243321696ffe5e8ff6ed89049c725d4897f990ff643ff1bbc0f6817bd26,0.0,0.906,0.094,0.7351,2025-05-20
2025-05-19 19:49:49,"Citadel CEO Ken Griffin Offloads NVIDIA, Bets $326 Million on AMD",Yahoo,https://finnhub.io/api/news?id=bb3005424a9ff2df4a5266dbfc3c592b9c98d56ec48068b432411b19dae03926,0.0,0.88,0.12,0.3818,2025-05-20
2025-05-19 17:38:25,"Equities Rise Intraday as Markets Weigh Moody's US Downgrade, Fed Official's Remarks",Yahoo,https://finnhub.io/api/news?id=7a93e2a0381d1dc88382e613eff3e0896ef8e492b7b174e1b060eb5c989dee41,0.0,0.938,0.062,0.2023,2025-05-20
2025-05-19 17:06:00,"Tech Declines, But Still Sharply Higher For May - Tech Roundup",MarketWatch,https://finnhub.io/api/news?id=018063236365cd97f0076803cdc29600a4ae4dff4b5cf9d71b12b10e788289e5,0.0,1.0,0.0,0.0,2025-05-20
2025-05-19 15:54:42,Top Midday Stories: Stocks Fall on Moody's US Downgrade; Nippon Steel Plans to Invest $14 Billion in US Steel if Merger Approved,Yahoo,https://finnhub.io/api/news?id=18d6bc5ea23b3b16b28b383f4b28754c2efeaf5b1e91462387af3e97e8d2007f,0.0,0.889,0.111,0.5574,2025-05-19
2025-05-19 15:45:28,"Mizuho Lifts AMD, SMCI Targets on Middle East Wins",Yahoo,https://finnhub.io/api/news?id=320b5ecdfc57405a53ffbe02ff67d5f3202f174ab0a3b7f0d4f95ded4d294c4b,0.0,0.821,0.179,0.5719,2025-05-19
2025-05-19 15:20:10,Quantum Vs AI: Nvidia's Next Big Bet Could Supercharge These 2 ETFs,Benzinga,https://finnhub.io/api/news?id=1c6762f5f1fc3eb68fd80e2e886a2fba89244051b65b623d15b9bf2582555360,0.059,0.739,0.202,0.7003,2025-05-19
2025-05-19 15:03:51,AMD Strikes Deal to Sell ZT Systems' Manufacturing Business to Sanmina,Yahoo,https://finnhub.io/api/news?id=5f23c37677e55d52be6cf68f7c43b7b9ee73c74968273c7148a25f849f77a78e,0.087,0.769,0.143,0.1531,2025-05-19
2025-05-19 15:00:00,Sanmina Shares Fall After Deal to Buy AMD's Newly Acquired Manufacturing Company,MarketWatch,https://finnhub.io/api/news?id=bd4357fed1f1d962c9f0087db7a564c911fdd9044a87bc49625501dfadc2ce4e,0.0,0.833,0.167,0.5267,2025-05-19
2025-05-19 14:53:09,Nvidia stock wavers as market turmoil eclipses AI chip announcements,Yahoo,https://finnhub.io/api/news?id=f5e9ee362c3f96f3bbfb618b431ef51fb2bd795468beca16b694fe397467ea4b,0.235,0.765,0.0,-0.7717,2025-05-19
2025-05-19 12:27:04,AMD: Still Not Pricing In Enough Risk,SeekingAlpha,https://finnhub.io/api/news?id=53c890565ee4830861573518e605df072859a77931fd8bcdb5dbf967edb78e74,0.059,0.68,0.261,0.7269,2025-05-19
2025-05-19 12:17:00,Sanmina to Acquire ZT Systems’ Manufacturing Business from AMD,Yahoo,https://finnhub.io/api/news?id=778321a2b1bbf402e28ae73b5bd47421c43fbfbf4b05ffc01584750c26c03f83,0.0,0.868,0.132,0.4767,2025-05-19
2025-05-19 11:43:40,Latest News In AI Chips - NVIDIA's AI Factory Revolutionizes Enterprise Infrastructure,Yahoo,https://finnhub.io/api/news?id=b1bde4a71b23b936fc518ea0b53afafe00898d911aa941ce9a3dec8141b461da,0.0,0.913,0.087,0.7841,2025-05-19
2025-05-19 11:35:00,AMD Announces Agreement to Divest ZT Systems Data Center Infrastructure Manufacturing Business to Sanmina,Yahoo,https://finnhub.io/api/news?id=038c4f5168a6871ac584d1d3de9cefbdba6db0b01e6598fbbd43600b7f803e73,0.0,0.945,0.055,0.5994,2025-05-19
2025-05-19 11:32:14,Mizuho lifts price targets for AI server stocks,Yahoo,https://finnhub.io/api/news?id=672e23f9f6a49e38f25c5bbd898b56200082b39700710b6597085079838d8ba2,0.051,0.949,0.0,-0.128,2025-05-19
2025-05-19 11:30:00,SANMINA ANNOUNCES ACQUISITION OF DATA CENTER INFRASTRUCTURE MANUFACTURING BUSINESS OF ZT SYSTEMS FROM AMD,Yahoo,https://finnhub.io/api/news?id=ce2f6450ad15b4b97ddd934ad4f89fe23831fda340de37eaaec8f1407bdcf284,0.0,0.92,0.08,0.6808,2025-05-19
2025-05-19 10:58:00,Undervalued and Overlooked: 3 AI Stocks With Long-Term Upside,Yahoo,https://finnhub.io/api/news?id=84d031fae761a0b2028d3ceb8644a684c91002a8204c1626299b787080eac6d5,0.024,0.848,0.128,0.5859,2025-05-19
2025-05-19 10:32:00,Nvidia Stock Falls. What’s Overshadowing Its AI Chip Moves.,MarketWatch,https://finnhub.io/api/news?id=64cbcb3cbd1fe2a6aa39625ae7bdbd14151b5fd76575b9327f260c6523f4f9cb,0.0,1.0,0.0,0.0,2025-05-19
2025-05-19 10:30:26,"Intel debuts AI GPUs for workstation system as it works to gain ground on Nvidia, AMD",Yahoo,https://finnhub.io/api/news?id=618061fcc445a5142a9cabf2cb0bba5f11362605bf5622fceaf32920635ceb0a,0.0,0.829,0.171,0.7783,2025-05-19
2025-05-19 10:23:50,AMD Sells Off A $5 Billion Powerhouse: What's The Catch In This $3 Billion Deal?,Benzinga,https://finnhub.io/api/news?id=26feb4ca3f64175e2989514175112ee752dfe23746b26188056d3e4a6db9f399,0.0,0.96,0.04,0.1779,2025-05-19
2025-05-19 10:00:00,Solana leads way as most big cryptocurrencies post decreases,MarketWatch,https://finnhub.io/api/news?id=03b1a5a780bf3f5a0f4cb0e423255d6231692eb6b606f6d0b62e5a3602dd6d37,0.0,1.0,0.0,0.0,2025-05-19
2025-05-19 09:24:16,AMD: agrees to sell business to Sanmina,Finnhub,https://finnhub.io/api/news?id=c5c1f906e22309c78593ac56382b21e0c2c67dbad2e7a0dbe0fa053392998f6a,0.0,0.872,0.128,0.6124,2025-05-19
2025-05-19 08:18:24,Advanced Micro Devices - Entitled To $153 Million Termination Fee From Sanmina If Deal Is Terminated Under Certain Conditions - SEC Filing,Finnhub,https://finnhub.io/api/news?id=f99f4491ce06f4e646e55e74813e64e19faf1cc4c59cc630b92f030da3ac6510,0.0,0.753,0.247,0.8949,2025-05-19
2025-05-19 07:57:51,"AMD To Divest ZT Systems' Data Center Infrastructure Manufacturing Business To Sanmina For $3B In Cash And Stock, Inclusive Of Up To $450M Contingent Payment",Benzinga,https://finnhub.io/api/news?id=7af88030eed47e5e4dbc3adec58abccb8ffc12511de01abcaac428a7009931c4,0.0,1.0,0.0,0.0,2025-05-19
2025-05-19 07:34:45,Sanmina To Acquire Data Center Infrastructure Manufacturing Business Of ZT Systems From AMD In $3B Deal; Transaction Expected To Be Accretive To Non-GAAP EPS In First Year Post-Close,Benzinga,https://finnhub.io/api/news?id=dc4e944413b2c6b563174e6228c8cc3ae12622d86ad8af0c436d6b22f95a69a1,0.0,0.962,0.038,0.2732,2025-05-19
2025-05-19 07:00:00,Trade War Fails To End Civilization,SeekingAlpha,https://finnhub.io/api/news?id=42f9fc36438f975e17e41a5b4c0786d7d664a85632e66afb0f733483a91c6915,0.147,0.525,0.328,0.8074,2025-05-19
2025-05-19 04:33:20,1 Growth Stock to Stash and 2 to Approach with Caution,Yahoo,https://finnhub.io/api/news?id=88dc2178d72ab8ee633513747598cef1afaeaba79421e320a614326c1c259900,0.116,0.711,0.172,0.1779,2025-05-19
2025-05-18 23:41:35,David Sacks Hails Trump's AI Strategy In Middle East As Power Move Over China — OpenAI CEO Sam Altman Backs Him: 'Sorry Naive People Are Giving You Grief',Benzinga,https://finnhub.io/api/news?id=648f0740af506163ddfc14556415e6c132d0a1a69cee1a4d2e7557fabfb2b6d0,0.145,0.73,0.126,0.1779,2025-05-19
2025-05-18 21:36:08,Tracking Ken Fisher's Fisher Asset Management Portfolio - Q1 2025 Update,SeekingAlpha,https://finnhub.io/api/news?id=3d4ca0c5601d6c33d5b8a73480c0af970db18cd3837050d03c55d97c742ceec1,0.0,0.721,0.279,0.8481,2025-05-19
2025-05-18 20:00:00,AMD: 16 Billion Positive Signals,SeekingAlpha,https://finnhub.io/api/news?id=97864f5db867728ccc97f676bf0773fdd2341a152fe8091c24846978890ddbbe,0.0,0.604,0.396,0.9022,2025-05-19
2025-05-18 19:22:00,"Artificial Intelligence (AI) Infrastructure Spend Could Hit $6.7 Trillion by 2030, According to McKinsey. 4 Data Center Stocks to Load Up on Right Now Like There's No Tomorrow.",Yahoo,https://finnhub.io/api/news?id=8df96d9789879e141c2c7d5d5635e0931febe412b85d0f0f9d1d4525ee9e01ae,0.021,0.866,0.113,0.8176,2025-05-19
2025-05-18 11:03:19,Advanced Micro Devices (AMD) Targets SMBs With New EPYC 4005 Server Processors,Yahoo,https://finnhub.io/api/news?id=466a2f9855616f5ea6f85216332c6747b8b202cb9c142b7a4f0ff81c6c77ebad,0.0,0.943,0.057,0.4588,2025-05-19
2025-05-18 11:01:09,Advanced Micro Devices (AMD) Price Target Raised as Saudi AI Deal Boosts Sentiment,Yahoo,https://finnhub.io/api/news?id=cb78c9eaada2531e5805c920d0d03dd3828a571867f1e898f35275de2a897ea9,0.0,0.913,0.087,0.6486,2025-05-19
2025-05-18 08:00:00,The Top Tech Stock Winners From Trump's $600 Billion Saudi Arabian Deal,Yahoo,https://finnhub.io/api/news?id=a47e44e0a97a81288476c16e0000af793a67ee7809acb4e8533a6ecf9f06c031,0.0,0.851,0.149,0.9022,2025-05-19
2025-05-18 00:00:00,"Beyond Nvidia, Four Things to Know at Asia’s Biggest Tech Show",Yahoo,https://finnhub.io/api/news?id=bf3c3ebbf777bfc1c509310cb44435dce54bfeb4752f6da188a1992a5ba8e779,0.0,0.928,0.072,0.6486,2025-05-19
2025-05-17 17:26:39,Advanced Micro Devices (NasdaqGS:AMD) Stockholders Approve Increase in Authorized Shares,Yahoo,https://finnhub.io/api/news?id=7f876f0e0493fd66f2213185c06b3d3628f87de2e896e7c9e1987aa7a6bfd73a,0.0,0.694,0.306,0.9786,2025-05-19
2025-05-17 08:06:18,"TD Cowen Raises AMD Price Target to $115, Maintains Buy Rating Amid Strong Performance",Yahoo,https://finnhub.io/api/news?id=4be32e1ea4519571ddfc620c0f6d8a75c67890229570d4d26ff29905c795e679,0.0,0.812,0.188,0.9153,2025-05-19
2025-05-16 21:00:00,Did Elon Musk Just Give Nvidia Investors 40 Billion Reasons to Cheer?,Yahoo,https://finnhub.io/api/news?id=8311eb704d86ddddd0b65ad5dc8d18a2b855653fbd4a9e55027675f9850ab8ef,0.0,0.87,0.13,0.5106,2025-05-19
2025-05-16 18:39:12,Intel's new chip manufacturing technology is its greatest hope for a turnaround — and its biggest risk,Yahoo,https://finnhub.io/api/news?id=bc3925ed06ad11731820a82648bbb40f02cbca7d49c272dba5be3c4b8c180f48,0.08,0.791,0.129,0.3182,2025-05-19
2025-05-16 17:04:07,Why Advanced Micro Devices Stock Is Skyrocketing This Week -- Has the Nvidia Rival's Day Finally Come?,Yahoo,https://finnhub.io/api/news?id=f648df676d7c42e0f66f66e28bbbf063ec3f33a9114c0ff14219423a89384d7b,0.0,0.772,0.228,0.936,2025-05-19
2025-05-16 16:17:18,Nvidia stock notches 16% weekly gain as trade news boosts AI chipmaker,Yahoo,https://finnhub.io/api/news?id=211e3462505e8fc1b38d03105fe8bace4aa4cf10ce1bb534ee1f729ba64e93df,0.0,0.746,0.254,0.9118,2025-05-19
2025-05-16 16:17:18,Nvidia stock set for 15% weekly gain as trade news boosts AI chip,Yahoo,https://finnhub.io/api/news?id=8fe2fc273dff96ea15f77d598d523b963c10d22e2c7ee4f5789f4c38d03c897e,0.0,0.768,0.232,0.9118,2025-05-19
2025-05-16 16:16:25,AMD Stockholder Proposal To Remove Holding Requirement To Call Special Meeting Not Approved At AGM,Finnhub,https://finnhub.io/api/news?id=ce611e245f340f7978ff29f33006b0739dac07420cb1a2ca506b5176c1e9f511,0.113,0.784,0.102,-0.1297,2025-05-19
2025-05-16 16:07:22,"US-China Trade Truce, Trump's Middle East Deals Spark Wall Street Rally: This Week In Markets",Benzinga,https://finnhub.io/api/news?id=8f2b361a109b84049ea6b98e377ec44212040f43844863b5542aa8771ac10a83,0.049,0.789,0.162,0.5994,2025-05-19
2025-05-16 15:31:00,Super Micro Computer Stock Is Rising. It’s Had a Huge Week.,Yahoo,https://finnhub.io/api/news?id=4f462390c562e7ec68eb837d22aefcd2def48ab5947cea2a20a039344337d279,0.0,0.708,0.292,0.9836,2025-05-16
2025-05-16 15:20:47,"AMD's AI Strategy Sprints Past Intel, Firmly In The Fast Lane",SeekingAlpha,https://finnhub.io/api/news?id=591dde697e327bb2c53ff9975d6b3162abb11c669ebd75ac287e6fa8c6066b96,0.045,0.791,0.165,0.6808,2025-05-16
2025-05-16 14:30:00,"AMD Rises 31% in One Month: Should You Buy, Hold or Sell the Stock?",Yahoo,https://finnhub.io/api/news?id=218a90e98440819eebf4fe712b447d8543be591668b770320244f3a222b58898,0.0,0.807,0.193,0.7845,2025-05-16
2025-05-16 13:48:14,Nvidia Shares Roar Back as Clouds Hanging Over Chipmaker Fade,Yahoo,https://finnhub.io/api/news?id=dbbb0bcb430ba3fc91d7a6b8625bcb740932b754611b2465b4325750114468f8,0.131,0.756,0.113,-0.4019,2025-05-16
2025-05-16 11:43:39,This Week In AI Chips - Revolutionizing AI Infrastructure With Efficient Power Innovations,Yahoo,https://finnhub.io/api/news?id=0fbd5b9a0e53e8d575ccd13b0f7afd4e6744ce4be8fb91fcc70a5dedc21cc4b2,0.0,0.839,0.161,0.9246,2025-05-16
2025-05-16 11:08:00,"The Zacks Analyst Blog Highlights Advanced Micro Devices, Union Pacific, Lowe's Companies and Syntec Optics",Yahoo,https://finnhub.io/api/news?id=03920b72406cccfb4b974ff8b71bf94d174c1507e1cd9aa1728620feb18d36a4,0.0,0.879,0.121,0.4588,2025-05-16
2025-05-16 10:40:00,"The Zacks Analyst Blog Highlights Advanced Micro Devices, NVIDIA, Bank of America, Microsoft and Oracle",Yahoo,https://finnhub.io/api/news?id=9f1e1c33d592b458740af0915ca9a9b90abd70c2179796b5f6eb027fcacd7e3c,0.0,0.879,0.121,0.4588,2025-05-16
2025-05-16 10:24:14,AMD: Inference Is Hitting An Inflection Point,SeekingAlpha,https://finnhub.io/api/news?id=3f7bf4292c2a082a7c7b558daa023810e4ddce1bf9e0fcccef5fc94ede683830,0.0,0.692,0.308,0.9077,2025-05-16
2025-05-16 10:15:00,1 Semiconductor Stock That Could Be a Surprise AI Winner,Yahoo,https://finnhub.io/api/news?id=4a2bb3802bdc3fcacaae1f0701bdcc2075e479b1494406ad5fd4d0079bc21629,0.0,0.565,0.435,0.8834,2025-05-16
2025-05-16 10:00:00,"Most large cryptocurrencies climb on Dogecoin, Ethereum increases",MarketWatch,https://finnhub.io/api/news?id=8c5e33deb442c0efd5ff4ee752ed3d5943bf4ba4a02de446e3b57c8e78ab6410,0.0,1.0,0.0,0.0,2025-05-16
2025-05-16 09:52:00,Nvidia Stock Rises Again. Trump Just Made Another AI Chip Deal.,MarketWatch,https://finnhub.io/api/news?id=0a0b7f05e5ea13fb38a5bac7568ae4f0cbdc32ee2ecf1a825710045f7cbedab8,0.0,1.0,0.0,0.0,2025-05-16
2025-05-16 09:44:19,Trump’s Rush to Cut AI Deals in Saudi Arabia and UAE Opens Rift With China Hawks,Yahoo,https://finnhub.io/api/news?id=3231d99fbcede872a01dd2955f6e097fabad0bd27f00353f3f467e428eac2c8c,0.05,0.846,0.104,0.6486,2025-05-16
2025-05-16 09:30:00,AMD: A Losing Bet On AI,SeekingAlpha,https://finnhub.io/api/news?id=e9491f6d8dc2e1ad753e080f10776e71ca80cc14fe346a42f1c3e6046b643aa8,0.083,0.73,0.187,0.3182,2025-05-16
2025-05-16 09:15:00,3 Breakout Growth Stocks You Can Buy and Hold for the Next Decade,Yahoo,https://finnhub.io/api/news?id=9f3be1955d7a8b5a44fc7a91e9a0426061491915ad1a77bf5839493c9f428245,0.0,0.653,0.347,0.8442,2025-05-16
2025-05-16 08:24:00,Should You Buy Advanced Micro Devices (AMD) Stock After Its 47% Drop?,Yahoo,https://finnhub.io/api/news?id=ec4d40924363f992484b9ffc0a4672202ffa08f404ab20f9ec644f6852a716cd,0.026,0.804,0.17,0.891,2025-05-16
2025-05-16 08:22:05,AMD: China Trade Talks Could Be A Catalyst For AI Sales Growth,SeekingAlpha,https://finnhub.io/api/news?id=5dbba73c95e98ab2215bbf3e1feced256ce3a7299d75358d8ff97b57721d790b,0.0,0.817,0.183,0.765,2025-05-16
2025-05-16 07:17:00,3 Top Tech Stocks to Buy in May,Yahoo,https://finnhub.io/api/news?id=3818cdd41b9315c2c2e920dca216073ce93bc971f71815335770a1b839df66da,0.0,0.76,0.24,0.9201,2025-05-16
2025-05-16 06:47:55,AMD Isn't What It Seems,SeekingAlpha,https://finnhub.io/api/news?id=465d97d8a12ef18f87b94151fa843d63b48feba9e0f2b524358952796eecf9bf,0.0,1.0,0.0,0.0,2025-05-16
2025-05-15 22:18:17,Watch These AMD Stock Price Levels as 6-Session Winning Streak Snapped,Yahoo,https://finnhub.io/api/news?id=d1c849706e80ab476a9820816bc540c6b867f2c7b3417ae32931d86f9d265b26,0.0,0.651,0.349,0.9501,2025-05-16
2025-05-15 22:05:18,"Chuck Schumer Blasts Trump For Backing AI Chip Sales To Saudi Arabia, UAE: 'This Deal Could Very Well Be Dangerous'",Benzinga,https://finnhub.io/api/news?id=91fe8d0c12a810eab49e3b5c4b247558414b0c464d4b96e1a37d16ea0184a8a6,0.196,0.705,0.099,-0.6976,2025-05-16
2025-05-15 20:54:00,"Top Research Reports for AMD, Union Pacific & Lowe's",Yahoo,https://finnhub.io/api/news?id=190c3ae3084848ff083c5a9e7078c788bc8e5f6d765048f50d0e4646bd83e13f,0.057,0.82,0.123,0.3249,2025-05-16
2025-05-15 19:43:47,AMD's $6B Buyback And $10B AI Deal: A $16B Gambit to Catch Nvidia,Yahoo,https://finnhub.io/api/news?id=e3d30cb5fc1b0a77ff552fbafe620f7e2bb08b6237c89f0ed3069698aa9c01cf,0.0,0.92,0.08,0.3818,2025-05-16
2025-05-15 19:00:00,"Can Saudi AI Deals Boost AMD Over NVIDIA, and Is It a Buy?",Yahoo,https://finnhub.io/api/news?id=c7088c23d927102fa3a3106097833d75200363f9e62f2ba29dd1173c0c9a5852,0.0,0.865,0.135,0.6124,2025-05-16
2025-05-15 18:30:47,Applied Materials Earnings: This Stock Remains A Buy,SeekingAlpha,https://finnhub.io/api/news?id=fa2ed1715861d6e5ad40f702019ce9b45d61cde23c55fa6734f245c0ecc90373,0.0,0.854,0.146,0.5859,2025-05-16
2025-05-15 17:34:47,Advanced Micro Devices (NasdaqGS:AMD) Expands Share Buyback Plan By US$6 Billion,Yahoo,https://finnhub.io/api/news?id=cf2efba5ace3a3ac5c11c5b66871ff39ee424f66b9344b5203a887b5dc46dfb3,0.0,0.832,0.168,0.9081,2025-05-16
2025-05-15 16:56:53,AMD's Profitability Trends: A Buy Signal For Savvy Investors,SeekingAlpha,https://finnhub.io/api/news?id=6d9220e3a541b7078abd521766d11841051a0562be7256b37445a062c5cc68b9,0.0,0.883,0.117,0.4767,2025-05-16
2025-05-15 10:01:00,Nvidia Stock Falls. Why CoreWeave Results Are Weighing on AI Trades.,MarketWatch,https://finnhub.io/api/news?id=cb26d682d673d16ca587d36fa54895914f197380e58a7c96378c1d54d53d68ec,0.0,1.0,0.0,0.0,2025-05-15
2025-05-15 12:22:00,Saudi Arabia is investing $600B in the US. What’s in it for manufacturing?,Yahoo,https://finnhub.io/api/news?id=4cdafe36644121f4b7edab623eb3732593773012e3a93151c85535b9c03f436f,0.0,0.902,0.098,0.3818,2025-05-15
2025-05-15 12:19:04,AMD (AMD) Announces $6 Billion Buyback After Humain AI Deal,Yahoo,https://finnhub.io/api/news?id=72dc597b3edf338a1d14123e8823a5f6135dd64a107a327e9afac995b7ae01a7,0.086,0.824,0.09,0.0258,2025-05-15
2025-05-15 11:37:53,3 Stocks That May Be Trading At Discounts Of Up To 48.1%,Yahoo,https://finnhub.io/api/news?id=6a0b76f5c3d6c74920f0f7e46cbdb2b49c87b681449d72e2e527294882f2cb44,0.0,0.813,0.187,0.9337,2025-05-15
2025-05-15 10:38:44,TSMC: Bizarrely Undervalued,SeekingAlpha,https://finnhub.io/api/news?id=ca4a68ef23571ff48886a88cde7ce0c2730368a72355f0b73b4d31d404f563bf,0.0,1.0,0.0,0.0,2025-05-15
2025-05-15 10:30:00,This Is My Top Artificial Intelligence (AI) Chip Stock to Buy in May (Hint: It's Not Nvidia or AMD),Yahoo,https://finnhub.io/api/news?id=b153bdb0b284a8c940c9dea2876753248aa064f983d01b4ea82ce6fa47b17923,0.0,0.905,0.095,0.3506,2025-05-15
2025-05-15 10:00:00,Avalanche leads way as large cryptocurrencies decline,MarketWatch,https://finnhub.io/api/news?id=5261d470d5624307a52797588390c2dfb9a7988c38e9a49e315543b74ce593fb,0.0,1.0,0.0,0.0,2025-05-15
2025-05-15 09:46:34,AMD Has A Bright Future Ahead,SeekingAlpha,https://finnhub.io/api/news?id=88f312c221b6460ae78e48431127b528e9cb27c76c2d4041ef357dc861016f7c,0.0,0.633,0.367,0.4404,2025-05-15
2025-05-15 09:35:00,Is AMD Stock Due for a Big Rally After Its Earnings Beat?,Yahoo,https://finnhub.io/api/news?id=48da2b9de57404272077fb5674d3d9129d5a041cacc4978f7a8334526f8c3b87,0.03,0.788,0.182,0.8625,2025-05-15
2025-05-15 09:30:00,AMD's AI Data Center Strategy Is Working; And It's Still Trading Like A Legacy Chip Stock,SeekingAlpha,https://finnhub.io/api/news?id=5a418c0be5157c57955be062b443ba3bbcefc89a5346bd2c3c4fc6d2d13dbdec,0.0,0.879,0.121,0.6249,2025-05-15
2025-05-15 09:05:41,AMD: Something Bigger Than The $6B Buyback Comes Next Month,SeekingAlpha,https://finnhub.io/api/news?id=b4a94b9d235718ea8b75f627003cf16a49b83f19895904065a9d1bdfbe0b46d4,0.0,0.792,0.208,0.7845,2025-05-15
2025-05-15 05:42:14,"US Stocks Likely To Open Lower After S&P 500's Three-Day Winning Streak: '...Many Uncertainties Remain,' Says Expert",Benzinga,https://finnhub.io/api/news?id=995025c1f84c31d83e756b163b229df85503cc3cac43b5f6b2d79b5e18bd6eab,0.194,0.733,0.073,-0.5574,2025-05-15
2025-05-15 05:00:00,AI Diffusion Rule Rescinded: Tech Giants Impacted,SeekingAlpha,https://finnhub.io/api/news?id=8181746d242b3098b6c46b1c0108544a1ed6f21d1149031d660bf00116d55021,0.0,0.879,0.121,0.5256,2025-05-15
2025-05-15 01:40:00,AI Is The New Oil,SeekingAlpha,https://finnhub.io/api/news?id=8b0a6bafd25e8dc7506244f15d2e610639d99e76310b27d69610c4ab9edbf710,0.0,1.0,0.0,0.0,2025-05-15
2025-05-14 21:34:00,Sovereign AI Is the Next Big Trend in Tech. What Investors Need to Know.,Yahoo,https://finnhub.io/api/news?id=1ba5b4f604988f322181c7287d3e16e7032a674a8539ed41805d779653e8f5d7,0.0,0.831,0.169,0.6705,2025-05-15
2025-05-14 21:27:44,"Advanced Micro Devices, Inc. (AMD) Gains Boost As Bank Of America Raises Target On AI Deal Momentum",Yahoo,https://finnhub.io/api/news?id=c49d84e8f310e7cd4fe958faa7e5bcd6bc19d5634ca986e71bdda794fa1b01ac,0.0,0.806,0.194,0.9169,2025-05-15
2025-05-14 21:08:17,Intel (INTC) Shares Tumble After Market Share Hits Lowest Since 2002,Yahoo,https://finnhub.io/api/news?id=0dd66831c27e307802664b610bdddd7b0056a839a82debeb180db16d90dca499,0.178,0.582,0.24,0.1779,2025-05-15
2025-05-14 20:57:20,"Wall Street Wavers as Traders Digest Fed Official's Remarks, OPEC Report",Yahoo,https://finnhub.io/api/news?id=9d06d649a4c82c4f76c2ba92b4e89af20fe0bebff2a57a8c2ce4565dadf0ef29,0.0,1.0,0.0,0.0,2025-05-15
2025-05-14 20:42:00,"These Stocks Moved the Most Today: Nvidia, AMD, Super Micro, UnitedHealth, eToro, Oklo, Exelixis, and More",Yahoo,https://finnhub.io/api/news?id=3dca276282d2b0ace44871b1325c98d047e80ddec2dc7bbb8a72796e1fa1a487,0.044,0.724,0.232,0.886,2025-05-15
2025-05-14 20:29:07,Who Needs China? Saudi Arabia Steps Up As Big Buyer Of AI Chips.,Yahoo,https://finnhub.io/api/news?id=9e00783df093dd08a10e2491b628b65e9150eba6620021d3a81ec605e2083fd6,0.0,0.944,0.056,0.2263,2025-05-15
2025-05-14 20:20:35,"BofA Calls Nvidia, AMD Likely 'Top Winners' from Saudi AI Infrastructure Deals",Yahoo,https://finnhub.io/api/news?id=2b56aa5edaabadc42bb9d2dfc0847235ca7c39fd34eaeca437b10ed1119e3008,0.0,0.632,0.368,0.836,2025-05-15
2025-05-14 20:18:52,"Analyst reboots Nvidia, AMD stock price targets on Saudi deal, potential",Yahoo,https://finnhub.io/api/news?id=f21ea00fac35e1a6d14f3c909230392da9cf5420a9d0b84282141613df902e52,0.0,1.0,0.0,0.0,2025-05-15
2025-05-14 20:03:00,Saudi AI push fuels chip optimism: What to know,Yahoo,https://finnhub.io/api/news?id=18bee5b4fdc3f2e815596bc286dfd4c760dbf7abc9b1684c14f0b84f89f5f046,0.032,0.85,0.118,0.8085,2025-05-15
2025-05-14 19:55:11,Sector Update: Tech Stocks Advance Late Afternoon,Yahoo,https://finnhub.io/api/news?id=ece9e10fe45f225e89827b9f0260d7db5508836e9d3db236cd91705eff272793,0.0,1.0,0.0,0.0,2025-05-15
2025-05-14 19:47:45,"Silicon Valley's conference season kicks off amid AI, tariff trepidation",Yahoo,https://finnhub.io/api/news?id=f1e611f50f076af7ce9147e81ce60ceb89d5f986beeefb38ad506fd30fbe778c,0.0,0.935,0.065,0.2023,2025-05-15
2025-05-14 13:40:00,"Nvidia, AMD extend stock gains. Why the AI trade is roaring back.",MarketWatch,https://finnhub.io/api/news?id=34fcd50ac7d6b28fd155731835e1daa0ce6193a9353ce02e94ac619b3af49e29,0.0,0.709,0.291,0.7351,2025-05-14
2025-05-14 18:23:00,"Boeing, GE Aerospace Get Qatar Airways Order After Saudi AI Tech Deals",DowJones,https://finnhub.io/api/news?id=860da7843b3f7899f87be64c736639f925014fe37342fa0beccf281e34ad7dfc,0.0,1.0,0.0,0.0,2025-05-15
2025-05-14 18:15:00,"New era of US-Middle East trading will be about AI, not crude oil",Yahoo,https://finnhub.io/api/news?id=242a127a17717d8b37eb1fc7c714eb9d5a76de8bc942cb11ae94585757a7ce77,0.026,0.865,0.109,0.8689,2025-05-15
2025-05-14 17:50:15,Sector Update: Tech Stocks Advance Wednesday Afternoon,Yahoo,https://finnhub.io/api/news?id=cea664ad7324877fa47dd3799d2575c7d6f4a481465876570fd38f923b35bf42,0.0,1.0,0.0,0.0,2025-05-15
2025-05-14 17:43:10,"Nvidia Stock, AMD Benefit From Middle East Deals",Yahoo,https://finnhub.io/api/news?id=60f8216f34a7825c7458d1a40a963b5a71795e2f1622267874193afb5ef743df,0.0,0.776,0.224,0.9169,2025-05-15
2025-05-14 17:35:00,AMD vs. Lattice Semiconductor: Which FPGA Stock Has the Edge?,Yahoo,https://finnhub.io/api/news?id=867837db09c7c0c39d8c71b6e53beb68c9e245082e3ad0ac239882df183c4407,0.0,0.86,0.14,0.5994,2025-05-15
2025-05-14 17:33:59,Advanced Micro Devices (NasdaqGS:AMD) Announces US$6 Billion Buyback And AI Expansion,Yahoo,https://finnhub.io/api/news?id=0f6378982a03fe95159f4b98c5676e5135a6926c411d2af1c7d59dd3d0c88f7f,0.0,0.792,0.208,0.9493,2025-05-15
2025-05-14 16:58:38,Is Advanced Micro Devices (AMD) the Tech Stock That Trump’s Fellow Republican Bought Amid Market Rout?,Yahoo,https://finnhub.io/api/news?id=47846c6682dd2f4ad38d6a738b4b2826f5f9b4526a59f10d5e400a6c3e2ad2c9,0.0,0.946,0.054,0.4588,2025-05-15
2025-05-14 16:57:38,Nvidia and Other AI Stocks Climb as Saudi Deals Raise Expectations of More to Come,Yahoo,https://finnhub.io/api/news?id=3e2cd2827874ffcdd0e2fd4da4b85e40ed5c6f180d701fcc269d76f12fbff2e4,0.0,0.847,0.153,0.6808,2025-05-15
2025-05-14 16:23:14,"NVIDIA, AMD targets raised at BofA following sovereign AI deals",Yahoo,https://finnhub.io/api/news?id=f215fb7e74a6b93b67dee41a56173a6c905a5fd1fd77db5c425036f6d881e700,0.0,0.819,0.181,0.8591,2025-05-15
2025-05-14 16:05:56,Why AMD Stock Popped Wednesday Morning,Yahoo,https://finnhub.io/api/news?id=27c86f05d92b3e08ebc1e1a20b5fa34b3484d259c965e81df40806fd7c2d7a26,0.0,0.846,0.154,0.4767,2025-05-15
2025-05-14 14:49:00,Palantir Stock Hits Another All-Time High. The AI Trade Is On Fire.,MarketWatch,https://finnhub.io/api/news?id=68c70f98ef81d5d73f32a7e16ba04242027a0f8608c84847dfd2813372ea9f3f,0.179,0.821,0.0,-0.5859,2025-05-14
2025-05-14 14:43:37,"Tech Stocks Edge Up, AMD Rallies 5%, 30-Year Yields Eye Danger Zone: What's Driving Markets Wednesday?",Benzinga,https://finnhub.io/api/news?id=b1b8dd8788ed939deb58a605d7d3b70756e0a2f4d4d3115cbf64fe3d747f1151,0.081,0.81,0.11,0.0516,2025-05-14
2025-05-14 12:52:21,"Advanced Micro Devices, Inc. announces an Increase in Equity Buyback.",Finnhub,https://finnhub.io/api/news?id=6d0128c13d7bc0ff7d9d6d30e954b4c376d167f5d4b8de8a4f1b2300a851d043,0.0,0.814,0.186,0.7717,2025-05-14
2025-05-14 12:40:00,Tech Stocks - Focus On What Management Isn't Talking About,SeekingAlpha,https://finnhub.io/api/news?id=42c2faf54e586731f3caa559730f6c866619d382cc564bce7ca27895c4f30f18,0.121,0.879,0.0,-0.5106,2025-05-14
2025-05-14 11:23:00,"These Stocks Are Moving the Most Today: Nvidia, AMD, Super Micro, UnitedHealth, Oklo, Exelixis, Grail, and More",MarketWatch,https://finnhub.io/api/news?id=40a4b41e0dbf058ffaac776415d3c5e882fa8d0951bf0509682686874fdb0bdb,0.0,0.804,0.196,0.8316,2025-05-14
2025-05-14 12:04:31,AMD: Sell The Buyback News,SeekingAlpha,https://finnhub.io/api/news?id=c662e12287ad3161bd39c3b481470ed66ebd91b0364658ba4320ca9708bb456e,0.0,0.865,0.135,0.4939,2025-05-14
2025-05-14 11:42:44,Saudi PIF strikes multibillion-dollar deals with top US asset managers,Finnhub,https://finnhub.io/api/news?id=8d9a0dbe3632cd2e57af15319e923af296eb5fb230a608250165b0a4e21ec06d,0.063,0.829,0.108,0.2023,2025-05-14
2025-05-14 10:57:00,SMCI Stock Jumps 15%. What’s Behind Super Micro’s Latest Surge.,MarketWatch,https://finnhub.io/api/news?id=8c277b0748976a53ff88cf8e8301d57cf7fff141bfae42790355041d2a63ef0e,0.0,0.698,0.302,0.8316,2025-05-14
2025-05-14 10:28:41,AI chipmaker AMD unveils $6 billion buyback plan,Finnhub,https://finnhub.io/api/news?id=010ef56c34e3a4f4a42c22be3a459f2df9ffac4bc0d3c435169b6bc8592629d2,0.0,0.898,0.102,0.4939,2025-05-14
2025-05-14 10:20:00,"AMD Stock Jumps. Buyback News, and More, Boosts AI Chip Maker.",MarketWatch,https://finnhub.io/api/news?id=ea0871aafe649b66e9a0b602df0dfee31180ab4fb3f67c0249af78b8fbcf86aa,0.0,0.794,0.206,0.6353,2025-05-14
2025-05-14 10:19:44,Why the S&P 500 still struggled to gain despite the AI rally on Wednesday,MarketWatch,https://finnhub.io/api/news?id=11b928cc0fb92a08738288f302c795d0148a81a99674da18c936caacbe802295,0.135,0.674,0.191,0.4588,2025-05-14
2025-05-14 10:07:00,"Arm Eats Into Intel and AMD Market Share in First Quarter, Say Citi Analysts",MarketWatch,https://finnhub.io/api/news?id=b1d2346e660d969bc008aeaea63910730d8573555cb65a4ec73a0d22122c02db,0.0,0.855,0.145,0.5267,2025-05-14
2025-05-14 10:00:00,Sui leads way as most big cryptocurrencies post drops,MarketWatch,https://finnhub.io/api/news?id=ee936a120d0df543da2ae9d768759cc2f5c4f7164b0965f9b43b260cd8b950fd,0.0,1.0,0.0,0.0,2025-05-14
2025-05-14 09:32:07,Advanced Micro Devices Boosts Stock Buyback by $6 Billion,Finnhub,https://finnhub.io/api/news?id=3f6b0ddd5c3f18b90bee9c68e19464bc96d99149e00eb91f5fa9a302df18c9c7,0.0,0.847,0.153,0.6486,2025-05-14
2025-05-14 09:11:15,AMD announces new $6 billion share buyback plan,Finnhub,https://finnhub.io/api/news?id=5a9277095f97f804248598c9d01b856cbc776a9973fe030a7d5ad035d3df4507,0.0,0.67,0.33,0.8957,2025-05-14
2025-05-14 09:02:51,"AMD Will Never Match Nvidia, And That's Why It's A BUY (Upgrade)",SeekingAlpha,https://finnhub.io/api/news?id=0a1cb88863cdee0f32dc6bd131d30b8dae8d8597b4d2874dbf6f873e4b082de2,0.0,0.94,0.06,0.3818,2025-05-14
2025-05-14 09:02:03,AMD Announces New $6 Billion Share Repurchase Authorization,Finnhub,https://finnhub.io/api/news?id=1cfb91752a43612a8f386baed1a3acc84fbea137230efaaa32a8e743aca2d706,0.0,0.837,0.163,0.7351,2025-05-14
2025-05-14 08:09:00,Parnassus Value Equity Fund Q1 2025 Commentary,SeekingAlpha,https://finnhub.io/api/news?id=28be985f5e53631e0225d2794d521c1d6c9324a5c17f9539f9dc07555c958fc9,0.0,0.719,0.281,0.8126,2025-05-14
2025-05-14 07:01:39,AI infrastructure firm TensorWave raises $100 million in latest funding,Finnhub,https://finnhub.io/api/news?id=f0041022f0d05d174eb76eb9ece8c3935fdef5c472993ca593289c296f851ba0,0.0,0.932,0.068,0.4019,2025-05-14
2025-05-13 19:02:58,Advanced Micro Devices First Quarter 2025 Earnings: Beats Expectations,Yahoo,https://finnhub.io/api/news?id=197c3341941e824f3672da30423a8f24a751b60ec2e1241ded982c2028c3e945,0.0,0.862,0.138,0.4588,2025-05-14
2025-05-13 17:49:02,Trump and MBS Tout $1 Trillion Pledge as Details Remain Elusive,Yahoo,https://finnhub.io/api/news?id=dc7f67037ed5fd23b0437e18bfd22910a691c5b80d1cb120516d6049a9a58da6,0.082,0.918,0.0,-0.5423,2025-05-14
2025-05-13 17:25:12,"Nvidia Leads Chips Stocks Higher on Optimism About New Partnerships, Trade Deals",Yahoo,https://finnhub.io/api/news?id=8effbf7b95fac31bb42fa533f6601f5795d391694a230efd9f5c1fe33679e0d8,0.0,0.739,0.261,0.8481,2025-05-14
2025-05-13 17:06:06,Nvidia Stock Retakes Key Level On Saudi AI Deal,Yahoo,https://finnhub.io/api/news?id=d3b78bf246305fb543234d671822b9d811a2e98e59e38987643088826432952f,0.0,0.893,0.107,0.4767,2025-05-14
2025-05-13 16:23:57,AMD Launches EPYC 4005 Chips For Small Business And Cloud,Yahoo,https://finnhub.io/api/news?id=5efe0b9a1f53b0a384603a5b54f18d1543336faf9bd8a9f1aa4723bbfb162ea5,0.0,0.865,0.135,0.836,2025-05-14
2025-05-13 16:09:00,"Trump Celebrates $600B Saudi Investment: ‘Never Seen Anything Like It’ - Advanced Micro Devices (NASDAQ:AMD), AECOM (NYSE:ACM)",Benzinga,https://finnhub.io/api/news?id=8d66415815da7cec487bd0a1f38464a368497725a129d0c859478b5e19650278,0.0,0.737,0.263,0.8689,2025-05-14
2025-05-13 16:08:00,"AMD and HUMAIN Form Strategic, $10B Collaboration to Advance Global AI",Yahoo,https://finnhub.io/api/news?id=016be995769c7f6e81f2d1f20e23416c908d24f31ca6d58d41cf536e1bfa8dcf,0.0,0.917,0.083,0.765,2025-05-14
2025-05-13 15:12:33,Bullish AMD Analyst Eyes $200 Price Target After Blowout Q1 Earnings,Yahoo,https://finnhub.io/api/news?id=26939ffb3f4b902ef1cc69f870d1b7fbce51a7bced81d5c170cffd13696d2616,0.0,0.729,0.271,0.9783,2025-05-13
2025-05-13 15:05:00,AI chips will likely find their way to China despite export controls,Yahoo,https://finnhub.io/api/news?id=0f6b25dc596c567ad00d50096d232233ef231291f89861be5cb18a9c27e54d2f,0.023,0.919,0.058,0.5267,2025-05-13
2025-05-13 14:06:55,US to Boost Saudi AI Chip Access Even as China Issues Linger,Yahoo,https://finnhub.io/api/news?id=2acf187cd508865457150f360286f471997ef8adec0240ae5e9682518df27112,0.014,0.875,0.112,0.8,2025-05-13
2025-05-13 13:42:12,"Investment Bank Raises Price Target on Advanced Micro Devices, Inc. (AMD) Stock",Yahoo,https://finnhub.io/api/news?id=57d0e646995dc2c45210e00dd07d1dea433ff1d36ce34a93d7b565986a12122e,0.0,0.713,0.287,0.9601,2025-05-13
2025-05-13 13:00:00,"AMD Unveils EPYC 4005 Series Processors, Delivering Workload-Optimized Solutions for Entry-Level Enterprise",Yahoo,https://finnhub.io/api/news?id=46b22a4de734fc86fe646e6cad7a0abcb18d8599f5a8a6156f81718198453dbc,0.0,0.911,0.089,0.7003,2025-05-13
2025-05-13 12:56:00,Humain Partners with U.S. Tech Companies to Build AI Infrastructure in Saudi Arabia -- Update,MarketWatch,https://finnhub.io/api/news?id=9969c6b7e9c21929c4c8d7dab3d687c8da72ba48908f3ba5f8727c0f44a3517d,0.0,1.0,0.0,0.0,2025-05-13
2025-05-13 12:45:20,Shares of semiconductor and chip stocks are trading higher as investors assess US-China trade progress and Saudi Arabia deals.,Benzinga,https://finnhub.io/api/news?id=815feca9b9fd4fa0ea7c23d3c5e3cecc7b4ff67f822254ab32adf24aa3a5394a,0.0,0.773,0.227,0.6124,2025-05-13
2025-05-13 12:41:55,U.S. to Grant Saudi Arabia More Access to AI Chips: Report,Yahoo,https://finnhub.io/api/news?id=d6af4e4dec5309677d116cf0ef0f6530f97584c2bb5cd934d2ddf728a9bb1a59,0.0,0.823,0.177,0.8344,2025-05-13
2025-05-13 12:26:58,"Chips Rebooted: SMH Surges On Trade Truce, Bullish Setup Signals More Upside",SeekingAlpha,https://finnhub.io/api/news?id=0f0663c4904847480ddd9bd3e2ec904e0fc9a6e4d80ce7f3420ceed443d8e932,0.135,0.865,0.0,-0.7241,2025-05-13
2025-05-13 12:08:00,"AMD and HUMAIN Form Strategic, $10 Billion Collaboration to Advance Global AI",Finnhub,https://finnhub.io/api/news?id=6ff1c27d458b355c5c0ca2e76be97efcda2e8f31fbb7438f0ed9468799490faf,0.0,0.833,0.167,0.765,2025-05-13
2025-05-13 10:00:00,Large cryptocurrencies mixed as Tronix drops,MarketWatch,https://finnhub.io/api/news?id=2bef5f2c20341a0d7cb0ce4be855771e71822a57da83a5ed242160dd23d61a56,0.0,1.0,0.0,0.0,2025-05-13
2025-05-13 09:04:47,Advanced Micro Devices Stock (AMD) Stuck in Neutral as AI Boom Accelerates,Yahoo,https://finnhub.io/api/news?id=183111dc8ef0ca55d32d50c9dfda7fc65e7003d03a8bd85973f0569e03acd307,0.144,0.805,0.05,-0.8468,2025-05-13
2025-05-13 03:16:14,NFJ: Worth Watching And Buying On Dips,SeekingAlpha,https://finnhub.io/api/news?id=c51cc4a154d642e3a7fa0fa423cdb0e1bab2da4a1f7c6a89a4eb036cf4f56e7d,0.0,0.759,0.241,0.2263,2025-05-13
2025-05-28 23:08:08,The Long Wait For Broadcom's 'AI Trifecta' Earnings Report Is Almost Over,SeekingAlpha,https://finnhub.io/api/news?id=fe419f4fe91c3a6a4effe75667a1a79989b24624bd8c31378b11a43830fb3a1a,0.0,1.0,0.0,0.0,2025-05-29
2025-05-28 22:13:00,"Advanced Micro Devices, Inc. (AMD) Acquires Enosemi to Strengthen Its Co-Packaged Optics Capabilities",Yahoo,https://finnhub.io/api/news?id=6c98e2c9de71b0b3b0dec075d42a4a2e6ec05a16ee3acdde7de6f9c1c3060765,0.0,0.858,0.142,0.8225,2025-05-29
2025-05-28 21:03:21,Nvidia Is Better Prepared For The Future Than Competitors,SeekingAlpha,https://finnhub.io/api/news?id=d96cf2865f2a39f8146a70e88cdbefae6281019fac09207c0a03ecd3eafc3ac5,0.0,0.758,0.242,0.836,2025-05-29
2025-05-28 20:09:25,"Hopper Is No Longer An Option, But That Is Okay: Upgrading Nvidia To A Buy",SeekingAlpha,https://finnhub.io/api/news?id=938973d74f2ea70a8b33b3ff62b3d86c429c369234ad4dcb49ce2973a8623c68,0.103,0.842,0.055,-0.2617,2025-05-29
2025-05-28 20:01:00,Options Market Signals Bullish Impetus on AMD Stock,Yahoo,https://finnhub.io/api/news?id=eee606a7c5586a802e91d25a23550f845f818660a809a88d20da1b5134b484c5,0.025,0.84,0.135,0.8625,2025-05-29
2025-05-28 18:22:38,"HSBC Upgrades Advanced Micro Devices (AMD) Stock to Hold, Lifts PT",Yahoo,https://finnhub.io/api/news?id=f71b738345f0f760481471c9dd3f319883c9a8098db8b81d515d68a8312dec15,0.036,0.834,0.129,0.7096,2025-05-29
2025-05-28 18:10:18,AMD buys Enosemi to boost co-packaged optics offerings,Yahoo,https://finnhub.io/api/news?id=6b6cab3c8b62e85001c0762990c329580f2d0a32a864bf3660f5386be4919702,0.0,0.871,0.129,0.8316,2025-05-29
2025-05-28 18:00:00,Is Qualcomm Stock (QCOM) a Hidden Gem in Deep Value Territory?,Yahoo,https://finnhub.io/api/news?id=50f7dd01ade5c8bc6f5f40a8f5e305dcc2245dd53531859408218e48bda743b8,0.15,0.744,0.106,-0.34,2025-05-29
2025-05-28 17:55:49,Nvidia earnings are giving a lift to these other chip stocks,MarketWatch,https://finnhub.io/api/news?id=c661228b157416b4fd86f3ecbdd53858a4bdec23c7a5b4d432b127cd71be4cb4,0.0,0.806,0.194,0.5859,2025-05-29
2025-05-28 16:20:38,AMD Is Winning The Gaming Market,SeekingAlpha,https://finnhub.io/api/news?id=58f697f792d118de39cae16975b925f3b8f1c27f1796fd06705ed7cfa8fb0dff,0.0,0.737,0.263,0.8402,2025-05-29
2025-05-28 14:05:00,Intel vs. Advanced Micro: Which Chipmaker is the Better Buy Now?,Yahoo,https://finnhub.io/api/news?id=e2e9f15818f86f9f1967e649ef86d0b3e320a9aa4cc019017ffe1fdb572ae82a,0.0,0.66,0.34,0.9081,2025-05-28
2025-05-28 14:01:01,3 things Nvidia investors should look out for in its earnings call,Yahoo,https://finnhub.io/api/news?id=da2ace4cc8265430afa20bffc1d942897add4b4c4d4f47016a811f513ee1e58e,0.0,0.947,0.053,0.2023,2025-05-28
2025-05-28 13:49:34,Advanced Micro Devices: Growth Catalyst From Data Center Focus And Current Momentum,SeekingAlpha,https://finnhub.io/api/news?id=d27b5b12cc2090d7b3560001ab94b59238c03eb23c482777619d05947da46d26,0.0,0.767,0.233,0.7845,2025-05-28
2025-05-28 13:20:00,Lam Research Gains 18% in a Month: Should You Buy the Stock Now?,Yahoo,https://finnhub.io/api/news?id=c21c3a51167ab0bf17aa564016a2a6a867fb4c9585f3080ef69ca879a9c910ab,0.0,0.725,0.275,0.8834,2025-05-28
2025-05-28 13:10:51,HSBC upgrades AMD to Hold following tariff de-escalation,Yahoo,https://finnhub.io/api/news?id=3e562d443c53cdd376beba0079b0ed727f9d7857c77fa7c2e668406059200fb5,0.0,0.846,0.154,0.9413,2025-05-28
2025-05-28 11:38:23,AI Chips Today - AI Revolution Powers Market Growth With Key Innovations,Yahoo,https://finnhub.io/api/news?id=75dd587d8624b6960f33d537012ac16bce1788c82a09d29075e7e2986ccd00fe,0.0,0.816,0.184,0.9346,2025-05-28
2025-05-28 11:15:24,"Advanced Micro Devices, Inc. (AMD) TD Cowen's 53rd Annual Technology, Media and Telecom Conference (Transcript)",SeekingAlpha,https://finnhub.io/api/news?id=c4db8f8952b6542f978d25bf57d2731729f3721899ffa7778e4030006379d55d,0.0,0.895,0.105,0.4588,2025-05-28
2025-05-28 10:30:00,Where Will AMD's Stock Be In 3 Years? The Answer May Surprise You.,Yahoo,https://finnhub.io/api/news?id=321a7ee32c5d6b867bdfa2b2a7fdca7ee18118d496501f4a23ce4155feb1f2f1,0.026,0.873,0.101,0.6582,2025-05-28
2025-05-28 10:00:00,"Large cryptocurrencies drop on Solana, Dogecoin declines",MarketWatch,https://finnhub.io/api/news?id=97963b2c70f028d710035250d3ba54604bacda9660ea100d8988bca9297f5bee,0.259,0.741,0.0,-0.4939,2025-05-28
2025-05-28 09:35:15,"Transcript : Advanced Micro Devices, Inc. Presents at TD Cowen?s 53rd Annual Technology, Media & Telecom Conference 2025, May-28-2025 08",Finnhub,https://finnhub.io/api/news?id=154ea948ecc5f6ec67fecfd614f20166535e9b7eaf81e7ceccf8ed835f6d596d,0.0,0.809,0.191,0.8777,2025-05-28
2025-05-28 07:35:00,"Semiconductor Industry Updates: Tariffs Ease, Hyperscalers Double Down, And AI Accelerates",SeekingAlpha,https://finnhub.io/api/news?id=1091f911d2532aebe68ae1efb8180c85a2017f0f72321c7767d868aba8a7e38b,0.125,0.741,0.134,-0.1901,2025-05-28
2025-05-27 21:01:05,"Why Semiconductor Stocks Broadcom, AMD, and Arm Holdings Rallied Today",Yahoo,https://finnhub.io/api/news?id=9fe4fc6d0b90d7693d8c6e57adafb0ded659622dffef1204c9d172bdf3c32a40,0.122,0.794,0.083,-0.4404,2025-05-28
2025-05-27 13:56:47,Why this Nvidia bull is 'anxious' ahead of earnings,Yahoo,https://finnhub.io/api/news?id=6b9bcd165303bbdaf69817052a8c2f6c533098bf1a2e8aef5302475d1eb0f858,0.026,0.946,0.028,0.0516,2025-05-27
2025-05-27 13:48:00,Here’s why HSBC analysts are giving up their bearish call on AMD’s stock,MarketWatch,https://finnhub.io/api/news?id=916ee43336cf0f1981b22eeae8e5f27bcb55846118a91f52589f03dad39d0f22,0.0,0.833,0.167,0.5859,2025-05-27
2025-05-27 13:38:55,"China Calls on Asean, Gulf States to Create ‘Big Market’",Yahoo,https://finnhub.io/api/news?id=80a7b43dec05c3ff86c92ca871aa68d9a084ba35da1750c3d8061a497a281643,0.06,0.788,0.152,0.8481,2025-05-27
2025-05-27 11:05:30,Nvidia's bear case: Is the hype train running out of tracks?,Yahoo,https://finnhub.io/api/news?id=74ac92557c24ddffc6c5feb1881037f5983e8caa8771c2b62706c7f32b602e5e,0.0,1.0,0.0,0.0,2025-05-27
2025-05-27 11:03:00,Nvidia Stock Gains Ahead of Earnings. What the Market Needs to See.,MarketWatch,https://finnhub.io/api/news?id=2416756422b10872a0c7e79cbd88d9fc257703791b5727b787c137c180db812f,0.0,0.821,0.179,0.5859,2025-05-27
2025-05-27 10:00:00,Large cryptocurrencies rise as Sui increases,MarketWatch,https://finnhub.io/api/news?id=1f2f4578513916ef84c7d876ee615ccb7a8b2c7019977b6ed1c2141297f6253c,0.0,1.0,0.0,0.0,2025-05-27
2025-05-27 01:28:51,Nvidia Q1 Preview: Trade War Troubles,SeekingAlpha,https://finnhub.io/api/news?id=f96818002953c2e2dea4277b440cbeddc55b4c22c88267b2e2f8f87ed9600c01,0.633,0.367,0.0,-0.7845,2025-05-27
2025-05-26 22:00:00,Amazon Just Sent a Massive Warning to Nvidia Investors,Yahoo,https://finnhub.io/api/news?id=3c423f11f167b7d9d656290dfa681ae15dd82910225aba28c3eabd6b92b9048c,0.089,0.849,0.063,-0.1779,2025-05-27
2025-05-26 16:05:11,Why Nvidia's rise could signal bad news for climate goals,Yahoo,https://finnhub.io/api/news?id=bb5adfd673d1c33341568a39aa414b3174441a36e9b949b73c54ff5737a2415c,0.119,0.881,0.0,-0.5423,2025-05-27
2025-05-26 11:37:16,This Week In AI Chips - AI Innovations Revolutionize Financial Security and Communication,Yahoo,https://finnhub.io/api/news?id=47941bd92fbe547f0981d1fc3b192de8609ddca9f7d815e799e722fe6987d860,0.0,0.73,0.27,0.969,2025-05-27
2025-05-26 10:25:56,6 charts that capture Nvidia's AI-fueled rise,Yahoo,https://finnhub.io/api/news?id=345fa0174652aed5aefcac5d4b2f526bc67710a16a50cbc74270b0fdc58e50a7,0.0,0.831,0.169,0.7264,2025-05-27
2025-05-26 07:00:00,"Largest U.S. Pension Sells Apple Stock, Buys Meta, AMD, and McDonald’s",Yahoo,https://finnhub.io/api/news?id=016e12320962f9604374687e0c663f71f6253b4c0c2681e7f0190cd4365a757d,0.0,0.883,0.117,0.8553,2025-05-27
2025-05-25 12:30:45,"Nvidia has lost its shock power to investors, for now",Yahoo,https://finnhub.io/api/news?id=e52fe45d75faaa5f50ef3deaccdb25ab150abf8e0d2e9e243903dc12a96aa1c0,0.199,0.732,0.069,-0.4939,2025-05-27
2025-05-25 10:15:00,Nvidia's Gaming Business Could Be in Trouble,Yahoo,https://finnhub.io/api/news?id=4c73788aa8050419935f6b51860e9c1ed3ade78a07703bbd7c7be3d48e8d1fc3,0.115,0.774,0.111,0.1779,2025-05-27
2025-05-24 16:47:00,"Billionaire fund manager, skeptical of AI, backs shocking stock",Yahoo,https://finnhub.io/api/news?id=6e2e7a59d7f3d13b9b8de1b0bb34994e883214a5bdc6300db5982b615bcf1a43,0.215,0.695,0.09,-0.3832,2025-05-27
2025-05-24 15:17:00,Should You Buy These Beaten-Down Tech Stocks?,Yahoo,https://finnhub.io/api/news?id=ed8aa11498ba8dffb27e5782525ce56ea465f5332bb3035b465735aa16f7b9cd,0.093,0.722,0.185,0.9212,2025-05-27
2025-05-24 14:35:15,Option traders moderately bearish in Advanced Micro Devices with shares down 1.59%,Yahoo,https://finnhub.io/api/news?id=538edbeb61d590281afd81dcbc4bc5ee73ac5a5796fe2b53ab804a5cf97ec463,0.037,0.853,0.111,0.7184,2025-05-27
2025-05-24 13:00:00,A Once-in-a-Decade Investment Opportunity: 1 Artificial Intelligence (AI) Chip Stock to Buy Hand Over Fist Right This Instant (Hint: It's Not Nvidia),Yahoo,https://finnhub.io/api/news?id=6318500f7a896ec519ccf40089d6290c8805d9755d469371d81dfe3df2ed4565,0.028,0.693,0.279,0.8842,2025-05-27
2025-05-24 08:10:00,Billionaire Philippe Laffont Just Sold Shares of Nvidia and 2 Other AI Powerhouses and Bought Shares of This Nvidia-Backed Company,Yahoo,https://finnhub.io/api/news?id=78ad89410bc4230f351e30a531b17b7e130e5dae2fe037c3304d5d411124e779,0.0,0.883,0.117,0.8176,2025-05-27
2025-05-24 00:01:00,Nvidia: 5 Channel Checks Ahead Of Earnings,SeekingAlpha,https://finnhub.io/api/news?id=47c06c3bb28eb189696dff7a015343a59e627f9cd37957b64d68059bc04e3526,0.057,0.82,0.123,0.34,2025-05-27
2025-05-23 17:04:47,Advanced Micro Devices Unveils New GPUs for Gaming and AI Development,Yahoo,https://finnhub.io/api/news?id=a943a461c089da346576b51d5d54896c7fdf64f4cd468070d4478c9d9ca04c1e,0.029,0.819,0.152,0.7968,2025-05-27
2025-05-23 12:55:00,Micron Stock Soars 23% in a Month: Time to Hold or Book Profits?,Yahoo,https://finnhub.io/api/news?id=83a2d394d13cd62b49fc4694e402743d16115e8322c47e4de025a72b7391d7c3,0.0,0.786,0.214,0.6908,2025-05-23
2025-05-23 12:00:00,Where Will AMD Stock Be in 3 Years?,Yahoo,https://finnhub.io/api/news?id=21a0ba4cbbfa60b053c6810cd4863ef77c7c2567d6d4053dd002eafff5124e3f,0.019,0.849,0.132,0.8847,2025-05-23
2025-05-23 11:53:55,"Red Hat and Advanced Micro Devices, Inc. (AMD) Strengthen Strategic Collaboration to Advance AI Solutions",Yahoo,https://finnhub.io/api/news?id=9381cc348f3547c1ae8dcd48928a66a402f6c2975155a213a2783e656b1351f4,0.0,0.868,0.132,0.7906,2025-05-23
2025-05-23 11:37:37,AI Chips Update - NVIDIA Partners With Navitas For Next-Gen Data Center Power,Yahoo,https://finnhub.io/api/news?id=935c9f4f23c002e5b528219724f8952734ea53a42177bb22613bb9fe2d58285d,0.0,0.897,0.103,0.802,2025-05-23
2025-05-23 11:00:34,"AMD: Valuation Is Attractive Now, Shifting To Buy (Rating Upgrade)",SeekingAlpha,https://finnhub.io/api/news?id=90370cde5dbce9b4842b712cd22d9595a2d25b91bdea91b9737d949aa8ba280b,0.0,0.756,0.244,0.4404,2025-05-23
2025-05-23 10:31:15,AMD: Selling Options On This Chip Juggernaut Could Yield 15% Or More,SeekingAlpha,https://finnhub.io/api/news?id=30f4bb3b5d7c18faa49c8d8c302c7ec8a75157cf1e619b64ca8856aab355d4fd,0.0,0.776,0.224,0.8313,2025-05-23
2025-05-23 10:00:00,"Most large cryptocurrencies decrease on Sui, Tronix drops",MarketWatch,https://finnhub.io/api/news?id=250b8e805835c5d5cdefc6626fd1e4b48204d3e679dee886b33ef379e7e91865,0.0,1.0,0.0,0.0,2025-05-23
2025-05-23 09:50:00,BUZZ Investing: Tariff Chaos Drive Historic Market Swings,SeekingAlpha,https://finnhub.io/api/news?id=69a76ad9865b2d8c588701754508702599b5fcc3eec5b5473aaf01810b430d1f,0.119,0.804,0.077,-0.3182,2025-05-23
2025-05-23 09:30:00,What the Era of ‘Sovereign AI’ Means for Chip Makers,Yahoo,https://finnhub.io/api/news?id=a1b9c81716041c526523f6b89230cd22cba8879133997bd3c16ce0f6eba12714,0.055,0.945,0.0,-0.128,2025-05-23
2025-05-22 20:27:51,"Was Jim Cramer Right About Advanced Micro Devices, Inc. (AMD)?",Yahoo,https://finnhub.io/api/news?id=d8df75bc7eb05f214ccb9573530892be015a06eabb53bb9672ab00e5c484b789,0.045,0.893,0.062,-0.1431,2025-05-23
2025-05-22 18:48:19,Intel Doesn't Need To Beat TSMC To Win - Nearing $20 Buy Signal,SeekingAlpha,https://finnhub.io/api/news?id=2f26159412f55730d7dc5bcdafbc472ee3781820c18496c2b93b458e4b37a22a,0.077,0.789,0.135,0.4588,2025-05-23
2025-05-22 17:23:50,Advanced Micro Devices (NasdaqGS:AMD) Unveils High-Performance AI GPUs And CPUs At COMPUTEX 2025,Yahoo,https://finnhub.io/api/news?id=042716cd6b068791ae7f1d9923672980d52b405f4308bd6ca96cfd5292a1f44d,0.0,0.826,0.174,0.891,2025-05-23
2025-05-22 16:14:25,"Nvidia, AMD And The AI Arms Race: 3 Explosive ETFs To Watch Right Now",Benzinga,https://finnhub.io/api/news?id=076bff77507b387435ee48721e47ec36c307265c189f7b9db33bcf611445ea19,0.065,0.855,0.08,-0.0516,2025-05-23
2025-05-22 16:03:00,Bank of America sends strong message on AMD stock ahead of key AI event,Yahoo,https://finnhub.io/api/news?id=ca401fcb7eeb02f82a27390037cc96e029efbd3763e4f745a0d5c07432ff2f8c,0.0,0.87,0.13,0.5106,2025-05-23
2025-05-22 12:52:56,AMD: Positives Everywhere,SeekingAlpha,https://finnhub.io/api/news?id=633e24862ab8a5f88a1bfc6bebdf25c55ddace6eb92773d63c7118109e31d48c,0.0,0.647,0.353,0.9217,2025-05-22
2025-05-22 10:24:00,"NVIDIA's Q1 Earnings Coming Up: Time to Buy, Sell or Hold the Stock?",Yahoo,https://finnhub.io/api/news?id=5bdb37b14a6817833cddc19ace30c60b1d8917bb66709cb53862b1f5cfd427d5,0.042,0.866,0.092,0.4215,2025-05-22
2025-05-22 10:11:00,Nvidia Stock Rises. Why This Analyst’s Shrugging Off China Chip Restrictions Impact.,MarketWatch,https://finnhub.io/api/news?id=3b87ce3c01b9954070185f68fd557983f0c20d9eb8e918806ce2f6b4b7454f2e,0.0,1.0,0.0,0.0,2025-05-22
2025-05-22 10:00:00,Most big cryptocurrencies rise as Avalanche  rallies,MarketWatch,https://finnhub.io/api/news?id=d8db6da5aa90c2c6b18fda3914e5596fbab0adc30a51406612b6e61567322b52,0.0,1.0,0.0,0.0,2025-05-22
2025-05-22 09:55:00,2 Stocks Down 46% and 14% to Buy Right Now,Yahoo,https://finnhub.io/api/news?id=7b4afb8e5b91cbdac44ce7adf171ebdde2f349b6f20ffa905ad7fd18c33f3f29,0.0,0.938,0.062,0.4215,2025-05-22
2025-05-22 09:29:03,AMD Is Poised For A Sharp Rebound To $175,SeekingAlpha,https://finnhub.io/api/news?id=e7cd79eaa6c076b13da98aa7a3503eba44109e85ff061833297bb69e1792f321,0.0,0.8,0.2,0.25,2025-05-22
2025-05-22 08:09:04,Micron's High-Speed Memory Crossroad Drives Direxion's MU-Focused Bull And Bear ETFs,Benzinga,https://finnhub.io/api/news?id=6a8b44847d26cd1c94115b943666fa452c4e7ac039e8c092e330c8d5094a3341,0.0,1.0,0.0,0.0,2025-05-22
2025-05-22 08:00:00,2 Nasdaq-100 Stocks I'd Buy Without Hesitation Right Now,Yahoo,https://finnhub.io/api/news?id=ec4901639fb0a0e1787789721e17a639f1f6c16e4dd73c672e04eb81ec2c718f,0.119,0.769,0.112,0.1316,2025-05-22
2025-05-22 07:40:00,Artisan Global Opportunities Fund Q1 2025 Commentary,SeekingAlpha,https://finnhub.io/api/news?id=f6d78cb14e7f38f45300260494bcda66c2c15327813613cd55ed2f8b93d5b2a4,0.109,0.737,0.153,0.128,2025-05-22
2025-05-21 23:55:49,"Advanced Micro Devices, Inc. (AMD) Gets $130 Target from BofA, Is It the Next Big AI Winner?",Yahoo,https://finnhub.io/api/news?id=70b33a264513e7c61c36bdfd00532d75d228db801dcf64d33d44995e87e44fce,0.057,0.846,0.097,0.4939,2025-05-22
2025-05-21 22:55:15,AMD: Inference Explosion Incoming,SeekingAlpha,https://finnhub.io/api/news?id=f882e9dd24d5b387e52123c117e826eb6359eb8dfba69050aabfe23acecadfd2,0.0,1.0,0.0,0.0,2025-05-22
2025-05-21 17:40:00,"AMD’s stock is worth a fresh look, Bank of America says",MarketWatch,https://finnhub.io/api/news?id=eb84e8dfd59bee5f8af0e4a5a6de4f94d5915e1143e086fa662c3ebeb161caa2,0.0,0.682,0.318,0.7506,2025-05-22
2025-05-21 17:35:45,"Advanced Micro Devices (NasdaqGS:AMD) Unveils New AI PCs, Graphics Cards, and Processors",Yahoo,https://finnhub.io/api/news?id=88583c2159251f453987405474b4c743d4d63cdf495a2f389d278acce5faa438,0.0,0.852,0.148,0.891,2025-05-22
2025-05-21 16:22:03,AMD Aims To Kick Rival Intel While It's Down,DowJones,https://finnhub.io/api/news?id=baecd323447ee15a9432fa8af8c267fda39a344957792c244b7387bbcb7088b8,0.0,1.0,0.0,0.0,2025-05-22
2025-05-21 16:19:26,Nvidia CEO Jensen Huang Calls US Curbs on Advanced Chip Exports to China ‘Failure’,Yahoo,https://finnhub.io/api/news?id=c448dca6fed85910070951bc1ae13f13ad4a4a9fc92aef38b4c6b8833373880a,0.0,0.957,0.043,0.25,2025-05-22
2025-05-21 13:55:49,This Bear Call Spread May Be Best For A Stalling AMD Stock,Yahoo,https://finnhub.io/api/news?id=d5b54f4bf11dd947092fbddd1d4d97bdaca6913d0b1020c10424902fb0877ed4,0.047,0.724,0.23,0.7964,2025-05-21
2025-05-21 12:54:33,Nvidia CEO Jensen Huang Does It Again,SeekingAlpha,https://finnhub.io/api/news?id=119ec3f7cb47b783b3923b7627db7ff477a9216f739dbba3cf9835686c90a416,0.0,0.795,0.205,0.7579,2025-05-21
2025-05-21 12:09:07,Top Analysts Ride the AMD AI Wave Post $3 Billion ZT Systems Deal,Yahoo,https://finnhub.io/api/news?id=de30847b68261bc5f47e96a352ac38f5a50ed7f9a1c53f3384a06bd83a8bb830,0.0,0.93,0.07,0.2023,2025-05-21
2025-05-21 11:40:45,Latest News In AI Chips - Astera Labs and NVIDIA Boost AI Infrastructure Connectivity,Yahoo,https://finnhub.io/api/news?id=0389b2f311cdc624908698d950da2d33c23298a1932f5fc129aaf762b458c3b1,0.023,0.815,0.162,0.886,2025-05-21
2025-05-21 11:37:21,Asus and Amd Jointly Unveil Full 2025 Expert P-Series Lineup At Amd Press Conference,Finnhub,https://finnhub.io/api/news?id=f358c77d8b882a45d021b0738c707e5c67c0e2d5e7be22320e7f59ffe5779c19,0.0,1.0,0.0,0.0,2025-05-21
2025-05-21 10:00:00,"Large cryptocurrencies climb on Cardano, Ethereum increases",MarketWatch,https://finnhub.io/api/news?id=812e2f5f7f5dd8efe8a361eee79106e1b3bfa15071619cfb1cfa98ef95bf8050,0.0,1.0,0.0,0.0,2025-05-21
2025-05-21 09:45:00,AMD's Runner-Up Position Remains A Viable Rebound Story,SeekingAlpha,https://finnhub.io/api/news?id=23ed56c40288cf4289d31c7d1a5eb271a1849d228f382ab80c612b5735eb84d7,0.0,0.667,0.333,0.8885,2025-05-21
2025-05-21 09:25:09,AMD Advanced Micro Devices : Meeting Transcript (2025 05 14 AMD 2025 Annual Stakeholder Meeting call),Finnhub,https://finnhub.io/api/news?id=42ddf4c2ba68cb092bf909c8a5077588dabdb9d56a308d7e41cce935f71ce291,0.0,0.768,0.232,0.886,2025-05-21
2025-05-21 09:15:00,Where Will Nvidia Be in 3 Years?,Yahoo,https://finnhub.io/api/news?id=3f3f2d7911887120a640b20c3e629c261700c2cb38c716281ea8742725c069ea,0.024,0.873,0.103,0.6808,2025-05-21
2025-05-21 09:14:22,AMD Falls Short On Closing The Data Center Growth Gap (Rating Downgrade),SeekingAlpha,https://finnhub.io/api/news?id=faa97aaafd5d5f17337554a620023f43d6e5c5c671f58b9baff2411750392576,0.0,0.804,0.196,0.7906,2025-05-21
2025-05-21 06:52:58,Advanced Micro Devices (AMD) Makes $3B Move — Here’s Why Citi Still Rates It ‘Neutral,Yahoo,https://finnhub.io/api/news?id=66e59157386c37507ca37094e924bc1506100032df5a0d59eeae58c29410f91c,0.0,0.904,0.096,0.7351,2025-05-21
2025-05-21 03:05:51,Asus and Amd Jointly Unveil Full 2025 Expert P Series Lineup At Amd Keynote,Finnhub,https://finnhub.io/api/news?id=3955e3cdc4721b2c7a608a8480db5463c0f2ee8e3960e4486177e9c3bdf0e3fb,0.0,1.0,0.0,0.0,2025-05-21
2025-05-21 03:05:45,"Advanced Micro Devices, Inc. Introduces New Radeon Graphics Cards and Ryzen Threadripper Processors at COMPUTEX 2025",Finnhub,https://finnhub.io/api/news?id=e2a244e7634ddd9006c6b1ffcac4776e84bcd9512c936b8a872c1db46826b4e8,0.0,0.918,0.082,0.4588,2025-05-21
2025-05-30 15:06:12,Nvidia's Growth Phase Is Still In Full Bloom,SeekingAlpha,https://finnhub.io/api/news?id=e8f9a2b87f6c8bcc3075734aab69ce59bbf9629819fc799d5c3fd2eda1653ed5,0.0,0.686,0.314,0.8979,2025-05-30
2025-05-30 14:41:06,Shares of chip stocks are trading lower amid reports indicating the Trump administration is planning wider China tech restrictions.,Benzinga,https://finnhub.io/api/news?id=671dd7d27cd2875386e1ced3137e960e9cb4da6c08407399dffd9cdb359be59b,0.103,0.794,0.103,0.0,2025-05-30
2025-05-30 12:00:24,Groq’s founder on why AI’s next big shift isn’t about Nvidia,Yahoo,https://finnhub.io/api/news?id=eaf5b29fcf38cb109f5fd6becc649141ac43c13842fadc8b9c8b06334858b383,0.0,0.916,0.084,0.967,2025-05-30
2025-05-30 11:37:43,This Week In AI Chips - Accelerating In-Car AI: Cerence Partners With Arm,Yahoo,https://finnhub.io/api/news?id=f1f272fc8cdda0bb12238149dd967c8cc60daf8f498c8159d32233f1dae77ae9,0.0,0.862,0.138,0.8834,2025-05-30
2025-05-30 10:50:23,FEPI Vs. QDTE: Both Funds Offer A Unique Value Proposition,SeekingAlpha,https://finnhub.io/api/news?id=a53e9b0689da4a27714ddad72dc8f14bdff81ff0334429f74adb995aa432b559,0.0,0.789,0.211,0.34,2025-05-30
2025-05-30 10:00:00,Large cryptocurrencies fall as Dogecoin declines,MarketWatch,https://finnhub.io/api/news?id=191e5c1176434dec801ce71dfe567d435ce7a5f6b16ec0f5ecda55279a99a588,0.0,1.0,0.0,0.0,2025-05-30
2025-05-30 09:29:00,1 Magnificent Vanguard ETF to Confidently Buy With $600 During the Stock Market Rebound,Yahoo,https://finnhub.io/api/news?id=f3b45ed085ef85e4d328b665d683a27b783f69d973af1be02282f3213ce0e1f0,0.0,0.736,0.264,0.9719,2025-05-30
2025-05-30 07:51:00,Billionaire David Tepper of Appaloosa Just Sold 5 Prominent Artificial Intelligence (AI) Stocks,Yahoo,https://finnhub.io/api/news?id=72714a6594361a394eb52ea4df09eee93e96cfbe9d1127bbc390b758a6517aee,0.0,0.833,0.167,0.6597,2025-05-30
2025-05-29 20:53:50,Tracking Ray Dalio's Bridgewater Associates 13F Portfolio - Q1 2025 Update,SeekingAlpha,https://finnhub.io/api/news?id=065e3ec67a0a852f8de27f888c48bbc88870b963b8035abf2eaab07f900ec8b7,0.0,0.947,0.053,0.2023,2025-05-30
2025-05-29 17:00:24,Nvidia: Time To Get Greedy,SeekingAlpha,https://finnhub.io/api/news?id=00d333646e12eb3b4820b1456b48bd810b5a01d43f2cbdcb6bf677a9c72f87a8,0.058,0.677,0.266,0.8074,2025-05-30
2025-05-29 15:59:15,Big Tech stocks pare gains as uncertainty looms over Trump tariffs,Yahoo,https://finnhub.io/api/news?id=87af30d0ec2d131bd9658b5a77d4b8b8d9fff9a70b754eaada4261c99b9f3b51,0.096,0.789,0.115,0.2023,2025-05-29
2025-05-29 15:28:38,"Nvidia: The China Story Is Not Over Yet, Trust In Jensen",SeekingAlpha,https://finnhub.io/api/news?id=f33f75d149e19cce7bbcd62541c9d40b9538abad22ad35349c683f8b7fa304c8,0.213,0.787,0.0,-0.4023,2025-05-29
2025-05-29 13:30:00,Cathie Wood Goes Bargain Hunting: 1 Monster Artificial Intelligence (AI) Semiconductor Stock She Just Bought on the Dip. (Hint: It's Not Nvidia or AMD.),Yahoo,https://finnhub.io/api/news?id=d2a6fef3bc33426ea0b6d2be6359e157f30c321ca2bd5a675a39a4e611db0b42,0.0,0.864,0.136,0.5994,2025-05-29
2025-05-29 11:30:00,AMD: Take Full Advantage Of The Solid Nvidia Earnings,SeekingAlpha,https://finnhub.io/api/news?id=9048fac4db061a5835e39d03692d0842c32ba34b78a49ed5d13bd2155243fcab,0.0,0.674,0.326,0.8442,2025-05-29
2025-05-29 11:00:00,Top S&P 500 Opportunities: 3 Stocks with Significant Growth Potential,Yahoo,https://finnhub.io/api/news?id=303880cd1e1e7029640581bfd01c9025795d11ec546f6bdc2fe275a5ccf4918c,0.0,0.556,0.444,0.9732,2025-05-29
2025-05-29 10:41:14,"Social Buzz: Wallstreetbets Stocks Advance Pre-Bell Thursday; Nvidia, AMD to Open Higher",Yahoo,https://finnhub.io/api/news?id=503586310869cfca291bac30a68bab2953ac8af8c4f3f4374bc07b783e6076f7,0.0,0.92,0.08,0.25,2025-05-29
2025-05-29 10:15:00,"Trees Don't Grow To The Sky, But Nvidia Does",SeekingAlpha,https://finnhub.io/api/news?id=5f94a7f435d90fca1e722ae449a2fa92d5a5498b93197b676ed8051b4b99c5c8,0.0,0.803,0.197,0.8338,2025-05-29
2025-05-29 10:00:00,Sui leads way as most big cryptocurrencies post gains,MarketWatch,https://finnhub.io/api/news?id=a4dc0e0762b643dd988070c29e2311561e9fb230e146244ffd92ae9c0b86fabd,0.0,0.769,0.231,0.5859,2025-05-29
2025-05-29 10:00:00,Nvidia: Don't Worry About Margins,SeekingAlpha,https://finnhub.io/api/news?id=81c680f59f2dcdfc4262f923c113f53365511c368300cfd679c3850830c96487,0.0,0.644,0.356,0.9154,2025-05-29
2025-05-29 09:43:20,"Salesforce delivers an earnings surprise, but bears on the stock still lurk: What Wall Street is saying",Yahoo,https://finnhub.io/api/news?id=fd01a87d06e247cb3c903de2861491b82b643e8f98c707a5d80c8181ff8d1c26,0.058,0.84,0.102,0.1779,2025-05-29
2025-05-29 09:18:55,Nvidia and CEO Jensen Huang get a pass for an earnings whiff: What Wall Street is saying,Yahoo,https://finnhub.io/api/news?id=9c29992bfbeae8b1cb6a478f26bd6e0621761f0aaa473f1ddb56771a4938d53d,0.0,0.965,0.035,0.1406,2025-05-29
2025-05-29 07:15:00,"AMD Isn't The Next Nvidia, But It Doesn't Need To Be",SeekingAlpha,https://finnhub.io/api/news?id=c2834e0e760baa5bba3b25cff3e491538d0636aae1bf5322525662ecdd5fada1,0.0,1.0,0.0,0.0,2025-05-29
