publishedDate,title,source,url,neg,neu,pos,compound,trading_date
2025-04-10 16:58:23,"S&P, Dow Jones Pharma Names Rattled — Again — On Trump's Tariffs Whiplash",Yahoo,https://finnhub.io/api/news?id=2c962a5d6369911f20d54803752bd0307ef39e280a10344546d37968e73cb860,0.069,0.931,0.0,-0.3182,2025-04-11
2025-04-10 14:48:00,Kenvue Stock Could Be a Cure for Investors’ Headaches,MarketWatch,https://finnhub.io/api/news?id=a94b71526899c4dd476d19e417ffe53749dacf70a2cd9a180caaa8d73ef85c2a,0.0,1.0,0.0,0.0,2025-04-10
2025-04-10 13:15:12,Seeking Clues to Johnson & Johnson (JNJ) Q1 Earnings? A Peek Into Wall Street Projections for Key Metrics,Yahoo,https://finnhub.io/api/news?id=f627cbee576c2a8efabe6032840ae218de9736ddc01230af6f330c8d30008c7d,0.0,0.945,0.055,0.4404,2025-04-10
2025-04-10 13:00:15,Johnson & Johnson (JNJ) Is a Trending Stock: Facts to Know Before Betting on It,Yahoo,https://finnhub.io/api/news?id=5b7c071e96a7f3b44c7d382c9180555e87314bb691abfd05f621ee394e51ad9c,0.063,0.895,0.043,-0.2263,2025-04-10
2025-04-10 12:42:43,Jim Cramer’s Take On Johnson & Johnson (JNJ): Are Litigation Fears Creating a Rare Buying Opportunity?,Yahoo,https://finnhub.io/api/news?id=14df08357362eb3aaabf09baf8b94c6aa51774f682449a3246c4dcf87a2c0d83,0.098,0.841,0.062,-0.4404,2025-04-10
2025-04-10 12:05:00,Icotrokinra results show 75% of adolescents with plaque psoriasis achieved completely clear skin and demonstrate favorable safety profile in a once daily pill,Yahoo,https://finnhub.io/api/news?id=254f0de70a518ef6c28bf8164b8aa7891ef85067e2690693c880740a95350af5,0.0,0.844,0.156,0.9382,2025-04-10
2025-04-10 10:20:51,"Johnson & Johnson, Protagonist Tout Positive Results For Psoriasis Oral Pill Study",Benzinga,https://finnhub.io/api/news?id=8feb01599ca546ef0ff1c87356ad90e0cd8fade28fcdcecd976b8f9c8588559f,0.034,0.673,0.294,0.9118,2025-04-10
2025-04-10 09:24:12,Alphabet To $185? Here Are 10 Top Analyst Forecasts For Thursday,Benzinga,https://finnhub.io/api/news?id=76e77b09de20a8bef64cbcbef3bcfb409bf2661facf7cfd1c26a899fb0c307fc,0.0,0.847,0.153,0.2023,2025-04-10
2025-04-10 09:17:00,Stock Market Sell-Off Shopping Spree: 3 Top Dividend Stocks I Just Bought to Boost My Passive Income,Yahoo,https://finnhub.io/api/news?id=3f6755e6458adfb8e18d693b8563dff9c61501a760337fd1af9ae70f36236ba1,0.027,0.735,0.238,0.9313,2025-04-10
2025-04-10 08:08:11,Johnson & Johnson Presents Icotrokinra Results Showing 75% Of Adolescents With Plaque Psoriasis Achieved Completely Clear Skin And Demonstrate Favorable Safety Profile In A Once Daily Pill,Benzinga,https://finnhub.io/api/news?id=b01428071adf80cb613d3c0fc06d23cd1894a578f4f4e17d3955bf6fd0e481f8,0.0,0.809,0.191,0.9382,2025-04-10
2025-04-10 07:51:00,"The Dow Crashed 4,260 Points in 3 Days: Here Are 3 Dow Stocks That Make for No-Brainer Buys Right Now",Yahoo,https://finnhub.io/api/news?id=caa6e3dd0ea82ed9b394bbe11207ee6c5cd1e794631180e5774741e48174d8db,0.0,1.0,0.0,0.0,2025-04-10
2025-04-09 18:09:48,Johnson & Johnson (NYSE:JNJ) Shares React as FDA Grants Multiple Designations to Nipocalimab,Yahoo,https://finnhub.io/api/news?id=d99df35d1c1095d4f157397e48a80b3da1f0861c50bc77923653aa8260ca723c,0.0,0.795,0.205,0.9325,2025-04-10
2025-04-09 14:11:57,Trump says pharmaceutical tariffs may be coming: What to know,Yahoo,https://finnhub.io/api/news?id=a04ba988dddb39f80fffc7912b11ca46a589bf0f30c8ab29645f4be12e91d0bb,0.057,0.943,0.0,-0.5267,2025-04-09
2025-04-09 13:51:17,"Novo Nordisk, AbbVie Stocks Slide After Trump Vows Pharma Tariffs",Yahoo,https://finnhub.io/api/news?id=4ad9c1d7fea3deeec7d2b3a280135f38198b941591a33ba2179d1043ce0de99c,0.076,0.924,0.0,-0.7506,2025-04-09
2025-04-09 12:04:27,Goldman Sachs Upgrades Johnson & Johnson (JNJ),Fintel,https://finnhub.io/api/news?id=7117b90dd0fb3487881bf2948e28a1e142f83e8b8542dc4f1e32cc1f901d011a,0.0,1.0,0.0,0.0,2025-04-09
2025-04-09 11:57:00,"Johnson & Johnson, Amgen share losses contribute to Dow's 100-point drop",MarketWatch,https://finnhub.io/api/news?id=e27971560febbb982a6ff26dac51197f646ae4bbe9a6cd38a00460b2d2d4f9ed,0.32,0.533,0.147,-0.6369,2025-04-09
2025-04-09 11:49:00,Why drug stocks are no longer a safe haven from the stock market’s turmoil,MarketWatch,https://finnhub.io/api/news?id=239fef194b45c3e0deed88ea159536c67bcfdddecfa594d190ef5f32a420718c,0.253,0.591,0.156,-0.3818,2025-04-09
2025-04-09 11:33:46,"Johnson & Johnson highlights new data that showcase the strength of nipocalimab, demonstrating long-term sustained disease control in adults living with generalized myasthenia gravis",Finnhub,https://finnhub.io/api/news?id=be184935413a9bf758ead370d7e954175f0e25e79e579bd2d112b79b2cbf3eaa,0.0,0.941,0.059,0.4939,2025-04-09
2025-04-09 10:56:00,"Amgen, Merck share losses contribute to Dow's 262-point drop",MarketWatch,https://finnhub.io/api/news?id=6060dbf8ddfa610787306cff9b36ca17e9e02761f5949a9e6d1e8f42f1a42faa,0.369,0.462,0.169,-0.6369,2025-04-09
2025-04-09 10:45:00,Mar Vista U.S. Quality Premier Strategy Q1 2025 Commentary,SeekingAlpha,https://finnhub.io/api/news?id=5d1db2072218b3c756c5f54e504f1e2464d1f3287819271d6c4ab907ca089d76,0.0,1.0,0.0,0.0,2025-04-09
2025-04-09 10:00:00,Mar Vista U.S. Quality Q1 2025 Commentary,SeekingAlpha,https://finnhub.io/api/news?id=b402e3eb56d62b2c08f6e8b6787df9601c844b1dc0d698ca3b0f64f247e58a17,0.0,1.0,0.0,0.0,2025-04-09
2025-04-09 09:47:00,"Merck, Goldman Sachs share losses lead Dow's 166-point fall",MarketWatch,https://finnhub.io/api/news?id=fedda70006cdbcdf41609b628db08d5e1884d8ff447d818ede58e89d4cfcce97,0.227,0.588,0.185,-0.25,2025-04-09
2025-04-09 08:47:06,Amazon.com To $255? Here Are 10 Top Analyst Forecasts For Wednesday,Benzinga,https://finnhub.io/api/news?id=6ef9b6fd764484427fcbd96deb2ce024dcf8fecb287181536d1c5cb0d30e7428,0.0,0.847,0.153,0.2023,2025-04-09
2025-04-09 08:10:42,This Apple Analyst Is No Longer Bearish; Here Are Top 5 Upgrades For Wednesday,Benzinga,https://finnhub.io/api/news?id=c2e9597cd9c84d12a80a77fdaa0dfff48a667aad23bc865e5c4fccd6d3533fac,0.138,0.75,0.113,-0.1027,2025-04-09
2025-04-09 07:00:00,ClearBridge Value Strategy Q1 2025 Commentary,SeekingAlpha,https://finnhub.io/api/news?id=35535e3cea80b09456684a0cb073c03b1717d2f8f368e5df3aa2bd24396ed4a2,0.0,0.676,0.324,0.34,2025-04-09
2025-04-08 22:14:16,Johnson & Johnson (JNJ): Among Defensive Stocks Billionaire Ken Fisher is Betting On,Yahoo,https://finnhub.io/api/news?id=5a61632c3ef9b67852b1a7711606d09ff729b9975cd6925cae98ba75b3994261,0.0,0.92,0.08,0.4215,2025-04-09
2025-04-08 21:45:16,Johnson & Johnson (JNJ) Stock Moves -0.52%: What You Should Know,Yahoo,https://finnhub.io/api/news?id=ad787759b84fc77476cdb04c6f417ab65449c9324249c4dd3831a4c7926d9e61,0.0,1.0,0.0,0.0,2025-04-09
2025-04-08 18:26:32,Johnson & Johnson's New 'Compelling Data' Shows Sustained Symptom Improvement In Muscular Disease Patients,Yahoo,https://finnhub.io/api/news?id=fdbcc6609708525d9145c5fa5b1c4c4d25fed64fa05f630967f397baf5264263,0.0,0.857,0.143,0.9042,2025-04-09
2025-04-08 17:58:13,"Biopharma Shakeup: Goldman Boosts J&J, Eli Lilly While Flagging Risks at Pfizer and AbbVie",Yahoo,https://finnhub.io/api/news?id=bc94276900cad2ebcc0b80e6d2292450595274f18897df2b28b0da16be1a544f,0.175,0.755,0.069,-0.3612,2025-04-09
2025-04-08 17:44:40,"AAN 2025: J&J reveals data for nipocalimab, showing long-term disease control in MG",Yahoo,https://finnhub.io/api/news?id=89f3d9fbbafc9265334924a2ea74638362c0539828fd0a90d48d44101500ac5c,0.0,1.0,0.0,0.0,2025-04-09
2025-04-08 14:59:30,Cell Therapy Maker Legend Biotech Is An 'Attractive Opportunity' Due To No Material Tariff Exposure: Analyst,Benzinga,https://finnhub.io/api/news?id=f543c319f0ba9f2eb1d656c816a5a2d4dc78ffae8fa9cf225351158381cde28f,0.097,0.7,0.203,0.6908,2025-04-08
2025-04-08 14:57:22,"As Trump Tariffs Spark Panic, Investors Rush Into These 5 'Recession-Proof' ETFs",Benzinga,https://finnhub.io/api/news?id=efc8fe51fcfe87005b2763a4aab8f68bdbf0722ca760ba59efa545d8238460e7,0.096,0.816,0.087,-0.3182,2025-04-08
2025-04-08 14:03:18,"Walgreens, CVS, & US drugmakers make big moves: What to know",Yahoo,https://finnhub.io/api/news?id=4802859d758f4365de19e8df750d7be4ad395ac3a31a609b767e157d6ab882c0,0.0,0.96,0.04,0.4215,2025-04-08
2025-04-08 14:00:09,Johnson & Johnson (JNJ) Expected to Beat Earnings Estimates: Can the Stock Move Higher?,Yahoo,https://finnhub.io/api/news?id=6eeb98fe7b73854d0c1bd50c3826ea6f109706e5d53c42bb3f0e4d4d25279b55,0.0,0.956,0.044,0.2263,2025-04-08
2025-04-08 09:57:30,J&J starts IVL trial in ‘difficult-to-cross’ coronary arteries,Yahoo,https://finnhub.io/api/news?id=dd2af907c5b79bd4f6a2faa7a67cdefa64ad35ff39af45cb97de991d2fcc5a2e,0.0,1.0,0.0,0.0,2025-04-08
2025-04-08 09:30:34,Johnson & Johnson Says New Data Support Nipocalimab's Long-Term Disease Control in Myasthenia Gravis,Yahoo,https://finnhub.io/api/news?id=064b6b6b5d577c038bec940bbbd00b717b39c41c62018cff574c62346615c3ed,0.0,0.917,0.083,0.4019,2025-04-08
2025-04-08 08:50:23,EC approves extension of indication for Janssen-Cilag’s Darzalex,Yahoo,https://finnhub.io/api/news?id=b014ff7ef8a01915d7a7813fc02432739b08bf685536455d3f9e0ab070049f64,0.0,0.791,0.209,0.7003,2025-04-08
2025-04-08 07:00:00,"Johnson & Johnson highlights new data that showcase the strength of nipocalimab, demonstrating long-term sustained disease control in adults living with generalized myasthenia gravis (gMG)",Yahoo,https://finnhub.io/api/news?id=7ea48e0f7766e6ae7c1e15376a5b5bae1d67b9ac019b0586de7f8e6daf6eb7cf,0.0,0.883,0.117,0.8885,2025-04-08
2025-04-07 16:25:00,"Transcript : Johnson & Johnson Presents at BofA Securities 2025 Healthcare Conference, May-13-2025 10",Finnhub,https://finnhub.io/api/news?id=79256d9ae0ccbcbd148c6495a126b7d5a6a92673e724a8114f281398a9a475e2,0.07,0.801,0.129,0.4588,2025-04-08
2025-04-07 11:12:09,J&J’s psoriatic arthritis therapy trial meets endpoints,Yahoo,https://finnhub.io/api/news?id=d067fa015d1d667e29b308fe1b16f7e8429e177736dee6d37e7d5159aa60117c,0.0,1.0,0.0,0.0,2025-04-07
2025-04-07 10:46:00,"Dow's 675-point fall led by losses for Nike, Home Depot shares",MarketWatch,https://finnhub.io/api/news?id=21f7e6db04ac2d0313d5eedcd1de78dd786ff5d88ff8f33f73f9d760c1bf6583,0.194,0.647,0.158,-0.25,2025-04-07
2025-04-07 09:33:19,"Halozyme Therapeutics Announced That Janssen-Cilag International NV, A J&J Company, Has Received European Commission Marketing Authorization Of The Subcutaneous Formulation Of RYBREVANT, In Combination With LAZCLUZE, For The First-Line Treatment Of Adult Patients With Advanced Non-Small Cell Lung Cancer With Epidermal Growth Factor Receptor Exon 19 Deletions Or Exon 21 L858R Substitution Mutations",Benzinga,https://finnhub.io/api/news?id=56bce281daa51d2ce2d544248a17e1499c3ecca8a240637a8dcd633710f5da49,0.052,0.893,0.055,-0.2023,2025-04-07
2025-04-07 09:27:05,Book Review: 'No More Tears' scrutinizes the legacy of health giant Johnson & Johnson,Finnhub,https://finnhub.io/api/news?id=93347a5e560eae703295e92a4c6f301380453a9b7cad9121d99dc4ac17b9e247,0.117,0.768,0.115,-0.0334,2025-04-07
2025-04-07 08:00:00,ClearBridge Small Cap Growth Strategy Q1 2025 Commentary,SeekingAlpha,https://finnhub.io/api/news?id=0d05ee80576887f8a527e6fc394b8892dec4c03a3e0052f0f59e58bc6ee0b379,0.0,0.729,0.271,0.3818,2025-04-07
2025-04-07 07:03:15,Johnson & Johnson - TREMFYA is the first and only IL-23 inhibitor to significantly reduce both the signs and symptoms and the progression of structural damage in adults living with active psoriatic arthritis,Finnhub,https://finnhub.io/api/news?id=558d01e114dcdcaafaade42cf2f1496d96fde0df6af51d4fc736ebb2c947d1de,0.065,0.896,0.039,-0.2023,2025-04-07
2025-04-05 19:00:00,Tariffs Stoke Fears That Hung Debt Will Return,Yahoo,https://finnhub.io/api/news?id=dcdf8afa08c74dfb7bc324925a7e4269a01e0ba35515a963fc3095e192cb5781,0.199,0.778,0.023,-0.93,2025-04-07
2025-04-05 08:14:13,"Janux Therapeutics: Buying For The Promising Pipeline, Holding For The Buyout",SeekingAlpha,https://finnhub.io/api/news?id=5819a095f5ce7ff62af0002f01ef824941e9b6f627ef88cbc30cd37e023de276,0.0,0.787,0.213,0.4019,2025-04-07
2025-04-05 08:00:00,"5 Relatively Secure And Cheap Dividend Stocks, Yields Up To 8% (April 2025)",SeekingAlpha,https://finnhub.io/api/news?id=a6d9de19c396701d482892fc3ddcb18bd7765e7a83f5a8f9f7304c93cdc7cd9a,0.0,0.746,0.254,0.802,2025-04-07
2025-04-18 19:08:52,"Jim Cramer on Johnson & Johnson (JNJ): Tariff-Proof, Drug-Driven, and Still a Buy",Yahoo,https://finnhub.io/api/news?id=7ec6894557c3de33cb7fd591d0866d2898b66fc5008465fac14c22c525545a6e,0.034,0.928,0.038,0.0772,2025-04-21
2025-04-18 13:21:26,ETF Shake-Up: UNH's Meltdown Meets LLY's Moonshot,Benzinga,https://finnhub.io/api/news?id=8304fe422afe6f874e36f5f0f179ff5060cf3c736ebb23cd259b07e0896a8ab8,0.059,0.736,0.206,0.7506,2025-04-21
2025-04-18 11:00:00,Johnson & Johnson Pivots Its AI Strategy,Yahoo,https://finnhub.io/api/news?id=681d593d6d10bd656321e73b4fb6fde44dbf6a4cf7d750e373f5191a2b7cdb39,0.0,1.0,0.0,0.0,2025-04-21
2025-04-18 02:01:16,How To Put $100 In Your Retirement Fund Each Month With Johnson & Johnson Stock,Yahoo,https://finnhub.io/api/news?id=30a4d476abc936455cbf041c48eb52465576523c9ad50fd7f2b9f3a7f7b23484,0.0,0.964,0.036,0.3493,2025-04-21
2025-04-17 23:02:04,"Johnson & Johnson : First Quarter 2025 2025 First-Quarter Earnings Transcript (April 15, 2025)",Finnhub,https://finnhub.io/api/news?id=f4f154a75017889bb24193f36871d1695c6fb3101c4776f79d4c80257648783b,0.0,1.0,0.0,0.0,2025-04-21
2025-04-17 16:34:00,UnitedHealth Woes Aren’t Dragging Down the Entire Sector. Here’s Why.,MarketWatch,https://finnhub.io/api/news?id=7c583e8464003982c9559ee2e332eb57b58b2432f7aa7336a5ae1f2993b17624,0.244,0.756,0.0,-0.7003,2025-04-21
2025-04-17 14:51:32,Johnson & Johnson (JNJ): Among the Innovative Healthcare Stocks to Watch in 2025,Yahoo,https://finnhub.io/api/news?id=e9685de8f6c5c672dd8035ee3410674eac40491b9282935980c23d22ec2a14ad,0.0,0.884,0.116,0.8271,2025-04-17
2025-04-17 12:03:00,Here's How You Should Play JNJ Stock After Q1 Earnings Beat,Yahoo,https://finnhub.io/api/news?id=6ffac6a0a1a23197f499e0e04a215311a22f26d73035a72e84bcf5ae9bcddfdd,0.0,0.836,0.164,0.6486,2025-04-17
2025-04-17 11:05:00,Netflix stock has been nearly unscathed by Trump tariffs. Some think it could be Silicon Valley’s version of Johnson & Johnson,Yahoo,https://finnhub.io/api/news?id=32dcfd0327ed26843576c5b133bf18eea9c73b44c2536176680fb76b633b0b3b,0.134,0.791,0.074,-0.3612,2025-04-17
2025-04-17 08:10:00,My Dividend Stock Portfolio: New All-Time Dividend Record In March - 100 Holdings With 15 Buys,SeekingAlpha,https://finnhub.io/api/news?id=3583de69a5b9294d49cfc850c02d9e183a0af145eb6a1cde6d77ee1e1a833ab0,0.0,1.0,0.0,0.0,2025-04-17
2025-04-17 08:07:00,This Super-Safe High-Yield Stock Just Extended Its Dividend Growth Streak to 63 Years in a Row,Yahoo,https://finnhub.io/api/news?id=500650db4d4cf7e145dcbf1d93a4c8d05fcbe9d2d4f02a49c900c75a080ce4f4,0.0,0.759,0.241,0.9524,2025-04-17
2025-04-17 08:05:00,Why Most Dividend Retirement Strategies Fail: How To Retire With Dividends,SeekingAlpha,https://finnhub.io/api/news?id=40e1dd77c0e9e9a9313fe744af6d82c758ab7a9231c0558e9379b7da3c227993,0.259,0.741,0.0,-0.5423,2025-04-17
2025-04-16 22:35:00,"Buy These Defensive Stocks After Beating Earnings Expectations?: ACI, JNJ",Yahoo,https://finnhub.io/api/news?id=82f5bb5b715e9cb6ce540010a1caf6ad08db270f38a487ec8c02c0cafe6a7251,0.072,0.821,0.106,0.1027,2025-04-17
2025-04-16 16:29:03,Johnson & Johnson to Participate in the 2025 RBC Capital Markets Global Healthcare Conference,Finnhub,https://finnhub.io/api/news?id=a263e0718044d7e472b5e0d130f06149cd1688a74947f00af42bfd5c06cb7802,0.0,1.0,0.0,0.0,2025-04-17
2025-04-16 16:28:00,J&J’s electrophysiology sales dip amid slow Varipulse start,Yahoo,https://finnhub.io/api/news?id=dce702f53e1d060a764e9186eef1c83963ca5749aba150e64758a6a836ec1d04,0.07,0.93,0.0,-0.34,2025-04-17
2025-04-16 16:06:20,Trump's New Order Targets Drug Pricing Transparency And Medicare Cost Reduction,Benzinga,https://finnhub.io/api/news?id=10a5b00390aa54dd3b99e897b0000d2de43969e8833a9843fb5aee60410cd985,0.055,0.945,0.0,-0.296,2025-04-17
2025-04-16 15:59:36,"Big banks report Q1 beats, China stops taking Boeing deliveries: Morning Buzz",Yahoo,https://finnhub.io/api/news?id=7bb7c49fe10931cfb1daba12fcbafbacfdb97dc9401770b00dfc0a0d76a8bd05,0.034,0.878,0.088,0.6089,2025-04-16
2025-04-16 15:24:36,"Needham upgrades Boston Scientific on easing competition, growth opportunities",Yahoo,https://finnhub.io/api/news?id=aafbd19806444be64c9aa8185e11bb960f26326e2908b8df4a92696f135158e5,0.054,0.808,0.138,0.4601,2025-04-16
2025-04-16 15:19:19,Is Johnson & Johnson (JNJ) the Best Dividend Monarch to Invest in Now?,Yahoo,https://finnhub.io/api/news?id=ed4c20077ad53e1219d4a6d89b8bb3e3741ffb4b6c9850dd1ed4be12d5fa0693,0.0,0.872,0.128,0.8201,2025-04-16
2025-04-16 14:41:03,IYH: Healthcare Dashboard For April,SeekingAlpha,https://finnhub.io/api/news?id=ef60e7fe50c851812342eddac8f56058cf17e7e5c0696e76992c679d592b9289,0.0,1.0,0.0,0.0,2025-04-16
2025-04-16 14:00:00,"ETFs in Focus Post JNJ's Q1 Earnings Beat, Dividend Hike",Yahoo,https://finnhub.io/api/news?id=fc2ea429513b40e5c3a8f6f0f8c5c811d14c3ca97a58a5416e30125ba1ffd444,0.0,0.811,0.189,0.6808,2025-04-16
2025-04-16 13:31:37,Jim Cramer: Johnson & Johnson (JNJ) Is a “Great American Company with a AAA Balance Sheet”,Yahoo,https://finnhub.io/api/news?id=47af10aee9447e2ac2f889f292152ff1e73e2775aa1fd2117cdf7458ef26558c,0.074,0.926,0.0,-0.6908,2025-04-16
2025-04-16 07:00:55,Johnson & Johnson (JNJ) Q1 2025 Earnings Call Highlights: Strong Sales Growth Amid STELARA ...,Yahoo,https://finnhub.io/api/news?id=ea1c9426d6becc202feaf5cf5a73423e6d0f7159945711b7936ddb378a9a7c5e,0.071,0.664,0.265,0.865,2025-04-16
2025-04-16 05:26:48,Q1 2025 Johnson & Johnson Earnings Call,Yahoo,https://finnhub.io/api/news?id=f3564baeb0ac83e81c61cb8a992fa75d6b576468f7ae608a4d8f3852284561be,0.0,1.0,0.0,0.0,2025-04-16
2025-04-15 22:15:00,Zeroes Across The Board,SeekingAlpha,https://finnhub.io/api/news?id=30e59d241d487380724fc79a556df8a92f3872182493ef08f8e1fd068e162130,0.0,0.751,0.249,0.743,2025-04-16
2025-04-15 20:42:00,"These Stocks Moved the Most Today: Bank of America, Citigroup, Netflix, Boeing, Tesla, HPE, Applied Digital, and More",Yahoo,https://finnhub.io/api/news?id=09fb0b39774eddc3da3e544d02d937f4809649943cab8a0fd3ff480122c92535,0.063,0.937,0.0,-0.5994,2025-04-16
2025-04-15 19:49:26,"J&J expects a $400M hit from tariffs, mostly from China",Yahoo,https://finnhub.io/api/news?id=8cea9aac74d58035abfaeb568a56022287a8cef79049e1bfa853ac56710c7f47,0.074,0.868,0.058,-0.0689,2025-04-16
2025-04-15 19:01:44,Johnson & Johnson (JNJ): Stuck in a Range but Ready to Break Out if Legal Clouds Clear – Jim Cramer Weighs In,Yahoo,https://finnhub.io/api/news?id=663b737b172f2cf96a865165b57445bba596d2287969be9ed1073f7fa54e72b4,0.067,0.837,0.096,0.3818,2025-04-16
2025-04-15 18:40:11,J&J projects $400m tariff hit but raises sales outlook,Yahoo,https://finnhub.io/api/news?id=71f565ebcf4d07d40309238a2bbd502fc28100023261ae5542ad0b0b1d21c17f,0.0,0.886,0.114,0.5927,2025-04-16
2025-04-15 18:07:50,Equities Little Changed Intraday After Corporate Earnings,Yahoo,https://finnhub.io/api/news?id=802f0222b51762b449bca5c067a8df69b4a3f27a6b2b43f117febca26156d485,0.0,1.0,0.0,0.0,2025-04-16
2025-04-15 17:30:39,Johnson & Johnson (NYSE:JNJ) Increases Dividend and Reports Strong Q1 Earnings Growth,Yahoo,https://finnhub.io/api/news?id=5d257fbb5bb2368d5a97aac49fa4c2aeeaf1b5efd21529a1d0c7b3622c57342d,0.0,0.804,0.196,0.9477,2025-04-16
2025-04-15 17:17:07,Healthcare Stocks Among Worst Performers -- Healthcare Roundup,Finnhub,https://finnhub.io/api/news?id=e3e518fbc8a7c0aee3c4b6b63a51d3b25f40eb60a7ae0f597aa8d6fc260bb6d3,0.181,0.771,0.048,-0.7906,2025-04-16
2025-04-15 17:08:00,Health Care Roundup: Market Talk,DowJones,https://finnhub.io/api/news?id=e05ec409a19e88dbe1acd5627a4daf286fbdc2d6f30c20bc760aa27b2035b1a6,0.0,0.556,0.444,0.7506,2025-04-16
2025-04-15 16:05:52,"J&J beat on earnings, but tariffs still pressure pharma sector",Yahoo,https://finnhub.io/api/news?id=c4d4f2e51831e8f5e264a3defb991604f38088760b8049d2906c6cdc78fae774,0.033,0.967,0.0,-0.4215,2025-04-16
2025-04-15 15:51:53,J&J sees tariff impact from exports to China more than global imports: CFO,Yahoo,https://finnhub.io/api/news?id=4a93b7d31c2b5998f5e0a47c90a86b4aeb9b4e413433d0bec82edafb47fdc362,0.057,0.943,0.0,-0.2023,2025-04-15
2025-04-15 15:50:50,Top Midday Stories: Elliott Takes Stake of Over $1.5 Billion in HP Enterprise; Johnson & Johnson Lifts Sales Outlook,Yahoo,https://finnhub.io/api/news?id=1b04a5e0f2016c864f73ea9e5f5bc45cd28296547cfd68da88af5fe1006bbc2e,0.0,0.952,0.048,0.2023,2025-04-15
2025-04-15 13:50:00,"These Stocks Are Moving the Most Today: Boeing, Tesla, Bank of America, Citigroup, J&J, Netflix, Rocket Lab, and More",Yahoo,https://finnhub.io/api/news?id=fa5bfbff9074da21c0ea9c0142970ff708478c967a62e83a1830338c24a0d442,0.062,0.938,0.0,-0.5994,2025-04-15
2025-04-15 15:39:00,Stocks rise as bank earnings and tech drive markets higher,Yahoo,https://finnhub.io/api/news?id=7c46b99463628ca77b6ce4a717171efdc80e1ca98b000118047a158eec9a3194,0.275,0.725,0.0,-0.8225,2025-04-15
2025-04-15 15:20:58,"Johnson & Johnson expects $400 million in tariff-related costs, mostly related to China",Yahoo,https://finnhub.io/api/news?id=974b0f77a5f0a11afa898bdc840d1e2f1bff14dde8dbbec066a5f72d247203ea,0.0,0.94,0.06,0.6478,2025-04-15
2025-04-15 15:15:32,"Citi and BofA earnings, Johnson & Johnson, China blocks Boeing",Yahoo,https://finnhub.io/api/news?id=ec524f86ccac85c022a934a0546207de02e4a5f49fbb672f043ca5c5f7db124e,0.071,0.897,0.031,-0.5106,2025-04-15
2025-04-15 15:14:00,"JNJ Tops Q1 Earnings, Ups '25 Sales View to Include Intra-Cellular Deal",Yahoo,https://finnhub.io/api/news?id=08863beb3799e6fdbe645fbe9e2da7a3f8cd039c6122e5cac3e300652e5f80f5,0.0,0.912,0.088,0.5106,2025-04-15
2025-04-15 15:04:00,J&J Boosts Outlook Despite Incoming Tariff Costs,Yahoo,https://finnhub.io/api/news?id=7851f6654c54033429b6b00f63c0eaba7357a100be41c041f06d1f5972472072,0.0,0.927,0.073,0.3182,2025-04-15
2025-04-15 15:04:00,Import Prices Turn Negative for First Time Since September,Yahoo,https://finnhub.io/api/news?id=5c22328e91384f137a166b388a1fee531743c20cf01f2c064d63576790f41ab7,0.316,0.684,0.0,-0.8126,2025-04-15
2025-04-15 15:04:00,J&J Increases Outlook After Beating 1Q Expectations,Yahoo,https://finnhub.io/api/news?id=7ed72cba29f2e65f9bd614a91498208109df909e773dd3eb93a5ed5a11925e91,0.094,0.906,0.0,-0.4588,2025-04-15
2025-04-15 15:00:00,Two New Dividend Picks To Help You Navigate Tariffs And Uncertainty -- One Yields 7%+,SeekingAlpha,https://finnhub.io/api/news?id=ce1eb6a468e7530a73723dd314d7a3ba87662768d81d6dc9bc9c974a0321441a,0.133,0.718,0.149,0.0772,2025-04-15
2025-04-15 14:54:00,Why Johnson & Johnson Stock Is Down After Earnings Beat Expectations,Yahoo,https://finnhub.io/api/news?id=bee5016614fbb346b9335799f40f0a99a89e36249f741ee7d4f67d836aa0b361,0.0,0.964,0.036,0.3612,2025-04-15
2025-04-15 14:51:26,J&J Expects Tariffs to Cost Company $400 Million,Yahoo,https://finnhub.io/api/news?id=ac1054d2d7348030c300ae64c030c0d0f20376f2400f85164cdbbc08105828b8,0.015,0.952,0.033,0.3818,2025-04-15
2025-04-15 14:42:01,Stock Market Today: Dow Jones Climbs While S&P 500 Flashes This Warning; These Bank Names Rally On Earnings (Live Coverage),Yahoo,https://finnhub.io/api/news?id=0b459d1bcbd7e05746956f6fd6733594088857a2a00bf1d79579a0f019cbb236,0.06,0.888,0.052,-0.09,2025-04-15
2025-04-15 14:19:00,"Import Prices, Empire State Come In Mild; Q1 Earnings Beats Abound",Yahoo,https://finnhub.io/api/news?id=b3fd74072cfe96ba00832a737c38b7fae5978c4c47b16fd532e56cda58416830,0.0,0.81,0.19,0.7783,2025-04-15
2025-04-15 13:47:55,Johnson & Johnson Raises Sales Outlook as Pharma Sales Lead Q1 Beat,Yahoo,https://finnhub.io/api/news?id=b64d68d51f4cc1578cf695489251713eb654dc5e1fac67adf15ce2f5bb73df22,0.0,1.0,0.0,0.0,2025-04-15
2025-04-15 13:33:56,J&J Forecasts $400 Million in Tariff-Related Costs This Year,Yahoo,https://finnhub.io/api/news?id=31638472afe373ee8368c27954cdf32c2aceb8b0eb6b739650a0fc2394e9a6e1,0.0,1.0,0.0,0.0,2025-04-15
2025-04-15 13:30:05,"Compared to Estimates, Johnson & Johnson (JNJ) Q1 Earnings: A Look at Key Metrics",Yahoo,https://finnhub.io/api/news?id=259caf489736b0d8bb4415f05bb0f41ed4975cf79e6324c4c82c3457fa15cb15,0.0,0.897,0.103,0.6597,2025-04-15
2025-04-15 13:20:03,Johnson & Johnson Raises Full-Year Sales Guidance Following First-Quarter Beat,Yahoo,https://finnhub.io/api/news?id=39e18949e75cac9a8f0673c9f39370e1f8027caff97d3eb09793f763172ea2cd,0.0,1.0,0.0,0.0,2025-04-15
2025-04-15 13:20:00,Wall Street Lunch: Banks Liking These Market Swings,SeekingAlpha,https://finnhub.io/api/news?id=94f5e89485e085181bd7e5122c0b802542cf0af1fd17fb4e1e4814795e9ecf29,0.0,0.722,0.278,0.4019,2025-04-15
2025-04-15 13:09:10,"Johnson & Johnson Q1 Earnings: Strong Cancer Drug Sales, Boosts Quarterly Dividend, Anticipates Negative Currency Impact For 2025 Profit",Yahoo,https://finnhub.io/api/news?id=d9f71ccc37bfa1b1ce673a01de3af83981051da8714fc32b24fd24d385e1a439,0.13,0.684,0.186,0.6908,2025-04-15
2025-04-15 12:55:00,NYSE Content Advisory: Pre-Market update + Bank of America beats earnings estimates,Yahoo,https://finnhub.io/api/news?id=48a6062960ba3e6708ef0dc6cdc9e4a12403209adb9186beb1ae1d7ecf4016d6,0.0,1.0,0.0,0.0,2025-04-15
2025-04-15 12:54:05,Wall Street Digests Earnings as US Equity Futures Drop Pre-Bell,Yahoo,https://finnhub.io/api/news?id=7de061d2b5442d068f1f80e6255be2ef78fe23db8bd8dea7cd4a5870712782f5,0.158,0.842,0.0,-0.5106,2025-04-15
2025-04-15 12:51:00,"These Stocks Are Moving the Most Today: Bank of America, Citigroup, Netflix, Boeing, Tesla, HPE, Applied Digital, and More",MarketWatch,https://finnhub.io/api/news?id=bf019594dd2dd7fd83f7bbf208c0ba87860f8d2eb082eea3b9277c128f9c8b28,0.0,1.0,0.0,0.0,2025-04-15
2025-04-15 12:49:08,"J&J Flexes Its Financial 'Bicep,' Hiking Guidance Despite Tariff Headwinds",Yahoo,https://finnhub.io/api/news?id=4d4e0b215477393ce0bc55175aa0a1d61725c5d07c6289c8a05c48f8c9ed4290,0.0,0.919,0.081,0.357,2025-04-15
2025-04-15 12:44:04,"Bank of America, Citigroup, Johnson & Johnson: Stocks to watch today",Yahoo,https://finnhub.io/api/news?id=42a280b8c3b08339f9c06a95a6b8be183cc818946a31418248b70b7d6d1b204a,0.043,0.957,0.0,-0.34,2025-04-15
2025-04-15 12:42:29,Johnson & Johnson (JNJ) Q1 2025 Earnings Call Transcript,SeekingAlpha,https://finnhub.io/api/news?id=2c9aac377c741d35ee50930b285c81b8f620d88fb350fd9518ceb801f68957b4,0.0,1.0,0.0,0.0,2025-04-15
2025-04-15 12:42:20,Johnson & Johnson 2025 Q1 - Results - Earnings Call Presentation,SeekingAlpha,https://finnhub.io/api/news?id=224045633f48ec44fd97004336ade4ff52e3139c97612f0110caf209f5de6983,0.0,1.0,0.0,0.0,2025-04-15
2025-04-15 11:13:08,J&J Boosts Outlook Despite Incoming Tariff Costs -- Update,Finnhub,https://finnhub.io/api/news?id=ed151153050f74e7a74246dbb1382252ac62fc835814f51eb69b21f8b9402317,0.0,0.947,0.053,0.3182,2025-04-15
2025-04-15 11:10:24,J&J first-quarter profit jumps on one-off gain; backs 2025 outlook,Fintel,https://finnhub.io/api/news?id=06c8a2ddabfffbd2458d00d0179101e09e9259b93de9a5f8fcc7403afa1d82a1,0.083,0.483,0.434,0.7269,2025-04-15
2025-04-15 10:43:12,Johnson & Johnson: First Look At Q1 Earnings - Solid Quarter Will Calm Nerves,SeekingAlpha,https://finnhub.io/api/news?id=f25f4c39a585d24493d2a420885960c433e9542707a4c81432b13092d254ab72,0.086,0.675,0.239,0.3612,2025-04-15
2025-04-15 10:27:00,"Johnson & Johnson raises sales outlook, even with tariff costs accounted for",MarketWatch,https://finnhub.io/api/news?id=375b1d74e77899bfacf435a9f4cd3a0113c3f7750e7b31e249c068ac2b56fd9e,0.0,1.0,0.0,0.0,2025-04-15
2025-04-15 09:54:02,Johnson & Johnson: A Dose of Resilience Amid Trade Tensions,Finnhub,https://finnhub.io/api/news?id=8502654cab6f317ee0af310dd97b7dca049061c0b65161c518d575b141820db6,0.057,0.777,0.166,0.4939,2025-04-15
2025-04-15 09:52:38,Dow Jones Rises After Key Economic Data; Bank Of America Jumps On Earnings,DowJones,https://finnhub.io/api/news?id=56a1fedcaaeb9b6aaeacf23b468243d05dc15d4248834c35b5e861a63b4f8e9f,0.0,1.0,0.0,0.0,2025-04-15
2025-04-15 09:49:18,Johnson & Johnson MedTech Announces Completion of First Cases with OTTAVA Robotic Surgical System,Finnhub,https://finnhub.io/api/news?id=3d0f1bbfde2d53ef1f452052a50fd70785a952a9a6c3148c3fd83950aef36093,0.0,0.964,0.036,0.1779,2025-04-15
2025-04-15 09:49:07,Johnson & Johnson : First Quarter 2025 Earnings Presentation,Finnhub,https://finnhub.io/api/news?id=acfdf86c132e24cc1d62d52b846ac10c92f000a01f58cc374eaa32e1468132e8,0.0,1.0,0.0,0.0,2025-04-15
2025-04-15 08:49:08,"Johnson & Johnson Skids Despite First-Quarter Beat, Sales Guidance Hike",DowJones,https://finnhub.io/api/news?id=be7a50a84cb6b58028494be2ff4622900816b534ad02ba4b9df43736d0d123a8,0.0,1.0,0.0,0.0,2025-04-15
2025-04-15 08:30:00,"Transcript : Johnson & Johnson, Q1 2025 Earnings Call, Apr 15, 2025",Finnhub,https://finnhub.io/api/news?id=0be13671b5c0cdc40a1356956e872aab50b98fbf095d707dd4f32c743e0ea592,0.0,0.856,0.144,0.7096,2025-04-15
2025-04-15 07:36:39,Johnson & Johnson: Q1 dividend up almost 5%,Finnhub,https://finnhub.io/api/news?id=f0285df65e05f2ab233ac6d8cacd09af686edd7337c48ba18ecf6fba002ede28,0.0,0.894,0.106,0.5423,2025-04-15
2025-04-15 07:11:43,J&J earnings beat estimates on strong cancer drug sales,Finnhub,https://finnhub.io/api/news?id=d9adbbc2b7f3ec49858682c8b668f88c279e4fd04af3a6c26edc14f14d55eef8,0.178,0.629,0.193,-0.0772,2025-04-15
2025-04-15 06:55:15,"Johnson & Johnson Raises Dividend by 4.8%, Extending Royal Payout Run",Finnhub,https://finnhub.io/api/news?id=5224e7a7ac82a015ada8139f232a52571502838a2b887054216413e1674147d4,0.0,0.903,0.097,0.5267,2025-04-15
2025-04-15 06:28:05,Johnson & Johnson : First Quarter 2025 1Q25 Other Financial Disclosures,Finnhub,https://finnhub.io/api/news?id=e973cd6a92908e67e3d0aca82403625d3c6dce5e4177b10059237f55a70744d8,0.0,1.0,0.0,0.0,2025-04-15
2025-04-15 06:27:14,"Genmab Announces Net Sales Of DARZALEX (daratumumab) For Q1: Says Net sales Of DARZALEX Totaled $3.237B, Co Received Royalties On Worldwide Net Sales From Johnson & Johnson",Benzinga,https://finnhub.io/api/news?id=a54bbdf3e59c66bf430b4932ab2b518d0b8bfaee30f8eb6b19abddfd31281048,0.0,0.977,0.023,0.128,2025-04-15
2025-04-15 06:26:06,"Johnson & Johnson : 2025 First-Quarter Infographic & Earnings Presentation (April 15, 2025)",Finnhub,https://finnhub.io/api/news?id=0e26157a743d394410417c7090b54c2c5bc452eab49a8b68a75d63b975f3d49f,0.0,1.0,0.0,0.0,2025-04-15
2025-04-15 06:26:06,"Johnson & Johnson : 2025 First-Quarter Press Release & Supplemental Schedules (April 15, 2025)",Finnhub,https://finnhub.io/api/news?id=e481ea993622e426b19294c17dc3fbce9ba27c1f94a3b6f9f00aebf1b79426c4,0.0,1.0,0.0,0.0,2025-04-15
2025-04-15 06:26:04,Johnson & Johnson Announces 63rd Consecutive Year of Dividend Increase; Raises Quarterly Dividend by 4.8%,Finnhub,https://finnhub.io/api/news?id=05ce59cb36b6789255a6a6da140adcfa7bfe4efeb1dcfacea21d0d5be8f55859,0.0,0.83,0.17,0.7906,2025-04-15
2025-04-15 06:21:03,Johnson & Johnson Reports Q1 2025 Results,Finnhub,https://finnhub.io/api/news?id=79e7eba02e8f2ab2b9c04fdf9b7a883dccedb0a359fdf91562ce15f9e2ff19f4,0.0,0.713,0.287,0.8779,2025-04-15
2025-04-15 06:08:31,"US Stock Futures Waver After Two-Day Rally: Trump's Tariff Moves Could End A 3-Year 'Rolling Recession,' Says Expert",Benzinga,https://finnhub.io/api/news?id=5cab2980022d791fdae9611e07136d0c2c82176dbe012a1c05034a431c7f2cce,0.07,0.93,0.0,-0.4215,2025-04-15
2025-04-15 05:04:52,Bank of America and Citigroup headline Tuesday's earnings slate,MarketWatch,https://finnhub.io/api/news?id=5266aa202accc9f94f9d35d86ab5e1d2ae11456789566e8854055b8d4b624397,0.0,1.0,0.0,0.0,2025-04-15
2025-04-15 04:39:32,"Citigroup, Bank Of America And 3 Stocks To Watch Heading Into Tuesday",Benzinga,https://finnhub.io/api/news?id=40a663fc56130e9a62e26505230804ae5f3ed021a5e97045210654654f9d20c1,0.0,1.0,0.0,0.0,2025-04-15
2025-04-15 04:32:10,"Earnings Scheduled For April 15, 2025",Benzinga,https://finnhub.io/api/news?id=8a0241f0f604b7ae02e848dd97c47d3b2fb551777f6667e3e18327addfb2deee,0.0,1.0,0.0,0.0,2025-04-15
2025-04-15 03:32:37,Trump Initiates Chips and Drug Probes Ahead of More Tariffs,Yahoo,https://finnhub.io/api/news?id=795938dc3145a689055e139871037666a344686709a9ebbfb8180cb558a8c6b7,0.076,0.893,0.031,-0.5994,2025-04-15
2025-04-14 23:00:00,"Big Bank earnings, Fed commentary, tax deadline: What to Watch",Yahoo,https://finnhub.io/api/news?id=4b2b014ff0323e633781311df7bfb104837ff395fce50ae2458a83a87e39527d,0.014,0.89,0.096,0.8176,2025-04-15
2025-04-14 21:44:49,Pfizer hits setback in obesity drug race as GLP-1 trial halts,Yahoo,https://finnhub.io/api/news?id=c67cc2c67c52b69808250a78258a981296f200d791f326373dd7ba603cb1d69c,0.065,0.91,0.025,-0.3353,2025-04-15
2025-04-14 21:01:43,"34-Year-Old Making $3,400 a Month in Dividends Shares His Top 7 Stocks — 'Be Lucky and Save Relentlessly'",Benzinga,https://finnhub.io/api/news?id=58f5cf98e2c207585b93b24789040e12a0ceaaa816816457a46a3748ea689028,0.0,0.583,0.417,0.8402,2025-04-15
2025-04-14 20:44:00,Johnson & Johnson Is Beating the Market. Legal Troubles Continue as Earnings Arrive.,Yahoo,https://finnhub.io/api/news?id=877fa21bfd1fde76d11cac4f967c7cd9c1d148b91c17a0e6f0f547980eed6b35,0.117,0.8,0.083,-0.4678,2025-04-15
2025-04-14 17:05:00,Will more people ride out a trade war with Netflix? The streamer’s results will offer clues.,MarketWatch,https://finnhub.io/api/news?id=45dc92ee46156ae15f334bde3e2418102fa747c0951bc5c381d0922456a83f78,0.214,0.786,0.0,-0.8466,2025-04-15
2025-04-14 16:41:00,Comcast and 5 Other Cheap Stocks That Should Bounce Back Soon,MarketWatch,https://finnhub.io/api/news?id=95ee447162273f6f03b0908cc5165aa2a6081b60b0fe6a794e3f36480e64707d,0.0,1.0,0.0,0.0,2025-04-15
2025-04-14 16:17:05,Johnson & Johnson (JNJ) Reports Earnings Tomorrow: What To Expect,Yahoo,https://finnhub.io/api/news?id=49531b82c5e993ef2c98f15f8130da99f3c394397d3c16989a7e5debbb5875e2,0.0,1.0,0.0,0.0,2025-04-15
2025-04-14 13:56:00,Johnson & Johnson Set to Post Strong Pharma Results in 1Q -- Earnings Preview,MarketWatch,https://finnhub.io/api/news?id=0a069c16937834338da32a320de3d307871a8dac1160c9d3a0176ca939e73252,0.0,0.798,0.202,0.765,2025-04-14
2025-04-14 13:50:58,Is Johnson & Johnson (JNJ) the Best Dividend Paying Stock According to Hedge Funds?,Yahoo,https://finnhub.io/api/news?id=5efb46ab1d5573592d1b3c3a011c184de9e1d2fcfc23dc85e37ae9901b37928b,0.0,0.755,0.245,0.9674,2025-04-14
2025-04-14 08:36:32,J&J: promising results for the OTTAVA robotic system,Finnhub,https://finnhub.io/api/news?id=c9d17116d776690ddb912142437e6ae2772567faf09ef7ed5b8be4017d5bbd8d,0.0,0.888,0.112,0.5267,2025-04-14
2025-04-14 07:22:00,"JPMorgan, Wells Fargo, Morgan Stanley, Netflix, UnitedHealthcare, Johnson & Johnson and CSX Corp are part of Zacks Earnings Preview",Yahoo,https://finnhub.io/api/news?id=de32b6b95d6aa5d4699356b99ca08c373e40dac1ea0b3ac4393d8b21ffc195a1,0.0,0.905,0.095,0.4588,2025-04-14
2025-04-14 06:30:00,Novartis (NVS) Surges 4.0%: Is This an Indication of Further Gains?,Yahoo,https://finnhub.io/api/news?id=6381cc5f2db38b4b82d7c547ba962a32abaad8c878072b64ac1e6d676dc06831,0.057,0.844,0.1,0.2434,2025-04-14
2025-04-14 06:12:06,US Court Rejects Johnson & Johnson Bankruptcy Bid,Finnhub,https://finnhub.io/api/news?id=415215eaf06b023099622ed2df5e62c3ac2eb796680f868df245d930c88961a8,0.14,0.86,0.0,-0.7579,2025-04-14
2025-04-13 21:41:27,Why Johnson & Johnson (JNJ) is the Best Medical Stock to Buy According to Billionaires,Yahoo,https://finnhub.io/api/news?id=03be68cb9854bc10e639d5d1ff76f339dccb8e04f684ca4807cd196ee488c603,0.027,0.819,0.154,0.9081,2025-04-14
2025-04-13 17:29:00,Wall Street Brunch: Tariffs For Some,SeekingAlpha,https://finnhub.io/api/news?id=7c11b94ca2ec4942e1949dd9656f37c2fac1ebf3dc53b86380efeaffccad9341,0.0,1.0,0.0,0.0,2025-04-14
2025-04-13 14:12:47,DJD: Dividend And Value In Mega Caps,SeekingAlpha,https://finnhub.io/api/news?id=3814e8985460c1a7daafd9627c1aa365e76705ede58ad1cd79cffc47239cd0a2,0.0,0.705,0.295,0.872,2025-04-14
2025-04-13 09:37:19,Wall Street Week Ahead,SeekingAlpha,https://finnhub.io/api/news?id=765a44646359d27d6e90e8febdaa3ef34a4489627ef6f0779b4c4603e30b851f,0.0,0.883,0.117,0.4926,2025-04-14
2025-04-13 08:01:00,Navigating Today's Volatile Market: A Stress-Free Approach,SeekingAlpha,https://finnhub.io/api/news?id=f550b61b366c64e835b4cb13ccf6ac34159c26dff6938ed36481c05c9cfa4ca3,0.066,0.877,0.058,-0.0772,2025-04-14
2025-04-12 13:05:22,Is Johnson & Johnson (NYSE:JNJ) a Cheap NYSE Stock to Invest in According to Hedge Funds?,Yahoo,https://finnhub.io/api/news?id=6d2644366fa1d27f1a10019b4aeac6b7f8a73144dff2571ed6190807eb5a815b,0.0,0.966,0.034,0.3612,2025-04-14
2025-04-12 11:00:00,"Goldman Sachs, J&J, To Report Earnings As Investors Watch Out For Retail Sales Data",SeekingAlpha,https://finnhub.io/api/news?id=b70116013298834748f4a12f97a5843422715d67cbee0366197a479831bae39b,0.0,1.0,0.0,0.0,2025-04-14
2025-04-12 08:30:00,How To Buy Low And Sell High Consistently For Lifelong Wealth,SeekingAlpha,https://finnhub.io/api/news?id=98245e313a1904662c3f16550cb0717c1994123cf8eff3760881c035898779cd,0.147,0.629,0.224,0.2732,2025-04-14
2025-04-11 17:59:02,Jim Cramer on Johnson & Johnson (JNJ): AAA Balance Sheet… An Unjustified Casualty of Pharma Tariffs,Yahoo,https://finnhub.io/api/news?id=0830c6181998238c6377bd6469e37f6736543cfd376c057f9d9fed5debb4468a,0.075,0.925,0.0,-0.7003,2025-04-14
2025-04-11 15:32:00,"Buy, Sell or Hold J&J Stock? Key Tips Ahead of Q1 Earnings",Yahoo,https://finnhub.io/api/news?id=b0177ad83e4a7e1f59ab2b380180ef7567bcb0f77ab3e099647c0425e4944f1e,0.058,0.816,0.126,0.4442,2025-04-11
2025-04-11 13:13:00,Pharma Tariffs Are Coming. Investors Underestimate the Risk.,MarketWatch,https://finnhub.io/api/news?id=d7ed624044a165ef9e4f90ed98a5ca13b641b58b3a3ee802a806a6969c4982fc,0.417,0.583,0.0,-0.765,2025-04-11
2025-04-11 13:11:11,"Stocks to watch next week: Goldman Sachs, TSMC, ASML, Netflix, LVMH and Sainsbury's",Yahoo,https://finnhub.io/api/news?id=e980850a83a063593803d9a3d517b7f6bfb768974177f200353173e137a28ce5,0.0,1.0,0.0,0.0,2025-04-11
2025-04-11 12:46:42,"Johnson & Johnson: Fairly Valued, But Recession-Resilient",SeekingAlpha,https://finnhub.io/api/news?id=7848c0eb3083a1aaf46c8635281f7b904bb1149f57d2a4e8f9a9649b34de13af,0.0,0.755,0.245,0.2382,2025-04-11
2025-04-11 12:45:00,IGD: Capital Erosion And Shrinking Dividend Payouts,SeekingAlpha,https://finnhub.io/api/news?id=d33be69e95088ba151b58ecb5fd917a4d6e1acc08d3342f4e47664da20f2f5b4,0.0,1.0,0.0,0.0,2025-04-11
2025-04-11 11:41:55,J&J reports analysis from Phase III trial of plaque psoriasis treatment,Yahoo,https://finnhub.io/api/news?id=aa5ed3bb3f4de04631babaf63cfe6cc4d7f806ff2fcd6306ae19ea053a4370ac,0.0,0.896,0.104,0.4215,2025-04-11
2025-04-11 08:25:00,2 Top Dividend Stocks to Buy Right Now,Yahoo,https://finnhub.io/api/news?id=45696fb492cb310fb5f647127f7acb2625a6817a3809e64a1a6daae436662047,0.025,0.903,0.072,0.4588,2025-04-11
2025-04-11 04:36:47,"Eli Lilly, AbbVie, Bristol Myers, Regeneron, And Other Pharma Companies Slide As Donald Trump Confirms Tariffs On Pharma Companies",Benzinga,https://finnhub.io/api/news?id=49384f9379c37463175c1d0de5716ac5badce4bbbb619757ecc4891516d9b2a0,0.0,1.0,0.0,0.0,2025-04-11
2025-04-11 04:20:57,Intuitive Surgical: Premium Valuation Meets Mounting Headwinds (Downgrade),SeekingAlpha,https://finnhub.io/api/news?id=3c446a771dc69e5b1078f9eaf4ab2d8673f412338e41053698e9a5c5f325389e,0.0,1.0,0.0,0.0,2025-04-11
2025-04-26 18:00:00,"Johnson & Johnson's TAR-200 monotherapy achieves high disease-free survival of more than 80 percent in BCG-unresponsive, high-risk papillary NMIBC",Yahoo,https://finnhub.io/api/news?id=18f8d6331d88f10d62663fee8def8e0fb1fc87ce2674293a991d7bbc486060a9,0.044,0.913,0.044,-0.25,2025-04-28
2025-04-26 17:50:00,Johnson & Johnson's TAR-200 monotherapy demonstrates highest complete response rate with sustained clinical benefits in patients with certain types of bladder cancer,Yahoo,https://finnhub.io/api/news?id=2fd24502779575242e7caacf5f2585d4d4475156d862e26c6412764d061249c6,0.084,0.829,0.088,-0.3818,2025-04-28
2025-04-26 14:15:00,These 2 Top Dividend Stocks Are Making Moves to Avoid the Impact of Tariffs: Are They Buys?,Yahoo,https://finnhub.io/api/news?id=07d770fe39c0fbd449f0b51cfdd32ba6555d66653a5b51781caf4b5eaf60ef8e,0.087,0.887,0.026,-0.4939,2025-04-28
2025-04-26 12:59:45,Is Johnson & Johnson (JNJ) the Best Safe Stock to Buy According to Hedge Funds?,Yahoo,https://finnhub.io/api/news?id=177f1c7dc091532691364532b8e8e98d69fddb53f26201762f81e9d70d31c036,0.0,0.753,0.247,0.9694,2025-04-28
2025-04-25 16:44:39,Johnson & Johnson : MedTech Presents 3 Month Data from Omny IRE Clinical Trial at 2025 Heart Rhythm Society Annual Meeting,Finnhub,https://finnhub.io/api/news?id=98dec1f1ee56806f255c98103b91a1b7a9d0202de74de107eeeaa702b2304a3e,0.0,0.833,0.167,0.8555,2025-04-28
2025-04-25 16:00:04,AbbVie: Q1 Earnings Reinforce Positive Momentum,SeekingAlpha,https://finnhub.io/api/news?id=2d5e4b04a5ac5e407c51416adbb69373ff8835c4fe5385795837a15bc353363a,0.0,0.678,0.322,0.8979,2025-04-28
2025-04-25 14:30:00,"Another drugmaker says tax reform, not tariffs, would drive U.S. manufacturing",MarketWatch,https://finnhub.io/api/news?id=5d8eac37b3293774beb7514478c3fc4cb9982fbb645b06af6eae409526b9565f,0.0,1.0,0.0,0.0,2025-04-25
2025-04-25 11:29:50,Johnson & Johnson (JNJ) Soared as Markets Favored Defensive Sector,Yahoo,https://finnhub.io/api/news?id=5623979c314ae247a798c1b33d233586132288ffa4fbdf67671b5beafe2ac465,0.165,0.785,0.05,-0.872,2025-04-25
2025-04-25 09:46:00,"Dow's 117-point drop led by losses in Merck, Verizon shares",MarketWatch,https://finnhub.io/api/news?id=93d6da8a0ba11f5d654b4c9f828fd83ef2aed0a9743c1209b2f0820595f38d09,0.343,0.5,0.157,-0.6369,2025-04-25
2025-04-25 09:40:00,"Merus Will Have a Best-in-Class Treatment for Head and Neck Cancer, Analysts Say",MarketWatch,https://finnhub.io/api/news?id=f4985392d235f928ad3b7baff9cd9af5068d6e7db3af90bcf5231a60c634036d,0.268,0.732,0.0,-0.8689,2025-04-25
2025-04-25 09:15:51,"Biogen: Is This A Value Trap, Or Is The Great Turnaround Imminent?",SeekingAlpha,https://finnhub.io/api/news?id=ef3adb4bcd126997d1f1592527ecb2afc521115bd3cda32b4212595c2984fefe,0.074,0.693,0.234,0.7992,2025-04-25
2025-04-25 08:40:58,US business lobby in China: Some pharma firms reporting tariff exemptions,Finnhub,https://finnhub.io/api/news?id=6ebbdf327bce0c1aaaf50a9470ca15d0ce6d4d10545f2b3ce9e10a5308eeb8f4,0.0,0.973,0.027,0.0258,2025-04-25
2025-04-24 14:50:00,TimesSquare U.S. Mid Cap Growth Strategy Q1 2025 Commentary,SeekingAlpha,https://finnhub.io/api/news?id=b05226023cfbb041baa5b1bb1d11173ac9d6d64091345ba661fc12de5eaf0510,0.106,0.745,0.149,0.128,2025-04-24
2025-04-24 13:00:15,Johnson & Johnson (JNJ) is Attracting Investor Attention: Here is What You Should Know,Yahoo,https://finnhub.io/api/news?id=0608436a4b338d63016730a23b26a1988a06d75fd672e3e33118b59b6657983a,0.061,0.83,0.109,0.296,2025-04-24
2025-04-24 12:34:00,3 Dividend Kings That Have Raised Their Payouts in 2025,Yahoo,https://finnhub.io/api/news?id=aaf403aa4a2b5a5961a6af58150510fcbcf3c773399548c4b1ec20b870d9482f,0.0,0.852,0.148,0.9184,2025-04-24
2025-04-24 07:51:00,In the Wake of the Trump Tariff Crash: 2 Unparalleled Dividend Stocks to Buy at a Discount Right Now,Yahoo,https://finnhub.io/api/news?id=93dbca156bc0574dc055cc4f336b546b4c61211f73dbef3e4b4fe7dc4a49ac26,0.115,0.653,0.232,0.7351,2025-04-24
2025-04-24 07:46:40,Johnson & Johnson Just Proved The Bears Wrong Again,SeekingAlpha,https://finnhub.io/api/news?id=57aa4cff71446c393dbf92bb5ecae722b966749d477e71cda454ed310acd9580,0.082,0.842,0.076,-0.0516,2025-04-24
2025-04-24 01:19:27,Jim Cramer on Johnson & Johnson (JNJ): ‘A Good Quarter — Market Finally Cares’,Yahoo,https://finnhub.io/api/news?id=b51c6bfcf3dc2b957198bee61386df98871e7b4e364d3cb374f1cb4336cf4e55,0.0,0.926,0.074,0.6597,2025-04-24
2025-04-23 14:58:00,TimesSquare U.S. Small Cap Growth Strategy Q1 2025 Commentary,SeekingAlpha,https://finnhub.io/api/news?id=4e08f93212ff37a990ca19adb459a906001e6fc7b0dfd5f9b6a999245c346c30,0.0,0.755,0.245,0.3818,2025-04-23
2025-04-23 13:40:08,Why Johnson & Johnson (JNJ) is a Top Value Stock for the Long-Term,Yahoo,https://finnhub.io/api/news?id=0b0f04ebb88071a91e76db816c198189436a6e4a9acf35ad22ffc29a8fa6883b,0.0,0.659,0.341,0.9337,2025-04-23
2025-04-23 09:58:08,2025 Dividend Kings: Weathering Tariff Volatility Better Than The Market,SeekingAlpha,https://finnhub.io/api/news?id=d95473ce6d5c40ead5673ea4913858101d82b94ef532021f9bd4bb9ef31c7056,0.0,0.756,0.244,0.4404,2025-04-23
2025-04-23 07:43:46,Trump Administration Considers Lowering US Drug Prices To International Levels: Report,Benzinga,https://finnhub.io/api/news?id=bc9d4ad2e2fb0c0ade2eedc851a0fbe1541e192540a0f44ebe15425952e4b3d7,0.062,0.938,0.0,-0.25,2025-04-23
2025-04-23 06:44:20,European pharma companies push for higher drug prices in EU amid U.S. tariff threats,Yahoo,https://finnhub.io/api/news?id=eeab42fd3a21b354653bf7a401e5311bfbc7c019c6f38cd220d8cbca9cbbaa66,0.118,0.74,0.142,0.5883,2025-04-23
2025-04-23 03:40:00,Magnificent 7 Earnings Out This Week Will Shed Light On Big Tech's Tariff Concerns,SeekingAlpha,https://finnhub.io/api/news?id=eaac6e9c845c2f82b606d3d73abdf9f438e0115f65507451348e00074b95c29c,0.0,0.769,0.231,0.5994,2025-04-23
2025-04-23 02:54:33,JNJ Q1 Earnings: Pipeline Progress and MedTech Execution Drive Guidance Above Expectations,Yahoo,https://finnhub.io/api/news?id=56bd12fccd59e90180df0edf843a9895254a63936605c5e1d320360f778e5d29,0.0,0.89,0.11,0.7845,2025-04-23
2025-04-23 02:01:08,"Why Johnson & Johnson, Chevron, And Flowers Foods Are Winners For Passive Income",Yahoo,https://finnhub.io/api/news?id=97147fb9bbaab84d334d0caae15bb371c4f2d176cd52716d7089992dcedfe705,0.0,0.874,0.126,0.8606,2025-04-23
2025-04-22 17:28:15,Johnson & Johnson (NYSE:JNJ) Showcases Paradigm-Shifting Bladder Cancer Trials at AUA 2025,Yahoo,https://finnhub.io/api/news?id=0018d1723a52f82130f84b05b939aaf1996c371ce46095f7c195d4e1d7a80904,0.046,0.811,0.143,0.802,2025-04-23
2025-04-22 14:01:11,"Roche invests $50 billion in US manufacturing, avoiding Trump tariffs",Finnhub,https://finnhub.io/api/news?id=9b1b6133068cc7aca077e3c896c37c36eefeaf855a1766c7d016dc8b896e12cd,0.062,0.883,0.055,-0.0772,2025-04-22
2025-04-22 13:35:21,9 Health Care Stocks With Whale Alerts In Today's Session,Benzinga,https://finnhub.io/api/news?id=023bec9b8695bfbf3d96f6e23055bd1d29aefd438c9d814c089dbb43b6fb6eb2,0.0,0.738,0.262,0.4939,2025-04-22
2025-04-22 10:58:31,Johnson & Johnson's (NYSE:JNJ) Dividend Will Be Increased To $1.30,Yahoo,https://finnhub.io/api/news?id=7b31f15e0e55b0c25839bf1c2e377213709783c47f6654735196d4bbe6a9e7f4,0.0,0.881,0.119,0.4939,2025-04-22
2025-04-22 10:00:00,Regeneron to invest over $3 billion to boost US manufacturing,Finnhub,https://finnhub.io/api/news?id=0c6b7cf154ef0753a757e1e605c12ca28fbc18694d4184cb7780f708eb9437ec,0.0,0.887,0.113,0.5574,2025-04-22
2025-04-22 09:15:37,ORIC Pharmaceuticals: Multiple Data Releases In 2025 Make It A Must-Watch Biotech,SeekingAlpha,https://finnhub.io/api/news?id=c8d176046425a174e0beeab5165bf0a5beaf43791e9fed135b6591aa21a29767,0.0,1.0,0.0,0.0,2025-04-22
2025-04-22 09:03:32,"Johnson & Johnson (JNJ): Buy, Sell, or Hold Post Q1 Earnings?",Yahoo,https://finnhub.io/api/news?id=f9db8439c427ccc092d6c17c1e13f17e112765bd355e6083c2909d8bc3a9026a,0.105,0.895,0.0,-0.6486,2025-04-22
2025-04-22 07:30:00,Two Stocks To Consider During Market Unrest To Provide Income Stability,SeekingAlpha,https://finnhub.io/api/news?id=be89f9b4f17e4cc3ec4b8899a6d14a3f35400eb1c84bb341614f1810976780b6,0.0,1.0,0.0,0.0,2025-04-22
2025-04-21 20:44:18,NEW YORK MARKET CLOSE: Shares decline as Trump doubles down on Powell,Fintel,https://finnhub.io/api/news?id=b546be252283fd42e650e5fee307ba7a6183e7b940455a3232fcbbc074728104,0.0,0.833,0.167,0.296,2025-04-22
2025-04-21 15:21:11,"Intuitive Surgical: Great Company, Wrong Price",SeekingAlpha,https://finnhub.io/api/news?id=917eb409627a4ae8d3612eeff6089d4df60fdb2070e1c02f6497c5511b3d6e1d,0.277,0.357,0.366,0.25,2025-04-21
2025-04-21 14:22:58,Is Johnson & Johnson (JNJ) the Best American Dividend Stock to Buy According to Analysts?,Yahoo,https://finnhub.io/api/news?id=3659c90f63d32b4250322d091bc105802065c4b995d211813cc7eb247275f9da,0.0,0.827,0.173,0.9349,2025-04-21
2025-04-21 14:00:00,"How To Build A $500,000 Dividend Portfolio That Could Yield 18.35% In 20 Years",SeekingAlpha,https://finnhub.io/api/news?id=8e6e3fa32e40da513514f0f565d1f27638b2825a954a29a44461dbeec46ac129,0.0,1.0,0.0,0.0,2025-04-21
2025-04-21 13:36:00,Johnson & Johnson unveils highly anticipated and potential practice-changing data in bladder cancer treatment at AUA,Yahoo,https://finnhub.io/api/news?id=e353c94c4c3dfe5cdfb5393e8e1eb40bd0bd27efffa1ddbc5cc82573235c19d3,0.05,0.95,0.0,-0.6597,2025-04-21
2025-04-21 12:30:00,"Healthcare ETFs Tug of War: Insurers Tumble, Pharma Surges",Yahoo,https://finnhub.io/api/news?id=9a20818799793acc9d6b1ad78bb82e46f98a1554205d2ce0043b79d42920e8dd,0.127,0.784,0.088,-0.296,2025-04-21
2025-04-21 09:38:04,Johnson & Johnson : unveils highly anticipated and potential practice-changing data in bladder cancer treatment at AUA,Finnhub,https://finnhub.io/api/news?id=775858b9379b36f87888fb46adaafda7e699ac7fef6706e9115a290381f13048,0.188,0.812,0.0,-0.8689,2025-04-21
2025-04-20 15:14:12,"IBM, Parker-Hannifin Among 10 Companies To Announce Dividend Increases In Second Half Of April",SeekingAlpha,https://finnhub.io/api/news?id=2114261c46464da83a17d4505ad4e0858fb89e87bf95411cd9c2c80f8af10337,0.0,0.923,0.077,0.3612,2025-04-21
2025-04-20 13:20:07,Is Johnson & Johnson (JNJ) the Best Low Volatility Stock to Buy Now?,Yahoo,https://finnhub.io/api/news?id=2065c4ce3fe305a4125c1b9f0e7de8c23ada8b60ad391f24839dc9666175815a,0.076,0.747,0.177,0.886,2025-04-21
2025-04-20 11:30:00,2 Recession-Proof Stocks to Buy With a Better Credit Rating Than the U.S. Government,Yahoo,https://finnhub.io/api/news?id=c95a6e9cdd34dca3b53ad3f79cc028de03ea438eae638a186de3bf5d515b24b8,0.089,0.76,0.151,0.8557,2025-04-21
2025-04-20 01:01:59,"From $50 A Month To $1M Portfolio — Investor Shares Top 10 Holdings, Says 'Finally Reached $1M!' Thanks To Relentless Discipline",Yahoo,https://finnhub.io/api/news?id=587fed29336b07c65d3ea85c085ed3c8647ed1c70768bc812668dd20ec7aaf71,0.0,0.777,0.223,0.9455,2025-04-21
2025-04-19 16:40:23,Stocks That Weathered Past Recessions: Expert Shares Picks That Withstood Every Downturn,Benzinga,https://finnhub.io/api/news?id=4293e7ef6e86429c5c81e2a46ba748edbe87a2a4d0dfe9e34043c991b8cf05e3,0.057,0.792,0.152,0.4939,2025-04-21
2025-04-19 15:42:27,Johnson & Johnson (JNJ): Among Value Stocks in Ken Fisher’s Portfolio,Yahoo,https://finnhub.io/api/news?id=9c2a38d910d2d94e2548a7661d5c7748d19bc6e16a33c662a6b6d45b67339f40,0.047,0.855,0.098,0.4019,2025-04-21
2025-04-19 14:30:00,3 Top Dividend Stocks Yielding Over 3% to Buy With $500 Right Now,Yahoo,https://finnhub.io/api/news?id=46a684bca4b39ac0baa79097d146bc75a83250066267f79be2b2e51b96e89c14,0.016,0.683,0.301,0.9753,2025-04-21
2025-04-19 05:30:00,ClearBridge Small Cap Strategy Q1 2025 Commentary,SeekingAlpha,https://finnhub.io/api/news?id=554fb28300d5cbf7cd62071c4d996ace1caf19bbbfc2608e17958a084aa7627d,0.0,1.0,0.0,0.0,2025-04-21
2025-04-19 01:25:24,"Dividend Champion, Contender, And Challenger Highlights: Week Of April 20",SeekingAlpha,https://finnhub.io/api/news?id=48da0837d043a4345d20a68121cde1e31bef12ad972572b81fbed884b1753b79,0.0,0.504,0.496,0.7096,2025-04-21
2025-05-04 15:19:26,Is Johnson & Johnson (JNJ) The Most Profitable Cheap Stock to Buy Now?,Yahoo,https://finnhub.io/api/news?id=5bb9b0b48148dacbe8deeda21a0bd062d33a8c86bfe3041c8470dd6b633ae65c,0.0,0.873,0.127,0.8618,2025-05-05
2025-05-04 08:49:00,"Is the Trump Administration About to Cause AbbVie, Eli Lilly, and Johnson & Johnson Stocks to Crash?",Yahoo,https://finnhub.io/api/news?id=3070e8ec62bcbec16160413cc2ddbd8096bd07bb89adae9dc8e3f8fd66ae84f7,0.077,0.828,0.095,0.2023,2025-05-05
2025-05-04 06:35:00,Franklin Small Cap Growth SMA Q1 2025 Commentary,SeekingAlpha,https://finnhub.io/api/news?id=63abaa14b789193014aeec3f501021c0fe805cbf1c18319284648212c18817d6,0.0,0.802,0.198,0.6369,2025-05-05
2025-05-04 00:05:00,UnitedHealth’s Stock Is Ailing. A Bigger Business Hasn’t Helped.,MarketWatch,https://finnhub.io/api/news?id=aaf32b83fb6289e9e87ac9fc251cf765c71e15213a7ae2cbaaecaa4175a9a318,0.0,1.0,0.0,0.0,2025-05-05
2025-05-03 09:46:37,Dogs Of The Dow Chase May's 'Safer' Buy,SeekingAlpha,https://finnhub.io/api/news?id=350e7769b702ab011e6e05a8a775d6afbeec758c10f0e5378d06981688951dc9,0.0,0.833,0.167,0.7184,2025-05-05
2025-05-03 04:51:27,The Play On Legend Biotech,SeekingAlpha,https://finnhub.io/api/news?id=226b68a260ac6eef047dd63139b5a1dd6628fbc71f5c485d716cff41b6ab799e,0.059,0.793,0.147,0.4767,2025-05-05
2025-05-02 15:06:24,Q1 earnings pulse check: companies tentative on pharma-specific tariffs,Yahoo,https://finnhub.io/api/news?id=8389e80b43b1a1e15fe173a62350df2f497774f34feae334ca0c2d7c0764be08,0.0,1.0,0.0,0.0,2025-05-02
2025-05-02 13:02:00,These companies are emerging as potential winners in Trump’s trade war,MarketWatch,https://finnhub.io/api/news?id=3730d7ab97a78fdc13b9ea1cffca7e0ca2138a8dc8596e145bce054cf7f1dd0e,0.244,0.562,0.194,-0.3818,2025-05-02
2025-05-02 07:25:00,"Tweedy, Browne Fund Q1 2025 Commentary",SeekingAlpha,https://finnhub.io/api/news?id=603eba383d701484d3eb0782ee29fe6f8ac7a077e646365ac0ff99aa92dcc3bf,0.0,0.744,0.256,0.8074,2025-05-02
2025-05-02 00:38:58,"J&J-backed HistoSonics explores sale at $2.5 billion valuation, FT reports",Finnhub,https://finnhub.io/api/news?id=595752fd9785cf9c9a4892035bae81bb06405329357520ada79d67147fcd7e21,0.0,0.97,0.03,0.0258,2025-05-02
2025-05-02 00:06:12,"JNJ-Backed Histosonics Is Pursuing A Sale After Fielding Takeover Bids, Seeking A Valuation Of More Than $2.5 Billion - FT",Finnhub,https://finnhub.io/api/news?id=cecf9bfbdc9d7bb03fed751fc74339bc80b9931d82894bde4dcd6598d7f185e9,0.0,1.0,0.0,0.0,2025-05-02
2025-05-01 16:52:36,40-Year-Old Making $4K a Month in Dividends Reveals His Top 8 Stocks — 'We Don't Wear Fancy Clothes or Spend Money on Impressing Others',Benzinga,https://finnhub.io/api/news?id=82fff1e58cd2abd7c394a00f2d75a2eab599598a9fc324f534c874dcc2c90a39,0.0,0.806,0.194,0.6486,2025-05-02
2025-05-01 16:06:46,'Declare victory and move on': Eli Lilly CEO on Trump tariff threat,Yahoo,https://finnhub.io/api/news?id=2c2e5044bc33af9ac4601d0d887ececd2ba1d64326a151e7e310a973c8dc0dd0,0.201,0.799,0.0,-0.7783,2025-05-02
2025-05-01 13:35:27,8 Health Care Stocks Whale Activity In Today's Session,Benzinga,https://finnhub.io/api/news?id=1e82fa1519f322481349fe1a5f796141374a5800b6739d0023b8e7301263ed52,0.0,0.714,0.286,0.4939,2025-05-01
2025-05-01 12:24:00,"Pharma downplays tariff threat, even as risks remains unclear",Yahoo,https://finnhub.io/api/news?id=52aa4126406701afb65caf7d50d29c9a2156536dd4d314161cdfa2a046d2ed0c,0.216,0.704,0.08,-0.5574,2025-05-01
2025-05-01 12:00:44,"If A Recession Hits, Will Medical Stocks Be A Safe Haven For Investors — Again?",Yahoo,https://finnhub.io/api/news?id=428e26366024350974a7d1d16d126d7877e66c039154a1179f8515fe5d3cee4d,0.041,0.763,0.195,0.7941,2025-05-01
2025-05-01 11:45:00,ClearBridge Value Fund Q1 2025 Commentary,SeekingAlpha,https://finnhub.io/api/news?id=815603c58a6c60981789c59d688117925b6bf46711f610c0d1b153b4d8eb742b,0.0,0.698,0.302,0.8442,2025-05-01
2025-05-01 11:35:00,ClearBridge Small Cap Growth Fund Q1 2025 Commentary,SeekingAlpha,https://finnhub.io/api/news?id=23a8bb34c5988131e500abf725d50fe2bf0cc395068a088d36d004a6f9b8dcbe,0.0,0.755,0.245,0.7964,2025-05-01
2025-05-01 10:40:09,FDA approves J&J’s Imaavy for generalised myasthenia gravis,Yahoo,https://finnhub.io/api/news?id=e07a5b058bafcbe748eb04a434ee41c2d7837f127d73a1ee8f7212e371824028,0.0,0.784,0.216,0.7003,2025-05-01
2025-05-01 08:49:00,"The Zacks Analyst Blog Highlights Amazon, Johnson & Johnson, Cisco Systems and NeurAxis",Yahoo,https://finnhub.io/api/news?id=1daf822f8bd8bc3f13ffbce032e8cb0f29276b78556b74df0e12007b2d5c6a75,0.0,0.88,0.12,0.34,2025-05-01
2025-05-01 01:48:26,"Trump Says Tariffs Politically Risky, But He’s Not Rushing Deals",Yahoo,https://finnhub.io/api/news?id=0e07df59b622c914a13d9e981b2c716c315fd8f8b8eb172f488f7a0502f17eee,0.139,0.803,0.058,-0.4118,2025-05-01
2025-05-01 01:40:00,Franklin Income Fund Q1 2025 Commentary,SeekingAlpha,https://finnhub.io/api/news?id=1fbc31454716e9554e0107171c02d09c1922c1510eb20cb23929f39d91657a9a,0.0,1.0,0.0,0.0,2025-05-01
2025-04-30 23:32:04,Tracking AMG's Yacktman Asset Management Portfolio - Q1 2025 Update,SeekingAlpha,https://finnhub.io/api/news?id=36a8a56c2d2d6f00a78a6b4f9d508bf30461e0432094acffab2700fd67a431ea,0.0,0.81,0.19,0.7003,2025-05-01
2025-04-30 21:02:00,"Top Stock Reports for Amazon.com, Johnson & Johnson & Cisco Systems",Yahoo,https://finnhub.io/api/news?id=c093f1335c7912e26ecda027ce068191992e96550f94d1685875a269a6a5c236,0.0,0.913,0.087,0.4404,2025-05-01
2025-04-30 20:17:08,Johnson & Johnson (JNJ): Jim Cramer Says “They Love the Weak Dollar” — Is This Quiet Giant Back in Favor?,Yahoo,https://finnhub.io/api/news?id=e65ef0cdf1ac83c487d7c93873f07afaca9f0d0bc63cbeee1e3a988334b75e58,0.035,0.882,0.083,0.6124,2025-05-01
2025-04-30 18:28:17,Is Johnson & Johnson (JNJ) the Best Dow Stock for the Next 12 Months?,Yahoo,https://finnhub.io/api/news?id=4a34067628fa1c46a0a2e8fbae72f399391e2f71a8d200867c2bf4dc536d19cf,0.096,0.758,0.147,0.6597,2025-05-01
2025-04-30 17:30:51,Johnson & Johnson (NYSE:JNJ) Gains FDA Approval For IMAAVY™ To Treat Myasthenia Gravis,Yahoo,https://finnhub.io/api/news?id=af0fe83484030cbe6511ab509f66026ce1c5ed43f4fb9c2bccae9aded3cfaff2,0.0,0.726,0.274,0.9712,2025-05-01
2025-04-30 12:29:00,"Johnson & Johnson receives FDA approval for IMAAVY™ (nipocalimab-aahu), a new FcRn blocker offering long-lasting disease control in the broadest population of people living with generalized myasthenia gravis (gMG)",Yahoo,https://finnhub.io/api/news?id=be7f106d60e4a2163ab27b72a76315a35ad77dda4dde8e10c7f24c5281b71007,0.0,0.921,0.079,0.8402,2025-04-30
2025-04-30 10:30:00,The Davenport Value & Income Fund Q1 2025 Commentary,SeekingAlpha,https://finnhub.io/api/news?id=96d3c7497f3ba63eec08c4af14f9777376153d1dbd6279bd521bdef95107b09d,0.0,0.879,0.121,0.5859,2025-04-30
2025-04-29 20:46:00,Trump Touts Economic Wins in Detroit Speech. Americans Aren’t Buying It.,MarketWatch,https://finnhub.io/api/news?id=894f4c2b17060051d215b00750f8b1016c97b3f546e01d577e2de7b7bbc65944,0.08,0.652,0.268,0.802,2025-04-30
2025-04-29 20:07:22,Best Dividend Aristocrats For May 2025,SeekingAlpha,https://finnhub.io/api/news?id=f464ee9b58092cefa3cc5defb8d523f2a517a541963eb0ee91228b354b0a2cd8,0.05,0.768,0.182,0.6652,2025-04-30
2025-04-29 15:46:51,SpringWorks: Acquired By Merck KGaA Based On Rare Tumor Targeting Drugs Like OGSIVEO,SeekingAlpha,https://finnhub.io/api/news?id=9a252710b61b998d96f2d09cc804f1cd2b2ecace76754cace4f2800ee54a189d,0.061,0.824,0.115,0.3182,2025-04-29
2025-04-29 15:10:07,4 PFA studies in the spotlight at Heart Rhythm 2025,Yahoo,https://finnhub.io/api/news?id=e7c7451afc2c8be8f86ee9366c21cc42d248fb57f3e406bc5cf7008444e49225,0.0,0.781,0.219,0.8555,2025-04-29
2025-04-29 12:33:24,Johnson & Johnson (JNJ): Among the Best Long-Term Dividend Stocks to Buy According to Billionaires,Yahoo,https://finnhub.io/api/news?id=838f6d2458be33bfc40622588e6325efdcd6c396da597ad110b0e39c71a4b995,0.0,0.813,0.187,0.9468,2025-04-29
2025-04-29 10:54:00,"Honeywell, Sherwin-Williams Co. share gains lead Dow's 232-point jump",MarketWatch,https://finnhub.io/api/news?id=24c4a9f3ad11853e3f77718ab167f1f7f7c675d43baa3f2e8ec7c5b968984595,0.0,0.603,0.397,0.802,2025-04-29
2025-04-29 05:25:20,"Nvidia, Johnson & Johnson, Hyundai, Toyota, SoftBank CEOs To Join Trump At White House As He Touts Investment Surge In First 100 Days: Report",Benzinga,https://finnhub.io/api/news?id=43ce1906ee7cb9a482836fef1e4727cc06cedf7945b4db4374a918286b7d4bd6,0.021,0.854,0.124,0.6486,2025-04-29
2025-04-28 14:53:49,Stocks Churn as Busy Earnings Week to Test Rally: Markets Wrap,Yahoo,https://finnhub.io/api/news?id=068217683677097bf96c79dd9b3261221bf57f20be61457d35169a1cde3284dd,0.012,0.988,0.0,-0.0258,2025-04-28
2025-04-28 20:44:21,Johnson & Johnson (JNJ): Among the Most Profitable Blue Chip Stocks to Buy Now,Yahoo,https://finnhub.io/api/news?id=2cd3ac309f53b5a00137478d3c6410d15a86c100736f849ca367cb7855afecd4,0.0,0.791,0.209,0.9449,2025-04-29
2025-04-28 20:05:56,CG Oncology Soars On Its Johnson & Johnson-Rivaling Cancer Drug,Yahoo,https://finnhub.io/api/news?id=e28053fabe8aec019f8d6a4baed0d5673ca7d57be9f5f758ff3b231ee251dc10,0.233,0.637,0.13,-0.7096,2025-04-29
2025-04-28 18:00:00,My 10 Must-Own Dividend Stocks For Your Retirement Portfolio (One Yields 9.65%),SeekingAlpha,https://finnhub.io/api/news?id=e7f58de6c31b636bb72d0a835eb822ea34a52ee7aacaa5c85a9f66845e36a38d,0.0,0.723,0.277,0.8779,2025-04-29
2025-04-28 17:36:07,New data from J&J’s bladder cancer drug-device trial strengthens support for NDA,Yahoo,https://finnhub.io/api/news?id=4ce972342d89ee39ee0bc5d2c8bbf71acbb37cbe4abaeb6f42f812094d86041d,0.133,0.695,0.172,0.0772,2025-04-29
2025-04-28 16:27:03,Johnson & Johnson to Participate in the Bernstein’s 41st Annual Strategic Decisions Conference,Finnhub,https://finnhub.io/api/news?id=4cf27f1c19aeb289b0425ff1524987bf32aded983235040699c893c90a8383e8,0.0,1.0,0.0,0.0,2025-04-29
2025-04-28 15:20:11,Jim Cramer Says Trump Administration Should Intervene in Johnson & Johnson (JNJ) Legal Issues – ‘Where Are Capitalist Instincts Here?’,Yahoo,https://finnhub.io/api/news?id=bff61708c68805878447a0ffe987fecb43e3677f4601d7f727df6d66d9d81bd1,0.101,0.838,0.061,-0.6542,2025-04-28
2025-04-28 14:44:09,J&J’s Tremfya gains EC marketing authorisation for ulcerative colitis,Yahoo,https://finnhub.io/api/news?id=2d289e10d0710cae71ff1c62fb3bf14c1d62c9eea0c5e52021e5e0a61eeeff0b,0.0,0.766,0.234,0.6705,2025-04-28
2025-04-28 14:24:56,CG Oncology Rockets On Its Johnson & Johnson-Rivaling Cancer Drug,Yahoo,https://finnhub.io/api/news?id=0caee023cfe0467db34f5b9620b5368cc483d21ada3446d2787b5d5d5114aa61,0.233,0.637,0.13,-0.7096,2025-04-28
2025-04-28 12:41:40,Google Parent Alphabet to Sell High-Grade Corporate Bonds,Yahoo,https://finnhub.io/api/news?id=16bd3b8ef72006e1dc3ae2fa3caf92d9d49f9b9759e06563a2e6ae3348f8b800,0.0,1.0,0.0,0.0,2025-04-28
2025-04-27 23:40:35,Why AbbVie's Stock Is A Strong Buy After Q1 2025 Results,SeekingAlpha,https://finnhub.io/api/news?id=84162b30566b031fd2f5778e89372d55a47095c8c4be23c7927690a903b8a620,0.0,0.774,0.226,0.872,2025-04-28
2025-04-27 20:01:10,"Jim Cramer Says You Should Buy Johnson & Johnson (JNJ), Thinks Talc Problems ‘Behind It’",Yahoo,https://finnhub.io/api/news?id=3b773823daed41d082305aa567d2d436258e0eb1bfd83a0657115b0c7947809f,0.131,0.833,0.036,-0.8225,2025-04-28
2025-05-12 20:25:43,"S&P, Dow Pharma Stocks Boomerang On Drug-Pricing Order That Is 'All Bark' And 'Little Bite'",Yahoo,https://finnhub.io/api/news?id=e47244c465885beed6f1ca595ff644dcf2ed5efc962b3620a570a6251ee670b2,0.0,1.0,0.0,0.0,2025-05-13
2025-05-12 18:25:11,"50 Fortune World's Most Admired Companies (FWMAC): 24 ""Safer"", 1 Ideal Buy",SeekingAlpha,https://finnhub.io/api/news?id=ce6b1e455860c526dd2cb46bd7eb05e757c51e3c22b9d8bfeba114fe20621d90,0.0,0.671,0.329,0.9347,2025-05-13
2025-05-12 16:42:38,HistoSonics secures first insurance coverage for histotripsy system,Yahoo,https://finnhub.io/api/news?id=87f3742a4985a86a51f3c65e948f65a2a7d21f772e6398972df27aecf4c40f85,0.0,0.905,0.095,0.3182,2025-05-13
2025-05-12 15:35:48,Johnson & Johnson: For Those Who Want Some Immunity Against Tariff Changes,SeekingAlpha,https://finnhub.io/api/news?id=cdd715986322501b1ec9c3d86eab633a601c8ad4a982ae8d45283ed8f4119686,0.061,0.814,0.124,0.2023,2025-05-12
2025-05-12 14:44:32,Trump expected to sign order to slash US drug prices,Yahoo,https://finnhub.io/api/news?id=2fac8407bab8089ee6638e31408578326a93679e005cdef8d76c714e3eae16d7,0.056,0.944,0.0,-0.4939,2025-05-12
2025-05-12 14:01:47,"Mag 7 rally, airline & pharmaceutical stocks: Trending Tickers",Yahoo,https://finnhub.io/api/news?id=9628fb9881b7e2d232cd96a73b7010b72d37c73ec467fc135e20ba0642e54e93,0.049,0.827,0.123,0.8591,2025-05-12
2025-05-12 13:09:39,"US-China trade truce, April CPI, drug prices: 3 Things",Yahoo,https://finnhub.io/api/news?id=a938c055665a43b53f0a2cfa14795093ec3154f152ae163fa36fccfba6e48a3b,0.041,0.895,0.064,0.34,2025-05-12
2025-05-12 12:30:03,"Trump Declares War On Pharma Drug Pricing, But The Stocks Aren't Tanking - Yet",SeekingAlpha,https://finnhub.io/api/news?id=f3bdfb278b3d923fb7ecd9a0eb0a6ca51ad748153503c12329641a35d2d60c57,0.143,0.794,0.063,-0.4404,2025-05-12
2025-05-12 10:00:43,"S&P 500, Dow Jones Pharma Stocks Boomerang As Trump Threatens Drug-Price Reform",DowJones,https://finnhub.io/api/news?id=fbd600c371c29b6507227d096a81cc6d336a75dab9a96dd728fa103a5c6c45ae,0.191,0.809,0.0,-0.6369,2025-05-12
2025-05-12 09:55:15,Pharma Shares Fall Pre-Bell Following Plan by Trump to Reduce US Prescription Drug Prices,Yahoo,https://finnhub.io/api/news?id=931cb133eabc132bc908b721e68a603b27763d222df4f19ce71abf9002024097,0.0,0.864,0.136,0.5267,2025-05-12
2025-05-12 09:20:51,J&J reports new data from Phase III trial of icotrokinra for plaque psoriasis,Yahoo,https://finnhub.io/api/news?id=1f81ce2dbc5d8ad7f9e31db94eec4fc2777f3add549ecda678d55c933bef0427,0.0,0.859,0.141,0.6003,2025-05-12
2025-05-12 09:00:41,'Trump To Sign Order To Cut Some U.S. Drug Prices To Match Those Abroad' - CNBC,Benzinga,https://finnhub.io/api/news?id=dfa0b926b5db7778fea1ace74a95ee11739af3174d81199572139af54503f62e,0.116,0.884,0.0,-0.2732,2025-05-12
2025-05-12 07:23:13,"Cathie Wood Says AI Innovation In Healthcare Will Be More 'Profound' Than Autonomous Taxi Networks, Humanoid Robots",Benzinga,https://finnhub.io/api/news?id=aec0061defd91c126779c8799785075f88278d7b652f56bfe518fc04f8433fd1,0.0,0.809,0.191,0.7783,2025-05-12
2025-05-12 01:30:00,Trump Renews Push for Most-Favored-Nation Drug Pricing. What It All Means.,MarketWatch,https://finnhub.io/api/news?id=2f17615fa3dc3229d7cead908effa15fa28091274631f5b10eb144d739354714,0.0,1.0,0.0,0.0,2025-05-12
2025-05-11 22:19:35,"Trump Says Prescription Drug Prices Set To Drop By 30% To 80% 'Almost Immediately' Thanks To 'Most Favored Nation' Plan, Mark Cuban Urges President To 'Force Transparency'",Benzinga,https://finnhub.io/api/news?id=d6030ed4661bbab0d8292b248e6b1f6119d3877d9f9c17155e1020a290da53e0,0.088,0.793,0.119,0.3642,2025-05-12
2025-05-11 08:00:00,"Kenvue: First Quarter A Sign Of Challenging Times, But Still A Solid Long-Term Play",SeekingAlpha,https://finnhub.io/api/news?id=cb43a62f8c7eab65cf27ca5948bed0535373734e2ed44770441b01c4ac46badd,0.0,0.801,0.199,0.7351,2025-05-12
2025-05-11 07:30:00,Fortress Dividends: 2 Of The Best All-Weather Income Stocks Built To Last,SeekingAlpha,https://finnhub.io/api/news?id=e54200bb940abba33676e9b0abc523ff7256bab8bd2a07f29e8e0ae22916e555,0.0,0.724,0.276,0.6369,2025-05-12
2025-05-11 04:27:00,Invesco Growth And Income Fund Q1 2025 Commentary,SeekingAlpha,https://finnhub.io/api/news?id=fcae6f6024509d9d4f9f06b8c6c1d0ac7a49a3bf5bce221e086f90a6b578e022,0.0,0.704,0.296,0.891,2025-05-12
2025-05-10 08:09:01,Is Johnson & Johnson (JNJ) the Best Income Stock to Invest in Now?,Yahoo,https://finnhub.io/api/news?id=6b5797c8793152d55cdea850c739e1dadf98c4c9d3260a733b61c0dee67975e4,0.029,0.8,0.171,0.9081,2025-05-12
2025-05-09 17:22:48,Johnson & Johnson (NYSE:JNJ) Announces Positive Trial Results Amid Legal Setback,Yahoo,https://finnhub.io/api/news?id=bd942dfbe8ce88f2fce8b0afa9638de00ce2f7feecc6c0006e45f53da28745aa,0.0,0.803,0.197,0.9403,2025-05-12
2025-05-09 16:51:00,Pharma Worries Shift to Prices From Trade. Trump’s Next Plan Could Sink Stocks.,MarketWatch,https://finnhub.io/api/news?id=ac42ac8bc85d73493d6981014a986e53594cf61c1bfd01b8285a21aa7f5271a9,0.189,0.811,0.0,-0.6808,2025-05-12
2025-05-09 12:14:05,J&J's oral psoriasis drug helps patients achieve clear skin in late-stage study,Yahoo,https://finnhub.io/api/news?id=cb600eec5c855a10afd8da5ceb58f831fb8f17ce7757a6afb9c0a7265300c47d,0.0,0.907,0.093,0.7783,2025-05-09
2025-05-09 12:05:00,Icotrokinra results show significant skin clearance in patients with difficult-to-treat scalp and genital psoriasis,Yahoo,https://finnhub.io/api/news?id=0425b5855872ad4dd0658ad1d6be20ed2a4fee14080d086764923558f7de7b69,0.051,0.925,0.023,-0.296,2025-05-09
2025-05-09 11:59:32,Protagonist/Johnson & Johnson Partnered Drug Shows Significant Skin Clearance In Pivotal Psoriasis Study,Benzinga,https://finnhub.io/api/news?id=2050bb9073e5c7d2c76181e06552a6fe48932c01aced45c26aebed6f72abfdef,0.0,0.863,0.137,0.6249,2025-05-09
2025-05-09 11:37:15,Johnson & Johnson expands efforts to champion the nursing workforce globally; New social impact platform J&J CareCommunity aims to collaboratively help address global nursing challenges,Finnhub,https://finnhub.io/api/news?id=1ba8a352780a7fbc3a2c466e522a29f76d2c136a617f42ba30de2b6d65f181b1,0.0,0.717,0.283,0.9538,2025-05-09
2025-05-09 10:33:24,Is Johnson & Johnson (JNJ) the Best Medical Device Stock to Buy Now?,Yahoo,https://finnhub.io/api/news?id=537fcada9e0fd22074c171478fa60e6c15bca9c357e70cc72bbfdc5a8a981802,0.0,0.84,0.16,0.9274,2025-05-09
2025-05-09 09:40:22,J&J: positive phase 3 data in psoriasis,Finnhub,https://finnhub.io/api/news?id=d385d8d05cba073b4e4e7c436af7c662106ee05230cef0bc53a9fc3e4f6bdd48,0.0,0.829,0.171,0.802,2025-05-09
2025-05-09 08:30:08,J&J's skin disease drug meets main goal in late-stage study,Finnhub,https://finnhub.io/api/news?id=b66869ccb13944db322d633e3051b7ee71cc4583a96c6ae8224b14183033f3dc,0.0,0.938,0.062,0.3197,2025-05-09
2025-05-09 08:05:00,Johnson & Johnson Announces New Data from the Phase 3 ICONIC-TOTALa Study Investigating icotrokinra (JNJ-2113),Finnhub,https://finnhub.io/api/news?id=5f988d6d3a5daec26e3b1a0f0ad59de233baf5881b27fadbdea403f402f1d588,0.045,0.955,0.0,-0.2263,2025-05-09
2025-05-09 07:45:31,Zymeworks Inc (ZYME) Q1 2025 Earnings Call Highlights: Revenue Surge and Strategic Partnerships ...,Yahoo,https://finnhub.io/api/news?id=3de5d3e5aa284d75334d9ce8ccd3f32435b5de8f622d9d6e9cc0ae172cf8285d,0.062,0.747,0.191,0.6124,2025-05-09
2025-05-08 21:58:42,"From Apple to GM, Tariffs to Cost Companies Tens of Billions",Yahoo,https://finnhub.io/api/news?id=3022292d41dad23f3268df89f56ef41fcb1b74d88d4dd7e87551f92749aeba0e,0.195,0.758,0.047,-0.9312,2025-05-09
2025-05-08 15:50:00,A Look at Pharma ETFs After Strong Q1 Earnings,Yahoo,https://finnhub.io/api/news?id=268af555da3b9bc4ff0a37ee029804289b139cc81c8494abb1cab238bec319ce,0.104,0.727,0.17,0.2263,2025-05-08
2025-05-08 15:05:00,Hartford Equity Income Fund Q1 2025 Commentary,SeekingAlpha,https://finnhub.io/api/news?id=dfc18cc6bba6eb4df2059eae68ccfdf672f2feb49bdf0816ed5c20a4d712173b,0.0,0.833,0.167,0.5574,2025-05-08
2025-05-08 14:46:00,Hartford Healthcare Fund Q1 2025 Commentary,SeekingAlpha,https://finnhub.io/api/news?id=1a3e772994eccdb6909ebaf690d19c5d6dc90778298d31e6e0056c9c40e64062,0.0,0.816,0.184,0.6597,2025-05-08
2025-05-08 12:32:00,Invesco Dividend Income Fund Q1 2025 Commentary,SeekingAlpha,https://finnhub.io/api/news?id=0cdb7deddc9ccbb54d971cd971231977205e5a43f99a9e9d6e1f3f3d0a09afc7,0.0,0.836,0.164,0.6908,2025-05-08
2025-05-08 12:22:00,"Listerine, Tylenol Maker Kenvue Tops Estimates, Lifts Net Sales Outlook",Yahoo,https://finnhub.io/api/news?id=808641dda5cc001196f1d97833690fa86f682b59d98b17623be4971a29bd4aca,0.0,0.781,0.219,0.8126,2025-05-08
2025-05-08 12:12:00,Johnson & Johnson expands efforts to champion the nursing workforce globally,Yahoo,https://finnhub.io/api/news?id=596c1f4645fe44a534a5110c88758fd1a840622de14d2658e14816fd5485bab0,0.0,0.783,0.217,0.9682,2025-05-08
2025-05-08 12:08:36,Are Your Health Care ETFs Safe? Trump's New Policies May Trigger Shockwaves Across Pharma Stocks,Benzinga,https://finnhub.io/api/news?id=80c6bdb6a61e1651e93b3c40241febcc01989584d8c242ea3ed468ed95e61d26,0.06,0.771,0.169,0.5859,2025-05-08
2025-05-08 10:35:00,Invesco Diversified Dividend Fund Q1 2025 Commentary,SeekingAlpha,https://finnhub.io/api/news?id=f8b0e2a820238b332cff6ac7c28b956a71194708aa4edc710fa887190471b21e,0.08,0.764,0.156,0.3182,2025-05-08
2025-05-08 09:24:42,"BeiGene, Ltd., Soon To Be BeOne Medicines: New Name And New Profit",SeekingAlpha,https://finnhub.io/api/news?id=ca884ea3d0ae3c3bfb15c378e648089047409c4bd9deeb85e5a87fafa283d5d6,0.105,0.694,0.201,0.4588,2025-05-08
2025-05-08 08:10:00,Franklin Equity Income Fund Q1 2025 Commentary,SeekingAlpha,https://finnhub.io/api/news?id=e06a7cd876551c4d5cd71d318c552b5fa90c440828cdea6db791e2b6e8c6f049,0.0,1.0,0.0,0.0,2025-05-08
2025-05-08 07:45:00,Franklin Small Cap Growth Fund Q1 2025 Commentary,SeekingAlpha,https://finnhub.io/api/news?id=704795925a307a54f1844c341d520703602751a477819bfc9f14c7c189120866,0.0,0.799,0.201,0.7783,2025-05-08
2025-05-08 06:25:00,Franklin Global Allocation Fund Q1 2025 Commentary,SeekingAlpha,https://finnhub.io/api/news?id=4c739cfb99f3a8927149972d539d6ccbb89681670bf899266ee14ed69306f26c,0.0,1.0,0.0,0.0,2025-05-08
2025-05-08 05:53:00,Invesco Equity And Income Fund Q1 2025 Commentary,SeekingAlpha,https://finnhub.io/api/news?id=632ce773a75127e3e9677f6dd7be97da784b55149e1a7590e1d2010257ba1016,0.0,0.858,0.142,0.6486,2025-05-08
2025-05-08 00:45:00,Dividend Hikes Offer Optimism Amid Tariff Turmoil,SeekingAlpha,https://finnhub.io/api/news?id=f98d171acf0f2677696768a10207f7a9239f331320224fd1228097109b49bf19,0.252,0.651,0.098,-0.3716,2025-05-08
2025-05-07 19:11:00,Marjorie Taylor Greene Goes Stock Shopping Again: Here Are 50+ Stocks The Congresswoman Bought,Benzinga,https://finnhub.io/api/news?id=5cca64ec11aaba04b945d06e8fed345e4625528cac1f063d305299542a1c321b,0.0,1.0,0.0,0.0,2025-05-08
2025-05-07 18:54:07,"FDA Expands Surprise Inspections At Foreign Drug And Food Facilities, Targets Double Standards In Overseas Manufacturing Oversight",Yahoo,https://finnhub.io/api/news?id=f28b40b90f1b011da3e6cdd35bc1c6a252b56d69de77ea843a3600d92e91fa39,0.0,0.91,0.09,0.7506,2025-05-08
2025-05-07 18:28:27,Is Johnson & Johnson (JNJ) the Best Dow Stock?,Yahoo,https://finnhub.io/api/news?id=9ff411b46d3c6308090e7548f196f23962efa7df845a5390c3371dc86677ad45,0.053,0.774,0.173,0.8519,2025-05-08
2025-05-07 16:56:00,Hartford Balanced Income Fund Q1 2025 Commentary,SeekingAlpha,https://finnhub.io/api/news?id=96a7906ceb9b4dcad22b47b4b1a9bb2f2d2c80e6ad8a47f60cf572ffd8191537,0.0,1.0,0.0,0.0,2025-05-08
2025-05-07 16:49:57,J&J Medtech survey finds strong European support for healthcare data sharing,Yahoo,https://finnhub.io/api/news?id=74800eb2f7859d874b91d0a374cd8542128483641646999efe34c6b77c32c247,0.0,0.633,0.367,0.9169,2025-05-08
2025-05-07 14:58:00,"Dow up 350 points on gains in Walt Disney, Honeywell shares",MarketWatch,https://finnhub.io/api/news?id=ee0a93b7dbd5e528027e36813a1f53b04188926074b3064774b8dbd9721405aa,0.0,0.662,0.338,0.802,2025-05-07
2025-05-07 13:57:00,"Dow rallies nearly 200 points on gains in Walt Disney, Honeywell shares",MarketWatch,https://finnhub.io/api/news?id=040293936fff13f6e5c8a103e0f96efba84ecda18a0b31433675fdb23407f543,0.0,0.685,0.315,0.802,2025-05-07
2025-05-07 12:56:00,"Walt Disney, Honeywell share gains contribute to Dow's 362-point climb",MarketWatch,https://finnhub.io/api/news?id=0ad1882b8df45bb943de75d7951e7046be281d14d49b7188a894326ba3d58c0f,0.0,0.635,0.365,0.802,2025-05-07
2025-05-07 12:48:00,The Zacks Analyst Blog Highlights Johnson & Johnson and AbbVie,Yahoo,https://finnhub.io/api/news?id=ba0ced5728642acfb936ea14cc39df5f9bbb0da54d4ada854b24eb9b07b480a9,0.0,0.924,0.076,0.2023,2025-05-07
2025-05-07 11:55:00,"Walt Disney, Honeywell share gains lead Dow's 229-point jump",MarketWatch,https://finnhub.io/api/news?id=7906426674410f9f6f8829909f5b11308e4716d94b4fd5b10a9172f74ee09756,0.0,0.603,0.397,0.802,2025-05-07
2025-05-07 11:35:00,2024 Total Dividend Income And Portfolio Update,SeekingAlpha,https://finnhub.io/api/news?id=e84a491388932db92b15edae67d11240e3b812c212aa814a6209bef6a4a9af74,0.0,0.941,0.059,0.25,2025-05-07
2025-05-07 11:00:11,Recent Filing Shows That Rep. Gilbert Ray Cisneros Bought Over $106K Worth of Aris Water Solutions Stock,Benzinga,https://finnhub.io/api/news?id=6e917c349849c4b51cd11d5e5d8b452a77f33e676c83b2189312b08255003e0e,0.0,0.806,0.194,0.3818,2025-05-07
2025-05-07 10:54:00,"Walt Disney, Nike share gains lead Dow's 119-point jump",MarketWatch,https://finnhub.io/api/news?id=cd56656be1ed2f038d9dce6495df172909d1c8810fb19ec68e0a41959275d9be,0.0,0.603,0.397,0.802,2025-05-07
2025-05-07 05:30:00,Trump Is Threatening Big Pharma With Tariffs. Tax Changes Might Work Better.,DowJones,https://finnhub.io/api/news?id=50f7935301024748997581196a409fcf9b9f65bafd3b62d33e873aa4655fc8da,0.209,0.613,0.178,-0.25,2025-05-07
2025-05-07 04:55:00,Fidelity Select Health Care Portfolio Q1 2025 Commentary,SeekingAlpha,https://finnhub.io/api/news?id=6de8cddaa404b5ed7aba0e6986a76a56106ac275d4255bad0da9cb9c149ff259,0.0,0.751,0.249,0.8625,2025-05-07
2025-05-06 17:39:24,Johnson & Johnson (NYSE:JNJ) Presents Promising TREMFYA Study Results At Digestive Disease Week 2025,Yahoo,https://finnhub.io/api/news?id=8826886a98ec68e39a6e18d1d24a585b5601c87f9a5a60e51302993175dd7fb7,0.0,0.772,0.228,0.9571,2025-05-07
2025-05-06 14:11:00,ClearBridge Small Cap Growth Portfolios Q1 2025 Commentary,SeekingAlpha,https://finnhub.io/api/news?id=d751d18eceef686fde5c9df9f78561bec955383feb2f9e178cb6225b1b8c01f5,0.0,0.755,0.245,0.7964,2025-05-06
2025-05-06 13:10:00,"The Zacks Analyst Blog Highlights GE Healthcare, Johnson & Johnson, Abbott and Boston Scientific",Yahoo,https://finnhub.io/api/news?id=411cc7cdf1e8a3a14b5b8e2c90c29fb78104f225f98456900647d321d893193b,0.0,0.943,0.057,0.2023,2025-05-06
2025-05-06 13:00:16,Here is What to Know Beyond Why Johnson & Johnson (JNJ) is a Trending Stock,Yahoo,https://finnhub.io/api/news?id=ab469218bdb47e4a201fae0b626c55dc0c72f9aa40b41ed8abda20d644d9929e,0.0,0.942,0.058,0.34,2025-05-06
2025-05-06 12:26:00,JNJ vs. ABBV: Which Pharma Powerhouse Has Better Growth Prospects?,Yahoo,https://finnhub.io/api/news?id=334d0accc28e0b489dd375599fb803597bcfcc8689c0be018d7691970fe9b693,0.0,0.571,0.429,0.91,2025-05-06
2025-05-06 11:17:28,Johnson & Johnson (NYSE:JNJ) Is Paying Out A Larger Dividend Than Last Year,Yahoo,https://finnhub.io/api/news?id=c83d601d95c6d1debf2eacb8845776b64625cd05045d22d052d7ba2a0979f1a9,0.0,0.935,0.065,0.3182,2025-05-06
2025-05-06 10:20:00,Fidelity Value Discovery Fund Q1 2025 Commentary,SeekingAlpha,https://finnhub.io/api/news?id=53375086f9e69202cd0804bd81b8e63e7fed94f88af93af7eccc90ff8c1bb07a,0.0,0.76,0.24,0.8316,2025-05-06
2025-05-06 09:12:14,ChatGPT Stock Advice: Johnson & Johnson (JNJ) Among Top Stock Recommendations,Yahoo,https://finnhub.io/api/news?id=f9800118acd66bb407b61eb202dc4d8be7535f5818a694a431759042e5412fe4,0.0,0.922,0.078,0.5267,2025-05-06
2025-05-06 06:59:00,"Trump Sets Pharma Tariffs Deadline. The Fallout for Eli Lilly, Pfizer, Other Drugmakers.",MarketWatch,https://finnhub.io/api/news?id=820bea0b0815c83a1049933dbc00771f59dcf87bd7ea85f7edd919f984c819ec,0.0,1.0,0.0,0.0,2025-05-06
2025-05-06 05:22:09,Trump Orders FDA To Fast-Track US Drug Production As Tariff Threat Looms On Imported Medicines: Cites National Security Concerns,Benzinga,https://finnhub.io/api/news?id=405ee9cb5da906ff6378d6fb571bc218c9ef4a36b4c70a01d8fb8f7388509a7d,0.089,0.869,0.043,-0.3818,2025-05-06
2025-05-05 19:00:00,MedTechs Adjust 2025 Outlook Amid Tariffs: What Investors Need to Know,Yahoo,https://finnhub.io/api/news?id=8eca391ed878559f19580d58c5c15add9e62bbf25f3ad831fb24fb413981660c,0.078,0.922,0.0,-0.296,2025-05-06
2025-05-05 17:29:53,"Bristol Myers to invest $40 billion in the US over 5 years, CEO says",Finnhub,https://finnhub.io/api/news?id=981336b67f57a91f9e6627f928f0fe8decb33ef6321ca5e2ee511d7be2a770b4,0.0,1.0,0.0,0.0,2025-05-06
2025-05-05 16:13:25,Oric Pharmaceuticals Announces Clinical Trial Collaboration And Supply Agreement With Johnson & Johnson To Evaluate ORIC-114 In Combination With Subcutaneous Amivantamab For The First-Line Treatment Of NSCLC Patients With EGFR Exon 20 Insertion Mutations,Benzinga,https://finnhub.io/api/news?id=de3a789f53f541d49c06d485bb6dfe327fb8474bde34a872be81f48478e318f7,0.0,0.906,0.094,0.7506,2025-05-06
2025-05-05 15:27:02,'Trump To Sign Order To Encourage Domestic Drug Manufacturing' - Washington Post,Benzinga,https://finnhub.io/api/news?id=e43f1d27a652ccdd94d3ee8892168c6f62db9114f40b872e0e02a74c6416ee8b,0.0,0.883,0.117,0.5106,2025-05-05
2025-05-05 13:29:22,Was Jim Cramer Right About Johnson & Johnson (JNJ)?,Yahoo,https://finnhub.io/api/news?id=25dd079a268ca6ccbb4f93b2dca6fcbc1576a0394ec303c604f07bb291031338,0.117,0.883,0.0,-0.8105,2025-05-05
2025-05-05 12:05:00,TREMFYA® (guselkumab) positioned to become the first and only IL-23 inhibitor to offer subcutaneous induction in ulcerative colitis as demonstrated in new data through 24 weeks,Yahoo,https://finnhub.io/api/news?id=096393cdd048cb6de09945dbe21f788135bc2b707a7f1b9dd0f3032f474e0589,0.04,0.875,0.085,0.5859,2025-05-05
2025-05-05 12:05:00,TREMFYA® (guselkumab) delivers sustained clinical and endoscopic remission in ulcerative colitis through two years,Yahoo,https://finnhub.io/api/news?id=24ee94a56750103d6524f3a6755b17db073a22807417ca40ca27423670ee4e5c,0.0,0.958,0.042,0.4019,2025-05-05
2025-05-05 11:43:05,Why Is Israel-Based Generic Drug Focused Teva Pharmaceutical Stock Trading Higher On Monday?,Benzinga,https://finnhub.io/api/news?id=b8e67d9fd000df0a83c9590ea9195c66165e9e164a77b02e74896338575ee50b,0.0,0.785,0.215,0.802,2025-05-05
2025-05-05 11:31:18,New J&J data signals progress in ulcerative colitis treatment landscape,Finnhub,https://finnhub.io/api/news?id=1034c614700c0b94fe168520ec3c3df151c7ebd15270f1b2c7cd5a618146b1de,0.0,0.93,0.07,0.4215,2025-05-05
2025-05-05 09:20:23,"Donald Trump Vows To 'Call' Up CEOs Who Make Business Moves That Displease Him, Explains Why He Phoned Jeff Bezos To Scrap Amazon's Tariff Disclosure",Benzinga,https://finnhub.io/api/news?id=96cf6d67e0c54016646da642665a82b1afefd0c715d3b8d229e7192f60589728,0.057,0.943,0.0,-0.4019,2025-05-05
2025-05-05 07:42:00,Franklin Income SMA Q1 2025 Commentary,SeekingAlpha,https://finnhub.io/api/news?id=494595a6545929fda41330a5722e693fec8ec7b100ae221c18c8a8b18ffee102,0.0,0.927,0.073,0.2023,2025-05-05
2025-05-05 07:30:00,Fidelity Contrafund Q1 2025  Commentary,SeekingAlpha,https://finnhub.io/api/news?id=d68fa487ff1e10454dec687d7b406bc1c36350f31225badcd098b41a3b93d0d6,0.0,0.932,0.068,0.296,2025-05-05
2025-05-05 03:16:44,"If You Invested $10K In Johnson & Johnson Stock 10 Years Ago, How Much Would You Have Now?",Yahoo,https://finnhub.io/api/news?id=b4530bd63859832812dfc9399fd0a3af44e735646274222a70cdeff73a394c7b,0.0,0.966,0.034,0.25,2025-05-05
2025-05-05 00:38:00,Franklin Equity Income SMA Q1 2025 Commentary,SeekingAlpha,https://finnhub.io/api/news?id=c4b30883086a931e2e065debb3ec888f5798a983ff535519cca757894030d8eb,0.0,0.825,0.175,0.6486,2025-05-05
2025-05-20 22:21:00,U.S. FDA Oncologic Drugs Advisory Committee votes in favor of the benefit-risk profile of DARZALEX FASPRO® (daratumumab and hyaluronidase-fihj) for high-risk smoldering multiple myeloma,Yahoo,https://finnhub.io/api/news?id=c10d3e935f1da769afe8a3b36ecf11a8d40b61fa4022a0abe4b2353c8419d36b,0.0,0.914,0.086,0.8176,2025-05-21
2025-05-20 20:02:11,Tracking Tweedy Browne Portfolio - Q1 2025 Update,SeekingAlpha,https://finnhub.io/api/news?id=b56a1197ba3557ed11605f018678b006950461bd3eaab99f2f9c8e953eefbdb4,0.0,1.0,0.0,0.0,2025-05-21
2025-05-20 18:47:00,J&J Says FDA Advisory Panel Favors Benefit-Risk Profile of Darzalex Faspro in Myeloma Treatment,MarketWatch,https://finnhub.io/api/news?id=73e8398f321ff127b9afd3cb532b8f702c784e51f153a98550298bb317a3c41c,0.0,0.867,0.133,0.4588,2025-05-21
2025-05-20 15:10:55,Johnson & Johnson (JNJ) RBC Capital Markets Global Healthcare Conference,SeekingAlpha,https://finnhub.io/api/news?id=74bf315e087a1a7e595c1e798036a55ca2777247c2180cf6c5e8d2c5ac9f4553,0.0,1.0,0.0,0.0,2025-05-20
2025-05-20 14:35:23,"Transcript : Johnson & Johnson Presents at RBC Capital Markets Global Healthcare Conference 2025, May-20-2025 01",Finnhub,https://finnhub.io/api/news?id=124f6229ae3e21f9876803f4b8347b9a66650f5ade72680ee59987d33c7b4663,0.0,0.922,0.078,0.6115,2025-05-20
2025-05-20 13:45:00,Apple or America? The iPhone Maker Now Has a Better Credit Rating Than the U.S.,MarketWatch,https://finnhub.io/api/news?id=074621cd6b3fb06c8eff875321130607572acc406e77707c448a86ec2d15b971,0.0,0.696,0.304,0.885,2025-05-20
2025-05-20 11:28:58,"Apple, Nvidia, GM: CEOs Are Talking About Being American-Made Again",Benzinga,https://finnhub.io/api/news?id=f206a220c127b6649c58a301b4d26e0d6b2d58ef9c212a02645df031606a71a0,0.0,1.0,0.0,0.0,2025-05-20
2025-05-20 10:16:51,J&J subsidiary ordered to pay $147M for violating antitrust rules,Yahoo,https://finnhub.io/api/news?id=8bf5d4352c80387d47e58d97f09a02528a2d4adfa45305c0b3a86a2040b7ef93,0.189,0.811,0.0,-0.5994,2025-05-20
2025-05-20 09:10:00,Janus Henderson Global Life Sciences Diversified ADR Managed Account Q1 2025 Commentary,SeekingAlpha,https://finnhub.io/api/news?id=62b609fa1d5756badcdc2024a29cd0511dca54f3d6b9f9baa7ca9b6096bc8b15,0.099,0.799,0.102,0.0258,2025-05-20
2025-05-19 16:53:00,The U.S. Lost Its Perfect Credit Rating. Who Still Has It.,MarketWatch,https://finnhub.io/api/news?id=cb23e2c5b9265facadb29c263b298667cb1ccf8ccc46398319dea0615867cae2,0.139,0.482,0.38,0.8402,2025-05-20
2025-05-19 16:12:00,Bond Selloff Sends 30-Year Treasury Yield Above 5%. What to Do Now.,MarketWatch,https://finnhub.io/api/news?id=bd91f122ba860b7a2058d0370ead9ade228eae2455d247f0de1cffc02867cb2d,0.0,0.859,0.141,0.3818,2025-05-20
2025-05-19 16:09:58,Innovative Health awarded $147m in antitrust lawsuit against J&J’s Biosense Webster,Yahoo,https://finnhub.io/api/news?id=0d82ecbe965339a7291f0ee0646032d51fff721e63c7d0612a6000b722b46617,0.137,0.648,0.215,0.4588,2025-05-20
2025-05-19 15:25:26,Moody's U.S. Debt Downgrade: Stocks Poised To Benefit,SeekingAlpha,https://finnhub.io/api/news?id=c65e527b7b08cf1c59ef48737e706a5368e282964dbfa0f9e5506f3fc9e2ee29,0.068,0.575,0.356,0.8591,2025-05-19
2025-05-19 13:08:01,Intravascular lithotripsy: market competition and clinical potential,Yahoo,https://finnhub.io/api/news?id=3634fe5a9f6b5b26408d2fd289a1983707a8008106e42148318217569049f2f9,0.0,0.865,0.135,0.4215,2025-05-19
2025-05-19 07:03:45,Genmab A/S: Transitioning From Royalty Model To Commercial-Stage Oncology,SeekingAlpha,https://finnhub.io/api/news?id=05aa8a7840eb5c9e7b8b4a0b27a438566e3fe935528a088d33341dc09ac70511,0.0,0.881,0.119,0.3612,2025-05-19
2025-05-18 16:33:15,US States Likely to Defy US Downgrade to Keep Top Credit Ratings,Yahoo,https://finnhub.io/api/news?id=5f24a826c01909f591bb19c15dd9cb188c690fddac076eaa2958f1dfaa24fb3f,0.096,0.776,0.128,0.4767,2025-05-19
2025-05-17 13:30:31,Trump administration not backing down on Big Pharma pressure campaign,Yahoo,https://finnhub.io/api/news?id=76fcd69c6045725b019f23ad0b4cec795c0cd81ef0f8a8bb1e378c46cad73ebf,0.25,0.75,0.0,-0.6887,2025-05-19
2025-05-17 10:40:00,3 Magnificent Stocks That Are Passive Income Machines,Yahoo,https://finnhub.io/api/news?id=a040f4e761ae40d6ce5e84654b3744c425334484bb6dde50fe85073579531fa7,0.071,0.724,0.205,0.8399,2025-05-19
2025-05-17 01:51:43,"Dividend Champion, Contender, And Challenger Highlights: Week Of May 18",SeekingAlpha,https://finnhub.io/api/news?id=32a804b3a7c6c825db45e32302d9c503c62d094fe5f0249a1698078935f953a6,0.04,0.627,0.333,0.8519,2025-05-19
2025-05-16 19:08:19,Jim Cramer Notes That “People Are Staying Away From” Johnson & Johnson,Yahoo,https://finnhub.io/api/news?id=73f880eab400bf532e636a91b80d298b851658adfa2325c8406bcd32f0e0baa7,0.04,0.96,0.0,-0.4215,2025-05-19
2025-05-16 16:07:22,"US-China Trade Truce, Trump's Middle East Deals Spark Wall Street Rally: This Week In Markets",Benzinga,https://finnhub.io/api/news?id=8f2b361a109b84049ea6b98e377ec44212040f43844863b5542aa8771ac10a83,0.049,0.789,0.162,0.5994,2025-05-19
2025-05-16 14:32:08,Pfizer's Turnaround Story Is Stronger Than You Think,SeekingAlpha,https://finnhub.io/api/news?id=f1aa39358b70fbcabefaa095b1113b67f395143069dd178c847bce24ceee8311,0.0,0.729,0.271,0.3818,2025-05-16
2025-05-16 13:40:11,Here's Why Johnson & Johnson (JNJ) is a Strong Value Stock,Yahoo,https://finnhub.io/api/news?id=76ee267ffc144568c9762d1888e841b7ed5e306dbd81bb41a84a1dc97808bb98,0.059,0.699,0.242,0.7783,2025-05-16
2025-05-16 12:24:00,"Dow up 120 points on gains in shares of 3M, Nike",MarketWatch,https://finnhub.io/api/news?id=3d0f6aa9db6e6adc62805817899bbe7e254261394e57c8e1794505445d6ee6b7,0.0,0.662,0.338,0.802,2025-05-16
2025-05-16 12:07:17,Uk's MHRA Approved Guselkumab (Tremfya) To Treat Crohn'S Disease And Ulcerative Colitis,Finnhub,https://finnhub.io/api/news?id=47425457fb4abfbc5b209431546c486efdeaeac26f231b778e3833fa547d3920,0.0,0.667,0.333,0.9094,2025-05-16
2025-05-15 17:49:03,Nachawati Law Group Files New Ovarian Cancer Lawsuits Against Johnson & Johnson After Latest Bankruptcy Ploy Fails,Finnhub,https://finnhub.io/api/news?id=e6e9c9b45556ba8fef8c0eb9bf0c56feeac16e80c602adac7dd51283f9294f5f,0.29,0.71,0.0,-0.8625,2025-05-16
2025-05-15 15:30:06,Why Is Johnson & Johnson (JNJ) Down 4.9% Since Last Earnings Report?,Yahoo,https://finnhub.io/api/news?id=ed1235f6f0eae0ffe80eabc9ab42319d101ec85523bd0c8a48e1e7f705f35127,0.0,1.0,0.0,0.0,2025-05-15
2025-05-15 01:08:21,"Jim Cramer Says Even 'Safety' Stocks Look Risky, Warns Of 'Wild Card' In Washington And Rising Treasury Yields As Reasons To Stay Away From Sure Bets",Benzinga,https://finnhub.io/api/news?id=305e4583fea8a047ed748d0913d790034ae8f93da922b6ec008a11ff17366b3a,0.117,0.772,0.111,0.1531,2025-05-15
2025-05-14 16:41:04,Johnson & Johnson to Participate in the Goldman Sachs 46th Annual Global Healthcare Conference,Finnhub,https://finnhub.io/api/news?id=7eef23a329d21324eb9cb4e3b3da4b7460de5a07779ce439a8db006c940c996a,0.0,1.0,0.0,0.0,2025-05-15
2025-05-14 15:58:29,Sanofi To Navigate Tariff Impact With $20 Billion In Spending Through 2030,Benzinga,https://finnhub.io/api/news?id=f76b354cf5083c666bfef0fae9cc027a74edfcb0936301cba11aadb1ebae24ea,0.0,0.818,0.182,0.7269,2025-05-14
2025-05-14 15:38:00,BlackRock Health Sciences Opportunities Fund Q1 2025 Commentary,SeekingAlpha,https://finnhub.io/api/news?id=a09fa1031198fe3423a5318e0d47459c521efb03ae4196a089069f85176f0e54,0.0,0.751,0.249,0.8225,2025-05-14
2025-05-14 15:00:56,"Halozyme, J&J slide as analyst cuts rating on CMS draft guidance",Yahoo,https://finnhub.io/api/news?id=2e4138ea43e2f605bd0893e38577f5451f54694364fd1b123d37589fcea05a97,0.092,0.807,0.101,0.2249,2025-05-14
2025-05-14 11:50:25,IXJ: Healthcare Sector Dashboard For May,SeekingAlpha,https://finnhub.io/api/news?id=6034d561f5dd4a27632eead6ab25b5a039e4bdb6720041cd8cd9e718132da992,0.0,0.932,0.068,0.34,2025-05-14
2025-05-14 11:05:00,"Dow's 115-point drop led by losses for Amgen, 3M stocks",MarketWatch,https://finnhub.io/api/news?id=fe994dfedeced3bae800e6590a04318330ed9fec1d3b55e456f1986dc367eb7e,0.375,0.625,0.0,-0.8225,2025-05-14
2025-05-14 01:41:00,"The Smartest Dividend Stocks to Buy With $5,000 Right Now",Yahoo,https://finnhub.io/api/news?id=38319fe64779e6a89b59adacd11024233c162a4e9cb279ebc5f47e09f46788d6,0.0,0.933,0.067,0.6124,2025-05-14
2025-05-14 00:05:13,Leerink Partners Downgrades Johnson & Johnson (JNJ),Fintel,https://finnhub.io/api/news?id=d079bc3838ff5fe095da1526a4b32efe3e5dfb7b5f008e7873f35ccdbd49bb89,0.0,1.0,0.0,0.0,2025-05-14
2025-05-13 21:08:12,Is Johnson & Johnson (JNJ) the Best Pharma Stock to Invest in Amid the Domestic Manufacturing Boom?,Yahoo,https://finnhub.io/api/news?id=d992f64c3a399cfc3eadaeb818a7b5c7e802f62670bfbb8ff10b16dbd9d76e45,0.0,0.847,0.153,0.9274,2025-05-14
2025-05-13 20:53:00,Big Pharma Counted on This Loophole. It May Be Closing.,Yahoo,https://finnhub.io/api/news?id=bc3c2c07c3b20c416d36e745d9999a942a164e94ac62965ae8e33db9d122580d,0.062,0.938,0.0,-0.4019,2025-05-14
2025-05-13 17:55:00,Big Pharma Counted On a Price Negotiation Loophole. It May Be Closing.,Yahoo,https://finnhub.io/api/news?id=0732a0a4ebfeaba42a3e496f478eed72f296bb9f58dfa773def09d730a3d3df0,0.059,0.941,0.0,-0.4019,2025-05-14
2025-05-13 16:09:00,"Trump Celebrates $600B Saudi Investment: ‘Never Seen Anything Like It’ - Advanced Micro Devices (NASDAQ:AMD), AECOM (NYSE:ACM)",Benzinga,https://finnhub.io/api/news?id=8d66415815da7cec487bd0a1f38464a368497725a129d0c859478b5e19650278,0.0,0.737,0.263,0.8689,2025-05-14
2025-05-13 14:51:12,Johnson & Johnson (JNJ) BofA Securities 2025 Healthcare Conference Transcript,SeekingAlpha,https://finnhub.io/api/news?id=3ab7ac2d44664eba1e30552c376252c392438ac4ffa3669aadd64000039b7697,0.0,0.868,0.132,0.5267,2025-05-13
2025-05-13 14:19:54,Top Biotech Halozyme Undercuts Its Breakout On Bad Medicare News,Yahoo,https://finnhub.io/api/news?id=f147396558cb3b63b8758c61c9ddb73e2f08f172b77971c94e101f005a4cd0ce,0.104,0.776,0.119,-0.128,2025-05-13
2025-05-13 11:18:00,"Pfizer, Eli Lilly, and Other Pharma Stocks Fall. Questions Remain About Trump’s Executive Order.",MarketWatch,https://finnhub.io/api/news?id=739d3ed17a603762852946b34da9dfc7b1a039ebb1f0c50bb8bc5f5a5f47e20e,0.0,1.0,0.0,0.0,2025-05-13
2025-05-13 09:45:00,"Dow's 150-point fall led by losses for UnitedHealth, Merck stocks",MarketWatch,https://finnhub.io/api/news?id=62c04e7ffe917c2a19078127aff197dbe8830b6dd6f1239e053ec28ff2ea138d,0.231,0.769,0.0,-0.6597,2025-05-13
2025-05-13 08:00:00,"With the breakneck speed of cancer breakthroughs, oncologists feel left behind. Can Big Pharma chime in?",Yahoo,https://finnhub.io/api/news?id=07e6a9bd2020eeda699e228d06322605030c53e2107224ae807ee1a6c805b5fc,0.165,0.787,0.049,-0.802,2025-05-13
2025-05-13 01:15:49,Vietnam cranks up fight on imported counterfeits amid US tariff talks,Finnhub,https://finnhub.io/api/news?id=94eca253a865e09c22fa237c8aed6fb4044d460771f2fa205e9c905dad8c126a,0.178,0.822,0.0,-0.7783,2025-05-13
2025-05-28 21:45:17,Johnson & Johnson (JNJ) Stock Moves -0.54%: What You Should Know,Yahoo,https://finnhub.io/api/news?id=0de0a52226d59d82385ca567772fbe7ba39addd1a0f1174784655fd9f89b2657,0.0,1.0,0.0,0.0,2025-05-29
2025-05-28 21:41:10,Trump's tariffs and threatened trade actions,Finnhub,https://finnhub.io/api/news?id=ede2dc36265c12ee2019e3df39b36a179d0ae2b46944cf495c185a80c9078b93,0.09,0.871,0.039,-0.4019,2025-05-29
2025-05-28 20:43:00,Johnson & Johnson to Host Investor Conference Call on Second-Quarter Results,Yahoo,https://finnhub.io/api/news?id=4eb7bdf9ee98805f9d1f11530c743d31fd59dcfb5c48c4e30e19c6f88b59eb2e,0.0,1.0,0.0,0.0,2025-05-29
2025-05-28 14:31:09,Johnson & Johnson (JNJ) Presents at the Bernstein's 41st Annual Strategic Decisions Conference (Transcript),SeekingAlpha,https://finnhub.io/api/news?id=9c806fae89df1ca55f71c90ce41575dfded60415e62656ee97f890c35e513d9c,0.0,1.0,0.0,0.0,2025-05-28
2025-05-28 14:08:13,Boston Scientific ends TAVR sales; J&J shares Monarch robot data,Yahoo,https://finnhub.io/api/news?id=eb8c94d8924e8377eaf93092486e0c7bdcdba37b1e7c650764bde8dcf8d0143d,0.0,0.927,0.073,0.296,2025-05-28
2025-05-28 11:37:27,"Transcript : Johnson & Johnson Presents at Bernstein 41st Annual Strategic Decisions Conference 2025, May-28-2025 09",Finnhub,https://finnhub.io/api/news?id=5dc0e376516f12641955082552c837a88d966da401712d59f7119b385cba042f,0.0,0.841,0.159,0.8074,2025-05-28
2025-05-28 09:30:08,J&J: study highlights the benefits of the MONARCH platform,Finnhub,https://finnhub.io/api/news?id=c613a39a720afaa9b5387a6bfc88f9a4da4cfba88c05eecd95084d4e269bb89d,0.0,0.884,0.116,0.6597,2025-05-28
2025-05-28 09:30:00,Baird Small/Mid Cap Growth Equity Fund Q1 2025 Commentary,SeekingAlpha,https://finnhub.io/api/news?id=2b02228d4f474850a437224598a0cad46bd361649df036ffb627c4d659efecba,0.0,0.818,0.182,0.7783,2025-05-28
2025-05-28 06:45:00,Give Your Portfolio A Little Stability And Income Reliability During This Market Uncertainty,SeekingAlpha,https://finnhub.io/api/news?id=b079e4665b980bfcb1d685b14dcb0febebb55ccd9f927edfdb8f09c24c1c3283,0.124,0.876,0.0,-0.5859,2025-05-28
2025-05-28 04:07:34,Procter & Gamble: 3.7% Free Cash Flow Yield Is Not Good Enough,SeekingAlpha,https://finnhub.io/api/news?id=0728684dce558a02ce823454ee5336b8f000a68e0d415edd9b5c299537e9e00f,0.153,0.637,0.21,0.2249,2025-05-28
2025-05-27 22:15:08,Best Dividend Aristocrats For June 2025,SeekingAlpha,https://finnhub.io/api/news?id=6ee1dcf91ffbd2bdde319f8234879fe63c615bdeedf7461a4dbb0c871beb6455,0.0,0.799,0.201,0.6757,2025-05-28
2025-05-27 15:47:57,"Prothena: Despite Phase 3 Trial Failure, Other Neurodegenerative Programs In Place",SeekingAlpha,https://finnhub.io/api/news?id=cc007612ccff6c3d3a92a4c004d50f3b0433ec6287a08cca0b137bde8e86d895,0.248,0.752,0.0,-0.5106,2025-05-27
2025-05-27 15:44:51,Why Is Teva Stock Trading Higher On Tuesday?,Benzinga,https://finnhub.io/api/news?id=ff2bc92bb0c334d171c322c4ecdbc3f15770f29c86e5158063d66abe90c08dc5,0.0,1.0,0.0,0.0,2025-05-27
2025-05-27 12:00:35,Why Dan Loeb Just Made Kenvue One Of His Top Holdings,Benzinga,https://finnhub.io/api/news?id=e10290afb5bb7a824b964c2fcd26b09fc097108c6aa7bb8940a05c798b02f73d,0.0,0.89,0.11,0.3818,2025-05-27
2025-05-27 11:30:00,1 Top Dividend Stock to Buy for a Lifetime of Passive Income,Yahoo,https://finnhub.io/api/news?id=f5d1c0970f02aff811fe79e565b22bcbf2023e0471043eba9edbffa4e194b5ba,0.0,0.848,0.152,0.6956,2025-05-27
2025-05-27 10:11:15,J&J Bankruptcy Filing Dismissed: The Third Time's Not A Charm (Video),Finnhub,https://finnhub.io/api/news?id=6b0b902056a4418b0265577f65d1235aaed4f871f97447764c18078f659befcb,0.116,0.884,0.0,-0.4692,2025-05-27
2025-05-27 10:01:00,BNY Mellon Income Stock Fund Q1 2025 Commentary,SeekingAlpha,https://finnhub.io/api/news?id=daa65f5c3dbc517f6c21c1e66b32a2b50aec8c1b7dc22bd14c2abe6bbb05afde,0.0,1.0,0.0,0.0,2025-05-27
2025-05-27 08:30:00,Johnson &amp; Johnson: Dividend King On Sale Yielding Over 3% And Undervalued,SeekingAlpha,https://finnhub.io/api/news?id=74b042315eef62f6a5ff862d993dbe9d944dc2a3e1d6acc38b8bf934ba0f49db,0.0,0.816,0.184,0.6369,2025-05-27
2025-05-27 05:39:24,Johnson & Johnson: Raising My Price Target Amid Stable EPS Growth,SeekingAlpha,https://finnhub.io/api/news?id=ea31cf14cb95e9cc58cc2f1b41c5393120af5171edd1bcc50afc2c44b6d2e5b7,0.0,0.652,0.348,0.5859,2025-05-27
2025-05-26 16:00:00,"How To Build A $100,000 Dividend Portfolio That Could Yield 10.75% In 15 Years",SeekingAlpha,https://finnhub.io/api/news?id=4bba80b64fd9b458cfb1fb516aebcdd2ca8aadeff95b4f1fe8fcb22ac8432e60,0.097,0.766,0.137,0.4019,2025-05-27
2025-05-26 10:32:36,Gilead Sciences' Best Days May Be Ahead - Here's Why,SeekingAlpha,https://finnhub.io/api/news?id=4dc5c6c5ff94597181eb823c3d6e672dd445702ca8558a3b0817a52051744a8c,0.0,0.682,0.318,0.6369,2025-05-27
2025-05-26 07:30:00,No Rolex For Me - I'm Buying Dividends That Pay For Life,SeekingAlpha,https://finnhub.io/api/news?id=905cbdc8621173b6cf1ee83bd44a6bef34513918faff0cba72f542059dc35da1,0.205,0.727,0.068,-0.5106,2025-05-27
2025-05-25 11:07:47,US FDA Votes in Favor of Benefit-Risk Profile of Johnson & Johnson’s DARZALEX FASPRO,Yahoo,https://finnhub.io/api/news?id=9ec8dc60d045d12a3f13358bf5ed9005dc816c52ad9e5fa742fa5c1dd2c57070,0.031,0.897,0.072,0.4767,2025-05-27
2025-05-24 08:16:00,Generating Passive Income: 3 Top Dow Dividend Stocks to Buy for 2025 and Beyond,Yahoo,https://finnhub.io/api/news?id=ad244c31042eba82c891546e3b9e6769327136cbaa39781a29a7dbfd49514fac,0.0,0.847,0.153,0.7269,2025-05-27
2025-05-23 12:52:03,Why Investors Should Watch Teva Despite Regional Risks,SeekingAlpha,https://finnhub.io/api/news?id=cf24b2a0bb360e2a3e02f53e94632fe654e0bd890ffdc8997680f5ed687da4e5,0.0,0.823,0.177,0.7281,2025-05-23
2025-05-23 11:10:14,Johnson & Johnson to Participate in the Bernstein's 41st Annual Strategic Decisions Conference,Finnhub,https://finnhub.io/api/news?id=595a21ada1be673dbd2b912f97bac887e4f26c33303a84bdebb2ad55da2b244d,0.0,1.0,0.0,0.0,2025-05-23
2025-05-23 10:22:53,J&J: to present 70 abstracts at the ASCO conference,Finnhub,https://finnhub.io/api/news?id=19e40a93ac92ac735f3f467f2287baa046a0f6c1f622badaa4b2be437186370e,0.0,1.0,0.0,0.0,2025-05-23
2025-05-23 08:07:07,Alerts on J&J from law firm's press release withdrawn,Finnhub,https://finnhub.io/api/news?id=99a2dbcd7a64a378fa9203b57d3c4b1f86f75d5cf27718b4ed1fec48fb8947d3,0.109,0.891,0.0,-0.5106,2025-05-23
2025-05-23 08:02:04,FDA Panel Reiterates the Cancer Risks of Talc,Finnhub,https://finnhub.io/api/news?id=a204176d5400598dd9c8ec910159dafdec2a6a4973538b3307f2fa2e39ca91fa,0.342,0.658,0.0,-0.8979,2025-05-23
2025-05-22 21:45:04,Johnson & Johnson (JNJ) Declines More Than Market: Some Information for Investors,Yahoo,https://finnhub.io/api/news?id=9bfe89389c221cbdb77653f09cc22dfe884148def3eadc75e6ac5c29551ad104,0.0,1.0,0.0,0.0,2025-05-23
2025-05-22 17:26:17,Johnson & Johnson : showcases latest advancements in cancer innovation with more than 70 clinical and real-world studies at ASCO and EHA,Finnhub,https://finnhub.io/api/news?id=4001f7a23412a2875b76e64b073fa2dc1ee9d9f05f14b6039e0a7031da9c17f1,0.113,0.775,0.111,-0.2732,2025-05-23
2025-05-22 13:07:00,JNJ Down 6% in 3 Months: How to Play the Stock Amid Various Challenges,Yahoo,https://finnhub.io/api/news?id=6c5c15163a3ac59f3e8e1f7dad6a21d50e719dc5a787a58b2ede1656a952c860,0.0,0.746,0.254,0.802,2025-05-22
2025-05-22 12:46:00,CGON Stock Rallies 27% in a Month on Bladder Cancer Study Success,Yahoo,https://finnhub.io/api/news?id=e83f7945e0bc79c15190095fcd18216a5bbb4f6e3dd5d3bfd5f228a311692fe0,0.183,0.667,0.15,-0.3818,2025-05-22
2025-05-22 12:31:00,BNY Mellon Global Equity Income Fund Q1 2025 Commentary,SeekingAlpha,https://finnhub.io/api/news?id=21122177dcf301c8a85b28db74c633dac60cf5d385c12b4c38dab38f5f17dfc1,0.0,1.0,0.0,0.0,2025-05-22
2025-05-22 12:30:00,Merck: Undervalued In Light Of Key Risks,SeekingAlpha,https://finnhub.io/api/news?id=2cf83a06c667d933b5230efc127d32ca765138c4065e6106fe71e2e81afcac58,0.259,0.741,0.0,-0.2732,2025-05-22
2025-05-22 11:14:00,BNY Mellon Dynamic Value Fund Q1 2025 Commentary,SeekingAlpha,https://finnhub.io/api/news?id=dffb1eabb98f7e0a46b4ce50bd2a55265d5a39faf2464cfe0fc9beea9f4d2017,0.0,0.677,0.323,0.8402,2025-05-22
2025-05-22 09:20:01,Johnson & Johnson MedTech introduces ultrasound catheter for cardiac ablation,Yahoo,https://finnhub.io/api/news?id=23224b483a4d8950b22c2de2071c1f18abd69d9f0cd3c8a4ae719fb1a82e92d8,0.0,1.0,0.0,0.0,2025-05-22
2025-05-21 22:14:39,Tracking Jeremy Grantham's GMO Capital Portfolio - Q1 2025 Update,SeekingAlpha,https://finnhub.io/api/news?id=e27504393d6270f71f4779aed94b422dee3a3fcabc889d6582ddb2468c20c3d3,0.0,1.0,0.0,0.0,2025-05-22
2025-05-21 17:41:00,The FDA Takes a Trial-Lawyer Turn,DowJones,https://finnhub.io/api/news?id=982aa4f4432189580bd5c9f9aa05593ee03b460e980f5d00c7dc0e81dc79fea4,0.0,1.0,0.0,0.0,2025-05-22
2025-05-21 17:33:12,Johnson & Johnson (NYSE:JNJ) FDA Panel Supports DARZALEX FASPRO®? for High-Risk Multiple Myeloma,Yahoo,https://finnhub.io/api/news?id=acb25ab16e4c49f1fbfd8a771cddc95a5a1ce3b99570292c0500e9f9ee0b6fd1,0.0,0.863,0.137,0.9001,2025-05-22
2025-05-21 16:47:00,Wasatch Global Value Fund Q1 2025 Commentary,SeekingAlpha,https://finnhub.io/api/news?id=358ba00e56c1f00d27aca22b08d4c6dc9d2d2a95e97a1b095be329ad41f9458b,0.0,0.789,0.211,0.7351,2025-05-22
2025-05-21 14:19:59,'What's Inside RFK Jr.'s MAHA Report'- Wall Street Journal,Benzinga,https://finnhub.io/api/news?id=da474e92300e58791e5f198041df24d3c3aafc600e8ca88296f7725eecb2ce3a,0.0,1.0,0.0,0.0,2025-05-21
2025-05-21 13:00:15,Investors Heavily Search Johnson & Johnson (JNJ): Here is What You Need to Know,Yahoo,https://finnhub.io/api/news?id=75dcaa1518c3608c8e7b029fe8b210af4b7fa82103557ec1998145c73344011f,0.064,0.892,0.043,-0.2263,2025-05-21
2025-05-21 12:49:31,Johnson & Johnson's (NYSE:JNJ) Shareholders Will Receive A Bigger Dividend Than Last Year,Yahoo,https://finnhub.io/api/news?id=d85a582819e43740037ffd1d6726bc252750a14ccccd5d84f2dcac8763e3a803,0.0,0.935,0.065,0.3182,2025-05-21
2025-05-21 12:20:05,Pfizer Looks Like A Great Play At Current Valuations,SeekingAlpha,https://finnhub.io/api/news?id=a926781e85b4794d8dfc4b02946c645e3c548a2b3de04af57250c83422ef2b47,0.104,0.413,0.484,0.9391,2025-05-21
2025-05-21 09:13:23,J&J: launches new ICE catheter in the United States,Finnhub,https://finnhub.io/api/news?id=cf99837ccd98a5bcb12d1ab5a80a468845ce885602f43fb7ce9307b768a53e8e,0.0,0.862,0.138,0.6808,2025-05-21
2025-05-21 09:00:00,"Forget About Dividend Yield, Do This Instead",SeekingAlpha,https://finnhub.io/api/news?id=5b931bd91eaf816029ef734fe292646a879ad80a5bc402c1a2ed4634ab54440a,0.131,0.784,0.085,-0.1027,2025-05-21
2025-05-21 08:58:18,"Johnson & Johnson MedTech Launches SOUNDSTAR CRYSTAL in the US, Redefining Image Clarity in 2D Intracardiac Imaging",Finnhub,https://finnhub.io/api/news?id=a6f0d2dcfb4a0a412206f33537ca262003f1c748456c16210cc972f0cf54fc5f,0.0,0.867,0.133,0.7297,2025-05-21
2025-05-21 08:10:00,My Dividend Stock Portfolio: New All-Time Dividend Record In April - 100 Holdings With 14 Buys,SeekingAlpha,https://finnhub.io/api/news?id=da857ba038502fb2801876c07073c96e54676960374534733580830e88991dab,0.0,1.0,0.0,0.0,2025-05-21
2025-05-21 08:00:21,2 Companies Now Have Credit Ratings Higher Than The U.S.,DowJones,https://finnhub.io/api/news?id=cbaac57c55880d1f36d4b82f821c9af37c936f79f47216b34f4e13f9b5fac963,0.0,0.776,0.224,0.6369,2025-05-21
2025-05-21 07:30:00,"How My Parents Retired At 60, Fueled By Dividend Income",SeekingAlpha,https://finnhub.io/api/news?id=df7bc90c827d21fa1f3e1c7e6495d74dd4bcd9d37a0ffa27c3ba5dad026bc240,0.0,1.0,0.0,0.0,2025-05-21
2025-05-21 03:21:43,Johnson & Johnson (NYSE:JNJ) Hit with $147M Verdict in Landmark Antitrust Case Over Reprocessed Medical Devices,Yahoo,https://finnhub.io/api/news?id=88834d23c82aa9a92e374a153f54b586b2fbbb8cd0ef9d92304ae37bc4281d6e,0.121,0.746,0.133,-0.0,2025-05-21
2025-05-21 02:20:45,Johnson & Johnson Announces U.S. Food and Drug Administration Oncologic Drugs Advisory Committee Approves the Approval of the Benefit-Risk Profile of Single- Agent Darzalex Faspro®?,Finnhub,https://finnhub.io/api/news?id=d9fb3e53f1d4a02987af09b87d6fd011074e0b574e0124af5f2dc32c1fa8a67b,0.0,0.854,0.146,0.8343,2025-05-21
2025-05-21 01:51:01,Best Dividend Kings - May 2025,SeekingAlpha,https://finnhub.io/api/news?id=783cf3a9b25bba76f793a8bcb80d813359f7ffa3eae279f58b34b03c0b343593,0.0,0.898,0.102,0.3818,2025-05-21
2025-05-30 15:07:12,"Dogs Of The Dow Chase June's ""Safer"" Buy -- Verizon",SeekingAlpha,https://finnhub.io/api/news?id=44d976ba7db3be633e540e5f641994b1f0a1556bead691a6bf5497cf05703d46,0.0,0.899,0.101,0.5574,2025-05-30
2025-05-30 13:17:30,Cooper Companies: I'm Seeing More Appeal Here,SeekingAlpha,https://finnhub.io/api/news?id=0de4e612de20ff09d5b85a3217587f6033df86629a2f863e359c1eb8500daa9d,0.0,0.583,0.417,0.9186,2025-05-30
2025-05-30 11:25:17,Trump's trade war: Tariff deadlines and key upcoming events,Finnhub,https://finnhub.io/api/news?id=8aa93ded6fe6e7efd603b73588580d1704e8dd905e3be048449e1e21d0c7bedb,0.062,0.938,0.0,-0.3506,2025-05-30
2025-05-30 10:07:00,Johnson & Johnson: Relative Stability In A Wild 2025 Stock Market,SeekingAlpha,https://finnhub.io/api/news?id=0d716463881c23b412fa320fc095a0cdfbb5b2450200d8396d46852910d3c565,0.183,0.568,0.249,0.0387,2025-05-30
2025-05-30 09:05:00,abrdn Healthcare Investors Q1 2025 Commentary,SeekingAlpha,https://finnhub.io/api/news?id=08a995b94c9843618fb019a74515636093294d133726b11dc86cee43c76ca7fd,0.0,1.0,0.0,0.0,2025-05-30
2025-05-30 08:10:24,Navigating Earn-Out Disputes: Key Considerations For Private Funds,Finnhub,https://finnhub.io/api/news?id=7606a9835b911239d5e72518b393c469549a21132c5a81f24a91ccd798da9cfc,0.053,0.888,0.058,0.0516,2025-05-30
2025-05-30 07:31:07,J&J CEO Says We Are Not Working On Vaccines At All - CNBC Interview,Finnhub,https://finnhub.io/api/news?id=6362daddfe3d0191193a674df7fb3dbae859fb6f5528f1f8620758513c6665c5,0.0,1.0,0.0,0.0,2025-05-30
2025-05-30 00:28:00,Madison Dividend Income Fund Q1 2025 Investment Strategy Letter,SeekingAlpha,https://finnhub.io/api/news?id=e488ee3671a041fa49ea36dadd9b902245d2a311ca79fcce27f7af785d1eb4f0,0.0,1.0,0.0,0.0,2025-05-30
2025-05-29 16:53:50,HistoSonics’ histotripsy system receives early market access authorisation in UK,Yahoo,https://finnhub.io/api/news?id=b056b9b375d89ec6a8e233b1f67e7f4cfe2079617430cfb862130c9c8e896a4f,0.0,0.83,0.17,0.5994,2025-05-30
2025-05-29 10:21:00,3 Elite High-Yield Dividend Stocks Down 8% to 27% That Have Hiked Their Payouts for More than 50 Years in a Row,Yahoo,https://finnhub.io/api/news?id=01b5f755056684db642530e81ecae725994d6bd7bb6ef8963542fdc1650c4454,0.0,0.893,0.107,0.6808,2025-05-29
