publishedDate,title,source,url,neg,neu,pos,compound,trading_date
2025-04-10 20:56:51,Jim Cramer on Apple Inc. (AAPL): Can Tariffs Derail the iPhone Giant’s Global Dominance?,Yahoo,https://finnhub.io/api/news?id=03ae936f5c40e9ccabba9c0cfba1d7a43cacfa97b48f5fc58d70f4a4df2c069a,0.073,0.903,0.024,-0.5719,2025-04-11
2025-04-10 20:49:00,"These Stocks Moved the Most Today: Nvidia, Apple, Tesla, GM, Microsoft, CarMax, U.S. Steel, Warner Bros., and More",Yahoo,https://finnhub.io/api/news?id=ad0e76daeb145dcbb8d7d54d020fed157452201110488bcaba990dc3b85229e5,0.0,0.961,0.039,0.3597,2025-04-11
2025-04-10 20:27:58,Why Apple Stock Is Sinking Today,Yahoo,https://finnhub.io/api/news?id=cac32eb61d6f66b1333e1cdd8aa2864f5f778f154b3cda182a914157e601ccf5,0.057,0.922,0.021,-0.4215,2025-04-11
2025-04-10 19:54:45,Sector Update: Tech Stocks Plunge Late Afternoon,Yahoo,https://finnhub.io/api/news?id=7e0c3404a3ccda060107f1850f3aba932630cc5b506a3545304a3000bc4da3fe,0.0,1.0,0.0,0.0,2025-04-11
2025-04-10 19:01:21,Apple's Efforts to Prepare for Tariffs,Yahoo,https://finnhub.io/api/news?id=a42a7e63b9fc06a1c44985875ed6602ee599b596fc86c9d93ac6c405cddbd712,0.0,0.952,0.048,0.4404,2025-04-11
2025-04-10 18:24:39,Apple airlifted 600 tons of iPhones to the U.S. to try to beat Trump’s tariffs as customers scramble to secure devices before possible price increases,Yahoo,https://finnhub.io/api/news?id=eb1666fc868c2d16ad2c44c469cd268c3f3e916c5080e17e913ac11b6dc5b951,0.0,0.942,0.058,0.34,2025-04-11
2025-04-10 18:09:21,"Oil falls, China tensions weigh on Apple, Disney: Market Minute",Yahoo,https://finnhub.io/api/news?id=dd7c13da954204560b24473e6435c3b0b643657100594e9f41707e3ac89bd490,0.133,0.841,0.026,-0.7906,2025-04-11
2025-04-10 18:07:08,Jim Cramer on Apple (AAPL): “I’m Not Gonna Tell You It’s Good. It’s Bad”,Yahoo,https://finnhub.io/api/news?id=532c2c370c5d3de03590efdd5d5e866c1b058a30028fbb1c86336ecc587b73dd,0.0,0.96,0.04,0.4404,2025-04-11
2025-04-10 17:08:51,Mag 7 market cap value surged on tariff pause news,Yahoo,https://finnhub.io/api/news?id=f750267b019b90d543853466e0bd750d0855bc71685119b6770e39f8b345a636,0.0,0.924,0.076,0.7906,2025-04-11
2025-04-10 17:07:30,Apple's Secret iPhone Airlift: How Tim Cook Outsmarted Trump's Tariffs,Yahoo,https://finnhub.io/api/news?id=156b7583a25f45bfbfe04c13507c7793d1d25fd90b3bdae13a16da53b93a9562,0.09,0.806,0.103,0.34,2025-04-11
2025-04-10 12:26:00,"Tech, Media & Telecom Roundup: Market Talk",DowJones,https://finnhub.io/api/news?id=d4ebcf10d927a011ad5b633939e48bf274c86817579675defba8e8e0e1e7c961,0.0,1.0,0.0,0.0,2025-04-10
2025-04-10 16:49:31,Trump's tariff pause only stokes more uncertainty for CEOs,Finnhub,https://finnhub.io/api/news?id=d09d224f16adc97e235c78d9d36dcbcb27a0a6bb776e21da800da9bf03309697,0.293,0.661,0.046,-0.8995,2025-04-11
2025-04-10 16:48:40,Apple Stock Resumes Its Slide After Posting Best Day Since 1998,Yahoo,https://finnhub.io/api/news?id=bae297ba0dd064e0c7a4da3d49a30902f47108837e681b4b24a4fbd7239ccf06,0.0,0.747,0.253,0.8807,2025-04-11
2025-04-10 16:37:09,"Apple has few incentives to start making iPhones in U.S., despite Trump's trade war with China",Yahoo,https://finnhub.io/api/news?id=349cfba0683e0116106d7c0ac862fbfca563e5307bec0773e96cfe4632963eff,0.0,0.884,0.116,0.8045,2025-04-11
2025-04-10 16:34:00,"Apple, Nvidia, Meta, and more Magnificent 7 stocks slide as the Nasdaq rally kicks into reverse",Yahoo,https://finnhub.io/api/news?id=8b35ad0335bb127e20138e8ceb5bdf924a543d50b5738bb7073ecadc2a4a95cd,0.0,0.874,0.126,0.7089,2025-04-11
2025-04-10 16:30:31,Jim Cramer Warns Apple (AAPL) Is ‘Caught in the Crossfire’ of U.S.-China Tariff War,Yahoo,https://finnhub.io/api/news?id=519228550d60aaf24972f8a555778121de5757fc48ce6ff7f92aa64fa1747b8b,0.113,0.887,0.0,-0.8176,2025-04-11
2025-04-10 16:18:17,Trump's tariffs threaten to end quarter-century era of cheap goods for U.S. consumers,Finnhub,https://finnhub.io/api/news?id=4fa3e4b3d527b2450522d77118d54bbe2c753aa5636f16d1469ba196fec03fad,0.11,0.89,0.0,-0.6369,2025-04-11
2025-04-10 15:41:48,"Apple’s Steve Jobs dealt with the 2008 financial crisis by investing his way through the downturn, instead of slashing jobs and budgets—2 years later the iconic iPad was launched",Yahoo,https://finnhub.io/api/news?id=16a84f176e2a97809916f93f2b4578a20cc0cd14182061d8b2d67a170f2c6fd9,0.211,0.758,0.031,-0.8689,2025-04-10
2025-04-10 15:30:00,Harbor Mid Cap Value Fund Q4 2024 Commentary,SeekingAlpha,https://finnhub.io/api/news?id=c641fbb5af096e14d02db6cb15aa59cf2865db40883254d9c95f8e7d11676f44,0.0,0.745,0.255,0.34,2025-04-10
2025-04-10 15:30:00,Get diversified: 'Mag 7 will no longer be the Mag 7' in 5 years,Yahoo,https://finnhub.io/api/news?id=646a81f5169b632b113568ad4389dd616f249786c4587f9f785b7eb568735b80,0.017,0.857,0.126,0.891,2025-04-10
2025-04-10 15:02:31,Tesla Rally? Don't Be Fooled - $42 Is In Sight,SeekingAlpha,https://finnhub.io/api/news?id=f10b6ee91c454d3aee0438589f48c30a8a96889875a5501ffc997c9ec7af890b,0.0,0.805,0.195,0.2924,2025-04-10
2025-04-10 15:00:12,Why Buying The Dip on Apple Stock (AAPL) is a Bad Idea,Yahoo,https://finnhub.io/api/news?id=93a3068c314bf0bafaac715abc565e4595cb001c81931e025ba783ccbccb74dd,0.12,0.777,0.103,-0.452,2025-04-10
2025-04-10 14:49:41,The Medium-Term Impact Of Tariffs On The Technology Sector,SeekingAlpha,https://finnhub.io/api/news?id=ad828c92fd62b5ed49bdaf848c1441259d2fd4aea6a403858de718a2e10f8e7f,0.0,0.935,0.065,0.3612,2025-04-10
2025-04-10 14:43:00,"Apple Retreats to Rare, Long-Term Value Zone",Yahoo,https://finnhub.io/api/news?id=56f76456d29b8dd6a140444ef46beb19173a4989bbf9e285b1572f4c13c4d2e3,0.06,0.874,0.066,0.0516,2025-04-10
2025-04-10 14:42:09,Shares of technology stocks are trading lower amid an overall market reversal following Wednesday's surge.,Benzinga,https://finnhub.io/api/news?id=41a3e77e4aeff37967aace9bfa1516b7cf78050e9a00b343729cb4f304f0bf32,0.126,0.747,0.126,0.0,2025-04-10
2025-04-10 13:59:34,"Apple flew more than a million iPhones out of India on cargo planes to beat tariffs, report says",Yahoo,https://finnhub.io/api/news?id=dafeb7c2948b8b4fadfae7aec6b11bfbeb761b06d892442145a98cb6e534b6f2,0.0,0.955,0.045,0.5719,2025-04-10
2025-04-10 13:52:29,"Stocks to Watch Thursday: CarMax, TSMC, Trump Media, U.S. Steel",Yahoo,https://finnhub.io/api/news?id=e808edf80655b0dd5a308757c35fa098f185a58de9db99071a438af15954870e,0.0,0.899,0.101,0.6597,2025-04-10
2025-04-10 13:51:00,"These Stocks Are Moving the Most Today: Nvidia, Apple, Tesla, Ford, Microsoft, U.S. Steel, CarMax, and More",Yahoo,https://finnhub.io/api/news?id=adb5292831040d920c369b32e7521aab3d879b0e8c41836e9907cce1f2d807c7,0.0,0.96,0.04,0.3597,2025-04-10
2025-04-10 13:46:00,Trump's Tariff Pause Triggers Epic Rally: How to Play Mag 7 Now,Yahoo,https://finnhub.io/api/news?id=09361f0a30fe0107ec0f68c31af4b83bfa0092f811da79e8d7c20c69670ffb1d,0.0,0.725,0.275,0.8555,2025-04-10
2025-04-10 13:44:20,Trump's tariff pause leaves CEOs puzzled about what happens in 90 days,Finnhub,https://finnhub.io/api/news?id=b78a7043aecef225bb000fef18bce024feb55729299f6f62114bef4213bc499a,0.233,0.723,0.045,-0.8548,2025-04-10
2025-04-10 13:36:03,"Apple Gets Ratings Lift on Tariff Exemption Hopes, but the Road Ahead Looks Bumpy",Yahoo,https://finnhub.io/api/news?id=f8c2647d91ac554c0e515dc37342f7e1754a658372e586a83da83a9b6b582fca,0.096,0.835,0.069,-0.1901,2025-04-10
2025-04-10 13:33:00,Alphabet Can’t Shake Off AI Concerns Even With Low Multiple,Yahoo,https://finnhub.io/api/news?id=303143669ecfb15d8e30c7e26f3dde7175cae2a09d6c52ae3dd6c19c88961b91,0.125,0.768,0.107,-0.2023,2025-04-10
2025-04-10 13:10:00,Top Big Data Stocks to Power Up Your Portfolio Right Away,Yahoo,https://finnhub.io/api/news?id=dfc269998e6f6deb09617bdc5d1ac764813e67c039cb9aa20d3bb68b07ea845a,0.0,0.819,0.181,0.743,2025-04-10
2025-04-10 12:59:00,AppLovin Stock Is a Buy. ‘Ad Tech’s Best Executor’ Is on Sale.,MarketWatch,https://finnhub.io/api/news?id=a2e563b453ab75e9e3a35b0f37af5a81cebe7abd30fc94865baac321fd710d21,0.0,0.724,0.276,0.8555,2025-04-10
2025-04-10 12:46:13,QQQ: I Have Been Waiting For A Drop Like This,SeekingAlpha,https://finnhub.io/api/news?id=dc5c4aa9b26ac5e0b891768c545b8382da973c1a6362aa9114f40ca27995964f,0.04,0.691,0.269,0.836,2025-04-10
2025-04-10 12:45:14,"Wall Street Tumbles, Dollar Crashes, Gold Hits Record Highs As Inflation Cools More Than Predicted: What's Driving Markets Thursday",Benzinga,https://finnhub.io/api/news?id=17cd4c5b66ea29ada954dc61b80eca8bd525061d7af53f1932610eabc5e58df9,0.109,0.891,0.0,-0.4118,2025-04-10
2025-04-10 12:44:54,Apple Has A Big China Problem,SeekingAlpha,https://finnhub.io/api/news?id=a68ae8908e8b1c1aa0dfa2bfef719047c0530ea5e52b80a8d470fd9481a7f6cc,0.151,0.726,0.123,-0.2263,2025-04-10
2025-04-10 12:34:14,Bank of America: U.S. iPhone Build Could Push Costs Up 90%,Yahoo,https://finnhub.io/api/news?id=2176cf3471d01320a01eda6cfc74b6019508aff49445404bd59fc809da082adf,0.0,1.0,0.0,0.0,2025-04-10
2025-04-10 12:07:51,Apple (AAPL) Faces Global Pressure – KeyBanc Slashes Price Target to $170,Yahoo,https://finnhub.io/api/news?id=dcbf307fd20d6bbc37d7fa6bc5028d8d000d6b880869f0ee4eebd597434b4b73,0.056,0.914,0.03,-0.2263,2025-04-10
2025-04-10 11:50:48,Apple Sales Surged Saturday Due to Tariff-Related Price Hike Fears,Yahoo,https://finnhub.io/api/news?id=c3753a6e4610847c23fd461e38d8146668e8a671b70f2574deaaa7694e591db9,0.063,0.824,0.114,0.5994,2025-04-10
2025-04-10 11:13:00,Harbor Capital Factor U.S. Large Cap ETF Q4 2024 Commentary,SeekingAlpha,https://finnhub.io/api/news?id=d513c95f6496914a3dbc2eb9f9d0b1f3e3ebba81993138c72ceab7f04b45ca60,0.0,1.0,0.0,0.0,2025-04-10
2025-04-10 11:07:00,"Get ready to pay more than $2,000 for a new iPhone: Experts say Trump’s 125% tariff on China is a ‘complete disaster for Apple’ akin to ‘Armageddon’",Yahoo,https://finnhub.io/api/news?id=0ca46cac62e8419109b2cd924631e7e0da061d8c604d903ff79c06b78ecad1d8,0.144,0.805,0.05,-0.5667,2025-04-10
2025-04-10 10:58:30,Hedge Fund Veteran Set to Lead Trump’s Sanctions Strategy,Yahoo,https://finnhub.io/api/news?id=441bbbbb7f9ac33e15baf58042f1f9aae79185aaac5988a8ed9d8e0b7c80f695,0.1,0.826,0.074,-0.6597,2025-04-10
2025-04-10 10:48:20,Market Chatter: Apple Airlifts iPhones From India to the US to Sidestep Trump Tariffs,Yahoo,https://finnhub.io/api/news?id=fdd61974740438b0cda22e1a20ef621581dd8af7cc3f00cb6b93d6a5a7d861f8,0.0,1.0,0.0,0.0,2025-04-10
2025-04-10 10:39:00,Harbor Dividend Growth Leaders ETF Q4 2024 Commentary,SeekingAlpha,https://finnhub.io/api/news?id=4e4e7ace0952f54374a9a311db1fd617812c541c75ac31706ebafdbff6f351a3,0.0,0.729,0.271,0.3818,2025-04-10
2025-04-10 10:30:35,Here’s when iPhones may get more expensive,Yahoo,https://finnhub.io/api/news?id=40305cecb36e3c307573641538564c680bdf1810f1e8e5f61086640e35c7c5cf,0.037,0.892,0.071,0.34,2025-04-10
2025-04-10 10:22:50,This Setup Helped Investors Profit From Apple's 48% Rally,DowJones,https://finnhub.io/api/news?id=03de07fa13f52e81a43eb7e2f43d8a43473a2fe3fc7dbe9198e071730bd102df,0.0,0.734,0.266,0.7003,2025-04-10
2025-04-10 09:57:00,TSMC Sales Soar 42%. But a Threat Hangs Over the Stock.,MarketWatch,https://finnhub.io/api/news?id=7ba48e98ada67e9b13862b1bdf0070ea0ed39ad1072fe0fc6c4bc44cd5dfe757,0.315,0.685,0.0,-0.8807,2025-04-10
2025-04-10 09:38:10,"Top 10 Trending Stocks On WallStreetBets As Of April 10, 2025 (Via Swaggy Stocks)",Benzinga,https://finnhub.io/api/news?id=9e558cbca1f111de6651ae5b6523ed9e4af652d5453b669707b7840055664a6e,0.0,0.899,0.101,0.2023,2025-04-10
2025-04-10 09:30:00,"Microsoft: Still Stable, But Now Cheaper",SeekingAlpha,https://finnhub.io/api/news?id=7f29aa5ed29ee0314696cced54b2b75314f9233c52a8099b04429d7393f027e3,0.0,0.817,0.183,0.7227,2025-04-10
2025-04-10 09:14:31,"Dow Jones Futures Tumble 600 Points After Surprise Inflation Report; Nvidia, Tesla Sell Off",DowJones,https://finnhub.io/api/news?id=c10081ca209374ee31a7ba8040ba750538362d74aced870426f81028149a7eda,0.0,0.861,0.139,0.4939,2025-04-10
2025-04-10 09:00:00,Microsoft: Playing Defense During The Global Trade War,SeekingAlpha,https://finnhub.io/api/news?id=04a6edb98d1dd116c18ffe2702dfc50ab1df047906d49547499648d738c57fd2,0.32,0.41,0.27,-0.3818,2025-04-10
2025-04-10 08:56:42,"Apple airlifts 600 tons of iPhones from India 'to beat' Trump tariffs, sources say",Yahoo,https://finnhub.io/api/news?id=d034a362cf6ea8965244c5da061c052edbc30c244767892b26689bb1fd114019,0.0,0.915,0.085,0.8126,2025-04-10
2025-04-10 08:20:00,Mawer Investment Management Q1 2025 Quarterly Update,SeekingAlpha,https://finnhub.io/api/news?id=77e12cfaf5927aea6e017d0149386bcec442a4e2c435a0a00d4e2e585eabeac4,0.0,1.0,0.0,0.0,2025-04-10
2025-04-10 08:09:09,Why We're Fading Apple's 15% Rally,Benzinga,https://finnhub.io/api/news?id=bbada9ccb23208d5edc307feba19c7f7befeab88604b00e46b35adc35e5dea55,0.0,0.929,0.071,0.25,2025-04-10
2025-04-10 06:53:00,Trump Can’t Beat the Bond Market. Why He Must Conquer China on Tariffs and 4 Other Things to Know Today.,MarketWatch,https://finnhub.io/api/news?id=bd09f1a56789b65e68d4cb56b082b0bcb54defd60eb91fad5d27c848b06a2142,0.0,1.0,0.0,0.0,2025-04-10
2025-04-10 05:43:21,US Stocks Likely To Open Lower Ahead Of March Inflation Release: Expert Highlights 'Fairly Weak Returns' After 5%+ Gains In S&P 500,Benzinga,https://finnhub.io/api/news?id=4e9da0118cc3f717e9caccfb41b3715ffc962b7c1ca2a27155bb7118049c59f7,0.192,0.717,0.091,-0.4019,2025-04-10
2025-04-10 05:37:00,Finland’s Oura went from a tiny Kickstarter campaign to a $5.2 billion startup with Cristiano Ronaldo and Prince Harry among its fans,Yahoo,https://finnhub.io/api/news?id=071449e9bf2a1521cc9472b859afd4db81f97c49c6eb1afa0c419e7775a1e1bf,0.0,0.938,0.062,0.4019,2025-04-10
2025-04-10 05:01:20,Apple supplier Luxshare considers manufacturing outside China after trade war,Finnhub,https://finnhub.io/api/news?id=b35d2a1993cf0d1fbadbbc5516d6ff1fbbde5da8183590ea5f91cddfcf5f3dc9,0.146,0.788,0.067,-0.5106,2025-04-10
2025-04-10 03:20:33,S&P 500 Records Biggest Surge Since 2008 As Trump Pauses Tariffs: Greed Index Remains In 'Extreme Fear' Zone,Benzinga,https://finnhub.io/api/news?id=8037e632fe6cef5e62a09215740034c4b42c5b0630d9b9b165c6a77075eb40a7,0.279,0.721,0.0,-0.7346,2025-04-10
2025-04-10 03:07:53,"Taiwan could buy $200 billion more from US, increase LNG imports as part of trade deal",Finnhub,https://finnhub.io/api/news?id=94feeaa733a678d991c02430f86c339555a2196d37d7950a622b132122b15ad5,0.0,0.856,0.144,0.7943,2025-04-10
2025-04-10 01:19:43,"Apple: Better Now, But Don't Buy",SeekingAlpha,https://finnhub.io/api/news?id=dd070f1bcaa855acb57955899a2263c447aa1970d04fd9503b2fae8237359630,0.0,0.775,0.225,0.714,2025-04-10
2025-04-10 00:30:21,"Apple Stock Nosediving Since 'Liberation Day' Tariffs Has Created Panic, Says Gene Munster: Predicts Tim Cook's 'Favorable' Relationship With Trump, Xi Jinping Will Rescue iPhone-Maker",Yahoo,https://finnhub.io/api/news?id=2d5dfc98b31e71d784c8a929bf8622f7c4b43f485f4dc3d4d4449d107b77f10f,0.108,0.715,0.177,0.6249,2025-04-10
2025-04-09 22:31:40,Apple stock surges on tariff pause despite China exclusion,Yahoo,https://finnhub.io/api/news?id=c09fd5cdae9cfc25eb0fa819073ec28cde6915b28d2203fee511eff905c3ffc4,0.041,0.917,0.042,0.2773,2025-04-10
2025-04-09 22:26:49,"Venus Concept, US Steel, Redwire, Apple, And Tesla: Why These 5 Stocks Are On Investors' Radars Today",Benzinga,https://finnhub.io/api/news?id=192e539a764aca32ae840db09877aa938fad6c73e77980ef4bbd93798d5ed2c2,0.0,0.867,0.133,0.6124,2025-04-10
2025-04-09 22:03:00,Analysts rework Apple stock price target amid tariff troubles,Yahoo,https://finnhub.io/api/news?id=3d9b15808f804fca2edc37876c676ee36af948b5f39aaa4f24d69d80a1659bc2,0.142,0.755,0.104,-0.2023,2025-04-10
2025-04-09 21:26:31,Apple soars 15% as Trump reverses on most tariffs,Yahoo,https://finnhub.io/api/news?id=9a847c9d7d032ffc3214d820965ef054afb65ccb77c0abafc99fc18eb15dda00,0.0,0.961,0.039,0.296,2025-04-10
2025-04-09 20:46:00,"Apple Stock Jumps on Tariff News, Hope for Exemption",Yahoo,https://finnhub.io/api/news?id=198d1e8ac2196227490129e049401d5878bb1a54cc45ec0c85619ab739e28881,0.0,0.937,0.063,0.2382,2025-04-10
2025-04-09 20:34:00,"These Stocks Moved the Most Today: Walmart, Apple, Tesla, Delta, Bristol Myers, Nvidia, Ford, and More",Yahoo,https://finnhub.io/api/news?id=e1138bafe793d239afa4116059479c20699906654ce124e06fc49e964f7d8f16,0.0,0.948,0.052,0.296,2025-04-10
2025-04-09 20:31:45,US stocks stage historic rally as Trump's 90-day pause takes worst case scenario 'off the table',Yahoo,https://finnhub.io/api/news?id=9992118b32f4b057af44980a3370f646f96e9678f78b6314770b6c8e41d7757c,0.175,0.825,0.0,-0.7783,2025-04-10
2025-04-09 20:13:39,Apple’s Margins Are Still a Big Risk in Trade War Roller Coaster: Heard on the Street,Yahoo,https://finnhub.io/api/news?id=71770fc8a8d7d697a304ab2bb80b88073cc11d553bffb6ff9baa70a9544f59ac,0.129,0.79,0.081,-0.6444,2025-04-10
2025-04-09 20:12:00,Why Aren't You Buying the Dip in Apple?,Yahoo,https://finnhub.io/api/news?id=8f2c84791a5539a2e7b0bac8a5f758465e0e0330cf456acb159929a8ba7daa18,0.0,0.89,0.11,0.4939,2025-04-10
2025-04-09 19:41:00,Apple’s Next Move? Pushing Back on Trump with iPhone Tariff Surcharges,Yahoo,https://finnhub.io/api/news?id=7d5a843ab7db5cd5bc2dd8f1f5f8eed131a811825409d957f52e8bcf5d861c17,0.055,0.893,0.052,-0.0258,2025-04-10
2025-04-09 19:29:14,The tech world aggressively backed Trump. It couldn't stop his tariffs.,Yahoo,https://finnhub.io/api/news?id=ab4fc22b7222b05c738fee786e1927eefef184cb795d7d24bc1edcecf319668c,0.07,0.836,0.094,0.0372,2025-04-10
2025-04-09 19:18:12,IPhone prices ‘risk doubling’ if production moves to US,Yahoo,https://finnhub.io/api/news?id=4c1dcb783ac85b8d69343b04dd203cc5c56d54465f2b10f122aa5d77df79316c,0.054,0.946,0.0,-0.2732,2025-04-10
2025-04-09 18:46:00,Apple’s stock notched its biggest gain in 27 years. Is the optimism justified?,MarketWatch,https://finnhub.io/api/news?id=8572cf57063694ed59b335f25bf65f2c2d0f3db1007ab85e4425de66790591f5,0.0,0.506,0.494,0.9615,2025-04-10
2025-04-09 18:25:00,How much would it cost Apple to make iPhones in America? Bank of America tried to find out,Yahoo,https://finnhub.io/api/news?id=c9ebb1e791a6181a9bef8eb562bac30eebfc6032e9d0669d9d116176bfbec105,0.087,0.862,0.05,-0.5023,2025-04-10
2025-04-09 18:18:57,Why Shares of Apple Are Skyrocketing After One of Its Worst 4-Day Stretches in 25 Years,Yahoo,https://finnhub.io/api/news?id=9705873716194f192f1cd8260b10c726f0a67ce91b90f1f32bdf994b43710ddc,0.078,0.812,0.11,0.0772,2025-04-10
2025-04-09 18:10:07,"Apple (AAPL) Stock Trades Up, Here Is Why",Yahoo,https://finnhub.io/api/news?id=dd00d987db2dd00063073c986624f342ae22fb873d3dd3d7942dab528aa0c134,0.053,0.835,0.112,0.6369,2025-04-10
2025-04-09 18:00:53,"Apple Shares Climb 15% After Worst Losing Streak, Regains Crown From Microsoft",Yahoo,https://finnhub.io/api/news?id=7269a082f1cfd86375674551feddf04aa332686f332963931c7c3a46cc643a31,0.269,0.643,0.088,-0.6705,2025-04-10
2025-04-09 17:49:38,"Apple CEO Tim Cook is facing the most daunting moment of his career, but the former COO might be uniquely suited to navigate a tariff meltdown",Yahoo,https://finnhub.io/api/news?id=065221e5c090eed73e025dcda6f48ffa4c0ba0c89638dd0e5df1d6613ec7bf4b,0.0,0.885,0.115,0.7351,2025-04-10
2025-04-09 17:43:42,"Apple’s iPhone cost could rise 90% if it’s made in US, BofA says",Yahoo,https://finnhub.io/api/news?id=28fd03fd2e8800fe6b0509291f7a07e533b68cb74e87b9a277a06ee5b8e8f58a,0.0,0.943,0.057,0.6956,2025-04-10
2025-04-09 17:41:39,Nike’s 30-Year Gamble on Vietnam Is Rattled by Trump Tariffs,Yahoo,https://finnhub.io/api/news?id=adb986c022004ef31a5f57eec615d070b1e63eb97fcd3be2447cc9ad3a553189,0.064,0.859,0.077,0.0516,2025-04-10
2025-04-09 16:46:00,"Dow Jones Futures: Stocks Surge On Trump Tariff Rollback; Tesla, Nvidia Spike, Palantir Eyes Entry",DowJones,https://finnhub.io/api/news?id=3e2d5acc63ffefed93b32f85ec64335fe77c7fabf03dbd726a35e909b1b68cd8,0.0,1.0,0.0,0.0,2025-04-10
2025-04-09 15:41:00,Apple’s Next Move? Pushing Back on Trump with iPhone Tariff Surcharges.,MarketWatch,https://finnhub.io/api/news?id=6242fe64a07b649c149eda21830c77294aae8cd4ec74fb388c18f8d5005566c4,0.0,1.0,0.0,0.0,2025-04-09
2025-04-09 15:05:11,"Magnificent 7 Stocks Jump on Tariff Pause, Though China Threat Remains",Finnhub,https://finnhub.io/api/news?id=78fd35cfcf0fc082c45ea7d632c0815b67fc63c3f535621717ff7e41a6d5e6bc,0.067,0.731,0.202,0.7783,2025-04-09
2025-04-09 15:01:10,Can iPhones be manufactured in the US? Trump's suggestion and reality,Finnhub,https://finnhub.io/api/news?id=d37630c3e2e551dde077b93d988c3d89476c00fd19efa5bcd0ffacc2307b033b,0.0,0.944,0.056,0.25,2025-04-09
2025-04-09 14:40:19,Nvidia: Tariffs Have Strengthened My Conviction (Rating Upgrade To Strong Buy),SeekingAlpha,https://finnhub.io/api/news?id=9db7ce7cfe2567e6192bb0a020716013dd5bd8e45beb6008ded52159168b04bc,0.0,0.84,0.16,0.7269,2025-04-09
2025-04-09 14:20:54,Trump Trade: U.S. President threatens additional tariffs on China of 50%,Yahoo,https://finnhub.io/api/news?id=052aaad895f8b4d2c9cec78e90d84e518d3f3e07fc20c02b2d9fb614d3555be0,0.087,0.839,0.074,-0.4946,2025-04-09
2025-04-09 13:59:33,"The Simple, Brutal Math Behind Apple's Selloff - Heard on the Street",Yahoo,https://finnhub.io/api/news?id=03b2c72436e6a73578000f9f9ec8f5d228d8554a1049dd75c911fea25f5eb0e8,0.175,0.75,0.075,-0.8074,2025-04-09
2025-04-09 13:59:00,"NVIDIA Corp., Boeing share gains lead Dow's nearly 2450-point surge",MarketWatch,https://finnhub.io/api/news?id=e58b84b1aa7d6aa73706ec4ef3469b56d3a8a2ca08ebb2c939e31e238bf45545,0.0,0.635,0.365,0.802,2025-04-09
2025-04-09 13:46:09,"Shares of companies in the broader technology sector are trading higher after President Trump issued a 90-day pause on reciprocal tariffs for all countries except China, which is restoring investor confidence.",Benzinga,https://finnhub.io/api/news?id=717c67fc405cdef28315b413851ad718a10f5199b54fb048bb6529f1696da953,0.0,0.784,0.216,0.7717,2025-04-09
2025-04-09 13:40:04,iPhone Prices Could Soar as Tariff Standoff Threatens Apple's China-Heavy Supply Chain,Yahoo,https://finnhub.io/api/news?id=c3837eaa80c85b807c26cf91ccaf5aa42aec912408ed7a31843aad99745e061e,0.153,0.847,0.0,-0.5719,2025-04-09
2025-04-09 13:39:06,"Stocks to Watch Wednesday: Apple, Alibaba, Novo Nordisk",Yahoo,https://finnhub.io/api/news?id=79a024bb119a27e5f5bbb495cefb7d00987a661c1b95ac3e157272fd2c89de8b,0.0,0.855,0.145,0.7778,2025-04-09
2025-04-09 13:33:12,Apple (AAPL) Upgraded by Investment Bank to Hold,Yahoo,https://finnhub.io/api/news?id=d2b995652bf2f4e2097279ca53c481af36d56110ee59d1f20fd7d7d3c54364ab,0.088,0.892,0.02,-0.6808,2025-04-09
2025-04-09 13:30:20,Jim Cramer Warns: Apple (AAPL) Must Bring Production Home or Risk Missing Its Numbers,Yahoo,https://finnhub.io/api/news?id=08fb81471047e07ad209a76dfbbbde1c80f3df1d31b589209a5fdff603ad3579,0.124,0.876,0.0,-0.7351,2025-04-09
2025-04-09 13:19:16,Trump tariffs should be reworked but not withdrawn: Veteran economist,Yahoo,https://finnhub.io/api/news?id=2eba6e3a2efc97f752166684996ffb38f3ade96774e8bd7ba7dad82f172b6124,0.0,0.839,0.161,0.5927,2025-04-09
2025-04-09 13:11:31,Short Sellers Mint $159 Billion Profit in 6 Days as Stocks Sink,Yahoo,https://finnhub.io/api/news?id=8ab5ee105ac9796511f87513d0b736e27af48dad5e77be88472c36a32ad993b0,0.037,0.856,0.107,0.7425,2025-04-09
2025-04-09 13:10:43,Apple Slashes TV+ Subscription Price in Limited Promotion as Shares Fall on Tariff News,Yahoo,https://finnhub.io/api/news?id=efd79f9e7a961e37f55ea4edeea807f6dca924a71d7b5c77889fdf850505bc62,0.12,0.809,0.071,-0.128,2025-04-09
2025-04-09 12:58:00,"Apple, Walmart share gains lead Dow's 325-point jump",MarketWatch,https://finnhub.io/api/news?id=03eb637b8c5be11f9baec3c0b9d7f5ea41132066aef6a63c370e9646a381dccd,0.0,0.566,0.434,0.802,2025-04-09
2025-04-09 12:50:33,"Apple Risk-Reward Skews Positive After Valuation Drop, Bank of America Says",Yahoo,https://finnhub.io/api/news?id=3662e5308efa8e78cc2343dd2537307650c6509472c6708fc1d8cd7c3a080335,0.062,0.762,0.176,0.5994,2025-04-09
2025-04-09 12:50:00,Apple Stock Catches an Upgrade. It Isn’t a Buy Now.,Yahoo,https://finnhub.io/api/news?id=2cf33e8c25859cb89c9e2368e207fc1f71c23afc123e613c5d64823813ac6e73,0.056,0.885,0.059,0.0258,2025-04-09
2025-04-09 12:42:36,"Microsoft Reclaims Top Spot, Surpassing Apple After iPhone Maker's 23% Drop",Yahoo,https://finnhub.io/api/news?id=155dbe84899366ceb765523b1b780a4bc44acaefc8878479ca71363dafb221d2,0.089,0.759,0.152,0.128,2025-04-09
2025-04-09 12:35:52,"Apple Shares Fall as Trump Pushes U.S.-Made iPhones, Tariff Pressures Mount",Yahoo,https://finnhub.io/api/news?id=cf04d2b9c560daf1b90ecb4aba863ec917f719d60c0ec260f8757e06baea171f,0.075,0.852,0.072,-0.0258,2025-04-09
2025-04-09 12:30:00,Mar Vista Global Quality Strategy Q1 2025 Commentary,SeekingAlpha,https://finnhub.io/api/news?id=fbb523c3836e7da2fa57bbb4595fa54050d26e89b6228e38809696f9e07dcbef,0.0,1.0,0.0,0.0,2025-04-09
2025-04-09 12:28:57,Trump's economy still hasn't shaken the faith of teens,Yahoo,https://finnhub.io/api/news?id=d3c6d447bd9fb03a1f550a29e180c07f7fb473e4abc70dc2ad50e9001cb4d720,0.077,0.796,0.127,0.1255,2025-04-09
2025-04-09 12:28:57,Trump economy still has one key believer: Teens,Yahoo,https://finnhub.io/api/news?id=b155e2400d032873f8e91ec3c6c96a9b29284292652dc59bca9c588423074f65,0.0,0.906,0.094,0.3818,2025-04-09
2025-04-09 12:19:32,JGRW: A New Growth ETF With Relative Low Volatility,SeekingAlpha,https://finnhub.io/api/news?id=cd2419709116a14ef6cf3a7dccea1f00d7bb7d8c025a6919f0f041afbdb02816,0.054,0.795,0.151,0.5859,2025-04-09
2025-04-09 12:09:21,Tech Stocks Rebound As US Treasuries Tumble: What's Driving Markets Wednesday?,Benzinga,https://finnhub.io/api/news?id=539bfffee80036aa39105ffbccd4e8658aea10f90aca79fdefe46bc0c52f6a73,0.072,0.878,0.051,-0.2023,2025-04-09
2025-04-09 12:00:26,Trump Tariffs Spark 'Demand Destruction' Concern For Electronics,DowJones,https://finnhub.io/api/news?id=4c6e63cb56b450927115a24841f66313ca7502d436a5b7dd02de92a236c1eaa7,0.43,0.413,0.157,-0.765,2025-04-09
2025-04-09 11:54:16,5 Things to Know Before the Stock Market Opens,Yahoo,https://finnhub.io/api/news?id=a31baa77af86bea780277bfcebc5b446da2145467e5d86315c2f60a773c9cf3e,0.0,1.0,0.0,0.0,2025-04-09
2025-04-09 11:45:18,PC Shipments Grew Fastest in Four Years to Avoid Tariffs,Yahoo,https://finnhub.io/api/news?id=7af326e6dfd75e22dc0bacd4d4599570d12cad9aacedcc5cdbda35a4771617af,0.024,0.95,0.025,0.0258,2025-04-09
2025-04-09 11:27:00,Buffett Erred in Buying Big Stake in Occidental. Will Berkshire Boost Its Share?,MarketWatch,https://finnhub.io/api/news?id=ad600160b381e9b41b9f012684520713c07fbaf801c8b9b9328c665218b27f09,0.0,0.684,0.316,0.8466,2025-04-09
2025-04-09 11:20:02,Apple Is Falling Far From The Tree: Downgrading To Sell Until Further Notice,SeekingAlpha,https://finnhub.io/api/news?id=28b16321b3fa20b65e335f5c2853b18a82333041b1ae17817e927f0ca87c8e60,0.248,0.752,0.0,-0.8977,2025-04-09
2025-04-09 11:07:00,Apple Supplier Luxshare to Maintain Vietnam Production Hub to Support U.S. Market,Yahoo,https://finnhub.io/api/news?id=0606ae282d026366f54c024b572371b57a324055f505312cb365c3b86c5c69bc,0.0,0.943,0.057,0.4019,2025-04-09
2025-04-09 11:05:00,Trump’s trade war has taken a $700 billion bite out of Apple as people wake up to the reality of how expensive an iPhone will be under the new tariffs,Yahoo,https://finnhub.io/api/news?id=9cc84793d63dc222c833b157e3ee9911f8334f9de4398e0f69381bfe1e6bc456,0.081,0.873,0.046,-0.4019,2025-04-09
2025-04-09 11:03:02,Apple Stock Is The First Place To Look For A Bounce,SeekingAlpha,https://finnhub.io/api/news?id=6c920a1ca94f8e4b0e8e3eb7975d49fa54f5d26b99ae8fb6fece35650fa5a891,0.0,1.0,0.0,0.0,2025-04-09
2025-04-09 11:00:25,"Musk, Zuckerberg and Bezos have lost $80 billion of net worth since Trump’s ‘Liberation Day’",Yahoo,https://finnhub.io/api/news?id=3480f030aaf8bde1688e32fb7577f7db4a4459e61eb693c5b54d1e6be6d435f1,0.064,0.884,0.052,-0.1027,2025-04-09
2025-04-09 10:59:08,"Stock Market Today: Dow Jones Soars 2,000 Points On Word Of Tariff Pause; Nvidia, Tesla Jump As Trump Stock Soars (Live Coverage)",DowJones,https://finnhub.io/api/news?id=3ca38b4faa9a2028d1ec80500a3169fe315981b5c0c7f33ee6d4c3b0af95e586,0.0,1.0,0.0,0.0,2025-04-09
2025-04-09 10:47:13,Will the Trump tariffs cause gadget prices to rise?,Yahoo,https://finnhub.io/api/news?id=3fb960043adb90069f1da42357c79aa8378c0245a44b379ad040afe2bfa14d45,0.09,0.812,0.098,0.0516,2025-04-09
2025-04-09 10:45:00,Mar Vista U.S. Quality Premier Strategy Q1 2025 Commentary,SeekingAlpha,https://finnhub.io/api/news?id=5d1db2072218b3c756c5f54e504f1e2464d1f3287819271d6c4ab907ca089d76,0.0,1.0,0.0,0.0,2025-04-09
2025-04-09 10:00:00,Mar Vista U.S. Quality Q1 2025 Commentary,SeekingAlpha,https://finnhub.io/api/news?id=b402e3eb56d62b2c08f6e8b6787df9601c844b1dc0d698ca3b0f64f247e58a17,0.0,1.0,0.0,0.0,2025-04-09
2025-04-09 09:59:13,A diminished ‘Magnificent 7’ tests Big Tech’s role in the market: Morning Brief,Yahoo,https://finnhub.io/api/news?id=0dabadbb9516a390770604ac1733650b9e1d8540e5b01e4352701f761274334b,0.06,0.914,0.026,-0.34,2025-04-09
2025-04-09 09:50:00,"These Stocks Are Moving the Most Today: Walmart, Pfizer, Apple, Tesla, Delta, Peabody Energy, Nvidia, Ford, and More",MarketWatch,https://finnhub.io/api/news?id=94607a5e4439c6970c94078ebb32a977bf0c847faa5958925d5f73c8fe070b2f,0.0,0.89,0.11,0.4939,2025-04-09
2025-04-09 09:32:54,"Trending tickers: Apple, Advanced Micro Devices, Ford, BP and AstraZeneca",Yahoo,https://finnhub.io/api/news?id=f174994d7958409ccee096f5e5aaf036aa2689f11dbee534b7e88de9da1c2f76,0.0,0.909,0.091,0.25,2025-04-09
2025-04-09 09:30:00,An American-Made iPhone: Just Expensive or Completely Impossible?,Yahoo,https://finnhub.io/api/news?id=2a27b59fa13c6ec1713ee43e27899d78aaf7877fc89f9d32a9eabc9c415aa58b,0.0,1.0,0.0,0.0,2025-04-09
2025-04-09 09:21:31,"Dow Jones Futures Pare Losses On U.S.-China Trade War; Apple, Nvidia, Tesla Rally",DowJones,https://finnhub.io/api/news?id=c439379b764e892458794f07941ad6801f918839a72603371ccb5bd2d1be6ce8,0.375,0.625,0.0,-0.9217,2025-04-09
2025-04-09 09:21:00,"These Stocks Are Moving the Most Today: Apple, Microsoft, Tesla, Peabody Energy, Nvidia, Cal-Maine, and Delta",Yahoo,https://finnhub.io/api/news?id=6b57b74d00a8d358bec5111cd9192bd00f0dceb9718b3d0042b2aacec8b3dc8f,0.0,0.781,0.219,0.9342,2025-04-09
2025-04-09 09:18:54,"Top 10 Trending Stocks On WallStreetBets As Of April 9, 2025 (Via Swaggy Stocks)",Benzinga,https://finnhub.io/api/news?id=489be2289852084e5e531c242bd734ce5ebfc42a0c8435e60a40259c23bea4d2,0.0,0.899,0.101,0.2023,2025-04-09
2025-04-09 09:00:00,"Apple: You Wanted It Cheaper, Now You Got It",SeekingAlpha,https://finnhub.io/api/news?id=c448a5c0e0b168cc17d2be0d36f26de879e779a8017600e78d25e7761a4580fe,0.0,1.0,0.0,0.0,2025-04-09
2025-04-09 08:40:33,"Foxconn Eyes Nissan, Mitsubishi In Japan EV Push To Counter China's Growing Auto Threat",Benzinga,https://finnhub.io/api/news?id=061868cf934f2d7190ca4e3ba6818ec6aa2f8c90fb8ca48dd95f1c615e23376b,0.083,0.876,0.041,-0.4019,2025-04-09
2025-04-09 08:23:26,"Dow Jones Futures Tumble; Sweeping Trump Tariffs Begin, China Retaliates",DowJones,https://finnhub.io/api/news?id=5b4e2a3017a99318f16127fccbb89d4734bd054b0d3b7c72cdee6b21c68d6aaa,0.0,1.0,0.0,0.0,2025-04-09
2025-04-09 08:17:01,"Berkshire Hathaway: Buffett Was Right, Again",SeekingAlpha,https://finnhub.io/api/news?id=3f6dd2d355e2d9a4cdb103e6bcd1578dac7e711319e1bba4e19861c6fc6c0eac,0.0,1.0,0.0,0.0,2025-04-09
2025-04-09 08:10:42,This Apple Analyst Is No Longer Bearish; Here Are Top 5 Upgrades For Wednesday,Benzinga,https://finnhub.io/api/news?id=c2e9597cd9c84d12a80a77fdaa0dfff48a667aad23bc865e5c4fccd6d3533fac,0.138,0.75,0.113,-0.1027,2025-04-09
2025-04-09 08:00:00,Client Update February 2025: A New Year,SeekingAlpha,https://finnhub.io/api/news?id=2add1af658e317edd3d9a3b8b82d84eafd6af57d4ceb89f5e3cea879a3c3492a,0.0,1.0,0.0,0.0,2025-04-09
2025-04-09 06:46:25,Wall Street Breakfast Podcast: Easter Spending To Hop To $23.6B Despite Uncertainty,SeekingAlpha,https://finnhub.io/api/news?id=25806df4760050d75402b5728b82968a84c21d6d2cb755a9fad8905ebafbf29c,0.0,0.844,0.156,0.2584,2025-04-09
2025-04-09 06:36:39,"iPhone could triple in price to $3,500 if they’re made in the US",Yahoo,https://finnhub.io/api/news?id=090005a9a2aad65d1a64b38924ffc4f50e4dd6cc33d0487a3dec6d533b1bdda9,0.0,1.0,0.0,0.0,2025-04-09
2025-04-09 05:55:00,ClearBridge Appreciation Strategy Q1 2025 Commentary,SeekingAlpha,https://finnhub.io/api/news?id=083f158d4301c89c95f0620eb374801f3c24c5ea5191a271a05948cd419529b0,0.0,0.784,0.216,0.765,2025-04-09
2025-04-09 05:53:59,"US Stocks Futures Trade Mixed Ahead Of Opening Bell: 'Preserve Capital In Conditions Of High Uncertainty,' Says Expert",Benzinga,https://finnhub.io/api/news?id=18f85ab94f0bc696dd06f8137fb9905bb5e1e821ce5c54fe207787a4036ba398,0.057,0.885,0.057,0.0,2025-04-09
2025-04-09 05:40:00,ClearBridge Global Growth Strategy Q1 2025 Commentary,SeekingAlpha,https://finnhub.io/api/news?id=7d34102d44b898665644c314af3136e5c6d933ec19214224955ab36b39f01452,0.0,0.698,0.302,0.3818,2025-04-09
2025-04-09 05:29:42,Exclusive-Apple supplier Luxshare weighs manufacturing in U.S. to tackle tariffs,Finnhub,https://finnhub.io/api/news?id=a29672c7f6ae69850d405ce957dd20231488a7782a0ddb6e5edea3e834a1f63c,0.0,0.935,0.065,0.4215,2025-04-09
2025-04-09 04:01:12,Apple: Beware The Lollapalooza Effect,SeekingAlpha,https://finnhub.io/api/news?id=30ce9ca9057b8c72d2e5c4ccc099dca454cfcca8107b4225bdfe0b740eec0734,0.0,0.902,0.098,0.3818,2025-04-09
2025-04-09 03:48:02,"Dow Dips Over 300 Points As US-China Trade Tensions Escalate: Apple, Tesla, Nvidia, Amazon Decline, Greed Index Remains In 'Extreme Fear' Zone",Benzinga,https://finnhub.io/api/news?id=b1333595cfad4d5a45b8f973c79a6b24c94280f153083d6d9d75bb403fbd1660,0.17,0.668,0.162,-0.3384,2025-04-09
2025-04-09 00:07:26,"Dow Jones Futures Tumble, Yields Surge As Sweeping Trump Tariffs Begin",DowJones,https://finnhub.io/api/news?id=93baf4d890fad89bcb6b2fc0b432d311330142cf9114b3effa81da2fb0569c03,0.0,1.0,0.0,0.0,2025-04-09
2025-04-08 21:44:43,Apple Loses Title of World's Most Valuable Company as China Tariffs Loom,Yahoo,https://finnhub.io/api/news?id=a8a1b999925d3ad5c3f0af1cc8d042d46f1410196a970274260c37a5a7fb260e,0.127,0.741,0.132,0.3151,2025-04-09
2025-04-08 21:41:53,Trump's 104% Tariff On Chinese Imports Sends Stock Futures Plunging — Dow Falls Over 500 Points,Benzinga,https://finnhub.io/api/news?id=233897815c2f4ee3b4384ee8825786da1f7c8f54fa2c668190e0a1254b0bbfc9,0.032,0.878,0.091,0.5209,2025-04-09
2025-04-08 21:32:00,"Cellphones, clothes, TVs, toys: This is all the stuff the U.S. buys from China",MarketWatch,https://finnhub.io/api/news?id=186b64aa9ba25a52cfca60dd0c16ca8776c01763facfdf9b255f9b64ab96e87c,0.0,1.0,0.0,0.0,2025-04-09
2025-04-08 21:07:15,Video: What Tariffs Will Do to Your iPhone,Yahoo,https://finnhub.io/api/news?id=622a221041039b20908bbdbd0f50e2b022b9056c88180e74d7c2323864be6a36,0.032,0.968,0.0,-0.128,2025-04-09
2025-04-08 20:59:01,Apple Cedes Most-Valuable Crown After Tariff Pain Hits Stock Price,Yahoo,https://finnhub.io/api/news?id=48e908180e7595028f18d3f090ae87856365fd600951b762a59fc7a56e536205,0.106,0.787,0.107,0.024,2025-04-09
2025-04-08 20:39:08,Apple Stock Falls After Getting Two Negative Reports,Yahoo,https://finnhub.io/api/news?id=5d379599d57ac28b9541b739874b08f681df2fa5b10452a54ba8ac93c309f695,0.269,0.667,0.064,-0.8271,2025-04-09
2025-04-08 20:32:00,"These Stocks Moved the Most Today: Apple, Nvidia, Broadcom, Humana, CVS, Tesla, Super Micro, Marvell, and More",Yahoo,https://finnhub.io/api/news?id=cb7640f64282c4b3271792b9933ac44de69e0e071461958b8d33d86822ad4780,0.0,0.861,0.139,0.8126,2025-04-09
2025-04-08 20:18:25,"Wedbush Cuts Apple, Tesla Targets as Tariff Pressure Mounts",Yahoo,https://finnhub.io/api/news?id=e800655e18e4a3b3202579f6ece8c26cc3158c636e4993c203e6317c33f6071a,0.265,0.735,0.0,-0.6705,2025-04-09
2025-04-08 12:21:49,US Stock Futures Soar as Dip Buyers Emerge After Selloff,Yahoo,https://finnhub.io/api/news?id=a66a1986818f3d5f198e3584c44db07c2283d141c1809a84b27a842f05ca9363,0.034,0.914,0.052,0.4019,2025-04-08
2025-04-08 19:54:00,Why We Don’t Have a Made-in-America iPhone,Yahoo,https://finnhub.io/api/news?id=5ce99c516d3dce017bf5bae759d8b3ac4d4a3e8e5dbd2e6d4b27dfdf417fb03c,0.033,0.967,0.0,-0.128,2025-04-09
2025-04-08 19:37:01,Apple Exported More Than $17 Billion of iPhones From India Last Year,Yahoo,https://finnhub.io/api/news?id=4b18f50ab8b0944f3165c4a7c562fe885b225c45abe4453f21464e6483c64b5e,0.0,0.972,0.028,0.4019,2025-04-09
2025-04-08 19:19:11,"Apple's Post-Earnings Slide May Offer Strong Entry Point, Analyst Notes",Yahoo,https://finnhub.io/api/news?id=42be9a634a53f1ed0a8187193fca108ed14600e1f1eb51c9b8e5fdeafe40a7ad,0.0,0.891,0.109,0.5106,2025-04-09
2025-04-08 19:13:58,"Pullback in Apple shares creates buying opportunity, says BofA",Yahoo,https://finnhub.io/api/news?id=89b8754908c855e2a25348c31337986237b2d7f51d935578828617a7f39d33f1,0.044,0.683,0.273,0.8866,2025-04-09
2025-04-08 19:05:34,iPhone Buyers Rush Apple Stores Amid Tariff Fears and Supply Chain Shifts,Yahoo,https://finnhub.io/api/news?id=d9749e8a28a88b9e6bb372deee38cf9e4bf9aa94a0e27dfa6993b23a1b2aeca0,0.277,0.723,0.0,-0.8481,2025-04-09
2025-04-08 19:03:00,"Tesla, Amazon, and Apple forfeit gains after fleeting Magnificent 7 stock rally",Yahoo,https://finnhub.io/api/news?id=dc7fb610b864a4838ec319cd46bb5ce70456bc93d3ba1dcdda2c306b4bd11c37,0.0,0.841,0.159,0.8555,2025-04-09
2025-04-08 18:55:00,"These Stocks Are Moving the Most Today: Apple, Nvidia, Broadcom, Humana, CVS, Tesla, Super Micro, Marvell, and More",Yahoo,https://finnhub.io/api/news?id=867fb6d8cf0c3891fa153b8427ded9b6037b04480ee6598142ed7fb4623674c3,0.0,0.863,0.137,0.8126,2025-04-09
2025-04-08 18:52:39,Why BofA Says Apple’s Recent Tariff-Fueled Slump Could Be an Opportunity To Buy,Yahoo,https://finnhub.io/api/news?id=0b917d568248c776aa69106f186b7432112f27e8a7569e48cc51384d40adcd46,0.024,0.866,0.11,0.6597,2025-04-09
2025-04-08 18:42:00,Apple Stock Is Dropping. Trump Wants iPhones to Be Built in U.S.,Yahoo,https://finnhub.io/api/news?id=7c629e2b71d31f1791567249958cfa51f2069ab3b162e4bf1b147ef0d0ab9d4b,0.0,1.0,0.0,0.0,2025-04-09
2025-04-08 18:27:35,Apple's Shares Plunged After Tariff Announcement,Yahoo,https://finnhub.io/api/news?id=46777e1fbc48b32384bfd3bca540a5b37931d217b033080d44c2de2113b08f69,0.08,0.796,0.124,0.34,2025-04-09
2025-04-08 18:23:01,Market Chatter: GOP Lawmakers Ask White House to End Data Sharing With UK After Apple Ordered to Create Backdoor,Yahoo,https://finnhub.io/api/news?id=a1c6a6adf2ff8f0f02a8d864f052d2111a8bb32831758ec4b07687c7cf8968e9,0.0,0.752,0.248,0.872,2025-04-09
2025-04-08 18:21:53,Is Apple Inc. (AAPL) the Best Fundamental Stock to Buy According to Billionaires?,Yahoo,https://finnhub.io/api/news?id=ccc72c0d5a01fb553914bc76cf5853b33bd9114bf7fe2053c31509b9127a4517,0.0,0.842,0.158,0.9274,2025-04-09
2025-04-08 18:12:57,Apple stock drops 5% after Trump administration confirms China tariffs to reach 104%,Yahoo,https://finnhub.io/api/news?id=29053386a1dcd0b9ebc13ea9b2e1598e13fbad363cb297c4039c287c0fec5eac,0.0,0.904,0.096,0.3182,2025-04-09
2025-04-08 18:03:34,"Apple Sees Stock Plunge, Store Rush as Tariff Fears Grip U.S. Shoppers",Yahoo,https://finnhub.io/api/news?id=d380128c4db65f452b170864d9815d1db40825b46ca73c163d9ee153ee74e993,0.167,0.754,0.079,-0.4019,2025-04-09
2025-04-08 18:00:00,"Building A $100,000 Dividend Portfolio: Enhancing SCHD With April's Top High-Yield Picks",SeekingAlpha,https://finnhub.io/api/news?id=306a992842aae5d6149230ab59ff4971d480f95ddae7c596fbb018078e5d5dd3,0.0,0.776,0.224,0.8176,2025-04-09
2025-04-08 18:00:00,Apple Stock Suffers Sharp Selloff: Buy the Dip in ETFs?,Yahoo,https://finnhub.io/api/news?id=6046f5a0632018364edab77394d399b95ab4798b895c786b4b5707f94d35bd1a,0.117,0.809,0.074,-0.3094,2025-04-09
2025-04-08 17:59:00,Trump’s team thinks Apple’s iPhones should be made in the USA. Analysts are doubtful.,MarketWatch,https://finnhub.io/api/news?id=e5df509c4d82e5d28e1b518bc5e105480ad787f0fcc9a9d593021edc818e4843,0.156,0.844,0.0,-0.5859,2025-04-09
2025-04-08 16:48:47,Apple: A Contrarian Buy Opportunity (Rating Upgrade),SeekingAlpha,https://finnhub.io/api/news?id=a49a905d6607d9bfeff4e6eed3e30ed4ec1d60996d663286a1672bea38187b93,0.0,0.677,0.323,0.8979,2025-04-09
2025-04-08 16:48:26,"Trump Unleashes 'Beautiful Clean Coal' Policies As Wall Street Tanks, S&P 500 Hits 1-Year Low",Benzinga,https://finnhub.io/api/news?id=3444e921d408062c7ff3901b27b97d618bf78c3f56b9dac7c828d203a619f719,0.115,0.67,0.215,0.6369,2025-04-09
2025-04-08 16:38:27,Stock Market Today: Indexes Negative As Stocks Gyrate; Investors Unsteady As Tariffs Set To Begin (Live Coverage),DowJones,https://finnhub.io/api/news?id=a1710378cc9be6762708778aeac604cfff114dedf46117f0164c3edc8eb21b5a,0.188,0.812,0.0,-0.8126,2025-04-09
2025-04-08 16:27:16,Magnificent Seven Stocks Waver,Yahoo,https://finnhub.io/api/news?id=ea5862e3cbdd4582dd4dcc0462e3189992bcd6cafcf9a2ced8fab173781f02e1,0.031,0.785,0.184,0.9062,2025-04-09
2025-04-08 15:43:00,"Trump’s China tariffs are a ‘Category 5 price storm’ for U.S. consumers, warns analyst Dan Ives",MarketWatch,https://finnhub.io/api/news?id=fb6ebcaaa158b686b7c5c354ff77f1268d4447b28c1f99bfe931376259f62fb2,0.085,0.915,0.0,-0.2023,2025-04-08
2025-04-08 15:40:00,"Stressful Markets, But Lots Of Opportunities In Tech",SeekingAlpha,https://finnhub.io/api/news?id=512f0fac91cd57e8758eade6442e956f95339d69b018c44cf8cc32d1716c9105,0.177,0.708,0.115,-0.2144,2025-04-08
2025-04-08 15:14:45,Shares of companies within the broader tech sector are trading lower amid an overall market reversal on US-China trade tensions.,Benzinga,https://finnhub.io/api/news?id=f3b46e0af442d84f70f51e7140ce6790d294c1deb14802329fb8875a275ef224,0.203,0.705,0.091,-0.4019,2025-04-08
2025-04-08 15:11:00,China Sees Time on Its Side as Nations Rush for Tariff Deals,MarketWatch,https://finnhub.io/api/news?id=043ef30837668fbeeabc3c8db9d5796a9d162b5e7d6422f179894ebd00fe3bda,0.0,1.0,0.0,0.0,2025-04-08
2025-04-08 15:10:00,"Apple, Nike share losses lead Dow's 250-point fall",MarketWatch,https://finnhub.io/api/news?id=30996f3f54b72dfeadbfa0746a0ce9b1581598024b166e79aa129ea9071d3c36,0.248,0.55,0.202,-0.25,2025-04-08
2025-04-08 14:22:15,Apple Sell-Off: A Massive Overreaction To Tariff News,SeekingAlpha,https://finnhub.io/api/news?id=9675168745d5726eceaefdd61b401c43b0ba4083197f4aac2f66e8bbe322f4fb,0.138,0.778,0.084,-0.2023,2025-04-08
2025-04-08 14:16:33,Trump Tariff Strategy Creates 'Self-Inflicted Market Debacle': Analyst,Benzinga,https://finnhub.io/api/news?id=e2740c7300a2dd221ff16f7a7b779177d07838ab5be27563b5c54bddf6a9da5a,0.198,0.744,0.058,-0.6249,2025-04-08
2025-04-08 13:47:00,Wall Street Lunch: Musk's Reported Plea To Reverse Tariffs Falls Flat,SeekingAlpha,https://finnhub.io/api/news?id=adb5e407e4bf4433b86852d9c9eaeca957a37feb3d543e5ad77b317bc8754650,0.0,1.0,0.0,0.0,2025-04-08
2025-04-08 13:04:48,"Marjorie Taylor Greene Buys The Dip: Congresswoman Purchases Shares Of Apple, Amazon, Nike And More Following Tariff-Related Sell-Off",Benzinga,https://finnhub.io/api/news?id=0bce241c4f7e5e6cc6b578954ca847a0c511259fd7381c851d61c358c82705d7,0.0,0.813,0.187,0.4404,2025-04-08
2025-04-08 12:53:00,Buying tech stocks now? Here are the biggest do’s and don’ts.,MarketWatch,https://finnhub.io/api/news?id=64f7c8d8ddc5e2b41c82f5e28a773b1de60106962537dc7195b5a98477ce9617,0.0,1.0,0.0,0.0,2025-04-08
2025-04-08 12:48:00,Netflix Looks Insulated From a Trade War. 4 Reasons Why.,MarketWatch,https://finnhub.io/api/news?id=c5d4a288dbc922c6cf96ff87a7977a7a7c34800b0e82dde21a474fb321a99bab,0.302,0.698,0.0,-0.8316,2025-04-08
2025-04-08 12:22:16,Apple's $500B Power Move,SeekingAlpha,https://finnhub.io/api/news?id=0217356e31c2b5714ddeddbdf8ded27423922f2eeaf0b3b259ab7762ba335432,0.0,0.789,0.211,0.7579,2025-04-08
2025-04-08 12:21:00,"When Apple’s stock is this cheap, big gains often follow, according to BofA",MarketWatch,https://finnhub.io/api/news?id=a3f551a46d12ae76b82421323cd3bdc253979e40cf0dbdd940f2d23c8401526d,0.0,0.833,0.167,0.5859,2025-04-08
2025-04-08 12:12:00,"TSMC May Be Somewhat Tariff-Proof, Says Analyst",MarketWatch,https://finnhub.io/api/news?id=2ac45bf43a2aacbd73a194e2d4dfdd7f0aa6eff0487512b3c3aa5527bb29f2b4,0.0,1.0,0.0,0.0,2025-04-08
2025-04-08 10:37:05,"Marvell Technology, Nvidia, Tesla, Apple And Other Big Stocks Moving Higher On Tuesday",Benzinga,https://finnhub.io/api/news?id=779417e405f76d2bf23c8f74020da7ff87d9a1015c1407a98c61209848b597cf,0.0,1.0,0.0,0.0,2025-04-08
2025-04-08 08:23:22,"Dow Jones Futures Jump 1,200 Points On Trump Tariff News; Apple, Nvidia, Tesla Rally",DowJones,https://finnhub.io/api/news?id=3a89532cde2a828769dc7634a2d873eef772be9c52427a243557d5e532546247,0.0,1.0,0.0,0.0,2025-04-08
2025-04-08 09:30:00,Microsoft: I Was Wrong (Rating Downgrade),SeekingAlpha,https://finnhub.io/api/news?id=0fe640be7e52ac269798cc2e51a7b3366412207e39578b4efcfb9fd1c4c2c5af,0.383,0.617,0.0,-0.4767,2025-04-08
2025-04-08 09:16:00,"Top 10 Trending Stocks On WallStreetBets As Of April 8, 2025 (Via Swaggy Stocks)",Benzinga,https://finnhub.io/api/news?id=811a9a4c7d9d81c70f38f589c5d8467f7e0cce8652ffcfbf6e46e8791ddf6312,0.0,0.899,0.101,0.2023,2025-04-08
2025-04-08 07:31:00,"These Stocks Are Moving the Most Today: Apple, Nvidia, Broadcom, CVS, Humana, Super Micro, Tesla, Marvell, and More",MarketWatch,https://finnhub.io/api/news?id=dc39f0f03a77a5e064d75e5b361395f7cf5ee68b9122e0e53a2da8c827472d0b,0.0,0.813,0.187,0.8316,2025-04-08
2025-04-08 07:15:00,Recession-Proofing Your Portfolio,SeekingAlpha,https://finnhub.io/api/news?id=2ab752356c3f58c4231fd378b6a8bad0c06f7634cd29b3b9df9021a06d80764f,0.0,1.0,0.0,0.0,2025-04-08
2025-04-08 07:00:00,"As DEI Fades at Tech Firms, Women Are Still Uncommon in the Executive Suite",MarketWatch,https://finnhub.io/api/news?id=5403ea82bf57db6b1d2040f06367e51a8a933281578851b2c0811772acbf71db,0.0,1.0,0.0,0.0,2025-04-08
2025-04-08 06:33:31,Trump's 54% China Tariff: A Game-Changer For Apple,SeekingAlpha,https://finnhub.io/api/news?id=080a9e038e745fca0368758e4e9e49f971416d1b7ff524ff178b96ba43650d85,0.064,0.881,0.055,-0.0772,2025-04-08
2025-04-08 05:25:32,"Wall Street Eyes Recovery As S&P 500, Nasdaq Futures Rise After Trump's Tariff-Driven Selloff Wipes Out $9 Trillion In Six Weeks",Benzinga,https://finnhub.io/api/news?id=3c12275a6edf0ef6a84d7337952c026e17a84d4b3d3e4d4dd0491f32cd22e57e,0.0,1.0,0.0,0.0,2025-04-08
2025-04-08 03:08:42,"Dow Falls For 3rd Session Amid Trump's Tariff Threats As Apple, Tesla Decline: Greed Index Remains In 'Extreme Fear' Zone",Benzinga,https://finnhub.io/api/news?id=4eb036814a91e867131a2feefe6bd6002d329794e5b7eda8ba754d0b78c98df5,0.346,0.654,0.0,-0.8399,2025-04-08
2025-04-08 00:08:40,Bear Market History Can Inform Us About What To Do Next,SeekingAlpha,https://finnhub.io/api/news?id=64f1fe8de1cf89a543c9fc5a24e10fff642b5655f801128e5ce78e209cb3bfb7,0.0,0.95,0.05,0.2023,2025-04-08
2025-04-07 21:00:00,More Jittery Than A Pigeon In A Ping-Pong Room,SeekingAlpha,https://finnhub.io/api/news?id=a30ca95a1ccd1c3ff6e0d725bbcaa7ab1169d0143306d6b794cd8a1a70113007,0.124,0.876,0.0,-0.5499,2025-04-08
2025-04-07 19:57:36,Sector Update: Tech Stocks Rise Late Afternoon,Yahoo,https://finnhub.io/api/news?id=51f928d6204a0ad4be0ded48c8e4a42eecd231eced96c9f338e360885f69c4b2,0.0,1.0,0.0,0.0,2025-04-08
2025-04-07 19:42:29,Apple vs. UK: The Explosive Privacy Battle Big Tech Can't Ignore,Yahoo,https://finnhub.io/api/news?id=9799491627b5b07c1c5757ba152646d1b7f8983c9c22dcde9cf1776e8ef2b91b,0.082,0.851,0.067,-0.1255,2025-04-08
2025-04-07 19:34:00,Apple Users Rush to Upgrade iPhones Ahead of Potential Tariffs-Related Price Hikes,DowJones,https://finnhub.io/api/news?id=c9d82640691eb65861229bc216848d7ae18af35dd4c522fbf735113c3da937e9,0.0,1.0,0.0,0.0,2025-04-08
2025-04-07 19:06:00,Jim Cramer on Apple Inc. (AAPL): “It’s Bad. I’m Not Gonna Tell You It’s Good” – China Risk Looms Large,Yahoo,https://finnhub.io/api/news?id=179c0ffdbc8f76c72cdf83106b9f77531a3fdc69d4a137a30b20cf35ede19a7f,0.09,0.91,0.0,-0.7351,2025-04-08
2025-04-07 18:52:26,"Dow Jones Futures: Trump Tariffs Trigger Extreme Stock Market Volatility; Apple, Nvidia, Tesla Are Big Movers",DowJones,https://finnhub.io/api/news?id=39cc56da2a5bbc592ae1f92f8c2019df8de38e2316b293b223764738995872cb,0.0,1.0,0.0,0.0,2025-04-08
2025-04-07 18:36:03,Top Midday Decliners,Yahoo,https://finnhub.io/api/news?id=04e231e0a6c19176fb97267c0827631be43073361fb3c0a63b46dccc48b316f3,0.0,0.804,0.196,0.4404,2025-04-08
2025-04-07 18:12:19,Apple (AAPL) Leans Into U.S. AI Investment with $500B Pledge Amid Tariff Challenges,Yahoo,https://finnhub.io/api/news?id=3d5bcaf20a123352b02d0d4e85942c872bef354ec9cdf0fd6db347c4b85a433d,0.019,0.963,0.019,0.0,2025-04-08
2025-04-07 17:44:49,Update: Apple Challenges UK Government Order on Encrypted Data Access; UK Tribunal Rejects Secrecy Bid,Yahoo,https://finnhub.io/api/news?id=4c15c3e25d5fbd72af2495730569f0a37cc14e976dfb73fef9c3ae0f6f451c04,0.096,0.866,0.039,-0.4404,2025-04-08
2025-04-07 17:35:00,"Apple’s iPhone Could Cost Up to 26% More. PCs and Other Hardware Will Soar, Too.",Yahoo,https://finnhub.io/api/news?id=fc84fb7c09c770ce92a1840938bad52dfdd839b1777580620d4ca357f8ed3665,0.0,1.0,0.0,0.0,2025-04-08
2025-04-07 17:13:42,Secret court rules against Yvette Cooper over Apple encryption,Yahoo,https://finnhub.io/api/news?id=8000e266f4b2dd7812bcbc7ba03ff93fc3baf0faa4ae64d0b40c75e8dbae8623,0.101,0.781,0.118,0.1779,2025-04-08
2025-04-07 17:11:27,Why Shares of Apple Are Getting Hammered Today,Yahoo,https://finnhub.io/api/news?id=91cd8cac129a06dd7e3f44f95354dc2062d19afd95ba8f1f5ccd1bcc948439d9,0.059,0.853,0.088,0.5859,2025-04-08
2025-04-07 17:03:00,Even Google Could Feel the Sting of a Trade War,MarketWatch,https://finnhub.io/api/news?id=f85a8e785036ded8a6965fb454e9566e77c3dc206b3e0f2540b69a5405519411,0.302,0.698,0.0,-0.8316,2025-04-08
2025-04-07 16:45:00,"Apple Takes the Biggest Hit of the ""Magnificent Seven"" in Response to Trump Tariffs",Yahoo,https://finnhub.io/api/news?id=9ab3eaacb3d3e7b8e58e031ce185d941e89c0978b4de0c8e52ba5a17414c8f03,0.104,0.824,0.072,-0.2732,2025-04-08
2025-04-07 16:28:38,"Apple Appeals Back Door Demand, US Intel Chief Warns of Cybersecurity Risks",Yahoo,https://finnhub.io/api/news?id=effee6558c5307f335eacd7b8ff3bcf96d78a8e468a935e433d7655778a6a54c,0.264,0.736,0.0,-0.6808,2025-04-08
2025-04-07 15:51:00,"Dow's 534-point drop led by losses in shares of Apple, Home Depot",MarketWatch,https://finnhub.io/api/news?id=743fc712d25efc65c46bb9a3fa6ac16ded687719ab069aae9126b30b6f7c0482,0.3,0.562,0.138,-0.6369,2025-04-07
2025-04-07 15:41:37,"Top Midday Stories: Tesla, Apple Hit by Tariff Woes, Wedbush Says; Trump Orders New Review of US Steel, Nippon Steel Deal",Yahoo,https://finnhub.io/api/news?id=887161047cdc5226978cdb6738f7d7f997a4123a7530d507eb9a48e32ceac238,0.128,0.827,0.045,-0.5106,2025-04-07
2025-04-07 15:32:29,Analyst Forecasts Tariffs Impact On Apple's Profit And Highlights 2 Software Stocks That Are Safeguards,Benzinga,https://finnhub.io/api/news?id=de048030c1697057962aa33ab5c1ca7ba76133b2f020b45250af579705425f9f,0.0,0.823,0.177,0.743,2025-04-07
2025-04-07 15:05:10,"Trump Tariffs: Will Trump Call A Time-Out As Billionaire Backers, S&P 500 Plead For Mercy?",Yahoo,https://finnhub.io/api/news?id=a89f83513c37aea7617644c1f0ef97d9376c90302a7d7d56354a5800799647b0,0.082,0.765,0.153,0.3612,2025-04-07
2025-04-07 14:50:00,"Apple, Nike share losses contribute to Dow's nearly 300-point fall",MarketWatch,https://finnhub.io/api/news?id=f68f28a69996116141d0d9c92d5cfbe1a9baa0712f88db6e2540b9196260f4f7,0.209,0.62,0.171,-0.25,2025-04-07
2025-04-07 14:50:00,Apple faces a 'complete disaster' as an analyst calls it tech's biggest trade war loser,Yahoo,https://finnhub.io/api/news?id=1a1d40f298bd92520600b2ea97232d927b756491b52b7381fba78beed9421799,0.297,0.703,0.0,-0.9081,2025-04-07
2025-04-07 14:39:11,"PROS, Global-E, SPS Commerce Stand Out As Tariffs Reshape Software Spending Priorities: Analyst",Benzinga,https://finnhub.io/api/news?id=96b3ec67868d323a4f8af78458512023e0a3d9bf39508e0dc89f7ac4183d310c,0.0,1.0,0.0,0.0,2025-04-07
2025-04-07 14:33:40,Ives: Investors With Long-Term Horizons Should Buy Nvidia (NVDA) Stock,Yahoo,https://finnhub.io/api/news?id=e8e8aa1d1601b21ce7c91a04d5f728b96e3fd79eecdb8b03449947f4b0eee171,0.0,0.965,0.035,0.3252,2025-04-07
2025-04-07 14:18:00,Apple Plans to Source More iPhones From India as Potential Tariff Fix,DowJones,https://finnhub.io/api/news?id=2e9b7977ae49f72addf4cc08c544a4a007b5d162cc94c62538384063236acf7d,0.0,1.0,0.0,0.0,2025-04-07
2025-04-07 14:17:22,Tariff storm ravages Magnificent Seven as Apple nears one-year low,Yahoo,https://finnhub.io/api/news?id=b66c5f45662797a5ddb22622a08555b12da997bfd8640fd57100f7deb93711f9,0.126,0.772,0.102,-0.25,2025-04-07
2025-04-07 14:03:05,One chart shows how much optimism has been wiped out of the 'Magnificent 7' because of Trump tariffs,Yahoo,https://finnhub.io/api/news?id=b45cbaca9d2fe7970a5f9f11035a2e0b6947995a97a04be06d12dec6369b6825,0.073,0.612,0.315,0.8648,2025-04-07
2025-04-07 13:53:46,"Stock Market Today: Dow Jones Falls As Trump Raises Stakes In China Trade War; Nvidia, Palantir Outperform As Tesla Skids On This (Live Coverage)",DowJones,https://finnhub.io/api/news?id=530e275fefe6e3fc81d4bab9c4564bae908eae8ef54691a7edc6db942ec9107e,0.145,0.855,0.0,-0.8316,2025-04-07
2025-04-07 13:51:38,"Tesla & Apple price target cuts, Spirit CEO steps down",Yahoo,https://finnhub.io/api/news?id=a79d6d67701786d2ba581522b25c08224b3ffa99d3278f9cb1da5f83938de8c3,0.056,0.901,0.043,-0.1779,2025-04-07
2025-04-07 13:49:00,"Dow down 187 points on losses in Nike, Apple stocks",MarketWatch,https://finnhub.io/api/news?id=6c6c6b6ace86d36865b0db904995c2aaa81f84c5e89cf00812d76186d0a8c885,0.459,0.541,0.0,-0.9274,2025-04-07
2025-04-07 13:48:49,"Stocks to Watch Monday: Tencent, HSBC, Alibaba, TSMC",Yahoo,https://finnhub.io/api/news?id=c8458116fcca9a9641135f99b834febf22f2cdfaf4a166a4e9dbc1634b339df2,0.062,0.892,0.046,-0.1779,2025-04-07
2025-04-07 13:39:20,'Magnificent 7' stocks continue getting hammered as Trump tariffs drag markets lower,Yahoo,https://finnhub.io/api/news?id=a75618165797c0aa97bd3b91179449e4785ad65181c49a8ea8334bd85b285f7a,0.108,0.686,0.206,0.6908,2025-04-07
2025-04-07 13:34:46,Shares of several companies in the technology sector are trading lower as President Trump's announcement of sweeping tariffs continues to rattle global markets and raise uncertainty regarding tech supply chains.,Benzinga,https://finnhub.io/api/news?id=d9f79ff1b8ecef7eedaa9a506e5f16bae9e74bf25400262ecee33b7f43875096,0.136,0.799,0.065,-0.34,2025-04-07
2025-04-07 13:28:08,Apple To $250? Here Are 10 Top Analyst Forecasts For Monday,Benzinga,https://finnhub.io/api/news?id=7c45ce44eaf1a40a9e1b189fcc63cb90c3cdf56d9f7e4d7139bc7b903fbc1874,0.0,0.847,0.153,0.2023,2025-04-07
2025-04-07 12:54:01,'I find it impossible to catch my bearings': Yahoo Finance community reacts to Trump tariff stock market plunge,Yahoo,https://finnhub.io/api/news?id=bc4f3650a1e20e9d8b3adfbdea6f9013b14dd80680c6236e81f64d9f4acb6145,0.128,0.838,0.034,-0.7269,2025-04-07
2025-04-07 12:48:00,"Nike, Apple share losses lead Dow's 975-point fall",MarketWatch,https://finnhub.io/api/news?id=ad3b5dc08e7575da5ddf7a1cc7c2caf745ad124b5393ddd34b31334e2ce9b1e7,0.248,0.55,0.202,-0.25,2025-04-07
2025-04-07 12:24:14,"Tariff Shock: Tesla's Price Target Slashed 40%, Apple Sees Major Cut",Yahoo,https://finnhub.io/api/news?id=f5eba20539584ea33f87a3bf14b06a5b29c0e7c6d9e23fbbe6068be8d6283f49,0.427,0.573,0.0,-0.8464,2025-04-07
2025-04-07 12:20:00,Apple Stock Falls Again. How the Rest of the Mag 7 Are Trading.,Yahoo,https://finnhub.io/api/news?id=1091c03b2d1bbd8311c84e3bb79739d3b1db4c8909459c4efed193e048b270b1,0.183,0.817,0.0,-0.6705,2025-04-07
2025-04-07 12:13:37,Apple Stock Bull Slashes Price Target Over Trump's 'Tariff Armageddon',Yahoo,https://finnhub.io/api/news?id=be678cea4408bccff2affbf7e5d2ba5e30fe9c4a93edc1edeca58a9a6e2d4da9,0.117,0.883,0.0,-0.4019,2025-04-07
2025-04-07 11:50:43,"Apple: 2 Obvious Reasons To Buy, 1 To Sell",SeekingAlpha,https://finnhub.io/api/news?id=e5e833a5a2fb3c5f201a4a84c30dbde09ffb9972480d5af83dd66e662f57a616,0.043,0.957,0.0,-0.128,2025-04-07
2025-04-07 11:47:00,"Nike, Apple share losses contribute to Dow's 575-point fall",MarketWatch,https://finnhub.io/api/news?id=073e8a4d95e6609bb2f7afb910a7ab73f8da041e3e8b00eff574c034c4c498a6,0.227,0.588,0.185,-0.25,2025-04-07
2025-04-18 21:55:36,Is Apple Inc. (AAPL) the Best Metaverse Stock to Invest in?,Yahoo,https://finnhub.io/api/news?id=259da3fbffcf53fda5551af9470f34552b61b57c46f41489c9d465dc0cf7d9fd,0.0,0.811,0.189,0.9403,2025-04-21
2025-04-18 21:15:00,Apple Gets Some Relief from President Trump's Tariffs. Could That Turn the Stock Around?,Yahoo,https://finnhub.io/api/news?id=04efc281326906aec03e553883827ec5611d10ddc5999760726d2d98275035b2,0.07,0.809,0.121,0.4767,2025-04-21
2025-04-18 20:29:21,ChatGPT: Everything you need to know about the AI-powered chatbot,Yahoo,https://finnhub.io/api/news?id=451860b9e06bb733029915f14d43bad9b040feb41c3e8a7309d49ed48927aba4,0.0,0.937,0.063,0.7003,2025-04-21
2025-04-18 18:44:00,S&P 500 Stocks Just Signaled a Death Cross. Don’t Panic.,MarketWatch,https://finnhub.io/api/news?id=8455aa6a89d7f836a8b8658402dd44c636e274c066908d0fecb5bf7b3f7e8ddf,0.474,0.526,0.0,-0.9371,2025-04-21
2025-04-18 16:27:16,Nvidia and Apple stocks show how investors are firefighting Trump's tariff changes,Yahoo,https://finnhub.io/api/news?id=d0a5fb9a07b8f3425ef3d7fb0251f2c36b6e1bfefc641a5bd63e9268fd9109d1,0.103,0.794,0.103,0.0,2025-04-21
2025-04-18 15:46:00,Tech’s Problems in China Are Getting Worse. These Companies Are Most at Risk.,Yahoo,https://finnhub.io/api/news?id=3173df0809c82992b2d07a5af7089110cac31a27e55fd5b80ff9722387f792dd,0.362,0.603,0.034,-0.9462,2025-04-21
2025-04-18 15:42:19,Netflix praised as 'cleanest story' in tech as latest earnings report brushes off macro worries,Yahoo,https://finnhub.io/api/news?id=9ee9bcb4188075ec207d7598c6964924875b79ae93862f302b49cfb67e62a040,0.118,0.742,0.139,-0.0258,2025-04-21
2025-04-18 15:15:10,Tech Leaders Who Backed Trump Have Lost $1.8 Trillion. Tariffs Described As 'Armageddon' For The Sector,Yahoo,https://finnhub.io/api/news?id=70bf0d7025efbd6cd7c1a71724851bf7521f6c2f4522181bd6170124b4a1aeb2,0.044,0.82,0.136,0.8261,2025-04-21
2025-04-18 14:48:36,"Apple Stock Bruised, But This Partner Warms Up A Breakout — With Caveats",Yahoo,https://finnhub.io/api/news?id=115b54760ab6606714849eae0f4f892b54b8dfecf44ece0df59f61ab3b35a051,0.047,0.882,0.071,0.2263,2025-04-21
2025-04-18 14:16:00,Apple Is an Efficiency Champion. This Company Is Closing In on Its Crown.,Yahoo,https://finnhub.io/api/news?id=2df87e62b034f6c24b5b11e9c7a9ba3f0a77d4e267d75c9da8ff80e9d9f0881c,0.0,0.802,0.198,0.836,2025-04-21
2025-04-18 14:03:00,Stock Market Swoon Could Hit Some P&C Insurers Harder Than Others,SeekingAlpha,https://finnhub.io/api/news?id=1b0d030265192bc608852dcf016566ffe1c274e846e153fc95f6f4ae105f203a,0.0,1.0,0.0,0.0,2025-04-21
2025-04-18 14:00:00,Worried About How Tariffs Will Affect Your Portfolio? Look for Stocks That Have 1 Super Characteristic.,Yahoo,https://finnhub.io/api/news?id=f02c19721a2fe11888091aff0044cb60d5798b5c90a98f6bedd309d2ba9b9a60,0.045,0.838,0.117,0.7964,2025-04-21
2025-04-18 13:35:17,10 Information Technology Stocks Whale Activity In Today's Session,Benzinga,https://finnhub.io/api/news?id=cfe10479c033645a19a585ebd9465493acc69017a0d75edb3d2b9c03258dd0a4,0.0,1.0,0.0,0.0,2025-04-21
2025-04-18 12:37:39,Cloud AI Update - AI Security Innovation: Operant AI Unveils AI Gatekeeper,Yahoo,https://finnhub.io/api/news?id=041d294026d48cf21a1e6c9d0dd69f6b36f0d2603f9b061623c6dce64b5f0f43,0.029,0.776,0.196,0.9242,2025-04-21
2025-04-18 12:28:06,Apple's Record-Breaking iPhone Sales in India Boost Q1 Despite China Dip,Yahoo,https://finnhub.io/api/news?id=0eb3465b34cb3b95c203392da7925d81c53c782f8f2fe366dcad6992946e5e91,0.097,0.769,0.134,0.0258,2025-04-21
2025-04-18 11:45:00,The Best Warren Buffett Stocks to Buy With $60 Right Now,Yahoo,https://finnhub.io/api/news?id=de49dca8684dbc0c2030b4fc66510edf7c3e5cd881dcb6630c0a12c91a4fd0e6,0.0,0.774,0.226,0.8873,2025-04-21
2025-04-18 11:20:49,'Headline Risk' Lurks as TSM Shines Bright on AI Demand,Benzinga,https://finnhub.io/api/news?id=cdf97828c336f671d214e69f1e7304cb663550d7b9a783c64c58cf2d860d41b9,0.304,0.513,0.183,-0.3919,2025-04-21
2025-04-18 10:51:38,"Amazon: Back Up The Truck, And Buy Now (Rating Upgrade)",SeekingAlpha,https://finnhub.io/api/news?id=59ca40f340e214c96bff49bbdc45c4dcd3a7f47b4f21b7916741dbf4b96358f6,0.0,0.841,0.159,0.1779,2025-04-21
2025-04-18 09:55:00,"EU Delayed Punishing Apple, Meta Just Before Trade Talks Started",DowJones,https://finnhub.io/api/news?id=39ba79db520a7acb00a2a5ce1dc4be15d8925a3a5d9cfb2960de749329594db1,0.407,0.593,0.0,-0.875,2025-04-21
2025-04-18 07:20:00,"The Best Warren Buffett Stocks to Buy With $1,000 Right Now",Yahoo,https://finnhub.io/api/news?id=f7ccce0b5b884e1ea8d05381b489734c9523745f1c2362f30d11b7168b67e3b7,0.046,0.817,0.137,0.5859,2025-04-21
2025-04-18 07:00:00,Apple: iPhone And China Expectations Continue To Move Lower,SeekingAlpha,https://finnhub.io/api/news?id=6588a32dbcaf248e75d3b0d99b5d6d2f776b20fa17f4f4a9397619d7773bd24a,0.216,0.784,0.0,-0.296,2025-04-21
2025-04-18 05:19:00,Apple Loses Ground in China’s Smartphone Market as Local Rivals Gain,Yahoo,https://finnhub.io/api/news?id=754e339419b666d85b2803934987dfe65b050d4cf101d554cf4b62f21da72a4a,0.142,0.674,0.184,0.4215,2025-04-21
2025-04-18 03:23:51,Apple Inc. (AAPL)’s Global Supply Shift Could Cushion AI Growth Against Tariff Risks,Yahoo,https://finnhub.io/api/news?id=dce327b8addf4a399337f91a06903dbec50b7df02371c8694020cc745b484df2,0.059,0.905,0.036,-0.1779,2025-04-21
2025-04-18 01:24:10,Apple Loses Ground in China's Smartphone Market as Local Rivals Gain,Finnhub,https://finnhub.io/api/news?id=a6d5820d791f22702a775692ccf83c8f4586073192f0649f4b51ffe9b9c1d846,0.127,0.708,0.165,0.4215,2025-04-21
2025-04-17 23:01:48,Apple's China smartphone shipments slide 9% in first quarter,Finnhub,https://finnhub.io/api/news?id=396e82f19e065d692a3b9a1ac0ebe90302b5d0fc05edb1aa5ffd6a9d1c449ac6,0.0,1.0,0.0,0.0,2025-04-21
2025-04-17 22:30:00,"Steve Jobs Said 14 Years Ago iPhones Would Never Be Made In The U.S.: 'Those Jobs Aren't Coming Back'—Now Tariffs Could Bump Price To $3,500",Yahoo,https://finnhub.io/api/news?id=a2b74e396ee1e2fe9669a9b4fafb4b78942541b70f4f196fbf607354a43e5145,0.027,0.92,0.053,0.5647,2025-04-21
2025-04-17 22:04:10,"China's Q1 smartphone shipments rise 3.3% from a year earlier, IDC says",Finnhub,https://finnhub.io/api/news?id=b5f437027af0b58743a3d6cc5a7f00ea991f961d5891fcd80f37651b68b7b67c,0.0,1.0,0.0,0.0,2025-04-21
2025-04-17 21:22:39,How Tim Cook helped Apple out of Trump’s tariff storm — for now,Yahoo,https://finnhub.io/api/news?id=7712883ccd1a63c9b0333b52fd1cf03c5cf3e0e8fbe9406a4e870ae29ff56e6f,0.0,1.0,0.0,0.0,2025-04-21
2025-04-17 20:59:00,"Top Analyst Reports for Apple, Philip Morris & Sony",Yahoo,https://finnhub.io/api/news?id=e09ef7f65a3885f90540e21b870b5fdad8a9415fce80b2dd6572ab7b7b6507b1,0.0,0.917,0.083,0.4404,2025-04-21
2025-04-17 20:17:46,Fed chairman in fight to save job as Trump rages,Yahoo,https://finnhub.io/api/news?id=c1bdc8e072385a66c85bb7dd47d0525df138dd637a80cf0232e6e67fd0caf4f6,0.189,0.591,0.22,0.1027,2025-04-21
2025-04-17 20:17:13,Apple Shields Itself From Tariff Turmoil as Evercore ISI Sticks to $250 Target,Yahoo,https://finnhub.io/api/news?id=d5dbaa376c519cdf1e80952263d214de80cdd10a8714f5b0762f766c386ddd08,0.161,0.839,0.0,-0.5574,2025-04-21
2025-04-17 20:00:00,Apple: Overvalued And Overexposed To Tariffs Risks,SeekingAlpha,https://finnhub.io/api/news?id=3c6d55237202f739aa9d2ae916696cd47a5610fcb374f70a93fa927cae75dd46,0.259,0.741,0.0,-0.2732,2025-04-21
2025-04-17 18:51:55,Apple CEO had a surprising way to deal with Trump's tariff policy,Yahoo,https://finnhub.io/api/news?id=497eb40868baecc243f6055ae75cf6a6efe604a8c770b38a4a081d7e39eb4b20,0.0,0.932,0.068,0.2732,2025-04-21
2025-04-17 17:43:40,"Apple CEO spoke with Lutnick about tariffs impact on iPhone prices, Washington Post reports",Yahoo,https://finnhub.io/api/news?id=c159a238d04577a8e2b251cce36e161b776606e1e374ff7c6bf29e372635831d,0.0,1.0,0.0,0.0,2025-04-21
2025-04-17 15:59:27,The One Stock Behind the Dow's Steep Drop Thursday,Yahoo,https://finnhub.io/api/news?id=0e68a0564070d83438200f4c98b78863d795520bd46006b221becf764bf997fc,0.2,0.8,0.0,-0.6969,2025-04-17
2025-04-17 14:56:18,"Apple CEO spoke with Lutnick about tariff impact on iPhone prices, Washington Post says",Finnhub,https://finnhub.io/api/news?id=18188ec05ff858f7b2147e62189bbd9e38a407ef83d8252a40152d7b34a0da18,0.0,1.0,0.0,0.0,2025-04-17
2025-04-17 14:53:18,Evercore Backs Apple's Resilience as Global Tariffs Loom,Yahoo,https://finnhub.io/api/news?id=a438d751ec8479e5f0a1f068eaef9115b255700134fc64c2564b496a7f04d146,0.278,0.722,0.0,-0.7269,2025-04-17
2025-04-17 13:56:36,Investors Are Missing The Point: Apple's Fundamentals Are Cracking,SeekingAlpha,https://finnhub.io/api/news?id=27c4644073030b6fbb5c50d35a4a37de848141173f3166d35305caf1a51d6518,0.216,0.784,0.0,-0.296,2025-04-17
2025-04-17 13:51:21,Dow Faces Historic Divergence From S&P After UnitedHealth Plunge,Yahoo,https://finnhub.io/api/news?id=a8995c2c5da7fe2c46ac81baa3df48de02e9cea38b48121a0e969f965c9e26fb,0.0,0.951,0.049,0.6369,2025-04-17
2025-04-17 13:00:00,Is Apple Stock a Buy Now?,Yahoo,https://finnhub.io/api/news?id=3bcb797f29dcffbbe81f5efbfadb48202b44a154163009a8a8c939e71ac20184,0.05,0.908,0.042,-0.1926,2025-04-17
2025-04-17 12:42:40,Apple (AAPL) Holds Strong on AI Momentum as Evercore Reaffirms “Outperform”,Yahoo,https://finnhub.io/api/news?id=05737f44c87cfc1d5f4c93cbe013641ccb7b833e81eb73548f6369751a7268c2,0.0,0.952,0.048,0.5106,2025-04-17
2025-04-17 12:20:34,Stock Futures Trim Gains as Trump Rebukes Powell: Markets Wrap,Yahoo,https://finnhub.io/api/news?id=4ef73ea9758b746944ed40fa2b75effb485866db9f45389957d5906ec7764cb3,0.075,0.81,0.115,0.5994,2025-04-17
2025-04-17 12:00:36,"As Apple Sweats, This Partner Warms Up A Breakout — With Caveats",Yahoo,https://finnhub.io/api/news?id=1c3f6053795ef4d5384c1fd889997cc62d240b2c7e0a2fe007816823bc75087e,0.042,0.899,0.059,0.1531,2025-04-17
2025-04-17 12:00:00,MAGS' Selloff Is Here - Fundamentals Remain Robust No Matter The Tariffs,SeekingAlpha,https://finnhub.io/api/news?id=7c8b54193b63120805c65ed751cb7c61e044c430b8b77a431fab0d0ff7b9c843,0.08,0.742,0.178,0.3239,2025-04-17
2025-04-17 11:43:11,"Top 10 Trending Stocks On WallStreetBets As Of April 17, 2025 (Via Swaggy Stocks)",Benzinga,https://finnhub.io/api/news?id=1bff739620bff3cc5daefa0aaa8efe8f111cdc8d6daa8285852e595ca0952cb7,0.0,0.899,0.101,0.2023,2025-04-17
2025-04-17 11:36:00,Wall Street Lunch: Obesity Pill Progress,SeekingAlpha,https://finnhub.io/api/news?id=d26f4d35ff945022dc3f69aec98e8b942a3c024cd31b1d05a4aafc8a07f501b7,0.0,0.641,0.359,0.4215,2025-04-17
2025-04-17 11:05:00,Stock Markets Need a Tariffs Savior. Why Fed’s Powell Won’t Ride to the Rescue and 5 Other Things to Know Today.,Yahoo,https://finnhub.io/api/news?id=8304d1cc16f0bf804646b84c90b5672fe0fdc9e1f4f63bbed1a26546b4505303,0.042,0.893,0.065,0.296,2025-04-17
2025-04-17 10:38:00,This Tech Giant Is a Stock Buyback Leader. Here's What That Means for Investors.,Yahoo,https://finnhub.io/api/news?id=9546b2a6b159eac19f61751bb56c8947313fbc9812494de71941d93df5f892bf,0.0,0.917,0.083,0.6801,2025-04-17
2025-04-17 09:26:21,TSMC Q1 2025 Earnings Silence Tariff Doubts,SeekingAlpha,https://finnhub.io/api/news?id=6e12b57870009d468d6c55f46e796185722a59dacfaa58234ba2192093c25e0e,0.268,0.732,0.0,-0.296,2025-04-17
2025-04-17 09:03:00,Prediction: Warren Buffett Will Start Buying More Apple Stock This Quarter,Yahoo,https://finnhub.io/api/news?id=b45519f12510f7e1b5a2e3e7ec6e504860e1dded7f4c4125af2864620703a8f0,0.036,0.85,0.114,0.7003,2025-04-17
2025-04-17 08:51:00,TSMC Stock Jumps on Earnings Beat. Tariffs Aren’t a Drag for the Chip Maker—Yet.,MarketWatch,https://finnhub.io/api/news?id=ad6caa7ecaac0eea52085aeaab86a5ce508d34c130663a484f7ab8b701031f64,0.128,0.872,0.0,-0.4215,2025-04-17
2025-04-17 08:45:00,Apple: The China Fallout Has Begun,SeekingAlpha,https://finnhub.io/api/news?id=74dbc2e64b45e84ef78761e49a5add7289d7514b78d81432d34dcf5e720ed55e,0.0,1.0,0.0,0.0,2025-04-17
2025-04-17 07:00:00,ClearBridge Select Strategy Q1 2025 Commentary,SeekingAlpha,https://finnhub.io/api/news?id=2322cba5402cd8b2b7530ae0cec3fb74a0aca46cc28f68bb570cc4a2a435b567,0.0,1.0,0.0,0.0,2025-04-17
2025-04-17 00:30:00,Franklin DynaTech Fund Q1 2025 Commentary,SeekingAlpha,https://finnhub.io/api/news?id=2ae7c4aa6a2cba58deb299d1da2263fe44fe4feedd375eb43653db08eeb41660,0.0,1.0,0.0,0.0,2025-04-17
2025-04-16 22:14:03,"Meta Saw TikTok as ‘Highly Urgent’ Threat, Zuckerberg Says at Antitrust Trial",Yahoo,https://finnhub.io/api/news?id=46c629ba2547113d352c9fd66f3c6c8fdfa42350e34f5c7cd811ac381d96abc7,0.061,0.895,0.044,-0.1779,2025-04-17
2025-04-16 21:08:46,Why Apple Inc. (AAPL) Is One of the Best Blue Chip Stocks to Buy According to Billionaires,Yahoo,https://finnhub.io/api/news?id=b37626758ee3ce50081d2f203da0b36686f0401d6da805dd4c884cb057341ebc,0.046,0.807,0.147,0.8658,2025-04-17
2025-04-16 21:03:32,Trading Day: When the chips are down,Yahoo,https://finnhub.io/api/news?id=d08bfd94a2972b3f62791151cbbaf1dd35aa9c574d103ee3b23c4ca005e113b0,0.11,0.789,0.101,-0.25,2025-04-17
2025-04-16 19:21:00,Big Tech’s China Risks Go Far Beyond Nvidia,Yahoo,https://finnhub.io/api/news?id=a44b4d3f894b9c5afe111184a412047259a248db45d2d7ad9a29351b9c03fd09,0.142,0.81,0.049,-0.4129,2025-04-17
2025-04-16 16:21:42,"Magnificent Seven Stocks Sell Off: Nvidia Plunges; Apple, Tesla Slide",Yahoo,https://finnhub.io/api/news?id=e436d79d8cbef4bb8c289db9d61fd57ad65e04371b713a486a35e184d159a7ec,0.057,0.76,0.183,0.7964,2025-04-17
2025-04-16 16:05:35,How to invest in Nvidia successfully during Trump tariff turmoil,Yahoo,https://finnhub.io/api/news?id=c21f645377a09788b47e3c0d3f43aaa58738a545005349b345b0764df4ec445e,0.066,0.797,0.137,0.3944,2025-04-17
2025-04-16 16:00:03,Apple market cap falls back below $3 trillion as 'relief rally' fades amid new tariff uncertainty,Yahoo,https://finnhub.io/api/news?id=d4fac4115b6a777bf1886afa179ed57bbfdff9a0a7bb4987a67e03f9ff630149,0.055,0.874,0.071,0.1779,2025-04-17
2025-04-16 15:32:00,"NVIDIA Corp., Amgen share losses contribute to Dow's 886-point drop",MarketWatch,https://finnhub.io/api/news?id=644ba8ceb10c50bbcbab539aeb085c3a11215723d88b727bfe9ad52d8121171c,0.343,0.5,0.157,-0.6369,2025-04-16
2025-04-16 15:30:35,‘It’s going to be the small stuff’: Trump’s tariffs could make cheap tech gadgets not so cheap,Yahoo,https://finnhub.io/api/news?id=c09a8c16a3c542eaeb7ae613bd7db9e1b08f5e30cc95ca9220f54a86b63b521c,0.069,0.931,0.0,-0.3818,2025-04-16
2025-04-16 15:26:09,Is Apple Inc. (NASDAQ:AAPL) the Best NASDAQ Stock to Buy So Far in 2025?,Yahoo,https://finnhub.io/api/news?id=99cd42cd376b63a6a7e596bfc73ab4d0735f49632940b27f0c681a9f4e7b3e0c,0.0,0.89,0.11,0.8555,2025-04-16
2025-04-16 15:00:53,Trump's trade war unlikely to bring tech manufacturing back to the US,Yahoo,https://finnhub.io/api/news?id=53388e065056e0a6abc2a36266d8b4d46668c74c3386be594a18f7408e1365f5,0.127,0.817,0.056,-0.4927,2025-04-16
2025-04-16 14:44:03,"Nvidia, Apple, Big Banks' trading revenues: Trending Tickers",Yahoo,https://finnhub.io/api/news?id=5f17ede56f160e1fa82fbff472822dcf655a21f70ed8ec319510a62226044d5e,0.039,0.915,0.046,0.25,2025-04-16
2025-04-16 14:33:38,"After surge to record highs, gold overtakes 'Magnificent 7' as the most crowded trade on Wall Street",Yahoo,https://finnhub.io/api/news?id=fedccbc7f1e49db6b06d740aa40f8d2505b065e4c805fc66119d8fbe45bb60c1,0.0,0.785,0.215,0.8625,2025-04-16
2025-04-16 14:31:00,"NVIDIA Corp., Amgen share losses lead Dow's 589-point fall",MarketWatch,https://finnhub.io/api/news?id=43a6487aed377c101ee648a29ff21206ff65e99d0fb66949121b4c4467f7b6be,0.227,0.588,0.185,-0.25,2025-04-16
2025-04-16 13:31:49,Jim Cramer: Apple Inc. (AAPL) Faces an “Existential” China Risk and Is “A Loser to Samsung”,Yahoo,https://finnhub.io/api/news?id=1e6e12a795a043bd31e5e7832bd603553ee8bdab6d1a689c2f3786a63efba383,0.14,0.86,0.0,-0.8807,2025-04-16
2025-04-16 13:30:00,"NVIDIA Corp., Amgen share losses contribute to Dow's 300-point drop",MarketWatch,https://finnhub.io/api/news?id=758e8519124734f31818743bfa6519241d65321cf331d529704c97b743c88892,0.343,0.5,0.157,-0.6369,2025-04-16
2025-04-16 13:20:24,"Retail Sales Jump Most In Two Years In Rush To Buy Autos, iPhones Before Trump Tariffs; S&P 500 Falls (Live Coverage)",Yahoo,https://finnhub.io/api/news?id=57c730a60b02d9d888a8d9ad6aabd7f050478dbff737f8eb0dc367c232603b07,0.0,1.0,0.0,0.0,2025-04-16
2025-04-16 12:48:43,"Tariffs... Yes, No Or Maybe: Regardless, Apple Still Has An Identity Crisis (Downgrade)",SeekingAlpha,https://finnhub.io/api/news?id=125628262b47a85b62951118e4b4e6e144313696805bcd964534c734516702dd,0.332,0.526,0.142,-0.5574,2025-04-16
2025-04-16 12:08:00,How the U.S.-China Trade War Benefits Applied Materials Stock (AMAT),Yahoo,https://finnhub.io/api/news?id=094df2f418421c8451d63e98fa4b8b218d2fd8cf211b16f5da09ab61b8fb3ab1,0.083,0.768,0.149,0.6494,2025-04-16
2025-04-16 11:22:29,The Dividend ETF That Just Woke Up And Why Investors Are Watching Closely,Benzinga,https://finnhub.io/api/news?id=e6b7f51d86ac78b9d1a1d90bfeeefa162c45c1872625dae67468bed75c62d0f6,0.052,0.843,0.105,0.3182,2025-04-16
2025-04-16 10:56:05,Apple : 2025 report,Finnhub,https://finnhub.io/api/news?id=7bcc2bd345d16e222f92023ed8d04183d3d947f2c8b1a57585d3e2f4b515f1c9,0.0,0.797,0.203,0.4215,2025-04-16
2025-04-16 09:46:08,Middle Coast Investing Q1 2025 Letter: Before And After The Liberation Day Crash,SeekingAlpha,https://finnhub.io/api/news?id=baac02df78d8a85efa4698c2c53ae2ad0c1273bfabffa0d4460d5e4537ca72c0,0.184,0.816,0.0,-0.4019,2025-04-16
2025-04-16 09:45:00,"NVIDIA Corp., Amgen share losses lead Dow's 200-point fall",MarketWatch,https://finnhub.io/api/news?id=8534f11ee0a7e3d4103a9180994e3d4f37488d7283e8295151361b89ea8170fb,0.227,0.588,0.185,-0.25,2025-04-16
2025-04-16 09:20:24,"Retail Sales Jump Most In Two Years In Rush To Buy Autos, iPhones Before Trump Tariffs; S&P 500 Futures Fall (Live Coverage)",DowJones,https://finnhub.io/api/news?id=0afac34df7d63f32e70da3d28ed87eb24d1ac9395b04429cb7e6d2dc3ebc3aba,0.0,1.0,0.0,0.0,2025-04-16
2025-04-16 09:17:11,"Top 10 Trending Stocks On WallStreetBets As Of April 16, 2025 (Via Swaggy Stocks)",Benzinga,https://finnhub.io/api/news?id=c013b1222cc44d22a034b94947955c4332dea00f9dc004b47e7fedf3f0231775,0.0,0.899,0.101,0.2023,2025-04-16
2025-04-16 09:14:48,"Television could go the way of newspapers if the US economy tips into recession, analyst warns",Yahoo,https://finnhub.io/api/news?id=4b711f8f9c0714da209d796b4cf4dd54f821bdb82cca77ce0ed22989785eac5e,0.206,0.794,0.0,-0.8807,2025-04-16
2025-04-16 09:00:00,"TSMC: Tariffs Or Not, Why I'm Betting On The Foundry Leader",SeekingAlpha,https://finnhub.io/api/news?id=45a0aab8a6d8e017fd5f28e7042d307f578e4975e41d80c8ec1b1c5790a657bd,0.0,1.0,0.0,0.0,2025-04-16
2025-04-16 08:35:00,"Got $2,000 to Invest? This Is 1 of the Smartest Vanguard ETFs to Buy and Hold for 20 Years.",Yahoo,https://finnhub.io/api/news?id=cc0dd024f2fdde4b39f837243f7246bc6b428e062a459fac4588bd67eb684676,0.061,0.76,0.179,0.8807,2025-04-16
2025-04-16 06:30:00,Apple Has Nowhere To Hide From Approaching Tariff Storm,SeekingAlpha,https://finnhub.io/api/news?id=f24002806a3a35f4cc310a06134a5fe4b33c263c80b283f2ba1a2bba25f1391f,0.0,0.841,0.159,0.1326,2025-04-16
2025-04-16 03:01:19,Research: tech companies' green excuses,Finnhub,https://finnhub.io/api/news?id=f77b9da48003cea8baa861ac38fbb35a47feae50b099a68ff2d46e43b0a69908,0.183,0.741,0.077,-0.743,2025-04-16
2025-04-15 21:45:14,Here's Why Apple (AAPL) Fell More Than Broader Market,Yahoo,https://finnhub.io/api/news?id=dec406846f8020d0edcf7b601f456b4ee8f23bf267efc2a25302e6edf257f945,0.0,1.0,0.0,0.0,2025-04-16
2025-04-15 21:31:29,When Apple's Tim Cook Revealed The Real Reason iPhones Are Made In China—And It's Not 'Low Labor Costs': 'China Stopped Being A Low-Wage Country Years Ago',Yahoo,https://finnhub.io/api/news?id=d619f3fb1b2b2ae1136a1f2ed43ee116f2f40b32c9606d49abb8aba453e235f8,0.089,0.894,0.016,-0.8012,2025-04-16
2025-04-15 20:08:19,Is Apple Inc. (AAPL) The Best American Tech Stock to Buy Now?,Yahoo,https://finnhub.io/api/news?id=521a600df3c245a3d45b4cb8533528e4f1f83840ad0fe5b49476fcb218cc098d,0.0,0.855,0.145,0.9001,2025-04-16
2025-04-15 19:45:01,Stocks making big moves yesterday: Apple (AAPL) and Palantir (PLTR),Yahoo,https://finnhub.io/api/news?id=a8f8a88e13c87aed52179380b264279082fd7526d8282146e7531302a0476d74,0.0,0.976,0.024,0.1027,2025-04-16
2025-04-15 19:04:37,"Apple Rallies After Dodging Tariffs, Wins Analyst Nod",Yahoo,https://finnhub.io/api/news?id=0f19480f8e7513b38673fd0328f324ab2edb2fb0f5359ae2aa306df0c007bae1,0.091,0.827,0.082,0.25,2025-04-16
2025-04-15 18:56:32,Apple Bets Big on Samsung for Its First Foldable iPhone,Yahoo,https://finnhub.io/api/news?id=95184a904aef971792a33b5ca5e41287b641f53a99362272a61d9559fe214da1,0.107,0.893,0.0,-0.4767,2025-04-16
2025-04-15 17:39:43,Trump promises 'expedited' process for Nvidia's US supercomputer plans as Big Tech pledges top $1.6 trillion,Yahoo,https://finnhub.io/api/news?id=21172e22cf77e6bc4aaf1aece72de1764c1e59ded415d2ff9f0efcfd883c2420,0.0,0.885,0.115,0.5267,2025-04-16
2025-04-15 17:25:00,"Apple Dodged a Bullet, but the Stock Still Isn't a Buy",Yahoo,https://finnhub.io/api/news?id=7c629849c8e155b84c4f72636f2d05e937ea0bf58686443dd2a7c4cce5fe4283,0.053,0.862,0.084,0.4215,2025-04-16
2025-04-15 17:23:58,US tariffs: Can Apple manufacture in the US?,Yahoo,https://finnhub.io/api/news?id=61de362b362767b6ff25023e5bbf81f651de80f7fbf418b5a37f67e4a4355037,0.076,0.893,0.032,-0.2674,2025-04-16
2025-04-15 17:22:45,Apple (NasdaqGS:AAPL) Sees 12% Price Increase Over Last Week,Yahoo,https://finnhub.io/api/news?id=cdcd7e67dc48dc0026235d581e925bef18a0d4b898cefd0d85324f4f78578f7f,0.0,0.904,0.096,0.802,2025-04-16
2025-04-15 17:21:58,"S&P 500: Top Of The Range, Death Cross - Sell",SeekingAlpha,https://finnhub.io/api/news?id=8dbe107ac98fae20e2191a71d3f904d0cd2d3249e80c78d0b4b707263053c414,0.284,0.678,0.038,-0.891,2025-04-16
2025-04-15 17:06:43,"Apple Inc. (AAPL): Exempt from Tariffs, But Concerns Remain",Yahoo,https://finnhub.io/api/news?id=f99ac901ee6e08cfec80a008f7a34cedf63e6e2abb8707884fdcf2e07baa7659,0.064,0.883,0.054,-0.1779,2025-04-16
2025-04-15 16:07:42,Breaking News: Apple Foldable iPhone Will Feature Only Samsung OLEDs,Yahoo,https://finnhub.io/api/news?id=013fb9cce3696e8b82327eae703c385b8c12d04822ee418216ed7f4887545c00,0.077,0.923,0.0,-0.25,2025-04-16
2025-04-15 15:48:09,Report: Apple Picks Samsung as Sole OLED Supplier for First Foldable iPhone,Yahoo,https://finnhub.io/api/news?id=1be6d8668585c74047737c07ef8374573fdad1f5c9ec2d2d730d67bce6f85f7f,0.0,1.0,0.0,0.0,2025-04-15
2025-04-15 15:33:35,"AAPL “Looks Pretty Good Overall,” LikeFolio Co-Founder Says",Yahoo,https://finnhub.io/api/news?id=7a4bfcf30c6b518330d59a86c9142fcab6f99a2024f6f45b71ff11989b592c65,0.0,0.828,0.172,0.91,2025-04-15
2025-04-15 15:15:12,"Trump Trade: Smartphones, computers, chips get break from highest tariffs",Yahoo,https://finnhub.io/api/news?id=b726f74d95e6d58396487fa6ca3e50deac8db9b0ee709a979c607d48901f202b,0.0,0.979,0.021,0.2023,2025-04-15
2025-04-15 15:14:15,Watch These Apple Price Levels After Gains on Tech Tariff Exemptions,Yahoo,https://finnhub.io/api/news?id=b4b51152db8d4bb60867c0d9f899e35972f423859114e2d022ed7a5d7658d49a,0.057,0.716,0.227,0.7269,2025-04-15
2025-04-15 15:00:00,Two New Dividend Picks To Help You Navigate Tariffs And Uncertainty -- One Yields 7%+,SeekingAlpha,https://finnhub.io/api/news?id=ce1eb6a468e7530a73723dd314d7a3ba87662768d81d6dc9bc9c974a0321441a,0.133,0.718,0.149,0.0772,2025-04-15
2025-04-15 14:52:21,"Apple Intelligence, New Form Factors Will Boost AAPL Stock, Analyst Says",Yahoo,https://finnhub.io/api/news?id=b101d765d55cf214e201a61282214c71a93b02089d98a4a32fca3bedc48b4f4b,0.0,0.716,0.284,0.9698,2025-04-15
2025-04-15 14:44:18,Apple airlifted iPhones worth a record $2 billion from India in March as Trump tariffs loomed,Yahoo,https://finnhub.io/api/news?id=87f997327b8309e8d37c84a2394d1668c7995d95bece2374c12441438b431742,0.02,0.863,0.116,0.836,2025-04-15
2025-04-15 13:57:15,"Even Without Tariffs, The Market Has Not Bottomed",SeekingAlpha,https://finnhub.io/api/news?id=bc3acf6cf2ce1441d6a7c150704c024a2d0fe63def0af03df497088d428a9a04,0.0,1.0,0.0,0.0,2025-04-15
2025-04-15 13:49:00,Parnassus Core Select ETF Q1 2025 Commentary,SeekingAlpha,https://finnhub.io/api/news?id=61e7ce955a49f8b139bda4a2fad3e2d3964f77602af33173277cac5786f3296c,0.0,1.0,0.0,0.0,2025-04-15
2025-04-15 13:00:11,Apple Inc. (AAPL) is Attracting Investor Attention: Here is What You Should Know,Yahoo,https://finnhub.io/api/news?id=c736740c6298be84ee9ee7b69b31cb7e3e4d989b6ebf04c8c3866f98c62ae89b,0.0,0.823,0.177,0.8126,2025-04-15
2025-04-15 12:37:41,Latest News In Cloud AI - NVIDIA Blackwell HGX B200 Platform Shaping AI's Future,Yahoo,https://finnhub.io/api/news?id=6dc5c31b43826e15f05760c49b5ef1dfaeed6764b221a98965619a32acd98f77,0.0,0.876,0.124,0.8176,2025-04-15
2025-04-15 12:01:18,Here's How You Can Earn $100 In Passive Income By Investing In Apple Stock,Yahoo,https://finnhub.io/api/news?id=dcba685f27f4dbbfdb229675afc3f3b7a18299c0eab7e9a25d260f18d4f2819e,0.0,0.981,0.019,0.2023,2025-04-15
2025-04-15 11:53:00,Apple just had its best March quarter for iPhone shipments — but there’s a catch,MarketWatch,https://finnhub.io/api/news?id=26eacc6eb7b2cefff064612075f8833cdc5f75fd87efd44f392b24f1247e8eb5,0.0,0.769,0.231,0.8555,2025-04-15
2025-04-15 11:23:49,"Apple could face a customer loyalty crisis if tariffs boost prices, says tech analyst",Yahoo,https://finnhub.io/api/news?id=269b1b860d45b4658204b6666d754b9c21c845aa3b83f0e729ddc101322a76d1,0.12,0.7,0.181,0.2732,2025-04-15
2025-04-15 11:19:42,Apple to begin on-device data analysis to enhance AI,Yahoo,https://finnhub.io/api/news?id=070877f53364afd7a098d57c9b1aeda789a071188bef6fdb4370ec82359ecb9f,0.0,0.947,0.053,0.128,2025-04-15
2025-04-15 11:08:00,"The Zacks Analyst Blog Apple, NVIDIA, Advanced Micro Devices, Amazon.com and Alphabet",Yahoo,https://finnhub.io/api/news?id=8c236864dbe4481c4d73e4a7181052227c01fcd634e1292a9510e0d16fe16529,0.0,0.857,0.143,0.4588,2025-04-15
2025-04-15 10:43:26,Morning Bid: Fed gives market a breather,Yahoo,https://finnhub.io/api/news?id=24df5b4f1b2558891ac1212fa616a8df89f0e2cb9e89e3232fbec56f9b954bc1,0.081,0.855,0.064,-0.4939,2025-04-15
2025-04-15 10:30:19,Japan Orders Google to Stop Forcing Phone Makers to Use Apps,Yahoo,https://finnhub.io/api/news?id=fae4433b765631b62c26cd9415c6606cd69ddc2a93e51889a17c7be334d7b8a9,0.135,0.812,0.052,-0.8402,2025-04-15
2025-04-15 10:00:42,The trade war uncovers new economies of scale: Morning Brief,Yahoo,https://finnhub.io/api/news?id=374445ee062228384d1d92bb71e564d467e9057aedaad22854d03186dbb43e9f,0.125,0.717,0.157,0.3071,2025-04-15
2025-04-15 09:40:00,Wedgewood Partners Q1 2025 Client Letter,SeekingAlpha,https://finnhub.io/api/news?id=56be3eb2f6c91a694d4d0d21e4f32752030e9807e2ca442961040f0a680b6183,0.0,1.0,0.0,0.0,2025-04-15
2025-04-15 09:34:00,1 Spectacular Vanguard ETF to Buy With $550 During the Tech Bear Market,Yahoo,https://finnhub.io/api/news?id=f64391b6ac59575a90d565323048f0d566f2e36f9a4ffee3cb80b9a381eba1c6,0.093,0.874,0.033,-0.5267,2025-04-15
2025-04-15 09:29:40,Apple Is Again Worth $3 Trillion. Thank Trump’s Tariff Exemption.,Yahoo,https://finnhub.io/api/news?id=a7b28904806a2ac8b9737e8f2bf69373caaa307a5d2119c099d84f23e93ef829,0.0,0.852,0.148,0.8591,2025-04-15
2025-04-15 09:20:45,"Top 10 Trending Stocks On WallStreetBets As Of April 15, 2025 (Via Swaggy Stocks)",Benzinga,https://finnhub.io/api/news?id=5a0cd5dd669486978204928597b9901e136de5dec36601eb19946ff63006a908,0.0,0.899,0.101,0.2023,2025-04-15
2025-04-15 08:47:00,Not So Fast. Large Institutional Investors Still Care About DEI.,MarketWatch,https://finnhub.io/api/news?id=3fc9840f239302089506b9b89ebeedada111fbe91c093e5a4e2cb21b18212ace,0.0,0.738,0.262,0.7506,2025-04-15
2025-04-15 07:55:00,Apple Stock Dropped 30% From Its High. History Says This Will Happen Next.,Yahoo,https://finnhub.io/api/news?id=492d594513cae5115cf8bb352d84581f47af925bf5c4ac829aea46bb58d7824c,0.018,0.818,0.164,0.9153,2025-04-15
2025-04-15 07:31:30,Tariff turmoil: consumer devices on shaky ground,Yahoo,https://finnhub.io/api/news?id=22d04409b6369dcaea0e91a30eeba0907cd8b637352e5d8757556ea4f7199508,0.173,0.827,0.0,-0.5267,2025-04-15
2025-04-15 06:55:47,Apple: Trump Blinked First And That Presents An Opportunity,SeekingAlpha,https://finnhub.io/api/news?id=30c0ad1cd65cbf98042c43225caba65633fa47e5aa86f9382c8f19dfd413ae31,0.0,0.741,0.259,0.4215,2025-04-15
2025-04-15 06:46:14,Get active with Apple Watch,Finnhub,https://finnhub.io/api/news?id=2e270633c033ce873fd1dc6e85e34315efd8e58130b0b702c51793ff83560000,0.0,0.717,0.283,0.9001,2025-04-15
2025-04-15 06:33:44,Apple and Nvidia 'begin to make technical progress off the lows' - Fundstrat's Newton,MarketWatch,https://finnhub.io/api/news?id=18faea2d0ae1e0d25d8ba27d5c55b199809b47bd970500ef1ba77ba09ba3c52d,0.108,0.723,0.169,0.4588,2025-04-15
2025-04-15 06:08:31,"US Stock Futures Waver After Two-Day Rally: Trump's Tariff Moves Could End A 3-Year 'Rolling Recession,' Says Expert",Benzinga,https://finnhub.io/api/news?id=5cab2980022d791fdae9611e07136d0c2c82176dbe012a1c05034a431c7f2cce,0.07,0.93,0.0,-0.4215,2025-04-15
2025-04-15 06:05:11,Radboud University: The green excuses of tech companies that 'solve' the climate problem,Finnhub,https://finnhub.io/api/news?id=8ab19b561ffade11fc9c59b37c5a976a145c66b53a1a2900f53d8669dd4443cd,0.172,0.689,0.139,-0.5859,2025-04-15
2025-04-15 04:39:09,Dow Surges Over 300 Points Ahead Of Earnings: Fear & Greed Index Remains In 'Extreme Fear' Zone,Benzinga,https://finnhub.io/api/news?id=93f11be737f4e547a1bd509c270e979c9217a9b28dde43fe5afb31742a2e3202,0.402,0.598,0.0,-0.8553,2025-04-15
2025-04-15 03:32:37,Trump Initiates Chips and Drug Probes Ahead of More Tariffs,Yahoo,https://finnhub.io/api/news?id=795938dc3145a689055e139871037666a344686709a9ebbfb8180cb558a8c6b7,0.076,0.893,0.031,-0.5994,2025-04-15
2025-04-15 00:54:50,Trump's Tariff U-Turn Triggers Global Stock Frenzy--But the Real Shock Is Still Coming,Yahoo,https://finnhub.io/api/news?id=48c81577d050d8b0ba8d4c0e2596739262cee2298ced75c0f4545e646d088977,0.173,0.771,0.056,-0.4767,2025-04-15
2025-04-14 23:14:00,Nvidia’s Made-in-the-U.S.A. Move Follows a Familiar Trump Pattern,Yahoo,https://finnhub.io/api/news?id=884be02094d3e55dd77185c6464f70c2a27e6d2a35bed75c78c5db6b64200325,0.0,0.914,0.086,0.8555,2025-04-15
2025-04-14 22:39:28,Apple: Proceed With Caution,SeekingAlpha,https://finnhub.io/api/news?id=3100e529031422c5c593d79b00d9fb9d5d08a228faedafc84ea26541eb15274e,0.0,1.0,0.0,0.0,2025-04-15
2025-04-14 22:31:37,Apple and other tech stocks rebound after Trump offers more tariffs guidance,Yahoo,https://finnhub.io/api/news?id=2f2415079722914820f11f2c6a58dde9f5ab7692fa49724dc542841eac05c0bd,0.0,0.938,0.062,0.3612,2025-04-15
2025-04-14 21:36:30,"Dow Jones Futures Fall: Trump Tariffs Spark Stock Market Rally; Netflix, Palantir, Spotify Lead Best Stocks To Watch",DowJones,https://finnhub.io/api/news?id=4280ef6ad3db79c06c719557dac69cc53158aacf5281787cc29b139eaa8261cf,0.0,0.724,0.276,0.9042,2025-04-15
2025-04-14 21:01:43,"34-Year-Old Making $3,400 a Month in Dividends Shares His Top 7 Stocks — 'Be Lucky and Save Relentlessly'",Benzinga,https://finnhub.io/api/news?id=58f5cf98e2c207585b93b24789040e12a0ceaaa816816457a46a3748ea689028,0.0,0.583,0.417,0.8402,2025-04-15
2025-04-14 20:53:53,"VIX, Wall Street’s fear gauge, sinks nearly 20% on temporary tech tariff relief",Yahoo,https://finnhub.io/api/news?id=e4a6de6a1d86c920d3085579a7ec2535c476795cbdac250eb5b0a03773b6dc11,0.186,0.746,0.068,-0.6597,2025-04-15
2025-04-14 20:51:18,Why Apple (AAPL) Stock Is Up Today,Yahoo,https://finnhub.io/api/news?id=bbc9fb1e22cc728fd9e3e3a30e4550ff8e7bbe266ecc4a5a567f6cf50ed916c3,0.0,0.948,0.052,0.3818,2025-04-15
2025-04-14 20:30:55,Surprising China news sends Apple stock surging,Yahoo,https://finnhub.io/api/news?id=5b24863b77e227533aabf6ef76c05520519c292771e90f1dbe64a87d11da8b0f,0.0,0.884,0.116,0.2732,2025-04-15
2025-04-14 20:26:05,"Apple fans won’t stay loyal if tariffs mean $2,000 iPhones, top analyst warns",Yahoo,https://finnhub.io/api/news?id=10d74d94fcd28d5520badf24f8a60096258545b5837ffb6e648955e6e6720f89,0.225,0.629,0.147,-0.3818,2025-04-15
2025-04-14 20:19:48,Apple Stock Gets an Upgrade From KeyBanc on Tech Tariff Exemptions,Yahoo,https://finnhub.io/api/news?id=76ae8bd7ff15ae166429ca6d3958d75f260d04f3f17835c34fc60944f0889719,0.0,1.0,0.0,0.0,2025-04-15
2025-04-14 20:07:47,Trump Tariff Confusion Whipsaws Tech,Yahoo,https://finnhub.io/api/news?id=f02ed85aeded5bcd0ca44a66317495a2e3292b9649c1ba1b7a4ce18f6aa2d17e,0.157,0.843,0.0,-0.6908,2025-04-15
2025-04-14 19:28:20,Jim Cramer Asks of Apple (AAPL): “Why Are They Being Punished? What Did They Do Wrong?”,Yahoo,https://finnhub.io/api/news?id=c1853dfed7ad3a4c7b8c11d432489759a0f34d943e3a633e3cf69ef59af33586,0.045,0.955,0.0,-0.5204,2025-04-15
2025-04-14 19:12:00,"Apple hasn’t gotten an ‘all clear’ on tariffs, but its stock is still rising",MarketWatch,https://finnhub.io/api/news?id=1f2fac5991edd47b903a70fdf093c874b1b196292dce3396225461bc3a886e76,0.0,1.0,0.0,0.0,2025-04-15
2025-04-14 19:07:27,Confusion reigns after Trump exempts electronics from new tariff regime. Here's what we know,Yahoo,https://finnhub.io/api/news?id=4ebbb183dee9dde5a167f0db51e3df2600c1c0dedf9013158a237277c0ba817f,0.081,0.88,0.038,-0.6124,2025-04-15
2025-04-14 19:00:00,"Which Mag-7 Stock, Apple or NVIDIA, Should You Buy for Tariff Relief?",Yahoo,https://finnhub.io/api/news?id=995eb28760f64f9f292268bbc4775b03df31ed558b14724270a0847e7b008e5e,0.053,0.747,0.2,0.7269,2025-04-15
2025-04-14 18:31:11,Apple Escapes Supply Chain Crisis As Trump Excludes Popular Electronics From Tariffs,Yahoo,https://finnhub.io/api/news?id=962d2381b4060bd17e19b6cb330a22981f94c7dfa0f3fafb8eb210057ddf8567,0.105,0.851,0.044,-0.7964,2025-04-15
2025-04-14 18:28:16,Trump vows tariffs on pharma imports,Yahoo,https://finnhub.io/api/news?id=de4cec9b1e72ed0246c1451ebc5a6206dfc855a70a74bc7227de21098a86a63c,0.245,0.755,0.0,-0.5994,2025-04-15
2025-04-14 18:24:01,Apple: Minimal Impact From Upcoming Tariffs On Semiconductors,SeekingAlpha,https://finnhub.io/api/news?id=ef68925168fb8115f9d98170b991c05688c56f79a6741c46706ac2c7b68fffb6,0.0,1.0,0.0,0.0,2025-04-15
2025-04-14 18:03:32,Apple: Is shifting iPhone manufacturing to US a real possibility?,Yahoo,https://finnhub.io/api/news?id=c0eacc7b5cbc98225945e796e4a4a003ad8ea51b33d0a75b62d508b6bbb00d96,0.053,0.891,0.055,0.0258,2025-04-15
2025-04-14 17:34:00,"Trump Considers Tariff Exemptions for Tech, Car Companies",Yahoo,https://finnhub.io/api/news?id=3be2cd3b94e7cc03bb6c372e2b977c11dd07daad63ff2333706467325c9d924d,0.0,1.0,0.0,0.0,2025-04-15
2025-04-14 17:30:33,Apple and Dell Shares Rally as U.S. Pauses Tariffs on Consumer Electronics,Yahoo,https://finnhub.io/api/news?id=e8938d16667161a33fc8fdeb2338e354e75925a4717424298825080b77db8b4f,0.0,0.909,0.091,0.296,2025-04-15
2025-04-14 17:25:29,"Cars, iPhones May Get Tariff Breaks",Yahoo,https://finnhub.io/api/news?id=619457b8aa289dc400d4b3cb7e647e76a741fcc27cffd578e76c8945c005136b,0.042,0.904,0.054,0.1531,2025-04-15
2025-04-14 17:10:00,Trump gave tech companies a break from tariffs. Here’s how long that could last.,MarketWatch,https://finnhub.io/api/news?id=a3a5017ba9da29925412277c7ae03372789bf56806eedef77dc691ca0ce7bc5c,0.0,1.0,0.0,0.0,2025-04-15
2025-04-14 17:06:31,Trump’s Tangled Tariffs Sow Confusion as Negotiators Line Up,Yahoo,https://finnhub.io/api/news?id=8d77b4a5312861a1b36b5c4de5e0d402f678c4a56fecaa5d4eda2faec7c6b87c,0.091,0.836,0.073,-0.4019,2025-04-15
2025-04-14 17:05:37,Trump Looks at Tariff Pause for Some Autos After Electronics’ Tariff Exemptions,Yahoo,https://finnhub.io/api/news?id=e19b5a0ea19e99a14567c4aef3b74c7026026f65ada1846b235a84adc6da91d0,0.02,0.88,0.1,0.8,2025-04-15
2025-04-14 16:57:58,"Apple Inc. (AAPL): “China Would Lose 2 Million Workers,” Says Jim Cramer",Yahoo,https://finnhub.io/api/news?id=7cbcd42157c100b97758d6ec04f9546d2c2b01c6a9b21421a2de68fc1a5ed77d,0.038,0.933,0.029,-0.1531,2025-04-15
2025-04-14 16:50:18,"Stock Market Today: Dow Jones Up But Trump Tariff Pop Fades; Palantir Fights For Key Level, Nvidia Falls (Live Coverage)",Yahoo,https://finnhub.io/api/news?id=e59480928e296f8e2f814abeea0b0d88f6d00cd0788c8d10295a03c2d3f15349,0.129,0.813,0.059,-0.5719,2025-04-15
2025-04-14 16:48:00,"Reddit, Pinterest, and Other Stocks That Look Like Better Buys Than the Mag 7",MarketWatch,https://finnhub.io/api/news?id=f3d07668fba37212f0b22b6df8665ae058774dbfcb88e003dc572c6f2b63626d,0.0,0.69,0.31,0.8689,2025-04-15
2025-04-14 16:40:00,"The Dow and S&P 500 rise slightly, but tariff and recession fears linger",Yahoo,https://finnhub.io/api/news?id=6202d58beab08f8cb0c03fe02086549359bb7d7b57c34579e04eafcac6737596,0.321,0.679,0.0,-0.9612,2025-04-15
2025-04-14 16:36:19,"Why Palantir, Apple, and Micron Rallied Monday",Yahoo,https://finnhub.io/api/news?id=d70499529f79327547e7b1cec6a9a7b057838dffd2a0d31318107371b9f791f8,0.0,0.847,0.153,0.4404,2025-04-15
2025-04-14 16:27:18,Stock Market Today: Dow Jones Up As Fed's Waller Says This On Rate Cuts; Trump Wants To 'Help' Autos But Tesla Lags (Live Coverage),DowJones,https://finnhub.io/api/news?id=b5a5823d6d2f8b33f4db64be005ff8548d1d71cba5ca770ea8527784a20507dd,0.187,0.72,0.093,-0.6705,2025-04-15
2025-04-14 16:19:11,"Apple Built iPhone Inventory Ahead of Tariff War, Data Show",Yahoo,https://finnhub.io/api/news?id=9f25a51b515e14bd058f28a60819fe9559677a98ab99e574992874f851a7b3c4,0.049,0.925,0.025,-0.4404,2025-04-15
2025-04-14 16:16:00,"These Stocks Moved the Most Today: Apple, Dell, Nvidia, Tesla, Goldman, Intel, Palantir, GM, Ford, and More",MarketWatch,https://finnhub.io/api/news?id=8a67917186a8510345d026fa412bab904136d5e3ccf21f7b7e3829b56273cfea,0.0,1.0,0.0,0.0,2025-04-15
2025-04-14 15:55:34,Trump's tariffs and threatened trade actions,Finnhub,https://finnhub.io/api/news?id=7a65ddd188aa599aeab160e2860ef5899b486e9cec51612cf27ccca433523f66,0.269,0.731,0.0,-0.91,2025-04-14
2025-04-14 15:40:36,Apple Wins Upgrade After Tariff Reprieve Eases Wall Street Concerns,Yahoo,https://finnhub.io/api/news?id=6c87d3554f7eeeb122ff041cdc4c43fa36bb0a9c04e301309e969917ea0d23d9,0.052,0.524,0.424,0.9313,2025-04-14
2025-04-14 15:26:00,Apple Stock Surges on Tariffs News. But Wall Street Still Has Some Concerns.,Yahoo,https://finnhub.io/api/news?id=40a7e4a4d00c6b66557822a7a9f56268ec37e85d2ab2fe739f7a3fee23e66208,0.0,0.876,0.124,0.5023,2025-04-14
2025-04-14 15:24:00,"Dow's 500-point rally highlighted by gains in shares of Apple, Amgen",MarketWatch,https://finnhub.io/api/news?id=35252498fb89524b2fa5e9031aad0ad355981e09c7b36d73032de3f1e00f4416,0.0,0.662,0.338,0.802,2025-04-14
2025-04-14 15:19:00,This Money Pro Predicted the Recent Stock Selloff. Here’s What He Expects Now.,MarketWatch,https://finnhub.io/api/news?id=3766da50295cb8577f2b1530ab44d62453cd841969f5bdba51781b284f40fea0,0.0,1.0,0.0,0.0,2025-04-14
2025-04-14 15:17:40,"Apple, Nvidia, Goldman Sachs: Market Minute",Yahoo,https://finnhub.io/api/news?id=d6a14c77b94b6d23ac761963362d2b6c941a72ace9729dc7d4708c2533e2bc9c,0.0,0.909,0.091,0.7506,2025-04-14
2025-04-14 15:10:22,Bullish trade in Apple options reaps gains as shares jump on tariff exemption,Yahoo,https://finnhub.io/api/news?id=cd5ce9ca0ff135fe787a9dfd06b1533b462561d8950b73238e96117b18172a51,0.0,0.83,0.17,0.9764,2025-04-14
2025-04-14 14:56:02,Bullish Options “Example Trade” Involving AAPL Unveiled by Schwab Network,Yahoo,https://finnhub.io/api/news?id=15cee945d27b525b9c39ec837f06f711b61a73ba5b6119e1b03b198effd7a1da,0.0,0.953,0.047,0.4939,2025-04-14
2025-04-14 14:38:33,"Tech, auto shares gain as Trump floats more tariff exemptions amid confusion",Finnhub,https://finnhub.io/api/news?id=da7ea79ea27300a241eae59d823fa41bd78b0297f63495e4eb9e15ce8a88214e,0.044,0.8,0.156,0.6808,2025-04-14
2025-04-14 14:36:31,"Apple Gets Some Tariff Breathing Room, Wedbush Says",Yahoo,https://finnhub.io/api/news?id=15eca1ebc85c8e15bc8e8f5624276092b8f80fcf19aa694640c7154ad95b34ad,0.0,1.0,0.0,0.0,2025-04-14
2025-04-14 14:35:40,"Nvidia commits $500 billion to AI infrastructure buildout in US, will bring supercomputer production to Texas",Yahoo,https://finnhub.io/api/news?id=ed1372909302a54b1bbc97818cd85263d7fc90fd104a2c638b2ce54b9092228e,0.0,0.97,0.03,0.0258,2025-04-14
2025-04-14 14:25:24,"Smartphone tariff exemption may be 'semi-permanent,' analyst says",Yahoo,https://finnhub.io/api/news?id=5617cab434f10fbfbc694c01ff6351fada57e2505fa3b1facebb16cfae8a5bb2,0.0,0.93,0.07,0.7184,2025-04-14
2025-04-14 14:22:00,"Apple, Travelers share gains contribute to Dow's 383-point climb",MarketWatch,https://finnhub.io/api/news?id=1754192b3026519f0dcfaf0e9cceda62eff5a093c1432023e3b402e02a69b086,0.0,0.603,0.397,0.802,2025-04-14
2025-04-14 14:19:06,Schwab Suggests Apple (AAPL) Got a Major Reprieve From Trump,Yahoo,https://finnhub.io/api/news?id=d1c4032572401567dd766624aa099f917a158521221a978a3855dabdae755b34,0.025,0.951,0.024,-0.0258,2025-04-14
2025-04-14 14:09:00,Meta’s Antitrust Trial Begins Today. Why It’s So Important.,MarketWatch,https://finnhub.io/api/news?id=1b8c365999c8986b709f9a09d9c48b84ef59a96929be9f9a7530ab1bf3727e35,0.0,0.772,0.228,0.5765,2025-04-14
2025-04-14 13:21:00,"Apple, Goldman Sachs share gains contribute to Dow's 239-point jump",MarketWatch,https://finnhub.io/api/news?id=04bbdefd6959c2d33882d984c7754f88e85c7b0c7e1c53f3df7b40dcfaa2c792,0.0,0.635,0.365,0.802,2025-04-14
2025-04-14 13:16:15,"Apple Tops Global Smartphone Sales With 19% Share, Boosted By iPhone 16e, Emerging Market Growth",Benzinga,https://finnhub.io/api/news?id=961a9f77ccbfad68878d0a0a5d1cc6bdea402d4d8ce633dbd69631ffb2a764d2,0.0,0.651,0.349,0.9578,2025-04-14
2025-04-14 12:37:14,Apple Is Exempt From Trump's China Tariffs,Finnhub,https://finnhub.io/api/news?id=886186d999363bf71261691bbbde4daf1e7ed6658d0b246b12039cea2b56d7cd,0.0,0.867,0.133,0.5719,2025-04-14
2025-04-14 11:56:00,"Apple, Travelers share gains lead Dow's 135-point climb",MarketWatch,https://finnhub.io/api/news?id=0e69b1f728d629c7ffb64a25982ab38008cb39e16328ad40b103ab2012f618ad,0.0,0.566,0.434,0.802,2025-04-14
2025-04-14 11:45:18,7 Chipmaker Stocks Set To Gain As Trump Delays Tariff Blow On Key China Tech Imports: Bank Of America,Benzinga,https://finnhub.io/api/news?id=1ca65dbee11b9d7130c02403e0ef7fef1be265ed72ea7a9126338562d045ca06,0.0,0.874,0.126,0.6369,2025-04-14
2025-04-14 11:38:04,"Global tech shares gain on US tariff exemptions, but uncertainty remains",Finnhub,https://finnhub.io/api/news?id=7aa77454f975aa2ca8860cafc6c5d16c79fdbe68e7b93532f1962817855f3d36,0.066,0.744,0.19,0.5927,2025-04-14
2025-04-14 10:50:00,"Nike, Apple share gains lead Dow's 515-point rally",MarketWatch,https://finnhub.io/api/news?id=2c31eb7f586cc851c8986fccbf4c64766bbbe609a4101a94087a0934ade19e52,0.0,0.566,0.434,0.802,2025-04-14
2025-04-14 10:50:00,Wall Street Lunch: Apple Leads Q1 Global Smartphone Sales,SeekingAlpha,https://finnhub.io/api/news?id=893afd38fff1dd905c57c70d824563f21e2e8ddfc8fb17a57aa1abf7a667e62b,0.0,1.0,0.0,0.0,2025-04-14
2025-04-14 10:30:00,AIPI: Not Convinced Of The Fund's Strategy,SeekingAlpha,https://finnhub.io/api/news?id=7cd69dab1a03726fd5f3c724ae9ecbdcfc451e3938bb5c585768db33b94f00cc,0.273,0.727,0.0,-0.3089,2025-04-14
2025-04-14 10:14:00,Clouds Part Over Apple’s Stock—for Now,DowJones,https://finnhub.io/api/news?id=d4a755a43fc1262cbdf9ab3f7e71e9d9d0f0c15dba9e54457988b341bc522549,0.0,1.0,0.0,0.0,2025-04-14
2025-04-14 10:10:12,"You Snooze, You Lose: Federal Circuit Emphasized Once Again The Importance Of Preserving Issues For Appellate Review",Finnhub,https://finnhub.io/api/news?id=fd3a79eaff456acb1e121be27f132ae0468c87d247b2966cfb81b168c8bc7ea9,0.055,0.894,0.051,-0.0516,2025-04-14
2025-04-14 10:08:49,Apple Stock Rises On Limited Tariff Relief. Uncertainty Remains.,DowJones,https://finnhub.io/api/news?id=f8f1ed925407800c904f9718c57d04d2db6dba618e370a198de895c4cce3028a,0.321,0.448,0.231,-0.1027,2025-04-14
2025-04-14 09:56:25,China - United States: the end of tariff escalation?,Finnhub,https://finnhub.io/api/news?id=98f5c25470ea7fa2cf10ccb83470edb098071180432f9910e15777447c96b84e,0.0,0.877,0.123,0.6808,2025-04-14
2025-04-14 09:47:02,"Dow Jones Surges 500 Points On Trump Tariff News; Apple, Nvidia, Tesla Rally",DowJones,https://finnhub.io/api/news?id=949debc0bb34e46204dbc7d79b8ea4cd46bd71cc32a56b4b3350550940749adc,0.0,1.0,0.0,0.0,2025-04-14
2025-04-14 09:45:00,"Apple, Nike share gains lead Dow's 400-point jump",MarketWatch,https://finnhub.io/api/news?id=bc844f676d73c8af65ba6e64292c6212c2f3efda56f9ad2171bd7299b3144378,0.0,0.566,0.434,0.802,2025-04-14
2025-04-14 09:25:08,"'Nobody Is Getting Off The Hook,' But iPhones Are: Reiterating Buy On Apple",SeekingAlpha,https://finnhub.io/api/news?id=60d54d6e1d9ca0abe4974de120e36695cc1941328e6d9a353b149af8bfd41c5c,0.073,0.764,0.162,0.6486,2025-04-14
2025-04-14 09:23:05,"Third Harmonic Bio, Apple, Dell And Other Big Stocks Moving Higher In Monday's Pre-Market Session (CORRECTED)",Benzinga,https://finnhub.io/api/news?id=b8ab044b818ba28332d7617d06f3422f73c22525e734918288b932f63a63975d,0.0,0.843,0.157,0.4215,2025-04-14
2025-04-14 09:22:34,"Top 10 Trending Stocks On WallStreetBets As Of April 14, 2025 (Via Swaggy Stocks)",Benzinga,https://finnhub.io/api/news?id=646c39d9ffe3d22b3622be1670ee390defbbb478550d8bee0580661ba8d2b19d,0.0,0.886,0.114,0.2023,2025-04-14
2025-04-14 09:15:00,Trump Just Folded On Tariffs For The Second Time: Why I Am Bullish On U.S. Treasuries,SeekingAlpha,https://finnhub.io/api/news?id=fe1a11ad1768c5ced673bc380ef46d0d5e9bdc0c95b1eaa6bd6f2cc614384a9e,0.0,0.888,0.112,0.2263,2025-04-14
2025-04-14 09:01:34,"Trump moves to impose tariffs on semiconductors, but suggests flexibility",Finnhub,https://finnhub.io/api/news?id=d79e8bd1ff10ab3e0e3859405c675ddbd0049c71df89fd030bbcad3423e417d9,0.124,0.789,0.087,-0.0772,2025-04-14
2025-04-14 08:56:09,"Global tech shares gain as US exempts smartphones, computer parts from tariffs",Finnhub,https://finnhub.io/api/news?id=4881df4d6620737346e63f9c4aa848cd08102f1a7310e04f1c2b1fcffa2f7090,0.0,0.818,0.182,0.8271,2025-04-14
2025-04-14 08:49:13,Apple Shares Advance After Wild Weekend of Tariff News,Finnhub,https://finnhub.io/api/news?id=55b9ca766d755c76c736e0bceab93174f3e985ca80d76c322bf99a550c11147e,0.0,0.901,0.099,0.5267,2025-04-14
2025-04-14 08:41:06,Avoiding Losses Is The Name Of The Game,SeekingAlpha,https://finnhub.io/api/news?id=fb12bcd5e434aa92b7947b9ec3cf0ba2eaabc84e1527a3a8aeedf152a30cd5f2,0.251,0.659,0.09,-0.743,2025-04-14
2025-04-14 08:00:00,"Apple: Exempted From Tariffs, But Still Not A Buy (Rating Upgrade)",SeekingAlpha,https://finnhub.io/api/news?id=01cd2127733b5f407665e29fb7b3125b4c1a837948526c99e94fc9ab2b9353c1,0.098,0.664,0.239,0.6652,2025-04-14
2025-04-14 07:15:00,Berkshire's Underappreciated Potential During Turmoil,SeekingAlpha,https://finnhub.io/api/news?id=5d2e96be40995d3475f4820a98d8579c1794abf30cd6d4c6e217ab8b2193ab53,0.385,0.615,0.0,-0.3612,2025-04-14
2025-04-14 06:56:33,"Trump Exempts Tech Gear From Huge Tariffs, Temporarily. Apple, Nvidia Jump.",DowJones,https://finnhub.io/api/news?id=30791ffbcb491b33af3233a6da9c8b8816c521cef356a991f8bc3d48b0b98d74,0.0,0.813,0.187,0.5574,2025-04-14
2025-04-14 06:48:09,Wall Street Breakfast Podcast: Goldman Sees Oil Sliding Into 2026,SeekingAlpha,https://finnhub.io/api/news?id=3500dfd1085e74e447374d7aebe95a783d2e12c7d3f3595c041f5555d04f9f48,0.049,0.951,0.0,-0.2732,2025-04-14
2025-04-14 06:29:00,Trump Tariffs Reprieve Can’t Mask Recession Fears. Why Stock Markets Shouldn’t Cheer Yet and 4 Other Things to Know Today.,MarketWatch,https://finnhub.io/api/news?id=ba5a0a7dd93e1d22b7a7a303b73a90709f2e31ef6f62fe2bae1faf5de141f015,0.216,0.656,0.127,-0.5574,2025-04-14
2025-04-14 06:20:47,"Between tech and tariffs, Trump sets the pace",Finnhub,https://finnhub.io/api/news?id=b571b8cee62be14969a5d3b294a5bc2726513d42b8e8ad6aff75f1be030ccd91,0.031,0.879,0.09,0.4019,2025-04-14
2025-04-14 06:13:16,"Asian Tech Stocks, Apple Suppliers Rise Broadly After U.S. Tariff Respite -- Update",Finnhub,https://finnhub.io/api/news?id=d5edc96568607a43794ab93fd94dc3597516068c5a3f6c641034667499da9292,0.0,1.0,0.0,0.0,2025-04-14
2025-04-14 06:06:01,"Global tech shares gain on US exempts smartphones, computer parts from tariffs",Finnhub,https://finnhub.io/api/news?id=e86e9801ea1447595984072d8de2572d8e1b051c62a3a06c8938d0f1e7176649,0.0,0.818,0.182,0.8271,2025-04-14
2025-04-14 04:56:41,Palantir Should Be Breaking New Highs,SeekingAlpha,https://finnhub.io/api/news?id=5c883dac3f8efbe6332408657593be8b684e4198111294a2067e2bd3a57c4a98,0.0,1.0,0.0,0.0,2025-04-14
2025-04-14 02:26:57,Apple shares lead tech higher after tariff exemptions,Finnhub,https://finnhub.io/api/news?id=64b961f3dcdc42432d05e555600186a53f2433007852ba549989b5830d4ad44d,0.0,0.838,0.162,0.6597,2025-04-14
2025-04-14 02:14:08,"Asian Tech Stocks, Apple Suppliers Rise After U.S. Tariff Reprieve",Finnhub,https://finnhub.io/api/news?id=efcb312d763831d18f6238d934a9fa180c739c4c86e6efba04ffd3aca38b16eb,0.0,1.0,0.0,0.0,2025-04-14
2025-04-13 23:36:19,Asian tech stocks bounce back after Trump tariff exemptions,Finnhub,https://finnhub.io/api/news?id=2526ebe3c65e07d8af9ea07ecc8360a491d088fc0181a1b0478b708f4e4eb32c,0.0,0.839,0.161,0.6908,2025-04-14
2025-04-13 23:02:43,"Tariffs on imported semiconductor chips coming soon, Trump says",Finnhub,https://finnhub.io/api/news?id=9d87d56a043a9db82870a2e488d3a9e92d7b3e699f7eee61dff00b445b1b3c71,0.0,0.942,0.058,0.34,2025-04-14
2025-04-13 22:31:41,Taiwan tech supply chain stocks bounce back after Trump tariff exemptions,Finnhub,https://finnhub.io/api/news?id=0d726f03dde053af93b2fc38190f274fa49949b1a6902cd28460a065e6adce49,0.0,0.894,0.106,0.5423,2025-04-14
2025-04-13 20:00:00,Apple: Tariffs Are Another Nail In The Weak Growth Story,SeekingAlpha,https://finnhub.io/api/news?id=5c7701dbef7e8dd8f7008d5fe718413af70535061655835b855233a4801d7093,0.215,0.593,0.193,-0.0772,2025-04-14
2025-04-13 17:53:17,Trump says chips from China will face national security probe; further tariffs expected,Finnhub,https://finnhub.io/api/news?id=de96e4d12aa3544d67cfac6243c78bdbf99fdff1258c0c06e93849984698a5ef,0.094,0.852,0.054,-0.2023,2025-04-14
2025-04-13 17:29:00,Wall Street Brunch: Tariffs For Some,SeekingAlpha,https://finnhub.io/api/news?id=7c11b94ca2ec4942e1949dd9656f37c2fac1ebf3dc53b86380efeaffccad9341,0.0,1.0,0.0,0.0,2025-04-14
2025-04-13 16:30:00,"Apple, Nvidia get tariff exemptions for now, but ‘massive uncertainty’ lies ahead",MarketWatch,https://finnhub.io/api/news?id=51f75fae5cc3b1c80305612e6c9ed846e1d4e6f21f89ead6232314d9d522763d,0.252,0.748,0.0,-0.8126,2025-04-14
2025-04-13 16:19:00,ClearBridge Large Cap Growth ESG Strategy Q1 2025 Commentary,SeekingAlpha,https://finnhub.io/api/news?id=9dce9a7e0cb758c599555c55ee64d26c6885c4334e8b06c537fed55dc1ed5daf,0.0,0.776,0.224,0.7783,2025-04-14
2025-04-13 16:07:00,The Lessons of Trump’s Tariff Exemptions,DowJones,https://finnhub.io/api/news?id=605895b92c9d519aaa793e25e579b931c743ceea1fb31fcdd05a0b2546be3317,0.0,1.0,0.0,0.0,2025-04-14
2025-04-13 14:23:03,PFM: Dividend Growth ETF With High Fees And Average Result,SeekingAlpha,https://finnhub.io/api/news?id=f3d8630b0a36d538c7de984815e01ea673951c2b0c1d5b3aa52588539d547dbf,0.0,0.776,0.224,0.3818,2025-04-14
2025-04-13 13:15:00,ClearBridge Appreciation ESG Strategy Q1 2025 Commentary,SeekingAlpha,https://finnhub.io/api/news?id=e1482822139534b3cf52f21a40eba7b71687da970c3c2ff83e4d40f14f065caa,0.0,0.736,0.264,0.8271,2025-04-14
2025-04-13 09:30:26,"Software Engineer Making $9,000 a Month in Dividends Shares Portfolio, Says He 'YOLO'd Tech Stocks in IRA'",Benzinga,https://finnhub.io/api/news?id=bdfd48d1f25d5ebcef79099937d354ec26a069d6622101457146a19c7d2f5aae,0.0,0.879,0.121,0.296,2025-04-14
2025-04-13 09:24:52,US Commerce Secretary says exempted electronic products to come under separate tariffs,Finnhub,https://finnhub.io/api/news?id=50a9e89660aded53d60cb3fe3119707c3b3453b712e7f75bbe10503c3d9147d0,0.0,1.0,0.0,0.0,2025-04-14
2025-04-13 09:15:00,SCHD's Portfolio Shake-Up: What It Means For Investors (Rating Downgrade),SeekingAlpha,https://finnhub.io/api/news?id=c263ba91fd2f5f97e2245d7d6f38efdbee4b461a2189aef3eb9e8358f6ec77e0,0.0,1.0,0.0,0.0,2025-04-14
2025-04-13 09:00:00,"Taiwan Semiconductor Earnings Preview: Despite Risks And Headwinds, Valuation Remains Attractive",SeekingAlpha,https://finnhub.io/api/news?id=ec3e14ff675611abacd32a04f33568827a64b0539ee99cda663849f9c6a902ed,0.0,0.656,0.344,0.5739,2025-04-14
2025-04-13 05:30:00,Tim Cook’s ‘Long Arc of Time’ Prepared Apple for the Trade War,DowJones,https://finnhub.io/api/news?id=72f8a7e0e36e1f2233d533964578423247b7b3551c07d01caf3088220d5c1730,0.247,0.633,0.12,-0.7184,2025-04-14
2025-04-13 02:00:00,Here’s Savvy Advice on What to Do With Tech Stocks Now,MarketWatch,https://finnhub.io/api/news?id=9a99fc2396d0e4b0075116e53312e9e7f1628bee9a5c364d1bb0d02d0a81be28,0.0,1.0,0.0,0.0,2025-04-14
2025-04-13 01:29:33,"Apple Gains From Trump Tariff Reversal, But Is Still Too Pricey",SeekingAlpha,https://finnhub.io/api/news?id=794f14f711f3aa90113328cd520a426fd56db5e03ecc803353c1013cf0d1dd87,0.0,0.87,0.13,0.6059,2025-04-14
2025-04-12 19:20:00,"Trump Exempts Some Electronics, Including Smartphones, From Tariffs on China",Yahoo,https://finnhub.io/api/news?id=e96b3a26be3231d3f025a8d38f4da424cedca6277ba00fe118098fe59fec8391,0.0,0.932,0.068,0.4588,2025-04-14
2025-04-12 18:14:13,"Apple, Nvidia Score Relief From US Tariffs With Exemptions",Yahoo,https://finnhub.io/api/news?id=b69f6094a957931170b13a8719803b4a3841910374b7d1dd7c36a1786b63dcf1,0.0,0.961,0.039,0.4767,2025-04-14
2025-04-12 17:42:00,"Apple, Nvidia, Dell, and Others Get a Tariffs Exemption Under New Rules",Yahoo,https://finnhub.io/api/news?id=89d65663f4552416bf2edebe0645d9b4f4e321ccdd280cce2466c403f480efdb,0.0,1.0,0.0,0.0,2025-04-14
2025-04-12 17:39:00,"Apple, Nvidia, and Microsoft can 'breathe a huge sigh of relief' after Trump's China tariff exemptions",Yahoo,https://finnhub.io/api/news?id=767d7938ce5685cee656132cde20175f6c494e0b05f622b96fb8b3b69d2f52bd,0.121,0.752,0.127,-0.38,2025-04-14
2025-04-12 17:19:54,"Jim Cramer On Apple Inc. (AAPL): “Own Apple, Don’t Trade It!”",Yahoo,https://finnhub.io/api/news?id=02fbcca1d10da0956d2ae014a86f19a85ed1fa44378b5136019a5f4c09661248,0.05,0.95,0.0,-0.5411,2025-04-14
2025-04-12 15:49:02,"US exempts smartphones from reciprocal tariffs, seen as positive for Apple",Yahoo,https://finnhub.io/api/news?id=d5488a326906e16be9d38067189ea9ddac5dc9fb0876507f1d247b6be32fff32,0.037,0.812,0.151,0.891,2025-04-14
2025-04-12 15:42:34,Smartphones and computers are now exempt from Trump’s latest tariffs,Yahoo,https://finnhub.io/api/news?id=02b745feb46e2cc4e03b4dd004bafb6cd54b9a29f4a9f094a4d1cd92d5d45e83,0.0,0.859,0.141,0.5574,2025-04-14
2025-04-12 15:39:33,Trump administration says it will exclude some electronics from 'reciprocal' tariffs,Yahoo,https://finnhub.io/api/news?id=24826da858427a527b22907b75cc089e9384369abe020e5aecf7901f1f850335,0.095,0.775,0.13,0.34,2025-04-14
2025-04-12 15:37:33,"Trump spares smartphones, computers, other electronics from China tariffs",Finnhub,https://finnhub.io/api/news?id=a05ceb43620a5a0df0f5eab6b85754e75a2f61aea89ab03ee05df5af05ed0651,0.0,0.939,0.061,0.25,2025-04-14
2025-04-12 14:00:19,Mark Zuckerberg's empire at stake as Meta prepares to battle Trump's antitrust cops in court,Yahoo,https://finnhub.io/api/news?id=55f2d5976866b96d1bd1a65933e4714cb3f4b0134d7b61549dd1178b47bc1edf,0.088,0.861,0.051,-0.296,2025-04-14
2025-04-26 21:00:00,A Reckoning for the Magnificent Seven Tests the Market,DowJones,https://finnhub.io/api/news?id=d78fd119338fb90f20a8064840587a7090ab5f158c24169586a43d92f7aeb806,0.0,0.672,0.328,0.8316,2025-04-28
2025-04-26 18:14:00,"Tech Executives Are Starting to Talk Tariffs. What It May Mean for Apple, Amazon Earnings.",Yahoo,https://finnhub.io/api/news?id=dd8d3f2d0cf04892de7ff792fd33ae6e9f036367f41c219b2b34278f3e3f1e4e,0.056,0.853,0.091,0.0772,2025-04-28
2025-04-26 17:10:51,Trump Administration Pressures Europe to Ditch AI Rulebook,Yahoo,https://finnhub.io/api/news?id=b372129e011fd0cd8fe42e86ecf14cf8e4be72d4067a349ccb4eb79a7860aedf,0.083,0.827,0.09,0.1531,2025-04-28
2025-04-26 16:46:01,Now Streaming: Analysts boost Netflix targets after Q1 beat,Yahoo,https://finnhub.io/api/news?id=efb2330c02243ceb9838d30bcc87db25cbcded5de9497613f627e0e4402be96c,0.0,0.857,0.143,0.8788,2025-04-28
2025-04-26 16:20:55,"China weighs U.S. tariff exemptions, Alphabet reports Q1 beat: Morning Buzz",Yahoo,https://finnhub.io/api/news?id=45dda7f219845d362c372d9ea360e40eaed019f671bd925f18f86699e541d72a,0.028,0.869,0.103,0.743,2025-04-28
2025-04-26 15:05:06,Apple Inc. (AAPL) Backed by Strong Survey Results Amid Tough Market Conditions,Yahoo,https://finnhub.io/api/news?id=6e3cfd2a12269fc4db8cadc7a1bc675471d032bce9ab341029f27f82c5f24011,0.02,0.849,0.131,0.8126,2025-04-28
2025-04-26 11:18:40,"Consumer Tech News (Apr 21-Apr 25): Microsoft's Copilot Gets a Sleek New Look, Apple Under Fire For 'Influence-Peddling' In US-China Trade & More",Benzinga,https://finnhub.io/api/news?id=b1c5d5175ac855f4392b451b6e10e6c597ecd6fb6a39d0919e7c6f0699ba8bcf,0.044,0.956,0.0,-0.34,2025-04-28
2025-04-26 11:00:00,"Microsoft, Apple Set To Report Earnings As Markets Watch Out For Core PCE Price Index",SeekingAlpha,https://finnhub.io/api/news?id=d78c26e18c68b7705191062a2c17e2e55a608a8277fc05a553bb1186f0311979,0.0,1.0,0.0,0.0,2025-04-28
2025-04-26 09:59:36,The Weekend: When signs of a US-China trade deal brought relief to anxious markets,Yahoo,https://finnhub.io/api/news?id=98506be144b38016c6ad70b440cad73f12e7f7502ed479b5c5c6bddcc2cf34d4,0.064,0.836,0.1,0.2732,2025-04-28
2025-04-26 08:00:00,5 Best CEFs This Month For Yields Up To 15% (April 2025),SeekingAlpha,https://finnhub.io/api/news?id=92f6fde472f0f7d1aad43f00c3e261e9356d999b83967de91340ac47aa791c2d,0.0,0.726,0.274,0.8834,2025-04-28
2025-04-26 04:43:43,Apple: Trump's Tariffs Are An Opportunity,SeekingAlpha,https://finnhub.io/api/news?id=a8d20d65aee026898bcffc962d24b68fe859ffb23d44f9e4467a15c2ac862080,0.112,0.628,0.26,0.6341,2025-04-28
2025-04-26 00:00:00,"Pope Francis Modernized the Vatican’s Investment Program, With Some Caveats",Yahoo,https://finnhub.io/api/news?id=676beb5c8ee9fffeff1f694192fb0db302464df682c0d52f147dc05317f67739,0.098,0.787,0.115,0.2023,2025-04-28
2025-04-25 23:00:00,"Mag 7 earnings, PCE data, April jobs report: What to Watch",Yahoo,https://finnhub.io/api/news?id=59c61d12412778543bf0ca19db22486da6131fde64f982e54d339d6cd0278926,0.015,0.906,0.079,0.7522,2025-04-28
2025-04-25 22:35:13,Is Apple Inc. (AAPL) the Best Safe Stock to Buy According to Hedge Funds?,Yahoo,https://finnhub.io/api/news?id=b7de4d95917cbde97ca3f01571cf3512cbc1e314209111cb2b6f462f3ac28ba8,0.0,0.75,0.25,0.9694,2025-04-28
2025-04-25 21:30:13,"Investing Action Plan: Apple, Amazon, Pfizer, Caterpillar And Sparring With The Fed",Yahoo,https://finnhub.io/api/news?id=81f932e90cda346b57f62177a36ac775642c63c04439731b917b66e0910e505c,0.102,0.809,0.089,-0.3612,2025-04-28
2025-04-25 21:19:00,Mag 7 Earnings Preview: What Can Investors Expect?,Yahoo,https://finnhub.io/api/news?id=bf8071961301fb4d9f077dc891840b4b32033c78fb649f9cc789f270442e1739,0.0,0.829,0.171,0.8577,2025-04-28
2025-04-25 20:42:00,"Tesla Stock Is a Buy for 3 Reasons, Says Analyst. Plus, Apple v. Tariffs, and More.",Yahoo,https://finnhub.io/api/news?id=12e112076252cea2c5d86a190782c0ccb9cbd87311f3d5cca18699c3d8b5b8ba,0.0,1.0,0.0,0.0,2025-04-28
2025-04-25 20:32:42,"Stock Market Today: Nasdaq Jumps, Dow Jones Flat To End A Big Week; Apple Makes Huge Plan Amid Trump Tariff Threat (Live Coverage)",Yahoo,https://finnhub.io/api/news?id=de632ba0b1a328a8b2ee7361a74b94db9762414ac644d8544f002c6c4bb47d15,0.065,0.845,0.09,0.0772,2025-04-28
2025-04-25 19:56:21,Tariff uncertainty creeps into tech earnings,Yahoo,https://finnhub.io/api/news?id=74cba4a3ec7eb128079cd94763c2ff969e5ec72cc9989f25d4d340d01a6f64b3,0.146,0.854,0.0,-0.34,2025-04-28
2025-04-25 17:47:00,Alphabet Offered Hope. What to Expect From the Rest of Big Tech Earnings Next Week.,Yahoo,https://finnhub.io/api/news?id=b083ee0006656130639020de971351b875b728f62f94a62d0ec15a7f8c445fbd,0.0,0.881,0.119,0.5574,2025-04-28
2025-04-25 17:11:00,Warren Buffett Is Still at the Top of His Game at 94. Berkshire Hathaway Faces a Future Without Him.,MarketWatch,https://finnhub.io/api/news?id=478d01620dcafd34e321125d89916973470cc6a6c77ed618fd199518bab09fd8,0.0,0.909,0.091,0.3818,2025-04-28
2025-04-25 16:49:00,OpenAI and Yahoo both want Chrome if Google has to sell,Yahoo,https://finnhub.io/api/news?id=861b7e1dd247a80c9aacf2771d718ed848d4ef27c44806b5899e8a40287e3e7e,0.0,0.831,0.169,0.7089,2025-04-28
2025-04-25 16:20:39,Tariff Concerns Loom Over Apple Earnings Report,DowJones,https://finnhub.io/api/news?id=99507b8474db0d382d1aae0fadb6b7dd580a920c0c00032453759b7bb6d2753a,0.241,0.759,0.0,-0.4215,2025-04-28
2025-04-25 16:08:25,QQQ: Nasdaq 100 Is Still A Bubble - Sell,SeekingAlpha,https://finnhub.io/api/news?id=de978dde57dbc9260845d12f628076cf2a8ee1cb666566f0d37da0c7d08fb874,0.0,1.0,0.0,0.0,2025-04-28
2025-04-25 16:00:32,Wall Street Shuffle: Game On For Nvidia And Tesla — And Game Over For These Stocks?,DowJones,https://finnhub.io/api/news?id=31511f34c2a18d4c324707a6aace106f74014164897d191b3d58b858818e0caa,0.0,1.0,0.0,0.0,2025-04-28
2025-04-25 15:58:55,"Former Cisco CEO John Chambers on tariffs: Yes, Apple can make iPhones in the US",Yahoo,https://finnhub.io/api/news?id=6f56b00bde9aee51d162b2b4c78bec8f3d27d996a7e4c1a8d01f29fe913c828a,0.0,0.836,0.164,0.6486,2025-04-25
2025-04-25 15:42:51,"Top Midday Stories: Alphabet Q1 Earnings, Revenue Rise; Apple Reportedly Plans to Shift US iPhone Production to India",Yahoo,https://finnhub.io/api/news?id=156fda18f3fbb035629eb24ab9aea52b07d9daf7a5ed8c55315d2a6e8c365885,0.0,0.945,0.055,0.2023,2025-04-25
2025-04-25 15:40:42,Why John Chambers expects more iPhones to be made in India & US,Yahoo,https://finnhub.io/api/news?id=626f2d0403202344095d3cbd57bb77977b1576900c2d7ae03fe1d71caf496580,0.036,0.964,0.0,-0.5994,2025-04-25
2025-04-25 15:31:02,Apple's Big India Move: U.S. iPhone Assembly to Exit China by 2026,Yahoo,https://finnhub.io/api/news?id=3986cbb43d04740d42c189b855cc85d06140de37506802697bdd990ec89d90e0,0.0,1.0,0.0,0.0,2025-04-25
2025-04-25 15:03:00,Bank of America unveils shocking Apple stock target before earnings,Yahoo,https://finnhub.io/api/news?id=8a571bc3a97e90f40690db5c50bcf5c6141303f4eaca3b4792113eb4f56e5dbe,0.119,0.881,0.0,-0.4019,2025-04-25
2025-04-25 14:45:42,Stock Market Today: Dow Jones Dips With Trump Tariff Headlines In Focus; Google Spikes On Earnings,Yahoo,https://finnhub.io/api/news?id=2534f57b8ed734f1fff09a4299ce2ed95ae129351dafd81cbd4bd17ed22ca10c,0.056,0.884,0.061,0.0516,2025-04-25
2025-04-25 14:43:00,Apple wants to build America's iPhones in India by the end of 2026,Yahoo,https://finnhub.io/api/news?id=b732e63966c60cfe76553067b721b138f82a261a4a34716d94cda73e53c1648a,0.064,0.936,0.0,-0.5994,2025-04-25
2025-04-25 14:39:22,Big Tech ETF rallies Friday to accelerate strong weekly advance,MarketWatch,https://finnhub.io/api/news?id=2ae32e98caa83db2ae8cf7dc39c1b04b7c3ef61f7d23f56ad16f1c7be6a8371e,0.0,0.732,0.268,0.765,2025-04-25
2025-04-25 14:11:00,Apple Has a Plan to Dodge Tariffs. Trump Might Not Like It.,Yahoo,https://finnhub.io/api/news?id=f75322730e9964482f58b1cc394e1db95d23d4f8a103a5a43737a1eae6276054,0.103,0.867,0.031,-0.6608,2025-04-25
2025-04-25 14:05:00,Earnings Dominating But Don't Sleep On Economic Data,SeekingAlpha,https://finnhub.io/api/news?id=ac09231e566caaa6b2229e3eeaf5f1acfdd5f8ed4f77322f937e5f54ebd72f90,0.164,0.71,0.125,-0.2617,2025-04-25
2025-04-25 13:57:50,Apple reportedly producing more iPhones in India: What to know,Yahoo,https://finnhub.io/api/news?id=d9e79398e58bf85c8ffebcc081cd5eaa7a52f2755e7139c46361d9bbbd16212e,0.028,0.972,0.0,-0.34,2025-04-25
2025-04-25 12:42:12,Apple moving most US iphone production from China to India,Finnhub,https://finnhub.io/api/news?id=7b34274408bbe3d9a0ddf2b691cc8b41a4079b301585287bde98a66ff29e4961,0.054,0.905,0.041,-0.1531,2025-04-25
2025-04-25 12:40:20,"You Might Not See Waymo Coming, But I Do: Maintaining Alphabet With A Buy",SeekingAlpha,https://finnhub.io/api/news?id=e0c0f39e2de301120cea24203342bc8feb29697141e1e8afdc14721defb17643,0.0,0.922,0.078,0.5267,2025-04-25
2025-04-25 12:38:09,Cloud AI Today - Automating Cloud Security: A New Era in Threat Management,Yahoo,https://finnhub.io/api/news?id=29475e53a6a90aaee235a2428bb6b32afc34ae1918c4f03eeb006b37c6d95531,0.075,0.669,0.256,0.9337,2025-04-25
2025-04-25 12:25:49,"Verizon, AT&T, and T-Mobile prepare to raise prices on consumers because of Trump's trade war",Yahoo,https://finnhub.io/api/news?id=e8c1917701540c4ed7a2b96a6e9356879c81236dc1bb989ad0af97c3fb9b1f98,0.15,0.85,0.0,-0.6486,2025-04-25
2025-04-25 12:06:36,"Apple Plans iPhone Shift From China To India Amid Tariff Pressures, Geopolitical Risks: Report",Benzinga,https://finnhub.io/api/news?id=c5f1eda951b4a96e5e4c561fc9a63ded38d74d96a6075c417bfae45353749c4c,0.157,0.843,0.0,-0.7269,2025-04-25
2025-04-25 12:00:00,2 Top Stocks You Can Buy Now With $500,Yahoo,https://finnhub.io/api/news?id=635bcc251cb923a2d77e049731c8895ea258d85ebc98e29b68a036954e1993ea,0.04,0.852,0.108,0.4588,2025-04-25
2025-04-25 11:58:06,Apple to shift iPhone production to India,Yahoo,https://finnhub.io/api/news?id=5cc9a5774425057b1860bd67cd847101d109649abdb14bc038be9d2c4548fdc4,0.125,0.799,0.077,-0.3612,2025-04-25
2025-04-25 11:30:12,Just Keep Ignoring The Bears,SeekingAlpha,https://finnhub.io/api/news?id=8185c322007fa3f868284218fc0755f0ebb925881c958fedd7153909a21ea11d,0.208,0.753,0.039,-0.7227,2025-04-25
2025-04-25 10:54:32,"S&P 500, Magnificent 7 Hit Resistance: Analyst Warns Of More Pain Before Gain",Benzinga,https://finnhub.io/api/news?id=13d9b9b863c6aad0849d6277e03f3275d5670934a165915292b858f8ff76aa19,0.173,0.62,0.207,0.3758,2025-04-25
2025-04-25 10:45:31,Apple plans to shift all US-bound iPhone production from China to India in response to Trump tariffs,Yahoo,https://finnhub.io/api/news?id=d1a200d6fd91a92cd8370b1fee8d715cd2cc4158312f5b36bc4deb35807cc716,0.0,1.0,0.0,0.0,2025-04-25
2025-04-25 10:22:54,Apple to move production of US iPhones from China to India over tariffs – report,Yahoo,https://finnhub.io/api/news?id=507704f3619eabfb56009f6d88f68a515da51baae3d12f13c88ef0b43f969a6d,0.062,0.938,0.0,-0.2732,2025-04-25
2025-04-25 10:11:55,"Apple Plans to Move US-Bound iPhone Assembly to India From China, Report Says",Yahoo,https://finnhub.io/api/news?id=a93c6d17825a34793f2f8e0f7b54319592e94e1b9ce94b13d3c53ea469b9ef7f,0.049,0.951,0.0,-0.296,2025-04-25
2025-04-25 09:45:00,Why Warren Buffett Isn't Likely to Buy Tesla Stock -- Ever,Yahoo,https://finnhub.io/api/news?id=60b24e6bea26d2233dfa227e8ac33135317d9d690cf8f08a451d28343e6361e4,0.048,0.911,0.041,-0.2023,2025-04-25
2025-04-25 09:44:46,"Apple moving to make most iPhones for US in India rather than China, source says",Finnhub,https://finnhub.io/api/news?id=2c1308c35129442cbb28c97e512395baa0da78855494e669901a21bbcf195791,0.0,0.948,0.052,0.4215,2025-04-25
2025-04-25 07:51:00,"Meet the Stock Warren Buffett Has Spent More Buying Than Apple, Bank of America, Coca-Cola, American Express, and Chevron, Combined!",Yahoo,https://finnhub.io/api/news?id=9ba3f7f8e1a9d693ae446f39b7bc9cd4d0cb6aeb26986efab74386d91e8c8f36,0.0,0.922,0.078,0.5093,2025-04-25
2025-04-25 07:27:38,"Apple moving to boost iPhone shipments from India to US to ease tariff impact, source says",Finnhub,https://finnhub.io/api/news?id=dde224237f3cfbc58459c120c6a36961ec0448fe2e00ffcaeedc89064a97b4b3,0.0,0.862,0.138,0.7906,2025-04-25
2025-04-25 06:12:11,Trade Regulation Impact On Supply Chain,Finnhub,https://finnhub.io/api/news?id=40cfb53ed3821888327d3ae970ed1a4ae3778977a6b1763824a8c440c8415995,0.116,0.843,0.041,-0.5095,2025-04-25
2025-04-25 05:00:19,"Stocks to watch next week: Apple, Microsoft, Shell, HSBC, Lloyds and AstraZeneca",Yahoo,https://finnhub.io/api/news?id=ca9edd4559b6c0357af687f6e1cde0db5177f361a0cc944c63fa7a6a219797cd,0.0,1.0,0.0,0.0,2025-04-25
2025-04-25 03:39:13,Elizabeth Warren Slams Tim Cook Over Alleged Backdoor Deal With Trump To Shield Apple From Crushing China Tariffs: 'Creates The Appearance Of Impropriety',Yahoo,https://finnhub.io/api/news?id=6b090d33dd3f86e7f001adcaff0514228a406900aa66ad73ba751321c883fdc5,0.087,0.871,0.042,-0.5719,2025-04-25
2025-04-25 03:02:00,Making iPhones has gotten complicated in tariff wars. Apple reportedly has a plan to stop some sourcing from China.,MarketWatch,https://finnhub.io/api/news?id=2e8e62cfab8f9251cce641596bd381fc7c5feaa93aff2ac7a9624d06db1a1990,0.254,0.746,0.0,-0.891,2025-04-25
2025-04-25 00:59:41,Elon Musk Equates Car Ownership In Future To Riding A Horse While Using A Flip Phone — Pierre Ferragu Says Tesla's 'iPhone Moment' Hinges On Full Autonomy,Yahoo,https://finnhub.io/api/news?id=5f1aa43e35592058136a4410fc9d837e4335af99f21f1fa20f77b6b2ebf71711,0.042,0.936,0.022,-0.2878,2025-04-25
2025-04-25 00:51:00,Google Faces a Potential Breakup,Yahoo,https://finnhub.io/api/news?id=7a4e6cd3db7374c9a2d722986417386c6b2352a2201a62a0e09bf5ef1e65014c,0.0,0.805,0.195,0.5267,2025-04-25
2025-04-25 00:12:26,"Apple aims to source all US iPhones from India in pivot away from China, FT reports",Finnhub,https://finnhub.io/api/news?id=27e692c71355e27e86590791462780f11076ca62e4e917e19899b8ab9528f90d,0.0,0.978,0.022,0.0258,2025-04-25
2025-04-24 23:10:11,T-Mobile CEO: Tariffs on phones will have to be eaten by consumers,Yahoo,https://finnhub.io/api/news?id=a51471ce3009e5bd733eb1fcedb58a77e57dfd7ac1486ebffe578d4b34e6e468,0.122,0.878,0.0,-0.5994,2025-04-25
2025-04-24 19:55:11,Apple to Strip Secret Robotics Unit From AI Chief Weeks After Moving Siri,Yahoo,https://finnhub.io/api/news?id=cc88411905b52bbabdda5842b0d50f8f3826e1f0afbca39233d6c6531ead771a,0.026,0.852,0.123,0.8519,2025-04-25
2025-04-24 19:41:31,Apple Gets a Reality Check: BofA Slashes Price Target on Tariff and AI Setbacks,Yahoo,https://finnhub.io/api/news?id=ebd134a008db13a48bbd171882fd96b3e044dad4841ca1e7341e9a4f415fc2b3,0.112,0.888,0.0,-0.4404,2025-04-25
2025-04-24 18:30:58,"Alphabet Q1: Excellent Results, Strong Buy",SeekingAlpha,https://finnhub.io/api/news?id=229d1d725304464ee91e001d72aa0bf68684a1470ce075265821204aed7989b6,0.0,0.711,0.289,0.8957,2025-04-25
2025-04-24 17:36:18,Apple to boost iPhone production in India by 10% this year,Yahoo,https://finnhub.io/api/news?id=47648e4a91d7bd1c05e43d927e27c5e63bf1dcf370929febffafd20098afbc45,0.0,0.884,0.116,0.6124,2025-04-25
2025-04-24 17:36:01,Apple (NasdaqGS:AAPL) Enables Seamless Philz Coffee Orders With App Clips Integration,Yahoo,https://finnhub.io/api/news?id=83664fb0c5f4d47902a8c084cf83754f97106e511343cae2f9c3109fa697ed4f,0.028,0.86,0.112,0.8126,2025-04-25
2025-04-24 16:50:00,Strong Earnings for Apple Could Precede a Tariff Pummeling,Yahoo,https://finnhub.io/api/news?id=d9674c6ec26a1e69f8b483587a189bda745cee4977c5da08a100884001c9873c,0.094,0.813,0.093,-0.2732,2025-04-25
2025-04-24 16:32:58,"Analyst Explains Threats to Apple (AAPL), Says It ‘Fumbled’ AI Launch",Yahoo,https://finnhub.io/api/news?id=b074e7444b16b94c47dba06ab1dbc4389f8d2dc52ae5635ed763477c68a5a96d,0.041,0.959,0.0,-0.4215,2025-04-25
2025-04-24 15:37:18,EU Hits Apple and Meta With $684 Million in Fines Over Tech Rules,Yahoo,https://finnhub.io/api/news?id=52d43db8b299ec5bccb03ba2fb0ade59d9c789c4f241c0433eb32c14b2cb7076,0.0,1.0,0.0,0.0,2025-04-24
2025-04-24 15:30:10,How Google Provides A Better Short Option Than Other Mag 7 Stocks,Yahoo,https://finnhub.io/api/news?id=d873be527b598cf884655274fa26b18b759e40aa9380d13e74485ab0e24f9c4f,0.0,0.651,0.349,0.9325,2025-04-24
2025-04-24 15:18:53,Qorvo Q4 Earnings Preview: Looking For Any Signs Of A Turnaround,SeekingAlpha,https://finnhub.io/api/news?id=db2ea741632d01dbe3794b67ed3d6a00fc83ec2a6f58f145ef67b1b01d085174,0.0,1.0,0.0,0.0,2025-04-24
2025-04-24 15:16:34,An Apple Bull Trimmed Its Price Target on the Stock Today. Here's Why.,Yahoo,https://finnhub.io/api/news?id=f456b5b9c0846c5ed314db8917acfbaeb40a23e9143f7607661d13a31522c7e6,0.0,0.82,0.18,0.6908,2025-04-24
2025-04-24 14:02:02,Apple (AAPL) Reports Next Week: Wall Street Expects Earnings Growth,Yahoo,https://finnhub.io/api/news?id=76b9911fe5c226bf67347b9192b2bf123b028331e316e0ded1a321fc18ac0877,0.0,0.886,0.114,0.5423,2025-04-24
2025-04-24 13:22:28,Jim Cramer Questions Apple Inc. (AAPL) Tariff Relief: ‘Nothing Means Anything Anymore’,Yahoo,https://finnhub.io/api/news?id=a09818d08f9d7110122bc9310e62d4bb36fcb90bc19bad0fe6c726720612e292,0.0,0.956,0.044,0.4767,2025-04-24
2025-04-24 11:52:04,Norway’s $1.7 Trillion Fund to Keep Buying US Stocks After Loss,Yahoo,https://finnhub.io/api/news?id=4104962883d5f139a085db121ee7d9d507a6b54ffe930322bf8185f7774c26a3,0.091,0.798,0.111,0.4767,2025-04-24
2025-04-24 11:33:53,Apple FQ2 Preview: Buy And Forget At $200,SeekingAlpha,https://finnhub.io/api/news?id=7b99b56c14a9e0b43200106999e3fbc0d6ce1867b316f48ccdabafcb403dab3c,0.062,0.821,0.117,0.1685,2025-04-24
2025-04-24 11:16:31,Europe wants to be diplomatic with Apple and Meta.,Finnhub,https://finnhub.io/api/news?id=39cf7cfb96ba4108d36ccd0910fd2bb37e48076646b3e2e7432fb9b2bfcdc08c,0.04,0.915,0.046,0.0736,2025-04-24
2025-04-24 10:59:58,Why the stock market's problem isn't only about tariffs,MarketWatch,https://finnhub.io/api/news?id=84732cbbdae77e080631addb6012bf00dd849a4d7ede172f6ceb442a0df1a4fb,0.252,0.748,0.0,-0.6597,2025-04-24
2025-04-24 09:48:15,"Apple, Google lag fintechs’ wallets for fraud monitoring: report",Yahoo,https://finnhub.io/api/news?id=646d44233c6034d0ed7980fc47e2505dc00161a2216532ff594c12059006d237,0.312,0.688,0.0,-0.8957,2025-04-24
2025-04-24 09:45:40,EU hits Apple with €500m fine over app store restrictions,Yahoo,https://finnhub.io/api/news?id=5e7b37d6209072b059a317a9c0da77216bd407a2d88d04dcc2d200953e715466,0.0,0.938,0.062,0.2023,2025-04-24
2025-04-24 09:27:05,Concerns about AI spending by 'Magnificent Seven' aren't going away: DB,MarketWatch,https://finnhub.io/api/news?id=c0725b32b916049c36a72cbd8479b4e58337c353a9cacd57dc0072928a1131b2,0.0,0.719,0.281,0.8316,2025-04-24
2025-04-24 09:19:23,"VGT: In A Rut, Mixed Analysis, Hold Tight",SeekingAlpha,https://finnhub.io/api/news?id=d81d4cf8ac5359cc8fa754ee27aa5a2aba385a58d900e1da5c21a96ad22e01b9,0.0,0.907,0.093,0.5267,2025-04-24
2025-04-24 09:10:20,"Tesla Missed Earnings By 34%, Yet The Stock Is Rallying: Why?",SeekingAlpha,https://finnhub.io/api/news?id=3b04ff7edb41834f11daadb8337d6e6608c23aaf09f6ee43fcec85bca2b8f14e,0.053,0.835,0.112,0.3612,2025-04-24
2025-04-24 08:35:00,How Warren Buffett's Portfolio Has Changed Drastically in Just 12 Months,Yahoo,https://finnhub.io/api/news?id=017b42463287052c3463367a2cff31da736a4f653224b29b2f0948f101dcdb1c,0.0,1.0,0.0,0.0,2025-04-24
2025-04-24 07:45:00,Bretton Fund Q1 2025 Shareholder Letter,SeekingAlpha,https://finnhub.io/api/news?id=2079de071db92fc94f59e6053fc8386ab1061dbe81d02749e4abc22684808be7,0.0,1.0,0.0,0.0,2025-04-24
2025-04-24 07:33:12,Apple: Earnings Could Deliver A Big Upset As International Business Tumbles,SeekingAlpha,https://finnhub.io/api/news?id=480a185f22288ef0d8a875056e9e5f31f5c056b98bf437e0e564af6c98e86bb3,0.142,0.789,0.068,-0.4215,2025-04-24
2025-04-24 04:01:19,One Tech Tip: Thinking of buying a secondhand phone? Some tips on what to look for,Finnhub,https://finnhub.io/api/news?id=a489c3d5765063afdcfedca839d94472615ca8ec097380a0e985dd01ac45753e,0.157,0.822,0.022,-0.7845,2025-04-24
2025-04-24 02:51:12,EU slaps Meta and Apple with £600m fines,Finnhub,https://finnhub.io/api/news?id=17a6504516456115778db0f056da9238a22c47b2f295db9822e2352ccca99d7d,0.031,0.81,0.16,0.6597,2025-04-24
2025-04-24 02:00:00,Google Earnings Arrive With the Company Facing Both AI and Legal Threats,MarketWatch,https://finnhub.io/api/news?id=f1568328e38ea65db88f352b9acfd20413fa5f63d41fde20b8b9912803c69201,0.196,0.699,0.105,-0.5574,2025-04-24
2025-04-24 01:40:30,TSMC’s Cutting-Edge A14 Chip Tech to Start Production in 2028,Yahoo,https://finnhub.io/api/news?id=b7295807c60c1e22595db733161b58bec5a551f0f04f6e7ec2a1dec70dd6c2fc,0.043,0.863,0.094,0.6908,2025-04-24
2025-04-23 22:07:58,Is Apple Inc. (AAPL) the Best Stock to Buy and Hold for 20 Years?,Yahoo,https://finnhub.io/api/news?id=4dc57940cbee99d0a18ee39aaf4a67481376409ba3cf40f5c44c08a77f11b0f4,0.018,0.828,0.153,0.9201,2025-04-24
2025-04-23 21:25:16,Apple price target lowered to $256 from $259 at Goldman Sachs,Yahoo,https://finnhub.io/api/news?id=70355a825daed478a48bf8d97c133edf7c271f261459557269740f745bff8b33,0.025,0.798,0.177,0.9437,2025-04-24
2025-04-23 20:34:00,Why Apple investors might be too optimistic about what’s ahead,MarketWatch,https://finnhub.io/api/news?id=eb5f03ea7083cf53a1e8c3552f2dec2088c2fe7e085efeed93623574efde8cf0,0.0,0.796,0.204,0.5574,2025-04-24
2025-04-23 20:10:30,Traders Fixated on What Companies Spend More Than Earn,Yahoo,https://finnhub.io/api/news?id=37c57dec3b3d1adc70383510d5198d34ff15527a61198021c41778f1a6ec4246,0.027,0.86,0.113,0.7845,2025-04-24
2025-04-23 19:52:58,Wall Street Bets on Big Tech Buybacks as Free Cash Flow Keeps Flowing,Yahoo,https://finnhub.io/api/news?id=661d8027e7a4525650a3089ff9d7f67714512ba040808538e8a2a312a217d7b9,0.0,0.815,0.185,0.765,2025-04-24
2025-04-23 19:48:44,"Mag 7 rallies, Vertiv surges, solar downgraded: Trending Tickers",Yahoo,https://finnhub.io/api/news?id=afeecc3ecff0902544faf7fd55adb9d7420dbe4b72392b7e512f7306cef5a842,0.011,0.912,0.078,0.8527,2025-04-24
2025-04-23 18:43:00,Apple and Meta Are Hit With EU Fines. Why That Could Provoke Trump.,MarketWatch,https://finnhub.io/api/news?id=e073ab513133e2da3fccc0fdb249f2ab8d9ab85f13ffb3c94501198f71004c70,0.184,0.816,0.0,-0.6597,2025-04-24
2025-04-23 18:38:09,"EU spokesperson: Apple and Meta fines are ""proportionate""",Finnhub,https://finnhub.io/api/news?id=f214e45e1848394093078bcc2b02aec942c2fc49d7b64a77863004466850a60c,0.032,0.909,0.059,0.2732,2025-04-24
2025-04-23 18:37:13,Ultimate Insider Marjorie Taylor Greene’s Top Stock Picks: Apple Inc. (AAPL),Yahoo,https://finnhub.io/api/news?id=ebd68233f39ef6067029b0abc21e7ad01721a1b23f7b1b0403655f2d2823875a,0.0,0.827,0.173,0.9216,2025-04-24
2025-04-23 18:21:00,Hedge Funds Hate Apple Stock. Why They Could Be Wrong.,Yahoo,https://finnhub.io/api/news?id=67a3119ce2fa172c1cc26de5e7b618dcecebfc1997d8fdfd30ab1d18d13e19ed,0.139,0.8,0.061,-0.7275,2025-04-24
2025-04-23 18:12:35,"Apple, Meta Fined Nearly $800 Million for Allegedly Violating EU's Digital Competition Law",Yahoo,https://finnhub.io/api/news?id=e2a8827df57bd858dd18a8d87c94468ccd90220bf443deb9a2b2d73108639804,0.151,0.849,0.0,-0.5859,2025-04-24
2025-04-23 17:37:00,PayPal is Trading Dirty Cheap at 11.86X P/E: Buy or Hold the Stock?,Yahoo,https://finnhub.io/api/news?id=80e16a481a570089c7c30cabf0494b1183837305942268e1b2821d2486e10083,0.076,0.761,0.163,0.5106,2025-04-24
2025-04-23 16:51:00,Boeing Stock Surges on Earnings. There Is Still a Lot of Uncertainty Ahead.,MarketWatch,https://finnhub.io/api/news?id=cc2965375ae9dc311d48a557acd12c70cdffac90c662dbc3c96459d5a07025c9,0.167,0.833,0.0,-0.5859,2025-04-24
2025-04-23 16:41:58,Apple Shares Climb Amid Hopes of U.S.-China Trade Breakthrough,Yahoo,https://finnhub.io/api/news?id=ebd93c501ce831563a1be9529ef1bd91caa9bf43aa5b645e8bb5c183a1c6d0f1,0.0,0.75,0.25,0.6124,2025-04-24
2025-04-23 16:00:16,Big Tech earnings kick off as tariff uncertainty continues to roil markets,Yahoo,https://finnhub.io/api/news?id=d68512ed9b3fe8866557fe822a874492ce96262ccab014b0da119f318975c9c8,0.198,0.755,0.047,-0.7003,2025-04-24
2025-04-23 15:41:54,Explainer-What happens to Apple and Meta after the EU fine?,Yahoo,https://finnhub.io/api/news?id=c21af4088601dae50eb851a4e76fe93e34e32d8c83283d0ef4d4a7da9a70a6f9,0.0,0.941,0.059,0.4696,2025-04-23
2025-04-23 14:34:27,"Big Tech stocks gain over $450 billion as Trump, Bessent signal deescalation of US-China trade war",Yahoo,https://finnhub.io/api/news?id=b547c996f1ff59743edebc7b651fcc436e0d378323be54306bf9a73b3be7ccc8,0.136,0.804,0.059,-0.6597,2025-04-23
2025-04-23 14:34:27,'Magnificent 7' tech stocks surge as Trump hints at China tariff reprieve,Yahoo,https://finnhub.io/api/news?id=7ca69cdb3190edc94fc5414fbb3e3c16fbbb1fd68dc296c3335e623450893dae,0.077,0.812,0.111,0.1779,2025-04-23
2025-04-23 14:30:00,Wall Street Lunch: Bessent Comments On China Tariffs,SeekingAlpha,https://finnhub.io/api/news?id=e7ea83e080f16c21c176159e721c5c7fd7205b37567f23db5202d27b2d3f878b,0.0,1.0,0.0,0.0,2025-04-23
2025-04-23 14:22:31,"Update: Apple, Meta Platforms Fined Hundreds of Millions of Euros by EU for Failing to Comply With Regulations",Yahoo,https://finnhub.io/api/news?id=0d5119fb45069e6b3480db91dd01d1fb0be0bb8bbab503e68385da3fafe37fe8,0.093,0.907,0.0,-0.5106,2025-04-23
2025-04-23 14:16:00,Apple and Meta just got fined a whopping $800 million as Europe comes after Big Tech,Yahoo,https://finnhub.io/api/news?id=42e8aa266b315ab233f7dc40853b2195e1c80c3751cafd9245e4357ee2a35fe3,0.066,0.909,0.025,-0.4939,2025-04-23
2025-04-23 13:54:20,"Apple & Meta fined, Intel layoff reports, SAP: Trending Tickers",Yahoo,https://finnhub.io/api/news?id=db401c1b254f36284f81050bc4f79e2968a29abb07ed6a82058d5aae2fb97507,0.031,0.953,0.016,-0.3818,2025-04-23
2025-04-23 13:43:05,Has the stock market fully priced in a recession?,Yahoo,https://finnhub.io/api/news?id=85797f6df11bb53bbf5b4ffb33af244bec06d71f9b27239c411368e27f55d7ee,0.135,0.865,0.0,-0.4215,2025-04-23
2025-04-23 13:17:00,"Apple, Meta Fined by EU, Ordered to Comply With Tech Competition Rules",Yahoo,https://finnhub.io/api/news?id=788241197902c04d0ac01a6c06358f9b629e07a7e97b7c594739e27c3fd2c23b,0.156,0.844,0.0,-0.5859,2025-04-23
2025-04-23 13:10:17,Meta: EU is trying to 'handicap successful American businesses' with new fines,Yahoo,https://finnhub.io/api/news?id=c4a64ee32e1e1f1521f5913d03c28f01b1d0e3ba18310594cc6d777ddb066789,0.075,0.809,0.116,0.25,2025-04-23
2025-04-23 13:07:20,"Futures rise, Tesla earnings, Apple & Meta fines: 3 Things",Yahoo,https://finnhub.io/api/news?id=612bd8f1bcaf60c1177bb4bba1134e8d42023a2d02e601173d802aa91efb9f90,0.052,0.906,0.041,-0.1655,2025-04-23
2025-04-23 12:53:08,"EU fines Apple, Meta $800M Combined for  Violating Digital Markets Act",Yahoo,https://finnhub.io/api/news?id=0b7dd4a5a11cb739a996273dc2e48bf77b353d48c21555b999a43706092a6ace,0.108,0.892,0.0,-0.5423,2025-04-23
2025-04-23 12:32:43,Brussels risks Trump’s wrath as it fines Apple and Meta €700m,Yahoo,https://finnhub.io/api/news?id=7c47f132bb905af41ab23c2035cc4a31d7d0f371c6766e4fddebef5b380164e0,0.119,0.881,0.0,-0.4939,2025-04-23
2025-04-23 12:00:00,Apple Stock Is Down 23% From Its All-Time High. Here's Why I'm Still Not Buying Shares.,Yahoo,https://finnhub.io/api/news?id=0ad722ab7d6675435f37ec3b242265442093e148b325602ca55754ac2318ca2a,0.025,0.937,0.037,0.2292,2025-04-23
2025-04-23 10:46:49,36-Year-Old With $253K In Stocks Says 'Need Some Direction' – Only Gets $4.2K Dividends And Reddit Is Losing It Over His Holdings,Benzinga,https://finnhub.io/api/news?id=b54db52e3fb0f00043dfc01ada23042d20f5ffd2524b96fcf7f9436787f2a08d,0.073,0.847,0.079,0.0772,2025-04-23
2025-04-23 09:56:34,"Dow Jones Surges 1,000 Points On Trump Comments; Apple, Nvidia, Tesla Rally",DowJones,https://finnhub.io/api/news?id=f77621b5cb789565e7a3fd718b56e98078015725eb604805bf110beb7566d3d4,0.0,1.0,0.0,0.0,2025-04-23
2025-04-23 09:47:10,"EU fines Apple, Meta $799 million for Digital Markets Act violations",Finnhub,https://finnhub.io/api/news?id=1b1eb2ac481315a33f08e05c9406bdd78b33726d5460cd5229c30aa6c08d1b70,0.076,0.871,0.054,-0.25,2025-04-23
2025-04-23 09:21:59,"Apple, Meta fined as EU presses ahead with tech probes",Finnhub,https://finnhub.io/api/news?id=ee573cc2619c06b3b0e4349543b2c125fe0c60680281739a4ed9e61286f74ec9,0.0,0.968,0.032,0.0772,2025-04-23
2025-04-23 09:21:47,"The European Union hits Apple and Meta with 700 million euros in fines, first under digital rules",Finnhub,https://finnhub.io/api/news?id=cb984c07a1b9bbfd4b9077ef400f680e87a9b699b3389545ba823c56963bcf57,0.0,1.0,0.0,0.0,2025-04-23
2025-04-23 09:10:00,Polen Focus Growth Portfolio Q1 2025 Commentary,SeekingAlpha,https://finnhub.io/api/news?id=c04a2e189437aa14ee5196a62e1771aeac71d0437b10bfd1f20b731be320ef8e,0.0,0.698,0.302,0.3818,2025-04-23
2025-04-23 08:58:08,The European Union fines Apple 500 million euros and Meta 200 million in separate digital cases,Finnhub,https://finnhub.io/api/news?id=3ce6875bc3b589d0cf407b5915257aba75a956e8402446a538c2bf6f2738d383,0.0,1.0,0.0,0.0,2025-04-23
2025-04-23 08:01:49,"Top Funds Shun Tesla And Nvidia, But Bankroll This Stock",DowJones,https://finnhub.io/api/news?id=848457100ac4478b3cf33fca6e29a26ac6d27fa28e4b3446961d5e363d7ba36a,0.0,0.833,0.167,0.3818,2025-04-23
2025-04-23 08:00:00,10-Year Anniversary Letter: The Rowan Street Story,SeekingAlpha,https://finnhub.io/api/news?id=e7a5cfb82ce1643687ce5a74135d45c7c53f5352dda7c918560cac8587dd17ea,0.0,1.0,0.0,0.0,2025-04-23
2025-04-23 07:38:00,BUZZ Investing: Tariff Chaos Shakes U.S. Equities,SeekingAlpha,https://finnhub.io/api/news?id=93c3ec6c1771d388e21a35d3b991fbd1f1d77fc4f9fd36b8ee18dfe200e5b83f,0.381,0.619,0.0,-0.5719,2025-04-23
2025-04-23 06:58:00,Apple and Meta just got hit with big fines from Europe. Here are the latest penalties.,MarketWatch,https://finnhub.io/api/news?id=5420a8423aa06c15c3d84e303500a527dfcb94745f7b749b72b9714237a9d9b5,0.0,1.0,0.0,0.0,2025-04-23
2025-04-23 06:55:00,Donville Kent Asset Management April 2025 Commentary,SeekingAlpha,https://finnhub.io/api/news?id=a6b299d9d81cf129aa47fe5de6038210e93f3894ebc701871ec9278deed3394f,0.0,0.706,0.294,0.3612,2025-04-23
2025-04-23 06:07:37,Apple fined $570 million and Meta $228 million for breach of EU law,Finnhub,https://finnhub.io/api/news?id=35c72d9927bb32dd30875be521d6ed9206c9d5fcb0e05823aa0ea9ab2df65f6f,0.0,0.97,0.03,0.0772,2025-04-23
2025-04-23 05:47:01,Apple fined $570 million and Meta $228 million for breaching EU law,Finnhub,https://finnhub.io/api/news?id=a8284fe4747755b838e7e40057edb098204c7820d50c65b6bc3c4d929f5ab4a1,0.0,0.969,0.031,0.0772,2025-04-23
2025-04-23 04:08:57,Broadcom: Premium Priced With Non-AI Headwinds,SeekingAlpha,https://finnhub.io/api/news?id=8e87c0c0fea6319c0d81763a7c5919864ddc56f6c67fd6785a932c5be6ca8de5,0.0,1.0,0.0,0.0,2025-04-23
2025-04-23 03:00:00,Tech Earnings Kick Off Soon. Here Are the 3 Most Important Things to Watch.,MarketWatch,https://finnhub.io/api/news?id=e5aea376a859e8d3ac35904e9d9be8ab81bd168cf5ce9d47a0e6422ab7cf457e,0.0,0.861,0.139,0.4915,2025-04-23
2025-04-23 01:10:00,34.4% of Warren Buffett's $265 Billion Portfolio Is Invested in 4 Artificial Intelligence (AI) Stocks,Yahoo,https://finnhub.io/api/news?id=a3851241127478a1fee69b7e33dd32f0b4577a13a1530c51d5ad3ff45a470329,0.0,0.913,0.087,0.7351,2025-04-23
2025-04-22 21:00:00,"Apple fans spent $1,199 on an iPhone — Bitcoin buyers turned it into a MacBook",Yahoo,https://finnhub.io/api/news?id=d53f47349f4e876e91c7465483736253b04cbb5f2c50cf0397e04f504b66ddaf,0.0,1.0,0.0,0.0,2025-04-23
2025-04-22 20:27:20,Survey Shows Pent-Up Demand For New Apple iPhones,Yahoo,https://finnhub.io/api/news?id=70c99839bd973719e2d7913f233fb4d6500ed438c727ab5948be42f830c2e395,0.139,0.689,0.172,0.4689,2025-04-23
2025-04-22 19:54:52,Sector Update: Tech Stocks Higher in Late Afternoon Trading,Yahoo,https://finnhub.io/api/news?id=d47fb3d2ad3f58acb289eedfbb64e2364d86cedbafe2f0f00aca2f91dee7b130,0.0,1.0,0.0,0.0,2025-04-23
2025-04-22 19:36:03,Apple Rebuilds Siri Team With Vision Pro Veterans After Project Setbacks,Yahoo,https://finnhub.io/api/news?id=54df416d9d94baa68bacacaccb6660a9dfa3660632da49ead3a8f7e239fdd2b2,0.065,0.767,0.168,0.3612,2025-04-23
2025-04-22 17:50:53,Bessent Calls U.S.-China Trade War Unsustainable; S&P 500 Bounces,Yahoo,https://finnhub.io/api/news?id=91f36a35228a24cefc0dd04ca866153a0f8d6b87c238b52f3ad5cbb47d737903,0.136,0.801,0.063,-0.4767,2025-04-23
2025-04-22 17:50:07,Tech Rallies as Traders Rotate Back Into Hard-Hit Sector -- Tech Roundup,Finnhub,https://finnhub.io/api/news?id=cfdd96ce9453f783ce7ae9a0b9d6cd58e36d5fbce8646ca375d9e7084b73503c,0.09,0.858,0.051,-0.4019,2025-04-23
2025-04-22 17:45:00,"NewsOut Launches Weekly Video Press Release Coverage on Tesla, Amazon, Apple, NVIDIA, and Microsoft",Yahoo,https://finnhub.io/api/news?id=835d5ee8e5e9838fd08e8fab13488ea31415915968b1a88d78d05954171829f4,0.0,0.914,0.086,0.5984,2025-04-23
2025-04-22 17:09:08,"Trade deals are key to halting US tech decline, Wedbush’s Ives says",Yahoo,https://finnhub.io/api/news?id=a930478cfede6e97a2c3e5f79ed6f91516a65427942ea1b0f9b41111dc9fbe20,0.101,0.836,0.064,-0.5859,2025-04-23
2025-04-22 17:04:56,Market Chatter: Apple Overhauls Team Developing Siri Voice Assistant,Yahoo,https://finnhub.io/api/news?id=328741ad1e0cfd0da500b3fbd5e2f387836ccbbaaa5c78c44b5b30f0908f337b,0.0,1.0,0.0,0.0,2025-04-23
2025-04-22 16:37:00,Trump’s Inauguration Fund Smashed Records. Donations From These Companies Helped Big Time.,MarketWatch,https://finnhub.io/api/news?id=5ff249ec45a6fce1cc6e0bca5c91e0a58c3c482ab799e4348197d99ba0409e41,0.0,1.0,0.0,0.0,2025-04-23
2025-04-22 15:53:00,"Earnings might not revive markets, analyst says. Here’s the one thing that could.",MarketWatch,https://finnhub.io/api/news?id=5cc9edd2a9c66185ee9d889a6262de273bfaf5ae034040013deecc7ef014903a,0.145,0.855,0.0,-0.4717,2025-04-22
2025-04-22 14:42:04,Apple Intelligence Gains Momentum as Users Show Willingness to Pay,Yahoo,https://finnhub.io/api/news?id=738ecc384e13b417a6c22a4080445d59660c40cf5eaecd95da054a858ba04432,0.04,0.655,0.305,0.8519,2025-04-22
2025-04-21 17:50:44,"Walmart, Target Executives to Meet Trump as Tariff Angst Spreads",Yahoo,https://finnhub.io/api/news?id=3e06964adf4f4f7186816ccf89eb61d6d4a74e15c23f79a53acb07b935b29f37,0.0,0.948,0.052,0.5719,2025-04-22
2025-04-22 14:33:00,"Dow's 911-point surge highlighted by gains in 3M, Travelers shares",MarketWatch,https://finnhub.io/api/news?id=169d5cf5cc7fd8ce9f8763326906f561e692f02cf5b8b4856ffad77ed8c7c47f,0.0,0.635,0.365,0.802,2025-04-22
2025-04-22 14:02:00,"Sell Apple stock before it sinks another 30%, analyst says",Yahoo,https://finnhub.io/api/news?id=70a2b73e45a28b57ea56fc8938af47a46524768188f82e60a43d03d7607b3ca6,0.0,0.949,0.051,0.296,2025-04-22
2025-04-22 13:44:36,Apple (AAPL) Target Slashed to $141: ‘No Easy Answers’ as Trade Tensions and AI Lag Take Toll,Yahoo,https://finnhub.io/api/news?id=8673fa5ccb6e7144ebde3afb8c01228b23892e99cff35519464c69b754eb6dd4,0.128,0.757,0.116,0.0021,2025-04-22
2025-04-22 13:15:00,"Dow soars 800 points on gains for shares of 3M, Amazon.com Inc.",MarketWatch,https://finnhub.io/api/news?id=aa98bdaf3b6bdffa6fad3c2ed1ed38c544bde5725cfd111b1adec2d5079ffe45,0.0,0.685,0.315,0.802,2025-04-22
2025-04-22 12:37:51,Cloud AI Update - Tonita Unveils AI Shopping Assistant Transforming E-Commerce Experience,Yahoo,https://finnhub.io/api/news?id=d2ccb4ebcb99fe5bf4d7577eaf47e82e2ffc3b78302ff0d2cad8b11c532c1ea2,0.0,0.915,0.085,0.6908,2025-04-22
2025-04-22 12:00:21,How to trade the Magnificent 7 amid the market sell-off,Yahoo,https://finnhub.io/api/news?id=58354a266a4e6c13d5b38fb0fa2b593fcd01f2484a4a1a3414533097b2b84be9,0.0,0.857,0.143,0.8934,2025-04-22
2025-04-22 12:00:00,22% of Warren Buffett-Led Berkshire Hathaway's $265 Billion Portfolio Is Invested in Only 1 Stock,Yahoo,https://finnhub.io/api/news?id=626fc00d0e813f439e6b78544a1a63dcf6d6e31bf6e3d727bd32680d96cf4140,0.0,0.891,0.109,0.8316,2025-04-22
2025-04-22 11:20:00,Patient Capital Management Q1 2025 Commentary,SeekingAlpha,https://finnhub.io/api/news?id=6c2ab59b274781b1680b0829702b5dfc23cb1399fda7943a3a9981db07bbbab8,0.0,1.0,0.0,0.0,2025-04-22
2025-04-22 11:00:00,Warren Buffett Timed His Apple Stock Sale to Perfection. What’s Next?,Yahoo,https://finnhub.io/api/news?id=db76491bbc68ea47b7fd78ed5e2f23d2a32e9439b8f78f74f7e1cde464c182ea,0.031,0.917,0.052,0.3612,2025-04-22
2025-04-22 10:47:00,"Dow's 767-point surge highlighted by gains for 3M, Amazon.com Inc. shares",MarketWatch,https://finnhub.io/api/news?id=addcf174c177707defcbbb555647cda5ba6f8d1d83f84ed31c40bfc7bf783346,0.0,0.662,0.338,0.802,2025-04-22
2025-04-22 10:47:00,"3M, Amazon.com Inc. share gains contribute to Dow's 769-point surge",MarketWatch,https://finnhub.io/api/news?id=2596ee1d15d1ded2ae8091379c0d83835b3fb10204cef306f5fdd9033295babc,0.0,0.635,0.365,0.802,2025-04-22
2025-04-22 10:30:35,The iPhone’s biggest rival may have one advantage in Trump’s tariff war,Yahoo,https://finnhub.io/api/news?id=2633230d53602073a7e71ddcd3413802a47781e3f31d8a52387a92ecbc7cde4a,0.075,0.865,0.06,-0.4215,2025-04-22
2025-04-22 09:52:50,Dow Jones Jumps 550 Points After Market Sell-Off; Tesla Rallies Ahead Of Earnings,DowJones,https://finnhub.io/api/news?id=838449861cb26122cb7c6cf7df72e2c8476539881cc7f25f120b4130bba2bf99,0.0,1.0,0.0,0.0,2025-04-22
2025-04-22 09:49:01,Alibaba: The Tariff War Can Deliver Surprising Benefits,SeekingAlpha,https://finnhub.io/api/news?id=70b79f38774ce3d500ea24e05575a240bbf367d8235684fcf7b7c384d3c26484,0.091,0.784,0.125,-0.0258,2025-04-22
2025-04-22 09:45:00,"Dow's 575-point rally led by gains in 3M, Goldman Sachs stocks",MarketWatch,https://finnhub.io/api/news?id=180281d5559106373b7c1b0339f69dbd280fba3df9275afbc5f7ac08bbc95677,0.0,0.806,0.194,0.5859,2025-04-22
2025-04-22 09:29:52,"Despite Cutting Apple's Price Target, Wedbush's Dan Ives Remains Bullish on the Stock for the Long Term. Should You?",Yahoo,https://finnhub.io/api/news?id=73761d31ae8a0fa04f1d08dbaaeba11598aacf5cdc11db2e60b5f70ad9c0c7ee,0.0,0.929,0.071,0.6212,2025-04-22
2025-04-22 08:54:00,Trump's Tariffs Continue to Affect Apple. Should Investors Sell the Stock?,Yahoo,https://finnhub.io/api/news?id=2da7bc611cf92606154bd9a7a0ab132a0d72a6dd4cfcff6d5d09c0ee4f9f9d71,0.032,0.91,0.057,0.1779,2025-04-22
2025-04-22 07:49:32,Apple Inc. (AAPL) to Use On-Device Data and Synthetic Inputs to Boost AI Capabilities,Yahoo,https://finnhub.io/api/news?id=daebdd4287279ee96ed4b83b4d56fc347cbf57b433f5fb28a7253d836a7df393,0.03,0.934,0.037,0.128,2025-04-22
2025-04-22 02:16:14,Apple Inc. (AAPL): Among Stocks That Could 10X Over the Next 2 Years,Yahoo,https://finnhub.io/api/news?id=4764f94de81fe343933d1b152de7a7e5000f159f888918fc35b3012d4e9dcf8f,0.035,0.965,0.0,-0.3612,2025-04-22
2025-04-22 02:09:57,Apple's Next Chapter: Why Services And AI Could Drive The Stock Higher,SeekingAlpha,https://finnhub.io/api/news?id=820162e6fff3d5ef1cbfd2636d86cd60e27339d2b49c0fca34c4ce3519a9cd1f,0.0,1.0,0.0,0.0,2025-04-22
2025-04-21 22:31:47,"Dow Jones Futures Rise: Trump Calls Powell 'Loser'; Apple, Nvidia, Tesla Sell Off",DowJones,https://finnhub.io/api/news?id=04033ee1558137add5c4ad01c16f452ff6a34bd14a89853222f9d854dee52c26,0.221,0.779,0.0,-0.7783,2025-04-22
2025-04-21 21:52:36,Can President Trump Fire Fed Chair Jerome Powell?,Yahoo,https://finnhub.io/api/news?id=2a17285f0e6db7b34cc42798c70bd7bceba1acc3c28a90033e7172b56902c538,0.059,0.873,0.068,-0.0402,2025-04-22
2025-04-21 21:45:31,Apple (AAPL) Stock Moves -1.94%: What You Should Know,Yahoo,https://finnhub.io/api/news?id=df440c5c1a395dc9d2c65e73f9aa1d0d314b83cff046eb8b1eab56060915e2a2,0.0,1.0,0.0,0.0,2025-04-22
2025-04-21 21:35:29,Apple's China Dependence Leaves It Exposed as Tariff Risks Rise,Yahoo,https://finnhub.io/api/news?id=b1e83f9db30445794fdc4d11791c3669a03782d0ba1a4aae5265c3a9f1856d1b,0.19,0.81,0.0,-0.4019,2025-04-22
2025-04-21 21:22:14,"Apple's China Gamble at Risk as Global Tariff War Heats Up, Analyst Warns",Yahoo,https://finnhub.io/api/news?id=5f295a6be4b797820fd9ea2bd98d6a03d726f9a07cde55c2f1fd0913e411ab20,0.266,0.672,0.062,-0.743,2025-04-22
2025-04-21 19:00:18,Apple Faces Growing Risk If China Trade Tensions Spread Globally,Yahoo,https://finnhub.io/api/news?id=b49fee7188113134e94fd8f24ae4f86fa5a61b45fe092c5cf6190f57aeb628cb,0.216,0.658,0.125,-0.4404,2025-04-22
2025-04-21 19:00:00,"Apple vs. Meta Platforms: Which ""Magnificent Seven"" Stock Has More Upside After the Recent Sell-Off?",Yahoo,https://finnhub.io/api/news?id=e6873bc91995a264b0389b49eb1f4fccb204f37c1a1b58ac2362541db1a23ec8,0.023,0.766,0.21,0.9652,2025-04-22
2025-04-21 19:00:00,"Apple Shares Dip 21% Year to Date: Buy, Sell or Hold the Stock?",Yahoo,https://finnhub.io/api/news?id=8a97424782be9928c193ae761b7a0d7068e2e6218d0542dd8fbe898185e48d1d,0.0,0.868,0.132,0.5267,2025-04-22
2025-04-21 18:56:13,Famous Analyst Cuts Apple (AAPL) Price Target Amid Lack of ‘Predictability’ Over AI,Yahoo,https://finnhub.io/api/news?id=7d5aa8056fba208a87172b6ecdccddd684f42c5201d00bd1b9986d7a96fbb842,0.063,0.937,0.0,-0.5423,2025-04-22
2025-04-21 18:19:00,Apple vs. Dell Technologies: Which PC Maker Stock is a Better Buy?,Yahoo,https://finnhub.io/api/news?id=20a68a4d7ef11da53d7316ea35367eb0409815cf610779279ba0dbdd5680958d,0.039,0.719,0.243,0.8385,2025-04-22
2025-04-21 17:43:13,Apple's $500B Gamble: Why Tim Cook Is Running Out of Time,Yahoo,https://finnhub.io/api/news?id=31c22bdef46d150f2a3b28627b583c8178ca12c84feadeb21d833bfd17df251f,0.044,0.917,0.039,-0.0387,2025-04-22
2025-04-21 17:19:11,"AAPL May Have More Problems Ahead, Expert Warns",Yahoo,https://finnhub.io/api/news?id=8dc59e70aea4c6976bd58b169645e82d9deaa7c820186676669b85d37615cf11,0.144,0.754,0.102,-0.2716,2025-04-22
2025-04-21 16:09:42,"Chicken, crypto and Nvidia: The companies that helped Trump’s inauguration shatter fundraising records",Yahoo,https://finnhub.io/api/news?id=254377ba4ebee8b1577b47874b863bd183453450265106debf7cb5fe210046aa,0.0,1.0,0.0,0.0,2025-04-22
2025-04-21 15:58:18,Shares of stocks in the broader tech sector are trading lower amid overall market weakness amid President Trump's criticism of Fed Chair Powell.,Benzinga,https://finnhub.io/api/news?id=08b4d607d735b2b17646638813e2140a6959f56d1710b185312036f3aa08002c,0.271,0.653,0.076,-0.6908,2025-04-21
2025-04-21 15:44:22,"Big Tech ETF posts big drop, as Tesla sees steep slide",MarketWatch,https://finnhub.io/api/news?id=46eadbbbe4fc8e960cfc1f75a8cd0e56e84f33a735e6adc31010b9d3996e0486,0.174,0.826,0.0,-0.4939,2025-04-21
2025-04-21 15:35:17,How China's 'monster market' could impact US Big Tech,Yahoo,https://finnhub.io/api/news?id=21ede60fbb533b8a2921337a5f5fa7cde55339dbfc3b5936203d7746da1ec151,0.0,0.95,0.05,0.5023,2025-04-21
2025-04-21 15:15:00,Spotify Stock Gets Upgrade. Diversification Can Lift Margins.,MarketWatch,https://finnhub.io/api/news?id=bc3697736e77e0c1b9998e5e488db1ad752f1f2c3e7adccae6d195d417149165,0.0,1.0,0.0,0.0,2025-04-21
2025-04-21 14:26:13,What the falling US dollar has historically meant for stocks: By the numbers,Yahoo,https://finnhub.io/api/news?id=bf763b065f0a2ad5515491b702a039f2f8dea88db7fa19125074de30a1ab8dde,0.147,0.749,0.104,-0.0772,2025-04-21
2025-04-21 14:05:50,"Market Chatter: European Commission President Asks X, Meta, TikTok to Comply With EU Digital Rulebook",Yahoo,https://finnhub.io/api/news?id=d49674a47117605dca87c6c5bd98a03f4807ebc384e6cb6b169e464738872ed2,0.0,0.921,0.079,0.3612,2025-04-21
2025-04-21 14:00:00,"How To Build A $500,000 Dividend Portfolio That Could Yield 18.35% In 20 Years",SeekingAlpha,https://finnhub.io/api/news?id=8e6e3fa32e40da513514f0f565d1f27638b2825a954a29a44461dbeec46ac129,0.0,1.0,0.0,0.0,2025-04-21
2025-04-21 13:49:00,"The Zacks Analyst Blog Highlights Apple, Philip Morris International, Sony and Vaso",Yahoo,https://finnhub.io/api/news?id=9ecd3bbcf33963ec1d4059c6ae12884c382b00d6004a655e83b41c56fb6e6446,0.0,0.935,0.065,0.2023,2025-04-21
2025-04-21 13:35:00,Pope Francis Pushed ESG. How the Church’s Investments Did.,MarketWatch,https://finnhub.io/api/news?id=cb67095df87974f8510449ba3f205f40c232511f3d89a7d6d62e95b0f0b6a840,0.0,1.0,0.0,0.0,2025-04-21
2025-04-21 13:21:51,"Apple may have a key problem bringing back manufacturing to beat Trump tariffs, former Intel CEO warns",Yahoo,https://finnhub.io/api/news?id=94f5c96b48427dfbdb48a891a76d4d667a9243d82d4b2d99a45675ad7a7fc918,0.14,0.765,0.095,0.0622,2025-04-21
2025-04-21 13:00:00,"Apple surpasses 60% reduction in global emissions, moves closer to 2030 climate goal",Yahoo,https://finnhub.io/api/news?id=0c5f6535632a448c84baae768a82d4308761603a9647d3a496a7eb86941b2ac8,0.0,0.915,0.085,0.4215,2025-04-21
2025-04-21 12:16:14,EU says it will enforce digital rules irrespective of CEO and location,Yahoo,https://finnhub.io/api/news?id=e9dedde1f8e8b90063fc4a0e11815e37d3e82acd682f4f6733241e119580c11b,0.051,0.889,0.06,0.1596,2025-04-21
2025-04-21 12:08:40,Harbor's TEC ETF Banks On Breakthroughs Over Balance Sheets,Benzinga,https://finnhub.io/api/news?id=9e2a9d36b8bff31cbeb47aafa9dde0f8dbbe89c07dc5796e9992906839e08202,0.0,0.845,0.155,0.6705,2025-04-21
2025-04-21 10:00:00,"1 ""Magnificent Seven"" Stock You'll Regret Not Buying During the Dip",Yahoo,https://finnhub.io/api/news?id=af2794de387485e854a393ec8bde45457f69804bb06968740594e8fc3503161e,0.046,0.716,0.238,0.9725,2025-04-21
2025-04-21 09:57:41,"Dow Jones Slides 550 Points On China Trade Warning; Nvidia, Tesla Sell Off",DowJones,https://finnhub.io/api/news?id=f5f0c5d1a590d581041fd36456907e1b1739e85ccead8cce1f949f5edb84b9d9,0.167,0.833,0.0,-0.5859,2025-04-21
2025-04-21 09:49:09,"TSMC: Hard Pill To Swallow, AI Demand Is Moderating - Downgrading To Sell",SeekingAlpha,https://finnhub.io/api/news?id=d676154ed6476942d8a8b3472babd2db9688ec67df9e580c3c4124b8a809ca8a,0.062,0.882,0.056,0.1779,2025-04-21
2025-04-21 09:45:00,Overly bearish investors risk writing off 2025 too soon. These strategies offer upside and downside protection.,MarketWatch,https://finnhub.io/api/news?id=24bb901648dfc6ca7d62d547dac6c7120002c66072764f56319726a820ff7e4f,0.227,0.773,0.0,-0.7351,2025-04-21
2025-04-21 09:30:00,"Berkshire Hathaway: What Buffett Saw, What I Learned",SeekingAlpha,https://finnhub.io/api/news?id=5997ec0536afd4a3e085197d8c8f246b9e11fbf655714736644217fd70130d2e,0.0,1.0,0.0,0.0,2025-04-21
2025-04-21 09:30:00,Berkshire Hathaway: Buffett Is Doing Much More Than Selling,SeekingAlpha,https://finnhub.io/api/news?id=1f1eff4de8a8f8a68aeeb3bfe71e04c6e64bcc75552237147642ae0f8c83a8d2,0.0,1.0,0.0,0.0,2025-04-21
2025-04-21 08:24:45,"Tesla, Nvidia, Apple And Other Big Stocks Moving Lower In Monday's Pre-Market Session",Benzinga,https://finnhub.io/api/news?id=da7785184c8f9849c914a942ba01cf9cb617f8d405a211091e78c1e0e4be7a13,0.155,0.845,0.0,-0.296,2025-04-21
2025-04-21 07:58:05,Only one Dow stock is up premarket. Even UnitedHealth's stock isn't bouncing.,MarketWatch,https://finnhub.io/api/news?id=2d23a6c48e33658fb94e7ed7bc822802b8ec71ccb08eaf376a6bd2b77c3bd1b8,0.0,1.0,0.0,0.0,2025-04-21
2025-04-21 06:30:00,The Elephant In The Room - March Dividend Income Report,SeekingAlpha,https://finnhub.io/api/news?id=8e1a74124ecd2ba7ccb56d31dae4fd4a98c49f60faaa31c899e9496652a31ed6,0.0,1.0,0.0,0.0,2025-04-21
2025-04-21 05:31:15,TSMC Warns of Limits of Ability to Keep Its AI Chips From China,Yahoo,https://finnhub.io/api/news?id=9857ae9474128447b8a0409340277d994ac8d1ecec09e462f363780430dc6bc0,0.016,0.863,0.12,0.7845,2025-04-21
2025-04-21 03:25:24,Alphabet: Logic Could Overcome Fear In Upcoming Earnings,SeekingAlpha,https://finnhub.io/api/news?id=49d82b962fc0682ba39d52cd0954295e797a25b5b3c99675317439ddb7eb3455,0.314,0.686,0.0,-0.4939,2025-04-21
2025-04-21 03:10:32,Trump Raised Record $239 Million for Inaugural Festivities,Yahoo,https://finnhub.io/api/news?id=132216cd01ac673fe6326c8cd6cbaa8c7134a886554c449cc94a8232508d1cee,0.0,0.942,0.058,0.5574,2025-04-21
2025-04-21 00:30:39,"Big Tech's ""Magnificent Seven"" heads into earnings season reeling from Trump turbulence",Yahoo,https://finnhub.io/api/news?id=7524b3275602ba36fcfe0e86be24dbfc2db103feb293d0f3d9e02ea2008815bb,0.036,0.88,0.084,0.7579,2025-04-21
2025-04-20 23:01:49,Apple: Falling Sales In China; Downgrade To Sell,SeekingAlpha,https://finnhub.io/api/news?id=d8ea6b878bc84b137079a4e2da91d44e49448530d707c6e5509fa201a02f5171,0.186,0.814,0.0,-0.1531,2025-04-21
2025-04-20 21:53:31,Magnificent-7. What Stock Should We Add To Make It The Excellent-8?,SeekingAlpha,https://finnhub.io/api/news?id=7ae577a83fb0f095ca70fc698fe61c0199e3714fe710fd95798ebdbc000ae9a8,0.0,1.0,0.0,0.0,2025-04-21
2025-04-20 10:43:20,Street Calls of the Week,Yahoo,https://finnhub.io/api/news?id=5478b76e686b1a812736c308450a712f5bddf4f7cd340ca341b320ecd59e0766,0.0,0.927,0.073,0.2023,2025-04-21
2025-04-20 10:37:00,2 Semiconductor Stocks That Could Help Make You a Fortune,Yahoo,https://finnhub.io/api/news?id=546e84e5ec05dd20da5182dbbbf42e4ece3cc9c4c13d186d88a0d8cbeab446a0,0.069,0.663,0.268,0.7783,2025-04-21
2025-04-20 09:30:00,"Invest In 6 Funds For A Potential $5,000 Monthly Income",SeekingAlpha,https://finnhub.io/api/news?id=19d78225aaa1a3a8abc48990b856c01e944b0efbb03b9d6b9bc1bc40bef81d64,0.0,1.0,0.0,0.0,2025-04-21
2025-04-20 09:15:00,"Selling America, Buying Europe - My Picks",SeekingAlpha,https://finnhub.io/api/news?id=58194e6d71d5409933effd38aaf6120f6a1062adef614dc8ae47a2ce8df31280,0.0,1.0,0.0,0.0,2025-04-21
2025-04-20 09:00:00,Tesla and Alphabet Report This Week. They'll Set the Tone for Big Tech Earnings,Yahoo,https://finnhub.io/api/news?id=d239c943a6baf63425b2ff0f2d1bf26a92ac1413fcd4157a75af52ec5d558560,0.0,0.929,0.071,0.5994,2025-04-21
2025-04-20 08:15:00,"Apple: Tariff Relief Buys Time, But Not Conviction",SeekingAlpha,https://finnhub.io/api/news?id=24665b5ab6ee6de6e8d88276fa840673660f11653e91b0c6a5579b64d80e8387,0.0,0.773,0.227,0.2617,2025-04-21
2025-04-20 02:19:48,APLY: In Position To See Outsized Distributions Potentially Exceeding 30%,SeekingAlpha,https://finnhub.io/api/news?id=5c67b1b422b4b07a04d2bfec6a06e1cb61a9d9027f87e74523b169ea6fcad3dc,0.0,1.0,0.0,0.0,2025-04-21
2025-04-19 15:17:00,"Mark Zuckerberg's Facebook, Instagram block new Apple product",Yahoo,https://finnhub.io/api/news?id=c2030ce244300e45761beafebf903597835526085a5491ff8ea9dffc1a3f6f48,0.115,0.754,0.131,0.1027,2025-04-21
2025-04-19 11:38:13,GAM: Tech Exposure Could Mean Short-Term Pain,SeekingAlpha,https://finnhub.io/api/news?id=4b1fd8ecc8bbc14cd467d1415a08b3dde2dc248c22111fd11ca84fd64fa880d5,0.355,0.645,0.0,-0.5106,2025-04-21
2025-04-19 09:00:00,Find these 6 Easter eggs on your iPhone or Mac,Yahoo,https://finnhub.io/api/news?id=9e57df9655baac309c8c0c2427c10183fff984784f1632cc67c6c0d2cfb78f09,0.0,0.892,0.108,0.3182,2025-04-21
2025-04-19 07:05:00,My Highest Conviction Buy Right Now That I Am Buying Hand-Over-Fist,SeekingAlpha,https://finnhub.io/api/news?id=ebcac534890db0c9bb6090f5c33bfbed514f4578c962e304834b2646852b5524,0.0,1.0,0.0,0.0,2025-04-21
2025-04-19 03:01:07,Will Vision Air become Apple's 'Ray Ban'?,Finnhub,https://finnhub.io/api/news?id=2abf185ce23b85142e1598f2d0d8f672e292064fef22da17cd1dea167e7824c9,0.077,0.837,0.086,-0.1531,2025-04-21
2025-05-04 23:47:15,Warren Buffett And His Successor Greg Abel Say Berkshire Hathaway Could Hold This $20B Bet For '50 Years Or Forever',Benzinga,https://finnhub.io/api/news?id=7f5fb4d67060149676f20ee31ec46f9663d9ded5818a73676f67606146a8538a,0.033,0.904,0.064,0.2732,2025-05-05
2025-05-04 22:21:16,Was Jim Cramer Right About Apple (AAPL)?,Yahoo,https://finnhub.io/api/news?id=9f91d8f5dd7fe8ed6f38b5560f12829e22328d524077a33de79e7f9102ee243b,0.121,0.879,0.0,-0.8105,2025-05-05
2025-05-04 20:30:37,"Cardinal Health, Northrop Grumman Among 7 Companies To Announce Dividend Increases In First Half Of May",SeekingAlpha,https://finnhub.io/api/news?id=c97cc9e98462c7d2d23a501d5020aa38d26a12e0e05a6c89820d6af89af42245,0.0,0.935,0.065,0.4019,2025-05-05
2025-05-04 18:28:38,Apple: Rumored Gemini Partnership Is Good But The AI Deficit Is Alarming,SeekingAlpha,https://finnhub.io/api/news?id=bcf8c7fb9677181a9302093a1ad57650c7a7b79c3383fd1bf9c198ef8916ffd3,0.117,0.597,0.285,0.8225,2025-05-05
2025-05-04 16:50:00,Franklin U.S. Focused Growth SMA Q1 2025 Commentary,SeekingAlpha,https://finnhub.io/api/news?id=1b03740efc1bd8ea4c599dcaefa2826f679de0406108b4c0d08c7cecf37985e5,0.0,0.864,0.136,0.6369,2025-05-05
2025-05-04 14:19:22,Want To Invest Like Warren Buffett? Here's What You're Probably Missing,Benzinga,https://finnhub.io/api/news?id=aad250ae42f17076432a1551cc82c1911e7b7908e34cb78a66559717e6c6f8ab,0.061,0.718,0.221,0.5859,2025-05-05
2025-05-04 13:15:19,"Consumer Tech News (Apr 28-May 2): Trump May Ease Auto Part Tariffs,  House Republicans Tabled $250 Charge On EV & More",Benzinga,https://finnhub.io/api/news?id=6efcf8de37904efda1460e9e4e61d0ee64314d04e0da8e7a8c0df02fdbf3a0a4,0.039,0.829,0.132,0.6705,2025-05-05
2025-05-04 13:00:00,Big Tech Earnings Defy Fears of ‘Worst-Case Scenario’ for Stocks,Yahoo,https://finnhub.io/api/news?id=330a8ea35612c3d40e6ed50ecb536f54476f8f3c4635d7b54b244bcea2fcc356,0.114,0.81,0.076,-0.4215,2025-05-05
2025-05-04 12:30:52,Here's what CEOs are saying about Trump's tariffs and the economy,Yahoo,https://finnhub.io/api/news?id=4673169108a608082cf6690cdcb6e41262ec72204ae5032ac4ef64350c7a8a1a,0.077,0.923,0.0,-0.128,2025-05-05
2025-05-04 11:01:05,IPhone hamster purchases boost Apple despite uncertainty due to tariffs,Finnhub,https://finnhub.io/api/news?id=58685c122d3a0fad208c4d60ff2d4c1b51409ad6ee01dea69349dd7b1da50a09,0.131,0.692,0.178,0.2105,2025-05-05
2025-05-04 10:34:00,Berkshire Without Buffett Is Bound to Be Different. The Changes Abel Might Make.,MarketWatch,https://finnhub.io/api/news?id=8de85ba2c35e7a7e5f80ea4a7078359464f66f43e929b103014810efc2151300,0.0,1.0,0.0,0.0,2025-05-05
2025-05-04 09:52:00,"Prediction: This ""Magnificent Seven"" Stock Will Be the Most Valuable Company in the World by the End of the Year",Yahoo,https://finnhub.io/api/news?id=954c6d7fe7f0fc8b258a6580ccd2b2a923c323644b08b16f90a1bd19206958e2,0.0,0.678,0.322,0.9298,2025-05-05
2025-05-04 09:05:00,3 Semiconductor Stocks That Could Help Make You a Fortune,Yahoo,https://finnhub.io/api/news?id=d5c8d54df6671a1a140aa97bf5def5bcf8f4df4dd93c9f60a22dab88efe8110f,0.0,0.606,0.394,0.9001,2025-05-05
2025-05-04 07:00:00,"Giant U.S. Pension sold Nvidia, Tesla, and Apple Stock. It Bought Rivian.",Yahoo,https://finnhub.io/api/news?id=6f0e751a539b4e465af5e64189706e0dea9e531e9a233aa5bd09129bbc9e3476,0.0,1.0,0.0,0.0,2025-05-05
2025-05-04 06:44:28,BUZZ: ETF Focused On Social Media Stories,SeekingAlpha,https://finnhub.io/api/news?id=d22499563ba029ae35e1475c2690c32654e27f6260b9bc9fdc35eb9f29d2f999,0.0,0.813,0.187,0.7351,2025-05-05
2025-05-04 00:59:46,Warren Buffett Is Getting Richer In 2025 — And It's Not Because Of Apple: How One Chinese Holding Is Helping,Yahoo,https://finnhub.io/api/news?id=6835481c611d39bdc7cd06524f4bea6baa0b002b906d41cea866cf3c77fd99fd,0.0,0.865,0.135,0.836,2025-05-05
2025-05-03 23:24:00,The Lesson in Buffett’s Winning Apple Bet,Yahoo,https://finnhub.io/api/news?id=5ffe9de90536d5c589419a911e4af1ec7cbdb4f03ff349981af3a02859c8137f,0.0,0.774,0.226,0.8225,2025-05-05
2025-05-03 22:39:00,Top 50 High-Quality Dividend Stocks For May 2025,SeekingAlpha,https://finnhub.io/api/news?id=1a762047670374f80ad46f6a15d2b0db249e8353790f3177242647b358bf9547,0.0,0.65,0.35,0.886,2025-05-05
2025-05-03 11:06:05,"Apple Plans iPhone Release Schedule Shakeup, New Styles - The Information",Finnhub,https://finnhub.io/api/news?id=37a6fcb2a5ead200613e4742487e9dbceb52c504ab9bc670250b387de148a8db,0.127,0.873,0.0,-0.4466,2025-05-05
2025-05-03 10:15:05,From Momentum To Headwinds: Why It Is Time To Trim Your Apple Position,SeekingAlpha,https://finnhub.io/api/news?id=a9e3bd84e1a7d89710fc9423554c0e2d67e7bb3d0aeaf725a01c8bc4831c22e0,0.0,1.0,0.0,0.0,2025-05-05
2025-05-03 09:57:00,Big Tech showed it won’t back down on AI spending. Some on Wall Street are still wary.,MarketWatch,https://finnhub.io/api/news?id=c9337a0fc8434043eb79c7bc1307163fe0d76534e678e0dd9fb49f706b7be46e,0.0,1.0,0.0,0.0,2025-05-05
2025-05-03 09:15:34,Warren Buffett gives a shoutout to Apple CEO Tim Cook,MarketWatch,https://finnhub.io/api/news?id=dcf389993930a1e58530496ccbae214d42ff647cbab8b1826c8b73bbcc9ab930,0.0,1.0,0.0,0.0,2025-05-05
2025-05-03 02:40:35,Apple: Positive iPhone And China Sales But With Risks,SeekingAlpha,https://finnhub.io/api/news?id=4d9a064c6c3c6bf46ddd17275550c4695cc6512d6d419d119dc848ae77d126b6,0.057,0.64,0.304,0.891,2025-05-05
2025-05-03 02:01:12,Apple exceeds expectations for first quarter despite concerns over tariffs,Finnhub,https://finnhub.io/api/news?id=831c0eca95cc9c7324e16b3f9d21f123c6a30d97ad7eb3e88dafd23d0c929abf,0.0,0.912,0.088,0.5106,2025-05-05
2025-05-03 01:26:53,"Dividend Champion, Contender, And Challenger Highlights: Week Of May 4",SeekingAlpha,https://finnhub.io/api/news?id=59693d60ff7a7502a59c179acc34b7547b1db1fb771e2476a6ea63b15d3c40d2,0.0,0.504,0.496,0.7096,2025-05-05
2025-05-02 22:09:00,"Earnings Remain Resilient, but Outlook Softens",Yahoo,https://finnhub.io/api/news?id=6537b97b1dbe5868ea893dabcf170874eb1649919a8d36fab0b75057acd12e00,0.109,0.891,0.0,-0.4215,2025-05-05
2025-05-02 21:42:37,Is Apple Inc. (AAPL) the Best NASDAQ Stock to Buy According to Billionaires?,Yahoo,https://finnhub.io/api/news?id=38b3e12c93a404f33e91836a58c50e31a786390d980a551c675d912cf5dd6266,0.0,0.84,0.16,0.9274,2025-05-05
2025-05-02 21:31:17,Why Apple's App Store restrictions won't 'change the game',Yahoo,https://finnhub.io/api/news?id=1da4f2cb72f4b93fe3d03b8707c8c6128ad0f2f2ac6a44554020a9d23f47df8c,0.091,0.891,0.018,-0.6222,2025-05-05
2025-05-02 21:11:21,Apple (AAPL) Hit by $900 Million Tariff Impact as Supply Chain Shifts to India,Yahoo,https://finnhub.io/api/news?id=5e74b3266023fe69b2bc5f3d2b0873f29ce4ae99c081d81801efcb9a97ce9787,0.0,1.0,0.0,0.0,2025-05-05
2025-05-02 20:56:40,"Stocks to Watch Recap: Amazon, Block, Apple, Take-Two",Yahoo,https://finnhub.io/api/news?id=86e9faa055970e30a6b9e1a65ff4fcd43cf6af89975f8384b1590b6695999146,0.224,0.704,0.072,-0.802,2025-05-05
2025-05-02 20:49:00,Microsoft Beats Apple to Become Largest U.S. Company by Market Cap,Yahoo,https://finnhub.io/api/news?id=2d333149b7af0922f3aa47d30a7954ce58960c480bedfe73347a5504c160f66a,0.068,0.857,0.075,0.1531,2025-05-05
2025-05-02 20:43:00,The AI Trade Is Showing New Signs of Life. What We Learned From Big Tech Earnings.,Yahoo,https://finnhub.io/api/news?id=f6fc3abc5fa7809acf280a8065cd7b931c51d6e0d366fc9a0ca5bdfaef3a386c,0.0,0.894,0.106,0.5574,2025-05-05
2025-05-02 20:37:54,Tim Cook Tells Commerce Secretary Lutnick How Apple 'Could' Bring iPhone Manufacturing To US,Yahoo,https://finnhub.io/api/news?id=3a92b8b4cab1f01814eb4cc069581513070adbe984b9f7ced2334818907df83e,0.054,0.892,0.055,0.0258,2025-05-05
2025-05-02 20:37:52,"Apple CEO Tim Cook Warns Of $900 Million Tariff Impact In June Quarter, Expects Majority Of iPhones Sold In US To Be Made In India",Yahoo,https://finnhub.io/api/news?id=c73db89384720463baa19f0d813ce5405306d7544cd1bd57ff7367c8034c762c,0.012,0.988,0.0,-0.1027,2025-05-05
2025-05-02 20:29:20,"Berkshire Hathaway portfolio: Apple, tariffs, & more",Yahoo,https://finnhub.io/api/news?id=a2374d724a9fca7cd50cd39f73f15124ab3211da829dad0f406d9f30d2d4505e,0.021,0.979,0.0,-0.1226,2025-05-05
2025-05-02 20:28:00,"These Stocks Moved the Most Today: Apple, Amazon, Block, Take-Two, Dexcom, MicroStrategy, Duolingo, Roku, and More",Yahoo,https://finnhub.io/api/news?id=7b0110f3549d1bbc591f7d257891987969caf0cc2b06f220174bb3e21364b38f,0.181,0.707,0.112,-0.5918,2025-05-05
2025-05-02 20:26:21,"Apple Beats Q2, Flags Tariff Headwinds",Yahoo,https://finnhub.io/api/news?id=d2a08150aa3bc76ae3c9ad3058fa4cd3f8467a3537046d1589b99fc3eb64d603,0.229,0.682,0.089,-0.5719,2025-05-05
2025-05-02 20:13:12,Stock Market Today: Dow Jones Gains More Than 500 Points; Spotify Hits A Buy Point (Live Coverage),Yahoo,https://finnhub.io/api/news?id=680a2e3c2b724b04f0ca4c81d96e2d3fb3d73e3381c9472cf43ff1aaa7ee8f9f,0.0,0.852,0.148,0.91,2025-05-05
2025-05-02 20:09:54,Stocks climb back to ‘Liberation Day’ levels after surprise jobs report,Yahoo,https://finnhub.io/api/news?id=efdcc448cad602fc26e8b5b3565bb96f0e9e67f54cedacd0b01913781c68cbc1,0.0,0.938,0.062,0.2732,2025-05-05
2025-05-02 20:09:07,"Apple Stock Sinks On Tariffs, Services Challenges",Yahoo,https://finnhub.io/api/news?id=82fda9f5e25a40b26439c3228fa2d72295b1714560e9ac7faab7ae81a2a1ff40,0.109,0.801,0.09,-0.3818,2025-05-05
2025-05-02 19:50:51,Apple has tariff problems its Big Tech peers do not,Yahoo,https://finnhub.io/api/news?id=d64f7e9a74b080f0360a46c3ade15796fc99a60defbf7cf1e81e647576ab5ba0,0.292,0.708,0.0,-0.7184,2025-05-05
2025-05-02 19:40:08,Spotify updating app for US users after court ruling in Apple case,Yahoo,https://finnhub.io/api/news?id=e5b09f90fff87d9e811b666435e58bf6b4cb92fdd4e4e657506a5f5b82703e78,0.0,1.0,0.0,0.0,2025-05-05
2025-05-02 19:39:49,Nvidia CEO Jensen Huang gets first salary boost in 10 years,Yahoo,https://finnhub.io/api/news?id=f9af177220c360406e649e1672fa69c3b3e89b13389722261a3450dba01a45bd,0.0,0.954,0.046,0.2144,2025-05-05
2025-05-02 19:29:20,Why Apple (AAPL) Stock Is Falling Today,Yahoo,https://finnhub.io/api/news?id=3b8ef3450bd4ed449f2fd1ddb0d5439665e35ebdd2814ce2c35ae793f42a6b76,0.018,0.958,0.024,0.1531,2025-05-05
2025-05-02 19:00:13,"Apple partnering with startup Anthropic on AI-powered coding platform, Bloomberg News reports",Yahoo,https://finnhub.io/api/news?id=465e6f0d4febda93768a465bfc5d9758fd58a6a6e7366be846bae3e72268d901,0.0,0.903,0.097,0.7096,2025-05-05
2025-05-02 16:59:52,Apple's China Problem Isn't New: IDC's Popal,Finnhub,https://finnhub.io/api/news?id=768ac3ac3d52f2d5ce031b47154c556793c97e51f68259b09d39c814820a3ab9,0.044,0.817,0.138,0.5994,2025-05-05
2025-05-02 16:06:49,"Wall Street Fully Recoups Tariff-Led Losses, Economy Contracts In First Quarter Yet April Payrolls Remain Strong: This Week In Markets",Benzinga,https://finnhub.io/api/news?id=90dfdfe71a69e03a3896c387ce9d763e66bf02c89ce00ebb304b3b4ca57826b7,0.122,0.742,0.136,0.0865,2025-05-05
2025-05-02 14:33:05,Nasdaq Surges Over 300 Points; Apple Shares Fall After Q2 Results,Benzinga,https://finnhub.io/api/news?id=6849924f0018faf0e426a5d0bc1f9bb52bc38016bd7d0bbf423c308ed02cf915,0.0,0.82,0.18,0.296,2025-05-02
2025-05-02 14:15:59,Apple Stock Falls After iPhone Maker Warns of Heavy Tariff Cost,Yahoo,https://finnhub.io/api/news?id=85850211b49996e89f9cb94e78574e1408606a851d0d036e26d2af111d5640e6,0.101,0.899,0.0,-0.5719,2025-05-02
2025-05-02 14:01:08,Apple moves iPhone production to India,Finnhub,https://finnhub.io/api/news?id=17eb0eebfd3d6f39f9e706e4f55d70475666aef3aeb27dcd1c6beb3dbf689684,0.0,1.0,0.0,0.0,2025-05-02
2025-05-02 14:00:00,A Giant Crack Appears in Tim Cook’s Walled Garden,Yahoo,https://finnhub.io/api/news?id=8cd7b6c6f9a988e4037d57921e9b59e847719dc1f03d88b4b4bdace9f6fae290,0.0,1.0,0.0,0.0,2025-05-02
2025-05-02 13:56:40,"Apple downgraded, Reddit upgraded: Wall Street's top analyst calls",Yahoo,https://finnhub.io/api/news?id=8a04c681b3650e3ebe87297008bda55185e2cff11ef76a13af8a06eb093bb6e1,0.0,0.816,0.184,0.3818,2025-05-02
2025-05-02 13:54:44,"Apple, Anthropic Team Up To Build Ai-Powered 'Vibe-Coding' Platform- Bloomberg News",Finnhub,https://finnhub.io/api/news?id=72979683d5bb7ef67bb2dabfa12256bfe8f95970e8868ccdf4d14405b015b28c,0.0,1.0,0.0,0.0,2025-05-02
2025-05-02 13:50:14,This Apple Analyst Is No Longer Bullish; Here Are Top 5 Downgrades For Friday,Benzinga,https://finnhub.io/api/news?id=1872572a73f0d5425e1146d68afae8e49a3990f2c6ad864cb4269f610a2e823f,0.138,0.75,0.113,-0.1027,2025-05-02
2025-05-02 13:49:00,The Dow jumps 450 points as a strong jobs report has Trump calling for interest rate cuts again,Yahoo,https://finnhub.io/api/news?id=aac8b6fb5db8c731af8290d46fa8676d025fab74c7f534b572859ef7cf8d9475,0.027,0.762,0.211,0.9287,2025-05-02
2025-05-02 13:42:00,"Warren Buffett turns 95 this summer, and he’s still working weekends",MarketWatch,https://finnhub.io/api/news?id=8f5365b1b02aa12ac2b50b18248835cb12f77c61db004cbd3d40855d1e4db4d4,0.0,1.0,0.0,0.0,2025-05-02
2025-05-02 13:40:42,"Apple Hit With Downgrades as Tariff, Growth Worries Increase",Yahoo,https://finnhub.io/api/news?id=db7314d4e6c3bb7a25645a8131091722b771718af4754e0e6266911ce1265d96,0.076,0.845,0.079,0.0772,2025-05-02
2025-05-02 13:34:06,"TSX futures positive on calming trade tensions, positive U.S. jobs report",Yahoo,https://finnhub.io/api/news?id=21ba47833aa381e100873c608e581dfa57892d2971cef137be458e4b9732674e,0.071,0.675,0.254,0.9153,2025-05-02
2025-05-02 13:28:00,U.S. Needs Wins on Trade. They May Not Help the Global Economy.,MarketWatch,https://finnhub.io/api/news?id=2d4ec6cbd6045a0286ececf0bb2b6dd7702e32e4417f5a30f567ab63e14aafbf,0.141,0.627,0.232,0.5972,2025-05-02
2025-05-02 13:20:00,Earnings Dilute Tariff Concerns,SeekingAlpha,https://finnhub.io/api/news?id=7a6ae604f33a1b09a0e02790c9e37889cb568fa2d8b7c9d2623900cd74d0099f,0.0,0.851,0.149,0.2716,2025-05-02
2025-05-02 13:12:59,Q2 2025 Apple Inc Earnings Call,Yahoo,https://finnhub.io/api/news?id=82120748f36b1bdc927bb2df7b312b920c25660e1dc5aafdaac7f04da71b3df0,0.0,1.0,0.0,0.0,2025-05-02
2025-05-02 13:08:00,"These Stocks Are Moving the Most Today: Apple, Amazon, Block, Exxon, Chevron, Take-Two, MicroStrategy, Airbnb, Reddit, and More",Yahoo,https://finnhub.io/api/news?id=29eb5d05c30599c93aee3b7edcea2dc07d2d665424cb4e26284c842775ba5e38,0.203,0.615,0.182,-0.0627,2025-05-02
2025-05-02 13:07:36,"Jobs report, China trade, Apple & Amazon earnings: 3 Things",Yahoo,https://finnhub.io/api/news?id=54111f6008a8ef0626f95797f393efd28b38a01519eda387cded50ea87f24ce2,0.0,0.963,0.037,0.34,2025-05-02
2025-05-02 13:04:30,Spotify's US app update gets Apple approval after court ruling,Yahoo,https://finnhub.io/api/news?id=39c92d9c62325a1d2be87fbf8a6521dba63d6464c95e92b37d5eda85af249143,0.015,0.85,0.135,0.8834,2025-05-02
2025-05-02 13:02:00,These companies are emerging as potential winners in Trump’s trade war,MarketWatch,https://finnhub.io/api/news?id=3730d7ab97a78fdc13b9ea1cffca7e0ca2138a8dc8596e145bce054cf7f1dd0e,0.244,0.562,0.194,-0.3818,2025-05-02
2025-05-02 12:50:00,"Apple’s issues go deeper than tariffs, as analysts worry about AI challenges",MarketWatch,https://finnhub.io/api/news?id=39c040bb9df220bdd61e0ff9b58e060413ab625504f6e543029be843d7cfd97d,0.204,0.704,0.092,-0.6369,2025-05-02
2025-05-02 12:25:26,Spotify Says Apple Approves App Update With External Payment Links,Yahoo,https://finnhub.io/api/news?id=103d21e9ab52cedbe36980cb353f86063455db0c32998da72a5eb25a342fc031,0.0,0.814,0.186,0.6705,2025-05-02
2025-05-02 12:21:19,Dow Jones Rises As China Says It's 'Evaluating' U.S. Trade Talks. Apple Falls On Earnings.,Yahoo,https://finnhub.io/api/news?id=a985cd57b070e3c5d6eccc55d428901de8e39192a52b7b04a8fb5ff04c5f9308,0.0,1.0,0.0,0.0,2025-05-02
2025-05-02 12:12:08,"Wall Street Eyes 9th Straight Day Of Gains, Apple Falls As Chinese Sales Disappoint: What's Driving Markets Friday?",Benzinga,https://finnhub.io/api/news?id=9603bbe16675c9f6ce1b7dc63ac5ba8d608a9ee055051a6f2a071442af81399c,0.051,0.768,0.182,0.7184,2025-05-02
2025-05-02 11:57:00,Apple Stock Drops. Why a $900 Million Tariff Hit Could Be Just the Start.,Yahoo,https://finnhub.io/api/news?id=c2eeedc2a477cec194afcf68fc435b1a3b4eb374d8e1640325c7c5893c1c019e,0.071,0.877,0.052,-0.4767,2025-05-02
2025-05-02 11:52:03,Breakfast News: China Considers Trade Talks,Yahoo,https://finnhub.io/api/news?id=278f7bf67ae006bd0e164452ca1bd2f9eef29083618dbdcb44b447f53b3b6a7b,0.102,0.667,0.231,0.4404,2025-05-02
2025-05-02 11:49:35,Why I Think Apple Is Currently The Least Interesting Of The FAANG Stocks,SeekingAlpha,https://finnhub.io/api/news?id=c042429feb5173ddec53555dc9175d992424dc6a428d3ff152008eb597d33527,0.093,0.794,0.113,0.2363,2025-05-02
2025-05-02 11:49:20,"Stock Market Powers Higher On Microsoft, Meta, Trump Tariff Hopes: Weekly Review",DowJones,https://finnhub.io/api/news?id=9f5f362adbf16a020efc77bd1eaf1eeec496317e918ee9f3e63df187be8b77bb,0.0,0.797,0.203,0.6808,2025-05-02
2025-05-02 11:45:35,Apple to source 19 billion chips from US this year,Yahoo,https://finnhub.io/api/news?id=c26bee42167366b531dfc54633278493e1d04b47bd10f34827f8c0992a1e7b6b,0.069,0.931,0.0,-0.25,2025-05-02
2025-05-02 11:43:38,Jim Cramer on Apple Inc. (AAPL): ‘The Most Obvious Story in America for Years and Years’,Yahoo,https://finnhub.io/api/news?id=d9d73f224f11af14ba6cbd33a79020c9e98a3af91b182c6eed005c8cd6db46cb,0.04,0.877,0.083,0.5267,2025-05-02
2025-05-02 11:42:59,"Stocks advance on jobs data, signs of easing trade tensions",Finnhub,https://finnhub.io/api/news?id=13499e9475925945c74068b9c80de935322acef9468ee30653796d76775a358f,0.15,0.738,0.112,-0.2023,2025-05-02
2025-05-02 11:39:00,"These Stocks Are Moving the Most Today: Apple, Amazon, Block, Take-Two, Dexcom, MicroStrategy, Duolingo, Roku, and More",MarketWatch,https://finnhub.io/api/news?id=b9375fc0d6e789269d442e9ebe4cc8c4543203e7ff9f8bdec0ea7f809fc75ea3,0.146,0.755,0.099,-0.4353,2025-05-02
2025-05-02 11:37:06,"EXCLUSIVE: April's 20 Most-Searched Tickers On Benzinga Pro — Where Do Tesla, Apple, Palantir, Nvidia Stocks Rank?",Benzinga,https://finnhub.io/api/news?id=c0a02d7d149e72e045684049cb34985558b5301940e08350a1dae53bced74a24,0.0,0.953,0.047,0.3034,2025-05-02
2025-05-02 11:34:32,Spotify's US app update with purchase links gets Apple approval,Finnhub,https://finnhub.io/api/news?id=736cb4508346542aeb728e471214805eafd6116500c61bce999374d515d67597,0.0,0.797,0.203,0.836,2025-05-02
2025-05-02 11:30:53,Why Apple's possible $900M tariff hit 'could be worse',Yahoo,https://finnhub.io/api/news?id=b3a00da675f310bf2000134476b4a758290904ec1ad0f45f64d9f2341a918b3d,0.086,0.914,0.0,-0.545,2025-05-02
2025-05-02 11:30:00,A Major Market Disruption Is Likely Coming,SeekingAlpha,https://finnhub.io/api/news?id=61af25477e7d847bfa3ffd92a339bcce297bdfff7f8fd6b7bbe869ba8f472ab9,0.124,0.799,0.077,-0.1918,2025-05-02
2025-05-02 11:23:24,S&P 500 seeing another day of broad-based gains,MarketWatch,https://finnhub.io/api/news?id=03e3231c424d6057d886177a08434ad4f601fa7a6ee5edc8cf3451e629cae954,0.0,0.745,0.255,0.5859,2025-05-02
2025-05-02 11:22:02,Apple sees sharp narrative shift as tariffs dominate tech giant's outlook,Yahoo,https://finnhub.io/api/news?id=4f80c324bc8ee259e66a4947e07ce20d50c4a5ec9df3b91a5763914ce90582c6,0.068,0.856,0.077,0.0516,2025-05-02
2025-05-02 11:20:14,Morning Bid: Buy in May?,Yahoo,https://finnhub.io/api/news?id=db122301ff2ade749db0798fd2bee531dcc39b5cfe5173ee966e3e62d0f71b1e,0.062,0.896,0.042,-0.0864,2025-05-02
2025-05-02 11:00:06,TSX gains on signs of easing Sino-US trade tensions,Finnhub,https://finnhub.io/api/news?id=ccce9810ad49513af0a8460744f3c3c4c07dc2a9c9bda2696610bf384b08ca10,0.123,0.731,0.146,0.0,2025-05-02
2025-05-02 10:51:57,"No China, No Problem: Upgrading Apple To A Buy",SeekingAlpha,https://finnhub.io/api/news?id=9a60fdf1ec6eda089fd8de03386476664a10ce859a317b154bfc46d89a055f70,0.077,0.663,0.26,0.7919,2025-05-02
2025-05-02 10:41:35,Apple must defend all fronts,Finnhub,https://finnhub.io/api/news?id=1fb4c3f1726e52137e60f67f17f1e4a7a64152f4cccbfe574b4d8fa03bf169c8,0.157,0.769,0.074,-0.4588,2025-05-02
2025-05-02 10:37:12,Stock Market Today: Dow Jones Soars 400 Points On Strong Jobs Report; Palantir Stock Jumps Ahead Of Results (Live Coverage),DowJones,https://finnhub.io/api/news?id=3c78b8fc397a222acdef1bfabb308a961e38cc7a828e78ea768e8707eaea5c42,0.0,0.852,0.148,0.765,2025-05-02
2025-05-02 10:07:41,"Magnificent Seven ETF hanging in there even as Amazon, Apple slide",MarketWatch,https://finnhub.io/api/news?id=79a7dd78edc9dae02533a810290170a6d124d51ee6aec684943f6e5c726e4bac,0.0,0.616,0.384,0.8807,2025-05-02
2025-05-02 09:57:00,Apple’s $100 billion buyback disappointed some. Here’s where it ranks historically.,MarketWatch,https://finnhub.io/api/news?id=a3b1478c64891221c574c4cbbcc3ce71fa3356897e8b2e000df577b0fd57e2e9,0.237,0.763,0.0,-0.7351,2025-05-02
2025-05-02 09:34:11,Dow Jones Rallies On Surprise Jobs Report; Apple Dives On Earnings,DowJones,https://finnhub.io/api/news?id=f32d532635e95dc570b544259c0557fd89fe9bacc5046d42872783b09d1cbaca,0.0,0.826,0.174,0.4939,2025-05-02
2025-05-02 09:20:49,"Wall Street set to open higher on tariff, jobs data optimism",Finnhub,https://finnhub.io/api/news?id=5885a436fad29fb3954de3d28227668d11de61e56c5b38badbef70aaa6c6cb56,0.0,0.904,0.096,0.5423,2025-05-02
2025-05-02 09:19:55,Apple: Overvalued Stock Faces Tariff Troubles And Growth Struggles,SeekingAlpha,https://finnhub.io/api/news?id=4dbdeb43ba77d858f529f08d35cc0405984233ef137050a383a8924ba70b011f,0.39,0.426,0.184,-0.4404,2025-05-02
2025-05-02 08:32:27,"Apple shares fall as buyback cuts, tariff fears fan investor jitters",Finnhub,https://finnhub.io/api/news?id=188afc2c0f293538e370261bf7b2084c9934cc46e797cb408048a63c892bde38,0.101,0.765,0.135,0.1779,2025-05-02
2025-05-02 08:15:13,APPLE INC : Jefferies lowers its rating to Sell,Finnhub,https://finnhub.io/api/news?id=72a2a4138cb66d0fb3b8214966b824b72973897b39e0e58e548cd94d71965723,0.093,0.907,0.0,-0.4019,2025-05-02
2025-05-02 08:04:30,"Block, Atlassian, Apple, Roku, Amazon And Other Big Stocks Moving Lower In Friday's Pre-Market Session",Benzinga,https://finnhub.io/api/news?id=a92b7eb68b122c053fbeca29747bca9c14c20aac333cc4794f1097dcd304cc9c,0.271,0.638,0.09,-0.5267,2025-05-02
2025-05-02 07:57:53,Apple To Rally More Than 17%? Here Are 10 Top Analyst Forecasts For Friday,Benzinga,https://finnhub.io/api/news?id=355e6675a834ec11d293d50452faafc4d633636a15f6b33ecd16226d5a4366e6,0.0,0.878,0.122,0.2023,2025-05-02
2025-05-02 07:52:31,"Futures edge up on hopes of easing trade tensions, jobs data awaited",Finnhub,https://finnhub.io/api/news?id=87052cac067eb1bf558f2973a797651e0831002010a84868db9bc43f1e9bc119,0.268,0.591,0.14,-0.7845,2025-05-02
2025-05-02 07:16:46,MORNING BID AMERICAS-Buy in May?,Finnhub,https://finnhub.io/api/news?id=c38c6169aca080721087cc5924b3935f61e430f0eb3086084a28bbb1c68fcb97,0.0,0.962,0.038,0.0258,2025-05-02
2025-05-02 07:15:00,"The Market Rally Is Strong, This Would Send It Stratospheric. And 5 Other Things to Know Today.",MarketWatch,https://finnhub.io/api/news?id=851f5e648d75a8c5c058491849de4a7d2ae8640c6a02880f0a99d699ad1f6e21,0.0,0.829,0.171,0.765,2025-05-02
2025-05-02 06:37:25,APPLE INC : Goldman Sachs reiterates its Buy rating,Finnhub,https://finnhub.io/api/news?id=f3e9831a351b0fd56b639d1649f3da6471058b061e79fa51d6dae92e05332ebe,0.0,0.853,0.147,0.7506,2025-05-02
2025-05-02 06:20:15,APPLE INC : UBS reiterates its Neutral rating,Finnhub,https://finnhub.io/api/news?id=4871a3ea99589fcf6270c650232a1214c84ccee09f2ab278d834ed75e482e0d3,0.0,1.0,0.0,0.0,2025-05-02
2025-05-02 05:56:00,China Says Its ‘Door Is Wide Open’ for Trade Talks. What It Means for the Market.,MarketWatch,https://finnhub.io/api/news?id=f8259ed3a14e92697cbdbca11cc7bf396808aed4851f908ad7a69385d25ffc8b,0.0,1.0,0.0,0.0,2025-05-02
2025-05-02 05:48:34,Stocks gain on signs that Sino-US trade tensions may be easing,Finnhub,https://finnhub.io/api/news?id=cc9c56429f6bfe166ae2a7468bc416b7b5209b2da4e85358c8352ae4e2d3cc76,0.063,0.728,0.209,0.6369,2025-05-02
2025-05-02 05:30:00,What Big Tech Has Going for It in the Trade War,DowJones,https://finnhub.io/api/news?id=d8d5fa739e85adc5244d2aa1cf6e87bd0e54b4392551ca9fba4d99998e18ce7f,0.281,0.719,0.0,-0.8316,2025-05-02
2025-05-02 05:17:16,"Premarket movers: Apple, Amazon.com, Block, Roku, Reddit",MarketWatch,https://finnhub.io/api/news?id=0695d4db90050cab31e9005d316514b94b6e2780f84265a9406d9d0980bfc725,0.326,0.674,0.0,-0.7003,2025-05-02
2025-05-02 05:04:54,Apple shares fall as tariff costs to add more agony,Finnhub,https://finnhub.io/api/news?id=14d2ceb10ce0a5ba8dac9f10dc539c8c20759c3d7a1ec331d86fbe4bf04c0ade,0.11,0.744,0.146,0.1706,2025-05-02
2025-05-02 05:02:12,Why Twilio Shares Are Trading Higher By Over 9%; Here Are 20 Stocks Moving Premarket,Benzinga,https://finnhub.io/api/news?id=5297babb8d0887dfc3e045259126396712a75e65e09dd739cf18c3aa32900caa,0.0,0.864,0.136,0.296,2025-05-02
2025-05-02 04:22:38,Apple's Adaptability Is Being Underestimated: NYU's Damodaran,Finnhub,https://finnhub.io/api/news?id=bf824f93b7a0e8347a78ddd9d74bd27ad6ce1aec92fb648ff8292ef6f085ec59,0.053,0.882,0.065,0.128,2025-05-02
2025-05-02 04:17:05,Movavi Unveils Top 3 Free Methods to Effortlessly Convert FLAC to ALAC,Finnhub,https://finnhub.io/api/news?id=230f96016683157507b4c33b68ad0d8e64b908e7365fc00e8853d30291d19dd9,0.0,0.74,0.26,0.9245,2025-05-02
2025-05-02 02:20:32,"Apple shares fall in Frankfurt after tariff warning, trims buyback",Finnhub,https://finnhub.io/api/news?id=7a3625bd207e09ad235a5fb5d0bf4b10ab18ab3b6c2faa7dc3f17b7ef9fba679,0.051,0.809,0.14,0.4939,2025-05-02
2025-05-02 02:01:21,Apple prepares for impact trade war,Finnhub,https://finnhub.io/api/news?id=32542b207075a9fb2233b7221213d19387c5e40050311f0ed63de94c7e03ef0e,0.139,0.81,0.051,-0.5859,2025-05-02
2025-05-02 01:40:07,Stocks gain on signs of easing Sino-US trade tensions,Finnhub,https://finnhub.io/api/news?id=dadefc78d7a5e34193fb85a8a687fc376f7f2437be59233c8827d2d2173ee5a8,0.065,0.699,0.236,0.7269,2025-05-02
2025-05-02 01:14:53,PRESS DIGEST- Wall Street Journal - May 2,Finnhub,https://finnhub.io/api/news?id=1071e046918557d3cc9019fcfd1d0317db306e4a4bef97750c926830e1c7cdb8,0.0,0.954,0.046,0.2023,2025-05-02
2025-05-02 00:30:13,"Bright signs from Beijing, bad omens from Apple",Finnhub,https://finnhub.io/api/news?id=ff62d7f89a62d622428b89a54df0e9b3536501ee79aef1d17869702c089a59bb,0.141,0.794,0.066,-0.5106,2025-05-02
2025-05-02 00:30:13,"MORNING BID EUROPE-Bright signs from Beijing, bad omens from Apple",Finnhub,https://finnhub.io/api/news?id=69ce98064840d3e0d314096aae1ced6d02fb18050b40e9b94ed1f9cdbf0f6c7c,0.154,0.846,0.0,-0.7351,2025-05-02
2025-05-01 23:00:19,"Dow Jones Futures Rise As China Says It's 'Evaluating' U.S. Trade Talks. Amazon, Apple Fall On Earnings.",DowJones,https://finnhub.io/api/news?id=c3b43a7723008c049faba309d3c63bdcc69667750c0d03f985189157049417f5,0.0,0.904,0.096,0.34,2025-05-02
2025-05-01 22:58:00,Franklin Rising Dividends SMA Q1 2025 Commentary,SeekingAlpha,https://finnhub.io/api/news?id=fc01313836da0e6b7e6dc652feea43d4abfa03a69d1ab5965b04ca5ef81ebf34,0.0,1.0,0.0,0.0,2025-05-02
2025-05-01 22:40:30,Asian stocks rise on signs of easing Sino-US trade tensions,Finnhub,https://finnhub.io/api/news?id=05cfcbd9ff55162d8ad602bb260c9c1ea10283e891d66c709fd1ed0917ff13b9,0.115,0.837,0.048,-0.4215,2025-05-02
2025-05-01 21:12:05,Spotify submits app update to Apple with external link for purchases in US,Finnhub,https://finnhub.io/api/news?id=eaf12ba4d0579f7f78d176b0200e66f11cbc6bab01e1af2cb6793f63baef26f3,0.068,0.895,0.038,-0.3612,2025-05-02
2025-05-01 20:45:25,Apple Inc. (AAPL) Q2 2025 Earnings Call Transcript,SeekingAlpha,https://finnhub.io/api/news?id=691ccec8bec9f3467c269f615344e57c720db218a158a7fb83945c50b0d35024,0.0,1.0,0.0,0.0,2025-05-02
2025-05-01 20:21:00,Here’s why Apple’s stock is getting dumped despite solid earnings results,MarketWatch,https://finnhub.io/api/news?id=c304b4305d5538c6f2bd0c9ffeb138650ab2171c66e252e5e341890677b0527c,0.315,0.685,0.0,-0.7421,2025-05-02
2025-05-01 19:50:09,"Apple girds for more trade war pain, trims buyback",Finnhub,https://finnhub.io/api/news?id=8c087b21a1d51cd8642b9d7a3b490ec4aeef8f138cf159ee92d5e50c66a2e0a0,0.169,0.784,0.048,-0.7609,2025-05-02
2025-05-01 19:47:27,Why is Apple's stock down? Here are a few reasons.,MarketWatch,https://finnhub.io/api/news?id=81c886ed14a3c054130ffec3ffda355e97a5e5234e66226b3f0322d8bd3868f8,0.0,1.0,0.0,0.0,2025-05-02
2025-05-01 19:06:55,"Apple, Amazon shares slip after hours; tech shares jump earlier",Finnhub,https://finnhub.io/api/news?id=beed5975809bf4db5b4ee4b263174a872429e3cb81ceb4cb9e36f3afd6cec315,0.07,0.654,0.277,0.7579,2025-05-02
2025-04-30 14:50:00,"Here’s what’s worth streaming in May 2025 on Netflix, Max, Hulu, Disney+ and more",MarketWatch,https://finnhub.io/api/news?id=0aefb9c281a81ac2c3f61664e8bd0bb943d70965948657a69fd12d3b2dba27a9,0.0,0.865,0.135,0.4703,2025-04-30
2025-05-01 19:01:10,Apple says Trump Tariffs will cost 900 million dollars next semester,Finnhub,https://finnhub.io/api/news?id=88a1e37058268b607316eea83c95db1fe50bd1aa44924c024e1f3e1844bab380,0.069,0.771,0.16,0.6705,2025-05-02
2025-05-01 18:50:03,"Apple Q2 Earnings: Execution Risks Loom Large, Turning Bearish (Rating Downgrade)",SeekingAlpha,https://finnhub.io/api/news?id=e214e566f74e8d87b53adc2213969f71273eea9277a7c19b6a77d32524efb8f3,0.267,0.733,0.0,-0.836,2025-05-02
2025-05-01 18:43:00,"Apple Says Most of Its Devices Shipped Into U.S. Will Be From India, Vietnam",DowJones,https://finnhub.io/api/news?id=a9d78523076c7a3d3a3c3869a9e1559c1bdb8c06e001d5a867b81601764b7aa6,0.0,1.0,0.0,0.0,2025-05-02
2025-05-01 18:21:19,Apple's buyback boost is dubbed a 'head scratcher' by one analyst,MarketWatch,https://finnhub.io/api/news?id=2cddf7f7dd29d2bf44331bf8ea8732a3c50769043d925cf74ce45af9ebe0b7e1,0.0,0.787,0.213,0.6597,2025-05-02
2025-05-01 18:10:05,"Tim Cook admits to AI issues, needs more time to complete personalized Siri",MarketWatch,https://finnhub.io/api/news?id=6bfdeb8e65f67049e08ad0865b496a71cff183c2fea1cda672f4a89ba7ebb3db,0.0,0.845,0.155,0.5267,2025-05-02
2025-05-01 18:02:32,Apple Tops March-Quarter Targets On Record Services Revenue. But Stock Slips.,DowJones,https://finnhub.io/api/news?id=7346747e29dacf2e02c78cba520bc29486e8e4f3a21f04e560bcea7762aaf60e,0.0,0.752,0.248,0.765,2025-05-02
2025-05-01 17:59:00,A TikTok Choice for Google and Apple,DowJones,https://finnhub.io/api/news?id=22dd5a577688a6edd5c499c4d8db05227317c429e1ecb72af29103d6df91227a,0.0,1.0,0.0,0.0,2025-05-02
2025-05-01 17:56:00,"Stocks to Watch : Apple, Amazon.com, Airbnb, Instacart",Finnhub,https://finnhub.io/api/news?id=52f99f519ae88979837b6b2fd7b02368330050e3a21b749bf04b05b04e235ee6,0.0,1.0,0.0,0.0,2025-05-02
2025-05-01 17:48:47,Apple's Cook is uncertain about tariff costs going forward,MarketWatch,https://finnhub.io/api/news?id=4c983dff47b964958326f80b5178ae08b12c0e8fb1e9ea1706c9691d6066d14d,0.216,0.784,0.0,-0.5267,2025-05-02
2025-05-01 17:45:41,"Apple offers a bit of guidance, with some clues on how tariffs will hit margins",MarketWatch,https://finnhub.io/api/news?id=b58882015c460025aa78cbf55e1585eafe623d6afca120c3d4fdf646bb0a4f86,0.0,1.0,0.0,0.0,2025-05-02
2025-05-01 17:40:31,Apple continues to whittle down its net cash balance,MarketWatch,https://finnhub.io/api/news?id=897428ddd1bd7a7a2d1d086afb0399dd8523259c26885b076c94f762eeb7a5bb,0.0,1.0,0.0,0.0,2025-05-02
2025-05-01 17:35:56,Apple estimates tariffs will add $900 million to costs in June quarter,Finnhub,https://finnhub.io/api/news?id=381351fdae09c2518426985776119b09eefbd9a15eabf28d6becec876de96336,0.045,0.955,0.0,-0.2235,2025-05-02
2025-05-01 17:31:36,Here's how Apple will try to get around China tariffs,MarketWatch,https://finnhub.io/api/news?id=ceeb3a97dddaf06abdeb65fd0c9382b9cd9a88d8841aff134c971c7ec21fceef,0.0,1.0,0.0,0.0,2025-05-02
2025-05-01 17:29:12,Apple puts a number on tariff costs — for now,MarketWatch,https://finnhub.io/api/news?id=79292ea170464c67127f2ec818ab447af49753883b1bfc330ff79ba17d0eccfd,0.0,0.874,0.126,0.1531,2025-05-02
2025-05-01 17:04:57,Apple : Second Quarter 2025 Financial Statements,Finnhub,https://finnhub.io/api/news?id=88199c55789259e4459afd8fa41a5032e84e3755cd533761b56f4157afe81341,0.0,1.0,0.0,0.0,2025-05-02
2025-05-01 17:04:30,Apple's earnings call just kicked off. Here's how to listen.,MarketWatch,https://finnhub.io/api/news?id=d216ad278a66e53861dd4b4a80e6a884e78c2350abd7db966b9c05147cc002dd,0.0,1.0,0.0,0.0,2025-05-02
2025-05-01 17:02:04,Apple's gross margin expands — but tariffs could throw a wrench in that momentum,MarketWatch,https://finnhub.io/api/news?id=f6d61c976be98cceb26c6addb868cc35eaf0476678694fca85682e1e63c3dcab,0.188,0.727,0.085,-0.6597,2025-05-02
2025-05-01 17:01:30,"Apple slightly outperforms expectations, but trade tensions continue to worry investors",Finnhub,https://finnhub.io/api/news?id=6a8687d8cf6dbb567a0f6b839cab87502db8549b70e24407f56c52c5f8ee35b2,0.339,0.661,0.0,-0.9612,2025-05-02
2025-05-01 17:00:14,Apple posts stronger-than-expected Q2 results but stocks slides after-hours,Finnhub,https://finnhub.io/api/news?id=09e04911d202bf0778d9961f4a74063c740c96e88633d9443871c6e7bbb0413e,0.0,1.0,0.0,0.0,2025-05-02
2025-05-01 16:58:11,Apple's services revenue comes in slightly below expectations,MarketWatch,https://finnhub.io/api/news?id=c75e47df0440860e7583ad4fb5069d62a04f32b2dc602a171f0ea33c84e84dc7,0.0,1.0,0.0,0.0,2025-05-02
2025-05-01 16:55:03,Apple reports second quarter results,Finnhub,https://finnhub.io/api/news?id=f55a61205d7df0423607f25b35335870a2bc7d131e39c69d447d6ba6f087327f,0.0,0.921,0.079,0.0516,2025-05-02
2025-05-01 16:52:36,"Another year, another dividend hike for Apple",MarketWatch,https://finnhub.io/api/news?id=3e2e624c38f8d00e4d8b013252bcfa97f31eb9770985367c25e6e44a66fa18e2,0.0,1.0,0.0,0.0,2025-05-02
2025-05-01 16:51:24,Microsoft: The Return Of Azure (Rating Upgrade),SeekingAlpha,https://finnhub.io/api/news?id=dcad785425132178fc94c79a1d754e289d53491f07166318c9afa27db8fd181f,0.0,0.861,0.139,0.6124,2025-05-02
2025-05-01 16:50:00,"Update: Apple Must Pay Optis $502 Million in Patent Infringement Case, UK Court Rules",Yahoo,https://finnhub.io/api/news?id=92b0cc6d03731f957978be47b0f7632bf6899dcea52f9359401f5ca502429da6,0.13,0.87,0.0,-0.5423,2025-05-02
2025-05-01 16:47:37,Apple edges past sales expectations but shares decline on tariff fears,Finnhub,https://finnhub.io/api/news?id=311cdbead449f824ec16668ded9e9244c886d9093f40d7b9bb5a19e74b1046be,0.167,0.769,0.063,-0.6808,2025-05-02
2025-05-01 16:40:47,Microsoft Nabs Apple's Crown,Yahoo,https://finnhub.io/api/news?id=5970b4e20060b4c38e96d90b839d4e76fc00b21701184b074a040d43448037f7,0.055,0.945,0.0,-0.296,2025-05-02
2025-05-01 16:40:28,Apple boosts its buyback program by $100 billion — short of its record,MarketWatch,https://finnhub.io/api/news?id=327979b1bf2e76839afb16e5862a67c79870bfb7f7c0b10f1be6ec60cda69d68,0.0,0.839,0.161,0.5574,2025-05-02
2025-05-01 16:39:26,Apple iPhone sales beat Wall Street's estimates,MarketWatch,https://finnhub.io/api/news?id=0d7e0aad6784ab2ee2b9ca178cd43dd9c22d5525a4de9dba6ac20604ee797aa2,0.0,1.0,0.0,0.0,2025-05-02
2025-05-01 16:37:20,Apple: Fiscal Q2 Earnings Snapshot,Finnhub,https://finnhub.io/api/news?id=2842506cf24ddb8ff2bc784801a6ef49dcbf02097158b443944b51aa8f640ced,0.0,1.0,0.0,0.0,2025-05-02
2025-05-01 16:36:17,Apple edges past expectations as world girds for tariff impact,Finnhub,https://finnhub.io/api/news?id=1250029f6c84e6f99be5f8b2aaf3507da4140f8bfbe789f7181034a5a49b113d,0.074,0.926,0.0,-0.4215,2025-05-02
2025-05-01 16:33:16,"Apple's stock is falling after earnings, and China could explain why",MarketWatch,https://finnhub.io/api/news?id=e3ab5af032c2e3d007d7992430fd40563948625128e6520f89d31146de464df3,0.138,0.862,0.0,-0.296,2025-05-02
2025-05-01 16:24:00,"These Stocks Moved the Most Today: Microsoft, Eli Lilly, Kohl’s, Apple, Tesla, Meta, Qualcomm, CVS, and More",MarketWatch,https://finnhub.io/api/news?id=b3b3fab89dda9ed8cac4814a44ae01eb87c6da138792b4d9a33303cdcf2903c3,0.0,1.0,0.0,0.0,2025-05-02
2025-05-01 16:16:12,Apple Hit With Legal Bombshell Just Hours Before Earnings -- Here's What Wall Street's Missing,Yahoo,https://finnhub.io/api/news?id=00da72b74b45b94751fc09816da0e7737817a4f64463ac9ab61d638f0ea47af7,0.125,0.84,0.035,-0.296,2025-05-02
2025-05-01 16:10:21,Big Tech Stocks Have Had a Magnificent Day So Far,Yahoo,https://finnhub.io/api/news?id=5652aa8407d5342bdb32aa3b8555fa79bd2209b3a0c5d563ee052a8590b9f4fe,0.0,0.757,0.243,0.926,2025-05-02
2025-05-01 16:00:03,Did Apple manage to grow iPhone sales?,MarketWatch,https://finnhub.io/api/news?id=8c7efa4b649c1d46882ea728fd5b6535818b40e0a721ea8d7cff8f4b455e6580,0.0,1.0,0.0,0.0,2025-05-02
2025-05-01 15:57:24,Apple Reshuffles Global Affairs and Music Divisions in Major Reorganization,Yahoo,https://finnhub.io/api/news?id=e1418c225b95037f72e58bcb8603376a4d08c7974c246700f46b9a2e400f84d6,0.0,1.0,0.0,0.0,2025-05-01
2025-05-01 15:47:10,Explainer-What's next for Apple after US court's contempt order in Epic Games case?,Yahoo,https://finnhub.io/api/news?id=f15134b2765163baf13646d3f733c178f6ab2cf04a3570b3dfe5fd9b6d662549,0.189,0.777,0.034,-0.9477,2025-05-01
2025-05-01 15:44:02,Judge Finds Apple Violated Antitrust Ruling,Yahoo,https://finnhub.io/api/news?id=9c918e16ace41db50cfd69db396419294822cc03b7052f6dc663cac9522def8a,0.19,0.81,0.0,-0.7783,2025-05-01
2025-05-01 15:41:00,"These Stocks Are Moving the Most Today: Microsoft, Eli Lilly, Kohl’s, Apple, Tesla, Meta, Qualcomm, CVS, and More",Yahoo,https://finnhub.io/api/news?id=06ff2af0d0d561c0b85882dca15c55324a1f3faf99bcd9688b0f2546c39637a1,0.05,0.916,0.034,-0.2732,2025-05-01
2025-05-01 15:12:13,Investors Await Apple's Forecast,Finnhub,https://finnhub.io/api/news?id=569c324f6b98fa1f0b43ac6a41beb2e396f57a4e4b3796260966c0f7b27d689f,0.0,0.801,0.199,0.7346,2025-05-01
2025-05-01 15:05:47,CCME launches to take on anti-competitive smartphone platform duopoly,Yahoo,https://finnhub.io/api/news?id=d8795020ecf4fa947f0a1a8030eff72e1b1544fa0c6784d12fcc1e555c3b5c11,0.016,0.922,0.062,0.4404,2025-05-01
2025-05-01 14:56:55,Moffett: I Am Not a Bear on Apple,Yahoo,https://finnhub.io/api/news?id=ccc951d443f86afaeddb28de7b5d42682cf0d5a0f41314bc6492d6850787b9ef,0.0,0.846,0.154,0.8591,2025-05-01
2025-05-01 14:42:26,"Wall Street Eyes 8th Positive Day As S&P 500 Recoups Tariff-Led Losses, Bitcoin Rallies To $97,000: What's Driving Markets Thursday? (CORRECTED)",Benzinga,https://finnhub.io/api/news?id=279bec13c8b9b2c09b4384ddf2fca92b71caaaf06e3f5ac9c8599a59a7f36b28,0.07,0.836,0.094,0.2263,2025-05-01
2025-05-01 14:15:06,Fortnite plans return to the US iOS App Store next week,Yahoo,https://finnhub.io/api/news?id=14b0b49bf83bcb60d17b59fea8730909b758e100860db700ff4f757de45c872c,0.083,0.855,0.062,-0.2924,2025-05-01
2025-05-01 13:55:55,Apple Stock Opens Lower,Yahoo,https://finnhub.io/api/news?id=fc14871c72b5e6333e57beaa1d1cfa94c4f29403dbc305b12fab8e0d134603f2,0.068,0.887,0.045,-0.0258,2025-05-01
2025-05-01 13:51:41,Apple Inc. (AAPL): Jim Cramer Braces for Earnings — “We Think They’re Going to Miss”,Yahoo,https://finnhub.io/api/news?id=b3456ebeff4e33a3e593e5c5f1a8aa21eec85fe1975db9654a697c11ac7f3762,0.0,1.0,0.0,0.0,2025-05-01
2025-05-01 13:43:00,Stocks shrug off recession alarms as Big Tech earnings blow off the roof,Yahoo,https://finnhub.io/api/news?id=966d097d5f29a26de713fa6f39244a5dea6ea09268ff4c2f39cefc2fbb69655c,0.062,0.794,0.144,0.7579,2025-05-01
2025-05-01 13:34:42,"Magnificent Seven Stocks: Nvidia, Tesla Rally; Meta, Microsoft Surge On Earnings",DowJones,https://finnhub.io/api/news?id=f6ec37a8c952097bb411a9c5065fc13496873b47494f09961e7687193fa3f35d,0.0,0.719,0.281,0.8316,2025-05-01
2025-05-01 13:33:25,How To Earn $500 A Month From Apple Stock Ahead Of Q2 Earnings,Yahoo,https://finnhub.io/api/news?id=30ab73eb0da40bbff2ace7197f2a13840de677a4d0f3c397156a2ad83df6f910,0.028,0.909,0.063,0.3612,2025-05-01
2025-05-01 13:11:42,"Big Tech earnings, Amazon & Apple, Tesla denies search: 3 Things",Yahoo,https://finnhub.io/api/news?id=53ce1beb2341d01b70e975d9b05c63a3a6a91ea890dfbd6e6fe0ebad519b7559,0.048,0.89,0.062,0.1531,2025-05-01
2025-05-01 13:07:10,The most bought US stocks in Trump's first 100 days,Yahoo,https://finnhub.io/api/news?id=70d63b46143a955f4efe1de400f10db26c5f3dce31bd0dc66c5a79ef704b20e6,0.0,1.0,0.0,0.0,2025-05-01
2025-05-01 12:45:00,Apple Stock Falls Ahead of Earnings,Yahoo,https://finnhub.io/api/news?id=607b3e10649d829f9584a283d625bcba478a2da517541292c2320351c6ccdad9,0.209,0.769,0.022,-0.9565,2025-05-01
2025-05-01 12:27:17,"Live On CNBC, Joe Terranova Announces His ETF Bought Apple; Sold Alphabet Inc. - Class A",Benzinga,https://finnhub.io/api/news?id=8c02a3d57d45fcc705887b7804f106683df2e18e28e9c51143689614d6f50f49,0.0,1.0,0.0,0.0,2025-05-01
2025-05-01 11:40:49,What's next for Apple after US court's contempt order in Epic Games case?,Finnhub,https://finnhub.io/api/news?id=016de30f99ca42bbfa6bcbc1a5e5b24ae6451d8e9369cd83e13cdc5280ece3f8,0.212,0.788,0.0,-0.9001,2025-05-01
2025-05-01 11:02:06,Judge rules Apple violated injunction against its 'anticompetitive conduct',Finnhub,https://finnhub.io/api/news?id=874fdc5f1720e368c0d21c7135a73df9d9d159cd51929e1a1c7236fb4a2ddbed,0.248,0.752,0.0,-0.8807,2025-05-01
2025-05-01 10:20:00,ClearBridge Appreciation Fund Q1 2025 Commentary,SeekingAlpha,https://finnhub.io/api/news?id=ef4d2ebf293acf440c9ed44ef37a9524f79dcfd1256a59dde45be764b72a9985,0.0,0.762,0.238,0.802,2025-05-01
2025-05-01 09:57:25,"Dow Jones Rallies After Surprise Jobless Claims; Meta, Microsoft Surge On Earnings",DowJones,https://finnhub.io/api/news?id=2cb06b5b528993dfd328ee2b390a27323b0a6ca54c23dc99105394502e0bd3de,0.0,0.84,0.16,0.4939,2025-05-01
2025-05-01 09:17:07,"Apple must pay Optis $502 million lump sum in UK patent dispute, court rules",Finnhub,https://finnhub.io/api/news?id=c89df57aee58a5d05ddd826d3864603d3e38f7536916d3332b7ee1a585e8d0ab,0.113,0.887,0.0,-0.5423,2025-05-01
2025-05-01 09:00:00,Living Without China: A Realistic Outlook For The U.S. Economy,SeekingAlpha,https://finnhub.io/api/news?id=4af61fa63816f87298b39ecbc1d6c81360173f0bd3a025296d94120ae408d3fc,0.0,1.0,0.0,0.0,2025-05-01
2025-05-01 04:32:37,"Earnings Scheduled For May 1, 2025",Benzinga,https://finnhub.io/api/news?id=690d0b92596afcc9f436adc38555e82090b27aadf0b4d7b9d8ad296d306adbfc,0.0,1.0,0.0,0.0,2025-05-01
2025-05-01 03:31:56,Short Seller Jim Chanos Slams Trump's Reindustrialization Hopes: Says $3-Per-Hour Apple Supplier Foxconn Workers Were 'Too Expensive' — Questions If 'Those Jobs Are Coming Back',Benzinga,https://finnhub.io/api/news?id=2361d8f3343a911a0f1aed5b4e3576c33f880aab0ce2ae7617c8f9ed6a5af3b0,0.029,0.866,0.105,0.5719,2025-05-01
2025-05-01 03:21:21,'Outright lies': judge says Apple violated competition court order,Finnhub,https://finnhub.io/api/news?id=1119865b0b17b1096e47a36194305f5a0614882a32149e09d557272dd258cc41,0.202,0.758,0.04,-0.8271,2025-05-01
2025-05-01 03:07:53,Dow Gains Over 100 Points On Wednesday But Records Loss For Third Straight Month: Greed Index Remains In 'Fear' Zone,Benzinga,https://finnhub.io/api/news?id=764f55ed8ea0f718a154fcf92fa1faf2f97e98a6bb4cc15cfd1c72efd2af4c92,0.362,0.503,0.136,-0.8294,2025-05-01
2025-05-01 03:04:57,Apple Inc. (AAPL): Tariffs Force a Price Target Cut — Can Services and AI Keep It Afloat?,Yahoo,https://finnhub.io/api/news?id=00d1f0fbc39af2f194c3d9b3f9dfb40db106b99b238634e6faf13410e30f9e2d,0.028,0.972,0.0,-0.2732,2025-05-01
2025-05-01 01:42:21,"Apple Must Halt Non-App Store Sales Commissions, Judge Says",Yahoo,https://finnhub.io/api/news?id=acedc168334aab93c24dd498d6b49de2605faef77ca3e1787aef7f18733aee8a,0.117,0.883,0.0,-0.8834,2025-05-01
2025-05-01 01:31:00,Apple Faces Potential Criminal Contempt Charge in U.S. Antitrust Case,Yahoo,https://finnhub.io/api/news?id=184b15bda59fbdcbd8ea655476f2053d11ecfce3189918599e81f5dd488e7f24,0.223,0.777,0.0,-0.8074,2025-05-01
2025-05-01 01:29:56,Epic Games just scored a win against Apple,Yahoo,https://finnhub.io/api/news?id=bb13030a13901d7971f5f551e5dd804b01758a626d5882b3c37d619a2017cf64,0.079,0.803,0.118,0.6369,2025-05-01
2025-05-01 01:14:00,"Apple Violated Antitrust Ruling, Judge Finds",Yahoo,https://finnhub.io/api/news?id=ad5457949576f7285fe48846b670d301474940fb754e047075e4677029542d37,0.335,0.665,0.0,-0.9337,2025-05-01
2025-05-01 01:05:56,Court sides with Fortnite maker Epic as Apple sanctioned for defying order in App Store case,Yahoo,https://finnhub.io/api/news?id=293134b46b8948a613664c392111e05f2cbfbaf921cc82a2c7bf1f44c189f5c8,0.083,0.866,0.051,-0.6705,2025-05-01
2025-05-01 00:18:17,Is Apple Inc. (AAPL) the Best Augmented Reality Stock to Buy According to Hedge Funds?,Yahoo,https://finnhub.io/api/news?id=be1b3f262ecdb7997890ff51a0ee2afe018a084c3ed48f117274963670a14d60,0.0,0.81,0.19,0.9493,2025-05-01
2025-04-30 23:50:00,Franklin Global Equity Fund Q1 2025 Commentary,SeekingAlpha,https://finnhub.io/api/news?id=add304a3ab757e79b9ad0319825662e9fcf86ab08aa9fe55c09c3b0c156d77d8,0.0,1.0,0.0,0.0,2025-05-01
2025-04-30 23:27:00,Franklin Rising Dividends Fund Q1 2025 Commentary,SeekingAlpha,https://finnhub.io/api/news?id=26941f83084757ed624985370f3fd39d40943f91642b1ebf6fc6e3c4526f1c0d,0.0,1.0,0.0,0.0,2025-05-01
2025-04-30 23:14:58,US judge rules Apple violated order to reform App Store,Yahoo,https://finnhub.io/api/news?id=a7eace2042989bcaba60db6abe4470c95dea8ee4a65bdbabbce2c44e72b1d624,0.117,0.808,0.076,-0.5267,2025-05-01
2025-04-30 23:00:52,"Amazon and Apple earnings coverage, Eli Lilly: What to Watch",Yahoo,https://finnhub.io/api/news?id=df2b9307b9d5d0e211a07c09f4c5130fc294ec295df18da85e79cbabe9ceb01d,0.035,0.907,0.058,0.4256,2025-05-01
2025-04-30 21:03:27,Peter Lynch Once Revealed Existence Of A One Liner So Loved By Warren Buffett That The Oracle Of Omaha Called Him To Borrow It: 'The One Line He Picked…Has Been The Greatest Mistake',Benzinga,https://finnhub.io/api/news?id=8e900f63a1e8cfb32005c310c65be1172874efb6ecc0dfb8ed5329d4c323c848,0.06,0.697,0.243,0.9551,2025-05-01
2025-04-30 20:58:33,Apple Stock Gets Price-Target Cuts On Tariff Headwinds,Yahoo,https://finnhub.io/api/news?id=08f6b9c721488318b3b899627abe6dd129c69b14e0bda2106cf3add82e076d79,0.125,0.875,0.0,-0.5106,2025-05-01
2025-04-30 20:54:25,Amazon Plans to Build Dozens of US Warehouses in Rural Expansion,Yahoo,https://finnhub.io/api/news?id=56861eb1cef96cefdb3bd67e8706b4aa92705ecdcaa46b56800ff5d034a91aaa,0.024,0.942,0.035,0.0258,2025-05-01
2025-04-30 20:47:39,Apple Must Explain How It Can Dodge a Trade War as It Reports Earnings,Yahoo,https://finnhub.io/api/news?id=465e49e29fd9d127a2e4eaf308859e6531f0805a23477a1c118ce7e36f1249de,0.059,0.868,0.074,0.1531,2025-05-01
2025-04-30 20:13:14,Veteran Investor Joe Terranova Is “Concerned” About Apple Inc. (AAPL),Yahoo,https://finnhub.io/api/news?id=7a7d7ef32da2103e6136d5b7dafa6bc752287b692a9de1495ad583b2695d410a,0.033,0.905,0.062,0.25,2025-05-01
2025-04-30 19:09:28,"Epic Games CEO Says If Apple Extends Court's Friction-Free, Apple-Tax-Free Framework, We'll Return Fortnite To App Store Worldwide & Drop Litigation - X Post",Finnhub,https://finnhub.io/api/news?id=2939c4bd88347c1586d61fa10c863bd3bfc7658ef7d419057ca8667e69177061,0.126,0.804,0.07,-0.4588,2025-05-01
2025-04-30 19:02:17,20 company reactions — good and bad — to Trump’s tariff war,Yahoo,https://finnhub.io/api/news?id=0b30b371442b5cf2ad4ed05142abaccc00981cef97b842dc6efeaefd1496df3a,0.258,0.653,0.088,-0.9042,2025-05-01
2025-04-30 18:38:58,Big Tech Civil War: Meta and Spotify Just Declared War on Apple and Google,Yahoo,https://finnhub.io/api/news?id=2dd4fccd881e422ba4aa8df83b6e2f4ea2064cbaed9089d25177cac99856ea82,0.206,0.713,0.082,-0.6915,2025-05-01
2025-04-30 18:28:08,Is Apple Inc. (AAPL) the Best Dow Stock for the Next 12 Months?,Yahoo,https://finnhub.io/api/news?id=e3c15ae106d166a8d6c1f50ad3156f2e94219777037ac1f0536ee973532027f5,0.097,0.755,0.149,0.6597,2025-05-01
2025-04-30 18:25:33,Google CEO warns judge a breakup of search empire 'will have many unintended consequences',Yahoo,https://finnhub.io/api/news?id=9c65bb78215613c939398d15f4ec78be962edddcb8ed56aec93ce00fdc2fd55b,0.03,0.824,0.145,0.6486,2025-05-01
2025-04-30 17:52:24,Market Chatter: Google's Pichai Expects to Reach Deal With Apple on Including Gemini on New Phones This Year,Yahoo,https://finnhub.io/api/news?id=3e7e5939cf2ee2cc3ee3df6a920d5250bd24fa73a7966eae8cba5b526f322eed,0.0,0.968,0.032,0.0258,2025-05-01
2025-04-30 16:38:49,"Pichai pushes back on antitrust remedies, hints at Apple Gemini talks",Yahoo,https://finnhub.io/api/news?id=b9b823370fad32de466e82b3f618e418ef739c61d1af785655feee33aeca425d,0.067,0.933,0.0,-0.5719,2025-05-01
2025-04-30 16:38:46,"AAPL, NVDA Aren’t Safe Investments Now, Renowned Analyst Suggests",Yahoo,https://finnhub.io/api/news?id=4f736f394266ae872c6717c455cd0cf3daf7a6549bb887783a9f1ac925a90c34,0.033,0.851,0.116,0.7096,2025-05-01
2025-04-30 15:36:12,APPLE INC : Jefferies is Neutral,Finnhub,https://finnhub.io/api/news?id=71d4516cd26e4f0cc5f6aa0f9b18877328c7df0f476eb1e79e3685ce0687f3cb,0.0,1.0,0.0,0.0,2025-04-30
2025-04-30 13:35:11,10 Information Technology Stocks With Whale Alerts In Today's Session,Benzinga,https://finnhub.io/api/news?id=71cfecf423b7bb020680e1b919805fc9a3b3f9b8709678b60791cb7a81a76acc,0.0,1.0,0.0,0.0,2025-04-30
2025-04-30 10:39:00,"As Apple reports earnings, here’s why $200 is a key stock price to watch",MarketWatch,https://finnhub.io/api/news?id=8c45bfd913931abafd0f16442b9eaf779a8a803088eb33d169fcf6c513dd7761,0.0,1.0,0.0,0.0,2025-04-30
2025-04-30 10:16:35,PTAB Allows Three Concurrent IPR Petitions For Unusual Patent Claims,Finnhub,https://finnhub.io/api/news?id=a6a63f697346b638ff5d3f11901c81a3c3a35eec0ce65e84d525b21a02c16d86,0.0,0.94,0.06,0.4019,2025-04-30
2025-04-30 10:15:00,The Davenport Core Leaders Fund Q1 2025 Commentary,SeekingAlpha,https://finnhub.io/api/news?id=30cbbdae87c9b1b956e51ece59c8a96cf5c63ad9d62c5732ec1a96c345d1f8cc,0.0,1.0,0.0,0.0,2025-04-30
2025-04-30 10:12:00,Prediction: 1 Stock That'll Be Worth More Than Apple a Year From Now,Yahoo,https://finnhub.io/api/news?id=4cbbe989904989ded6f923684f1524ad775fe656914665e5dd95f1e0b85c00ee,0.021,0.726,0.252,0.9643,2025-04-30
2025-04-30 09:34:19,EU Fines Apple And Meta €700m For Non-compliance With Digital Markets Act,Finnhub,https://finnhub.io/api/news?id=13c1553d7071a9b6fa61d8338182ab81b28b2fc82b0cc0c305b872ef8e191fe2,0.0,1.0,0.0,0.0,2025-04-30
2025-04-30 09:16:38,Is Apple Inc. (AAPL) Among The Best Warren Buffett Stock Picks For Beginners?,Yahoo,https://finnhub.io/api/news?id=9eb7b747af2f964b6ba7a73ea4fc2a89df0eb26236c92723c0a9233c40bab7a8,0.0,0.804,0.196,0.9501,2025-04-30
2025-05-12 23:38:37,"Dow Jones Futures: Trump Trade Deal Triggers Bullish Stock Market Rally; Amazon, Apple, Nvidia, Tesla Surge",DowJones,https://finnhub.io/api/news?id=ed8f67e779a62814ebdc95b62a6dcc1127ec9049a452c2d568ebe37aad39d888,0.0,0.898,0.102,0.34,2025-05-13
2025-05-12 21:01:07,'Apple considering price increase for iPhones',Finnhub,https://finnhub.io/api/news?id=f84cb93c1819415626f7a59d44ffcda1c49d4834c97206cb13dfbfc14e8f0a27,0.033,0.927,0.04,0.0816,2025-05-13
2025-05-12 19:05:00,These 10 tech stocks could benefit most from softening U.S.-China tariffs,MarketWatch,https://finnhub.io/api/news?id=7c54a1c29ac007405900c9474de3b61987c0477db23b393b7830982b2b570d9f,0.0,0.769,0.231,0.7184,2025-05-13
2025-05-12 18:11:37,"Tariffs Out, Price Hikes In: Reiterating Buy On Apple",SeekingAlpha,https://finnhub.io/api/news?id=850d52429738d33220e9a924ef8b48832477d37248a8d346694c617b26ebf9dd,0.0,0.83,0.17,0.6783,2025-05-13
2025-05-12 18:01:28,Alphabet Can See Growth Despite Legal Challenges,SeekingAlpha,https://finnhub.io/api/news?id=2b0ba6810e7920b0af5a2e6f2da7fb0aa262fd75cb6fe00b5a0b0097ca41aa3c,0.104,0.558,0.338,0.8809,2025-05-13
2025-05-12 18:00:00,"Strategically Building A $500,000 Dividend Portfolio: Boosting SCHD's Income With May's High-Yield Picks",SeekingAlpha,https://finnhub.io/api/news?id=3c2683e1f441d8591180acc200ba5acd85fc1c9068f45c420c1fb859ba641f7c,0.0,0.688,0.312,0.8932,2025-05-13
2025-05-12 16:28:00,"Amazon, Apple power ‘Magnificent Seven’ to more than $830 billion in market-cap gains in one day",MarketWatch,https://finnhub.io/api/news?id=c4382791e54fdd77d1cac9a9063372e26d17d77b2fa2d9f39cc1056ad75e1408,0.0,0.773,0.227,0.7351,2025-05-13
2025-05-12 15:25:57,Trump Says He Thinks Apple Will Increase US Investment,Finnhub,https://finnhub.io/api/news?id=8964afa5c06c9794d2ada871d9e28f9af1c00b3d7744c824795b1e9b425da322,0.0,0.913,0.087,0.3818,2025-05-12
2025-05-12 15:05:00,"Perplexity AI Looks to Raise $500 Million, Increasing the Pressure on Google Search",MarketWatch,https://finnhub.io/api/news?id=ff2ab103831114a735242aa4578e9f14e3d94b53b451e6425bc51449afa05ca0,0.155,0.845,0.0,-0.5267,2025-05-12
2025-05-12 14:49:51,"China Tariff De-Escalation Biggest Winners Include Tesla, Apple: 'New Tech Highs Back On The Table Now For 2025'",Benzinga,https://finnhub.io/api/news?id=ffdc88852ab12205cf51002e4994a53f79f7bc423686c1ffbfffb69665b14c82,0.043,0.726,0.231,0.8316,2025-05-12
2025-05-12 14:37:00,"Amazon.com Inc., Nike share gains lead Dow's 1150-point surge",MarketWatch,https://finnhub.io/api/news?id=79f12abb30ef200a83dbf4a0ab94f3065d90eab6fdd391ae62755d528dc19b61,0.0,0.603,0.397,0.802,2025-05-12
2025-05-12 14:22:07,Apple Plans AI-Powered Battery Management Mode For Devices In IOS 19 - Bloomberg News,Finnhub,https://finnhub.io/api/news?id=8e12f7eb1340935dbfa4c09a01e9e3ef5c95596489823d4a5d019a133f1a8485,0.0,1.0,0.0,0.0,2025-05-12
2025-05-12 13:44:00,"FCC Threatens Charlie Ergen’s Hold on Satellite, 5G Spectrum Licenses",DowJones,https://finnhub.io/api/news?id=5f2fbfd1f3c03622fc488a2ecc0a71ccc62c684d0b86130fff46fd6a871efe39,0.224,0.776,0.0,-0.6369,2025-05-12
2025-05-12 13:20:59,"Magnificent Seven Gain $700B After US-China Slash Tariffs, Gold Crashes: What's Driving Markets Monday?",Benzinga,https://finnhub.io/api/news?id=2c48c141cb2110078d093aa7a02e9601851830a0be3df4e44c85edbd9885dc40,0.274,0.629,0.097,-0.8555,2025-05-12
2025-05-12 13:17:24,Shares of companies within the broader tech sector are higher after the US and China agreed to a temporary reduction in most tariffs on each other's goods. A reduction in tariffs could alleviate some supply chain concerns and improve macro sentiment as well as demand visibility.,Benzinga,https://finnhub.io/api/news?id=6e1156ed0008ec607f71c3a75cac0fb901ac2053f580d5c71293281b986ba108,0.029,0.792,0.18,0.7783,2025-05-12
2025-05-12 13:08:56,US-China tariff agreement may add fuel to 'Magnificent 7' stock rally,Yahoo,https://finnhub.io/api/news?id=da15636dd09cd7d43a79ee1a393e9cfbba535bdb5b7f75b6da2fbb21755ae086,0.0,0.633,0.367,0.9001,2025-05-12
2025-05-12 12:59:00,"Amazon.com Inc., Nike share gains lead Dow's 1,033-point surge",MarketWatch,https://finnhub.io/api/news?id=9d1a2c864205db9bed91b6aabf9f9ffc27ad3add58c5bc6586edb4733fc9f71f,0.0,0.603,0.397,0.802,2025-05-12
2025-05-12 12:45:00,Secrets behind 'Magnificent 7' surge ahead of Nvidia earnings,Yahoo,https://finnhub.io/api/news?id=01edf6eb55badc6b83746c53e23177e71c5d8a64f9c4d5b5717bf83fe443bb65,0.018,0.869,0.112,0.9638,2025-05-12
2025-05-12 12:31:06,"Amazon, Tesla stocks lead 'Magnificent 7' surge after US-China temporary trade truce",Yahoo,https://finnhub.io/api/news?id=1b3394544d875423d9ff81c5c8a2d5fcdad7b83e89a2145e3db6bfa263e51902,0.086,0.665,0.248,0.743,2025-05-12
2025-05-12 12:09:07,Apple Stock Gains on Relief from Chinese Import Tariffs,Finnhub,https://finnhub.io/api/news?id=de63c643a774fb2b0bc15e6afd1b04d5d4ca9ffe95aba8e920749272fc3056a5,0.05,0.714,0.236,0.8225,2025-05-12
2025-05-12 12:04:17,Major developments in Trump's trade war,Finnhub,https://finnhub.io/api/news?id=545758286c53bc071d13283b921bf993849910132f0e20ed4b9b6789b28d5a56,0.207,0.793,0.0,-0.8225,2025-05-12
2025-05-12 12:04:17,Trump's trade war as it unfolds,Finnhub,https://finnhub.io/api/news?id=6528f002813562f00cb244aea7f04486117a6d678781ca008d076c3206227e0e,0.207,0.793,0.0,-0.8225,2025-05-12
2025-05-12 12:04:17,How Trump's trade war is upending the global economy,Finnhub,https://finnhub.io/api/news?id=60291d6ccfac09bc12e14393fcfeed7b7f4e65c847314c7c8bde0afb43cbc0a7,0.193,0.807,0.0,-0.8225,2025-05-12
2025-05-12 12:00:37,Why US-China tariff agreement isn’t super bullish for stocks,Yahoo,https://finnhub.io/api/news?id=a587bbf4a2b9bee6b11e28c50dc5e108a474dc6df02822e43d8aed62c748f675,0.034,0.867,0.099,0.9468,2025-05-12
2025-05-12 11:54:00,Your New iPhone May Get More Expensive. Apple Won’t Blame China Tariffs.,Yahoo,https://finnhub.io/api/news?id=f435f9c2c9021e73fa3c1fb789b3f2fa434eb88b7680b4e066e6c2ba15d33b93,0.093,0.825,0.082,-0.128,2025-05-12
2025-05-12 11:27:44,"Apple Stock Rises On Tariff Relief, But Services Challenges Remain Overhang",DowJones,https://finnhub.io/api/news?id=f05f4390c13fc1bd43733fe11df93778d0ec20121cc42f527c6d7162b701044e,0.0,0.664,0.336,0.7964,2025-05-12
2025-05-12 11:23:59,Dream Scenario For Tariffs: What's Next For U.S. Stocks?,SeekingAlpha,https://finnhub.io/api/news?id=00645f14a497f1d6778b24b8936b4795038218d103629509cfbbeeba0f9a9239,0.0,0.8,0.2,0.25,2025-05-12
2025-05-12 11:22:00,"Amazon.com Inc., Nike share gains lead Dow's nearly 925-point surge",MarketWatch,https://finnhub.io/api/news?id=25ecabd69c7ee30d60015d4d52ec7ea980f416caa87ee78ed9d9c9cd298f27eb,0.0,0.635,0.365,0.802,2025-05-12
2025-05-12 10:51:11,Market Chatter: Apple Weighs iPhone Price Increase While Avoiding Citing Tariffs as the Cause,Yahoo,https://finnhub.io/api/news?id=937744722a182c2b450e6954398bab793a7ae59d7b744f5462a6c47dad3ebee0,0.071,0.861,0.068,-0.0258,2025-05-12
2025-05-12 10:50:14,Apple raises prices but says nothing on the impact of tariffs,Finnhub,https://finnhub.io/api/news?id=9ebcad28105d00e4f4d1d82a9cae6575ae4014e04b40647998ab3382efaf43a0,0.0,0.938,0.062,0.4168,2025-05-12
2025-05-12 10:47:13,"Stock Market Today: Dow Jones Soars As Bessent Says This On China; Nvidia Surges, Alibaba Clears Entry (Live Coverage)",DowJones,https://finnhub.io/api/news?id=a66bb64378aaee5e15113b29ce271232ca24df43120d595dfdd22eabf55ec984,0.0,0.933,0.067,0.1531,2025-05-12
2025-05-12 10:36:31,China's March shipments of foreign-branded cellphones drop almost 50%,Yahoo,https://finnhub.io/api/news?id=d0907e5fd7b7fd575fd3298b2e17d9c7b9006e4de029dfa30e749ad969d67e20,0.029,0.971,0.0,-0.2732,2025-05-12
2025-05-12 10:30:28,"NRG Energy Posts Upbeat Earnings, Joins Tesla, Apple, Amazon And Other Big Stocks Moving Higher On Monday",Benzinga,https://finnhub.io/api/news?id=9c1f175c4b7beefc3d5500bbcdb2294d99ed4133239a4fa4f3c5d731ec2dde46,0.0,0.798,0.202,0.4215,2025-05-12
2025-05-12 10:30:00,"With Warren Buffett Stepping Down as CEO, Will Berkshire Hathaway Sell Apple Stock?",Yahoo,https://finnhub.io/api/news?id=7d06ec2f8c0a025efc81cc50e35d897aaa512389dcc4bfdbd6f430dbf5551b5c,0.0,0.894,0.106,0.5719,2025-05-12
2025-05-12 10:28:00,Your New iPhone May Get More Expensive. Apple Won’t Blame Tariffs: Report.,MarketWatch,https://finnhub.io/api/news?id=6c802533499e57156f0980bd1fe79d87021b953b6be66f73a216fb8fd8eb6df4,0.179,0.821,0.0,-0.5859,2025-05-12
2025-05-12 10:16:49,"Apple considers raising iPhone prices, WSJ reports",Yahoo,https://finnhub.io/api/news?id=e5232ed6993f8b280eb49241ff6da68707bae1cd645786bcafa25086387dabc7,0.068,0.802,0.131,0.5413,2025-05-12
2025-05-12 10:04:10,Trump signals he could speak with China's Xi by end of the week,Finnhub,https://finnhub.io/api/news?id=1b460d8b6e09ece4ca3284de739393b97ea5f4b8847913376f0430e8d675b430,0.0,0.941,0.059,0.4215,2025-05-12
2025-05-12 10:04:00,"Apple Considers Raising iPhone Prices, Without Blaming Tariffs",Yahoo,https://finnhub.io/api/news?id=8ec342c1135111da347b43938e29d2f7c7c0f4ce5335ec0f457d1d9a946a4410,0.065,0.857,0.078,0.1098,2025-05-12
2025-05-12 10:01:07,Trump says he spoke with Apple CEO Cook,Finnhub,https://finnhub.io/api/news?id=9f3d9c348ffb68b1e4164d1a87a1c11079f9fd4e88684aa23d1ab697dac37d81,0.049,0.884,0.067,0.1935,2025-05-12
2025-05-12 09:46:00,Amazon Stock Surges. Why It’s a Mag 7 Outperformer on Tariffs Deal.,MarketWatch,https://finnhub.io/api/news?id=394e3e91db066bcf7483fa3d1696427cc7d51aebf432de2d12357a15dcb8e615,0.0,0.866,0.134,0.34,2025-05-12
2025-05-12 09:34:34,"Dow Jones Surges 1,000 Points On Trump-China Tariff Deal; Apple, Nvidia, Tesla Rally",DowJones,https://finnhub.io/api/news?id=70265ee530c25c07cc2da274a5c5d79883f7e4fa2698bad65b0e589d2ebaca95,0.0,1.0,0.0,0.0,2025-05-12
2025-05-12 09:30:00,Consumer relief from U.S.-China trade deal sends retailers’ stocks surging,MarketWatch,https://finnhub.io/api/news?id=73a181a2a807ed18cd25bcf2525efb43281d7984f8d9ab423fdb243ffa55ec7c,0.0,0.744,0.256,0.7351,2025-05-12
2025-05-12 09:00:00,Apple's brutal year keeps getting worse,Yahoo,https://finnhub.io/api/news?id=48bbfaeb414062e0d7561a48bb2022091898eccc8a0794ab1de76da8a24c1075,0.196,0.763,0.041,-0.7717,2025-05-12
2025-05-12 08:44:00,"Is Meta Platforms a Better ""Magnificent Seven"" Stock to Buy Right Now Than Apple?",Yahoo,https://finnhub.io/api/news?id=80a0a570998c24861eff009a9be395a9d4b3c7af4355fd50f0be8c2b81349b82,0.029,0.751,0.22,0.8808,2025-05-12
2025-05-12 08:32:48,"Wall St set to surge at open as US, China slash tariffs",Finnhub,https://finnhub.io/api/news?id=72479b1aecbf838707a3f0bbd07bcff9d692590f1c80c669deace86e1f4f1700,0.118,0.827,0.055,-0.4939,2025-05-12
2025-05-12 08:06:42,"GAB: Lack Of Tech Exposure Is A Plus, But This Fund Is Incredibly Expensive",SeekingAlpha,https://finnhub.io/api/news?id=cb8ba87d013f965c4fe8326e5e1a8ae62a8a6a96b084ade4aa582687bd12f176,0.113,0.887,0.0,-0.1655,2025-05-12
2025-05-12 07:30:35,"Wall St stock futures soar as US, China slash tariffs",Finnhub,https://finnhub.io/api/news?id=19f70fbffbb4a151a35e34e264868f33ab2f938ea2053b942a6a51d8fce9bbbd,0.185,0.734,0.081,-0.7506,2025-05-12
2025-05-12 07:30:00,Make Fewer Investing Errors With Barry Ritholtz,SeekingAlpha,https://finnhub.io/api/news?id=697d959231df5eb482b8d6ab428520da2a1607dcef957a61650cd744fe7b0376,0.117,0.777,0.107,-0.0516,2025-05-12
2025-05-12 07:30:00,Is Alphabet's Business Dying,SeekingAlpha,https://finnhub.io/api/news?id=26ac0e927c3ee125d7fb4c93cb43909196c4d148630e880baa44cd23b4364f24,0.099,0.542,0.358,0.9253,2025-05-12
2025-05-12 07:11:16,"Dow futures show 1,000-point gain ahead as markets rally on thaw in U.S.-China trade tensions",MarketWatch,https://finnhub.io/api/news?id=eaf14d9666f30247a9fd0f62dce318902f6467ba5d8f66868375271890e0986e,0.141,0.681,0.178,0.34,2025-05-12
2025-05-12 06:40:00,Markets Are Quick to Celebrate U.S.-China Deal. Here’s What They Really Need.,MarketWatch,https://finnhub.io/api/news?id=e41a74f46ae14bd1ee632342cc570fed24810d05b7cb6c734ae16715a80ef39f,0.0,0.748,0.252,0.8126,2025-05-12
2025-05-12 06:09:07,"Apple Considers Raising iPhone Prices, Without Blaming Tariffs- WSJ",Finnhub,https://finnhub.io/api/news?id=ae30d791cda68ab10a8b728ab8dc8e283c3038a93948983d6d045957893d5c73,0.0,0.901,0.099,0.3875,2025-05-12
2025-05-12 05:01:12,"Apple Western Europe top executive departs, sales force restructuring imminent",Finnhub,https://finnhub.io/api/news?id=dd1d432d68d5baa055ef34a5e7f163a76af180fa68af4a11c4cc56ece99bd98c,0.029,0.927,0.044,0.1531,2025-05-12
2025-05-12 03:19:13,"Tesla, Amazon, Nvidia stocks set to surge after U.S. and China agree to slash tariffs",MarketWatch,https://finnhub.io/api/news?id=d56600ddabb552342ebea997398646446b3ecbf48050b09974193c06a6bd8b22,0.115,0.656,0.23,0.4939,2025-05-12
2025-05-11 23:06:47,Berkshire Hathaway Is Prepared For A Recession And That's When Fortunes Are Made,SeekingAlpha,https://finnhub.io/api/news?id=8eabfdbeb83e6035f23253fc23020f609276058b81d0bccc93da714c8ceeb739,0.128,0.748,0.124,-0.0516,2025-05-12
2025-05-11 21:31:00,The ‘Magnificent Seven’ are back in the stock market’s driver’s seat — but are they still a buy?,MarketWatch,https://finnhub.io/api/news?id=4b119023f3686cb538d363e4812389a136801f37bdfda5e0207dcc2e8b53edbd,0.0,1.0,0.0,0.0,2025-05-12
2025-05-11 20:58:32,Is Apple Inc. (AAPL) the Best Stock to Buy According to Jim Simons’ Renaissance Technologies?,Yahoo,https://finnhub.io/api/news?id=b4042c520f3567bffaf0c7dacad5094958c6ec1f107bbd1c1d71365b2cca985d,0.0,0.844,0.156,0.9274,2025-05-12
2025-05-11 14:15:00,Here's Why I'm Not Too Worried for Alphabet Despite Apple's Potential New AI-Powered Safari Search,Yahoo,https://finnhub.io/api/news?id=bf263017ffdac4697de8e63515fdf7898277baeac45496f2bf32a0b9e3100688,0.058,0.9,0.042,-0.1421,2025-05-12
2025-05-11 12:16:06,"USA: A Historical Underperformer, But Value-Orientation Might Be Appealing",SeekingAlpha,https://finnhub.io/api/news?id=330eb9cea95f5b959d5f4ac1f33fedd5eb9041aab60c9cb5fe41f387790bcc3a,0.0,0.859,0.141,0.6808,2025-05-12
2025-05-11 11:35:00,Invesco Summit Fund Q1 2025 Commentary,SeekingAlpha,https://finnhub.io/api/news?id=a710fc90fb51204a1df19c2c41a5436e72f8c6a1ff5fa52303cebd30469c24f9,0.084,0.807,0.109,0.1779,2025-05-12
2025-05-11 07:55:00,Invesco Rising Dividends Fund Q1 2025 Commentary,SeekingAlpha,https://finnhub.io/api/news?id=bf955552c441d518d76e864185d0200258299f88dd804d57eba04e3a83d94f8c,0.0,0.778,0.222,0.7184,2025-05-12
2025-05-11 03:45:00,Invesco Charter Fund Q1 2025 Commentary,SeekingAlpha,https://finnhub.io/api/news?id=47c67780031ae9f1e8e62e138a47a2d4e20de28c34c16e13734a28f4ee43325b,0.0,0.782,0.218,0.6486,2025-05-12
2025-05-11 03:35:00,Invesco Global Core Equity Fund Q1 2025 Commentary,SeekingAlpha,https://finnhub.io/api/news?id=3ec49e95ea4cf2c14535a16afd656063b8e9019484ee3f2d8415d2e4f425b1de,0.186,0.698,0.116,-0.2732,2025-05-12
2025-05-10 20:45:00,Alphabet Stock Sell-Off: 4 Reasons Why You Shouldn't Panic About Google Search,Yahoo,https://finnhub.io/api/news?id=8a486639fe674bc653c1a5799d5c695b2ac9ded4addc4bc330e6b1eca5232957,0.025,0.855,0.12,0.8064,2025-05-12
2025-05-10 19:43:33,Two Prominent Investors Are Bearish on Alphabet Inc. (GOOG) Stock,Yahoo,https://finnhub.io/api/news?id=b320b8bafb738a75930ba2c479ea30fb34f7e2d57fc838abdd016446ffa65eef,0.084,0.841,0.075,-0.1779,2025-05-12
2025-05-10 19:00:00,Wall Street Plays Long Game as Deals Go Private,Yahoo,https://finnhub.io/api/news?id=fe79876c779170182e585dc8e388a7ba2b1eded59f9ea96b3b452285bdfb2410,0.139,0.814,0.046,-0.8053,2025-05-12
2025-05-10 16:03:00,"Apple Wants Its $20 Billion, and Is Willing to Throw Google Under the Bus to Keep It",Yahoo,https://finnhub.io/api/news?id=1a11cbb94e56f878001ad6db2ab24efe2fed0f6c2b6c49e0796e0690e5db85c3,0.069,0.867,0.064,-0.0516,2025-05-12
2025-05-10 15:01:49,Is Apple Inc. (AAPL) the Worst Blue Chip Stock to Buy?,Yahoo,https://finnhub.io/api/news?id=445e3932388d9e65a2bf5362901a1cabcbc85baeefc362d6f8b96a857b8042c9,0.161,0.839,0.0,-0.9231,2025-05-12
2025-05-10 14:02:00,Where Will Apple Stock Be in 1 Year?,Yahoo,https://finnhub.io/api/news?id=14a7cb5afc03c41dc12d69c644fa5a95921c82533ca6f2fee1a92ea24931a84f,0.09,0.835,0.075,-0.2263,2025-05-12
2025-05-10 11:00:00,"Cisco, Walmart Set To Report Results As Markets Watch Out For Core CPI",SeekingAlpha,https://finnhub.io/api/news?id=99a916114512ca2a291ba48e8e765d4bec9968253a80d9609644a286c1824d49,0.0,1.0,0.0,0.0,2025-05-12
2025-05-10 08:30:00,30 AI stocks that could surge up to 73% — and are loved by a bullish tech analyst,MarketWatch,https://finnhub.io/api/news?id=d3b045daf208ae45c5e03ff89465e64d81e7aef1125bcb88e36d490b59d68c8a,0.0,0.813,0.187,0.8316,2025-05-12
2025-05-10 06:28:08,EOS: Market Volatility Creating Better Opportunities,SeekingAlpha,https://finnhub.io/api/news?id=5108caf4515dd6055bbf824b7b75978cf950e8e631f06bbbba7cc00857ee8ce1,0.03,0.64,0.33,0.9038,2025-05-12
2025-05-10 05:30:00,The Giants of Silicon Valley Are Having a Midlife Crisis Over AI,DowJones,https://finnhub.io/api/news?id=c798bf9b9591cfa6d67306dda8879e10f6f904ba1f8b1081b874b32eb0105038,0.272,0.728,0.0,-0.8481,2025-05-12
2025-05-10 02:01:05,Apple Watch sales under pressure: sharp drop by 2024,Finnhub,https://finnhub.io/api/news?id=1726963bb238ac95523dee6fca27d14df7c3298d472e01f1e6f613d662dc4b7a,0.107,0.893,0.0,-0.5106,2025-05-12
2025-05-10 00:51:42,"Dividend Champion, Contender, And Challenger Highlights: Week Of May 11",SeekingAlpha,https://finnhub.io/api/news?id=46f8a9e80aba7a68cf6be54f22b4b6d9a16dc7bd155bd6acc0229c183c1ca887,0.0,0.672,0.328,0.8658,2025-05-12
2025-05-09 21:27:26,Apple Inc. (AAPL): Among Billionaire Bruce Berkowitz’s Stock Picks with Highest Upside Potential,Yahoo,https://finnhub.io/api/news?id=b9b57d5981b53d0d4d17eb1f7004564d045891709cfc02a6b28e27b5392e6ca8,0.0,0.963,0.037,0.3804,2025-05-12
2025-05-09 20:23:10,Alphabet Shares Take $138 Billion Blow as Search Warnings Blare,Yahoo,https://finnhub.io/api/news?id=a744f78e421d7ecae5385ece3670ecf1529d1eb66853c1cd88565eb6ad689286,0.194,0.752,0.054,-0.8948,2025-05-12
2025-05-09 19:13:06,Apple Building Specialized Chips for Smart Glasses,Yahoo,https://finnhub.io/api/news?id=b935107aa2326cfa50475af7744177a162458a8a392af881552d7f0ae065580f,0.0,0.8,0.2,0.8176,2025-05-12
2025-05-09 19:10:53,Sonos Interim CEO Says Company Has Turned a Corner and He Wants the Top Job,Yahoo,https://finnhub.io/api/news?id=3ebd99de3ae9174a5ab3fe7781111db030ed06a1c4d33b2c2cdb29d7464459fc,0.11,0.855,0.035,-0.7757,2025-05-12
2025-05-09 18:45:24,Analyst After Apple (AAPL) Results: ‘People Will Not Go Without an iPhone’ – Says Revenue ‘Pretty Impressive’,Yahoo,https://finnhub.io/api/news?id=aab1d1708ea29388e885342d15f7afddd2e51311639f795a100960e56cabdcb0,0.0,0.931,0.069,0.6486,2025-05-12
2025-05-09 18:06:49,How the Google Antitrust Trial Is Already Changing Online Search,Yahoo,https://finnhub.io/api/news?id=ee76f34723d610c16ba893dd6288dbd1303d1e9b72622b56aa3af3525c89a3c5,0.116,0.796,0.088,-0.1926,2025-05-12
2025-05-09 18:05:58,"Alphabet: After Q1 Earnings Dust Settles, The Next Big Catalyst Waits In The Wings",SeekingAlpha,https://finnhub.io/api/news?id=e79dd59ac84a532cd9f6db82df810c5f32ca4d1265701830df1fcd3f0c80ca43,0.0,0.931,0.069,0.4215,2025-05-12
2025-05-09 17:45:00,Are You Missing Out on These 2 Dividend Raises From Tech Sector Powerhouses?,Yahoo,https://finnhub.io/api/news?id=9c08ce7f5c1d965859c10dd93715742bbde4d82072e5052d10158915eb1ccf2d,0.035,0.806,0.16,0.7845,2025-05-12
2025-05-09 17:27:57,"Update: Market Chatter: Pledged US Investments of Tech Companies Depend on Research Tax Break, Industry Says",Yahoo,https://finnhub.io/api/news?id=d1284aef1eaa0762833bfb94045b47963d50c74d9ee833d0cc14eba1f98fdfce,0.0,1.0,0.0,0.0,2025-05-12
2025-05-09 15:43:21,Value stocks are beating growth equities this week,MarketWatch,https://finnhub.io/api/news?id=98ec1712caf13ba378776cccf1c7434b56e73770daa0263566df132ebb7c437d,0.231,0.385,0.385,0.4588,2025-05-09
2025-05-09 14:50:54,Market Chatter: Jamf to Launch Android Device Management Services in July,Yahoo,https://finnhub.io/api/news?id=998525760025772e56f57c6dc76a3870a81fc5c0e3fa53a2dc3787e54b8b25f1,0.0,1.0,0.0,0.0,2025-05-09
2025-05-09 14:43:07,Bought an Apple device in the past 10 years? You could be owed money. Here’s how to claim it.,Yahoo,https://finnhub.io/api/news?id=76dbcefc864e34f7200b15c57a2eb89a7eb1df28538f52406614203fb454abc9,0.0,1.0,0.0,0.0,2025-05-09
2025-05-09 14:24:51,"An Apple exec suggested AI chatbots were eroding Google’s search business, sending Alphabet shares plummeting. The truth is more complicated.",Yahoo,https://finnhub.io/api/news?id=d010787db66c24460e4c31aaaaeba5267afe7c4c0c1a05243c24164fb179a5f6,0.0,0.787,0.213,0.8151,2025-05-09
2025-05-09 13:35:00,Best Practices For Dividend Investing,SeekingAlpha,https://finnhub.io/api/news?id=28a75e55b5c4a6c2fc7fe85dc74d64f8bd1e1ad5a402a808002699fc9636d10e,0.0,0.488,0.512,0.6369,2025-05-09
2025-05-09 13:34:05,Jim Cramer on Apple Inc. (AAPL): ‘These Gains Were Totally Gettable’,Yahoo,https://finnhub.io/api/news?id=f64d6bdd89e4ff9380c2c4296d02ea1de3ca9e61765b0e16e69662504505ee84,0.08,0.827,0.093,-0.0,2025-05-09
2025-05-09 12:54:00,Two reasons to buy Apple’s stock after its 24% decline so far in 2025,MarketWatch,https://finnhub.io/api/news?id=dfe5057da5857dfacf04c70ce07aad0206d9d5c3ea2dacfcb7e524905623c8ea,0.0,1.0,0.0,0.0,2025-05-09
2025-05-09 12:51:00,Google Stock Had a Bad Week. Why We’re Sticking With Our Alphabet Pick.,Yahoo,https://finnhub.io/api/news?id=d87e076a21f85dafb679eebbe728b76783b1e4b63db759401bd13e9c190128ff,0.238,0.65,0.111,-0.6908,2025-05-09
2025-05-09 12:37:59,Latest News In Cloud AI - Multimodal AI Safety Risks and Emerging Security Measures,Yahoo,https://finnhub.io/api/news?id=090e602eea2e9f2101cc21d9b16ae67b1b29303622b6b06343f0ed09726657b0,0.118,0.716,0.166,0.5764,2025-05-09
2025-05-09 12:24:00,Google’s search dominance might not be in as much danger as Apple would have you believe,Yahoo,https://finnhub.io/api/news?id=5894179c84f29a046c2520508e660b8aaa4006141feaa5c702666dbc3c97837d,0.087,0.881,0.032,-0.3291,2025-05-09
2025-05-09 12:00:59,"What Apple, Amazon, GM And Other Companies Are Saying About Trump Tariffs",Yahoo,https://finnhub.io/api/news?id=0a93f39d7885a60a0e1a6698a8529248fc1300268dda4825d5aca74e6a03e258,0.095,0.823,0.082,-0.34,2025-05-09
2025-05-09 11:30:00,1 Simple Reason That Alphabet Should Be Worth More Than Apple or Microsoft,Yahoo,https://finnhub.io/api/news?id=94ef9f8ab34ee7b2a5a07f4a002f50e6f9c7ecdf1588b99abb9a2f779b6b5628,0.039,0.928,0.033,-0.0772,2025-05-09
2025-05-09 11:00:00,Tech Industry Warns US Investment Pledges Hinge on Research Tax Break,Yahoo,https://finnhub.io/api/news?id=3e5d440d0e5f7c77de09300e58143ec78372fe9bae4fad3d8ead8a3f2d893313,0.176,0.799,0.025,-0.9014,2025-05-09
2025-05-09 10:39:00,How a China Trade Deal Would Put Stocks on Course for New Records,Yahoo,https://finnhub.io/api/news?id=79c2a375da4004eae3cadf80a201a0fb982707cccb3e0db83a234473be54f0b8,0.044,0.914,0.042,-0.0516,2025-05-09
2025-05-09 10:09:00,"Dow's 115-point rally highlighted by gains in Chevron, Boeing stocks",MarketWatch,https://finnhub.io/api/news?id=064a9b4553902b87fc0a1f8158e40d77684b0dde415530f1fb5727743bf5adfd,0.0,0.789,0.211,0.5859,2025-05-09
2025-05-09 10:03:00,TSMC Stock Rises as Sales Surge. What It Means for the AI Trade.,MarketWatch,https://finnhub.io/api/news?id=b7277609ff99577cfa68d497ad6795e80400be5323af585c70f26eadc03149eb,0.0,1.0,0.0,0.0,2025-05-09
2025-05-09 09:40:31,Apple plans new chips for smart glasses and AI,Yahoo,https://finnhub.io/api/news?id=7631008160b93adb7866dc1b49b3aceeca5ee0bfa45292ff0dfa6267aef12749,0.0,0.909,0.091,0.4019,2025-05-09
2025-05-09 09:22:00,Tariffs News: Trump Is Open to 80% Levies on China. That’s Still Too High.,MarketWatch,https://finnhub.io/api/news?id=9cdb5c51c66a3e50863286078ecc17997a86266ea2c32df9288bec0d0894eddd,0.0,1.0,0.0,0.0,2025-05-09
2025-05-09 09:20:00,Invesco Main Street Fund Q1 2025 Commentary,SeekingAlpha,https://finnhub.io/api/news?id=2532fe9bad2b16b55a3d6f44dfe8ca7dcff42653956ffc6a5655eb6315aff9f2,0.0,1.0,0.0,0.0,2025-05-09
2025-05-09 09:15:00,Warren Buffett Grew Berkshire Into a $1 Trillion Company. Can Greg Abel Take It to $2 Trillion?,Yahoo,https://finnhub.io/api/news?id=aa0bf09014cfeeb9fd5e1b2b833e87ae82bd48c36959b0bc5210715b6a0cc2cc,0.0,0.948,0.052,0.4215,2025-05-09
2025-05-09 09:04:12,"Trending tickers: TSMC, Lyft, Coinbase, Pinterest and IAG",Yahoo,https://finnhub.io/api/news?id=2775557061eadd86810fa4f3866cea0a19071b4c44eec4fab9c337a7c868104f,0.0,1.0,0.0,0.0,2025-05-09
2025-05-09 08:31:00,Apple Has 20 Billion Reasons to Talk Down Google Search,MarketWatch,https://finnhub.io/api/news?id=44cccfcdacae2685d72bc19a7859780df5e6c8ec825708d3a7c30cd6a55aa986,0.0,1.0,0.0,0.0,2025-05-09
2025-05-09 08:20:00,Auxier Asset Management Spring 2025 Market Commentary,SeekingAlpha,https://finnhub.io/api/news?id=eba777e4c008d93312871c2306318ee5bda74619c6da74df56a0510c240eeb0e,0.069,0.8,0.131,0.296,2025-05-09
2025-05-09 08:00:33,7 Stocks Burn A $2.5 Trillion Hole In Portfolios — Including Yours,DowJones,https://finnhub.io/api/news?id=afb23e56ec5f8fedca2629b919d6647a65f18d4ea78bc49059d77a1e3573c18f,0.0,1.0,0.0,0.0,2025-05-09
2025-05-09 05:38:48,TSMC April Sales Surge After US Tariffs Spur Device Rush Orders,Yahoo,https://finnhub.io/api/news?id=9b1b5f4291556dd4bba6a8cba74346c93cdd30cfee6159a2d10084560dbf5600,0.131,0.815,0.054,-0.7351,2025-05-09
2025-05-09 04:40:03,2 Cash-Producing Stocks to Keep an Eye On and 1 to Avoid,Yahoo,https://finnhub.io/api/news?id=b26bdbcf82b8bb862ebf07583d675b84394c9c652c9e9da783444ff930b6c732,0.134,0.612,0.253,0.6858,2025-05-09
2025-05-09 01:11:00,Why Warren Buffett's Upcoming Move Isn't Cause for Concern,Yahoo,https://finnhub.io/api/news?id=f3e7b686b66f9caec0a2bd34abdd4a98aec28c7fa98b9c619954686bceea82f0,0.0,0.909,0.091,0.3612,2025-05-09
2025-05-08 23:25:26,Apple Inc. (AAPL) – AI Innovation Key to Sustained Market Leadership,Yahoo,https://finnhub.io/api/news?id=1cc2e3bf5faae39abe02281e3cc033702e1fda5c06e9f23ce06d508ca89b7c62,0.0,0.962,0.038,0.3818,2025-05-09
2025-05-08 22:05:00,"One of the Largest Teacher Pension Funds in the U.S. Sold Nvidia, Tesla, and Apple and Piled Into a Popular Pharmaceutical Stock Up 395% Over the Last 5 Years",Yahoo,https://finnhub.io/api/news?id=5d392742071548b8224b9008d7e0baf3a5616626b914afc038cfb18b19b23e41,0.0,0.924,0.076,0.8268,2025-05-09
2025-05-08 21:58:42,"From Apple to GM, Tariffs to Cost Companies Tens of Billions",Yahoo,https://finnhub.io/api/news?id=3022292d41dad23f3268df89f56ef41fcb1b74d88d4dd7e87551f92749aeba0e,0.195,0.758,0.047,-0.9312,2025-05-09
2025-05-08 21:09:54,Apple Developing Watch-Based Chip for Smart Glasses,Yahoo,https://finnhub.io/api/news?id=dd149aee51d4a80f5fb14afd29d83cd93c176f8355a272b7a1cfcc8d81eaa9b4,0.0,0.796,0.204,0.4767,2025-05-09
2025-05-08 20:01:16,AI search feature in Apple's Safari threatens Google's dominance,Finnhub,https://finnhub.io/api/news?id=78d87c791a46ee32b7320fa0acd816f5b6a8b307128f9e417688e3c57fa25bc9,0.069,0.767,0.164,0.1531,2025-05-09
2025-05-08 19:51:07,4 Upcoming Dividend Increases,SeekingAlpha,https://finnhub.io/api/news?id=c4717b824ad5d881f55dd3c38604c348f420b76d04f476fbc53e89cbddfb4d79,0.0,0.706,0.294,0.8402,2025-05-09
2025-05-08 19:28:00,Google Had a Bad Week. Why We’re Sticking With Alphabet Stock.,Yahoo,https://finnhub.io/api/news?id=d753f08f52f9f3754e164512802b279126023145a078dfe609fae8bd80dc4e1e,0.252,0.63,0.117,-0.6908,2025-05-09
2025-05-08 18:56:37,Apple warns court ruling in App Store case may cost 'substantial sums annually',Yahoo,https://finnhub.io/api/news?id=341b5dc24e5e828ea8a10d165c8f62fc41059d1227358ce90996996b616b73da,0.029,0.842,0.128,0.5719,2025-05-09
2025-05-08 17:45:51,"Apple is developing specialized chips for smart glasses and AI servers, Bloomberg News reports",Yahoo,https://finnhub.io/api/news?id=2c70d2f939df2080ec06af6a1a8829be6acefe531580f400eeddb577b80ebdb2,0.0,0.834,0.166,0.8779,2025-05-09
2025-05-08 17:42:29,Apple: The Future Is More Privacy And Security In AI,SeekingAlpha,https://finnhub.io/api/news?id=7976022506f8fe77068f90dda473a29b8ac48d96af9e4c62e8926ab23ca20120,0.0,0.866,0.134,0.6444,2025-05-09
2025-05-08 17:30:00,Google-Parent Alphabet Shares Decline as More People Use AI for Search,Yahoo,https://finnhub.io/api/news?id=1c7b442f0f36b65952600f63873b2fbf8f022201ed3b64f6497dcb7c9ef7cd6c,0.108,0.787,0.104,-0.0516,2025-05-09
2025-05-08 17:08:25,Alphabet Stock Climbs After Google Defends $20B Apple Deal,Yahoo,https://finnhub.io/api/news?id=555c93e3778f6d026e52a838de6e3164a5d0258af1e0863aacd7c44ebc82d69b,0.135,0.865,0.0,-0.4215,2025-05-09
2025-05-08 16:49:55,"Trump Talks Tariffs, Tech Stocks Gain As QQQ Leads The Charge",Benzinga,https://finnhub.io/api/news?id=416ffeb9d2d44f9f7b19038b3948b0b2f8c63fcb9dad99f6d585809e44be8fb1,0.0,0.792,0.208,0.7845,2025-05-09
2025-05-08 16:45:00,"Apple Is Developing Specialized Chips for Glasses, New Macs and AI Servers",Yahoo,https://finnhub.io/api/news?id=95980f78bdfd7dc3367f38af0d26d576263a5ee09d80d6f68e97516b4ee8f98f,0.119,0.772,0.109,-0.0183,2025-05-09
2025-05-08 15:50:00,The Dow soars 580 points as Trump announces a U.K. trade deal,Yahoo,https://finnhub.io/api/news?id=706322ed8029642fa5f011752c90f82ee985b7bef56bc766616263f626b50fc5,0.0,0.915,0.085,0.4215,2025-05-08
2025-05-08 15:36:29,Alphabet slips as Apple considers adding AI Search to browser,Yahoo,https://finnhub.io/api/news?id=3c02f083c0a94ab9d1264d3e5ff0b87923930537a6c86b0f6bf0e1c0c4ac4837,0.024,0.953,0.024,0.0,2025-05-08
2025-05-08 15:23:34,US needs 'unified approach' on AI companies competing with China,Yahoo,https://finnhub.io/api/news?id=5478599ca41186634ac79485cb25140ba4ddb7babfd414ee1bcf53f07275e76f,0.01,0.89,0.1,0.9201,2025-05-08
2025-05-08 15:05:57,Apple Fights Judge's App Store Overhaul Order,Yahoo,https://finnhub.io/api/news?id=064637db814e40fa52b13abc454ae12ae935acfd879c9ebdf48092ea02d4c44a,0.25,0.75,0.0,-0.6124,2025-05-08
2025-05-08 14:30:00,Apple Claims ‘Serious and Irreparable Harm’ in Fight Over App Store Ruling,Yahoo,https://finnhub.io/api/news?id=6809d5dcc24fc8659078b4fbb3519e81b8ba0d4f79a28b96ab024028dfb47ec8,0.113,0.887,0.0,-0.6369,2025-05-08
2025-05-08 14:20:00,Hartford Capital Appreciation Fund Q1 2025 Commentary,SeekingAlpha,https://finnhub.io/api/news?id=b978f055cb3b2939297deba8cac66e33273378115fc7f5c74b751ff69f7f1482,0.042,0.693,0.265,0.8126,2025-05-08
2025-05-08 14:10:00,Tariffs Could Shake Up Semiconductor Supply Chains. Here Are 2 Companies Investors Should Keep Their Eyes On.,Yahoo,https://finnhub.io/api/news?id=e9710e853ecd3711f67fa5451bbd3c4ecd39a65dc784aa6af0acea273cec2d02,0.069,0.859,0.072,0.0498,2025-05-08
2025-05-08 13:56:00,Google Stock Rises. It Rejects Apple’s Claim AI Is Hurting Search Volumes.,Yahoo,https://finnhub.io/api/news?id=fc58df52adfceb3f1240e4fcce9ec7c70aefb783fb7a23dd982d113a310ee202,0.233,0.625,0.143,-0.5574,2025-05-08
2025-05-08 13:42:59,Trump's FTC antitrust cops just got a loud warning about blocking tech tie-ups,Yahoo,https://finnhub.io/api/news?id=a716590884a7a81713ccd49b8adbd335ccbace46593bd528b5cbe287566605d4,0.231,0.769,0.0,-0.891,2025-05-08
2025-05-08 13:36:01,"Alphabet stock rebounds, Wall Street analysts defend company after Apple's AI search plan triggers 7% sell-off",Yahoo,https://finnhub.io/api/news?id=509ef989df90a76efde6e102453d17ec0318923ebf7674f62b313ae359650982,0.108,0.839,0.054,-0.3612,2025-05-08
2025-05-08 13:12:00,AppLovin Stock Soars 15%. Strong Earnings Come Amid Allegations From Short Sellers.,Yahoo,https://finnhub.io/api/news?id=ed60bfe577eec1df2960aa65208bc927842947a374360edbd33053f5651fd884,0.0,0.858,0.142,0.8316,2025-05-08
2025-05-08 12:59:26,"Apple Is Developing Specialized Chips For Glasses, New Macs And Ai Servers- Bloomberg News",Finnhub,https://finnhub.io/api/news?id=fe66cf1010f0b59599f279b2abd69707c6e205e0677d3a2341cbc166e9bd0276,0.0,1.0,0.0,0.0,2025-05-08
2025-05-08 12:40:00,"An Apple executive sparked a Google stock selloff. Don’t panic, analyst says",Yahoo,https://finnhub.io/api/news?id=fdd3a5395e2aa0a66e84b65bea977ac17fbff3bf074b3132480a05207034b662,0.066,0.934,0.0,-0.5106,2025-05-08
2025-05-08 12:18:12,"Apple, Alphabet Lead $262B Buyback Binge On Wall Street",Benzinga,https://finnhub.io/api/news?id=3f55b954a28acf2c961d2430768a0a8debe8c7d25705c39d3780f7ae29b060cf,0.0,0.811,0.189,0.7717,2025-05-08
2025-05-08 11:50:53,AI and ad tech are safe from Trump's tariffs so far,Yahoo,https://finnhub.io/api/news?id=9b68227d03931dabb896716b461d666b0ec7f75dcb25fb916cfd07bd958d12bd,0.0,0.736,0.264,0.8225,2025-05-08
2025-05-08 11:15:00,President Trump's Tariffs Could Cost Apple Nearly $1 Billion. Is It Time to Sell the Stock?,Yahoo,https://finnhub.io/api/news?id=01316f5f364455492a1a5c70f5b5b1944c194dfd4a1241e299eab82ed88c9bbe,0.101,0.814,0.085,-0.2263,2025-05-08
2025-05-08 10:43:39,Apple’s Safari to threaten Google’s dominance,Yahoo,https://finnhub.io/api/news?id=e2a7e928f5f71ea1f7dee54508c144f1bc2333c038563c2dc0f1e58aaab6f289,0.083,0.698,0.219,0.5106,2025-05-08
2025-05-08 10:41:43,Arm Holdings Q4: The Massive Post-Earnings Stock Drop Appears Exaggerated,SeekingAlpha,https://finnhub.io/api/news?id=7308f1dc1b239009878c14819289be004e31b7491425259092a7efed55736481,0.304,0.696,0.0,-0.3612,2025-05-08
2025-05-08 10:19:24,"Apple Is Seeking A Catalyst, Like Ballmer's Microsoft",SeekingAlpha,https://finnhub.io/api/news?id=f1087ed92b3c1622ef2bedce64d0bb330ec10ae1db55fb28cf6df75102f907e9,0.104,0.773,0.123,-0.0516,2025-05-08
2025-05-08 10:12:00,Arm Stock Plunges. Why Chip Design Isn’t a Hiding Place From Tariffs.,MarketWatch,https://finnhub.io/api/news?id=5af9873e0670f9224c2dcef162d8c9ca3e99804559705b34b277580ec7c9533a,0.167,0.833,0.0,-0.5267,2025-05-08
2025-05-08 10:02:39,Apple tries to delay ruling that bars it from taking a cut on external app payments,Yahoo,https://finnhub.io/api/news?id=4cc501f6506c037b1b091b84327ac0ca41e34849eee5d94e45ea025f203dcd36,0.098,0.809,0.093,0.1027,2025-05-08
2025-05-08 10:00:00,AI’s Threat to Google Just Got Real,Yahoo,https://finnhub.io/api/news?id=e8431657347a1a9f1ca6c25479619a6e0a12af9130832873b68ead00552e9654,0.208,0.792,0.0,-0.6705,2025-05-08
2025-05-08 09:25:00,Apple Stock: Do the Risks Outweigh the Reward?,Yahoo,https://finnhub.io/api/news?id=5af7831d0f03a3ef3502ace9a9663c523bbee1f7b480abd8f4401dfed2aad8f9,0.06,0.804,0.136,0.6808,2025-05-08
2025-05-08 09:18:56,"Top 10 Trending Stocks On WallStreetBets As Of May 8, 2025 (Via Swaggy Stocks)",Benzinga,https://finnhub.io/api/news?id=6fff51099879249c73babbc14a75273c40aa4699885a8022ac14df222a50b317,0.0,0.899,0.101,0.2023,2025-05-08
2025-05-08 08:32:16,Why Alphabet Inc. (GOOG) Nosedived on Wednesday,Yahoo,https://finnhub.io/api/news?id=c65899ab439e223576d8f33a24d7eb5d32ecab6fc3e8cd392c3c4e04c6860dd6,0.04,0.912,0.049,0.1531,2025-05-08
2025-05-08 08:18:33,"Dow Jones Futures Rise As Trump To Unveil 'Major Trade Deal' With U.K.; MercadoLibre, AppLovin Soar",DowJones,https://finnhub.io/api/news?id=fe2c587c6503c936a8a2371bdf8c481b1b7a82af78a8d7adc1d369cc04b3e2d7,0.0,1.0,0.0,0.0,2025-05-08
2025-05-08 08:14:13,"Court Finds Apple Violated Order, Resulting In Key Changes For IOS External Purchase Methods",Finnhub,https://finnhub.io/api/news?id=c7beccc0df6f1d4a9aeddd264a4c24aaed10f05fb64d4dee7f42f5c6aee3a509,0.074,0.866,0.061,-0.1531,2025-05-08
2025-05-08 08:14:12,Court Of Appeal Multiplies Up Apple's FRAND Payment To Optis To $502 Million,Finnhub,https://finnhub.io/api/news?id=a27a37a63596202c1383b8d0e717950df4c68987e7f8c02e2ddd8085235e6bb4,0.0,0.906,0.094,0.6249,2025-05-08
2025-05-08 08:00:16,"Humanoid Robots Could Ease Labor Shortages, Maybe Even Care For Seniors",DowJones,https://finnhub.io/api/news?id=de0ea5bcae869f5433a795a6c0c6220aed74a275c8759129fc85d2ff9e44a29c,0.105,0.523,0.373,0.8481,2025-05-08
2025-05-08 07:52:20,Peloton posts bigger-than-expected Q3 loss on slow demand,Finnhub,https://finnhub.io/api/news?id=4f3b2c2181fa14dd247f4248334310161e69e063b1477e1831876fa19c6293da,0.159,0.773,0.068,-0.3612,2025-05-08
2025-05-08 07:03:00,The Economy Is Finally Cracking: Here's How To Rebalance Your Portfolio,SeekingAlpha,https://finnhub.io/api/news?id=6720c2df28252bc98289bcffc8c61bfec009b9ae2efba719644eb9d53ccc58ba,0.149,0.851,0.0,-0.6808,2025-05-08
2025-05-08 07:01:11,"Peloton raises 2025 revenue forecast, counts on video subscriber growth",Finnhub,https://finnhub.io/api/news?id=23a529c2e35c859ded943504ef62110d1ea8da2b61a9fc2a79cc65da14bc519b,0.038,0.785,0.177,0.6705,2025-05-08
2025-05-08 07:00:27,How a Top Large-Cap Growth Fund Delivers Consistent Returns,DowJones,https://finnhub.io/api/news?id=840b30ff56bf0df15f6e6cd69970dcfc6784e8a0c6085a3030d2ddde7ae298d9,0.0,0.614,0.386,0.7783,2025-05-08
2025-05-08 06:25:00,Franklin Global Allocation Fund Q1 2025 Commentary,SeekingAlpha,https://finnhub.io/api/news?id=4c739cfb99f3a8927149972d539d6ccbb89681670bf899266ee14ed69306f26c,0.0,1.0,0.0,0.0,2025-05-08
2025-05-08 06:22:33,"Dow Jones Futures Rise As Trump Touts 'Major Trade Deal'; MercadoLibre, AppLovin Soar Late",Yahoo,https://finnhub.io/api/news?id=aa90bee3f7bfcc02488f6801625e811b8ac043120de33d23c2dec62c1436c5b7,0.086,0.857,0.057,-0.0258,2025-05-08
2025-05-08 05:04:13,"Taiwan April exports jump 30% ahead of U.S. tariffs, strong H1 seen",Finnhub,https://finnhub.io/api/news?id=ac815faff1ee9a020433ba87572d3fec622849b44be01c5568f276d0ea0d30d9,0.0,0.863,0.137,0.6908,2025-05-08
2025-05-08 04:07:30,"Apple Eyes Move to AI Search, Ending Era Defined by Google",Yahoo,https://finnhub.io/api/news?id=e6dcd35e92392cb74aed9196a81142ceb3afd5e4a3afe53f116fa7eae8ccdb42,0.114,0.86,0.025,-0.8316,2025-05-08
2025-05-08 03:34:57,"Apple Warns Of 'Hundreds Of Millions To Billions' Dollar Losses Over Epic Games Ruling, Seeks Stay Amid App Store Shakeup",Benzinga,https://finnhub.io/api/news?id=2fde1fff6251ace1dd2a1409e6420956156513be64b3e819af71782d0c259222,0.259,0.7,0.04,-0.9136,2025-05-08
2025-05-08 02:00:00,Tariff Uncertainty Clouds Long-Term Outlook For Tech Companies,SeekingAlpha,https://finnhub.io/api/news?id=327cea5a490c7f1e32140f790c14ba2400e6b86d4a913f2321bdd7d2a44489a6,0.151,0.849,0.0,-0.5859,2025-05-08
2025-05-08 01:07:43,Will AI Really Be the Demise of Google Search?,Yahoo,https://finnhub.io/api/news?id=added7577c2cb81740985e72fe96669acb3de8b6b15869cebc6962fb7a0751ef,0.0,0.914,0.086,0.4767,2025-05-08
2025-05-08 01:00:00,Trump’s Tariffs ‘Blindsided’ Small Businesses. Four Survival Stories.,MarketWatch,https://finnhub.io/api/news?id=bde5029269ca3f8b90f913818269e9dc1bb2b82dc9f17655ca47d4c61200ffc3,0.0,1.0,0.0,0.0,2025-05-08
2025-05-08 01:00:00,Apple’s Existential Crisis: Can It Build a Future Around AI?,Yahoo,https://finnhub.io/api/news?id=fd38994dabc0c6459905d287175874b224e15b86bacf7d0d9aa3bbd6d55bca5b,0.111,0.698,0.191,0.6073,2025-05-08
2025-05-08 00:49:37,Apple asks US appeals court to pause ruling in Epic Games case,Yahoo,https://finnhub.io/api/news?id=72c9919afdad989e83d5bf74b61c132e99d4c2dbe4f4bf1e8f7d90ecd1a1a94c,0.092,0.885,0.023,-0.8591,2025-05-08
2025-05-08 00:04:00,Hartford Dividend And Growth Fund Q1 2025 Commentary,SeekingAlpha,https://finnhub.io/api/news?id=c6ad2c923616caf4d39a385096c5b5ecc2af0ac9ed4ce53ee7cde74ed7cdc9c2,0.0,0.757,0.243,0.7506,2025-05-08
2025-05-08 00:01:00,America Is Getting Older. How to Play the Longevity Economy.,MarketWatch,https://finnhub.io/api/news?id=4f5d8458adc37064d4263a9c4a3bea9dc0fcfd1f31184aa0cf467b656d9af05d,0.0,0.789,0.211,0.5859,2025-05-08
2025-05-07 22:52:00,Hartford Growth Opportunities Fund Q1 2025 Commentary,SeekingAlpha,https://finnhub.io/api/news?id=b44bd256d23b79f849fd26897a02f4ddcc1e3a0037f6e7edba09e100f587ddc3,0.0,0.568,0.432,0.9217,2025-05-08
2025-05-07 21:25:00,AppLovin Stock Soars on Strong Earnings,Yahoo,https://finnhub.io/api/news?id=d2b05d8ffced4a58e3a79e712baa7a4752f0bd736a61413259e47578fcce1b7b,0.0,0.842,0.158,0.8316,2025-05-08
2025-05-07 20:33:43,Was Jim Cramer Right About Apple Inc. (AAPL)?,Yahoo,https://finnhub.io/api/news?id=9221e09cc4ba0e5fa8da0b425d8832c03f902848b2d432e4a87bd65b78484d10,0.048,0.952,0.0,-0.4939,2025-05-08
2025-05-07 20:13:00,"AI Is Hitting Search Traffic, Testimony Suggests. Google Stock Falls.",Yahoo,https://finnhub.io/api/news?id=e37186a8f86f793081c6f4681fd7774b4484057c71a22d84606bcaad959cbc80,0.0,1.0,0.0,0.0,2025-05-08
2025-05-07 20:07:21,Fed defies Trump as it declines to lower rates,Yahoo,https://finnhub.io/api/news?id=92ab9b0a46839df448a1e2715fcd582ee654d731fac8a32c1311f541a6ed6498,0.267,0.668,0.065,-0.8126,2025-05-08
2025-05-07 19:50:40,Alphabet Shares Tumble on Report Apple Could Drop Google for AI Search,Yahoo,https://finnhub.io/api/news?id=510945632535f8c07ea805767198a416707c2a600dab1a0f357b2be2ff80e853,0.083,0.83,0.087,0.0258,2025-05-08
2025-05-07 19:34:59,"Arm shares drop 11% as chip provider forecasts lower sales, declines to give full-year guidance",Finnhub,https://finnhub.io/api/news?id=d89450e4c1744cd4c8d81a6c179c41bd667ef6cbf7539a23a531deb58ed3a9eb,0.197,0.689,0.114,-0.3612,2025-05-08
2025-05-07 19:31:17,"US lawmakers criticise UK backdoor order to Apple, warn of cybercriminal risks",Yahoo,https://finnhub.io/api/news?id=cce223861bf685e5e8982ec3c4d0d16fb753f07fc65042e63ae5f77c38669b40,0.145,0.831,0.024,-0.8316,2025-05-08
2025-05-07 19:26:00,Apple wants to move to AI-powered search — and Google stock sinks 8%,Yahoo,https://finnhub.io/api/news?id=e12d3d81d111278f986d5a7c9c005dac0a99b9ef160e2edf014eb00019856817,0.0,0.941,0.059,0.296,2025-05-08
2025-05-07 19:11:00,Marjorie Taylor Greene Goes Stock Shopping Again: Here Are 50+ Stocks The Congresswoman Bought,Benzinga,https://finnhub.io/api/news?id=5cca64ec11aaba04b945d06e8fed345e4625528cac1f063d305299542a1c321b,0.0,1.0,0.0,0.0,2025-05-08
2025-05-07 18:58:41,Apple's $20 Billion Search Shakeup: Is Google's Reign as Safari's Default Ending?,Yahoo,https://finnhub.io/api/news?id=5d7ee834a3a62072312299c13ce1d42866db3b5261c9a9a3dcc6ec2569c61950,0.053,0.897,0.05,-0.0258,2025-05-08
2025-05-07 18:25:30,Is Apple Inc. (AAPL) the Best Dow Stock?,Yahoo,https://finnhub.io/api/news?id=30875c5fa9a898ce936cb888ade493563b2918441f344c4bee0ca932d6d8ba32,0.054,0.771,0.175,0.8519,2025-05-08
2025-05-07 18:09:02,Why Alphabet (GOOGL) Shares Are Falling Today,Yahoo,https://finnhub.io/api/news?id=8942b535598eb71b158494e26dcf010ad6efb81d2c1d06580604a0380a77a290,0.034,0.868,0.098,0.6908,2025-05-08
2025-05-07 17:57:03,Why Alphabet Stock Is Plummeting Today -- Could the Tech Giant's Search Fears Finally Be Coming True?,Yahoo,https://finnhub.io/api/news?id=5e4e3ccc53af5df9e8907542c0b65fd7caf65245496d7253ff8bcd747ab150ea,0.072,0.827,0.101,0.34,2025-05-08
2025-05-07 17:56:07,Tech Up as Risk Appetite Rebounds -- Tech Roundup,Finnhub,https://finnhub.io/api/news?id=3bc1843e3f1432393c1a9f7f67e02e874305af918cc4e15ba1009d6e3d4965bb,0.149,0.702,0.149,-0.0,2025-05-08
2025-05-07 17:39:12,Apple Inc. (AAPL): App Store Revenue Growth Signals Strong Digital Demand,Yahoo,https://finnhub.io/api/news?id=e89f6fe6980f6ea09d03f76ea347b52be2e584f51eafc3fb6fb1772737fec185,0.058,0.822,0.119,0.6808,2025-05-08
2025-05-07 17:23:00,Hartford Core Equity Fund Q1 2025 Commentary,SeekingAlpha,https://finnhub.io/api/news?id=628123fd0ae5f166c3eccd6e90f406a5962ccb18fc51660b756316ae1e3278ac,0.0,1.0,0.0,0.0,2025-05-08
2025-05-07 17:21:15,"Alphabet reacts to Apple, Coupang buyback, Wynn Resorts upgrade",Yahoo,https://finnhub.io/api/news?id=dbf3898480f93b8444411ae22926cde9debc16378e46c3beeb68d2b75d07a905,0.011,0.88,0.109,0.8621,2025-05-08
2025-05-07 17:10:33,Vietnam Says It Wants to Buy More From US as Trade Talks Begin,Yahoo,https://finnhub.io/api/news?id=5e52841e5e5d158324c15dc8b726c6255cb1b13ca993fa5c6fd595074efc6478,0.111,0.843,0.046,-0.765,2025-05-08
2025-05-07 17:06:53,Apple seeking to add AI search to Safari. Alphabet drops.,Yahoo,https://finnhub.io/api/news?id=2bc63cbd1287e2c0581b031349d0ea38bfda90ab4f3c54b4dedfb03ead326f4e,0.043,0.899,0.058,0.3446,2025-05-08
2025-05-07 16:25:00,Alphabet’s stock is sliding on AI fears. Are investors overreacting?,MarketWatch,https://finnhub.io/api/news?id=dbb923dcd45415f8699deb111d747a4dba85074be063cae17a3166f9270289c2,0.249,0.751,0.0,-0.7149,2025-05-08
2025-05-07 13:32:00,AppLovin Is Set to Report Earnings Amid Allegations From Short Sellers,MarketWatch,https://finnhub.io/api/news?id=e14cba354a1d50fe79c558c512e376948749ec2da3bb5bdd2c3234f4814cc283,0.0,1.0,0.0,0.0,2025-05-07
2025-05-07 13:28:50,Surge In Stock Buybacks On Stretched Valuations A Sign Of Hubris,SeekingAlpha,https://finnhub.io/api/news?id=d3c1584e74f7a25491730e3e914489bc6069ac55a6f9ca84742ff916df0adc1d,0.071,0.826,0.103,0.2732,2025-05-07
2025-05-07 13:24:00,Alphabet Stock Sinks on Apple Testimony About Falling Search Queries,MarketWatch,https://finnhub.io/api/news?id=432a13f77b52bffdcabf2c238fdeabc4b51aa39c5358a5c28bcc4b9a86f33369,0.151,0.849,0.0,-0.296,2025-05-07
2025-05-07 12:30:58,Apple Considers Move to AI-Powered Search Engines,Finnhub,https://finnhub.io/api/news?id=a0655fba9477f1d11dd3d4484f0a57ce2261d8e39dc15d65b69ed95d887842eb,0.072,0.876,0.052,-0.2263,2025-05-07
2025-05-07 12:19:08,"Apple looks to add AI search to company's browser, Bloomberg reports",Finnhub,https://finnhub.io/api/news?id=b9fd13792b54acec10cc25658f76a8d1b9a049994fd8b898281b8fd470580270,0.0,0.944,0.056,0.3182,2025-05-07
2025-05-07 11:42:00,Apple cut share buybacks and its stock took the hit. Here’s what sellers are missing.,MarketWatch,https://finnhub.io/api/news?id=5129d7974e1e80c83da973fb2a6e35e060c3dbc2721f842c3db9853a98466f55,0.232,0.649,0.119,-0.4939,2025-05-07
2025-05-07 11:35:00,2024 Total Dividend Income And Portfolio Update,SeekingAlpha,https://finnhub.io/api/news?id=e84a491388932db92b15edae67d11240e3b812c212aa814a6209bef6a4a9af74,0.0,0.941,0.059,0.25,2025-05-07
2025-05-07 11:30:00,Meta: Market Is Still Mispricing Its AI Ambitions,SeekingAlpha,https://finnhub.io/api/news?id=56307151853f044b0feae1586ed90402e9407bf2263d70f476c165be6b302aff,0.0,0.849,0.151,0.6908,2025-05-07
2025-05-07 10:01:50,Dow Jones Rises On U.S.-China Trade Talks With Powell Briefing Due; CrowdStrike Dives On Layoffs,DowJones,https://finnhub.io/api/news?id=48ac53ad0667125f796f015199712cf01d9867aa452080b7adf9acffb47e8602,0.0,1.0,0.0,0.0,2025-05-07
2025-05-07 09:43:28,S&P 500 companies risk significant earnings hit without access to China's customers: Apollo,MarketWatch,https://finnhub.io/api/news?id=e0531758791e3376e9c674d7cb0e0373ce9d05d1a98acdaaa2201a8c6fb314bb,0.141,0.738,0.121,-0.1531,2025-05-07
2025-05-07 09:19:00,SMCI Outlook Disappoints. Super Micro Stock Drops.,MarketWatch,https://finnhub.io/api/news?id=89ad96060bfeb4c217e53ee5ce0f4f3a3adba12c8249a1c05082ba04946ae14c,0.226,0.435,0.339,0.5574,2025-05-07
2025-05-07 08:30:00,"Sorry, but Tariffs Are the Least of Apple's Problems Right Now",Yahoo,https://finnhub.io/api/news?id=6c2f2dd3a6ace6ccf8d98f095ad9847017e3d4c41bb16af717ab39467885b688,0.337,0.663,0.0,-0.8653,2025-05-07
2025-05-07 06:45:00,Fidelity Select Technology Portfolio Q1 2025 Commentary,SeekingAlpha,https://finnhub.io/api/news?id=ebcc183a2b14ad448ba7d913ce38868677158a26f5c635bdd48341e7e3d58054,0.0,0.899,0.101,0.4019,2025-05-07
2025-05-07 06:15:15,"Apple Violated U.S. Court Order, Ending Apple's 27% Commission On External Purchases",Finnhub,https://finnhub.io/api/news?id=8dd95f9dae192347d1fa943abeb1dfd3f1ed067169fd57db5265aece5edda902,0.211,0.669,0.12,-0.6326,2025-05-07
2025-05-07 05:03:22,Apple introduces the 2025 Pride Collection,Finnhub,https://finnhub.io/api/news?id=f6bb3225e955dcf6f78e2476b7c999a771d196a506b7054f9b2d9dba42946a41,0.0,0.608,0.392,0.9618,2025-05-07
2025-05-07 04:55:22,"Apple: Fantastic Business, Overvalued Stock",SeekingAlpha,https://finnhub.io/api/news?id=d01cd3fa3ab0449e05e6727ef26b55b70e9e052c20a3834b80a1019e82f6f2ec,0.176,0.68,0.145,-0.0114,2025-05-07
2025-05-07 01:00:00,The Big Question Looming Over Arm Earnings,MarketWatch,https://finnhub.io/api/news?id=1b7c6140bd0f07b3a39c1e1fc0b08a58ebbcfd614a53a7763170cb45d2121ea5,0.2,0.8,0.0,-0.25,2025-05-07
2025-05-07 00:01:00,Berkshire’s Equity Portfolio Is Critical to Company. Who Will Run It After Buffett?,MarketWatch,https://finnhub.io/api/news?id=95caa0df86a388dc3386cedd261f87c3ccbcd6d4c7130d4a7557ddcf67d0cd14,0.171,0.829,0.0,-0.6072,2025-05-07
2025-05-06 23:33:59,Apple Growth Story Remains Muted,SeekingAlpha,https://finnhub.io/api/news?id=ab07eefe3b4c5dbb44c59d0d6c64cb98302b239597d251f7155e9b2fe8ee7f9a,0.039,0.817,0.144,0.4019,2025-05-07
2025-05-06 22:59:10,Apple: Valuation Requires Lots To Go Right,SeekingAlpha,https://finnhub.io/api/news?id=6151bb4051e140b16c1c8c618d42d9bdab5ed62f697b9334cbecb70873cb1362,0.0,0.915,0.085,0.3818,2025-05-07
2025-05-06 21:00:44,"Jamf (NASDAQ:JAMF) Posts Better-Than-Expected Sales In Q1, Full-Year Outlook Exceeds Expectations",Yahoo,https://finnhub.io/api/news?id=1b9b8a71c1d8cf54a4d152f2e28b3bd89d6b01f26f36feecb8ef3f849eb9e40c,0.0,0.892,0.108,0.7906,2025-05-07
2025-05-06 20:47:15,"Apple (AAPL) Launches $4.5 Billion Bond Offering to Fund Buybacks, Refinance Debt",Yahoo,https://finnhub.io/api/news?id=8e87fd5103d125f724b9190542da5c23e25b5d00e9be6121643188704e88cab8,0.159,0.717,0.124,0.0258,2025-05-07
2025-05-06 20:34:32,Apple (AAPL) Appeals Contempt Ruling in Epic App Store Case,Yahoo,https://finnhub.io/api/news?id=3f6566887ffeca3e353839da6d7288ad324cd525fadcd819c874336c169564d3,0.256,0.744,0.0,-0.7351,2025-05-07
2025-05-06 20:30:18,Why Citi's head of wealth isn't sold on the stock market rally,Yahoo,https://finnhub.io/api/news?id=62f657f19149dc8ea9621326ecc6908f1d5e9c2238cd9f8489b0629b6a657427,0.073,0.703,0.224,0.6806,2025-05-07
2025-05-06 20:00:00,Apple: Disheartening Signals,SeekingAlpha,https://finnhub.io/api/news?id=f587a069582c8d9408654bdfb12bd284b026234b16dde7a102460187dc740292,0.223,0.669,0.109,-0.6249,2025-05-07
2025-05-06 18:00:00,Build A 12%+ Yield On Cost By 2035 With May's Top 10 High-Yield Picks,SeekingAlpha,https://finnhub.io/api/news?id=3e6d62be646e331485bd4a396e3b20a79dd3d571dab850af6ddc09933e402291,0.0,0.776,0.224,0.8658,2025-05-07
2025-05-06 17:55:00,Big Tech Lets Investors Know What's Going On,Yahoo,https://finnhub.io/api/news?id=7bb3200381ab3c3e855f2172c274587b8f5e11aa14d511f71e858058c98ab6fd,0.055,0.883,0.062,0.1027,2025-05-07
2025-05-06 17:24:12,Apple (NasdaqGS:AAPL) Faces Legal Challenges and Unveils US$100 Million Fixed-Income Offering,Yahoo,https://finnhub.io/api/news?id=d8609cc29f98ac534cc7b1896bac769a92906e6fbc012c8b2766d3281362286c,0.048,0.786,0.166,0.8723,2025-05-07
2025-05-06 17:04:19,Seventeen companies flood US bond market ahead of Fed meeting,Finnhub,https://finnhub.io/api/news?id=7e9f691c3635e737a0bb2467a5953c480031caae75331270a50dab80203acc65,0.052,0.9,0.047,-0.0516,2025-05-07
2025-05-06 16:49:27,"Tech Researcher Says That Apple Inc (AAPL) Is Well-Positioned, Stock Is a Buy",Yahoo,https://finnhub.io/api/news?id=8236760ad01dd5ce1e54a17ceaa7fdaef9b8b49c86fb0ea5f5d9368de89c3a09,0.0,1.0,0.0,0.0,2025-05-07
2025-05-06 15:52:35,"TSMC: Remember, Such Golden Opportunities Don't Come By Often",SeekingAlpha,https://finnhub.io/api/news?id=c1d1e2973ee4af65ec0a3498588e7f0a9080f3814765b7277540c5881963e1e3,0.057,0.819,0.124,0.4019,2025-05-06
2025-05-06 15:49:17,Nuveen CIO Saira Malik decodes the stock market's post-'Liberation Day' rally,Yahoo,https://finnhub.io/api/news?id=ec43d552f085ceb6518d79d5e458555f2f231c35dfb4208ff3c1ea5b5bd02c52,0.0,1.0,0.0,0.0,2025-05-06
2025-05-20 21:09:04,Epic Games' Fortnite returns to Apple App Store in US after nearly 5 years,Finnhub,https://finnhub.io/api/news?id=ef9698f7d476552f6206aae2803deea6814584d3f672b210a8c3059b27c5bd03,0.066,0.807,0.126,0.5095,2025-05-21
2025-05-20 20:10:00,‘Fortnite’ returns to Apple’s App Store after 5-year exile,MarketWatch,https://finnhub.io/api/news?id=a0d62075e8af7627bbd9cfd149181d8a8a448789cd239f76ebf3b8c1d5d77fac,0.0,1.0,0.0,0.0,2025-05-21
2025-05-20 19:31:07,"Fortnite video game returns to iPhone app store in U.S., ending exile imposed by Apple",Finnhub,https://finnhub.io/api/news?id=e7138cbc3937b3af52f57db759840de7b2a3aaf7fcaaecfa91e94984a44353d8,0.025,0.894,0.082,0.4588,2025-05-21
2025-05-20 19:26:04,Epic Games' Fortnite back up on Apple app store in US after nearly 5 years,Finnhub,https://finnhub.io/api/news?id=7c8acddc6af07b2283535d530bad9f26fde6862fff2ca5114100a2ba5eb3861d,0.065,0.811,0.124,0.5095,2025-05-21
2025-05-20 16:15:00,Janus Henderson Forty Fund Q1 2025 Commentary,SeekingAlpha,https://finnhub.io/api/news?id=4e3385abeb5a134ea512c831a93c9a651f051f8304f316c22b169cee35a9bf77,0.0,0.902,0.098,0.3818,2025-05-21
2025-05-20 14:29:00,"Dow's 260-point fall led by losses in NVIDIA Corp., Apple shares",MarketWatch,https://finnhub.io/api/news?id=41d5fa82be44a3a972b82445727244b7edd359732e8bb9b96baaff88aba981ba,0.194,0.647,0.158,-0.25,2025-05-20
2025-05-20 13:45:00,Apple or America? The iPhone Maker Now Has a Better Credit Rating Than the U.S.,MarketWatch,https://finnhub.io/api/news?id=074621cd6b3fb06c8eff875321130607572acc406e77707c448a86ec2d15b971,0.0,0.696,0.304,0.885,2025-05-20
2025-05-20 13:44:11,Apple Partner Foxconn Taps India With Massive $1.5B Investment,Yahoo,https://finnhub.io/api/news?id=e055b8b83f6e74df10e3427f8e5eba830a2620baa1fedbebe70a9646be7e8108,0.0,0.88,0.12,0.3818,2025-05-20
2025-05-20 13:41:55,"Amer Sports, General Motors, Apple: Trending Tickers",Yahoo,https://finnhub.io/api/news?id=d164f9b48dd3e49ec4b084c74dcc62c17c5b661a2f31946076671e2cd3e734b4,0.095,0.905,0.0,-0.7783,2025-05-20
2025-05-20 13:40:00,"The next Alphabet, Apple and Amazon are being built on the back of AI right now",MarketWatch,https://finnhub.io/api/news?id=3ead0e84be0d3ab0571fa04bb90a245752cff79bcd849c9ae81b21f9c26909d4,0.0,0.898,0.102,0.34,2025-05-20
2025-05-20 13:35:03,Alphabet Traders Look to Developer Event to Shift AI Narrative,Yahoo,https://finnhub.io/api/news?id=bd1b8cc05c3d7d0f5739494c8f5c0817c408a22d856b9afe95b8ac73ddda66ef,0.073,0.906,0.021,-0.5267,2025-05-20
2025-05-20 12:58:41,XLG: Build Your Portfolio With The Best 50 Stocks,SeekingAlpha,https://finnhub.io/api/news?id=7d8354c7dc5619af5c3a098eb9fd382fd0c54cc9906dc2569eda769aa04dae77,0.048,0.682,0.27,0.8689,2025-05-20
2025-05-20 12:58:19,"Apple to open its AI models to developers, Bloomberg News reports",Finnhub,https://finnhub.io/api/news?id=2549934d3f5879164512e67c60df68b84a644eb237cf99bb0fa5e87f7c1bfa19,0.0,0.781,0.219,0.8316,2025-05-20
2025-05-20 12:46:00,It’s Musk and T-Mobile Starlink vs. Apple and Globalstar in the satellite phone wars. But one stock is already the clear winner.,MarketWatch,https://finnhub.io/api/news?id=fe6e790a070a93b16269ffbddb9958d4233ec5c738691e19f999631b74cf2044,0.115,0.609,0.276,0.9001,2025-05-20
2025-05-20 12:44:29,Cloud AI Today - Azure Managed Redis Boosts Performance With New Innovations,Yahoo,https://finnhub.io/api/news?id=4f9043eadd658c43e239b1a39bfce994776a7e123207213991f1669118a66a39,0.027,0.88,0.094,0.6808,2025-05-20
2025-05-20 12:06:13,Apple Is Preparing To Allow Third-Party Developers To Write Software Using Its AI Models - Bloomberg News,Finnhub,https://finnhub.io/api/news?id=a4d864eaf19af2c082f7b77282bae67e76bd08883776284bf7eb58e8fc832da9,0.0,0.888,0.112,0.5473,2025-05-20
2025-05-20 11:28:58,"Apple, Nvidia, GM: CEOs Are Talking About Being American-Made Again",Benzinga,https://finnhub.io/api/news?id=f206a220c127b6649c58a301b4d26e0d6b2d58ef9c212a02645df031606a71a0,0.0,1.0,0.0,0.0,2025-05-20
2025-05-20 11:23:00,Apple Ignores Trump Over Indian iPhone Plan. Why That’s Probably Smart.,MarketWatch,https://finnhub.io/api/news?id=9601a62077fb0f4dbfc6b08c461a036b32fb72e42aabee9149df9bb79fa1d29a,0.152,0.652,0.196,0.296,2025-05-20
2025-05-20 11:10:00,Janus Henderson Global Sustainable Equity Fund Q1 2025 Commentary,SeekingAlpha,https://finnhub.io/api/news?id=663483b8f318225c40b35ab6882a2deaea3a2b8325c7a41ed13f1a278b30388a,0.0,1.0,0.0,0.0,2025-05-20
2025-05-20 10:22:00,Janus Henderson Global Sustainable Equity (ADR) Managed Account Q1 2025 Commentary,SeekingAlpha,https://finnhub.io/api/news?id=3be7a11dd30e1997481e45a99512ee5e63913c751fc02bceadf5eff4a61ff7a6,0.22,0.78,0.0,-0.7351,2025-05-20
2025-05-20 09:50:00,"NVIDIA Corp., American Express share losses lead Dow's 135-point drop",MarketWatch,https://finnhub.io/api/news?id=bd03d26f1affc1921eb0da13359ddbc0011973141e2b3f1b113528ffeaf29387,0.343,0.5,0.157,-0.6369,2025-05-20
2025-05-20 09:48:07,Chinese smartphone exports to U.S. dive 70% in April amid tariff spat,Finnhub,https://finnhub.io/api/news?id=7f2b2fd77bcd7fe6fcab5f5d33fcbc83eca91d6cb309cc9afe32ff8c59d0f158,0.057,0.884,0.059,0.0258,2025-05-20
2025-05-20 09:43:29,Dow Jones Falls As S&P 500 Threatens Win Streak; Home Depot Jumps On Earnings,DowJones,https://finnhub.io/api/news?id=fd5081d6ba48374c83fdfe9dc76dbc79f26c8f0b4283c0c0d27cd1d0b7fdeea0,0.141,0.652,0.207,0.5267,2025-05-20
2025-05-20 09:33:00,Janus Henderson Global Research Fund Q1 2025 Commentary,SeekingAlpha,https://finnhub.io/api/news?id=51ac3412915715ffec0d9343fe811d79c4b7adbd26e693fb357112384995a3e6,0.0,1.0,0.0,0.0,2025-05-20
2025-05-20 09:18:37,Magnificent 7 Stun The Street With Best Earnings Beat Since 2021,Benzinga,https://finnhub.io/api/news?id=7b46fabfcb4cb7e2457b5d7f56f87d515fd9baa60b3aa86b19004dc9580df623,0.056,0.523,0.421,0.959,2025-05-20
2025-05-20 09:17:56,TQQQ Has Been Beaten Down Enough (Rating Upgrade),SeekingAlpha,https://finnhub.io/api/news?id=87919dfa8a1bd1a1c0169f42ae6f2eea92a8ae73ca44954f4daec930ea2eb3ad,0.139,0.861,0.0,-0.7003,2025-05-20
2025-05-20 08:59:10,Apple's Trading Momentum Remains Problematic (Technical Analysis),SeekingAlpha,https://finnhub.io/api/news?id=dc70cfea2bbba48f5e78d3cb243142ee789f2b4d5cb47084a50904f1f9eef4a9,0.132,0.685,0.183,0.296,2025-05-20
2025-05-20 08:56:00,"1 Unstoppable Stock That Could Join Nvidia, Apple, and Microsoft in the $3 Trillion Club in 2026",Yahoo,https://finnhub.io/api/news?id=337c51f3761d8aa13240e96660a05a11781419e7be23f81be8773ff7af96017b,0.018,0.802,0.18,0.9001,2025-05-20
2025-05-20 08:30:00,Apple: Despite Failing From Its Highs There Is Still Upside Potential Going Forward,SeekingAlpha,https://finnhub.io/api/news?id=c42f7a267ff2d4535ffe76621190b2662baf9752a4b112f812553e49ac93d528,0.0,0.754,0.246,0.8317,2025-05-20
2025-05-20 07:42:13,Universal Display's OLED Breakthrough Paints A More Profitable Future,SeekingAlpha,https://finnhub.io/api/news?id=36af6fc890d5433015533109e822044e4ef5590394af39f44197cc439436f4fd,0.0,0.737,0.263,0.8858,2025-05-20
2025-05-20 07:34:47,Chinese Smartphone Exports to US Plunge to Lowest Since 2011,Yahoo,https://finnhub.io/api/news?id=482fdc609dd33c26d46d8e42991a3519bacfe84a30671965a5f5e3c43d3fb85f,0.14,0.86,0.0,-0.9042,2025-05-20
2025-05-20 07:30:00,If I Could Only Buy 2 Dividend Stocks Right Now (May 2025 Edition),SeekingAlpha,https://finnhub.io/api/news?id=6dc1af39a048ae6f4f8a05bf356bcb2b8847c816d665687c3c18c3a15e0b2825,0.0,1.0,0.0,0.0,2025-05-20
2025-05-20 05:47:31,Apple supplier Foxconn to invest $1.5 billion in India unit,Yahoo,https://finnhub.io/api/news?id=9c8258bcf5200637fd35cc1f961b011f9e59ebfbe8c35696c195a372e8922afd,0.0,0.953,0.047,0.4767,2025-05-20
2025-05-20 04:02:00,Janus Henderson Concentrated Growth Managed Account Q1 2025 Commentary,SeekingAlpha,https://finnhub.io/api/news?id=13db9baffbad752497e26abb265d55760635e8994fb267a1d930788e56a2616a,0.0,0.755,0.245,0.3818,2025-05-20
2025-05-20 02:45:53,Apple Caught In U.S.-China Trade War,SeekingAlpha,https://finnhub.io/api/news?id=1e676b023a60fe38fcc0132be549a09adcafac791c2bccce79f6feef1c4c95f4,0.164,0.769,0.067,-0.5859,2025-05-20
2025-05-20 00:44:00,Janus Henderson Concentrated All Cap Growth Managed Account Q1 2025 Commentary,SeekingAlpha,https://finnhub.io/api/news?id=6f1e131948f469cef9c45e50cad0f27f5dbb52242baaf17597d284cc50c1b989,0.08,0.72,0.201,0.5719,2025-05-20
2025-05-19 22:54:42,Tracking David Tepper's Appaloosa Management Portfolio - Q1 2025 Update,SeekingAlpha,https://finnhub.io/api/news?id=571b5fd48a654bb868cb2b6d859320d89d5a354aa0d0e9a754415714558138ad,0.0,0.877,0.123,0.4939,2025-05-20
2025-05-19 21:16:30,Judge pressures Apple to approve Fortnite or return to court,Yahoo,https://finnhub.io/api/news?id=927c4a59aef8a1e5b035ae692a170b0a89cad0084707f3925bb70567adee3c82,0.07,0.863,0.066,-0.34,2025-05-20
2025-05-19 21:09:21,Apple approves Spotify update so US users can buy audiobooks within the app,Yahoo,https://finnhub.io/api/news?id=71fd0d2d296918ecf4bf109e2fb1db0d374b1f66eac38a0ef2d96f8fddd770e0,0.015,0.869,0.116,0.8428,2025-05-20
2025-05-19 19:59:02,Sector Update: Tech Stocks Retreat Late Afternoon,Yahoo,https://finnhub.io/api/news?id=f15c3601460e408f9dc2a7026bfd24acb977e1be18415476797fd107cf6090cf,0.088,0.84,0.072,-0.1027,2025-05-20
2025-05-19 19:36:37,Alibaba Tumbles as Apple AI Pact Faces Scrutiny,Yahoo,https://finnhub.io/api/news?id=3a6533fd91ea8d5e7fb929eaabbcba53dc988c96aa1c2b8cff1e7ab992234cd7,0.0,1.0,0.0,0.0,2025-05-20
2025-05-19 19:16:05,Apple Struggles to Crack AI,Yahoo,https://finnhub.io/api/news?id=1dabb9505504187d2c89de7a54f0e9233fb2ee03d4db5eeb1c325a831b08ccd1,0.128,0.797,0.075,-0.296,2025-05-20
2025-05-19 18:38:00,"Apple Risks $27 Billion in Services Revenue, Evercore Says",Yahoo,https://finnhub.io/api/news?id=10cea831f56e5c6f76f6939c2da6daf64ecc3f73a52d68dee026bb1a03904258,0.19,0.81,0.0,-0.5719,2025-05-20
2025-05-19 17:14:00,Tech stocks took a hit after the last two U.S. credit downgrades. Why this time could be different.,MarketWatch,https://finnhub.io/api/news?id=4e273e7ca1bddc705d0718fbf20f17525ac049fe2709bf139e3fb5c5c4b47a91,0.0,0.867,0.133,0.6369,2025-05-20
2025-05-19 17:14:00,"Tesla vs. Xiaomi, Apple-Alibaba AI concerns, Reddit downgrade",Yahoo,https://finnhub.io/api/news?id=91f81dcc804c15d51dac50afd0da667ca65e45677b01d7b088a708a93aa5fdef,0.0,0.956,0.044,0.4215,2025-05-20
2025-05-19 16:53:00,The U.S. Lost Its Perfect Credit Rating. Who Still Has It.,MarketWatch,https://finnhub.io/api/news?id=cb23e2c5b9265facadb29c263b298667cb1ccf8ccc46398319dea0615867cae2,0.139,0.482,0.38,0.8402,2025-05-20
2025-05-19 16:26:00,Apple vs. HP: Which PC Maker Stock is a Better Buy Right Now?,Yahoo,https://finnhub.io/api/news?id=0761b6ccf31e12d58721f6ad41760ad48098d6ac921fa35218c3873fbe12b246,0.035,0.705,0.26,0.8611,2025-05-20
2025-05-19 15:59:58,Alibaba Stock Falls On Report That Apple AI Partnership Is Under Scrutiny,Yahoo,https://finnhub.io/api/news?id=342a167978e67e3726a3efb0830db8f7f985c137071eeaca394bb7c8e93b2844,0.0,1.0,0.0,0.0,2025-05-19
2025-05-19 15:43:00,Hartford Large Cap Growth ETF Q1 2025 Commentary,SeekingAlpha,https://finnhub.io/api/news?id=f563a3b9a9ce763c03eb924355c9365044cd53d0090f29fd4aae82ba75cfff2f,0.0,0.747,0.253,0.7783,2025-05-19
2025-05-19 15:26:00,"Apple Stock Faces Major Legal Risks. Here’s How Bad It Could Get, Says Analyst.",Yahoo,https://finnhub.io/api/news?id=c2c1657cba3917c57a9ae2174c9b7d58160c808a5057e2dd99aaa04796c70409,0.327,0.603,0.071,-0.9167,2025-05-19
2025-05-19 15:25:26,Moody's U.S. Debt Downgrade: Stocks Poised To Benefit,SeekingAlpha,https://finnhub.io/api/news?id=c65e527b7b08cf1c59ef48737e706a5368e282964dbfa0f9e5506f3fc9e2ee29,0.068,0.575,0.356,0.8591,2025-05-19
2025-05-19 15:12:07,Magnificent 7 Trades at Seven-Year Low Valuation,Yahoo,https://finnhub.io/api/news?id=6c030effde2e0c9d03be7d6a3bea4fc111b93a9ffca088edb31bb346c3adf2af,0.077,0.517,0.406,0.872,2025-05-19
2025-05-19 14:31:50,Apple Inc. (AAPL) Faces AI Roadblock as Competition Heats Up,Yahoo,https://finnhub.io/api/news?id=ed308b3d68406ce20104ec0dd30a5dc046ae7abeb86b76485c542dc8596d3d16,0.121,0.813,0.065,-0.4939,2025-05-19
2025-05-19 14:31:15,"Warren Buffett Stocks: Berkshire Exits Citi, Nu Holdings; Cuts These Names",Yahoo,https://finnhub.io/api/news?id=c13e1b0c1ffdea86b4c23ed0718f9af64e2e9074ba47b3897d8802db86b17370,0.064,0.936,0.0,-0.296,2025-05-19
2025-05-19 14:15:55,Alibaba Fall After U.S. Throws Wrench in Apple's China AI Deal,Yahoo,https://finnhub.io/api/news?id=a8d5c1038efe45d6970b2dfa37bcb8ab66dfa4e889450015cf2d5b19d3304af3,0.0,0.942,0.058,0.1511,2025-05-19
2025-05-19 14:15:37,Ex-Siri head reportedly wanted Apple to choose Google's Gemini over ChatGPT,Yahoo,https://finnhub.io/api/news?id=16f7aeb6192a5aa95f24dee1bc6f20fd9160c40f3cfcfcfdf9fd8d0490d09885,0.0,1.0,0.0,0.0,2025-05-19
2025-05-19 13:50:07,"Apple remains under-owned vs. peers, Meta still over-held - Morgan Stanley",Yahoo,https://finnhub.io/api/news?id=c8580d82cc628355c1d01339ee930d0c0a3a6275fc35b247358d1ea9e53aa456,0.0,1.0,0.0,0.0,2025-05-19
2025-05-19 13:26:25,Nvidia Free Cash Flow Analysis Says Buy,SeekingAlpha,https://finnhub.io/api/news?id=aacb43fc378384ce3fd6aac91887bacef21ac769846c34214c1d97002c0baf3d,0.0,0.644,0.356,0.9313,2025-05-19
2025-05-19 13:26:00,"Zacks Investment Ideas feature highlights: Arista Networks, Apple and Applied Industrial Technologies",Yahoo,https://finnhub.io/api/news?id=d58924c6db92a5ae75e9c146bb58cfd1358e340d199a6596bc43665498bb4263,0.0,1.0,0.0,0.0,2025-05-19
2025-05-19 13:08:08,Russian court fines Apple for violating 'LGBT propaganda' law,Finnhub,https://finnhub.io/api/news?id=3e64cb2fc16fc9984b0557f3c91fbe3e0add40620fb4e4d131e795cb838c02a6,0.176,0.824,0.0,-0.7579,2025-05-19
2025-05-19 12:46:30,Alibaba (BABA) Shares Tumble 5% as U.S. Probes Apple AI Deal,Yahoo,https://finnhub.io/api/news?id=d246b9d97dbfbb181287abae354270ecaab581a67d59407bfede88ee11c5fd6e,0.219,0.687,0.094,-0.4404,2025-05-19
2025-05-19 12:10:00,Janus Henderson Global Technology and Innovation Fund Q1 2025 Commentary,SeekingAlpha,https://finnhub.io/api/news?id=e09e926f54227f8c5a36b381ed0c27689fc89fc10391265be4caedbdc9b9acbf,0.0,0.923,0.077,0.3818,2025-05-19
2025-05-19 12:09:56,This could be another market surprise after the Moody's US credit rating downgrade,Yahoo,https://finnhub.io/api/news?id=c7b64b811d22ca3cafa36f1d3e94a2ddc61081b15b69c36064775fc26e24a11c,0.071,0.682,0.247,0.6597,2025-05-19
2025-05-19 11:59:00,Wall Street Lunch: Nvidia's Huang Previews Next-Gen Tech,SeekingAlpha,https://finnhub.io/api/news?id=fe759bd3e10bfd81ec9eea2a4b6bdfbf04c21a394a10b488234a4e8c2675f510,0.0,0.952,0.048,0.2023,2025-05-19
2025-05-19 11:13:18,Meta: One Of The Most Attractive Mag-7 Stocks,SeekingAlpha,https://finnhub.io/api/news?id=29fa47cccae542c81cd9afcfee9938278d01ba23dce01db1f2603c1f5af6cd95,0.0,0.531,0.469,0.9601,2025-05-19
2025-05-19 10:58:00,Stock Market Today: Dow Jones Falls After U.S. Downgrade; Walmart Skids After Bessent Says This On Tariffs (Live Coverage),DowJones,https://finnhub.io/api/news?id=1a141514a1e240858cb1d7c1ee1f584f09661df5dfb1fcf3bf6b3fe6222a96b2,0.0,1.0,0.0,0.0,2025-05-19
2025-05-19 10:46:00,Janus Henderson Balanced Fund Q1 2025 Commentary,SeekingAlpha,https://finnhub.io/api/news?id=afd2de04e75f146aa407e807b818159d04600d690b1f9426f93ceada4148ab74,0.0,1.0,0.0,0.0,2025-05-19
2025-05-19 10:31:23,Market Chatter: Apple Facing US Scrutiny Over Potential AI Deal With Alibaba,Yahoo,https://finnhub.io/api/news?id=8663650bc0d17fa45aa528bdfa01f4672d1eac1eaf230b71a5779bcfad1f9f70,0.0,1.0,0.0,0.0,2025-05-19
2025-05-19 10:13:00,Alibaba Stock Drops. China’s Retail Sales Are Just Part of the Story.,MarketWatch,https://finnhub.io/api/news?id=dc06fd95667c255e8912a5f3b79d4b8691d6621f7722157f34d090044159eff4,0.0,1.0,0.0,0.0,2025-05-19
2025-05-19 09:52:00,SAP Hosts Event Today. It’s Europe’s Answer to Big Tech Stocks.,MarketWatch,https://finnhub.io/api/news?id=9430743564124cbb863c612dedf187967eb2c15c15aa46e8fd9d7594291adc4c,0.0,1.0,0.0,0.0,2025-05-19
2025-05-19 09:45:00,"Apple, Chevron share losses lead Dow's nearly 175-point fall",MarketWatch,https://finnhub.io/api/news?id=7073d054a58621ec50513d92ef45c1de2d3e0932778712cd6cea89b653872d62,0.227,0.588,0.185,-0.25,2025-05-19
2025-05-19 09:33:34,"Dow Jones Slides 250 Points On U.S. Credit Downgrade; Apple, Nvidia, Tesla Sell Off",DowJones,https://finnhub.io/api/news?id=689bb849061150933b3c79bf450be3045881c565c3f27bce55151c3d3946a38c,0.0,0.833,0.167,0.6369,2025-05-19
2025-05-19 08:12:00,Missed Out on Apple in 2012? Buying Nvidia Stock Today Could Be Your Second Chance,Yahoo,https://finnhub.io/api/news?id=3377da862a1f33f57c088f99cf91014a305b3bd2870c109113b3d3d241aabcfe,0.021,0.803,0.175,0.9169,2025-05-19
2025-05-19 08:10:10,Epic v. Apple: The Side Door Out Of The App Store,Finnhub,https://finnhub.io/api/news?id=6a2269162a3901983855366eecab1d22dac6b2e0763e7bbf898d0919f2e42366,0.048,0.952,0.0,-0.2911,2025-05-19
2025-05-19 08:00:00,Mining: The Bedrock Of Innovation And Industrial Revival,SeekingAlpha,https://finnhub.io/api/news?id=91c8239926d0b8c08561c401a236e13baae2907a8880fa527c1689c0bd8185a3,0.045,0.764,0.191,0.7269,2025-05-19
2025-05-19 07:00:56,Wall Street Breakfast Podcast: Alibaba Dips On Reported Apple AI Scrutiny,SeekingAlpha,https://finnhub.io/api/news?id=da14490b13758226806be1468d5d40193b005e40fc784bcaf8bcbc01539e919c,0.078,0.872,0.049,-0.0772,2025-05-19
2025-05-19 07:00:00,Trade War Fails To End Civilization,SeekingAlpha,https://finnhub.io/api/news?id=42f9fc36438f975e17e41a5b4c0786d7d664a85632e66afb0f733483a91c6915,0.147,0.525,0.328,0.8074,2025-05-19
2025-05-19 06:13:06,Epic Games Secures Decision That Apple Violated Anti‑Steering Injunction,Finnhub,https://finnhub.io/api/news?id=a3d530b57d82ee790043576610e74125ba7cd4996c148ab9baa75705d7e65280,0.076,0.828,0.096,-0.0258,2025-05-19
2025-05-19 05:23:41,"Apple's AI-Powered Home Services Strategy Could Upend Yelp, Angi, Alphabet: Insider Says Trust, Data And UX Key In This $500 Billion Market",Benzinga,https://finnhub.io/api/news?id=649da43b6740bdb8b7d5f2c9ae2891d8cd45a6d77c0ce35b303c7422f8c70cdb,0.0,0.946,0.054,0.5106,2025-05-19
2025-05-19 03:30:56,Winners And Losers Of Q1: GoPro (NASDAQ:GPRO) Vs The Rest Of The Consumer Electronics Stocks,Yahoo,https://finnhub.io/api/news?id=04fc812c95db1fe3aea7b8c7272640f847ff354dde3f27d55887ecf2c6da05b7,0.051,0.841,0.108,0.5859,2025-05-19
2025-05-19 03:29:29,Alibaba Shares Slide as AI Deal With Apple Faces US Scrutiny,Yahoo,https://finnhub.io/api/news?id=933850ebe131a03d054bcf5629093e5c5473db6a8174d6e61185266d5f649cfa,0.102,0.823,0.076,-0.34,2025-05-19
2025-05-19 03:25:14,FLQL: Multi-Factor Vs. Single Factors,SeekingAlpha,https://finnhub.io/api/news?id=49378a38da8b32d672f3bafed22ed31f182419f9216d3277db29ec935e7a0d2d,0.0,0.912,0.088,0.34,2025-05-19
2025-05-19 03:20:03,"S&P 500 Gains For Fifth Session: Investor Sentiment Improves, Fear Index Remains In 'Greed' Zone",Benzinga,https://finnhub.io/api/news?id=7e2beed9b3413837740c932f6e3ae10ef6887a3324637e90e9459f52375ddcbe,0.267,0.498,0.235,-0.1779,2025-05-19
2025-05-19 01:57:55,"Apple Rival Xiaomi To Invest Over $6.9 Billion In Chip Design Through 2031, Boosts Push For Semiconductor Independence Amid US Sanctions",Benzinga,https://finnhub.io/api/news?id=12ae90417e966f625b4e64fdc16891807bf6bd87b48c6ee1ef9755da1dd3c84c,0.0,0.961,0.039,0.3182,2025-05-19
2025-05-19 01:14:13,INFO: New Active ETF With A Good Start,SeekingAlpha,https://finnhub.io/api/news?id=99efc2ccd0f9c15a38846079bdec8289468ecdaa79adc9ed0954d5799f6c0099,0.0,0.625,0.375,0.9153,2025-05-19
2025-05-19 01:01:08,Epic Games accuses Apple of contempt of court in Fortnite case,Finnhub,https://finnhub.io/api/news?id=0f92db6614c2bb086a94968da861330d5f15b29404c7b25350b0b8b463d4d624,0.178,0.822,0.0,-0.836,2025-05-19
2025-05-18 23:39:09,Apple Might Be In Bigger Trouble Than Alphabet,SeekingAlpha,https://finnhub.io/api/news?id=93ad1836798fd31e2f841805feae321f8ae05b5e2e2825bb5366a9debc956b16,0.258,0.618,0.124,-0.5859,2025-05-19
2025-05-18 22:30:00,"Down 12% This Year, Should You Buy Alphabet Stock?",Yahoo,https://finnhub.io/api/news?id=02b7f17ffc4d8c1ad3fca28cbc44e53d548899619f28558cc4a98f7b19b03afa,0.042,0.861,0.098,0.4215,2025-05-19
2025-05-18 22:10:00,"Bull Case ""Back on the Table"" for Apple, Microsoft, and Palantir Following Trade Truce, Says Dan Ives",Yahoo,https://finnhub.io/api/news?id=5eb39db3a05fd60c7622ef0f9bb974cff4492ea04e26994f577a54b91e12e07f,0.101,0.899,0.0,-0.7178,2025-05-19
2025-05-18 21:36:08,Tracking Ken Fisher's Fisher Asset Management Portfolio - Q1 2025 Update,SeekingAlpha,https://finnhub.io/api/news?id=3d4ca0c5601d6c33d5b8a73480c0af970db18cd3837050d03c55d97c742ceec1,0.0,0.721,0.279,0.8481,2025-05-19
2025-05-18 19:26:09,Big Tech Breathes Life into Q1 Earnings,Yahoo,https://finnhub.io/api/news?id=aad9529d4214146dd7ce8e31096ba5c855a065afece7938f45e2fb1397e611d5,0.0,0.837,0.163,0.5994,2025-05-19
2025-05-18 14:35:58,U.S. lawmakers have concerns about Apple-Alibaba deal,Yahoo,https://finnhub.io/api/news?id=b9581fa1b98d25b193e516774ce65eef849c466b230c2062f2997fc0d45fad3c,0.0,0.927,0.073,0.6705,2025-05-19
2025-05-18 13:25:49,Model Portfolio For Capital Appreciation: May 2025,SeekingAlpha,https://finnhub.io/api/news?id=29e68c6a874f383bf720d101b9bbdde6f819a96418934ffe8a8abff486120174,0.0,0.836,0.164,0.7096,2025-05-19
2025-05-18 11:30:36,Trade deals take center stage: What to know this week,Yahoo,https://finnhub.io/api/news?id=4093ea94d437c56d6d71b07001e47c5838866b9f94731e7ebe2f01441af47ffa,0.099,0.842,0.059,-0.3818,2025-05-19
2025-05-18 11:01:04,Wedbush: Apple (AAPL) Eyes India as Key iPhone Hub,Yahoo,https://finnhub.io/api/news?id=2cf7f4af17fb142cca9cfbd35b9f7b39106160a6220f63460af3359f90dd1aa5,0.0,1.0,0.0,0.0,2025-05-19
2025-05-18 10:30:00,"Dan Ives Says U.S.-China Tariff Pause Is a ""Dream Scenario"" for Apple. Is This the Buy Signal Investors Were Waiting For?",Yahoo,https://finnhub.io/api/news?id=17632799c5784b5402637004c5b493c5fcbe22ff14af3d2f65061729a778b4fc,0.0,0.817,0.183,0.9153,2025-05-19
2025-05-18 10:13:11,"Consumer Tech News (May 12-May16): Trump's Europe Critique Intensifies, UAE Gets Nvidia AI Chips, Apple To Stay In India & More",Benzinga,https://finnhub.io/api/news?id=9dbacd2f5ec880752ea29dc1169d069959c617b72f205d0ad70405fd06d5730d,0.068,0.864,0.068,0.2585,2025-05-19
2025-05-18 10:00:23,Trump tariff uncertainty still makes earnings estimates and guidance useless,Yahoo,https://finnhub.io/api/news?id=c39621b0672b11cfccd0f5ee7ef4fef23a1d7c74c69bb20e2e48cb3d3bf3f850,0.191,0.809,0.0,-0.6369,2025-05-19
2025-05-18 08:51:00,32.9% of Warren Buffett's $286 Billion Portfolio Is Invested in 3 Artificial Intelligence (AI) Stocks,Yahoo,https://finnhub.io/api/news?id=27645b5f771d9aa1d7ec7e5187e3fcdf245047407a45ef06358b9034e349f1b7,0.0,0.939,0.061,0.6124,2025-05-19
2025-05-18 08:15:00,Prediction: This Will Be Wall Street's First $10 Trillion Company -- And It's Not Apple,Yahoo,https://finnhub.io/api/news?id=3930c97f62188a6ef60ea6f94b2bf8a1756521e120653db0122e6524d83fcf08,0.0,0.85,0.15,0.8373,2025-05-19
2025-05-18 00:15:00,Apple Is Threatening to Challenge Alphabet's Empire: Is the Stock a Buy?,Yahoo,https://finnhub.io/api/news?id=d5640f1ed5d79aac7ede29e9d7ff3b634c2156c29994f3a9952cf6193ef043b4,0.064,0.814,0.121,0.25,2025-05-19
2025-05-18 00:00:00,"Beyond Nvidia, Four Things to Know at Asia’s Biggest Tech Show",Yahoo,https://finnhub.io/api/news?id=bf3c3ebbf777bfc1c509310cb44435dce54bfeb4752f6da188a1992a5ba8e779,0.0,0.928,0.072,0.6486,2025-05-19
2025-05-17 23:31:49,"Apple iPhone Production In US 'Not Feasible,' Says Tech Bull After Donald Trump Tells Tim Cook To Stay Out Of India",Yahoo,https://finnhub.io/api/news?id=ef1d270f1b7463bf6ad151a9351f71b3b706b07f545b0000c5208f7f49e6a3f5,0.0,0.977,0.023,0.3182,2025-05-19
2025-05-17 22:14:00,The Best Warren Buffett Stocks to Buy With $500 Right Now,Yahoo,https://finnhub.io/api/news?id=4a30e73cf5f4a389c820df1ff0c28a558addba241614336799c3407f0947fb9a,0.0,0.738,0.262,0.9595,2025-05-19
2025-05-17 17:24:17,Apple (NasdaqGS:AAPL) Faces Legal Setback as Court Advances Patent Infringement Trial,Yahoo,https://finnhub.io/api/news?id=a02495a09d7b14233e574ef0f97fee9bcb5763fbbc40fead4af799a97b5eee90,0.077,0.741,0.182,0.8316,2025-05-19
2025-05-17 16:20:43,Epic Games asks judge to force Apple to approve Fortnite,Yahoo,https://finnhub.io/api/news?id=1594117106d07f26cdd4d1417d4b3f9765814a9bc5df5e26e764375579caac54,0.07,0.869,0.062,-0.2023,2025-05-19
2025-05-17 12:00:00,"AI Agents Face One Last, Big Obstacle",Yahoo,https://finnhub.io/api/news?id=86102285f992af2bae060dd647c63381cb508a9a1f46286750102f2b933cc530,0.083,0.833,0.083,0.0,2025-05-19
2025-05-17 12:00:00,Apple’s love affair with India is being tested by Trump’s ‘little problem’ with CEO Tim Cook,Yahoo,https://finnhub.io/api/news?id=bd302348e268ad4fa484b739df57d000ad5d0c8bbed5931e3ad5ea2b9f35ac6d,0.084,0.752,0.164,0.4404,2025-05-19
2025-05-17 11:37:00,"Apple blocks Fortnite on iOS globally, Epic Games says, weeks after the developer scored a big win in court",Yahoo,https://finnhub.io/api/news?id=d84e4815370b155f5c5d517f2fda79a5f355ae705b9188e2437f0d19a116671b,0.044,0.867,0.089,0.4404,2025-05-19
2025-05-17 11:00:00,"Nvidia gets an AI boost, Meta hits a AI roadblock, and Apple's brutal year: Tech news roundup",Yahoo,https://finnhub.io/api/news?id=0a070f29ac41bbda8fc08693cb5ecbe41e6281972632a16070e6ef6857c2a057,0.106,0.792,0.102,-0.0516,2025-05-19
2025-05-17 09:42:42,Tech Is Crushing Dividends - And I Love It,SeekingAlpha,https://finnhub.io/api/news?id=bdcf270c627af8c8a6d56bbf5b554ed7a1d8dd473feb1ec7903a4f1d7c7e5300,0.057,0.711,0.232,0.8225,2025-05-19
2025-05-17 09:15:00,3 Best Artificial Intelligence Stocks to Buy in May,Yahoo,https://finnhub.io/api/news?id=ad65c78299fc0cefb6206cffe5b073ba946e21487b4754a34f46cf5ad6643426,0.043,0.631,0.326,0.9517,2025-05-19
2025-05-17 08:41:00,2 Warren Buffett Stocks to Buy Hand Over Fist and 1 to Avoid,Yahoo,https://finnhub.io/api/news?id=57a658f45ed99444307c49f2c5c700968eeb6b9a98dbfc470c18a7220b33c40b,0.049,0.84,0.112,0.7003,2025-05-19
2025-05-17 08:35:00,Prediction: This AI Stock Will Be Worth More Than Apple By the End of 2025,Yahoo,https://finnhub.io/api/news?id=e3d0ed1dad821e6ad6fc02cd528eaea2810dc6c25b0dd28cd298252032f8d400,0.0,0.845,0.155,0.7845,2025-05-19
2025-05-17 06:28:07,"Trump administration is concerned by deal to put Alibaba's AI on iPhones, NYT reports",Finnhub,https://finnhub.io/api/news?id=cd0adcebf21e6a66a790c562f5c97c44cc6b039ccfe2866d57209093bdbcdc72,0.0,1.0,0.0,0.0,2025-05-19
2025-05-17 05:30:00,What Is Big Tech Trying to Hide?,DowJones,https://finnhub.io/api/news?id=2a8e76c8ac6da5820b075935ab3c4fd8dd5ccd5f21a9694d57096ed011189f86,0.239,0.761,0.0,-0.4137,2025-05-19
2025-05-17 05:13:11,"In Recent Months, White House, Congressional Officials Been Scrutinizing Apple's Plan To Strike Deal With Alibaba To Make Co'S AI Available On Iphones In China - NYT",Finnhub,https://finnhub.io/api/news?id=6b7d2e5808ca4d9dc3ccce047c8b6efeb52c2d1bb9c8da8e7a8a5371b3082f92,0.067,0.933,0.0,-0.4084,2025-05-19
2025-05-17 03:01:05,Apple iOS 19 rumored to include AI-powered battery saver,Finnhub,https://finnhub.io/api/news?id=07c6bce8f5fa74b8c4bee4e262837ab27bc06213d9d1dcca9d45680d54960b80,0.0,0.88,0.12,0.5423,2025-05-19
2025-05-16 21:37:00,"This Artificial Intelligence (AI) Chip Stock Is Making a Big Move, and It Has the Potential to Soar Higher",Yahoo,https://finnhub.io/api/news?id=af158be2890d0c5049772849d7cffc8491b448589e1c78d280290047ed4e9168,0.023,0.772,0.205,0.9571,2025-05-19
2025-05-16 20:45:41,Apple (AAPL) Faces Trump Pushback Over India Manufacturing Shift,Yahoo,https://finnhub.io/api/news?id=c246beba78cf46a30db04d6babd57e4016e7fea092a9347686274deb448c3a74,0.0,1.0,0.0,0.0,2025-05-19
2025-05-16 20:31:34,"Trump Had A 'Little Problem' With Apple CEO Tim Cook, Says 'I Don't Want You Building In India'",Yahoo,https://finnhub.io/api/news?id=81dd8d069d464fe04ca59d97cadda74462ae30db5ad3470c0be8810c3977e8a8,0.043,0.903,0.054,0.2797,2025-05-19
2025-05-16 19:14:00,Carvana Is a Hot Stock in a Trade War. Group 1 Automotive May Be a Better Bet.,MarketWatch,https://finnhub.io/api/news?id=c4c5bd6c1d139c2c6d54173622203d2508fc02917958249378d63f49b014c011,0.179,0.688,0.133,-0.4588,2025-05-19
2025-05-16 19:09:00,Nvidia (NVDA) Nears Apple (AAPL) in Market Cap Amid AI Tailwinds,Yahoo,https://finnhub.io/api/news?id=b05a2a9890700de1b6cc0004fc4128e03a4c8539ed2ff075815f22603d89af6a,0.073,0.876,0.051,-0.1531,2025-05-19
2025-05-16 18:39:12,Intel's new chip manufacturing technology is its greatest hope for a turnaround — and its biggest risk,Yahoo,https://finnhub.io/api/news?id=bc3925ed06ad11731820a82648bbb40f02cbca7d49c272dba5be3c4b8c180f48,0.08,0.791,0.129,0.3182,2025-05-19
2025-05-16 18:36:00,Apple Stock Has Been in the Tariff Spotlight. Where Things Stand Now.,Yahoo,https://finnhub.io/api/news?id=568db32914f3f02201fce3b9ac46e0701b62c92f14959d29a3159b03072cf060,0.0,0.9,0.1,0.4576,2025-05-19
2025-05-16 18:34:23,"Why Making iPhones in the US Is a ‘Non-Starter,' Wedbush Says, as Trump Pressures Apple",Yahoo,https://finnhub.io/api/news?id=7121feb3295d7df4fe26c9d104f0dabbb903f439b31244b6200756c61143ca92,0.065,0.935,0.0,-0.3182,2025-05-19
2025-05-16 17:33:57,Epic Games says Apple blocked 'Fortnite' in U.S. app store,Yahoo,https://finnhub.io/api/news?id=d2a260cc7349590d88849982845237cc6d9707e26d119d7ba9d2e7575cbf7eb4,0.138,0.801,0.06,-0.3182,2025-05-19
2025-05-16 17:29:07,The PayPal Paradox,SeekingAlpha,https://finnhub.io/api/news?id=e445f38d252a78942024fcfd3d26da3f211b274160a417b4c26af3f4f46cb522,0.047,0.842,0.111,0.4404,2025-05-19
2025-05-16 17:20:46,Apple Shows Its Ability To Pivot,SeekingAlpha,https://finnhub.io/api/news?id=f70e2c131ef49d843711d7f8cfa9f670c10135050f08bf362a65008a6d6e6672,0.04,0.824,0.135,0.4363,2025-05-19
2025-05-16 15:37:31,"Apple to Keep iPhone Production in India, China, Despite Trump's Criticism, Wedbush Says",Yahoo,https://finnhub.io/api/news?id=ec718d89db8b81b539c38769147e234c930fb2a0eea08e02e508ee3c08f5ff6e,0.0,0.858,0.142,0.5096,2025-05-16
2025-05-16 14:53:50,"Apple Taking Strategic Approach to iPhone 17 Production With India Expansion, Wedbush Says",Yahoo,https://finnhub.io/api/news?id=438f1f33a5a4d4ccc0585fd6673f8e2155304fee3e72a3938e2eb80aadd53aed,0.0,1.0,0.0,0.0,2025-05-16
2025-05-16 14:53:39,Apple Stock: President Trump Had A Point In Qatar Meeting,SeekingAlpha,https://finnhub.io/api/news?id=c2f4a5178a5e878b945bff8968a4974b027882018fae0bb5390be083c8f34878,0.049,0.839,0.112,0.4404,2025-05-16
2025-05-16 14:48:37,"Applied Materials, Nvidia, Apple & Fortnite: Trending Tickers",Yahoo,https://finnhub.io/api/news?id=1f74dd6754fee2b26926034eb4e485c6691ef807ea8b4a05ee53d1426fbe6b50,0.053,0.947,0.0,-0.4767,2025-05-16
2025-05-16 14:26:06,Epic Games' Fortnite not available on iPhones in EU and the US,Finnhub,https://finnhub.io/api/news?id=ed23c8fe99decd8f6f4d80b7e8fe1446f5331d805dcead27fc69a740c8ca4d47,0.0,0.935,0.065,0.4215,2025-05-16
2025-05-16 14:20:21,Trump Trade: Trump asks Apple to stop building iPhone plants in India,Yahoo,https://finnhub.io/api/news?id=84379478a657e3748e17d3dd27d5fe840ebfc35c7a7e832e0107c3f4f28536b8,0.044,0.938,0.018,-0.3818,2025-05-16
2025-05-16 14:10:00,Nvidia customers will push into AI until they 'become irrelevant',Yahoo,https://finnhub.io/api/news?id=e16386e89ab53ec637d72de908cef4b4ed5a998d13fe5bc7ad0aa15e789a8f67,0.0,0.857,0.143,0.9325,2025-05-16
2025-05-16 14:01:10,Trump argues for U.S. iPhone production,Finnhub,https://finnhub.io/api/news?id=9b2cce09ec882e7a6d5e2f8b5491036c6aedb7d0e576553c18bd6e226a4f18af,0.055,0.945,0.0,-0.2023,2025-05-16
2025-05-16 13:57:09,Fortnite says it's offline on Apple's iOS around the world,Finnhub,https://finnhub.io/api/news?id=bd3d9f79b40b82e6475e524f5109c608e46f8f83fda0748a6b3fa688a0107b18,0.076,0.865,0.059,0.0516,2025-05-16
2025-05-16 13:55:46,"Apple Defies Trump, Retains India-China Production Hubs",Yahoo,https://finnhub.io/api/news?id=7efeb492b51a055803f3bfd2764eb80d4a75f1d8cc24aca55e37c4324698a2a0,0.109,0.891,0.0,-0.296,2025-05-16
2025-05-16 13:52:00,Google Is Testing a Major Change to Its Search Engine,MarketWatch,https://finnhub.io/api/news?id=035bb3e6d274355e7318765e1f999708da7ef7df7975edafa61df370b33b9119,0.0,1.0,0.0,0.0,2025-05-16
2025-05-16 13:48:14,Nvidia Shares Roar Back as Clouds Hanging Over Chipmaker Fade,Yahoo,https://finnhub.io/api/news?id=dbbb0bcb430ba3fc91d7a6b8625bcb740932b754611b2465b4325750114468f8,0.131,0.756,0.113,-0.4019,2025-05-16
2025-05-16 13:44:28,Epic Games says Apple is blocking Fortnite from the US and EU App Stores,Yahoo,https://finnhub.io/api/news?id=9f373a79635d2b8385ca3602fc0ea815f91c09fb9676e90823a909fdd85a1083,0.095,0.808,0.097,-0.2023,2025-05-16
2025-05-16 13:19:24,Apple Supplier Foxconn to Build $433M Chip Plant in India by 2027,Yahoo,https://finnhub.io/api/news?id=6120085d6363fbd02cf4ac6c78f6e5a270f6e86e4c230573fab9f97a49f3d817,0.0,1.0,0.0,0.0,2025-05-16
2025-05-16 13:00:11,Apple Inc. (AAPL) Is a Trending Stock: Facts to Know Before Betting on It,Yahoo,https://finnhub.io/api/news?id=be0be4aca41a5660ff57e8c7b210ffbe264e0df2401ca11d5210716e218b3582,0.0,0.898,0.102,0.4767,2025-05-16
2025-05-16 13:00:00,VIG: A Core Dividend Growth ETF For Income Investors,SeekingAlpha,https://finnhub.io/api/news?id=e1255153d275d2451742d2fab9d0003a49e5b4fada6ac9c768e396ade923662f,0.05,0.592,0.358,0.9186,2025-05-16
2025-05-16 12:35:39,Reuters Reports Apple Spokesperson Says Asked Epic Sweden To Resubmit App Update Without Including The Us Storefront Of The App Store; Did Not Take Any Action To Remove Live Version Of Fortnite From Alternative Distribution Marketplaces,Benzinga,https://finnhub.io/api/news?id=63212380f66f6cde4be1282bccbfc8ec7682e3ace7e086a0acc254707166c057,0.0,1.0,0.0,0.0,2025-05-16
2025-05-16 12:07:00,"Epic Games’ ‘Fortnite’ Claims Apple Blocked Submission, Now Unavailable on iOS",DowJones,https://finnhub.io/api/news?id=767a0f2d3fcb45801392d923e827e2148f69f97c2f474a3411136f6d224e2fed,0.174,0.826,0.0,-0.4939,2025-05-16
2025-05-16 12:06:07,"Epic Games' 'Fortnite' Claims Apple Blocked Submission, Now Unavailable on iOS -- Update",Finnhub,https://finnhub.io/api/news?id=9b3e521da7d8cf71eb85827e36c4a4de61be87b07c9c6882f917d11cb17f6ada,0.108,0.835,0.057,-0.128,2025-05-16
2025-05-16 12:00:27,"How Apple, Consumer Tech Companies Got Ahead Of The Trump Tariffs",Yahoo,https://finnhub.io/api/news?id=951025553b8e664bd150a0ba365a95c164bc94643d0fbbb10e14557b55621d79,0.0,0.888,0.112,0.4215,2025-05-16
2025-05-16 12:00:00,Elite CEOs Don’t Need Earnings Guidance,Yahoo,https://finnhub.io/api/news?id=4b314d649a4f7f5af8ce04832c31290d71ef85654ff07da8ae597927ad72e6d6,0.095,0.791,0.115,0.128,2025-05-16
2025-05-16 11:58:06,Fortnite says its now offline on Apple's iOS around the world,Finnhub,https://finnhub.io/api/news?id=d4632b7a4f768695db351400c4e633b1f8f83a9190803fef9d4f9ef8cbf252f9,0.073,0.87,0.057,0.0516,2025-05-16
2025-05-16 11:54:40,"Bloomberg Managing Editor Mark Gurman Posts On X ""Apple: We asked that Epic Sweden resubmit the app update without including the US storefront of the App Store so as not to impact Fortnite in other geographies. We did not take any action to remove the live version of Fortnite from alternative distribution marketplaces in the EC""",Benzinga,https://finnhub.io/api/news?id=571db3e1aa37c4cb332f8a631e47a006d9b8729db5816eb0b3851aed31ba1d9c,0.0,1.0,0.0,0.0,2025-05-16
2025-05-16 11:54:13,Apple Asked Epic Sweden Resubmit Fortnite App Update Without Including US Storefront Of App Store- Bloomberg News Reporter On X,Finnhub,https://finnhub.io/api/news?id=5739ab95fee3cd6e772897f3a94a4c01f7b5a384def684a3d73098558dbaaf25,0.0,1.0,0.0,0.0,2025-05-16
2025-05-16 11:32:24,"iPhone 17 to be made in India and China, not the U.S.- Wedbush’s Ives",Yahoo,https://finnhub.io/api/news?id=3b5e0c89d8bdb35d911fd0930926ad718a9e34780a813a62b5757bad954de300,0.045,0.955,0.0,-0.3252,2025-05-16
2025-05-16 11:19:00,Will a Charter-Cox merger prove that bigger is better in a fast-declining cable marketplace?,MarketWatch,https://finnhub.io/api/news?id=d14b7ded38865a584a98ec75bfd593ae7a17a440b02929c9f29f4c814e0ff1ce,0.0,0.808,0.192,0.7319,2025-05-16
2025-05-16 09:52:00,"David Tepper’s Appaloosa Sells FedEx Stock, Alters Mag 7 Holding",MarketWatch,https://finnhub.io/api/news?id=71fccce6db73cf8ba7b734f72aea54d89c39d8c26413f20e19036e9269d63ab5,0.0,1.0,0.0,0.0,2025-05-16
2025-05-16 09:21:58,"Top 10 Trending Stocks On WallStreetBets As Of May 16, 2025 (Via Swaggy Stocks)",Benzinga,https://finnhub.io/api/news?id=c43641af1529e5886885b9fd5ba21f0ac02d7c464c7a82d8c6f290275ef21010,0.0,0.899,0.101,0.2023,2025-05-16
2025-05-16 09:16:15,China Is About To Win The Trade War With The U.S.,SeekingAlpha,https://finnhub.io/api/news?id=8899cf4964ae1ddd68eede4cdd18616307208342bdac4143edc2eb3faaed525a,0.15,0.584,0.266,0.6124,2025-05-16
2025-05-16 09:15:45,Block’s (XYZ) Square Resilence Shines Through Cash App Headwinds,Yahoo,https://finnhub.io/api/news?id=11d76e24e2c0c52f41d27e4681c9fa485fc794ddb83162f374073ce1e37685ed,0.059,0.85,0.091,0.4019,2025-05-16
2025-05-16 09:14:24,"US Slams Europe's Digital Laws, Calls Them A Danger To Free Expression And American Big Tech",Benzinga,https://finnhub.io/api/news?id=ccd395a626a42a36877abdda67ab46e42f2cff6479124e9170c2002dc9a2fe07,0.112,0.713,0.175,0.4767,2025-05-16
2025-05-16 09:05:20,"Apple blocks access to video game Fortnite in US, EU, Epic Games says",Yahoo,https://finnhub.io/api/news?id=f29faf2d9b2b862589499e459121a9cee58d2db272900c52abaa1f846dfbaa7f,0.063,0.908,0.029,-0.3182,2025-05-16
2025-05-16 09:01:21,Apple refuses Fortnite in App Store again,Finnhub,https://finnhub.io/api/news?id=8dd64874659b576ca6ad9a23d9f761e5bef0bf6861e44bd857e22aecd99aa07e,0.0,0.865,0.135,0.6808,2025-05-16
2025-05-16 08:00:00,3 Warning Signals For The U.S. Equity Market,SeekingAlpha,https://finnhub.io/api/news?id=139213253c92b9f071d9e60c9b7ee0f6203b8c41e95222bc5b042cbf09dde357,0.072,0.692,0.236,0.6643,2025-05-16
2025-05-16 07:15:27,"Epic Games' 'Fortnite' Claims Apple Blocked Submission, Now Unavailable on iOS",Finnhub,https://finnhub.io/api/news?id=b1465a6fba0ed7c06653063b223160eca09f87b5fa0d620cc006f09982434626,0.113,0.828,0.059,-0.128,2025-05-16
2025-05-16 05:11:14,Is Apple's India Move A Game Changer For Its Investment Story?,Yahoo,https://finnhub.io/api/news?id=83587a0726716309e33de61b7e6873e6b5a82d2ceea6fbcb3a78ff70fc7eda29,0.063,0.845,0.091,0.2732,2025-05-16
2025-05-16 05:06:06,"Apple blocks Fortnite game in US, EU stores, Epic Games says",Finnhub,https://finnhub.io/api/news?id=2de1a42eacc3a384f99b4146661e5110a0a155702a55969bbedfb25e70181fe4,0.087,0.913,0.0,-0.4588,2025-05-16
2025-05-16 04:56:11,Fortnite Says Apple Blocked Fortnite Submission To Not Release To US App Store Or To Epic Games Store For IOS In EU,Finnhub,https://finnhub.io/api/news?id=4162f440ecf796e3b8a7930552df150a02c6bc97f544c1a59bf1cff41d9f0895,0.085,0.915,0.0,-0.6037,2025-05-16
2025-05-16 04:42:39,3 Profitable Stocks to Research Further,Yahoo,https://finnhub.io/api/news?id=d845c7363407453735c5aaef176fd5d699790393b67e73f14b972c797a38c7ca,0.0,0.76,0.24,0.802,2025-05-16
2025-05-16 01:34:00,BlackRock Advantage Large Cap Core Fund Q1 2025 Commentary,SeekingAlpha,https://finnhub.io/api/news?id=5e1c61badd2b59a93f58c27c73183e0b26195944b2c243e2d9b6f3e023669d1e,0.0,0.787,0.213,0.7506,2025-05-16
2025-05-16 01:30:00,How Fair Isaac Makes (Lots of) Money With Your FICO Credit Score,MarketWatch,https://finnhub.io/api/news?id=3fa2e5dd63a6e0ff025026052f3afc02437a224f1d997db86c2f1ec3f7a93c34,0.0,0.671,0.329,0.8316,2025-05-16
2025-05-15 23:51:00,BlackRock Capital Appreciation V.I. Fund Q1 2025 Commentary,SeekingAlpha,https://finnhub.io/api/news?id=1b2fa00a0a5e733ed23500a860dbfee3c7150df1d4547497dc0463c73f91fa0a,0.0,0.754,0.246,0.8316,2025-05-16
2025-05-15 23:46:00,"Berkshire Sells Financial Stocks, Doubles Constellation Stake, Holds Steady on Apple",Yahoo,https://finnhub.io/api/news?id=bad81724023695a21884fd96351f18de1dd7928aa8ce7751e75595338adc0584,0.0,0.942,0.058,0.4767,2025-05-16
2025-05-15 23:30:00,BlackRock Technology Opportunities Fund Q1 2025 Commentary,SeekingAlpha,https://finnhub.io/api/news?id=503ab2226dd11d9a8ec23e56e9a224ac768f8b3d15718c622d67f13a514458bd,0.0,0.738,0.262,0.8225,2025-05-16
2025-05-15 23:05:00,Floating Beats Flailing,SeekingAlpha,https://finnhub.io/api/news?id=5b86272debf77429c2ca5d896bd78eef7622d4b725e9c64f943075e28359d502,0.115,0.885,0.0,-0.3818,2025-05-16
2025-05-15 21:55:09,Why retail traders are jumping back into Nvidia and Apple,Yahoo,https://finnhub.io/api/news?id=e28952f697276bc37fba67a859a97ba966cacd228c79f2a51a55982c9f9d7623,0.0,0.94,0.06,0.4939,2025-05-16
2025-05-15 20:40:04,Berkshire Hathaway's Q1 13F Filing Reveals Buffett's Thinking About Bank of America And Apple,SeekingAlpha,https://finnhub.io/api/news?id=32bd01b2662758494b28d865880fb58b953e10ba6f4fa81992c49ee609c8912f,0.035,0.965,0.0,-0.1027,2025-05-16
2025-05-15 18:40:00,7 countries Apple relies on to build the iPhone,Yahoo,https://finnhub.io/api/news?id=c7ca5efa12c6bc4243f2bb8bcbd647fe6be73cd04009f9c7efd4e2c14fd8435a,0.0,1.0,0.0,0.0,2025-05-16
2025-05-15 18:25:03,Trump Just Told Tim Cook to Stop Building iPhones in India -- Here's What That Means for Apple,Yahoo,https://finnhub.io/api/news?id=1ef4a2d42581e1ab365094473992b09e8280f3aee0313385e62cb4c9b5845afd,0.064,0.936,0.0,-0.296,2025-05-16
2025-05-15 18:17:09,Apple May Shift iPhone Output Back to U.S.,Yahoo,https://finnhub.io/api/news?id=726f6be48f617286e0f89674681fb68761f613201a24496f79f8663e19615787,0.0,0.86,0.14,0.3818,2025-05-16
2025-05-15 17:49:29,Trump Asks Apple to Trade India iPhone Production for US,Yahoo,https://finnhub.io/api/news?id=5cfd5e08b7fc797305e66ef59c3d0b11b3e38f282d84590ccdaf69b8fb222158,0.044,0.857,0.1,0.4215,2025-05-16
2025-05-15 17:09:52,"Warren Buffett Ditches Bitcoin-Linked Nu Holdings, Adds To Constellation Brands, Domino's Pizza, Pool Corp Stakes",Benzinga,https://finnhub.io/api/news?id=3869f2c97a7f7028965b5b2a84d33b53a7d186a3a8847b8e5de4d0dc4004806d,0.0,1.0,0.0,0.0,2025-05-16
2025-05-15 16:53:00,"Warren Buffett’s Berkshire Hathaway dumps Citigroup stake, trims Bank of America, Capital One",MarketWatch,https://finnhub.io/api/news?id=d0917f3fa2daf0c20dd54edcb12d57ef95e1db0e75fd8c598ecc0adc93615b5c,0.184,0.816,0.0,-0.6597,2025-05-16
2025-05-15 16:51:50,Trump Not Happy With Apple Moving iPhone Production To India,DowJones,https://finnhub.io/api/news?id=fa780c27a64ada7dfe9b2d6b5c5733d9c8ff7a1968d8d68cda123f338e38dde8,0.25,0.75,0.0,-0.7181,2025-05-16
2025-05-15 16:33:48,Trump says he has a ‘little problem’ with Tim Cook,Yahoo,https://finnhub.io/api/news?id=c4def71933883089b78c9e1076f0a2acaa21faeacaef937ac6b4459be6b6e17c,0.0,0.853,0.147,0.6908,2025-05-16
2025-05-15 16:26:32,Trump doesn't want Apple making iPhones in India: 'I had a little problem with Tim Cook',Yahoo,https://finnhub.io/api/news?id=deac35c6d4345b2dcc8c7b86fd3e01a7b677d7884f356cd6503081befd36395e,0.118,0.882,0.0,-0.6169,2025-05-16
2025-05-15 16:26:00,Trump Presses Apple to Make iPhones in America. Wall Street Shrugs.,DowJones,https://finnhub.io/api/news?id=76b676a25f83d5ac9187c40d3184bf7ab892bbd22ac17238f6f50f6fbcee1e7f,0.0,1.0,0.0,0.0,2025-05-16
2025-05-15 16:18:31,Trump Tells Apple Not to Boost iPhone Production in India,Yahoo,https://finnhub.io/api/news?id=99f824229ba4ac1985797adab27440de466667a2cf04210b807c8aae8ceccbfe,0.122,0.878,0.0,-0.5358,2025-05-16
2025-05-15 15:49:00,BlackRock Sustainable Advantage Large Cap Core Fund Q1 2025 Commentary,SeekingAlpha,https://finnhub.io/api/news?id=807b75e324b13a6e7a9ebabeefc1be4ef60425bddc736c359517133941d6a512,0.0,0.797,0.203,0.7506,2025-05-15
2025-05-15 15:38:48,Tech stocks slump as 'Magnificent Seven' stumble in late trade,MarketWatch,https://finnhub.io/api/news?id=96bb7b564140983432f7259364c21fcfb1203bf0d337cb26156760c497d051a5,0.0,0.698,0.302,0.8316,2025-05-15
2025-05-15 15:19:34,"Stocks to Watch Thursday: Coinbase, Apple, UnitedHealth, Foot Locker",Yahoo,https://finnhub.io/api/news?id=e712a185e503bcdca806eba9e26f93740a9aef931f0ab15dbad7cb8c7851f38b,0.054,0.872,0.074,0.0516,2025-05-15
2025-05-15 14:12:00,Apple Stock Slips. Why Trump Has a Problem With CEO Tim Cook.,Yahoo,https://finnhub.io/api/news?id=4a7a70410c53714c1369cce64d031825b66240919926b9ae702aaab4c5b6bf28,0.173,0.741,0.086,-0.4215,2025-05-15
2025-05-15 13:35:00,Trump wants Apple to stop building iPhones in India — just as production ramps up,Yahoo,https://finnhub.io/api/news?id=9c2cd334cc5d784f95743a52e654ca73d80e9d0ea8fc08654b2ab5fd4f6eeaa5,0.098,0.874,0.028,-0.5106,2025-05-15
2025-05-15 13:27:59,"UnitedHealth investigation, Apple production, CoreWeave earnings",Yahoo,https://finnhub.io/api/news?id=81b59aa1967ef683d2b8ac518daf0088f6550109733e77c4223a810cc24d9aa6,0.031,0.926,0.043,0.1531,2025-05-15
2025-05-15 13:25:16,Apple Faces Pressure as Trump Slams iPhone Production in India,Yahoo,https://finnhub.io/api/news?id=b16c622e03471640eaaad6a3fd06e79bbfc3ad3b68a7e3422af43c2fefe7aec4,0.096,0.786,0.118,0.128,2025-05-15
2025-05-15 13:20:51,Why Wall Street's biggest bear still expects a recession and much lower stock prices,Yahoo,https://finnhub.io/api/news?id=b1d603d626a37d526c58acdd677cf888df97702317dbb6cd3cbb2ac3f52670ff,0.31,0.69,0.0,-0.836,2025-05-15
2025-05-15 13:16:25,Mark Zuckerberg Says 'Apple Hasn't Invented Anything Great Since The iPhone' As Meta Blocks Its AI Tools,Yahoo,https://finnhub.io/api/news?id=c42d726fd13420a74c542faf99506be3695c339cb55ee54837ff89893ec2aafd,0.084,0.916,0.0,-0.7646,2025-05-15
2025-05-15 13:04:37,Trump tells Apple to stop building iPhones in India,Yahoo,https://finnhub.io/api/news?id=ba89729f03b9dabc211a2a1d0db90a224f74daa92923457bb58caecb3d5a3e88,0.299,0.701,0.0,-0.8957,2025-05-15
2025-05-15 12:56:31,China's Xiaomi to launch self-developed mobile chip in late May,Yahoo,https://finnhub.io/api/news?id=e42ab457f6707069fbf74dc712c9823e898a71b92cdc9ad8d0c87eb15cd04daa,0.0,0.934,0.066,0.6808,2025-05-15
2025-05-15 12:49:00,Trump isn’t happy with how Apple plans to escape China tariffs,MarketWatch,https://finnhub.io/api/news?id=67797095fba5ec468452ad2e4afb5eeeda62b54f2b87dbd23fed2603647ee0bd,0.0,0.625,0.375,0.8689,2025-05-15
2025-05-15 11:41:35,"Dow, S&P 500 shake off early losses as midday approaches",MarketWatch,https://finnhub.io/api/news?id=2cb913ccb6dfc04800d73cde835e5ada9fa26c9e628d2003ee915a61261aa4b3,0.355,0.645,0.0,-0.7783,2025-05-15
2025-05-15 11:20:50,Apple's India iPhones Boost U.S. Shipments by 30%,Yahoo,https://finnhub.io/api/news?id=fbe9b8123da335323ed46e61173c6ab326daf42dfd6fe7e00d078f65c35df098,0.0,0.766,0.234,0.5994,2025-05-15
2025-05-15 10:50:00,The Top 3 Most Popular U.S. Stocks Among Experienced Dividend Investors,SeekingAlpha,https://finnhub.io/api/news?id=903936ab7055ff21fc17665677a28501035a7674bb8cb6e7f158ac518a997731,0.0,0.728,0.272,0.8479,2025-05-15
2025-05-15 10:26:00,Trump Says India Has Offered No Tariffs; EU Wants a Better Deal Than What the U.K. Got,MarketWatch,https://finnhub.io/api/news?id=c2703dd4e0251a31dc03cf4926ed8dccbbb2fbf4df148410ce0c47da8974dcee,0.109,0.746,0.144,0.34,2025-05-15
2025-05-15 09:59:13,Why A Potential 75% Drop By Tesla Should Not Be Shocking,SeekingAlpha,https://finnhub.io/api/news?id=5c08b8fa685a8d4a2d95b996352df73dff78ef01c5c35a413b47c1eb9beac01d,0.051,0.772,0.177,0.6437,2025-05-15
2025-05-15 09:48:15,Apple’s (AAPL) Legal Brawl With Epic Games Leaves Stockholders in Limbo,Yahoo,https://finnhub.io/api/news?id=0bd408845a5ba0e9aa3056a69c25eb6bb5d872c0ba8f2f190dcd16a049122e23,0.05,0.905,0.045,-0.3612,2025-05-15
2025-05-15 09:39:00,"These Stocks Are Moving the Most Today: UnitedHealth, Walmart, Foot Locker, Alibaba, Apple, CoreWeave, Cisco, Deere, and More",MarketWatch,https://finnhub.io/api/news?id=474f431b49c2530b9c4c6aa9ecc90e4e0101ca12d52b8a62ef8822acbd0831c3,0.0,1.0,0.0,0.0,2025-05-15
2025-05-15 09:34:13,"Addigy Extends Winning Streak for Real-time Apple MDM, Superior Customer Service, and Channel Excellence",Finnhub,https://finnhub.io/api/news?id=e93ca4aef790f99349063671a3695d90dc0d605d950731653d750e1931d3b8a5,0.0,0.635,0.365,0.9652,2025-05-15
2025-05-15 09:30:00,"They Paid $3,500 for Apple’s Vision Pro. A Year Later, It Still Hurts.",Yahoo,https://finnhub.io/api/news?id=51f855a37712ca655305df1ab443a30636f2b3f181ae33b0feadd22f5fa952f7,0.228,0.599,0.173,-0.6369,2025-05-15
2025-05-15 09:25:45,Trump Asks Apple to Stop Moving iPhone Production to India,Yahoo,https://finnhub.io/api/news?id=7c39f4ec0bff9d3725b621bbea644802f529a27989069f7c82de30502204026c,0.057,0.876,0.067,-0.0516,2025-05-15
2025-05-15 09:25:00,Nvidia Just Rejoined Apple and Microsoft in the $3 Trillion Club. Could It Become the First $4 Trillion Stock by 2026?,Yahoo,https://finnhub.io/api/news?id=1396a2ebd9a36f95d21b6e1eded59111a3a21e1e06ed37902482903639cf9528,0.056,0.893,0.051,-0.1027,2025-05-15
2025-05-15 09:20:00,BlackRock Tactical Opportunities Fund Q1 2025 Commentary,SeekingAlpha,https://finnhub.io/api/news?id=203f752a24a9f5249980429d7eedbafb333f45c2c0ef7ed65e11bb92015d34fb,0.0,0.829,0.171,0.7184,2025-05-15
2025-05-15 08:35:51,Trump Says India Offered to Remove All Tariffs on US Goods,Yahoo,https://finnhub.io/api/news?id=5e95a7f7458387ef384e39486504c4365a5087fe1ef709570f88f89c78229319,0.0,0.95,0.05,0.4939,2025-05-15
2025-05-15 08:20:00,Prediction: This Stock Will Be the Biggest Winner of the U.S.-China Trade Deal,Yahoo,https://finnhub.io/api/news?id=61813f0a77f9355fe7bf685424cb521b588f4d0b96101d403b85870b63a4bdf6,0.076,0.779,0.145,0.6516,2025-05-15
2025-05-15 08:00:40,Trump antitrust cop has a message for companies: ‘We’re going to be very serious’ about illegal competition,Yahoo,https://finnhub.io/api/news?id=9df89634ed6d7ac2133dc361ccd00d791d2c3bcc7fa0e80a2ee1d00401684c7d,0.168,0.756,0.076,-0.7479,2025-05-15
2025-05-15 07:40:00,BlackRock Advantage Global Fund Q1 2025 Commentary,SeekingAlpha,https://finnhub.io/api/news?id=5183059baec33748429c9541a15ce49a2d2a62afea7308fc8770a17f8e42e531,0.0,0.802,0.198,0.6597,2025-05-15
2025-05-15 07:20:00,BlackRock Large Cap Focus Growth Fund Q1 2025 Commentary,SeekingAlpha,https://finnhub.io/api/news?id=61e5695c9460c0e4a582015204981faa9cf9f49127187b19964ecf18b49e98da,0.0,0.8,0.2,0.7184,2025-05-15
2025-05-15 07:08:08,"Kyodo News Digest: May 15, 2025 -3-",Finnhub,https://finnhub.io/api/news?id=4967872075bfd5b61bba5099df30a006cc1bf8ba821bf78012c67249213e0e3c,0.059,0.941,0.0,-0.296,2025-05-15
2025-05-15 05:49:08,Trump Says India Offers Zero Tariffs on U.S. Goods,Finnhub,https://finnhub.io/api/news?id=ea5c5caca2637dd072757f1146523676af4ed8ac02ce224e5fbf1274ce2b5bd4,0.05,0.95,0.0,-0.2732,2025-05-15
2025-05-15 04:01:18,IPad sales up 14%: Apple consolidates dominant position in tablet market,Finnhub,https://finnhub.io/api/news?id=6459a1b3d40d9340871a58e11ad955585dd8c6633df92c86e3ce3357f22c07b5,0.0,0.951,0.049,0.2732,2025-05-15
2025-05-15 02:17:38,Apple: Facing Services Margin Erosion In The Name Of Justice (Rating Upgrade),SeekingAlpha,https://finnhub.io/api/news?id=b8ea57fa9f35ec6d7388b59dd397b1bef79169bc7dbaeea1038a251477d88b27,0.136,0.779,0.085,-0.25,2025-05-15
2025-05-15 02:08:17,"Kyodo News Digest: May 15, 2025 -2-",Finnhub,https://finnhub.io/api/news?id=b1f03710914934b44fa0945521f0fe88cf1a9c2b810fe08af015ff8a5ddbb009,0.059,0.941,0.0,-0.296,2025-05-15
2025-05-15 01:16:27,Apple: Tariff To Have Low Impact On Revenue,SeekingAlpha,https://finnhub.io/api/news?id=3d5bbe5213e5999f708a2819faef79a8925035e5037c8939e04b77ff69bdc293,0.231,0.769,0.0,-0.2732,2025-05-15
2025-05-15 01:16:00,BlackRock Advantage Large Cap Core V.I. Fund Q1 2025 Commentary,SeekingAlpha,https://finnhub.io/api/news?id=ac328970a499d786ed3fca46eb9898e35d357c91f8f798b02461053b094bf45f,0.0,0.833,0.167,0.6369,2025-05-15
2025-05-14 23:58:05,"Japan moves to ban Google, Apple from blocking app store competitors",Finnhub,https://finnhub.io/api/news?id=5820aec7ec0823a98e253fd14af488da3cc306416f0a0d4ce69f735d22512ae8,0.138,0.804,0.058,-0.5574,2025-05-15
2025-05-14 23:31:32,Samsung Blindsides Apple With Razor-Thin Galaxy S25 Edge: Here's How Much It Will Cost,Yahoo,https://finnhub.io/api/news?id=d2414e06724e1584988b0e67908e5bf0583d10dd79d314c37caa870298a0875c,0.0,0.952,0.048,0.5106,2025-05-15
2025-05-14 23:01:00,"Take on Apple and Google to boost UK economy, think tank says",Yahoo,https://finnhub.io/api/news?id=03efd7a94f66a65a9263757bed7f374e38255de98264d3e75c9f4ef62baa308f,0.0,0.769,0.231,0.7964,2025-05-15
2025-05-28 23:08:08,The Long Wait For Broadcom's 'AI Trifecta' Earnings Report Is Almost Over,SeekingAlpha,https://finnhub.io/api/news?id=fe419f4fe91c3a6a4effe75667a1a79989b24624bd8c31378b11a43830fb3a1a,0.0,1.0,0.0,0.0,2025-05-29
2025-05-28 20:30:30,Trump's Apple Beef Isn't Just About India-Made iPhones — It's Also About Skipped Middle East Trip: Report,Yahoo,https://finnhub.io/api/news?id=0b0b88be86fcfb0fc2d6be1e975920285f0e6ad4da5b17e407598a882c0483a0,0.019,0.938,0.042,0.3182,2025-05-29
2025-05-28 19:30:07,Apple's difficult 2025 is Tim Cook's biggest test yet,Yahoo,https://finnhub.io/api/news?id=1d03f4cb3a01eae9114e6604c60505a0c9279e078b76a564140cf5db43a9b325,0.173,0.827,0.0,-0.6705,2025-05-29
2025-05-28 18:35:00,Apple to Rebrand Its Device Operating Systems to Mark Major Overhaul,Yahoo,https://finnhub.io/api/news?id=d174244798b16b365d8df38e21931865fc5296ad0917d1f84d96b93225346716,0.0,0.91,0.09,0.7003,2025-05-29
2025-05-28 18:17:49,Spotify amps up podcast discovery with new features,Yahoo,https://finnhub.io/api/news?id=36a230df3d138e110ec31f00389b3f20c60b87741f2c4e0ab8d6bf3feac63b21,0.026,0.838,0.135,0.8687,2025-05-29
2025-05-28 17:56:47,"MAGS: The Correction Reversed, But Big Tech Fundamentals Continue To Deteriorate",SeekingAlpha,https://finnhub.io/api/news?id=d26f324a17106b4312c32a6e736ff5ddb6cf59dc05140d698486a65801a0a200,0.0,1.0,0.0,0.0,2025-05-29
2025-05-28 16:55:18,Apple Readies New Gaming App Across Devices,Yahoo,https://finnhub.io/api/news?id=4f54428e3516267ffa2816a748585148abb00787621dd4f186017b2f68b9cb62,0.0,0.856,0.144,0.4019,2025-05-29
2025-05-28 16:44:22,"Apple's Valuation Is Priced To Perfection, Thought On The Higher End",SeekingAlpha,https://finnhub.io/api/news?id=5f6a2fb53cf2348bee001826635952724d5137d52d2fefb272f98f8eb73fe083,0.059,0.567,0.374,0.8779,2025-05-29
2025-05-28 16:41:10,"Apple's 2025 headwinds mount: Trump, tariffs, delays, & more",Yahoo,https://finnhub.io/api/news?id=00ed96d85a4edbd648f9182321e85303ff7ef8e51bdfc7942407c6cfde0e5914,0.0,0.881,0.119,0.8858,2025-05-29
2025-05-28 16:09:58,Apple has bought a game studio for the first time,Yahoo,https://finnhub.io/api/news?id=61e536b4f52e9c28f53fc25c946fd49328df9576de562a2a8b3d75ead3fd6919,0.101,0.899,0.0,-0.2263,2025-05-29
2025-05-28 15:56:23,Apple Moves iPhone Output to India as U.S. Shipments Jump 76%,Yahoo,https://finnhub.io/api/news?id=5d0e785d808affff7634b9bb5dbbbdab8764891f4b4e0c25fa43acd35acbbc6f,0.0,1.0,0.0,0.0,2025-05-28
2025-05-28 15:34:06,Apple to Debut New Gaming App,Finnhub,https://finnhub.io/api/news?id=210ca08a09d6d014e0a5d31e7066ffd02f149fe3adf7d13f1408a38461aefeea,0.0,1.0,0.0,0.0,2025-05-28
2025-05-28 14:46:32,"Fox News Host Roasts Trump's Mornings: 'Wake Up, Watch Cable News, Create Chaos, Watch The Futures Tank'",Yahoo,https://finnhub.io/api/news?id=94d3cc5def1461e0f383b7e457e5ef792e82f96de343b934e67cb0c256d49fa1,0.129,0.789,0.082,-0.6549,2025-05-28
2025-05-28 14:44:23,"Next Apple Operating Systems Will Be Identified By Year, Rather Than With A Version Number- Bloomberg News",Finnhub,https://finnhub.io/api/news?id=1cf3c312d10118c818451efe2c1dcad8d33d65e55dc9ea4970919c120530f9ea,0.0,0.915,0.085,0.3254,2025-05-28
2025-05-28 14:28:53,"Apple Inc. (AAPL) Should Be Bought on Weakness, Veteran Investor Says",Yahoo,https://finnhub.io/api/news?id=23284519c2fedcb08e0519c94abf16a11e7ab6712bcdec82e3bcd584ca7f2ee8,0.111,0.784,0.105,-0.1027,2025-05-28
2025-05-28 13:52:53,'Magnificent Seven' ETF wobbles as Big Tech stocks trade mixed ahead of Nvidia earnings,MarketWatch,https://finnhub.io/api/news?id=3f158b0171410b3edf7f12920cb165bfc9a7c473f7c199c4bea12a5ce8c24648,0.0,0.769,0.231,0.8316,2025-05-28
2025-05-28 13:32:16,Apple (AAPL) Suppliers in China Slide on Trump's New Tariff Threats,Yahoo,https://finnhub.io/api/news?id=cf9306225d66e90a533c7f086ef347bb504860fadb3f6765f6e98e8c6ab6166e,0.097,0.903,0.0,-0.4215,2025-05-28
2025-05-28 13:29:34,This analyst says tariffs can actually help Apple,Yahoo,https://finnhub.io/api/news?id=2bd8e290ab2e676e70d70ffd9acc0dd21e15aa1993681bccc25e0eee2e88bd4d,0.069,0.773,0.157,0.4939,2025-05-28
2025-05-28 13:28:44,"Apple: Much, Much Cheaper Than It Looks (Rating Upgrade)",SeekingAlpha,https://finnhub.io/api/news?id=ac4689d8fcb127e3278e2855a0aacd0206cf370b1fdc58165413d350ce371225,0.0,1.0,0.0,0.0,2025-05-28
2025-05-28 12:57:09,"Trump's Tariff Clock Is Ticking -- India, EU, Apple, and Tesla Are on Edge",Yahoo,https://finnhub.io/api/news?id=0cf00175c0616dd618ebd40de81280e3545886ae570da42cce2acee0a9d58366,0.052,0.948,0.0,-0.1531,2025-05-28
2025-05-28 12:46:22,AAPL: Wedbush Sees Apple as Trade Deal's Biggest Winner,Yahoo,https://finnhub.io/api/news?id=7ace5f64a3cd274d968f2da711b2631d1b2acafb91d228627dffa95bd44f958e,0.02,0.829,0.151,0.9168,2025-05-28
2025-05-28 11:09:38,Is Apple Stock A Buy Amid Low Expectations For WWDC?,Yahoo,https://finnhub.io/api/news?id=36d65443bc122d0b371294507b9f4946c0cc01e5d7e9ec92481a13ef86e67209,0.132,0.831,0.037,-0.5106,2025-05-28
2025-05-28 11:00:20,"Trust the process, not the pitch",Yahoo,https://finnhub.io/api/news?id=1be55d32ab918dcef69ef2a26dc93de6eeaffdab105db979d04af74474179f77,0.031,0.835,0.134,0.9393,2025-05-28
2025-05-28 10:46:15,"Jim Cramer Warns Market Could Be In Trouble If Apple, Nvidia Stocks Slide This Week: 'Really Bad Sign'",Yahoo,https://finnhub.io/api/news?id=ab58425609c1f4f91d10eca8ce2165d989aa0aa62081ab46585d715e62230ef0,0.201,0.799,0.0,-0.8908,2025-05-28
2025-05-28 09:30:03,Why Apple doesn’t make iPhones in America – and probably won’t,Yahoo,https://finnhub.io/api/news?id=6f6764c1d72c9ea789ea5c268a9f653c9fd473037c993e19c354e5662829c498,0.0,0.933,0.067,0.4215,2025-05-28
2025-05-28 09:04:17,Apple : Logic Pro amplifies beat making on Mac and iPad with advanced new capabilities,Finnhub,https://finnhub.io/api/news?id=51d27910bc3803b43a5cd17647daac2450703cb2c60da0df71d13e072ca0299c,0.0,0.9,0.1,0.4588,2025-05-28
2025-05-28 08:20:25,"Trump’s 25% Tariff Threat Looms, But Apple (AAPL) Isn’t Moving – Yet",Yahoo,https://finnhub.io/api/news?id=eef758db4df3f9b2fe1ea78a27f13c6956d207279166907fceb299834e979d23,0.05,0.95,0.0,-0.3612,2025-05-28
2025-05-28 08:08:00,Carillon ClariVest Capital Appreciation Fund Q1 2025 Commentary,SeekingAlpha,https://finnhub.io/api/news?id=93ae24a42a6eb232eca132bda49e57ca0ed9594b96e3bf11ac729635e0289d92,0.08,0.826,0.094,0.1298,2025-05-28
2025-05-28 08:04:00,Prediction: 2 AI Stocks Will Be Worth More Than Apple Stock Before the End of 2026,Yahoo,https://finnhub.io/api/news?id=1be2daaafb4f0a6ac9da19afcd5dbdbe212b82ab7ce1bf919427866adb0f9c12,0.0,0.753,0.247,0.9702,2025-05-28
2025-05-28 06:16:25,"Taiwan trims 2025 GDP growth forecast, cites US tariff uncertainty",Finnhub,https://finnhub.io/api/news?id=9cf5f7496d9df008ad775a417a6e5e90bd23669a242623ccf9cff9656344eb6a,0.112,0.767,0.121,0.1027,2025-05-28
2025-05-28 04:56:06,Alphabet's Veo 3: AI Video Crown Achieved,SeekingAlpha,https://finnhub.io/api/news?id=5dbf4df58a75a6e4b973d641aa1233b07cdf7bb03fa30bc4d2b2a2c1dd527cdb,0.0,1.0,0.0,0.0,2025-05-28
2025-05-28 04:35:29,"Taiwan trims 2025 GDP growth forecast, cites U.S. tariffs uncertainty",Finnhub,https://finnhub.io/api/news?id=33c91f98e8c2aa29b709deebe75c7194859dc021e6f11bb1f0382d84e2d4bf93,0.112,0.823,0.065,-0.2263,2025-05-28
2025-05-28 03:30:00,What the U.S. Dollar Shares With Blockbuster Video and Sears,MarketWatch,https://finnhub.io/api/news?id=2ef3b81cae4e1f9dfbd67570e7bc2aa0ed08bc34434abd6671a51f296179824c,0.0,0.567,0.433,0.9042,2025-05-28
2025-05-28 02:45:00,'Big Beautiful Bill' Brings Fiscal Concerns,SeekingAlpha,https://finnhub.io/api/news?id=fcdcd98e6468d0fa8dec376cec0d1caba04d5b523de7dae7fdb8997aee0f8e5f,0.0,0.562,0.438,0.5994,2025-05-28
2025-05-28 02:01:30,Alibaba: AI Hype Not Justified,SeekingAlpha,https://finnhub.io/api/news?id=2499c8be6e0bc617455a3c2b25d6d01bf4d5f3fa047a0a3c261d1e8103c1d98d,0.146,0.854,0.0,-0.5358,2025-05-28
2025-05-28 01:31:00,"It's Unofficially Summer. Time to Get Outside, and Talk With Decking Expert Trex CEO Bryan Fairbanks",Yahoo,https://finnhub.io/api/news?id=dc468ba7cf34872ebe6adfd7519ca6d58dd43b4b87ae48493633325a3b3c46af,0.075,0.91,0.014,-0.7579,2025-05-28
2025-05-27 21:16:09,Famous Investor Suggests That Apple (AAPL) Is Not a Buy,Yahoo,https://finnhub.io/api/news?id=ab29fe3cc66138e031bb4c8c78a91d390ce4ecb8607560cbda86b55a86d83ca3,0.021,0.979,0.0,-0.1027,2025-05-28
2025-05-27 21:09:07,Meta’s Future Lies With Judge as FTC Antitrust Trial Ends,Yahoo,https://finnhub.io/api/news?id=3e9e3d4e50beea6c278be4e3f03a5de7a50d885a3dc1a90e3df70dd5fb8fcdda,0.081,0.873,0.046,-0.5574,2025-05-28
2025-05-27 20:58:46,iPhone Tariff Threat Weighs on Apple,Yahoo,https://finnhub.io/api/news?id=64907b8e8258337a6a144ce5d754798aec1f1069f9a18057a3fe28187fa47a57,0.072,0.867,0.061,-0.128,2025-05-28
2025-05-27 20:21:51,Expectations For Apple's WWDC Couldn't Be Lower,Yahoo,https://finnhub.io/api/news?id=e10e15f8af6fcf75518f7c85607b4b84ec4fbf20bfb6f57b3377bdb4ed3c366f,0.0,0.927,0.073,0.2235,2025-05-28
2025-05-27 20:15:00,"These Stocks Moved the Most Today: Apple, Tesla, DJT, Informatica, Super Micro, PDD, SoundHound, and More",Yahoo,https://finnhub.io/api/news?id=dc5c7286f16e7ce04e244f1c018b57c27db1d6040773ec46a6011d90f834e47b,0.048,0.86,0.092,0.4215,2025-05-28
2025-05-27 20:15:00,EU Crisis Averted. Same Time Next Week?,SeekingAlpha,https://finnhub.io/api/news?id=4ee5606ffc8cd746776ca3fffac09a396285e7e9f077b8ca4994a9603beac4e8,0.178,0.738,0.084,-0.4019,2025-05-28
2025-05-27 20:05:31,"Stock market today: Dow, S&P 500, Nasdaq soar as Trump pauses EU tariff hikes for fast-tracked talks",Yahoo,https://finnhub.io/api/news?id=4cc5a725634daf61ec5b5067d4492b5af8ef7631856b60ff48ad673a02e932bb,0.058,0.81,0.132,0.4404,2025-05-28
2025-05-27 19:40:15,Apple to Debut Dedicated Gaming App Within Days of Switch 2’s Arrival,Yahoo,https://finnhub.io/api/news?id=69c41e42c79db57bbd790b3998751864dc588de2ac9d8bdc573cfc3570792a69,0.0,0.886,0.114,0.875,2025-05-28
2025-05-27 19:38:53,"Citi Reiterates Buy Rating on Apple (AAPL), Keeps PT at $240",Yahoo,https://finnhub.io/api/news?id=abe81c986b5143fe82b879ee7ff95a02b5086d417ba64d35f4193d091e750e53,0.027,0.938,0.035,0.128,2025-05-28
2025-05-27 19:01:00,"These Stocks Are Moving the Most Today: Apple, Tesla, DJT, Informatica, Super Micro, PDD, SoundHound, and More",Yahoo,https://finnhub.io/api/news?id=295727048c36eb41528c50dea36fc8d7e6c570367a15c2db92b3bcc08c14ea07,0.047,0.862,0.091,0.4215,2025-05-28
2025-05-27 18:01:52,Trump's Targeting Of Apple Isn't Random — Analyst Says It's A Calculated Move For Maximum Political Gain,Yahoo,https://finnhub.io/api/news?id=d976b1917540b75f531c9b557480feca81d9a048dd6581e748c7ff9d924ad08a,0.03,0.884,0.086,0.5647,2025-05-28
2025-05-27 17:54:06,Technology Shares Among Top Gainers -- Tech Roundup,Finnhub,https://finnhub.io/api/news?id=bb409eb2f7f1510d8fd151a4f54b8a89f5ea3b8a433703a39909885eeb3b4544,0.0,0.7,0.3,0.886,2025-05-28
2025-05-27 17:52:58,Apple Just Blocked $2 Billion in Fraud--But Here's What It Really Wants You to See,Yahoo,https://finnhub.io/api/news?id=9cd286b3bc12b4aecd3326e554ea5df3a35062a7c386b64e5a5cc763709ef0ad,0.059,0.847,0.093,0.296,2025-05-28
2025-05-27 17:44:42,Xiaomi Just Took Aim at Apple and Tesla -- And It's Not Backing Down,Yahoo,https://finnhub.io/api/news?id=84db417d83850c41d3cfc96342333f068d18f61db166852871866dbc895b19e8,0.031,0.894,0.075,0.3666,2025-05-28
2025-05-27 17:16:00,Nike's Turnaround Story,Yahoo,https://finnhub.io/api/news?id=4bcc8410b0d40ff66aff6c4445a77a24cd866e38653c977caa6f64fb8854c031,0.0,1.0,0.0,0.0,2025-05-28
2025-05-27 17:08:54,Qualcomm-backed study finds Apple’s in-house modem falls short in 5G tests,Yahoo,https://finnhub.io/api/news?id=7760986429578933f101d902b3c6e6485d24c27807809b686d3a0880178e9f88,0.02,0.944,0.036,0.0972,2025-05-28
2025-05-27 17:02:08,"Buffett's May DiviDogs Tag Ally As A ""Safer"" Buy",SeekingAlpha,https://finnhub.io/api/news?id=e432e7efb8712a2c119f45f9a1cc4f6c68108e90c1fa61c39fb4fa1ffa44e57d,0.0,0.884,0.116,0.5574,2025-05-28
2025-05-27 16:34:43,Trump's tariff revenue has already topped $22 billion in May,Yahoo,https://finnhub.io/api/news?id=57b41de7b1114d424136b8b34e1411ae72920ec20b91a72d1ae276d3a14d4eb1,0.0,1.0,0.0,0.0,2025-05-28
2025-05-27 15:52:19,Trump's relationship with Apple is souring,Yahoo,https://finnhub.io/api/news?id=9af50a3bdb88410a0ce657da9c156981f9beb4303b5c1e1cf2b5b132ae1c7da3,0.0,1.0,0.0,0.0,2025-05-27
2025-05-27 15:46:06,Apple To Debut Dedicated Gaming App Within Days Of Switch 2'S Arrival - Bloomberg News,Finnhub,https://finnhub.io/api/news?id=7e768f9aabd34042c61de6d18059bd01c9b04a2fdd6b225492e1b634ea3a9281,0.0,0.839,0.161,0.7739,2025-05-27
2025-05-27 15:30:02,"Trump Just Threatened Apple's iPhones -- Could This Be the $3,500 iPhone Apocalypse?",Yahoo,https://finnhub.io/api/news?id=9f094d92369e72736a7111f1c449fc148b206f9d95c8237ba62f66e96c1e2000,0.263,0.665,0.072,-0.7845,2025-05-27
2025-05-27 15:21:59,"Shares of companies within the broader tech sector are trading higher, possibly amid overall market strength after President Trump delayed 50% EU tariffs to July. Additionally, the sector may be up in anticipation of NVIDIA's upcoming Q1 report.",Benzinga,https://finnhub.io/api/news?id=510a9fc1d7c49a5b3d69012a727eb84edd60566edbc7e5c782008da5f6e9e3d0,0.044,0.796,0.159,0.5994,2025-05-27
2025-05-27 15:01:44,Indeed’s CEO shares the unusual question he’s been asking job candidates for 15 years: Apple or Android?,Yahoo,https://finnhub.io/api/news?id=a0913f3d4f0fbde7975e8642eaa446554ff2d6637789dd42ecfa2e62aabf3a74,0.0,0.945,0.055,0.3736,2025-05-27
2025-05-27 14:10:54,Trump threatens iPhone tariffs as he spotlights Apple’s supply chain,Yahoo,https://finnhub.io/api/news?id=d3d50ce63d7f848570206dac0f74743b23960ac740a5420954f27b1282a67a44,0.089,0.822,0.089,0.0,2025-05-27
2025-05-23 12:14:16,"Trump Trade War Jolts Apple, Europe And S&P 500 With Latest Tariff Twist",DowJones,https://finnhub.io/api/news?id=0e1cfc428f6476c6185be937c6cbdf193b4c117dc95afd91a147ff87dac65677,0.245,0.755,0.0,-0.8316,2025-05-23
2025-05-27 13:53:00,Apple Stock Rebounds After iPhone Tariff Trauma,Yahoo,https://finnhub.io/api/news?id=14b452ef7c14ca7c8e5a6591d2518a22e7dca91e56806ad3acb6d6aa1e44d1bf,0.3,0.7,0.0,-0.8658,2025-05-27
2025-05-27 13:42:04,Apple Shares Face More Pain as Trump’s Tariff Threat Looms,Yahoo,https://finnhub.io/api/news?id=1afb9b384836c3c58ef01fa198e9a4308bd6b054749783e7cc58d3236e4699a9,0.158,0.725,0.116,-0.659,2025-05-27
2025-05-27 13:23:00,"Company News for May 27, 2025",Yahoo,https://finnhub.io/api/news?id=69ca1a6322f682f707425be16e1bc3bc822b5267cec272e8a0d5c226352b3cd2,0.0,1.0,0.0,0.0,2025-05-27
2025-05-27 13:15:00,Trump Vs. Apple: We Know How This One Ends (Rating Upgrade),SeekingAlpha,https://finnhub.io/api/news?id=f8abca89702576bb917303f8a5b62e29c2818ba35d803f0154688884168825f7,0.0,0.84,0.16,0.7269,2025-05-27
2025-05-27 13:05:38,QQQ: Don't Go All In Now If You Missed April's Bottom (Downgrade),SeekingAlpha,https://finnhub.io/api/news?id=e6109dadf674589c211606b4f4a4a82274132c04fc7fe3133739f0ac0e85efe9,0.091,0.841,0.067,0.0,2025-05-27
2025-05-27 13:02:15,25% tariff not enough to push Apple to reshore iPhone production - Morgan Stanley,Yahoo,https://finnhub.io/api/news?id=0b23038080b9e8a052c7dee24877d5ebeebe1769307b2ab575db74de00d94ae1,0.0,0.935,0.065,0.4215,2025-05-27
2025-05-27 12:02:00,"Dow's nearly 625-point rally led by gains in shares of Nike, NVIDIA Corp.",MarketWatch,https://finnhub.io/api/news?id=2faf0b7018dc4a7eb1f7eed5e9d008f1fc7be69c24bec89179e41b916d5fdeb6,0.0,0.705,0.295,0.802,2025-05-27
2025-05-27 11:55:02,Apple: Quantifying The Impact Of 25% Tariffs On Gross Margins,SeekingAlpha,https://finnhub.io/api/news?id=5acfb925eec72bdb13165817140a91541b4a2bac754fa0cfd3ef9e907c52bc55,0.256,0.744,0.0,-0.4767,2025-05-27
2025-05-27 11:50:16,"Trump Targets Apple iPhones Again, But This Tariff Panic Won't Stick - Buy Call",SeekingAlpha,https://finnhub.io/api/news?id=39ef4606e44713d6520472a96dc56ffa4c1893e5217e519c4fd315e8f84b5200,0.255,0.745,0.0,-0.6652,2025-05-27
2025-05-27 11:07:04,Can Apple still surprise us?,Finnhub,https://finnhub.io/api/news?id=4398edfa65cd4a1dbe16eecf852fe59db5f67f3756790bf526ad9befc53131f1,0.0,0.818,0.182,0.7302,2025-05-27
2025-05-27 10:27:00,"As Trump hits E.U., phone makers with fresh threats, here’s where all his tariffs stand now",MarketWatch,https://finnhub.io/api/news?id=8d58fa7b73a01bc6a3091dfe63cd59a7cd98860d574f645073a4f69655bf380e,0.147,0.733,0.12,-0.25,2025-05-27
2025-05-27 09:47:40,Dow Jones Jumps 400 Points On Trump Tariff News; Nvidia Stock Eyes New Buy Point,DowJones,https://finnhub.io/api/news?id=68763a83c8bdb532029c45a9dc72caeec51c493c81f6e1c9f15ab3b64aa5e223,0.0,1.0,0.0,0.0,2025-05-27
2025-05-27 09:12:00,Apple and Nvidia Fall Out of Favor With Fund Managers. 7 Stocks They Like More.,MarketWatch,https://finnhub.io/api/news?id=0c9f264d8462d89779383f51597eba05bee9a39988720cf2a0d6a65c9bdce327,0.0,0.714,0.286,0.8555,2025-05-27
2025-05-27 09:05:48,Apple's 25% Tariff Threat: Expect An About-Turn Soon,SeekingAlpha,https://finnhub.io/api/news?id=b5132beb7b733387521595a858b87c1453f67a23a8403f1ee90557c03998ce18,0.151,0.849,0.0,-0.6705,2025-05-27
2025-05-27 08:51:07,Trump to Apple: Big tariff ahead if manufacturing stays offshore,Finnhub,https://finnhub.io/api/news?id=3d0963d6e63e8e5b78b5e5d19596291d0c90a21d2834f8eb344a77e603c5a557,0.0,1.0,0.0,0.0,2025-05-27
2025-05-27 08:05:48,"Dow Jones Futures Rise As Trump Delays EU Tariffs; Nvidia Earnings Ahead, Tesla Has New Entry",DowJones,https://finnhub.io/api/news?id=28b29bd05d05a90afdd1046117b81a6b2e50666937d96850e29f1a92c3a869a6,0.0,1.0,0.0,0.0,2025-05-27
2025-05-27 07:24:00,BNY Mellon Equity Income Fund Q1 2025 Commentary,SeekingAlpha,https://finnhub.io/api/news?id=a583b929f39e3fbef876a3795b1a300acdbc5dc632e065f6a6714fab77b63d39,0.0,1.0,0.0,0.0,2025-05-27
2025-05-27 07:20:00,Attention Dividend Investors: 4 Stocks To Build Your Own Income Factory,SeekingAlpha,https://finnhub.io/api/news?id=556d3c781ea93b8c0bd8093e690b2617b77440a1b66e1e6f45b4e44a1a512381,0.0,1.0,0.0,0.0,2025-05-27
2025-05-27 07:06:25,Apple: The Covert Cyclical Of The Mag 7,SeekingAlpha,https://finnhub.io/api/news?id=6f6f23a4d81a0654ab697f8d7d1ffea8e597ba4bf4e946e29160e6a680ff0a12,0.0,1.0,0.0,0.0,2025-05-27
2025-05-27 06:48:00,"There’s a New Trump Tariff Trade Set to Overshadow Nvidia Earnings, Inflation Data",MarketWatch,https://finnhub.io/api/news?id=d71c6aa21df9910bcb3c4e4ecb97a74c02f710ce153d8fd2ca0115927406e961,0.0,1.0,0.0,0.0,2025-05-27
2025-05-27 06:30:02,"US Stocks Likely To Open Higher After S&P 500's Four-Day Fall: 'Market Is Risk-Off,' Says Expert",Benzinga,https://finnhub.io/api/news?id=850a03fe89a2b6a19ad33f4c86bc43558f4c7e96973f2400f9c50152015ec42b,0.055,0.945,0.0,-0.296,2025-05-27
2025-05-27 06:26:00,"Even with a 25% tariff, iPhones would be cheaper to make abroad than in U.S., says Morgan Stanley",MarketWatch,https://finnhub.io/api/news?id=fda103e2f9e018f56cc38de99d5bbeb2242c10c3dd3392f0edcb5a1984703c9f,0.0,1.0,0.0,0.0,2025-05-27
2025-05-27 04:46:00,"BNY Mellon Worldwide Growth Fund, Inc. Q1 2025 Commentary",SeekingAlpha,https://finnhub.io/api/news?id=d747f4425bb8b892edc09c7853339bc8b4919a4193632e2818c759da21de7bbd,0.0,0.755,0.245,0.3818,2025-05-27
2025-05-27 04:16:30,Apple 25% Tariff Not as Bad as It Seems: Gene Munster,Finnhub,https://finnhub.io/api/news?id=3b2b6d9a15105f8681ccc63b97a6a45ff193379208af5f67b9359ebbef8104da,0.12,0.768,0.111,-0.1154,2025-05-27
2025-05-27 03:50:00,Pzena Global Focused Value Q1 2025 Commentary,SeekingAlpha,https://finnhub.io/api/news?id=c55f78697251c3858b6c39db1933284dace851c2ef69a2f9f531a6e8d9ead06d,0.0,0.5,0.5,0.6124,2025-05-27
2025-05-27 03:20:00,The London Company Large Cap Vs. Russell 1000 Value Q1 2025 Commentary,SeekingAlpha,https://finnhub.io/api/news?id=3085298664a7a4b5965e39798db9df89e0c3ea321333e56504ca864e3a4ae506,0.0,0.809,0.191,0.7269,2025-05-27
2025-05-27 03:16:20,"S&P 500 Dips For 4th Session Amid Trump's Tariff Threats: Investor Sentiment Declines, Fear Index Remains In 'Greed' Zone",Benzinga,https://finnhub.io/api/news?id=b7777cf8c8e42ef833ffe76076d38201a0f8203275e72f1e82baa7e909976853,0.352,0.648,0.0,-0.8271,2025-05-27
2025-05-27 02:30:00,The London Company Income Equity Vs. Russell 1000 Value Q1 2025 Commentary,SeekingAlpha,https://finnhub.io/api/news?id=ffd707bc466dbf3430829f751622870ae5ad12b00d3a210f177ef2c49d8b90b8,0.0,0.809,0.191,0.7269,2025-05-27
2025-05-26 16:00:00,"How To Build A $100,000 Dividend Portfolio That Could Yield 10.75% In 15 Years",SeekingAlpha,https://finnhub.io/api/news?id=4bba80b64fd9b458cfb1fb516aebcdd2ca8aadeff95b4f1fe8fcb22ac8432e60,0.097,0.766,0.137,0.4019,2025-05-27
2025-05-26 14:21:37,Dell Shifts Its Business Model And The Future Growth Looks More Promising,SeekingAlpha,https://finnhub.io/api/news?id=217e2b448999a00bb20d0beae2dba0338a2c492611df1fde87cb471e3555e836,0.0,0.808,0.192,0.831,2025-05-27
2025-05-26 10:17:09,Stocks and euro jump on Trump EU tariff delays,Finnhub,https://finnhub.io/api/news?id=3e96516c8a8f585d1529520d880029fce68488c65df6a35026a14242717ec07a,0.085,0.875,0.04,-0.4215,2025-05-27
2025-05-26 09:02:11,Gold falls nearly 1% after Trump extends tariff deadline on EU goods,Finnhub,https://finnhub.io/api/news?id=a620c66bd34b2760b63daf6a4dc19cff298ff7e66ac2b12c0b21e694600ec3ef,0.102,0.814,0.084,-0.2263,2025-05-27
2025-05-26 07:01:03,Gold falls after Trump extends tariff deadline on EU goods,Finnhub,https://finnhub.io/api/news?id=c70f9e5f0d3f02d49b536437c7c21193e7a5e8e5d0513feba3bd247aede60b80,0.113,0.853,0.035,-0.5267,2025-05-27
2025-05-26 06:30:00,"S&P 500 Earnings: Q2, Q3 '25 EPS Revisions, And A Look At Apple And UnitedHealth's Revisions",SeekingAlpha,https://finnhub.io/api/news?id=e634211ab952e98cbfcea8a16ca03ce0a89eaec75b579be3338315e65e079533,0.04,0.96,0.0,-0.2374,2025-05-27
2025-05-26 05:20:00,Trump threatens Apple with 25% tariff: Is now a good time to buy an iPhone?,MarketWatch,https://finnhub.io/api/news?id=54b2acab7f5f439a81fdb16043c6b4f27791df4eae57fc496c846cfa37df06c8,0.139,0.696,0.165,0.2406,2025-05-27
2025-05-26 05:01:07,European shares gain after Trump pushes back planned 50% tariffs on EU,Finnhub,https://finnhub.io/api/news?id=dd41b7e7f3e2f01291b2d26622e77b1abc5b510472e58b49b324455453dc057d,0.098,0.758,0.144,0.3612,2025-05-27
2025-05-26 03:00:00,"Largest U.S. Pension Sells Apple Stock, Buys Meta, AMD, and McDonald’s",MarketWatch,https://finnhub.io/api/news?id=f07c219dc57e10ebbfab6885abdea3e08b48e160b57a8fc9e436d061649c22bd,0.0,1.0,0.0,0.0,2025-05-27
2025-05-26 02:14:16,"Asia Markets Mixed as Unease Persists on Trump Tariff U-Turns, Threats",Finnhub,https://finnhub.io/api/news?id=95f82b699f5646e520fcf854d870960db54eb0aaabe431b6f1b1cc57c9eea01e,0.234,0.766,0.0,-0.891,2025-05-27
2025-05-26 01:54:15,"Asian stocks steady, euro rallies after Trump delays EU tariffs",Finnhub,https://finnhub.io/api/news?id=60bfdf0e57e2094fe5ac33f4c37734a9ba8a515d1ab5b2e4af94b52f539b5e44,0.0,0.962,0.038,0.1531,2025-05-27
2025-05-26 01:46:11,How Trump's trade war is upending global economy,Finnhub,https://finnhub.io/api/news?id=6c6629645c65921ccf8da7eff0bc01471f11cec5a864fdf5761f367ff077b379,0.16,0.84,0.0,-0.743,2025-05-27
2025-05-26 00:19:08,"Trump says US wants to make tanks, not T-shirts",Finnhub,https://finnhub.io/api/news?id=95f55d7f0d263c0bbcf0ea51144901025671d4ef4c539452b252d25f517d5e18,0.0,0.93,0.07,0.3612,2025-05-27
2025-05-26 00:03:05,US futures jump while Asian shares slip after Trump delays tariffs on the EU,Finnhub,https://finnhub.io/api/news?id=362e7a840ad60fbebea77424f52617dfea9b4eaa36d9231389d187291934e392,0.097,0.823,0.08,-0.2263,2025-05-27
2025-05-25 22:35:07,"Australia, New Zealand dollars hit new 2025 highs amid more US tariff chaos",Finnhub,https://finnhub.io/api/news?id=1d4c5c1a071fbd9c142d26955f0f3101696b76fe1e683c5cb87f64ae811391f5,0.191,0.762,0.047,-0.7884,2025-05-27
2025-05-25 22:19:10,Shares in China-listed Apple suppliers fall after Trump's tariff threats,Finnhub,https://finnhub.io/api/news?id=d0539f5b39bcee56ef9d2f0ae55425300f2ebc7d895e5ff57e0e9eea3b06817a,0.165,0.706,0.129,-0.1531,2025-05-27
2025-05-25 21:52:07,"Major China-listed Apple suppliers including Luxshare, Goertek fall after Trump's tariff threats",Finnhub,https://finnhub.io/api/news?id=85b101a732898266acfea1f5a997660f229945fe9339bfd074bf612cfe069f05,0.178,0.822,0.0,-0.7906,2025-05-27
2025-05-25 14:00:00,"Trump’s New Tariffs, Nvidia, Salesforce, Costco, and More to Watch This Week",MarketWatch,https://finnhub.io/api/news?id=e55821b1a356ee470fcc02a3e3ce9734efeb214471a68c7dc250f681cce1760c,0.0,1.0,0.0,0.0,2025-05-27
2025-05-25 11:35:00,Buying Apple Stock Isn't Worth the Risk,Yahoo,https://finnhub.io/api/news?id=a3acc9e62e1680c99a098d54347def49e83e6c10e0b18854d98705883c32c792,0.067,0.807,0.126,0.47,2025-05-27
2025-05-25 11:31:27,Apple Boosts iPhone Trade-In Discounts in China to Reignite Lagging Sales,Yahoo,https://finnhub.io/api/news?id=98fe330b443a70b357ee18074c6fa03456e41ca76d4ae81fede65e79339952bc,0.049,0.832,0.119,0.6249,2025-05-27
2025-05-25 10:07:11,"Consumer Tech News (May 19-May 23): Trump Warns Apple Of 25% Tariff if Manufactured Overseas, Disney Sues YouTube & More",Benzinga,https://finnhub.io/api/news?id=928a93b3beb64be7a6616696dfa9ce05dbe1059f6edb32f4738872cb02b479f6,0.042,0.919,0.039,-0.034,2025-05-27
2025-05-25 09:00:30,Warning To U.S. Stock Investors Issued By CDS Markets,SeekingAlpha,https://finnhub.io/api/news?id=f97920368504fbb252852e76238f6338cacf46347dbc312dbd5acf7cd979c889,0.281,0.719,0.0,-0.8658,2025-05-27
2025-05-25 08:01:17,"Trump's 25% Tariffs, India Expansion, Trade-In Price Hike, And More: This Week In Appleverse",Benzinga,https://finnhub.io/api/news?id=3d77c3a62b06c4af115bd50cc26250f68afd16702f80372ca2e10015ea3b4bae,0.0,1.0,0.0,0.0,2025-05-27
2025-05-25 05:48:09,Apple (AAPL) Faces a New Kind of Rival – And Wall Street Is Paying Attention,Yahoo,https://finnhub.io/api/news?id=1b75b87aa6c66f45790b47a7648a6cd9922777fe96b9aedf2724a66fc1c8ff85,0.0,0.966,0.034,0.3612,2025-05-27
2025-05-25 03:30:07,"Despite Trump's Warning To Tim Cook, Apple Moves Ahead With $1.5 Billion India Expansion Via Foxconn To Boost iPhone Production: Report",Yahoo,https://finnhub.io/api/news?id=584454d5b3f42cb76ab05c7ac808af41851ff76f87fad7db85b64acdfe0d7393,0.0,0.908,0.092,0.7984,2025-05-27
2025-05-25 03:00:00,Tech Stocks Had a Crazy Few Days. Another Big Week Is Ahead.,MarketWatch,https://finnhub.io/api/news?id=b224ee5b0f180be6673e0258d2749cebdf851c33b329cdd013e407889c4a25c3,0.179,0.821,0.0,-0.5859,2025-05-27
2025-05-24 22:36:27,"The 1-Minute Market Report, May 25, 2025",SeekingAlpha,https://finnhub.io/api/news?id=32a92d4f33c427e905ae2486043942e9e9490729cdb349585dd13e061a68c4a2,0.144,0.773,0.083,-0.296,2025-05-27
2025-05-24 22:05:00,Investing in Dividend Stocks: The Stability of Warren Buffett's Picks,Yahoo,https://finnhub.io/api/news?id=237d0ffca39d0cea4a639cde120e5eeebd3d13dc8feef67a4b4dd1ab535c394c,0.0,0.85,0.15,0.5719,2025-05-27
2025-05-24 19:00:47,"Ex-Apple Engineers Behind $200M Xnor Deal Launch ElastixAI, Secure $16M To Revolutionize AI Inference Across Devices",Yahoo,https://finnhub.io/api/news?id=fb707d85035bf743585cee95693bce6ed09262cf0e00fc49ecf36a92c17f5c33,0.038,0.853,0.109,0.6874,2025-05-27
2025-05-24 18:54:00,"Ships are canceling crossings to U.S., and Trump’s new 50% E.U. tariff threat isn’t likely to help",Yahoo,https://finnhub.io/api/news?id=42f85feabef14d7a065698b81692a48eb8832b3ce4d0334852ad9c2b7f7888a3,0.16,0.773,0.067,-0.5719,2025-05-27
2025-05-24 18:01:23,Mark Zuckerberg Once Vented Why Apple AirPods Have No Competition: 'One Of The Protocols That They Used...',Yahoo,https://finnhub.io/api/news?id=fc7deb4f3dbfef1c1fd55b2c2e449277cb99439eaad4c3a1fc241f3f0a386ae9,0.16,0.8,0.04,-0.8934,2025-05-27
2025-05-24 14:34:03,Dan Ives Fires Back: Trump’s Apple Plan Needs ‘Herculean Logistics’,Yahoo,https://finnhub.io/api/news?id=c02516feeded7dd8d05d3c5d168caf2757fd30da69555fa03e58b37cf02c8a68,0.062,0.828,0.11,0.5423,2025-05-27
2025-05-24 14:18:14,Trump threatens Apple Inc. (AAPL) with New Tariffs if iPhones Not Made in U.S.,Yahoo,https://finnhub.io/api/news?id=219d40f2940c3b4cf79c0a86ba4348a171298609d162fa0e1dd8ed4923d5267f,0.075,0.895,0.031,-0.5106,2025-05-27
2025-05-24 14:15:35,"Trump Trade: Trump considers 50% tariff on EU, 25% on iPhones",Yahoo,https://finnhub.io/api/news?id=e1fe27bc5b23661c2a8f8a4a1891f6eceb87a8e155bbcdf4256cec92144328e5,0.05,0.838,0.111,0.6605,2025-05-27
2025-05-24 13:15:22,Morning Movers: Apple slips following President Trump tariff threat,Yahoo,https://finnhub.io/api/news?id=dda9a0d208f65a0961bfc148bcd27281f0c14d9a3b411efb6f8ac137b4a8a4aa,0.179,0.779,0.042,-0.9001,2025-05-27
2025-05-24 13:00:00,Trump’s New Tariff Threats Show Trade Uncertainty Here to Stay,Yahoo,https://finnhub.io/api/news?id=1ac1c2d219e7112e5a511d9667a6d1740095b3b7ad56dffa468ca4f6d052f1cc,0.125,0.788,0.087,-0.7096,2025-05-27
2025-05-24 09:45:51,"OpenAI looks to ship 100M AI ‘companion’ devices for everyday life, WSJ reports",Yahoo,https://finnhub.io/api/news?id=b8c71632e14663c0240a67883c18bcd55ab552110f683c7f4d921c272514a4d5,0.0,1.0,0.0,0.0,2025-05-27
2025-05-24 09:00:00,Charting the Global Economy: Long-Term Bond Yields Soar Around the World,Yahoo,https://finnhub.io/api/news?id=d569bc16c6cd04d7f61600fa09ed7434474b8cf9e30c439ea3467ea724db4b47,0.067,0.882,0.05,-0.3818,2025-05-27
2025-05-24 08:30:00,Apple has been the worst Big Tech stock lately. Here’s why investors are missing the big picture.,MarketWatch,https://finnhub.io/api/news?id=c93d4bed3ef473a8692ab37f73dc1d59f9d6e8f1d6a75fc55a6173b51d55399a,0.296,0.704,0.0,-0.9118,2025-05-27
2025-05-24 08:00:00,5 Best CEFs This Month For Yields Up To 14% (May 2025),SeekingAlpha,https://finnhub.io/api/news?id=b75c7d61e883a81f425a93fd499175b0ca3c9bb887e49e5974fcd7bdfea8be17,0.0,0.724,0.276,0.6369,2025-05-27
2025-05-24 07:33:24,What Moved Markets This Week,SeekingAlpha,https://finnhub.io/api/news?id=acb3ec55ca75ecffcb330931394cd12c59292ada6cc21075f0ef9d9081ba98c6,0.0,1.0,0.0,0.0,2025-05-27
2025-05-24 04:00:00,AP Top Financial News at 8:07 a.m. EDT,Yahoo,https://finnhub.io/api/news?id=2ccdb33808556bb3990b26997777e01395ece91a04b0b9e0d10e7a3f6e1a8510,0.0,0.83,0.17,0.4767,2025-05-27
2025-05-24 03:31:26,"Apple Faces 'First Serious Threat In 20 Years' As OpenAI Acquires iPhone Maker's Former Design Chief Jony Ive's Hardware Startup, Says Gene Munster",Yahoo,https://finnhub.io/api/news?id=625babdf9899ed45b49539aff7b80c993ea3fede431a3bb7faaed89c89893e54,0.157,0.776,0.067,-0.8271,2025-05-27
2025-05-24 02:36:28,Oracle To Spend $40 Billion On Nvidia GB200 Chips For OpenAI's Texas Data Center: Report,Benzinga,https://finnhub.io/api/news?id=a3ae322d715339cff9357d4da714306ae7b7e92891de4f5807805d7548bd5705,0.0,1.0,0.0,0.0,2025-05-27
2025-05-24 02:22:55,"Apple Would Rather Absorb A 25% iPhone Tariff Than Move Production To The US, Says Analyst: '...No Guarantee They Won't Face Repeated Tariff Threats During His Term'",Benzinga,https://finnhub.io/api/news?id=8c879dbc860224891f42e76da9015c2fc4d2add7a46a7f9aa3c93f79959765e5,0.054,0.907,0.039,-0.2023,2025-05-27
2025-05-24 02:00:00,Tim Cook’s Bad Year Keeps Getting Worse,Yahoo,https://finnhub.io/api/news?id=dad4b3c49813a194b67b88363216f5d048d613ec6d85da1d60b8257f1cfb2fe1,0.094,0.877,0.029,-0.7845,2025-05-27
2025-05-23 23:15:00,Columbia Balanced Fund Q1 2025 Commentary,SeekingAlpha,https://finnhub.io/api/news?id=0385c794f7ed58aa50e2427ed31d1d76b351c3bcb93035845a5783a9f42968ef,0.0,1.0,0.0,0.0,2025-05-27
2025-05-23 21:57:30,"Stocks to Watch: Apple, Booz Allen,  Constellation Energy, Intuit",Yahoo,https://finnhub.io/api/news?id=bfd54d01a226bc1e24b03f6bed55de4ce2e7aa6cdfdc5ec84c1ad09264c1eb50,0.063,0.875,0.063,0.0,2025-05-27
2025-05-23 21:40:00,Tim Cook Called Texas Governor to Stop Online Child-Safety Legislation,Yahoo,https://finnhub.io/api/news?id=bbb45d89dffa0c9c424208fbd699effb88e2d2cba22699e7ab2f8d5bdb0eada3,0.075,0.925,0.0,-0.296,2025-05-27
2025-05-23 21:15:00,"Trump Threatens Fresh Tariffs on EU, iPhones and Rival Devices",Yahoo,https://finnhub.io/api/news?id=2a8e5878890dbd7cb4550a414000400c131163b7bc7b6b6d3817ca22ecab676e,0.261,0.695,0.044,-0.9042,2025-05-27
2025-05-23 21:05:00,Stocks Take Another Tariff To The Shin,SeekingAlpha,https://finnhub.io/api/news?id=89ee8af1f6918ecf1ca8d31ee6ae7c62abe612f05f802f065c7f46e866201beb,0.081,0.78,0.139,0.25,2025-05-27
2025-05-23 20:59:53,Wall Street Declines After Trump's Fresh Tariff Threats; Apple Falls 3%,Yahoo,https://finnhub.io/api/news?id=bd07211360dd6c0d542c9779f3f9ae624dab1c4646ee29ec93c1d7ce328f4fc9,0.181,0.744,0.074,-0.5106,2025-05-27
2025-05-23 20:59:23,"Trump Threatens EU, Smartphones as Tariff Rhetoric Escalates",Yahoo,https://finnhub.io/api/news?id=eac7308328e8802d9a51a2a235a161a62369f0c9837d07ae714668ed8fac299c,0.121,0.853,0.025,-0.8625,2025-05-27
2025-05-23 20:56:02,"Trump Targets Samsung, Apple Phones With 25% Tariff Threat",Yahoo,https://finnhub.io/api/news?id=6aed5b6d257584663820fdff8a3d0f81ecb4bec99b6a00b56a78d024e74f1cac,0.108,0.866,0.026,-0.8316,2025-05-27
2025-05-23 20:50:50,"US Equity Indexes Fall in Week on Treasury Market Jitters, Trump Warnings to EU, Apple",Yahoo,https://finnhub.io/api/news?id=e838ab7419c7d17b7131325a3cdc3cfd9cd5cae0076cedc35dc0f646e83a759c,0.063,0.833,0.103,0.1027,2025-05-27
2025-05-23 20:41:00,"Stocks Fall on Tariff Broadside, After Week of Bond Market Agita",Yahoo,https://finnhub.io/api/news?id=acd4ddbf89a7fa88e286274c3fac84d8f7f007392654c263edd8652aa53c9373,0.146,0.807,0.047,-0.8176,2025-05-27
2025-05-23 20:19:30,Apple Stock Falls As Trump Threatens iPhone Tariff,Yahoo,https://finnhub.io/api/news?id=74ee9805dacb5a1410d793da62df00a30e003457afe089f4880ae9f29b59f4ba,0.177,0.823,0.0,-0.6808,2025-05-27
2025-05-23 20:18:00,Apple Is Unlikely to Escape Tariffs This Time. Trump Is Doubling Down.,Yahoo,https://finnhub.io/api/news?id=b5637b17166a2816de768f9383e807dc643faadda4ba2fa13add5e0836949ebb,0.07,0.89,0.04,-0.3182,2025-05-27
2025-05-23 20:16:19,Dollar Falls to Lowest Since 2023 as Investors Eye Trade Risks,Yahoo,https://finnhub.io/api/news?id=a910d3b05a7bcd03e36bdd3745d3537aea4d59a69834f694441250914db143b6,0.195,0.782,0.024,-0.9451,2025-05-27
2025-05-23 20:14:24,"Equity Markets Close Lower as Trump Proposes New Tariffs on EU, Apple",Yahoo,https://finnhub.io/api/news?id=a16e1dbb6453be87ea92478351c9006b8daa502eebcf0d7874d2713c46287d59,0.226,0.774,0.0,-0.7184,2025-05-27
2025-05-23 20:09:21,"Markets dip after Trump threatens tariffs against Europe and Apple, sinking the iPhone maker’s stock by 3%",Yahoo,https://finnhub.io/api/news?id=7aecca6f6a963dd2925b562f0d21835551e4f5df1fa92f69c0216cb23d5a90a3,0.058,0.891,0.051,-0.0772,2025-05-27
2025-05-23 20:08:00,Tim Cook to Donald Trump: You Were Serious About That?,Yahoo,https://finnhub.io/api/news?id=3cc9a969650257c4024f8081abf1594d407e781865fcb348d51c018fb7a500b0,0.035,0.885,0.08,0.4019,2025-05-27
2025-05-23 20:04:50,The problem with Trump's call for Apple to make iPhones in the US,Yahoo,https://finnhub.io/api/news?id=a0cf96ec65169e2b976ed6b1ef3ab5750709da27ad39d1045af28f43f4474692,0.069,0.873,0.058,-0.0202,2025-05-27
2025-05-23 20:01:31,"US Equities Markets End Lower Friday After Trump's EU, Apple Tariff Threats",Yahoo,https://finnhub.io/api/news?id=342e6352682c031a617938fc571bd0c7f072fbbb5ec04f73e071caae1b185e63,0.307,0.693,0.0,-0.8481,2025-05-27
2025-05-23 20:00:55,"Stock market today: Dow, S&P 500, Nasdaq fall as Trump tariff threats roar back, US deficit anxiety deepens",Yahoo,https://finnhub.io/api/news?id=1aca6ae325cbe7c149f057794dd522779bee24709ada35f2f6f65a038023adfd,0.211,0.789,0.0,-0.836,2025-05-27
2025-05-23 19:48:57,Sector Update: Tech Stocks Fall Late Afternoon,Yahoo,https://finnhub.io/api/news?id=2016f291000c11383d871640f42ba1da068fa549c99ac1ae86b656c64f81dc48,0.0,1.0,0.0,0.0,2025-05-27
2025-05-23 19:32:04,"WRAPUP 8-Trump threatens new tariffs on European Union and Apple, reigniting trade fears",Finnhub,https://finnhub.io/api/news?id=d9cd3382aaa49c7859433f14e280cd8cb68539c6c0be3e6b1abc41edb761391b,0.195,0.805,0.0,-0.7906,2025-05-27
2025-05-23 18:20:09,Wall St falls as Trump tariff threats spark market uncertainty,Finnhub,https://finnhub.io/api/news?id=cf00f720a947964f98fee7063193d99a7e1887c121712d2bdde044deda1beda7,0.158,0.802,0.04,-0.6808,2025-05-27
2025-05-23 18:09:57,"You Mess With The Don, You Get The Tariffs",SeekingAlpha,https://finnhub.io/api/news?id=e98dbe04f89de71e39d8cb1c514edd11e30225bc4b4bebb0358766aefe6ca961,0.149,0.793,0.058,-0.5994,2025-05-27
2025-05-23 17:51:00,The Stock Market Had a Bad Week. It’s Your Fault.,MarketWatch,https://finnhub.io/api/news?id=d51e20d41b4cba18329458a8cdfea3f5b83958f48ca54398d806bcb2982c597d,0.437,0.563,0.0,-0.9081,2025-05-27
2025-05-23 17:44:37,Tech Declines as Trump Singles Out Apple - Tech Roundup,Finnhub,https://finnhub.io/api/news?id=1acb1ff75acb646c5c43f0909999e19aed76419e97b6f943e0b070223f5e1dcf,0.108,0.797,0.095,-0.1531,2025-05-27
2025-05-23 17:41:11,"Trump threatens new tariffs on European Union, Apple",Finnhub,https://finnhub.io/api/news?id=9b726602fe2865ec8584ac927022ebd4e2e69f5b63869df9f5ce9144a89b957f,0.113,0.789,0.097,-0.2023,2025-05-27
2025-05-23 17:35:05,"Dollar, stocks fall as Trump targets Europe and Apple in tariff threats",Finnhub,https://finnhub.io/api/news?id=b3f2beae76f18a26ac6fb9bcbee9f72d478ee4766231a7d9cbdb9a7d4a5f8af4,0.125,0.826,0.049,-0.5267,2025-05-27
2025-05-23 17:01:04,EU urges respect not threats as Trump pushes for 50% tariff,Finnhub,https://finnhub.io/api/news?id=1efca9dbe66be0a76de89e2a42d24a7d9e0754738e7c23c62330120a0b91d64d,0.0,0.763,0.237,0.8709,2025-05-27
2025-05-23 16:36:04,TSX's weekly winning streak ends as investors consolidate recent gains,Finnhub,https://finnhub.io/api/news?id=bb5ef15a6fac50e68cec6b02118d4fa9e12662301959e25a491680cd45b74f2e,0.138,0.742,0.12,-0.431,2025-05-27
2025-05-23 16:29:21,"WRAPUP 7-Trump threatens new tariffs on European Union, Apple, reigniting trade fears",Finnhub,https://finnhub.io/api/news?id=b4442db5ce385039802abfda0fca4ac090bc03db9395f64e5c50f69ccb91df67,0.25,0.75,0.0,-0.7906,2025-05-27
2025-05-23 16:29:10,Latam FX benefits from weak dollar after Trump's fresh tariff threat,Finnhub,https://finnhub.io/api/news?id=b72547d69564482ea44d7df5b36c610f1adef4552b6a525c6b3a7ddb19d9789d,0.186,0.656,0.158,-0.34,2025-05-27
2025-05-23 15:55:05,Apple Negotiating Badly: D.A. Davidson's Gil Luria,Finnhub,https://finnhub.io/api/news?id=e692b26cfc787ed3d00b23a774d057211fe154e2e8728fa360451bf3d07ab18a,0.075,0.925,0.0,-0.4767,2025-05-23
2025-05-23 15:51:00,"Salesforce, Apple share losses contribute to Dow's 261-point drop",MarketWatch,https://finnhub.io/api/news?id=622111e6fa95bf25dd23a4e4d013e45f062aee6f2c4d0a126b158f3d59328c45,0.369,0.462,0.169,-0.6369,2025-05-23
2025-05-23 15:45:11,"'Little, little screws' one of many hurdles to US-made iPhones",Finnhub,https://finnhub.io/api/news?id=f841175cddf5852d2496ca9ab5525432684176594091e1b280afa15ad92d06ef,0.036,0.895,0.07,0.0954,2025-05-23
2025-05-23 15:42:40,Trump Warns 25% Tariffs for Imported Samsung Products,Finnhub,https://finnhub.io/api/news?id=f56bc93ffede70a53c3524dca586c49cbf764f791858f55d13656e9f0cf2d2ad,0.04,0.96,0.0,-0.1027,2025-05-23
2025-05-23 15:39:10,"Dollar, stocks slip as Trump targets Europe and Apple in tariff threats",Finnhub,https://finnhub.io/api/news?id=6070cf7eeb0fa35e2e2630cdacea4f1ecfa441764ce8206bd4e9bbd904c5db1e,0.125,0.826,0.049,-0.5267,2025-05-23
2025-05-23 15:26:11,Apple's Ecosystem Is Eating Hardware,SeekingAlpha,https://finnhub.io/api/news?id=c2c7ca1713732bf8120328a05c50c06e3b2344157b2caba5cb259f26f623a19b,0.0,1.0,0.0,0.0,2025-05-23
2025-05-23 15:13:04,"WRAPUP 6-Trump threatens new tariffs on European Union, Apple, reigniting trade fears",Finnhub,https://finnhub.io/api/news?id=b8442b645af14690130834c3f6c8ba50b696863c5827ef69074c120e55b356f8,0.286,0.714,0.0,-0.7906,2025-05-23
2025-05-23 15:10:03,Apple Under Fire: The 25% Tariff Threat That Could Break The Stock,SeekingAlpha,https://finnhub.io/api/news?id=5881b7b41ba8adbae6ed2175522339be820bd0d0e56343ba833633e04a7ad4e7,0.197,0.803,0.0,-0.8225,2025-05-23
2025-05-23 14:49:07,Trump threatens 50% tariffs on EU and 25% penalties on smart phones as his trade war intensifies,Finnhub,https://finnhub.io/api/news?id=8930d6d3dd55dd56814ada510695e6cbf4c96f4cceff7293e60b19bd082cfa7d,0.153,0.726,0.121,-0.4588,2025-05-23
2025-05-23 14:41:09,CANADA FX DEBT-Canadian dollar hits 7-month high after upbeat retail sales data,Finnhub,https://finnhub.io/api/news?id=886c80b6845fe2aa75bd26a49c34e1f7b8c081b7743170bc66ba2041dcab1247,0.0,0.943,0.057,0.3182,2025-05-23
2025-05-23 14:36:42,Trump doubles down on E.U. tariff threat and says Apple action will extend to other phone makers,MarketWatch,https://finnhub.io/api/news?id=53637367bad2a5d463a450306294a56b56ac2a05cccf4663faa297f8fe10316a,0.169,0.746,0.085,-0.6597,2025-05-23
2025-05-23 14:32:11,TREASURIES-Yields ease on growth concerns as Trump threatens more tariffs,Finnhub,https://finnhub.io/api/news?id=d9f0516009444414cd973ead3450fdf46e4a18a8dfecdc567cbcebacdf763f5d,0.136,0.731,0.133,-0.0258,2025-05-23
2025-05-23 14:31:07,Trump says his tariffs on Apple will also apply to Samsung,Finnhub,https://finnhub.io/api/news?id=0b418d9bbdfdd84404c0a0886f23190f74b3d84df4663c3f24f952facf00e8f9,0.051,0.949,0.0,-0.296,2025-05-23
2025-05-23 14:11:04,"WRAPUP 5-Trump threatens new tariffs on European Union, Apple, reigniting trade fears",Finnhub,https://finnhub.io/api/news?id=6ff68f4fb41b3033b8fa9427ca48a51b04b85a00ec2493a642b71399498a39d5,0.296,0.704,0.0,-0.7906,2025-05-23
2025-05-23 14:00:06,Apple: The U.S. Darling Bullied By The President,SeekingAlpha,https://finnhub.io/api/news?id=9b891c8a53b35efa65b1ffb1a331d24a68a692a9da6669afbc21680b0fcce6a8,0.111,0.786,0.103,-0.0772,2025-05-23
2025-05-23 13:21:50,"Stocks, Bitcoin Fall On Trump's Tariff Threats, Gold Rallies: What's Driving Markets Friday?",Benzinga,https://finnhub.io/api/news?id=8dc5565986c4878b324d087797a2983672997cbab39b3304fd78e38f06e6a74b,0.26,0.692,0.048,-0.8442,2025-05-23
2025-05-23 13:16:14,APPLE INC : JP Morgan reaffirms its Buy rating,Finnhub,https://finnhub.io/api/news?id=4cfaaef47a366e589e6f99d541959abcf5bc4e7343d270c1474d615ecc1344bb,0.0,0.787,0.213,0.8256,2025-05-23
2025-05-23 12:30:00,Apple Stock Falls After Trump Threatens Tariffs on Foreign-Made iPhones,Yahoo,https://finnhub.io/api/news?id=d462f16a1a3e15e12d454f35a1e924d70ca29d76c7a427d38ea886a996d4c912,0.137,0.809,0.054,-0.5267,2025-05-23
2025-05-23 12:29:59,Trump threatens 25% import tax on Apple unless iPhones are made in US,Yahoo,https://finnhub.io/api/news?id=dfed003eb27e3e38bc048785e3daf61258d2c0adbbf696f821830e9de3b0e0ee,0.2,0.8,0.0,-0.7184,2025-05-23
2025-05-23 12:17:46,"Trump Targets EU, Apple With Tariff Threats: ETFs Could Feel The Heat",Benzinga,https://finnhub.io/api/news?id=38c715cf5dec6de1a5871f9d0b47ad801cbc43f1aa8086d540189df2d84761dd,0.272,0.664,0.064,-0.8934,2025-05-23
2025-05-23 12:17:16,Reaction to Trump's threat of 50% tariffs on EU goods,Finnhub,https://finnhub.io/api/news?id=3c67db8b4ae9ec7e361d774ea25e94d6336d948ad6bd5cc22dfe22326f7a4036,0.17,0.83,0.0,-0.7906,2025-05-23
2025-05-23 12:13:17,Lower prices boost new US home sales; outlook downbeat amid higher mortgages,Finnhub,https://finnhub.io/api/news?id=8ec3281d6aab39340413e7a158bc87df12cb4dc899f4da516ebf4b4e1b9a1a0a,0.134,0.786,0.081,-0.3291,2025-05-23
2025-05-23 12:07:20,EU awaits clarity from Washington on Trump's 50% tariff threat,Finnhub,https://finnhub.io/api/news?id=81731c6f55740af8e012990e14eba5b360ad604792e9d6c983bc5756ed6d03f0,0.071,0.692,0.237,0.7096,2025-05-23
2025-05-23 12:05:08,"Trump renews trade threats, taking aim at European Union, Apple",Finnhub,https://finnhub.io/api/news?id=be87175107d09315a1f8a1a73b266075ef4998c28e51e405ca6b41d71279d999,0.221,0.779,0.0,-0.6597,2025-05-23
2025-05-23 12:02:14,"INSTANT VIEW-Markets fall as Trump recommends 50% tariff on EU, targets Apple",Finnhub,https://finnhub.io/api/news?id=ad4bd32995bacfd0d47bdf978cd14a9a89840bd7d3252b3eaaf1ef2ff96baca1,0.072,0.879,0.049,-0.2263,2025-05-23
2025-05-23 12:02:09,"Stocks down before long weekend, Powell's speech",Finnhub,https://finnhub.io/api/news?id=f43207eec82e0b8d2be1d978d7fb2b12be35c21d3618e7b765b90078e2181a95,0.068,0.876,0.056,-0.128,2025-05-23
2025-05-23 11:50:14,"Wall St falls after Trump threatens steep tariffs on EU, Apple",Finnhub,https://finnhub.io/api/news?id=2e49796d21d046ff6beb99340b182ee066dea8a8d7adc496717ad5c30295efc1,0.139,0.82,0.041,-0.5106,2025-05-23
2025-05-23 11:39:47,Trump threatens 50% tariffs on EU and 25% penalties on Apple as his trade war intensifies,Yahoo,https://finnhub.io/api/news?id=067374e453b4d9254689f1687f7d133e5048d1726d9900d2e66c99c2d0c6425c,0.096,0.843,0.06,-0.7506,2025-05-23
2025-05-23 11:30:36,Did You Think It Was Over? New Tariffs Are Coming (And Maybe Another Crash),SeekingAlpha,https://finnhub.io/api/news?id=f1ef1371ef8e466f6524132b00d4abdaa60cb3cde51557106abeba4c01ef328d,0.172,0.828,0.0,-0.4019,2025-05-23
2025-05-23 11:29:45,"Trump re-escalates trade threats, aiming at Apple, European Union",Yahoo,https://finnhub.io/api/news?id=d52107dce49dc2cc2debc70cd65b03ef277f5f83bf615e70725d2a2b8af7337e,0.108,0.814,0.078,0.0516,2025-05-23
2025-05-23 11:26:19,Emory Healthcare reveals full Apple product integration at Hillandale Hospital,Yahoo,https://finnhub.io/api/news?id=deff707f293c4c3f72f3c76e6524b3aae513b952cd20306910c0430399c36539,0.0,0.896,0.104,0.4404,2025-05-23
2025-05-23 11:23:00,The Stock Market Ran Out of Juice. What Could Outweigh the Worries Dragging It Down.,MarketWatch,https://finnhub.io/api/news?id=a8977e3c142b35550c98c30e6ecd0d0c5a401c3b1d370685558b83e25128ea7f,0.167,0.833,0.0,-0.6808,2025-05-23
2025-05-23 11:22:00,"These Stocks Are Moving the Most Today: Apple, Tesla, Intuit, Oklo, Deckers, Workday, Ross Stores, Booz Allen, and More",MarketWatch,https://finnhub.io/api/news?id=5a6aae78b35a5374fa8eec0c67ae1c5f47c9ac4969864e5453ed1735c42fe66b,0.0,1.0,0.0,0.0,2025-05-23
2025-05-23 11:21:07,Apple has had few incentives in the past to start making iPhones in US,Finnhub,https://finnhub.io/api/news?id=8416e73adac720ae53a10948d20de2bd3cdf518deabbb3138f909747c142aff4,0.106,0.801,0.093,-0.1779,2025-05-23
2025-05-23 11:14:00,"Trump Threatens Fresh Tariffs on EU, iPhones",DowJones,https://finnhub.io/api/news?id=8218fe77132909398c7a9c4c1e4bb4f5bb4dfce95a0f9dcb4453751b44cd6051,0.263,0.505,0.232,-0.1531,2025-05-23
2025-05-23 11:07:10,Cathay Pacific enables Apple's Find My Share Item Location to make locating lost baggage easier than ever,Finnhub,https://finnhub.io/api/news?id=fd3b0b1c93b89d4e1398be6f3339be2005b2de25f947fb67a9b283e45d608abf,0.069,0.641,0.289,0.9081,2025-05-23
2025-05-23 11:06:15,Bessent says Trump tariff threat may light a fire under EU in trade talks,Finnhub,https://finnhub.io/api/news?id=dfd0be6b51c314aa792977c85d3fed446b9073aed778f7d5d9b52eebcf3fc1cd,0.117,0.789,0.093,-0.296,2025-05-23
2025-05-23 10:59:21,Latam stocks drop as Trump unleashes fresh tariff threats,Finnhub,https://finnhub.io/api/news?id=141731d27c75da06cceebe5fa4e707c98dd59e3dea28f895a6068c1c53ea2713,0.155,0.692,0.153,-0.0258,2025-05-23
2025-05-23 10:49:21,"Stock Market Today: Dow Jones Tumbles On Trump Tariff Threat; Apple Targeted For Levies, Extends Losses (Live Coverage)",DowJones,https://finnhub.io/api/news?id=5ce4d277f1b199950ed537ef51883301525228765524d98473797866aa65f4af,0.27,0.664,0.066,-0.8807,2025-05-23
2025-05-23 10:47:04,"Trump's renewed trade threats take aim at European Union, Apple",Finnhub,https://finnhub.io/api/news?id=99f8246aa631c46f5d7acc599fe3dd7ef6ee6308213c842f5df996203d8d61df,0.156,0.844,0.0,-0.7506,2025-05-23
2025-05-23 10:46:00,"Dow's 262-point drop led by losses in shares of Apple, Nike",MarketWatch,https://finnhub.io/api/news?id=c1040b88ec6524b04df97eef83dc1d9fda8c5504fdd2329c539ea78e79c7f90c,0.32,0.533,0.147,-0.6369,2025-05-23
2025-05-23 10:38:07,"Trump's latest tariff threats knock Wall Street, European stocks and Apple lower",Finnhub,https://finnhub.io/api/news?id=5a7985ee326eda586578f8f37df205272c3eb1af2289347f17a153da7b1f4d01,0.176,0.824,0.0,-0.8225,2025-05-23
2025-05-23 10:29:00,"Trump Threatens 50% Tariff on the EU, Stoking Fresh Trade Tensions",MarketWatch,https://finnhub.io/api/news?id=e3d2ef14afbe92e193d145ce146770fc135dcce791dadb87ad978479b85c9643,0.34,0.513,0.147,-0.7184,2025-05-23
2025-05-23 10:23:00,"Trump Threatens EU With 50% Tariffs, Takes Aim at Apple; Dow Drops -- WSJ",MarketWatch,https://finnhub.io/api/news?id=628b6eb2d025f9a96e75b7954a95348ec836e5390689b27d52b7180d8148db40,0.167,0.833,0.0,-0.6369,2025-05-23
2025-05-23 10:21:19,"25% Tariffs on Apple If iPhones Not US-Made, Trump Says",Finnhub,https://finnhub.io/api/news?id=6cd8df3102cd847616f2119699ab9660b37fe04a6a66a0195af109c06801af88,0.075,0.925,0.0,-0.4588,2025-05-23
2025-05-23 10:08:28,"Wall St slumps about 1% after Trump threatens EU, Apple with fresh tariffs",Finnhub,https://finnhub.io/api/news?id=9fb849c7486d22a34f7d6ab3b899319c4e59534fb2010499e97d00f412d182fe,0.097,0.818,0.086,-0.0772,2025-05-23
2025-05-23 10:02:30,Dow Jones Tumbles 300 Points On Trump Tariff Comments; Apple Sells Off,DowJones,https://finnhub.io/api/news?id=8682845d498623556e5e328117c4478401298826065fa48ba474184442b582af,0.0,1.0,0.0,0.0,2025-05-23
2025-05-23 09:57:03,Big Tech ETF slumps as Apple falls after Trump says company faces potential tariff,MarketWatch,https://finnhub.io/api/news?id=3b70371ab1ae0a81229c42459b68d46a358205830060e1c2bd3f5f333e064fea,0.0,1.0,0.0,0.0,2025-05-23
2025-05-23 09:56:00,Nvidia Stock Slumps. Tariffs Make Everyone Forget Earnings Are Coming Next Week.,MarketWatch,https://finnhub.io/api/news?id=86a3eea7f782d99acdb699c1582e79cb514b3761865205c268e23ab44685cc28,0.147,0.853,0.0,-0.4215,2025-05-23
2025-05-23 09:54:00,Tesla Stock Drops as Trump Tariff Threats Take Focus Off Magical Thinking,MarketWatch,https://finnhub.io/api/news?id=af5bf337f89a907019204550807abd294de564de37da5b8c6547741f8e332958,0.203,0.797,0.0,-0.6808,2025-05-23
2025-05-23 09:48:08,"Wall Street, European stocks and Apple fall following Trump's latest tariff threats",Finnhub,https://finnhub.io/api/news?id=d20a7777fd36a80410f4073a3d7768a3f309e6125e81965ed7feb0d8d3926065,0.119,0.881,0.0,-0.7351,2025-05-23
2025-05-23 09:47:24,"German minister: Trump tariffs help nobody, EU will continue talks",Finnhub,https://finnhub.io/api/news?id=7631e3c43b07fa3fb7a8478c55fe79be75825e4515f8abcfb108f72fb7823ce1,0.076,0.804,0.121,0.25,2025-05-23
2025-05-23 09:45:05,"Trump re-escalates trade threats, takes aim at European Union, Apple",Finnhub,https://finnhub.io/api/news?id=161a6be58ed17cff63fac3af26083919eae19c399b3932f87a9ff7af60f6e526,0.231,0.769,0.0,-0.6597,2025-05-23
2025-05-23 09:45:00,"Apple, Nike share losses contribute to Dow's 385-point drop",MarketWatch,https://finnhub.io/api/news?id=65cb4001637fd6e61b0b752c7a3fc95b12deb33c83d1fac0cd975a56ab3a912e,0.369,0.462,0.169,-0.6369,2025-05-23
2025-05-30 15:02:00,4 Dividend-Paying Dow Jones Growth Stocks to Buy in June and Hold for Decades,Yahoo,https://finnhub.io/api/news?id=a6a0e1c5c7d6d606cb8a3a2c9c0e11d3ca0c1a2d42b65ddffdf2accf6971618b,0.047,0.813,0.141,0.7391,2025-05-30
2025-05-30 14:41:09,Apple Sees Small Rebound in China Shipments,Yahoo,https://finnhub.io/api/news?id=8167eff64d15ae32bebca821ffa71f27ddf035d4e66c0d88979b97c12adbfc1a,0.0,1.0,0.0,0.0,2025-05-30
2025-05-30 13:29:36,How The Fed And Uncertainty Can Push The S&P 500 Into A Correction,SeekingAlpha,https://finnhub.io/api/news?id=ce699c6f78f540dd5d3dc5165ee13812bdcaf6fca434f1f1aaebeaa3f1176720,0.105,0.771,0.124,0.2003,2025-05-30
2025-05-30 12:39:32,Latest News In Cloud AI - AI Market Transformation Drives Growth and Innovation,Yahoo,https://finnhub.io/api/news?id=0f32ce7557ce7c6ed56e737401b379b311affd28e02276a0208b52137816ec05,0.0,0.775,0.225,0.9601,2025-05-30
2025-05-30 11:30:13,Mag 7 valuations before & after Nvidia earnings: Chart of the Day,Yahoo,https://finnhub.io/api/news?id=55a97fcc92abbdff92fb8db236afd2b9892fb4a8c492308218984379604b73c6,0.0,0.908,0.092,0.7693,2025-05-30
2025-05-30 10:50:23,FEPI Vs. QDTE: Both Funds Offer A Unique Value Proposition,SeekingAlpha,https://finnhub.io/api/news?id=a53e9b0689da4a27714ddad72dc8f14bdff81ff0334429f74adb995aa432b559,0.0,0.789,0.211,0.34,2025-05-30
2025-05-30 10:13:46,Foreign-branded mobile phone sales in China edge up in April,Yahoo,https://finnhub.io/api/news?id=74e3059cfd82ca8142a9855e31a3bfe0dad255f7ae2cf937bccbbd235629fa9d,0.0,0.963,0.037,0.4215,2025-05-30
2025-05-30 07:50:00,Nvidia Stock Slips. It Just Hasn’t Been Able to Catch Microsoft.,MarketWatch,https://finnhub.io/api/news?id=ee1635bceba646ed6207eafb1c3b71da196f92ed16b024eb3c0642408a3aa15a,0.0,1.0,0.0,0.0,2025-05-30
2025-05-30 09:52:00,"NVIDIA Corp., Nike share losses contribute to Dow's 100-point fall",MarketWatch,https://finnhub.io/api/news?id=4dc7b57b96e0d874b7e0fb2e4dcf96f9ca971af52d61c94a0bef4ff98d943553,0.209,0.62,0.171,-0.25,2025-05-30
2025-05-30 09:16:15,"Top 10 Trending Stocks On WallStreetBets As Of May 30, 2025 (Via Swaggy Stocks)",Benzinga,https://finnhub.io/api/news?id=8345ac1db0a463bae18f52857c6605af31a7f93bd3e089c112e582f21cca0859,0.0,0.899,0.101,0.2023,2025-05-30
2025-05-30 09:15:53,Smartphone Sales Growth Hit by Tariff ‘Whirlwind of Uncertainty’,Yahoo,https://finnhub.io/api/news?id=2c2cd77c4357fbd0eda400c4ffc809241bc3ebe040e1a01be184b7cf2ec096e7,0.021,0.846,0.133,0.8402,2025-05-30
2025-05-30 09:00:00,"Elon Musk Thinks Tesla Will Be the World's Most Valuable Company, but This Huge Problem Could Send Its Stock Plunging by 70% Instead",Yahoo,https://finnhub.io/api/news?id=7ef96eac3940784a9d3476fc0a2893bd3513e812cbc360fc0b5ac4ae0d0e4ca6,0.034,0.759,0.207,0.9518,2025-05-30
2025-05-30 08:16:00,Here’s what’s worth streaming in June 2025 as ‘The Bear’ and ‘Squid Game’ return,MarketWatch,https://finnhub.io/api/news?id=fdf4a8ec24d63f09445d9f1b8e1b38794904dd002ceddea1baf335a51ec40b85,0.0,0.872,0.128,0.4215,2025-05-30
2025-05-30 08:00:00,Apple: Double-Down When The Market Gets Silly,SeekingAlpha,https://finnhub.io/api/news?id=41811e2fd73c54d46e61dbfdaa670fe34ea4ee7a1b7efd4f466e10073719487d,0.0,0.874,0.126,0.5346,2025-05-30
2025-05-30 06:31:40,"Apple Plans OS Rebrand, Its Biggest Ever",Finnhub,https://finnhub.io/api/news?id=160583479cf2f8bd571fc64c4531c12bf9c191c8a10ba90b7de6afcbe7a3ed9a,0.0,1.0,0.0,0.0,2025-05-30
2025-05-30 06:24:14,Stocks head for best month since 2023 ahead of inflation data,Finnhub,https://finnhub.io/api/news?id=97bf065afc2a239ab8ca30314f10cb605038f87024d0d3a607e0e30ea9b25f55,0.0,0.83,0.17,0.8555,2025-05-30
2025-05-30 05:30:03,Apple (AAPL) Rated Hold by Loop Capital Amid Tariff and iPhone 17 Buzz,Yahoo,https://finnhub.io/api/news?id=6e342a4c13f26711a6abfee2a21eac3aebaf11ff5e458f0f9450bd3a30603fe8,0.0,1.0,0.0,0.0,2025-05-30
2025-05-30 05:24:12,China's April shipments of foreign-branded mobile phones up 0.8% from prior year,Finnhub,https://finnhub.io/api/news?id=680d4d797eeaf096927694f379dbb00cca4695abf3e65e8901ac30178a69cec2,0.0,1.0,0.0,0.0,2025-05-30
2025-05-30 04:03:05,Texas passes law requiring age verification in App Stores,Finnhub,https://finnhub.io/api/news?id=2cbf448c97f78ba4a3acd9991ec84c718b3fd7edf874d67d39ee496eecf0bcae,0.0,1.0,0.0,0.0,2025-05-30
2025-05-30 03:45:00,Generation PMCA Q1 2025 Quarterly,SeekingAlpha,https://finnhub.io/api/news?id=28b28406674f5856cf17cb4c7a35e9390050aa3d0116aff9aafed85fc3e824d1,0.0,1.0,0.0,0.0,2025-05-30
2025-05-30 00:45:34,Taiwan Says US Trade-Deal Push Still On Despite Court Ruling,Yahoo,https://finnhub.io/api/news?id=a5f1c0eb82c5b469d00f2fc54ba6586fd1b6d02b77b60fbec9e1f03351c34030,0.091,0.793,0.116,0.3612,2025-05-30
2025-05-29 20:53:50,Tracking Ray Dalio's Bridgewater Associates 13F Portfolio - Q1 2025 Update,SeekingAlpha,https://finnhub.io/api/news?id=065e3ec67a0a852f8de27f888c48bbc88870b963b8035abf2eaab07f900ec8b7,0.0,0.947,0.053,0.2023,2025-05-30
2025-05-29 20:43:51,"Appeals Court Rescues Trump Tariffs On China, Apple And The World; S&P 500 Rises",Yahoo,https://finnhub.io/api/news?id=1030127512d946bef6b56b9cbb15aeac9532952400ba0a20cf053ff67e5c82a2,0.012,0.92,0.068,0.6369,2025-05-30
2025-05-29 20:22:34,Jim Cramer on Apple Inc. (AAPL): “They’ll Have the Best AI”,Yahoo,https://finnhub.io/api/news?id=40c1f263e0a0073b3fdd36ff267b2373a4c8e3aa96a13e88e46a3a9efa732872,0.0,0.898,0.102,0.8126,2025-05-30
2025-05-29 19:39:29,Apple's App Store Billings Triple to $406 Billion in Five Years,Yahoo,https://finnhub.io/api/news?id=988cfa95af3780706e2e60b2e8b8692a09d7439562f312befee72fdc8c50f01b,0.0,1.0,0.0,0.0,2025-05-30
2025-05-29 19:34:23,Apple Dips as IDC Cuts Smartphone Forecast,Yahoo,https://finnhub.io/api/news?id=7db35531baf235765eb332be7f1e758f43e0c3090e0654186be34c4859d546d8,0.092,0.798,0.109,0.1027,2025-05-30
2025-05-29 19:24:48,"iPhone Shipments Still Set to Grow Despite Tariffs, Research Firm Says",Yahoo,https://finnhub.io/api/news?id=d339f77afc7aaeeee512d09d0d0a688c8bcde7165fc4f05f720da9df92fb77bd,0.015,0.834,0.151,0.9382,2025-05-30
2025-05-29 19:15:22,UBS Reiterates Neutral on Apple (AAPL) as Tariff Talk Sparks iPhone Buying Surge,Yahoo,https://finnhub.io/api/news?id=33c661f7b89e58a371d9341b1890072c4a65666d1204b22fa3970ebe879eeade,0.0,1.0,0.0,0.0,2025-05-30
2025-05-29 18:21:25,Evercore Unfazed: $205 Target Reaffirmed Despite GOOG Underperformance,Yahoo,https://finnhub.io/api/news?id=e657c045d8576a66ee136217913afe4e55e140a9bb800a719cf3616952ddfb55,0.0,0.934,0.066,0.5267,2025-05-30
2025-05-29 18:16:57,"Wedbush: Apple Inc. (NASDAQ:AAPL) Could Face US Pressure, But India Key to Avoiding $3,500 iPhones",Yahoo,https://finnhub.io/api/news?id=bafc29174e6dd725186a76e7ec1500acdcac52516e3363b3207053f89b86e4da,0.061,0.881,0.058,0.1901,2025-05-30
2025-05-29 17:30:18,Google To Launch Direct Sales and Physical Stores in India,Yahoo,https://finnhub.io/api/news?id=858df80789d2c5a893d458a5196d45ce57b42bf2028951eb86571277a46a2850,0.0,1.0,0.0,0.0,2025-05-30
2025-05-29 17:29:32,ETB: Hard To Recommend This Fund In A Bull Market,SeekingAlpha,https://finnhub.io/api/news?id=121a4a7ceefcf5b447ce8776868b781fc1849549fc91025f965b9f5d2f05ac0c,0.037,0.749,0.214,0.765,2025-05-30
2025-05-29 17:21:49,"UBS Maintains Neutral Rating on Apple (AAPL), Keeps $210 PT",Yahoo,https://finnhub.io/api/news?id=e221fd5cddfb7b48849783774373dd2aacb4e5a1235aec2b3fa04a07ad2253cc,0.073,0.882,0.045,-0.2453,2025-05-30
2025-05-29 16:47:00,Nvidia’s Most Impressive Feat Yet? How the Chip Maker Overcame a China Ban.,MarketWatch,https://finnhub.io/api/news?id=98d513464937b903791eae8079abdf9533d9c91eeb6a4087c8b07958ec7055ca,0.206,0.599,0.196,-0.0961,2025-05-30
2025-05-29 16:45:00,Berkshire Hathaway Stock Is Slipping. The ‘Buffett Premium’ Is Leaking Out.,MarketWatch,https://finnhub.io/api/news?id=ef21a730f326fb8407ba178a97a15b3614c573abe6ea3412615001e69bff418c,0.0,1.0,0.0,0.0,2025-05-30
2025-05-29 16:32:07,"'Why Pay $1,800 Instead Of $300?' Kevin O'Leary Breaks Down The Real Reason Apple Fans Keep Buying — And How You Can Copy It",Yahoo,https://finnhub.io/api/news?id=31d5e84ac27cb1b4ebffe1a21def362834f0e1d14f4b216bba3b171349df1958,0.059,0.906,0.035,-0.3527,2025-05-30
2025-05-29 16:29:00,Marvell Earnings Are Solid but Not Enough for Wall Street,MarketWatch,https://finnhub.io/api/news?id=a0e00f6a0514ff0a215fc04cd495b29b3d108b82824302a638dc8dcd830ea1f3,0.0,0.849,0.151,0.296,2025-05-30
2025-05-29 15:59:15,Big Tech stocks pare gains as uncertainty looms over Trump tariffs,Yahoo,https://finnhub.io/api/news?id=87af30d0ec2d131bd9658b5a77d4b8b8d9fff9a70b754eaada4261c99b9f3b51,0.096,0.789,0.115,0.2023,2025-05-29
2025-05-29 15:57:00,Madison Covered Call & Equity Income Fund Q1 2025 Investment Strategy Letter,SeekingAlpha,https://finnhub.io/api/news?id=43556fe92240db93ab787bdcbe7e2b77cce16437a7b5e0a509579ccef446c731,0.054,0.946,0.0,-0.3182,2025-05-29
2025-05-29 15:49:45,Nvidia Briefly Reclaims Title of World's Most Valuable Company on Solid Earnings,Yahoo,https://finnhub.io/api/news?id=56b8ccf90160992dc82d25c1c19d43c12fd08ef4570a0ccc79b90056e3615999,0.0,0.727,0.273,0.9097,2025-05-29
2025-05-29 15:39:56,"3 High Beta ETFs To Consider As Wall Street Welcomes Court Ruling On Tariffs, Tech Rebound",Benzinga,https://finnhub.io/api/news?id=a7c38b4e46f12e5598b3353681a857835028bbc676a3b5586b9cf3ed30d04735,0.108,0.694,0.199,0.5859,2025-05-29
2025-05-29 13:40:09,Microsoft Shares Go From Laggard to Leader as AI Growth Improves,Yahoo,https://finnhub.io/api/news?id=55c963ae97ba5c189d6faf9d132e63fbc07e789a7a858dd57b97b78309bdaada,0.02,0.828,0.152,0.8957,2025-05-29
2025-05-29 12:50:51,"Court Slashes Trump Tariffs On China, Apple And The World — For Now; S&P 500 Futures Climb",Yahoo,https://finnhub.io/api/news?id=1018e5dbd5a4818e916dd9ca48016fe5541a55ae9e4150e7485b7550625476f4,0.068,0.932,0.0,-0.2263,2025-05-29
2025-05-29 12:30:00,2 Underrated Artificial Intelligence (AI) Stocks to Buy and Hold,Yahoo,https://finnhub.io/api/news?id=b560b429e8557fe9654be6ab0032c2f42cc9daee1a13d664864261c12d596eab,0.0,0.658,0.342,0.9674,2025-05-29
2025-05-29 12:15:20,"Trump's tariff tally: $34 billion and counting, global companies say",Finnhub,https://finnhub.io/api/news?id=6fc8da1c3b3737212f0398e8144dda149cd22e201ca2706849831a1e1e54ce14,0.072,0.841,0.087,0.128,2025-05-29
2025-05-29 12:14:19,Apple is falling behind its Magnificent 7 rivals. Should it just be the Mag 6?,Yahoo,https://finnhub.io/api/news?id=aa893f254949d2bf8a85bdc76e57377ed2109e27c47219ed7a509ac41bb14c84,0.208,0.755,0.036,-0.8914,2025-05-29
2025-05-29 11:49:02,3 Reasons I'm Buying Nvidia After Earnings And So Should You,SeekingAlpha,https://finnhub.io/api/news?id=498c90884b3c637e4576ee3cebb1cfdfb9c350dd05b870837cbd70744115ea70,0.0,0.879,0.121,0.5267,2025-05-29
2025-05-29 11:30:00,"You Mess With The Don, You (Might) Get The Tariffs",SeekingAlpha,https://finnhub.io/api/news?id=9ace3e38c048e38b93b1d6256e44e16053c1394e3e2a1b86f3ec57318ad668ad,0.063,0.729,0.209,0.7003,2025-05-29
2025-05-29 10:38:59,Big Tech ETF climbs as Nvidia’s rally tops all other stocks in the Dow,MarketWatch,https://finnhub.io/api/news?id=38207a284aa6f0a50ccd3d517875911580d515818655d68db11bf717bf7e1b2f,0.0,0.798,0.202,0.765,2025-05-29
2025-05-29 09:56:00,"These Stocks Are Moving the Most Today: Nvidia, Apple, HP Inc., Tesla, C3.ai, e.l.f. Beauty, SentinelOne, and More",MarketWatch,https://finnhub.io/api/news?id=3e69984e91183302b4fe63587a578bd100b2f593e50b8652ece25cf45a079b8b,0.0,0.817,0.183,0.8225,2025-05-29
2025-05-29 09:23:00,Why Wall Street downgrades of Apple stock are about to pile up,MarketWatch,https://finnhub.io/api/news?id=af31c2c89deb3dd9e4fce57603179dc99739e6d33d25d99a74a10a11b703aca5,0.0,1.0,0.0,0.0,2025-05-29
2025-05-29 09:15:00,"Apple's Perfect Storm: Tariffs, China, AI, And Innovation",SeekingAlpha,https://finnhub.io/api/news?id=f16833edf6233a2909bf18ee2e94ce9cf3d95e50eb4c60db0d2693119012fb48,0.069,0.594,0.337,0.7964,2025-05-29
2025-05-29 09:15:00,Nvidia Q1 Results Show The Chinks In Their Armor,SeekingAlpha,https://finnhub.io/api/news?id=145638dc080a0a87d9753f6e5eb58e3b18ec6228b17bedb5f2ade76cfcfbd271,0.041,0.781,0.177,0.6379,2025-05-29
2025-05-29 09:01:32,IDC cuts global smartphone shipments forecast on tariff volatility,Finnhub,https://finnhub.io/api/news?id=b12ba96a524f2bbe59bc7a7a7b8ae9287b2930db7a2caf056f4041770f700940,0.166,0.767,0.066,-0.4404,2025-05-29
2025-05-29 08:48:00,The Mag 7 Aren’t Clones. How to Decide What to Buy Now.,MarketWatch,https://finnhub.io/api/news?id=e5eaed5811b2aca31bbd99cb44d80b4011e47130656b713d7dd9ddc4ce81f07a,0.0,1.0,0.0,0.0,2025-05-29
2025-05-29 07:06:00,"The Top Holding for CalPERS, America's Largest Public Pension Fund, Is the Closest Thing You'll Find to a Guaranteed Investment on Wall Street",Yahoo,https://finnhub.io/api/news?id=ccf3fc80433e53ed2be8e63c0070166a79fc7192d8daeb5689c62dbd4e6d7d62,0.0,0.926,0.074,0.4141,2025-05-29
2025-05-29 07:05:00,An Emerging Black Swan That Could Crush High Yield And Tech Stocks,SeekingAlpha,https://finnhub.io/api/news?id=6a2031dd8a440e1563eaa0b2fc2f77d13cdce004c6631810a6956e8019422b8d,0.197,0.766,0.037,-0.8074,2025-05-29
2025-05-29 06:16:00,TCW Relative Value Large Cap Fund Q1 2025 Commentary,SeekingAlpha,https://finnhub.io/api/news?id=5c468935eeed3302bc71bba57bfa5156ce86a0236039f8631a3606ccf4ffbbaa,0.0,0.769,0.231,0.34,2025-05-29
2025-05-29 05:39:58,Google begins direct online sales of Pixel phones in India,Yahoo,https://finnhub.io/api/news?id=8ceb3e129fad06a0223548fcfb12b8b02d944253bafe0275d4d754543824eb68,0.0,1.0,0.0,0.0,2025-05-29
2025-05-29 04:58:11,US Tightens China Chip Curbs by Targeting Design Software,Yahoo,https://finnhub.io/api/news?id=6213406053409163a57137a303ea0ae6eac0a171b2a78e9a37e58b80f97b7bea,0.049,0.885,0.066,0.128,2025-05-29
2025-05-29 02:00:00,This Investment Strategy Has Worked for 15 Years. It’s Time for a Shift.,MarketWatch,https://finnhub.io/api/news?id=ea893d2864e37bf793ec3b0bdda78924d18be722d42f2eb4ececc3999b9d24de,0.0,1.0,0.0,0.0,2025-05-29
