publishedDate,title,source,url,neg,neu,pos,compound,trading_date
2025-04-09 22:31:40,Apple stock surges on tariff pause despite China exclusion,Yahoo,https://finnhub.io/api/news?id=c09fd5cdae9cfc25eb0fa819073ec28cde6915b28d2203fee511eff905c3ffc4,0.041,0.917,0.042,0.2773,2025-04-10
2025-04-09 22:26:49,"Venus Concept, US Steel, Redwire, Apple, And Tesla: Why These 5 Stocks Are On Investors' Radars Today",Benzinga,https://finnhub.io/api/news?id=192e539a764aca32ae840db09877aa938fad6c73e77980ef4bbd93798d5ed2c2,0.0,0.867,0.133,0.6124,2025-04-10
2025-04-09 22:03:00,Analysts rework Apple stock price target amid tariff troubles,Yahoo,https://finnhub.io/api/news?id=3d9b15808f804fca2edc37876c676ee36af948b5f39aaa4f24d69d80a1659bc2,0.142,0.755,0.104,-0.2023,2025-04-10
2025-04-09 21:26:31,Apple soars 15% as Trump reverses on most tariffs,Yahoo,https://finnhub.io/api/news?id=9a847c9d7d032ffc3214d820965ef054afb65ccb77c0abafc99fc18eb15dda00,0.0,0.961,0.039,0.296,2025-04-10
2025-04-09 20:46:00,"Apple Stock Jumps on Tariff News, Hope for Exemption",Yahoo,https://finnhub.io/api/news?id=198d1e8ac2196227490129e049401d5878bb1a54cc45ec0c85619ab739e28881,0.0,0.937,0.063,0.2382,2025-04-10
2025-04-09 20:34:00,"These Stocks Moved the Most Today: Walmart, Apple, Tesla, Delta, Bristol Myers, Nvidia, Ford, and More",Yahoo,https://finnhub.io/api/news?id=e1138bafe793d239afa4116059479c20699906654ce124e06fc49e964f7d8f16,0.0,0.948,0.052,0.296,2025-04-10
2025-04-09 20:31:45,US stocks stage historic rally as Trump's 90-day pause takes worst case scenario 'off the table',Yahoo,https://finnhub.io/api/news?id=9992118b32f4b057af44980a3370f646f96e9678f78b6314770b6c8e41d7757c,0.175,0.825,0.0,-0.7783,2025-04-10
2025-04-09 20:13:39,Apple’s Margins Are Still a Big Risk in Trade War Roller Coaster: Heard on the Street,Yahoo,https://finnhub.io/api/news?id=71770fc8a8d7d697a304ab2bb80b88073cc11d553bffb6ff9baa70a9544f59ac,0.129,0.79,0.081,-0.6444,2025-04-10
2025-04-09 20:12:00,Why Aren't You Buying the Dip in Apple?,Yahoo,https://finnhub.io/api/news?id=8f2c84791a5539a2e7b0bac8a5f758465e0e0330cf456acb159929a8ba7daa18,0.0,0.89,0.11,0.4939,2025-04-10
2025-04-09 19:41:00,Apple’s Next Move? Pushing Back on Trump with iPhone Tariff Surcharges,Yahoo,https://finnhub.io/api/news?id=7d5a843ab7db5cd5bc2dd8f1f5f8eed131a811825409d957f52e8bcf5d861c17,0.055,0.893,0.052,-0.0258,2025-04-10
2025-04-09 19:29:14,The tech world aggressively backed Trump. It couldn't stop his tariffs.,Yahoo,https://finnhub.io/api/news?id=ab4fc22b7222b05c738fee786e1927eefef184cb795d7d24bc1edcecf319668c,0.07,0.836,0.094,0.0372,2025-04-10
2025-04-09 19:18:12,IPhone prices ‘risk doubling’ if production moves to US,Yahoo,https://finnhub.io/api/news?id=4c1dcb783ac85b8d69343b04dd203cc5c56d54465f2b10f122aa5d77df79316c,0.054,0.946,0.0,-0.2732,2025-04-10
2025-04-09 18:46:00,Apple’s stock notched its biggest gain in 27 years. Is the optimism justified?,MarketWatch,https://finnhub.io/api/news?id=8572cf57063694ed59b335f25bf65f2c2d0f3db1007ab85e4425de66790591f5,0.0,0.506,0.494,0.9615,2025-04-10
2025-04-09 18:25:00,How much would it cost Apple to make iPhones in America? Bank of America tried to find out,Yahoo,https://finnhub.io/api/news?id=c9ebb1e791a6181a9bef8eb562bac30eebfc6032e9d0669d9d116176bfbec105,0.087,0.862,0.05,-0.5023,2025-04-10
2025-04-09 18:18:57,Why Shares of Apple Are Skyrocketing After One of Its Worst 4-Day Stretches in 25 Years,Yahoo,https://finnhub.io/api/news?id=9705873716194f192f1cd8260b10c726f0a67ce91b90f1f32bdf994b43710ddc,0.078,0.812,0.11,0.0772,2025-04-10
2025-04-09 18:10:07,"Apple (AAPL) Stock Trades Up, Here Is Why",Yahoo,https://finnhub.io/api/news?id=dd00d987db2dd00063073c986624f342ae22fb873d3dd3d7942dab528aa0c134,0.053,0.835,0.112,0.6369,2025-04-10
2025-04-09 18:00:53,"Apple Shares Climb 15% After Worst Losing Streak, Regains Crown From Microsoft",Yahoo,https://finnhub.io/api/news?id=7269a082f1cfd86375674551feddf04aa332686f332963931c7c3a46cc643a31,0.269,0.643,0.088,-0.6705,2025-04-10
2025-04-09 17:49:38,"Apple CEO Tim Cook is facing the most daunting moment of his career, but the former COO might be uniquely suited to navigate a tariff meltdown",Yahoo,https://finnhub.io/api/news?id=065221e5c090eed73e025dcda6f48ffa4c0ba0c89638dd0e5df1d6613ec7bf4b,0.0,0.885,0.115,0.7351,2025-04-10
2025-04-09 17:43:42,"Apple’s iPhone cost could rise 90% if it’s made in US, BofA says",Yahoo,https://finnhub.io/api/news?id=28fd03fd2e8800fe6b0509291f7a07e533b68cb74e87b9a277a06ee5b8e8f58a,0.0,0.943,0.057,0.6956,2025-04-10
2025-04-09 17:41:39,Nike’s 30-Year Gamble on Vietnam Is Rattled by Trump Tariffs,Yahoo,https://finnhub.io/api/news?id=adb986c022004ef31a5f57eec615d070b1e63eb97fcd3be2447cc9ad3a553189,0.064,0.859,0.077,0.0516,2025-04-10
2025-04-09 16:46:00,"Dow Jones Futures: Stocks Surge On Trump Tariff Rollback; Tesla, Nvidia Spike, Palantir Eyes Entry",DowJones,https://finnhub.io/api/news?id=3e2d5acc63ffefed93b32f85ec64335fe77c7fabf03dbd726a35e909b1b68cd8,0.0,1.0,0.0,0.0,2025-04-10
2025-04-09 15:41:00,Apple’s Next Move? Pushing Back on Trump with iPhone Tariff Surcharges.,MarketWatch,https://finnhub.io/api/news?id=6242fe64a07b649c149eda21830c77294aae8cd4ec74fb388c18f8d5005566c4,0.0,1.0,0.0,0.0,2025-04-09
2025-04-09 15:05:11,"Magnificent 7 Stocks Jump on Tariff Pause, Though China Threat Remains",Finnhub,https://finnhub.io/api/news?id=78fd35cfcf0fc082c45ea7d632c0815b67fc63c3f535621717ff7e41a6d5e6bc,0.067,0.731,0.202,0.7783,2025-04-09
2025-04-09 15:01:10,Can iPhones be manufactured in the US? Trump's suggestion and reality,Finnhub,https://finnhub.io/api/news?id=d37630c3e2e551dde077b93d988c3d89476c00fd19efa5bcd0ffacc2307b033b,0.0,0.944,0.056,0.25,2025-04-09
2025-04-09 14:40:19,Nvidia: Tariffs Have Strengthened My Conviction (Rating Upgrade To Strong Buy),SeekingAlpha,https://finnhub.io/api/news?id=9db7ce7cfe2567e6192bb0a020716013dd5bd8e45beb6008ded52159168b04bc,0.0,0.84,0.16,0.7269,2025-04-09
2025-04-09 14:20:54,Trump Trade: U.S. President threatens additional tariffs on China of 50%,Yahoo,https://finnhub.io/api/news?id=052aaad895f8b4d2c9cec78e90d84e518d3f3e07fc20c02b2d9fb614d3555be0,0.087,0.839,0.074,-0.4946,2025-04-09
2025-04-09 13:59:33,"The Simple, Brutal Math Behind Apple's Selloff - Heard on the Street",Yahoo,https://finnhub.io/api/news?id=03b2c72436e6a73578000f9f9ec8f5d228d8554a1049dd75c911fea25f5eb0e8,0.175,0.75,0.075,-0.8074,2025-04-09
2025-04-09 13:59:00,"NVIDIA Corp., Boeing share gains lead Dow's nearly 2450-point surge",MarketWatch,https://finnhub.io/api/news?id=e58b84b1aa7d6aa73706ec4ef3469b56d3a8a2ca08ebb2c939e31e238bf45545,0.0,0.635,0.365,0.802,2025-04-09
2025-04-09 13:46:09,"Shares of companies in the broader technology sector are trading higher after President Trump issued a 90-day pause on reciprocal tariffs for all countries except China, which is restoring investor confidence.",Benzinga,https://finnhub.io/api/news?id=717c67fc405cdef28315b413851ad718a10f5199b54fb048bb6529f1696da953,0.0,0.784,0.216,0.7717,2025-04-09
2025-04-09 13:40:04,iPhone Prices Could Soar as Tariff Standoff Threatens Apple's China-Heavy Supply Chain,Yahoo,https://finnhub.io/api/news?id=c3837eaa80c85b807c26cf91ccaf5aa42aec912408ed7a31843aad99745e061e,0.153,0.847,0.0,-0.5719,2025-04-09
2025-04-09 13:39:06,"Stocks to Watch Wednesday: Apple, Alibaba, Novo Nordisk",Yahoo,https://finnhub.io/api/news?id=79a024bb119a27e5f5bbb495cefb7d00987a661c1b95ac3e157272fd2c89de8b,0.0,0.855,0.145,0.7778,2025-04-09
2025-04-09 13:33:12,Apple (AAPL) Upgraded by Investment Bank to Hold,Yahoo,https://finnhub.io/api/news?id=d2b995652bf2f4e2097279ca53c481af36d56110ee59d1f20fd7d7d3c54364ab,0.088,0.892,0.02,-0.6808,2025-04-09
2025-04-09 13:30:20,Jim Cramer Warns: Apple (AAPL) Must Bring Production Home or Risk Missing Its Numbers,Yahoo,https://finnhub.io/api/news?id=08fb81471047e07ad209a76dfbbbde1c80f3df1d31b589209a5fdff603ad3579,0.124,0.876,0.0,-0.7351,2025-04-09
2025-04-09 13:19:16,Trump tariffs should be reworked but not withdrawn: Veteran economist,Yahoo,https://finnhub.io/api/news?id=2eba6e3a2efc97f752166684996ffb38f3ade96774e8bd7ba7dad82f172b6124,0.0,0.839,0.161,0.5927,2025-04-09
2025-04-09 13:11:31,Short Sellers Mint $159 Billion Profit in 6 Days as Stocks Sink,Yahoo,https://finnhub.io/api/news?id=8ab5ee105ac9796511f87513d0b736e27af48dad5e77be88472c36a32ad993b0,0.037,0.856,0.107,0.7425,2025-04-09
2025-04-09 13:10:43,Apple Slashes TV+ Subscription Price in Limited Promotion as Shares Fall on Tariff News,Yahoo,https://finnhub.io/api/news?id=efd79f9e7a961e37f55ea4edeea807f6dca924a71d7b5c77889fdf850505bc62,0.12,0.809,0.071,-0.128,2025-04-09
2025-04-09 12:58:00,"Apple, Walmart share gains lead Dow's 325-point jump",MarketWatch,https://finnhub.io/api/news?id=03eb637b8c5be11f9baec3c0b9d7f5ea41132066aef6a63c370e9646a381dccd,0.0,0.566,0.434,0.802,2025-04-09
2025-04-09 12:50:33,"Apple Risk-Reward Skews Positive After Valuation Drop, Bank of America Says",Yahoo,https://finnhub.io/api/news?id=3662e5308efa8e78cc2343dd2537307650c6509472c6708fc1d8cd7c3a080335,0.062,0.762,0.176,0.5994,2025-04-09
2025-04-09 12:50:00,Apple Stock Catches an Upgrade. It Isn’t a Buy Now.,Yahoo,https://finnhub.io/api/news?id=2cf33e8c25859cb89c9e2368e207fc1f71c23afc123e613c5d64823813ac6e73,0.056,0.885,0.059,0.0258,2025-04-09
2025-04-09 12:42:36,"Microsoft Reclaims Top Spot, Surpassing Apple After iPhone Maker's 23% Drop",Yahoo,https://finnhub.io/api/news?id=155dbe84899366ceb765523b1b780a4bc44acaefc8878479ca71363dafb221d2,0.089,0.759,0.152,0.128,2025-04-09
2025-04-09 12:35:52,"Apple Shares Fall as Trump Pushes U.S.-Made iPhones, Tariff Pressures Mount",Yahoo,https://finnhub.io/api/news?id=cf04d2b9c560daf1b90ecb4aba863ec917f719d60c0ec260f8757e06baea171f,0.075,0.852,0.072,-0.0258,2025-04-09
2025-04-09 12:30:00,Mar Vista Global Quality Strategy Q1 2025 Commentary,SeekingAlpha,https://finnhub.io/api/news?id=fbb523c3836e7da2fa57bbb4595fa54050d26e89b6228e38809696f9e07dcbef,0.0,1.0,0.0,0.0,2025-04-09
2025-04-09 12:28:57,Trump's economy still hasn't shaken the faith of teens,Yahoo,https://finnhub.io/api/news?id=d3c6d447bd9fb03a1f550a29e180c07f7fb473e4abc70dc2ad50e9001cb4d720,0.077,0.796,0.127,0.1255,2025-04-09
2025-04-09 12:28:57,Trump economy still has one key believer: Teens,Yahoo,https://finnhub.io/api/news?id=b155e2400d032873f8e91ec3c6c96a9b29284292652dc59bca9c588423074f65,0.0,0.906,0.094,0.3818,2025-04-09
2025-04-09 12:19:32,JGRW: A New Growth ETF With Relative Low Volatility,SeekingAlpha,https://finnhub.io/api/news?id=cd2419709116a14ef6cf3a7dccea1f00d7bb7d8c025a6919f0f041afbdb02816,0.054,0.795,0.151,0.5859,2025-04-09
2025-04-09 12:09:21,Tech Stocks Rebound As US Treasuries Tumble: What's Driving Markets Wednesday?,Benzinga,https://finnhub.io/api/news?id=539bfffee80036aa39105ffbccd4e8658aea10f90aca79fdefe46bc0c52f6a73,0.072,0.878,0.051,-0.2023,2025-04-09
2025-04-09 12:00:26,Trump Tariffs Spark 'Demand Destruction' Concern For Electronics,DowJones,https://finnhub.io/api/news?id=4c6e63cb56b450927115a24841f66313ca7502d436a5b7dd02de92a236c1eaa7,0.43,0.413,0.157,-0.765,2025-04-09
2025-04-09 11:54:16,5 Things to Know Before the Stock Market Opens,Yahoo,https://finnhub.io/api/news?id=a31baa77af86bea780277bfcebc5b446da2145467e5d86315c2f60a773c9cf3e,0.0,1.0,0.0,0.0,2025-04-09
2025-04-09 11:45:18,PC Shipments Grew Fastest in Four Years to Avoid Tariffs,Yahoo,https://finnhub.io/api/news?id=7af326e6dfd75e22dc0bacd4d4599570d12cad9aacedcc5cdbda35a4771617af,0.024,0.95,0.025,0.0258,2025-04-09
2025-04-09 11:27:00,Buffett Erred in Buying Big Stake in Occidental. Will Berkshire Boost Its Share?,MarketWatch,https://finnhub.io/api/news?id=ad600160b381e9b41b9f012684520713c07fbaf801c8b9b9328c665218b27f09,0.0,0.684,0.316,0.8466,2025-04-09
2025-04-09 11:20:02,Apple Is Falling Far From The Tree: Downgrading To Sell Until Further Notice,SeekingAlpha,https://finnhub.io/api/news?id=28b16321b3fa20b65e335f5c2853b18a82333041b1ae17817e927f0ca87c8e60,0.248,0.752,0.0,-0.8977,2025-04-09
2025-04-09 11:07:00,Apple Supplier Luxshare to Maintain Vietnam Production Hub to Support U.S. Market,Yahoo,https://finnhub.io/api/news?id=0606ae282d026366f54c024b572371b57a324055f505312cb365c3b86c5c69bc,0.0,0.943,0.057,0.4019,2025-04-09
2025-04-09 11:05:00,Trump’s trade war has taken a $700 billion bite out of Apple as people wake up to the reality of how expensive an iPhone will be under the new tariffs,Yahoo,https://finnhub.io/api/news?id=9cc84793d63dc222c833b157e3ee9911f8334f9de4398e0f69381bfe1e6bc456,0.081,0.873,0.046,-0.4019,2025-04-09
2025-04-09 11:03:02,Apple Stock Is The First Place To Look For A Bounce,SeekingAlpha,https://finnhub.io/api/news?id=6c920a1ca94f8e4b0e8e3eb7975d49fa54f5d26b99ae8fb6fece35650fa5a891,0.0,1.0,0.0,0.0,2025-04-09
2025-04-09 11:00:25,"Musk, Zuckerberg and Bezos have lost $80 billion of net worth since Trump’s ‘Liberation Day’",Yahoo,https://finnhub.io/api/news?id=3480f030aaf8bde1688e32fb7577f7db4a4459e61eb693c5b54d1e6be6d435f1,0.064,0.884,0.052,-0.1027,2025-04-09
2025-04-09 10:59:08,"Stock Market Today: Dow Jones Soars 2,000 Points On Word Of Tariff Pause; Nvidia, Tesla Jump As Trump Stock Soars (Live Coverage)",DowJones,https://finnhub.io/api/news?id=3ca38b4faa9a2028d1ec80500a3169fe315981b5c0c7f33ee6d4c3b0af95e586,0.0,1.0,0.0,0.0,2025-04-09
2025-04-09 10:47:13,Will the Trump tariffs cause gadget prices to rise?,Yahoo,https://finnhub.io/api/news?id=3fb960043adb90069f1da42357c79aa8378c0245a44b379ad040afe2bfa14d45,0.09,0.812,0.098,0.0516,2025-04-09
2025-04-09 10:45:00,Mar Vista U.S. Quality Premier Strategy Q1 2025 Commentary,SeekingAlpha,https://finnhub.io/api/news?id=5d1db2072218b3c756c5f54e504f1e2464d1f3287819271d6c4ab907ca089d76,0.0,1.0,0.0,0.0,2025-04-09
2025-04-09 10:00:00,Mar Vista U.S. Quality Q1 2025 Commentary,SeekingAlpha,https://finnhub.io/api/news?id=b402e3eb56d62b2c08f6e8b6787df9601c844b1dc0d698ca3b0f64f247e58a17,0.0,1.0,0.0,0.0,2025-04-09
2025-04-09 09:59:13,A diminished ‘Magnificent 7’ tests Big Tech’s role in the market: Morning Brief,Yahoo,https://finnhub.io/api/news?id=0dabadbb9516a390770604ac1733650b9e1d8540e5b01e4352701f761274334b,0.06,0.914,0.026,-0.34,2025-04-09
2025-04-09 09:50:00,"These Stocks Are Moving the Most Today: Walmart, Pfizer, Apple, Tesla, Delta, Peabody Energy, Nvidia, Ford, and More",MarketWatch,https://finnhub.io/api/news?id=94607a5e4439c6970c94078ebb32a977bf0c847faa5958925d5f73c8fe070b2f,0.0,0.89,0.11,0.4939,2025-04-09
2025-04-09 09:32:54,"Trending tickers: Apple, Advanced Micro Devices, Ford, BP and AstraZeneca",Yahoo,https://finnhub.io/api/news?id=f174994d7958409ccee096f5e5aaf036aa2689f11dbee534b7e88de9da1c2f76,0.0,0.909,0.091,0.25,2025-04-09
2025-04-09 09:30:00,An American-Made iPhone: Just Expensive or Completely Impossible?,Yahoo,https://finnhub.io/api/news?id=2a27b59fa13c6ec1713ee43e27899d78aaf7877fc89f9d32a9eabc9c415aa58b,0.0,1.0,0.0,0.0,2025-04-09
2025-04-09 09:21:31,"Dow Jones Futures Pare Losses On U.S.-China Trade War; Apple, Nvidia, Tesla Rally",DowJones,https://finnhub.io/api/news?id=c439379b764e892458794f07941ad6801f918839a72603371ccb5bd2d1be6ce8,0.375,0.625,0.0,-0.9217,2025-04-09
2025-04-09 09:21:00,"These Stocks Are Moving the Most Today: Apple, Microsoft, Tesla, Peabody Energy, Nvidia, Cal-Maine, and Delta",Yahoo,https://finnhub.io/api/news?id=6b57b74d00a8d358bec5111cd9192bd00f0dceb9718b3d0042b2aacec8b3dc8f,0.0,0.781,0.219,0.9342,2025-04-09
2025-04-09 09:18:54,"Top 10 Trending Stocks On WallStreetBets As Of April 9, 2025 (Via Swaggy Stocks)",Benzinga,https://finnhub.io/api/news?id=489be2289852084e5e531c242bd734ce5ebfc42a0c8435e60a40259c23bea4d2,0.0,0.899,0.101,0.2023,2025-04-09
2025-04-09 09:00:00,"Apple: You Wanted It Cheaper, Now You Got It",SeekingAlpha,https://finnhub.io/api/news?id=c448a5c0e0b168cc17d2be0d36f26de879e779a8017600e78d25e7761a4580fe,0.0,1.0,0.0,0.0,2025-04-09
2025-04-09 08:40:33,"Foxconn Eyes Nissan, Mitsubishi In Japan EV Push To Counter China's Growing Auto Threat",Benzinga,https://finnhub.io/api/news?id=061868cf934f2d7190ca4e3ba6818ec6aa2f8c90fb8ca48dd95f1c615e23376b,0.083,0.876,0.041,-0.4019,2025-04-09
2025-04-09 08:23:26,"Dow Jones Futures Tumble; Sweeping Trump Tariffs Begin, China Retaliates",DowJones,https://finnhub.io/api/news?id=5b4e2a3017a99318f16127fccbb89d4734bd054b0d3b7c72cdee6b21c68d6aaa,0.0,1.0,0.0,0.0,2025-04-09
2025-04-09 08:17:01,"Berkshire Hathaway: Buffett Was Right, Again",SeekingAlpha,https://finnhub.io/api/news?id=3f6dd2d355e2d9a4cdb103e6bcd1578dac7e711319e1bba4e19861c6fc6c0eac,0.0,1.0,0.0,0.0,2025-04-09
2025-04-09 08:10:42,This Apple Analyst Is No Longer Bearish; Here Are Top 5 Upgrades For Wednesday,Benzinga,https://finnhub.io/api/news?id=c2e9597cd9c84d12a80a77fdaa0dfff48a667aad23bc865e5c4fccd6d3533fac,0.138,0.75,0.113,-0.1027,2025-04-09
2025-04-09 08:00:00,Client Update February 2025: A New Year,SeekingAlpha,https://finnhub.io/api/news?id=2add1af658e317edd3d9a3b8b82d84eafd6af57d4ceb89f5e3cea879a3c3492a,0.0,1.0,0.0,0.0,2025-04-09
2025-04-09 06:46:25,Wall Street Breakfast Podcast: Easter Spending To Hop To $23.6B Despite Uncertainty,SeekingAlpha,https://finnhub.io/api/news?id=25806df4760050d75402b5728b82968a84c21d6d2cb755a9fad8905ebafbf29c,0.0,0.844,0.156,0.2584,2025-04-09
2025-04-09 06:36:39,"iPhone could triple in price to $3,500 if they’re made in the US",Yahoo,https://finnhub.io/api/news?id=090005a9a2aad65d1a64b38924ffc4f50e4dd6cc33d0487a3dec6d533b1bdda9,0.0,1.0,0.0,0.0,2025-04-09
2025-04-09 05:55:00,ClearBridge Appreciation Strategy Q1 2025 Commentary,SeekingAlpha,https://finnhub.io/api/news?id=083f158d4301c89c95f0620eb374801f3c24c5ea5191a271a05948cd419529b0,0.0,0.784,0.216,0.765,2025-04-09
2025-04-09 05:53:59,"US Stocks Futures Trade Mixed Ahead Of Opening Bell: 'Preserve Capital In Conditions Of High Uncertainty,' Says Expert",Benzinga,https://finnhub.io/api/news?id=18f85ab94f0bc696dd06f8137fb9905bb5e1e821ce5c54fe207787a4036ba398,0.057,0.885,0.057,0.0,2025-04-09
2025-04-09 05:40:00,ClearBridge Global Growth Strategy Q1 2025 Commentary,SeekingAlpha,https://finnhub.io/api/news?id=7d34102d44b898665644c314af3136e5c6d933ec19214224955ab36b39f01452,0.0,0.698,0.302,0.3818,2025-04-09
2025-04-09 05:29:42,Exclusive-Apple supplier Luxshare weighs manufacturing in U.S. to tackle tariffs,Finnhub,https://finnhub.io/api/news?id=a29672c7f6ae69850d405ce957dd20231488a7782a0ddb6e5edea3e834a1f63c,0.0,0.935,0.065,0.4215,2025-04-09
2025-04-09 04:01:12,Apple: Beware The Lollapalooza Effect,SeekingAlpha,https://finnhub.io/api/news?id=30ce9ca9057b8c72d2e5c4ccc099dca454cfcca8107b4225bdfe0b740eec0734,0.0,0.902,0.098,0.3818,2025-04-09
2025-04-09 03:48:02,"Dow Dips Over 300 Points As US-China Trade Tensions Escalate: Apple, Tesla, Nvidia, Amazon Decline, Greed Index Remains In 'Extreme Fear' Zone",Benzinga,https://finnhub.io/api/news?id=b1333595cfad4d5a45b8f973c79a6b24c94280f153083d6d9d75bb403fbd1660,0.17,0.668,0.162,-0.3384,2025-04-09
2025-04-09 00:07:26,"Dow Jones Futures Tumble, Yields Surge As Sweeping Trump Tariffs Begin",DowJones,https://finnhub.io/api/news?id=93baf4d890fad89bcb6b2fc0b432d311330142cf9114b3effa81da2fb0569c03,0.0,1.0,0.0,0.0,2025-04-09
2025-04-08 21:44:43,Apple Loses Title of World's Most Valuable Company as China Tariffs Loom,Yahoo,https://finnhub.io/api/news?id=a8a1b999925d3ad5c3f0af1cc8d042d46f1410196a970274260c37a5a7fb260e,0.127,0.741,0.132,0.3151,2025-04-09
2025-04-08 21:41:53,Trump's 104% Tariff On Chinese Imports Sends Stock Futures Plunging — Dow Falls Over 500 Points,Benzinga,https://finnhub.io/api/news?id=233897815c2f4ee3b4384ee8825786da1f7c8f54fa2c668190e0a1254b0bbfc9,0.032,0.878,0.091,0.5209,2025-04-09
2025-04-08 21:32:00,"Cellphones, clothes, TVs, toys: This is all the stuff the U.S. buys from China",MarketWatch,https://finnhub.io/api/news?id=186b64aa9ba25a52cfca60dd0c16ca8776c01763facfdf9b255f9b64ab96e87c,0.0,1.0,0.0,0.0,2025-04-09
2025-04-08 21:07:15,Video: What Tariffs Will Do to Your iPhone,Yahoo,https://finnhub.io/api/news?id=622a221041039b20908bbdbd0f50e2b022b9056c88180e74d7c2323864be6a36,0.032,0.968,0.0,-0.128,2025-04-09
2025-04-08 20:59:01,Apple Cedes Most-Valuable Crown After Tariff Pain Hits Stock Price,Yahoo,https://finnhub.io/api/news?id=48e908180e7595028f18d3f090ae87856365fd600951b762a59fc7a56e536205,0.106,0.787,0.107,0.024,2025-04-09
2025-04-08 20:39:08,Apple Stock Falls After Getting Two Negative Reports,Yahoo,https://finnhub.io/api/news?id=5d379599d57ac28b9541b739874b08f681df2fa5b10452a54ba8ac93c309f695,0.269,0.667,0.064,-0.8271,2025-04-09
2025-04-08 20:32:00,"These Stocks Moved the Most Today: Apple, Nvidia, Broadcom, Humana, CVS, Tesla, Super Micro, Marvell, and More",Yahoo,https://finnhub.io/api/news?id=cb7640f64282c4b3271792b9933ac44de69e0e071461958b8d33d86822ad4780,0.0,0.861,0.139,0.8126,2025-04-09
2025-04-08 20:18:25,"Wedbush Cuts Apple, Tesla Targets as Tariff Pressure Mounts",Yahoo,https://finnhub.io/api/news?id=e800655e18e4a3b3202579f6ece8c26cc3158c636e4993c203e6317c33f6071a,0.265,0.735,0.0,-0.6705,2025-04-09
2025-04-08 12:21:49,US Stock Futures Soar as Dip Buyers Emerge After Selloff,Yahoo,https://finnhub.io/api/news?id=a66a1986818f3d5f198e3584c44db07c2283d141c1809a84b27a842f05ca9363,0.034,0.914,0.052,0.4019,2025-04-08
2025-04-08 19:54:00,Why We Don’t Have a Made-in-America iPhone,Yahoo,https://finnhub.io/api/news?id=5ce99c516d3dce017bf5bae759d8b3ac4d4a3e8e5dbd2e6d4b27dfdf417fb03c,0.033,0.967,0.0,-0.128,2025-04-09
2025-04-08 19:37:01,Apple Exported More Than $17 Billion of iPhones From India Last Year,Yahoo,https://finnhub.io/api/news?id=4b18f50ab8b0944f3165c4a7c562fe885b225c45abe4453f21464e6483c64b5e,0.0,0.972,0.028,0.4019,2025-04-09
2025-04-08 19:19:11,"Apple's Post-Earnings Slide May Offer Strong Entry Point, Analyst Notes",Yahoo,https://finnhub.io/api/news?id=42be9a634a53f1ed0a8187193fca108ed14600e1f1eb51c9b8e5fdeafe40a7ad,0.0,0.891,0.109,0.5106,2025-04-09
2025-04-08 19:13:58,"Pullback in Apple shares creates buying opportunity, says BofA",Yahoo,https://finnhub.io/api/news?id=89b8754908c855e2a25348c31337986237b2d7f51d935578828617a7f39d33f1,0.044,0.683,0.273,0.8866,2025-04-09
2025-04-08 19:05:34,iPhone Buyers Rush Apple Stores Amid Tariff Fears and Supply Chain Shifts,Yahoo,https://finnhub.io/api/news?id=d9749e8a28a88b9e6bb372deee38cf9e4bf9aa94a0e27dfa6993b23a1b2aeca0,0.277,0.723,0.0,-0.8481,2025-04-09
2025-04-08 19:03:00,"Tesla, Amazon, and Apple forfeit gains after fleeting Magnificent 7 stock rally",Yahoo,https://finnhub.io/api/news?id=dc7fb610b864a4838ec319cd46bb5ce70456bc93d3ba1dcdda2c306b4bd11c37,0.0,0.841,0.159,0.8555,2025-04-09
2025-04-08 18:55:00,"These Stocks Are Moving the Most Today: Apple, Nvidia, Broadcom, Humana, CVS, Tesla, Super Micro, Marvell, and More",Yahoo,https://finnhub.io/api/news?id=867fb6d8cf0c3891fa153b8427ded9b6037b04480ee6598142ed7fb4623674c3,0.0,0.863,0.137,0.8126,2025-04-09
2025-04-08 18:52:39,Why BofA Says Apple’s Recent Tariff-Fueled Slump Could Be an Opportunity To Buy,Yahoo,https://finnhub.io/api/news?id=0b917d568248c776aa69106f186b7432112f27e8a7569e48cc51384d40adcd46,0.024,0.866,0.11,0.6597,2025-04-09
2025-04-08 18:42:00,Apple Stock Is Dropping. Trump Wants iPhones to Be Built in U.S.,Yahoo,https://finnhub.io/api/news?id=7c629e2b71d31f1791567249958cfa51f2069ab3b162e4bf1b147ef0d0ab9d4b,0.0,1.0,0.0,0.0,2025-04-09
2025-04-08 18:27:35,Apple's Shares Plunged After Tariff Announcement,Yahoo,https://finnhub.io/api/news?id=46777e1fbc48b32384bfd3bca540a5b37931d217b033080d44c2de2113b08f69,0.08,0.796,0.124,0.34,2025-04-09
2025-04-08 18:23:01,Market Chatter: GOP Lawmakers Ask White House to End Data Sharing With UK After Apple Ordered to Create Backdoor,Yahoo,https://finnhub.io/api/news?id=a1c6a6adf2ff8f0f02a8d864f052d2111a8bb32831758ec4b07687c7cf8968e9,0.0,0.752,0.248,0.872,2025-04-09
2025-04-08 18:21:53,Is Apple Inc. (AAPL) the Best Fundamental Stock to Buy According to Billionaires?,Yahoo,https://finnhub.io/api/news?id=ccc72c0d5a01fb553914bc76cf5853b33bd9114bf7fe2053c31509b9127a4517,0.0,0.842,0.158,0.9274,2025-04-09
2025-04-08 18:12:57,Apple stock drops 5% after Trump administration confirms China tariffs to reach 104%,Yahoo,https://finnhub.io/api/news?id=29053386a1dcd0b9ebc13ea9b2e1598e13fbad363cb297c4039c287c0fec5eac,0.0,0.904,0.096,0.3182,2025-04-09
2025-04-08 18:03:34,"Apple Sees Stock Plunge, Store Rush as Tariff Fears Grip U.S. Shoppers",Yahoo,https://finnhub.io/api/news?id=d380128c4db65f452b170864d9815d1db40825b46ca73c163d9ee153ee74e993,0.167,0.754,0.079,-0.4019,2025-04-09
2025-04-08 18:00:00,"Building A $100,000 Dividend Portfolio: Enhancing SCHD With April's Top High-Yield Picks",SeekingAlpha,https://finnhub.io/api/news?id=306a992842aae5d6149230ab59ff4971d480f95ddae7c596fbb018078e5d5dd3,0.0,0.776,0.224,0.8176,2025-04-09
2025-04-08 18:00:00,Apple Stock Suffers Sharp Selloff: Buy the Dip in ETFs?,Yahoo,https://finnhub.io/api/news?id=6046f5a0632018364edab77394d399b95ab4798b895c786b4b5707f94d35bd1a,0.117,0.809,0.074,-0.3094,2025-04-09
2025-04-08 17:59:00,Trump’s team thinks Apple’s iPhones should be made in the USA. Analysts are doubtful.,MarketWatch,https://finnhub.io/api/news?id=e5df509c4d82e5d28e1b518bc5e105480ad787f0fcc9a9d593021edc818e4843,0.156,0.844,0.0,-0.5859,2025-04-09
2025-04-08 16:48:47,Apple: A Contrarian Buy Opportunity (Rating Upgrade),SeekingAlpha,https://finnhub.io/api/news?id=a49a905d6607d9bfeff4e6eed3e30ed4ec1d60996d663286a1672bea38187b93,0.0,0.677,0.323,0.8979,2025-04-09
2025-04-08 16:48:26,"Trump Unleashes 'Beautiful Clean Coal' Policies As Wall Street Tanks, S&P 500 Hits 1-Year Low",Benzinga,https://finnhub.io/api/news?id=3444e921d408062c7ff3901b27b97d618bf78c3f56b9dac7c828d203a619f719,0.115,0.67,0.215,0.6369,2025-04-09
2025-04-08 16:38:27,Stock Market Today: Indexes Negative As Stocks Gyrate; Investors Unsteady As Tariffs Set To Begin (Live Coverage),DowJones,https://finnhub.io/api/news?id=a1710378cc9be6762708778aeac604cfff114dedf46117f0164c3edc8eb21b5a,0.188,0.812,0.0,-0.8126,2025-04-09
2025-04-08 16:27:16,Magnificent Seven Stocks Waver,Yahoo,https://finnhub.io/api/news?id=ea5862e3cbdd4582dd4dcc0462e3189992bcd6cafcf9a2ced8fab173781f02e1,0.031,0.785,0.184,0.9062,2025-04-09
2025-04-08 15:43:00,"Trump’s China tariffs are a ‘Category 5 price storm’ for U.S. consumers, warns analyst Dan Ives",MarketWatch,https://finnhub.io/api/news?id=fb6ebcaaa158b686b7c5c354ff77f1268d4447b28c1f99bfe931376259f62fb2,0.085,0.915,0.0,-0.2023,2025-04-08
2025-04-08 15:40:00,"Stressful Markets, But Lots Of Opportunities In Tech",SeekingAlpha,https://finnhub.io/api/news?id=512f0fac91cd57e8758eade6442e956f95339d69b018c44cf8cc32d1716c9105,0.177,0.708,0.115,-0.2144,2025-04-08
2025-04-08 15:14:45,Shares of companies within the broader tech sector are trading lower amid an overall market reversal on US-China trade tensions.,Benzinga,https://finnhub.io/api/news?id=f3b46e0af442d84f70f51e7140ce6790d294c1deb14802329fb8875a275ef224,0.203,0.705,0.091,-0.4019,2025-04-08
2025-04-08 15:11:00,China Sees Time on Its Side as Nations Rush for Tariff Deals,MarketWatch,https://finnhub.io/api/news?id=043ef30837668fbeeabc3c8db9d5796a9d162b5e7d6422f179894ebd00fe3bda,0.0,1.0,0.0,0.0,2025-04-08
2025-04-08 15:10:00,"Apple, Nike share losses lead Dow's 250-point fall",MarketWatch,https://finnhub.io/api/news?id=30996f3f54b72dfeadbfa0746a0ce9b1581598024b166e79aa129ea9071d3c36,0.248,0.55,0.202,-0.25,2025-04-08
2025-04-08 14:22:15,Apple Sell-Off: A Massive Overreaction To Tariff News,SeekingAlpha,https://finnhub.io/api/news?id=9675168745d5726eceaefdd61b401c43b0ba4083197f4aac2f66e8bbe322f4fb,0.138,0.778,0.084,-0.2023,2025-04-08
2025-04-08 14:16:33,Trump Tariff Strategy Creates 'Self-Inflicted Market Debacle': Analyst,Benzinga,https://finnhub.io/api/news?id=e2740c7300a2dd221ff16f7a7b779177d07838ab5be27563b5c54bddf6a9da5a,0.198,0.744,0.058,-0.6249,2025-04-08
2025-04-08 13:47:00,Wall Street Lunch: Musk's Reported Plea To Reverse Tariffs Falls Flat,SeekingAlpha,https://finnhub.io/api/news?id=adb5e407e4bf4433b86852d9c9eaeca957a37feb3d543e5ad77b317bc8754650,0.0,1.0,0.0,0.0,2025-04-08
2025-04-08 13:04:48,"Marjorie Taylor Greene Buys The Dip: Congresswoman Purchases Shares Of Apple, Amazon, Nike And More Following Tariff-Related Sell-Off",Benzinga,https://finnhub.io/api/news?id=0bce241c4f7e5e6cc6b578954ca847a0c511259fd7381c851d61c358c82705d7,0.0,0.813,0.187,0.4404,2025-04-08
2025-04-08 12:53:00,Buying tech stocks now? Here are the biggest do’s and don’ts.,MarketWatch,https://finnhub.io/api/news?id=64f7c8d8ddc5e2b41c82f5e28a773b1de60106962537dc7195b5a98477ce9617,0.0,1.0,0.0,0.0,2025-04-08
2025-04-08 12:48:00,Netflix Looks Insulated From a Trade War. 4 Reasons Why.,MarketWatch,https://finnhub.io/api/news?id=c5d4a288dbc922c6cf96ff87a7977a7a7c34800b0e82dde21a474fb321a99bab,0.302,0.698,0.0,-0.8316,2025-04-08
2025-04-08 12:22:16,Apple's $500B Power Move,SeekingAlpha,https://finnhub.io/api/news?id=0217356e31c2b5714ddeddbdf8ded27423922f2eeaf0b3b259ab7762ba335432,0.0,0.789,0.211,0.7579,2025-04-08
2025-04-08 12:21:00,"When Apple’s stock is this cheap, big gains often follow, according to BofA",MarketWatch,https://finnhub.io/api/news?id=a3f551a46d12ae76b82421323cd3bdc253979e40cf0dbdd940f2d23c8401526d,0.0,0.833,0.167,0.5859,2025-04-08
2025-04-08 12:12:00,"TSMC May Be Somewhat Tariff-Proof, Says Analyst",MarketWatch,https://finnhub.io/api/news?id=2ac45bf43a2aacbd73a194e2d4dfdd7f0aa6eff0487512b3c3aa5527bb29f2b4,0.0,1.0,0.0,0.0,2025-04-08
2025-04-08 10:37:05,"Marvell Technology, Nvidia, Tesla, Apple And Other Big Stocks Moving Higher On Tuesday",Benzinga,https://finnhub.io/api/news?id=779417e405f76d2bf23c8f74020da7ff87d9a1015c1407a98c61209848b597cf,0.0,1.0,0.0,0.0,2025-04-08
2025-04-08 08:23:22,"Dow Jones Futures Jump 1,200 Points On Trump Tariff News; Apple, Nvidia, Tesla Rally",DowJones,https://finnhub.io/api/news?id=3a89532cde2a828769dc7634a2d873eef772be9c52427a243557d5e532546247,0.0,1.0,0.0,0.0,2025-04-08
2025-04-08 09:30:00,Microsoft: I Was Wrong (Rating Downgrade),SeekingAlpha,https://finnhub.io/api/news?id=0fe640be7e52ac269798cc2e51a7b3366412207e39578b4efcfb9fd1c4c2c5af,0.383,0.617,0.0,-0.4767,2025-04-08
2025-04-08 09:16:00,"Top 10 Trending Stocks On WallStreetBets As Of April 8, 2025 (Via Swaggy Stocks)",Benzinga,https://finnhub.io/api/news?id=811a9a4c7d9d81c70f38f589c5d8467f7e0cce8652ffcfbf6e46e8791ddf6312,0.0,0.899,0.101,0.2023,2025-04-08
2025-04-08 07:31:00,"These Stocks Are Moving the Most Today: Apple, Nvidia, Broadcom, CVS, Humana, Super Micro, Tesla, Marvell, and More",MarketWatch,https://finnhub.io/api/news?id=dc39f0f03a77a5e064d75e5b361395f7cf5ee68b9122e0e53a2da8c827472d0b,0.0,0.813,0.187,0.8316,2025-04-08
2025-04-08 07:15:00,Recession-Proofing Your Portfolio,SeekingAlpha,https://finnhub.io/api/news?id=2ab752356c3f58c4231fd378b6a8bad0c06f7634cd29b3b9df9021a06d80764f,0.0,1.0,0.0,0.0,2025-04-08
2025-04-08 07:00:00,"As DEI Fades at Tech Firms, Women Are Still Uncommon in the Executive Suite",MarketWatch,https://finnhub.io/api/news?id=5403ea82bf57db6b1d2040f06367e51a8a933281578851b2c0811772acbf71db,0.0,1.0,0.0,0.0,2025-04-08
2025-04-08 06:33:31,Trump's 54% China Tariff: A Game-Changer For Apple,SeekingAlpha,https://finnhub.io/api/news?id=080a9e038e745fca0368758e4e9e49f971416d1b7ff524ff178b96ba43650d85,0.064,0.881,0.055,-0.0772,2025-04-08
2025-04-08 05:25:32,"Wall Street Eyes Recovery As S&P 500, Nasdaq Futures Rise After Trump's Tariff-Driven Selloff Wipes Out $9 Trillion In Six Weeks",Benzinga,https://finnhub.io/api/news?id=3c12275a6edf0ef6a84d7337952c026e17a84d4b3d3e4d4dd0491f32cd22e57e,0.0,1.0,0.0,0.0,2025-04-08
2025-04-08 03:08:42,"Dow Falls For 3rd Session Amid Trump's Tariff Threats As Apple, Tesla Decline: Greed Index Remains In 'Extreme Fear' Zone",Benzinga,https://finnhub.io/api/news?id=4eb036814a91e867131a2feefe6bd6002d329794e5b7eda8ba754d0b78c98df5,0.346,0.654,0.0,-0.8399,2025-04-08
2025-04-08 00:08:40,Bear Market History Can Inform Us About What To Do Next,SeekingAlpha,https://finnhub.io/api/news?id=64f1fe8de1cf89a543c9fc5a24e10fff642b5655f801128e5ce78e209cb3bfb7,0.0,0.95,0.05,0.2023,2025-04-08
2025-04-07 21:00:00,More Jittery Than A Pigeon In A Ping-Pong Room,SeekingAlpha,https://finnhub.io/api/news?id=a30ca95a1ccd1c3ff6e0d725bbcaa7ab1169d0143306d6b794cd8a1a70113007,0.124,0.876,0.0,-0.5499,2025-04-08
2025-04-07 19:57:36,Sector Update: Tech Stocks Rise Late Afternoon,Yahoo,https://finnhub.io/api/news?id=51f928d6204a0ad4be0ded48c8e4a42eecd231eced96c9f338e360885f69c4b2,0.0,1.0,0.0,0.0,2025-04-08
2025-04-07 19:42:29,Apple vs. UK: The Explosive Privacy Battle Big Tech Can't Ignore,Yahoo,https://finnhub.io/api/news?id=9799491627b5b07c1c5757ba152646d1b7f8983c9c22dcde9cf1776e8ef2b91b,0.082,0.851,0.067,-0.1255,2025-04-08
2025-04-07 19:34:00,Apple Users Rush to Upgrade iPhones Ahead of Potential Tariffs-Related Price Hikes,DowJones,https://finnhub.io/api/news?id=c9d82640691eb65861229bc216848d7ae18af35dd4c522fbf735113c3da937e9,0.0,1.0,0.0,0.0,2025-04-08
2025-04-07 19:06:00,Jim Cramer on Apple Inc. (AAPL): “It’s Bad. I’m Not Gonna Tell You It’s Good” – China Risk Looms Large,Yahoo,https://finnhub.io/api/news?id=179c0ffdbc8f76c72cdf83106b9f77531a3fdc69d4a137a30b20cf35ede19a7f,0.09,0.91,0.0,-0.7351,2025-04-08
2025-04-07 18:52:26,"Dow Jones Futures: Trump Tariffs Trigger Extreme Stock Market Volatility; Apple, Nvidia, Tesla Are Big Movers",DowJones,https://finnhub.io/api/news?id=39cc56da2a5bbc592ae1f92f8c2019df8de38e2316b293b223764738995872cb,0.0,1.0,0.0,0.0,2025-04-08
2025-04-07 18:36:03,Top Midday Decliners,Yahoo,https://finnhub.io/api/news?id=04e231e0a6c19176fb97267c0827631be43073361fb3c0a63b46dccc48b316f3,0.0,0.804,0.196,0.4404,2025-04-08
2025-04-07 18:12:19,Apple (AAPL) Leans Into U.S. AI Investment with $500B Pledge Amid Tariff Challenges,Yahoo,https://finnhub.io/api/news?id=3d5bcaf20a123352b02d0d4e85942c872bef354ec9cdf0fd6db347c4b85a433d,0.019,0.963,0.019,0.0,2025-04-08
2025-04-07 17:44:49,Update: Apple Challenges UK Government Order on Encrypted Data Access; UK Tribunal Rejects Secrecy Bid,Yahoo,https://finnhub.io/api/news?id=4c15c3e25d5fbd72af2495730569f0a37cc14e976dfb73fef9c3ae0f6f451c04,0.096,0.866,0.039,-0.4404,2025-04-08
2025-04-07 17:35:00,"Apple’s iPhone Could Cost Up to 26% More. PCs and Other Hardware Will Soar, Too.",Yahoo,https://finnhub.io/api/news?id=fc84fb7c09c770ce92a1840938bad52dfdd839b1777580620d4ca357f8ed3665,0.0,1.0,0.0,0.0,2025-04-08
2025-04-07 17:13:42,Secret court rules against Yvette Cooper over Apple encryption,Yahoo,https://finnhub.io/api/news?id=8000e266f4b2dd7812bcbc7ba03ff93fc3baf0faa4ae64d0b40c75e8dbae8623,0.101,0.781,0.118,0.1779,2025-04-08
2025-04-07 17:11:27,Why Shares of Apple Are Getting Hammered Today,Yahoo,https://finnhub.io/api/news?id=91cd8cac129a06dd7e3f44f95354dc2062d19afd95ba8f1f5ccd1bcc948439d9,0.059,0.853,0.088,0.5859,2025-04-08
2025-04-07 17:03:00,Even Google Could Feel the Sting of a Trade War,MarketWatch,https://finnhub.io/api/news?id=f85a8e785036ded8a6965fb454e9566e77c3dc206b3e0f2540b69a5405519411,0.302,0.698,0.0,-0.8316,2025-04-08
2025-04-07 16:45:00,"Apple Takes the Biggest Hit of the ""Magnificent Seven"" in Response to Trump Tariffs",Yahoo,https://finnhub.io/api/news?id=9ab3eaacb3d3e7b8e58e031ce185d941e89c0978b4de0c8e52ba5a17414c8f03,0.104,0.824,0.072,-0.2732,2025-04-08
2025-04-07 16:28:38,"Apple Appeals Back Door Demand, US Intel Chief Warns of Cybersecurity Risks",Yahoo,https://finnhub.io/api/news?id=effee6558c5307f335eacd7b8ff3bcf96d78a8e468a935e433d7655778a6a54c,0.264,0.736,0.0,-0.6808,2025-04-08
2025-04-07 15:51:00,"Dow's 534-point drop led by losses in shares of Apple, Home Depot",MarketWatch,https://finnhub.io/api/news?id=743fc712d25efc65c46bb9a3fa6ac16ded687719ab069aae9126b30b6f7c0482,0.3,0.562,0.138,-0.6369,2025-04-07
2025-04-07 15:41:37,"Top Midday Stories: Tesla, Apple Hit by Tariff Woes, Wedbush Says; Trump Orders New Review of US Steel, Nippon Steel Deal",Yahoo,https://finnhub.io/api/news?id=887161047cdc5226978cdb6738f7d7f997a4123a7530d507eb9a48e32ceac238,0.128,0.827,0.045,-0.5106,2025-04-07
2025-04-07 15:32:29,Analyst Forecasts Tariffs Impact On Apple's Profit And Highlights 2 Software Stocks That Are Safeguards,Benzinga,https://finnhub.io/api/news?id=de048030c1697057962aa33ab5c1ca7ba76133b2f020b45250af579705425f9f,0.0,0.823,0.177,0.743,2025-04-07
2025-04-07 15:05:10,"Trump Tariffs: Will Trump Call A Time-Out As Billionaire Backers, S&P 500 Plead For Mercy?",Yahoo,https://finnhub.io/api/news?id=a89f83513c37aea7617644c1f0ef97d9376c90302a7d7d56354a5800799647b0,0.082,0.765,0.153,0.3612,2025-04-07
2025-04-07 14:50:00,"Apple, Nike share losses contribute to Dow's nearly 300-point fall",MarketWatch,https://finnhub.io/api/news?id=f68f28a69996116141d0d9c92d5cfbe1a9baa0712f88db6e2540b9196260f4f7,0.209,0.62,0.171,-0.25,2025-04-07
2025-04-07 14:50:00,Apple faces a 'complete disaster' as an analyst calls it tech's biggest trade war loser,Yahoo,https://finnhub.io/api/news?id=1a1d40f298bd92520600b2ea97232d927b756491b52b7381fba78beed9421799,0.297,0.703,0.0,-0.9081,2025-04-07
2025-04-07 14:39:11,"PROS, Global-E, SPS Commerce Stand Out As Tariffs Reshape Software Spending Priorities: Analyst",Benzinga,https://finnhub.io/api/news?id=96b3ec67868d323a4f8af78458512023e0a3d9bf39508e0dc89f7ac4183d310c,0.0,1.0,0.0,0.0,2025-04-07
2025-04-07 14:33:40,Ives: Investors With Long-Term Horizons Should Buy Nvidia (NVDA) Stock,Yahoo,https://finnhub.io/api/news?id=e8e8aa1d1601b21ce7c91a04d5f728b96e3fd79eecdb8b03449947f4b0eee171,0.0,0.965,0.035,0.3252,2025-04-07
2025-04-07 14:18:00,Apple Plans to Source More iPhones From India as Potential Tariff Fix,DowJones,https://finnhub.io/api/news?id=2e9b7977ae49f72addf4cc08c544a4a007b5d162cc94c62538384063236acf7d,0.0,1.0,0.0,0.0,2025-04-07
2025-04-07 14:17:22,Tariff storm ravages Magnificent Seven as Apple nears one-year low,Yahoo,https://finnhub.io/api/news?id=b66c5f45662797a5ddb22622a08555b12da997bfd8640fd57100f7deb93711f9,0.126,0.772,0.102,-0.25,2025-04-07
2025-04-07 14:03:05,One chart shows how much optimism has been wiped out of the 'Magnificent 7' because of Trump tariffs,Yahoo,https://finnhub.io/api/news?id=b45cbaca9d2fe7970a5f9f11035a2e0b6947995a97a04be06d12dec6369b6825,0.073,0.612,0.315,0.8648,2025-04-07
2025-04-07 13:53:46,"Stock Market Today: Dow Jones Falls As Trump Raises Stakes In China Trade War; Nvidia, Palantir Outperform As Tesla Skids On This (Live Coverage)",DowJones,https://finnhub.io/api/news?id=530e275fefe6e3fc81d4bab9c4564bae908eae8ef54691a7edc6db942ec9107e,0.145,0.855,0.0,-0.8316,2025-04-07
2025-04-07 13:51:38,"Tesla & Apple price target cuts, Spirit CEO steps down",Yahoo,https://finnhub.io/api/news?id=a79d6d67701786d2ba581522b25c08224b3ffa99d3278f9cb1da5f83938de8c3,0.056,0.901,0.043,-0.1779,2025-04-07
2025-04-07 13:49:00,"Dow down 187 points on losses in Nike, Apple stocks",MarketWatch,https://finnhub.io/api/news?id=6c6c6b6ace86d36865b0db904995c2aaa81f84c5e89cf00812d76186d0a8c885,0.459,0.541,0.0,-0.9274,2025-04-07
2025-04-07 13:48:49,"Stocks to Watch Monday: Tencent, HSBC, Alibaba, TSMC",Yahoo,https://finnhub.io/api/news?id=c8458116fcca9a9641135f99b834febf22f2cdfaf4a166a4e9dbc1634b339df2,0.062,0.892,0.046,-0.1779,2025-04-07
2025-04-07 13:39:20,'Magnificent 7' stocks continue getting hammered as Trump tariffs drag markets lower,Yahoo,https://finnhub.io/api/news?id=a75618165797c0aa97bd3b91179449e4785ad65181c49a8ea8334bd85b285f7a,0.108,0.686,0.206,0.6908,2025-04-07
2025-04-07 13:34:46,Shares of several companies in the technology sector are trading lower as President Trump's announcement of sweeping tariffs continues to rattle global markets and raise uncertainty regarding tech supply chains.,Benzinga,https://finnhub.io/api/news?id=d9f79ff1b8ecef7eedaa9a506e5f16bae9e74bf25400262ecee33b7f43875096,0.136,0.799,0.065,-0.34,2025-04-07
2025-04-07 13:28:08,Apple To $250? Here Are 10 Top Analyst Forecasts For Monday,Benzinga,https://finnhub.io/api/news?id=7c45ce44eaf1a40a9e1b189fcc63cb90c3cdf56d9f7e4d7139bc7b903fbc1874,0.0,0.847,0.153,0.2023,2025-04-07
2025-04-07 12:54:01,'I find it impossible to catch my bearings': Yahoo Finance community reacts to Trump tariff stock market plunge,Yahoo,https://finnhub.io/api/news?id=bc4f3650a1e20e9d8b3adfbdea6f9013b14dd80680c6236e81f64d9f4acb6145,0.128,0.838,0.034,-0.7269,2025-04-07
2025-04-07 12:48:00,"Nike, Apple share losses lead Dow's 975-point fall",MarketWatch,https://finnhub.io/api/news?id=ad3b5dc08e7575da5ddf7a1cc7c2caf745ad124b5393ddd34b31334e2ce9b1e7,0.248,0.55,0.202,-0.25,2025-04-07
2025-04-07 12:24:14,"Tariff Shock: Tesla's Price Target Slashed 40%, Apple Sees Major Cut",Yahoo,https://finnhub.io/api/news?id=f5eba20539584ea33f87a3bf14b06a5b29c0e7c6d9e23fbbe6068be8d6283f49,0.427,0.573,0.0,-0.8464,2025-04-07
2025-04-07 12:20:00,Apple Stock Falls Again. How the Rest of the Mag 7 Are Trading.,Yahoo,https://finnhub.io/api/news?id=1091c03b2d1bbd8311c84e3bb79739d3b1db4c8909459c4efed193e048b270b1,0.183,0.817,0.0,-0.6705,2025-04-07
2025-04-07 12:13:37,Apple Stock Bull Slashes Price Target Over Trump's 'Tariff Armageddon',Yahoo,https://finnhub.io/api/news?id=be678cea4408bccff2affbf7e5d2ba5e30fe9c4a93edc1edeca58a9a6e2d4da9,0.117,0.883,0.0,-0.4019,2025-04-07
2025-04-07 11:50:43,"Apple: 2 Obvious Reasons To Buy, 1 To Sell",SeekingAlpha,https://finnhub.io/api/news?id=e5e833a5a2fb3c5f201a4a84c30dbde09ffb9972480d5af83dd66e662f57a616,0.043,0.957,0.0,-0.128,2025-04-07
2025-04-07 11:47:00,"Nike, Apple share losses contribute to Dow's 575-point fall",MarketWatch,https://finnhub.io/api/news?id=073e8a4d95e6609bb2f7afb910a7ab73f8da041e3e8b00eff574c034c4c498a6,0.227,0.588,0.185,-0.25,2025-04-07
2025-04-07 10:46:00,"Dow's 675-point fall led by losses for Nike, Home Depot shares",MarketWatch,https://finnhub.io/api/news?id=21f7e6db04ac2d0313d5eedcd1de78dd786ff5d88ff8f33f73f9d760c1bf6583,0.194,0.647,0.158,-0.25,2025-04-07
2025-04-07 10:36:48,"Trump Tariffs Pose Major Challenges for Apple, Tesla Amid Cost, Demand Impact, Wedbush Says",Yahoo,https://finnhub.io/api/news?id=2ae6d2ecf7694c55479a5088fc36248ec5d65287c17bd776aa9beba4c0e8d7ca,0.049,0.847,0.104,0.1744,2025-04-07
2025-04-07 10:35:23,S&P 500: Near-Term Bounce Going Into Earnings Season,SeekingAlpha,https://finnhub.io/api/news?id=9b6e4d08bc39d521229d4e41311e51fa4c23a370dc4db5cfaf0d57206e704511,0.062,0.938,0.0,-0.34,2025-04-07
2025-04-07 10:15:45,"Apple's Heavy China Production Exposure Makes Tariffs a 'Complete Disaster,' Wedbush Says",Yahoo,https://finnhub.io/api/news?id=80d9b45d9d8b128a33058526fbedfff01a65d2e82db2a2367889d4535ea8e17f,0.136,0.864,0.0,-0.6249,2025-04-07
2025-04-07 10:10:44,Markets Tumble as Three-Day Selloff Wipes Out $9.5 Trillion,Yahoo,https://finnhub.io/api/news?id=0a44b2cb60357a8e93749af9b3e2bea0d935c27efcf1d0d11c45c090df840ed8,0.077,0.891,0.032,-0.4404,2025-04-07
2025-04-07 09:56:00,Apple Hospitality Warns of Waning Travel Demand,MarketWatch,https://finnhub.io/api/news?id=2dd95f230d2bce35b288ca754b3886e2ded16078058dff8defe2cf881bb2f1cd,0.367,0.633,0.0,-0.4215,2025-04-07
2025-04-07 09:45:00,"Dow's nearly 1600-point fall led by losses for shares of NVIDIA Corp., Caterpillar",MarketWatch,https://finnhub.io/api/news?id=c8d0d7cf8692e0c4303dcd72a03f63680722f45b0b562a2aed5e025b377bba41,0.17,0.692,0.138,-0.25,2025-04-07
2025-04-07 09:35:00,"Apple’s stock is the latest to see a ‘death cross,’ and it won’t be the last",MarketWatch,https://finnhub.io/api/news?id=0ef3af5a6cc7689f86fdc3b9abd092bf0e92874350556612ae42604350af4fa9,0.0,1.0,0.0,0.0,2025-04-07
2025-04-07 09:31:20,"Dow Jones Plunges 1,100 Points On Trump Tariffs; Apple, Nvidia, Tesla Sell Off",DowJones,https://finnhub.io/api/news?id=15f3f8c670201be06629454b29829c9972b85c6f457033624cdf548a2189cfed,0.0,1.0,0.0,0.0,2025-04-07
2025-04-07 08:58:00,"These Stocks Are Moving the Most Today: Apple, Tesla, GM, JPMorgan, Nvidia, MicroStrategy, Alibaba, Lilly, and More",MarketWatch,https://finnhub.io/api/news?id=5caddf1714d7932ad1b275553609a92f4f762868aaa33f2c83c5a47b4664177a,0.0,1.0,0.0,0.0,2025-04-07
2025-04-07 08:28:18,This Market Selloff Was Long Overdue,SeekingAlpha,https://finnhub.io/api/news?id=8c592c354bf420b99cad1e7ee49e22f3bee7ba4228834a1ff53f1a2e6aa3c681,0.063,0.937,0.0,-0.2732,2025-04-07
2025-04-07 08:15:31,"Tesla, Apple, Nvidia And Other Big Stocks Moving Lower In Monday's Pre-Market Session",Benzinga,https://finnhub.io/api/news?id=72128273f2e17220fd23f77281f7dfa14ff5a4ca3e71b1f90ed410719fe2aa8e,0.155,0.845,0.0,-0.296,2025-04-07
2025-04-07 08:12:00,"Dan Ives Calls Import Tariffs ""Armageddon."" Should You Really Buy Tech Stocks Now?",Yahoo,https://finnhub.io/api/news?id=70b47d6513eac14d3c42bcd99b56d76ed069269ef70ca214dfd64a232683ce5f,0.0,0.846,0.154,0.8968,2025-04-07
2025-04-07 08:08:06,"Tesla Bull Slashes Price Target 43%, Citing Trump Tariffs, Elon Musk; Apple PT Sliced 23%",DowJones,https://finnhub.io/api/news?id=60c7acd3f68aecf1d6f10d1398b69548da63be50c5db942f2052c29f22a562c4,0.114,0.886,0.0,-0.3818,2025-04-07
2025-04-07 07:40:22,Apple: Wedbush still a buyer but cuts TP,Finnhub,https://finnhub.io/api/news?id=4d29cb1f147e6f0674332371f2d021976d0397a4cf5b7e46e139ca61f5ff4b7a,0.208,0.735,0.057,-0.8126,2025-04-07
2025-04-07 07:18:12,UK Home Office loses bid to keep Apple legal challenge private,Finnhub,https://finnhub.io/api/news?id=16814a3b3885e247bb8b15250c8162cce3d92f669926e62c172c754d8acd9349,0.1,0.806,0.094,-0.3182,2025-04-07
2025-04-07 07:15:00,S&P 500's Next Stop: Recession,SeekingAlpha,https://finnhub.io/api/news?id=58dae7209892244f36ee7dc48e0bad71e1d7836aa72c2d45847d46ae64c7c0ed,0.179,0.821,0.0,-0.6124,2025-04-07
2025-04-07 07:04:13,Apple Slips After Bull Slashes Price Target Over Tariff Concerns,Finnhub,https://finnhub.io/api/news?id=fb8725bc59c3619b8ec971adaf6bf846a162fa48b251da5f5cf32f2d3f56e2ac,0.228,0.741,0.031,-0.8781,2025-04-07
2025-04-07 06:50:05,Wall Street Breakfast Podcast: Bitcoin Dips Below $75K On Tariff Turmoil,SeekingAlpha,https://finnhub.io/api/news?id=0ece8e268a4e2229f0db2b60a955ae9b442debbf760c5bbbefc8e007775ac615,0.193,0.807,0.0,-0.765,2025-04-07
2025-04-07 06:27:17,"Apple appealing against UK 'back door' order, tribunal confirms",Finnhub,https://finnhub.io/api/news?id=11dad203413b6d41bc29dfbd672ad9007c5071074086fcb6e8ae63553cf138be,0.0,0.945,0.055,0.2732,2025-04-07
2025-04-07 06:22:52,"Apple appealing against UK government's 'back door' order, tribunal confirms",Finnhub,https://finnhub.io/api/news?id=c24b0f4c9c810c433c89f4b004b100d5b67a5dfe824d23187d0b152e35001da2,0.0,0.948,0.052,0.2732,2025-04-07
2025-04-07 06:15:00,ClearBridge Large Cap Growth Strategy Q1 2025 Commentary,SeekingAlpha,https://finnhub.io/api/news?id=80be56a32d96216effee072c15bb219513bdd6dfb22e03ea35104072819c70db,0.0,0.782,0.218,0.7783,2025-04-07
2025-04-07 05:43:39,US Stock Futures Drop Following Massive Tariff-Induced Selloff: Experts Warn Of A Brewing 'Great Depression-Like' Pattern,Benzinga,https://finnhub.io/api/news?id=cf47357eff09006fbf4aa9aee56569c3d9121ea359f47029b89bbe4e47a57877,0.177,0.737,0.086,-0.3182,2025-04-07
2025-04-07 05:40:00,Tesla shares tumble after bullish analyst Dan Ives slashes price target 43%,MarketWatch,https://finnhub.io/api/news?id=6f147802959db0c0d43e5cbbe8c125186b62430770eb3318f6907bb607e4ccb8,0.129,0.714,0.157,0.2023,2025-04-07
2025-04-07 05:04:28,"Dow Nosedives Over 2,200 Points As Apple, Tesla, Nvidia Plummet: Investor Sentiment Dips Further, Greed Index Remains In 'Extreme Fear' Zone",Benzinga,https://finnhub.io/api/news?id=8e4d766b364bc9ac0ea31276b972e4b81d8c5ae9f7242db05f5bbc41ede33027,0.246,0.754,0.0,-0.7346,2025-04-07
2025-04-06 23:08:14,I Buy These 4 Stocks To Weather Trump's Tariffs,SeekingAlpha,https://finnhub.io/api/news?id=179f666887a0f3a98154eaff6add4aadad7f4da76db2049c01bf89d5c4fbd9fa,0.0,1.0,0.0,0.0,2025-04-07
2025-04-06 22:05:00,"Up 17% in 2025, Has Warren Buffett-Led Berkshire Hathaway Run Up Too Far, Too Fast?",Yahoo,https://finnhub.io/api/news?id=6df29398c582e6633b249d1b699da88ccd99fbddb5a4e5b29fc5367f50dcfa9b,0.024,0.913,0.063,0.4767,2025-04-07
2025-04-06 21:42:03,Australia PM Extends Lead in Polls After Trump Tariffs Hit,Yahoo,https://finnhub.io/api/news?id=50a057f13f4ca55de264381ca64a07d6f07c8a0164b0725de36d10b5f10f88de,0.0,0.954,0.046,0.4939,2025-04-07
2025-04-06 20:48:19,Is Apple Inc. (AAPL) the Best Beginner Stock?,Yahoo,https://finnhub.io/api/news?id=c60c6b2b162639137db1f58bc3e13122ced804e3007ae1f6c2d49475f0961f0d,0.049,0.775,0.176,0.8658,2025-04-07
2025-04-06 20:00:00,Soaring Tariffs Have Investors Concerned Kiwi Will Test 2020 Low,Yahoo,https://finnhub.io/api/news?id=9df03ea41bef2cf90815d5500bae42e1b34d3600af43d3dfea0a68b5c24d8207,0.102,0.898,0.0,-0.8074,2025-04-07
2025-04-06 17:19:27,Apple (NasdaqGS:AAPL) Dips 14% In One Week As Trade Tensions Impact Market,Yahoo,https://finnhub.io/api/news?id=9b07b2bb971dd934788a567999ae7a50bce629a3606c3d6a00f7e3a9a506cf54,0.063,0.895,0.042,-0.4215,2025-04-07
2025-04-06 15:01:45,Apple: The Generational Buying Opportunity Is Here,SeekingAlpha,https://finnhub.io/api/news?id=5d9356c548e95b57d9c61e147d40efe3453e19369a8e12f5b7b154720645e9d1,0.0,0.682,0.318,0.4215,2025-04-07
2025-04-06 14:00:00,Think You Know Apple? Here's 1 Lesser-Known Fact You Shouldn't Overlook.,Yahoo,https://finnhub.io/api/news?id=36782b28f7d8b424e9406d9597e92f81cee087042a00a43272661ffe0fb8e7df,0.0,0.943,0.057,0.5256,2025-04-07
2025-04-06 12:30:33,Why Trump tariffs have made it impossible to pick stocks,Yahoo,https://finnhub.io/api/news?id=5b9b2d84df69c8a2d1c6807f3ddd0a29fb354aa1c770613b675505aa3b8b5e3a,0.11,0.818,0.071,-0.2406,2025-04-07
2025-04-06 11:00:00,"Warren Buffett Stands Tall In 2025 As Elon Musk, Jeff Bezos And Mark Zuckerberg Bleed Billions In Net Worth: 'Oracle Of Omaha' Emerges As Lone Gainer Among Top Billionaires Amid Market Rout",Benzinga,https://finnhub.io/api/news?id=837997fff5f44f4be0e76a11a51217791d0717abd2fcec40ddb6e57aaf22671a,0.184,0.681,0.135,-0.6249,2025-04-07
2025-04-06 11:00:00,Apple’s collapse proves cosying up to Trump is no guarantee of safety,Yahoo,https://finnhub.io/api/news?id=6b91344783d658e13f6eb26dab5df8083d7dc63c265c9259de155d33cb61486f,0.146,0.771,0.083,-0.2824,2025-04-07
2025-04-06 10:45:42,"Consumer Tech News (Mar 31-Apr 4): China Plans Retaliation Against Trump's Tariffs Change, Meta To Release $1,000 Version Of Its Smart Glasses & More",Benzinga,https://finnhub.io/api/news?id=8f1afa113f5c0fb58859ddc5affe41f9784dacc7b05e551f70f1a5b55e10c4b7,0.0,0.932,0.068,0.4939,2025-04-07
2025-04-06 10:30:06,5 big analyst AI moves: Chip stocks at risk due to tariffs; ASML downgraded,Yahoo,https://finnhub.io/api/news?id=7134647ac21a387d2643720445981c87498f74b5c15c4ed1f920a0ad0258196d,0.06,0.852,0.088,0.25,2025-04-07
2025-04-06 10:25:00,2 No-Brainer Artificial Intelligence (AI) Stocks Owned by Warren Buffett Right Now,Yahoo,https://finnhub.io/api/news?id=e300fce470a546838a3e2753caf88261c15825caaedc720c09d38448603ecf77,0.04,0.858,0.102,0.7096,2025-04-07
2025-04-06 09:00:00,QQQ: Look Past The Tariff Damage As Investors Aren't Foolish,SeekingAlpha,https://finnhub.io/api/news?id=6f5303330822ac2decac2c50d7ca8b1838be903b301b4ffacc351116acb70cc5,0.246,0.615,0.139,-0.3369,2025-04-07
2025-04-06 08:45:00,The Thin Skull Rule: Trump Tariffs To Blame For Market Crash?,SeekingAlpha,https://finnhub.io/api/news?id=81816a3850e4cdc7c4735fd602f7b5ea266d1812932e11f200ef82bf531c56d3,0.362,0.638,0.0,-0.6249,2025-04-07
2025-04-06 07:05:00,"Billionaire Investor: 'Do Not Catch Falling Knives,' Buy Dividends Instead - Our Picks",SeekingAlpha,https://finnhub.io/api/news?id=1a810025318a4cc84a9295d5fdf03bdbc10b760e3c52ea4f653dd6f4ee4ed88d,0.07,0.817,0.113,0.4299,2025-04-07
2025-04-06 05:42:03,"Stocks could bounce, but big bank earnings hold the cards",Yahoo,https://finnhub.io/api/news?id=a2c30bad978365a5235c0d128a2ebafa15bf01b0511cca2f7c77a661f9dd48cf,0.061,0.939,0.0,-0.2263,2025-04-07
2025-04-06 01:12:53,"Some iPhone Users Upgrade, Fearing Tariff-Induced Price Hike",Yahoo,https://finnhub.io/api/news?id=04e2b098948c8cbbb23c2a02fda7013e18dccdc1c8f883eedecdf96acd3b24d9,0.024,0.942,0.034,-0.0258,2025-04-07
2025-04-05 23:33:21,CII: Looking Like A Tempting Opportunity,SeekingAlpha,https://finnhub.io/api/news?id=461eee98ef8654f33cdee6754f76dd567cd6a3fed5c10d65144aaf0537e95a31,0.0,0.741,0.259,0.8316,2025-04-07
2025-04-05 22:03:00,3 Top Buffett Stocks to Buy and Hold for the Next 20 Years,Yahoo,https://finnhub.io/api/news?id=31a158b9dea50bb90d15f87422cd480464919a65e08375f0b09670dc1b9a720f,0.0,0.786,0.214,0.9287,2025-04-07
2025-04-05 18:30:53,"Apple, Nvidia Among Tech Giants Hit Hard in Stock Market Selloff",Yahoo,https://finnhub.io/api/news?id=cf46961b7613cb704cb9b8cf010d285df24202e5873b8fd9a8013f6bc7ed77f5,0.025,0.901,0.074,0.6901,2025-04-07
2025-04-05 18:15:21,Warren Buffett keeps taking investors to school as stock meltdown reveals the uncanny wisdom of his recent moves,Yahoo,https://finnhub.io/api/news?id=95d3e05c28e8da7bbeec61fbb0c644865d027ad78fb65795e4e30910d90c7d79,0.0,0.851,0.149,0.6997,2025-04-07
2025-04-05 17:28:14,Apple (NasdaqGS:AAPL) Faces 14% Price Drop in a Week as China Tariffs Impact Stock,Yahoo,https://finnhub.io/api/news?id=c24074658ada85bc3ae08c180af31152c0c66807ab68b2296fc498af6cfaf6a1,0.189,0.772,0.039,-0.8957,2025-04-07
2025-04-05 14:00:00,Trump Promised a Manufacturing Boom. Industries Are Not So Sure,Yahoo,https://finnhub.io/api/news?id=49837d3b2117084604b8ed1faee2d21fc8f912ea7e3d30e459dc15f7500fc5c1,0.07,0.889,0.041,-0.3478,2025-04-07
2025-04-05 13:25:00,Warren Buffett-led Berkshire Hathaway Owns $67 Billion of This AI Stock,Yahoo,https://finnhub.io/api/news?id=a652c83114323719b756a71ffc78924739c0c75a0b0f810446682f5e94bcacae,0.054,0.843,0.104,0.5574,2025-04-07
2025-04-05 13:03:02,Nvidia Partner Hon Hai’s Sales Jump 24% on AI Demand,Yahoo,https://finnhub.io/api/news?id=d86046260ded650c023058fbf6387abcf2437414f877fe1846b34f4573ddc410,0.076,0.855,0.069,0.1027,2025-04-07
2025-04-05 10:00:24,'Nowhere to hide.'  How Apple and others in Silicon Valley are bracing for Trump tariffs,Yahoo,https://finnhub.io/api/news?id=34412678d4cc50481e13d112cf1f8904837c6091cc3c17cad1004a55c325eab6,0.082,0.821,0.097,-0.0982,2025-04-07
2025-04-05 09:59:24,"The Weekend: When Trump hit reset on global trade, sending markets into a tailspin",Yahoo,https://finnhub.io/api/news?id=a6f384ae6cba2bc332a12fa3c527685fe0d8e734db7f2808acdd9ddbb6f68e8a,0.0,1.0,0.0,0.0,2025-04-07
2025-04-05 09:45:14,'Trump Tariffs Could Blow Up Apple': Analyst Estimates $39.5 Billion Impact,Yahoo,https://finnhub.io/api/news?id=e906894a9f2a01f8dcd274a7a067ab6821eb1791882b89129a7b5fadf9155f61,0.025,0.975,0.0,-0.0772,2025-04-07
2025-04-05 09:30:00,Here’s the iPhone. Here’s the iPhone With Tariffs.,Yahoo,https://finnhub.io/api/news?id=88f5d48095a6b1b4ea8bfa5e638104bdbb31b7f8dd386fdf841063cf453eac09,0.0,1.0,0.0,0.0,2025-04-07
2025-04-05 08:05:00,6 Dividend Growth Stocks I'm Buying As Tariffs Crush The Economy,SeekingAlpha,https://finnhub.io/api/news?id=20845704eab695cae3aac7f5c3f614fe6129cd173c6453dea4338a2c23048daf,0.041,0.825,0.134,0.5574,2025-04-07
2025-04-05 07:23:00,"3 Growth Stocks That Have Turned $1,000 Into More Than $100,000 in 20 Years",Yahoo,https://finnhub.io/api/news?id=7554c130f18534fe1088066131ff3cc05811bd6133ab625374894e2b6a1460d5,0.016,0.908,0.076,0.6705,2025-04-07
2025-04-05 04:43:19,Apple's Downward Spiral: A Crisis It Can't Escape,SeekingAlpha,https://finnhub.io/api/news?id=543793734aaab741b4fecdc7cfd69ed5e163657fc2329bcec7abc0d367c6e2a3,0.296,0.606,0.098,-0.8185,2025-04-07
2025-04-05 04:25:55,"Foxconn reports record Q1 revenue, says it must closely watch global politics",Finnhub,https://finnhub.io/api/news?id=c8b91ae38e82d88b59ff8b88787c0865c4d4820f3d2f2d29dd78a6c5737797e9,0.029,0.872,0.099,0.4497,2025-04-07
2025-04-05 04:00:02,"From Ray-Bans to Wigs, US Buyers May See Unexpected Price Hikes",Yahoo,https://finnhub.io/api/news?id=8601cf7a01115ffeb83b9810a53ee9c143b156370c4bd01588e1a4c832ad8010,0.102,0.872,0.026,-0.7579,2025-04-07
2025-04-17 23:01:48,Apple's China smartphone shipments slide 9% in first quarter,Finnhub,https://finnhub.io/api/news?id=396e82f19e065d692a3b9a1ac0ebe90302b5d0fc05edb1aa5ffd6a9d1c449ac6,0.0,1.0,0.0,0.0,2025-04-21
2025-04-17 22:30:00,"Steve Jobs Said 14 Years Ago iPhones Would Never Be Made In The U.S.: 'Those Jobs Aren't Coming Back'—Now Tariffs Could Bump Price To $3,500",Yahoo,https://finnhub.io/api/news?id=a2b74e396ee1e2fe9669a9b4fafb4b78942541b70f4f196fbf607354a43e5145,0.027,0.92,0.053,0.5647,2025-04-21
2025-04-17 22:04:10,"China's Q1 smartphone shipments rise 3.3% from a year earlier, IDC says",Finnhub,https://finnhub.io/api/news?id=b5f437027af0b58743a3d6cc5a7f00ea991f961d5891fcd80f37651b68b7b67c,0.0,1.0,0.0,0.0,2025-04-21
2025-04-17 21:22:39,How Tim Cook helped Apple out of Trump’s tariff storm — for now,Yahoo,https://finnhub.io/api/news?id=7712883ccd1a63c9b0333b52fd1cf03c5cf3e0e8fbe9406a4e870ae29ff56e6f,0.0,1.0,0.0,0.0,2025-04-21
2025-04-17 20:59:00,"Top Analyst Reports for Apple, Philip Morris & Sony",Yahoo,https://finnhub.io/api/news?id=e09ef7f65a3885f90540e21b870b5fdad8a9415fce80b2dd6572ab7b7b6507b1,0.0,0.917,0.083,0.4404,2025-04-21
2025-04-17 20:17:46,Fed chairman in fight to save job as Trump rages,Yahoo,https://finnhub.io/api/news?id=c1bdc8e072385a66c85bb7dd47d0525df138dd637a80cf0232e6e67fd0caf4f6,0.189,0.591,0.22,0.1027,2025-04-21
2025-04-17 20:17:13,Apple Shields Itself From Tariff Turmoil as Evercore ISI Sticks to $250 Target,Yahoo,https://finnhub.io/api/news?id=d5dbaa376c519cdf1e80952263d214de80cdd10a8714f5b0762f766c386ddd08,0.161,0.839,0.0,-0.5574,2025-04-21
2025-04-17 20:00:00,Apple: Overvalued And Overexposed To Tariffs Risks,SeekingAlpha,https://finnhub.io/api/news?id=3c6d55237202f739aa9d2ae916696cd47a5610fcb374f70a93fa927cae75dd46,0.259,0.741,0.0,-0.2732,2025-04-21
2025-04-17 18:51:55,Apple CEO had a surprising way to deal with Trump's tariff policy,Yahoo,https://finnhub.io/api/news?id=497eb40868baecc243f6055ae75cf6a6efe604a8c770b38a4a081d7e39eb4b20,0.0,0.932,0.068,0.2732,2025-04-21
2025-04-17 17:43:40,"Apple CEO spoke with Lutnick about tariffs impact on iPhone prices, Washington Post reports",Yahoo,https://finnhub.io/api/news?id=c159a238d04577a8e2b251cce36e161b776606e1e374ff7c6bf29e372635831d,0.0,1.0,0.0,0.0,2025-04-21
2025-04-17 15:59:27,The One Stock Behind the Dow's Steep Drop Thursday,Yahoo,https://finnhub.io/api/news?id=0e68a0564070d83438200f4c98b78863d795520bd46006b221becf764bf997fc,0.2,0.8,0.0,-0.6969,2025-04-17
2025-04-17 14:56:18,"Apple CEO spoke with Lutnick about tariff impact on iPhone prices, Washington Post says",Finnhub,https://finnhub.io/api/news?id=18188ec05ff858f7b2147e62189bbd9e38a407ef83d8252a40152d7b34a0da18,0.0,1.0,0.0,0.0,2025-04-17
2025-04-17 14:53:18,Evercore Backs Apple's Resilience as Global Tariffs Loom,Yahoo,https://finnhub.io/api/news?id=a438d751ec8479e5f0a1f068eaef9115b255700134fc64c2564b496a7f04d146,0.278,0.722,0.0,-0.7269,2025-04-17
2025-04-17 13:56:36,Investors Are Missing The Point: Apple's Fundamentals Are Cracking,SeekingAlpha,https://finnhub.io/api/news?id=27c4644073030b6fbb5c50d35a4a37de848141173f3166d35305caf1a51d6518,0.216,0.784,0.0,-0.296,2025-04-17
2025-04-17 13:51:21,Dow Faces Historic Divergence From S&P After UnitedHealth Plunge,Yahoo,https://finnhub.io/api/news?id=a8995c2c5da7fe2c46ac81baa3df48de02e9cea38b48121a0e969f965c9e26fb,0.0,0.951,0.049,0.6369,2025-04-17
2025-04-17 13:00:00,Is Apple Stock a Buy Now?,Yahoo,https://finnhub.io/api/news?id=3bcb797f29dcffbbe81f5efbfadb48202b44a154163009a8a8c939e71ac20184,0.05,0.908,0.042,-0.1926,2025-04-17
2025-04-17 12:42:40,Apple (AAPL) Holds Strong on AI Momentum as Evercore Reaffirms “Outperform”,Yahoo,https://finnhub.io/api/news?id=05737f44c87cfc1d5f4c93cbe013641ccb7b833e81eb73548f6369751a7268c2,0.0,0.952,0.048,0.5106,2025-04-17
2025-04-17 12:20:34,Stock Futures Trim Gains as Trump Rebukes Powell: Markets Wrap,Yahoo,https://finnhub.io/api/news?id=4ef73ea9758b746944ed40fa2b75effb485866db9f45389957d5906ec7764cb3,0.075,0.81,0.115,0.5994,2025-04-17
2025-04-17 12:00:36,"As Apple Sweats, This Partner Warms Up A Breakout — With Caveats",Yahoo,https://finnhub.io/api/news?id=1c3f6053795ef4d5384c1fd889997cc62d240b2c7e0a2fe007816823bc75087e,0.042,0.899,0.059,0.1531,2025-04-17
2025-04-17 12:00:00,MAGS' Selloff Is Here - Fundamentals Remain Robust No Matter The Tariffs,SeekingAlpha,https://finnhub.io/api/news?id=7c8b54193b63120805c65ed751cb7c61e044c430b8b77a431fab0d0ff7b9c843,0.08,0.742,0.178,0.3239,2025-04-17
2025-04-17 11:43:11,"Top 10 Trending Stocks On WallStreetBets As Of April 17, 2025 (Via Swaggy Stocks)",Benzinga,https://finnhub.io/api/news?id=1bff739620bff3cc5daefa0aaa8efe8f111cdc8d6daa8285852e595ca0952cb7,0.0,0.899,0.101,0.2023,2025-04-17
2025-04-17 11:36:00,Wall Street Lunch: Obesity Pill Progress,SeekingAlpha,https://finnhub.io/api/news?id=d26f4d35ff945022dc3f69aec98e8b942a3c024cd31b1d05a4aafc8a07f501b7,0.0,0.641,0.359,0.4215,2025-04-17
2025-04-17 11:05:00,Stock Markets Need a Tariffs Savior. Why Fed’s Powell Won’t Ride to the Rescue and 5 Other Things to Know Today.,Yahoo,https://finnhub.io/api/news?id=8304d1cc16f0bf804646b84c90b5672fe0fdc9e1f4f63bbed1a26546b4505303,0.042,0.893,0.065,0.296,2025-04-17
2025-04-17 10:38:00,This Tech Giant Is a Stock Buyback Leader. Here's What That Means for Investors.,Yahoo,https://finnhub.io/api/news?id=9546b2a6b159eac19f61751bb56c8947313fbc9812494de71941d93df5f892bf,0.0,0.917,0.083,0.6801,2025-04-17
2025-04-17 09:26:21,TSMC Q1 2025 Earnings Silence Tariff Doubts,SeekingAlpha,https://finnhub.io/api/news?id=6e12b57870009d468d6c55f46e796185722a59dacfaa58234ba2192093c25e0e,0.268,0.732,0.0,-0.296,2025-04-17
2025-04-17 09:03:00,Prediction: Warren Buffett Will Start Buying More Apple Stock This Quarter,Yahoo,https://finnhub.io/api/news?id=b45519f12510f7e1b5a2e3e7ec6e504860e1dded7f4c4125af2864620703a8f0,0.036,0.85,0.114,0.7003,2025-04-17
2025-04-17 08:51:00,TSMC Stock Jumps on Earnings Beat. Tariffs Aren’t a Drag for the Chip Maker—Yet.,MarketWatch,https://finnhub.io/api/news?id=ad6caa7ecaac0eea52085aeaab86a5ce508d34c130663a484f7ab8b701031f64,0.128,0.872,0.0,-0.4215,2025-04-17
2025-04-17 08:45:00,Apple: The China Fallout Has Begun,SeekingAlpha,https://finnhub.io/api/news?id=74dbc2e64b45e84ef78761e49a5add7289d7514b78d81432d34dcf5e720ed55e,0.0,1.0,0.0,0.0,2025-04-17
2025-04-17 07:00:00,ClearBridge Select Strategy Q1 2025 Commentary,SeekingAlpha,https://finnhub.io/api/news?id=2322cba5402cd8b2b7530ae0cec3fb74a0aca46cc28f68bb570cc4a2a435b567,0.0,1.0,0.0,0.0,2025-04-17
2025-04-17 00:30:00,Franklin DynaTech Fund Q1 2025 Commentary,SeekingAlpha,https://finnhub.io/api/news?id=2ae7c4aa6a2cba58deb299d1da2263fe44fe4feedd375eb43653db08eeb41660,0.0,1.0,0.0,0.0,2025-04-17
2025-04-16 22:14:03,"Meta Saw TikTok as ‘Highly Urgent’ Threat, Zuckerberg Says at Antitrust Trial",Yahoo,https://finnhub.io/api/news?id=46c629ba2547113d352c9fd66f3c6c8fdfa42350e34f5c7cd811ac381d96abc7,0.061,0.895,0.044,-0.1779,2025-04-17
2025-04-16 21:08:46,Why Apple Inc. (AAPL) Is One of the Best Blue Chip Stocks to Buy According to Billionaires,Yahoo,https://finnhub.io/api/news?id=b37626758ee3ce50081d2f203da0b36686f0401d6da805dd4c884cb057341ebc,0.046,0.807,0.147,0.8658,2025-04-17
2025-04-16 21:03:32,Trading Day: When the chips are down,Yahoo,https://finnhub.io/api/news?id=d08bfd94a2972b3f62791151cbbaf1dd35aa9c574d103ee3b23c4ca005e113b0,0.11,0.789,0.101,-0.25,2025-04-17
2025-04-16 19:21:00,Big Tech’s China Risks Go Far Beyond Nvidia,Yahoo,https://finnhub.io/api/news?id=a44b4d3f894b9c5afe111184a412047259a248db45d2d7ad9a29351b9c03fd09,0.142,0.81,0.049,-0.4129,2025-04-17
2025-04-16 16:21:42,"Magnificent Seven Stocks Sell Off: Nvidia Plunges; Apple, Tesla Slide",Yahoo,https://finnhub.io/api/news?id=e436d79d8cbef4bb8c289db9d61fd57ad65e04371b713a486a35e184d159a7ec,0.057,0.76,0.183,0.7964,2025-04-17
2025-04-16 16:05:35,How to invest in Nvidia successfully during Trump tariff turmoil,Yahoo,https://finnhub.io/api/news?id=c21f645377a09788b47e3c0d3f43aaa58738a545005349b345b0764df4ec445e,0.066,0.797,0.137,0.3944,2025-04-17
2025-04-16 16:00:03,Apple market cap falls back below $3 trillion as 'relief rally' fades amid new tariff uncertainty,Yahoo,https://finnhub.io/api/news?id=d4fac4115b6a777bf1886afa179ed57bbfdff9a0a7bb4987a67e03f9ff630149,0.055,0.874,0.071,0.1779,2025-04-17
2025-04-16 15:32:00,"NVIDIA Corp., Amgen share losses contribute to Dow's 886-point drop",MarketWatch,https://finnhub.io/api/news?id=644ba8ceb10c50bbcbab539aeb085c3a11215723d88b727bfe9ad52d8121171c,0.343,0.5,0.157,-0.6369,2025-04-16
2025-04-16 15:30:35,‘It’s going to be the small stuff’: Trump’s tariffs could make cheap tech gadgets not so cheap,Yahoo,https://finnhub.io/api/news?id=c09a8c16a3c542eaeb7ae613bd7db9e1b08f5e30cc95ca9220f54a86b63b521c,0.069,0.931,0.0,-0.3818,2025-04-16
2025-04-16 15:26:09,Is Apple Inc. (NASDAQ:AAPL) the Best NASDAQ Stock to Buy So Far in 2025?,Yahoo,https://finnhub.io/api/news?id=99cd42cd376b63a6a7e596bfc73ab4d0735f49632940b27f0c681a9f4e7b3e0c,0.0,0.89,0.11,0.8555,2025-04-16
2025-04-16 15:00:53,Trump's trade war unlikely to bring tech manufacturing back to the US,Yahoo,https://finnhub.io/api/news?id=53388e065056e0a6abc2a36266d8b4d46668c74c3386be594a18f7408e1365f5,0.127,0.817,0.056,-0.4927,2025-04-16
2025-04-16 14:44:03,"Nvidia, Apple, Big Banks' trading revenues: Trending Tickers",Yahoo,https://finnhub.io/api/news?id=5f17ede56f160e1fa82fbff472822dcf655a21f70ed8ec319510a62226044d5e,0.039,0.915,0.046,0.25,2025-04-16
2025-04-16 14:33:38,"After surge to record highs, gold overtakes 'Magnificent 7' as the most crowded trade on Wall Street",Yahoo,https://finnhub.io/api/news?id=fedccbc7f1e49db6b06d740aa40f8d2505b065e4c805fc66119d8fbe45bb60c1,0.0,0.785,0.215,0.8625,2025-04-16
2025-04-16 14:31:00,"NVIDIA Corp., Amgen share losses lead Dow's 589-point fall",MarketWatch,https://finnhub.io/api/news?id=43a6487aed377c101ee648a29ff21206ff65e99d0fb66949121b4c4467f7b6be,0.227,0.588,0.185,-0.25,2025-04-16
2025-04-16 13:35:12,10 Information Technology Stocks Whale Activity In Today's Session,Benzinga,https://finnhub.io/api/news?id=261c61d34937224da7c69ed2c3cd66469ea397d21fc489c842f50301e6a236dd,0.0,1.0,0.0,0.0,2025-04-16
2025-04-16 13:31:49,Jim Cramer: Apple Inc. (AAPL) Faces an “Existential” China Risk and Is “A Loser to Samsung”,Yahoo,https://finnhub.io/api/news?id=1e6e12a795a043bd31e5e7832bd603553ee8bdab6d1a689c2f3786a63efba383,0.14,0.86,0.0,-0.8807,2025-04-16
2025-04-16 13:30:00,"NVIDIA Corp., Amgen share losses contribute to Dow's 300-point drop",MarketWatch,https://finnhub.io/api/news?id=758e8519124734f31818743bfa6519241d65321cf331d529704c97b743c88892,0.343,0.5,0.157,-0.6369,2025-04-16
2025-04-16 13:20:24,"Retail Sales Jump Most In Two Years In Rush To Buy Autos, iPhones Before Trump Tariffs; S&P 500 Falls (Live Coverage)",Yahoo,https://finnhub.io/api/news?id=57c730a60b02d9d888a8d9ad6aabd7f050478dbff737f8eb0dc367c232603b07,0.0,1.0,0.0,0.0,2025-04-16
2025-04-16 12:48:43,"Tariffs... Yes, No Or Maybe: Regardless, Apple Still Has An Identity Crisis (Downgrade)",SeekingAlpha,https://finnhub.io/api/news?id=125628262b47a85b62951118e4b4e6e144313696805bcd964534c734516702dd,0.332,0.526,0.142,-0.5574,2025-04-16
2025-04-16 12:08:00,How the U.S.-China Trade War Benefits Applied Materials Stock (AMAT),Yahoo,https://finnhub.io/api/news?id=094df2f418421c8451d63e98fa4b8b218d2fd8cf211b16f5da09ab61b8fb3ab1,0.083,0.768,0.149,0.6494,2025-04-16
2025-04-16 11:22:29,The Dividend ETF That Just Woke Up And Why Investors Are Watching Closely,Benzinga,https://finnhub.io/api/news?id=e6b7f51d86ac78b9d1a1d90bfeeefa162c45c1872625dae67468bed75c62d0f6,0.052,0.843,0.105,0.3182,2025-04-16
2025-04-16 10:56:05,Apple : 2025 report,Finnhub,https://finnhub.io/api/news?id=7bcc2bd345d16e222f92023ed8d04183d3d947f2c8b1a57585d3e2f4b515f1c9,0.0,0.797,0.203,0.4215,2025-04-16
2025-04-16 09:46:08,Middle Coast Investing Q1 2025 Letter: Before And After The Liberation Day Crash,SeekingAlpha,https://finnhub.io/api/news?id=baac02df78d8a85efa4698c2c53ae2ad0c1273bfabffa0d4460d5e4537ca72c0,0.184,0.816,0.0,-0.4019,2025-04-16
2025-04-16 09:45:00,"NVIDIA Corp., Amgen share losses lead Dow's 200-point fall",MarketWatch,https://finnhub.io/api/news?id=8534f11ee0a7e3d4103a9180994e3d4f37488d7283e8295151361b89ea8170fb,0.227,0.588,0.185,-0.25,2025-04-16
2025-04-16 09:20:24,"Retail Sales Jump Most In Two Years In Rush To Buy Autos, iPhones Before Trump Tariffs; S&P 500 Futures Fall (Live Coverage)",DowJones,https://finnhub.io/api/news?id=0afac34df7d63f32e70da3d28ed87eb24d1ac9395b04429cb7e6d2dc3ebc3aba,0.0,1.0,0.0,0.0,2025-04-16
2025-04-16 09:17:11,"Top 10 Trending Stocks On WallStreetBets As Of April 16, 2025 (Via Swaggy Stocks)",Benzinga,https://finnhub.io/api/news?id=c013b1222cc44d22a034b94947955c4332dea00f9dc004b47e7fedf3f0231775,0.0,0.899,0.101,0.2023,2025-04-16
2025-04-16 09:14:48,"Television could go the way of newspapers if the US economy tips into recession, analyst warns",Yahoo,https://finnhub.io/api/news?id=4b711f8f9c0714da209d796b4cf4dd54f821bdb82cca77ce0ed22989785eac5e,0.206,0.794,0.0,-0.8807,2025-04-16
2025-04-16 09:00:00,"TSMC: Tariffs Or Not, Why I'm Betting On The Foundry Leader",SeekingAlpha,https://finnhub.io/api/news?id=45a0aab8a6d8e017fd5f28e7042d307f578e4975e41d80c8ec1b1c5790a657bd,0.0,1.0,0.0,0.0,2025-04-16
2025-04-16 08:35:00,"Got $2,000 to Invest? This Is 1 of the Smartest Vanguard ETFs to Buy and Hold for 20 Years.",Yahoo,https://finnhub.io/api/news?id=cc0dd024f2fdde4b39f837243f7246bc6b428e062a459fac4588bd67eb684676,0.061,0.76,0.179,0.8807,2025-04-16
2025-04-16 06:30:00,Apple Has Nowhere To Hide From Approaching Tariff Storm,SeekingAlpha,https://finnhub.io/api/news?id=f24002806a3a35f4cc310a06134a5fe4b33c263c80b283f2ba1a2bba25f1391f,0.0,0.841,0.159,0.1326,2025-04-16
2025-04-16 03:01:19,Research: tech companies' green excuses,Finnhub,https://finnhub.io/api/news?id=f77b9da48003cea8baa861ac38fbb35a47feae50b099a68ff2d46e43b0a69908,0.183,0.741,0.077,-0.743,2025-04-16
2025-04-15 21:45:14,Here's Why Apple (AAPL) Fell More Than Broader Market,Yahoo,https://finnhub.io/api/news?id=dec406846f8020d0edcf7b601f456b4ee8f23bf267efc2a25302e6edf257f945,0.0,1.0,0.0,0.0,2025-04-16
2025-04-15 21:31:29,When Apple's Tim Cook Revealed The Real Reason iPhones Are Made In China—And It's Not 'Low Labor Costs': 'China Stopped Being A Low-Wage Country Years Ago',Yahoo,https://finnhub.io/api/news?id=d619f3fb1b2b2ae1136a1f2ed43ee116f2f40b32c9606d49abb8aba453e235f8,0.089,0.894,0.016,-0.8012,2025-04-16
2025-04-15 20:08:19,Is Apple Inc. (AAPL) The Best American Tech Stock to Buy Now?,Yahoo,https://finnhub.io/api/news?id=521a600df3c245a3d45b4cb8533528e4f1f83840ad0fe5b49476fcb218cc098d,0.0,0.855,0.145,0.9001,2025-04-16
2025-04-15 19:45:01,Stocks making big moves yesterday: Apple (AAPL) and Palantir (PLTR),Yahoo,https://finnhub.io/api/news?id=a8f8a88e13c87aed52179380b264279082fd7526d8282146e7531302a0476d74,0.0,0.976,0.024,0.1027,2025-04-16
2025-04-15 19:04:37,"Apple Rallies After Dodging Tariffs, Wins Analyst Nod",Yahoo,https://finnhub.io/api/news?id=0f19480f8e7513b38673fd0328f324ab2edb2fb0f5359ae2aa306df0c007bae1,0.091,0.827,0.082,0.25,2025-04-16
2025-04-15 18:56:32,Apple Bets Big on Samsung for Its First Foldable iPhone,Yahoo,https://finnhub.io/api/news?id=95184a904aef971792a33b5ca5e41287b641f53a99362272a61d9559fe214da1,0.107,0.893,0.0,-0.4767,2025-04-16
2025-04-15 17:39:43,Trump promises 'expedited' process for Nvidia's US supercomputer plans as Big Tech pledges top $1.6 trillion,Yahoo,https://finnhub.io/api/news?id=21172e22cf77e6bc4aaf1aece72de1764c1e59ded415d2ff9f0efcfd883c2420,0.0,0.885,0.115,0.5267,2025-04-16
2025-04-15 17:25:00,"Apple Dodged a Bullet, but the Stock Still Isn't a Buy",Yahoo,https://finnhub.io/api/news?id=7c629849c8e155b84c4f72636f2d05e937ea0bf58686443dd2a7c4cce5fe4283,0.053,0.862,0.084,0.4215,2025-04-16
2025-04-15 17:23:58,US tariffs: Can Apple manufacture in the US?,Yahoo,https://finnhub.io/api/news?id=61de362b362767b6ff25023e5bbf81f651de80f7fbf418b5a37f67e4a4355037,0.076,0.893,0.032,-0.2674,2025-04-16
2025-04-15 17:22:45,Apple (NasdaqGS:AAPL) Sees 12% Price Increase Over Last Week,Yahoo,https://finnhub.io/api/news?id=cdcd7e67dc48dc0026235d581e925bef18a0d4b898cefd0d85324f4f78578f7f,0.0,0.904,0.096,0.802,2025-04-16
2025-04-15 17:21:58,"S&P 500: Top Of The Range, Death Cross - Sell",SeekingAlpha,https://finnhub.io/api/news?id=8dbe107ac98fae20e2191a71d3f904d0cd2d3249e80c78d0b4b707263053c414,0.284,0.678,0.038,-0.891,2025-04-16
2025-04-15 17:06:43,"Apple Inc. (AAPL): Exempt from Tariffs, But Concerns Remain",Yahoo,https://finnhub.io/api/news?id=f99ac901ee6e08cfec80a008f7a34cedf63e6e2abb8707884fdcf2e07baa7659,0.064,0.883,0.054,-0.1779,2025-04-16
2025-04-15 16:07:42,Breaking News: Apple Foldable iPhone Will Feature Only Samsung OLEDs,Yahoo,https://finnhub.io/api/news?id=013fb9cce3696e8b82327eae703c385b8c12d04822ee418216ed7f4887545c00,0.077,0.923,0.0,-0.25,2025-04-16
2025-04-15 15:48:09,Report: Apple Picks Samsung as Sole OLED Supplier for First Foldable iPhone,Yahoo,https://finnhub.io/api/news?id=1be6d8668585c74047737c07ef8374573fdad1f5c9ec2d2d730d67bce6f85f7f,0.0,1.0,0.0,0.0,2025-04-15
2025-04-15 15:33:35,"AAPL “Looks Pretty Good Overall,” LikeFolio Co-Founder Says",Yahoo,https://finnhub.io/api/news?id=7a4bfcf30c6b518330d59a86c9142fcab6f99a2024f6f45b71ff11989b592c65,0.0,0.828,0.172,0.91,2025-04-15
2025-04-15 15:15:12,"Trump Trade: Smartphones, computers, chips get break from highest tariffs",Yahoo,https://finnhub.io/api/news?id=b726f74d95e6d58396487fa6ca3e50deac8db9b0ee709a979c607d48901f202b,0.0,0.979,0.021,0.2023,2025-04-15
2025-04-15 15:14:15,Watch These Apple Price Levels After Gains on Tech Tariff Exemptions,Yahoo,https://finnhub.io/api/news?id=b4b51152db8d4bb60867c0d9f899e35972f423859114e2d022ed7a5d7658d49a,0.057,0.716,0.227,0.7269,2025-04-15
2025-04-15 15:00:00,Two New Dividend Picks To Help You Navigate Tariffs And Uncertainty -- One Yields 7%+,SeekingAlpha,https://finnhub.io/api/news?id=ce1eb6a468e7530a73723dd314d7a3ba87662768d81d6dc9bc9c974a0321441a,0.133,0.718,0.149,0.0772,2025-04-15
2025-04-15 14:52:21,"Apple Intelligence, New Form Factors Will Boost AAPL Stock, Analyst Says",Yahoo,https://finnhub.io/api/news?id=b101d765d55cf214e201a61282214c71a93b02089d98a4a32fca3bedc48b4f4b,0.0,0.716,0.284,0.9698,2025-04-15
2025-04-15 14:44:18,Apple airlifted iPhones worth a record $2 billion from India in March as Trump tariffs loomed,Yahoo,https://finnhub.io/api/news?id=87f997327b8309e8d37c84a2394d1668c7995d95bece2374c12441438b431742,0.02,0.863,0.116,0.836,2025-04-15
2025-04-15 13:57:15,"Even Without Tariffs, The Market Has Not Bottomed",SeekingAlpha,https://finnhub.io/api/news?id=bc3acf6cf2ce1441d6a7c150704c024a2d0fe63def0af03df497088d428a9a04,0.0,1.0,0.0,0.0,2025-04-15
2025-04-15 13:49:00,Parnassus Core Select ETF Q1 2025 Commentary,SeekingAlpha,https://finnhub.io/api/news?id=61e7ce955a49f8b139bda4a2fad3e2d3964f77602af33173277cac5786f3296c,0.0,1.0,0.0,0.0,2025-04-15
2025-04-15 13:00:11,Apple Inc. (AAPL) is Attracting Investor Attention: Here is What You Should Know,Yahoo,https://finnhub.io/api/news?id=c736740c6298be84ee9ee7b69b31cb7e3e4d989b6ebf04c8c3866f98c62ae89b,0.0,0.823,0.177,0.8126,2025-04-15
2025-04-15 12:37:41,Latest News In Cloud AI - NVIDIA Blackwell HGX B200 Platform Shaping AI's Future,Yahoo,https://finnhub.io/api/news?id=6dc5c31b43826e15f05760c49b5ef1dfaeed6764b221a98965619a32acd98f77,0.0,0.876,0.124,0.8176,2025-04-15
2025-04-15 12:01:18,Here's How You Can Earn $100 In Passive Income By Investing In Apple Stock,Yahoo,https://finnhub.io/api/news?id=dcba685f27f4dbbfdb229675afc3f3b7a18299c0eab7e9a25d260f18d4f2819e,0.0,0.981,0.019,0.2023,2025-04-15
2025-04-15 11:53:00,Apple just had its best March quarter for iPhone shipments — but there’s a catch,MarketWatch,https://finnhub.io/api/news?id=26eacc6eb7b2cefff064612075f8833cdc5f75fd87efd44f392b24f1247e8eb5,0.0,0.769,0.231,0.8555,2025-04-15
2025-04-15 11:23:49,"Apple could face a customer loyalty crisis if tariffs boost prices, says tech analyst",Yahoo,https://finnhub.io/api/news?id=269b1b860d45b4658204b6666d754b9c21c845aa3b83f0e729ddc101322a76d1,0.12,0.7,0.181,0.2732,2025-04-15
2025-04-15 11:19:42,Apple to begin on-device data analysis to enhance AI,Yahoo,https://finnhub.io/api/news?id=070877f53364afd7a098d57c9b1aeda789a071188bef6fdb4370ec82359ecb9f,0.0,0.947,0.053,0.128,2025-04-15
2025-04-15 11:08:00,"The Zacks Analyst Blog Apple, NVIDIA, Advanced Micro Devices, Amazon.com and Alphabet",Yahoo,https://finnhub.io/api/news?id=8c236864dbe4481c4d73e4a7181052227c01fcd634e1292a9510e0d16fe16529,0.0,0.857,0.143,0.4588,2025-04-15
2025-04-15 10:43:26,Morning Bid: Fed gives market a breather,Yahoo,https://finnhub.io/api/news?id=24df5b4f1b2558891ac1212fa616a8df89f0e2cb9e89e3232fbec56f9b954bc1,0.081,0.855,0.064,-0.4939,2025-04-15
2025-04-15 10:30:19,Japan Orders Google to Stop Forcing Phone Makers to Use Apps,Yahoo,https://finnhub.io/api/news?id=fae4433b765631b62c26cd9415c6606cd69ddc2a93e51889a17c7be334d7b8a9,0.135,0.812,0.052,-0.8402,2025-04-15
2025-04-15 10:00:42,The trade war uncovers new economies of scale: Morning Brief,Yahoo,https://finnhub.io/api/news?id=374445ee062228384d1d92bb71e564d467e9057aedaad22854d03186dbb43e9f,0.125,0.717,0.157,0.3071,2025-04-15
2025-04-15 09:40:00,Wedgewood Partners Q1 2025 Client Letter,SeekingAlpha,https://finnhub.io/api/news?id=56be3eb2f6c91a694d4d0d21e4f32752030e9807e2ca442961040f0a680b6183,0.0,1.0,0.0,0.0,2025-04-15
2025-04-15 09:34:00,1 Spectacular Vanguard ETF to Buy With $550 During the Tech Bear Market,Yahoo,https://finnhub.io/api/news?id=f64391b6ac59575a90d565323048f0d566f2e36f9a4ffee3cb80b9a381eba1c6,0.093,0.874,0.033,-0.5267,2025-04-15
2025-04-15 09:29:40,Apple Is Again Worth $3 Trillion. Thank Trump’s Tariff Exemption.,Yahoo,https://finnhub.io/api/news?id=a7b28904806a2ac8b9737e8f2bf69373caaa307a5d2119c099d84f23e93ef829,0.0,0.852,0.148,0.8591,2025-04-15
2025-04-15 09:20:45,"Top 10 Trending Stocks On WallStreetBets As Of April 15, 2025 (Via Swaggy Stocks)",Benzinga,https://finnhub.io/api/news?id=5a0cd5dd669486978204928597b9901e136de5dec36601eb19946ff63006a908,0.0,0.899,0.101,0.2023,2025-04-15
2025-04-15 08:47:00,Not So Fast. Large Institutional Investors Still Care About DEI.,MarketWatch,https://finnhub.io/api/news?id=3fc9840f239302089506b9b89ebeedada111fbe91c093e5a4e2cb21b18212ace,0.0,0.738,0.262,0.7506,2025-04-15
2025-04-15 07:55:00,Apple Stock Dropped 30% From Its High. History Says This Will Happen Next.,Yahoo,https://finnhub.io/api/news?id=492d594513cae5115cf8bb352d84581f47af925bf5c4ac829aea46bb58d7824c,0.018,0.818,0.164,0.9153,2025-04-15
2025-04-15 07:31:30,Tariff turmoil: consumer devices on shaky ground,Yahoo,https://finnhub.io/api/news?id=22d04409b6369dcaea0e91a30eeba0907cd8b637352e5d8757556ea4f7199508,0.173,0.827,0.0,-0.5267,2025-04-15
2025-04-15 06:55:47,Apple: Trump Blinked First And That Presents An Opportunity,SeekingAlpha,https://finnhub.io/api/news?id=30c0ad1cd65cbf98042c43225caba65633fa47e5aa86f9382c8f19dfd413ae31,0.0,0.741,0.259,0.4215,2025-04-15
2025-04-15 06:46:14,Get active with Apple Watch,Finnhub,https://finnhub.io/api/news?id=2e270633c033ce873fd1dc6e85e34315efd8e58130b0b702c51793ff83560000,0.0,0.717,0.283,0.9001,2025-04-15
2025-04-15 06:33:44,Apple and Nvidia 'begin to make technical progress off the lows' - Fundstrat's Newton,MarketWatch,https://finnhub.io/api/news?id=18faea2d0ae1e0d25d8ba27d5c55b199809b47bd970500ef1ba77ba09ba3c52d,0.108,0.723,0.169,0.4588,2025-04-15
2025-04-15 06:08:31,"US Stock Futures Waver After Two-Day Rally: Trump's Tariff Moves Could End A 3-Year 'Rolling Recession,' Says Expert",Benzinga,https://finnhub.io/api/news?id=5cab2980022d791fdae9611e07136d0c2c82176dbe012a1c05034a431c7f2cce,0.07,0.93,0.0,-0.4215,2025-04-15
2025-04-15 06:05:11,Radboud University: The green excuses of tech companies that 'solve' the climate problem,Finnhub,https://finnhub.io/api/news?id=8ab19b561ffade11fc9c59b37c5a976a145c66b53a1a2900f53d8669dd4443cd,0.172,0.689,0.139,-0.5859,2025-04-15
2025-04-15 04:39:09,Dow Surges Over 300 Points Ahead Of Earnings: Fear & Greed Index Remains In 'Extreme Fear' Zone,Benzinga,https://finnhub.io/api/news?id=93f11be737f4e547a1bd509c270e979c9217a9b28dde43fe5afb31742a2e3202,0.402,0.598,0.0,-0.8553,2025-04-15
2025-04-15 03:32:37,Trump Initiates Chips and Drug Probes Ahead of More Tariffs,Yahoo,https://finnhub.io/api/news?id=795938dc3145a689055e139871037666a344686709a9ebbfb8180cb558a8c6b7,0.076,0.893,0.031,-0.5994,2025-04-15
2025-04-15 00:54:50,Trump's Tariff U-Turn Triggers Global Stock Frenzy--But the Real Shock Is Still Coming,Yahoo,https://finnhub.io/api/news?id=48c81577d050d8b0ba8d4c0e2596739262cee2298ced75c0f4545e646d088977,0.173,0.771,0.056,-0.4767,2025-04-15
2025-04-14 23:14:00,Nvidia’s Made-in-the-U.S.A. Move Follows a Familiar Trump Pattern,Yahoo,https://finnhub.io/api/news?id=884be02094d3e55dd77185c6464f70c2a27e6d2a35bed75c78c5db6b64200325,0.0,0.914,0.086,0.8555,2025-04-15
2025-04-14 22:39:28,Apple: Proceed With Caution,SeekingAlpha,https://finnhub.io/api/news?id=3100e529031422c5c593d79b00d9fb9d5d08a228faedafc84ea26541eb15274e,0.0,1.0,0.0,0.0,2025-04-15
2025-04-14 22:31:37,Apple and other tech stocks rebound after Trump offers more tariffs guidance,Yahoo,https://finnhub.io/api/news?id=2f2415079722914820f11f2c6a58dde9f5ab7692fa49724dc542841eac05c0bd,0.0,0.938,0.062,0.3612,2025-04-15
2025-04-14 21:36:30,"Dow Jones Futures Fall: Trump Tariffs Spark Stock Market Rally; Netflix, Palantir, Spotify Lead Best Stocks To Watch",DowJones,https://finnhub.io/api/news?id=4280ef6ad3db79c06c719557dac69cc53158aacf5281787cc29b139eaa8261cf,0.0,0.724,0.276,0.9042,2025-04-15
2025-04-14 21:01:43,"34-Year-Old Making $3,400 a Month in Dividends Shares His Top 7 Stocks — 'Be Lucky and Save Relentlessly'",Benzinga,https://finnhub.io/api/news?id=58f5cf98e2c207585b93b24789040e12a0ceaaa816816457a46a3748ea689028,0.0,0.583,0.417,0.8402,2025-04-15
2025-04-14 20:53:53,"VIX, Wall Street’s fear gauge, sinks nearly 20% on temporary tech tariff relief",Yahoo,https://finnhub.io/api/news?id=e4a6de6a1d86c920d3085579a7ec2535c476795cbdac250eb5b0a03773b6dc11,0.186,0.746,0.068,-0.6597,2025-04-15
2025-04-14 20:51:18,Why Apple (AAPL) Stock Is Up Today,Yahoo,https://finnhub.io/api/news?id=bbc9fb1e22cc728fd9e3e3a30e4550ff8e7bbe266ecc4a5a567f6cf50ed916c3,0.0,0.948,0.052,0.3818,2025-04-15
2025-04-14 20:30:55,Surprising China news sends Apple stock surging,Yahoo,https://finnhub.io/api/news?id=5b24863b77e227533aabf6ef76c05520519c292771e90f1dbe64a87d11da8b0f,0.0,0.884,0.116,0.2732,2025-04-15
2025-04-14 20:26:05,"Apple fans won’t stay loyal if tariffs mean $2,000 iPhones, top analyst warns",Yahoo,https://finnhub.io/api/news?id=10d74d94fcd28d5520badf24f8a60096258545b5837ffb6e648955e6e6720f89,0.225,0.629,0.147,-0.3818,2025-04-15
2025-04-14 20:19:48,Apple Stock Gets an Upgrade From KeyBanc on Tech Tariff Exemptions,Yahoo,https://finnhub.io/api/news?id=76ae8bd7ff15ae166429ca6d3958d75f260d04f3f17835c34fc60944f0889719,0.0,1.0,0.0,0.0,2025-04-15
2025-04-14 20:07:47,Trump Tariff Confusion Whipsaws Tech,Yahoo,https://finnhub.io/api/news?id=f02ed85aeded5bcd0ca44a66317495a2e3292b9649c1ba1b7a4ce18f6aa2d17e,0.157,0.843,0.0,-0.6908,2025-04-15
2025-04-14 19:28:20,Jim Cramer Asks of Apple (AAPL): “Why Are They Being Punished? What Did They Do Wrong?”,Yahoo,https://finnhub.io/api/news?id=c1853dfed7ad3a4c7b8c11d432489759a0f34d943e3a633e3cf69ef59af33586,0.045,0.955,0.0,-0.5204,2025-04-15
2025-04-14 19:12:00,"Apple hasn’t gotten an ‘all clear’ on tariffs, but its stock is still rising",MarketWatch,https://finnhub.io/api/news?id=1f2fac5991edd47b903a70fdf093c874b1b196292dce3396225461bc3a886e76,0.0,1.0,0.0,0.0,2025-04-15
2025-04-14 19:07:27,Confusion reigns after Trump exempts electronics from new tariff regime. Here's what we know,Yahoo,https://finnhub.io/api/news?id=4ebbb183dee9dde5a167f0db51e3df2600c1c0dedf9013158a237277c0ba817f,0.081,0.88,0.038,-0.6124,2025-04-15
2025-04-14 19:00:00,"Which Mag-7 Stock, Apple or NVIDIA, Should You Buy for Tariff Relief?",Yahoo,https://finnhub.io/api/news?id=995eb28760f64f9f292268bbc4775b03df31ed558b14724270a0847e7b008e5e,0.053,0.747,0.2,0.7269,2025-04-15
2025-04-14 18:31:11,Apple Escapes Supply Chain Crisis As Trump Excludes Popular Electronics From Tariffs,Yahoo,https://finnhub.io/api/news?id=962d2381b4060bd17e19b6cb330a22981f94c7dfa0f3fafb8eb210057ddf8567,0.105,0.851,0.044,-0.7964,2025-04-15
2025-04-14 18:28:16,Trump vows tariffs on pharma imports,Yahoo,https://finnhub.io/api/news?id=de4cec9b1e72ed0246c1451ebc5a6206dfc855a70a74bc7227de21098a86a63c,0.245,0.755,0.0,-0.5994,2025-04-15
2025-04-14 18:24:01,Apple: Minimal Impact From Upcoming Tariffs On Semiconductors,SeekingAlpha,https://finnhub.io/api/news?id=ef68925168fb8115f9d98170b991c05688c56f79a6741c46706ac2c7b68fffb6,0.0,1.0,0.0,0.0,2025-04-15
2025-04-14 18:03:32,Apple: Is shifting iPhone manufacturing to US a real possibility?,Yahoo,https://finnhub.io/api/news?id=c0eacc7b5cbc98225945e796e4a4a003ad8ea51b33d0a75b62d508b6bbb00d96,0.053,0.891,0.055,0.0258,2025-04-15
2025-04-14 17:34:00,"Trump Considers Tariff Exemptions for Tech, Car Companies",Yahoo,https://finnhub.io/api/news?id=3be2cd3b94e7cc03bb6c372e2b977c11dd07daad63ff2333706467325c9d924d,0.0,1.0,0.0,0.0,2025-04-15
2025-04-14 17:30:33,Apple and Dell Shares Rally as U.S. Pauses Tariffs on Consumer Electronics,Yahoo,https://finnhub.io/api/news?id=e8938d16667161a33fc8fdeb2338e354e75925a4717424298825080b77db8b4f,0.0,0.909,0.091,0.296,2025-04-15
2025-04-14 17:25:29,"Cars, iPhones May Get Tariff Breaks",Yahoo,https://finnhub.io/api/news?id=619457b8aa289dc400d4b3cb7e647e76a741fcc27cffd578e76c8945c005136b,0.042,0.904,0.054,0.1531,2025-04-15
2025-04-14 17:10:00,Trump gave tech companies a break from tariffs. Here’s how long that could last.,MarketWatch,https://finnhub.io/api/news?id=a3a5017ba9da29925412277c7ae03372789bf56806eedef77dc691ca0ce7bc5c,0.0,1.0,0.0,0.0,2025-04-15
2025-04-14 17:06:31,Trump’s Tangled Tariffs Sow Confusion as Negotiators Line Up,Yahoo,https://finnhub.io/api/news?id=8d77b4a5312861a1b36b5c4de5e0d402f678c4a56fecaa5d4eda2faec7c6b87c,0.091,0.836,0.073,-0.4019,2025-04-15
2025-04-14 17:05:37,Trump Looks at Tariff Pause for Some Autos After Electronics’ Tariff Exemptions,Yahoo,https://finnhub.io/api/news?id=e19b5a0ea19e99a14567c4aef3b74c7026026f65ada1846b235a84adc6da91d0,0.02,0.88,0.1,0.8,2025-04-15
2025-04-14 16:57:58,"Apple Inc. (AAPL): “China Would Lose 2 Million Workers,” Says Jim Cramer",Yahoo,https://finnhub.io/api/news?id=7cbcd42157c100b97758d6ec04f9546d2c2b01c6a9b21421a2de68fc1a5ed77d,0.038,0.933,0.029,-0.1531,2025-04-15
2025-04-14 16:50:18,"Stock Market Today: Dow Jones Up But Trump Tariff Pop Fades; Palantir Fights For Key Level, Nvidia Falls (Live Coverage)",Yahoo,https://finnhub.io/api/news?id=e59480928e296f8e2f814abeea0b0d88f6d00cd0788c8d10295a03c2d3f15349,0.129,0.813,0.059,-0.5719,2025-04-15
2025-04-14 16:48:00,"Reddit, Pinterest, and Other Stocks That Look Like Better Buys Than the Mag 7",MarketWatch,https://finnhub.io/api/news?id=f3d07668fba37212f0b22b6df8665ae058774dbfcb88e003dc572c6f2b63626d,0.0,0.69,0.31,0.8689,2025-04-15
2025-04-14 16:40:00,"The Dow and S&P 500 rise slightly, but tariff and recession fears linger",Yahoo,https://finnhub.io/api/news?id=6202d58beab08f8cb0c03fe02086549359bb7d7b57c34579e04eafcac6737596,0.321,0.679,0.0,-0.9612,2025-04-15
2025-04-14 16:36:19,"Why Palantir, Apple, and Micron Rallied Monday",Yahoo,https://finnhub.io/api/news?id=d70499529f79327547e7b1cec6a9a7b057838dffd2a0d31318107371b9f791f8,0.0,0.847,0.153,0.4404,2025-04-15
2025-04-14 16:27:18,Stock Market Today: Dow Jones Up As Fed's Waller Says This On Rate Cuts; Trump Wants To 'Help' Autos But Tesla Lags (Live Coverage),DowJones,https://finnhub.io/api/news?id=b5a5823d6d2f8b33f4db64be005ff8548d1d71cba5ca770ea8527784a20507dd,0.187,0.72,0.093,-0.6705,2025-04-15
2025-04-14 16:19:11,"Apple Built iPhone Inventory Ahead of Tariff War, Data Show",Yahoo,https://finnhub.io/api/news?id=9f25a51b515e14bd058f28a60819fe9559677a98ab99e574992874f851a7b3c4,0.049,0.925,0.025,-0.4404,2025-04-15
2025-04-14 16:16:00,"These Stocks Moved the Most Today: Apple, Dell, Nvidia, Tesla, Goldman, Intel, Palantir, GM, Ford, and More",MarketWatch,https://finnhub.io/api/news?id=8a67917186a8510345d026fa412bab904136d5e3ccf21f7b7e3829b56273cfea,0.0,1.0,0.0,0.0,2025-04-15
2025-04-14 15:55:34,Trump's tariffs and threatened trade actions,Finnhub,https://finnhub.io/api/news?id=7a65ddd188aa599aeab160e2860ef5899b486e9cec51612cf27ccca433523f66,0.269,0.731,0.0,-0.91,2025-04-14
2025-04-14 15:40:36,Apple Wins Upgrade After Tariff Reprieve Eases Wall Street Concerns,Yahoo,https://finnhub.io/api/news?id=6c87d3554f7eeeb122ff041cdc4c43fa36bb0a9c04e301309e969917ea0d23d9,0.052,0.524,0.424,0.9313,2025-04-14
2025-04-14 15:26:00,Apple Stock Surges on Tariffs News. But Wall Street Still Has Some Concerns.,Yahoo,https://finnhub.io/api/news?id=40a7e4a4d00c6b66557822a7a9f56268ec37e85d2ab2fe739f7a3fee23e66208,0.0,0.876,0.124,0.5023,2025-04-14
2025-04-14 15:24:00,"Dow's 500-point rally highlighted by gains in shares of Apple, Amgen",MarketWatch,https://finnhub.io/api/news?id=35252498fb89524b2fa5e9031aad0ad355981e09c7b36d73032de3f1e00f4416,0.0,0.662,0.338,0.802,2025-04-14
2025-04-14 15:19:00,This Money Pro Predicted the Recent Stock Selloff. Here’s What He Expects Now.,MarketWatch,https://finnhub.io/api/news?id=3766da50295cb8577f2b1530ab44d62453cd841969f5bdba51781b284f40fea0,0.0,1.0,0.0,0.0,2025-04-14
2025-04-14 15:17:40,"Apple, Nvidia, Goldman Sachs: Market Minute",Yahoo,https://finnhub.io/api/news?id=d6a14c77b94b6d23ac761963362d2b6c941a72ace9729dc7d4708c2533e2bc9c,0.0,0.909,0.091,0.7506,2025-04-14
2025-04-14 15:10:22,Bullish trade in Apple options reaps gains as shares jump on tariff exemption,Yahoo,https://finnhub.io/api/news?id=cd5ce9ca0ff135fe787a9dfd06b1533b462561d8950b73238e96117b18172a51,0.0,0.83,0.17,0.9764,2025-04-14
2025-04-14 14:56:02,Bullish Options “Example Trade” Involving AAPL Unveiled by Schwab Network,Yahoo,https://finnhub.io/api/news?id=15cee945d27b525b9c39ec837f06f711b61a73ba5b6119e1b03b198effd7a1da,0.0,0.953,0.047,0.4939,2025-04-14
2025-04-14 14:38:33,"Tech, auto shares gain as Trump floats more tariff exemptions amid confusion",Finnhub,https://finnhub.io/api/news?id=da7ea79ea27300a241eae59d823fa41bd78b0297f63495e4eb9e15ce8a88214e,0.044,0.8,0.156,0.6808,2025-04-14
2025-04-14 14:36:31,"Apple Gets Some Tariff Breathing Room, Wedbush Says",Yahoo,https://finnhub.io/api/news?id=15eca1ebc85c8e15bc8e8f5624276092b8f80fcf19aa694640c7154ad95b34ad,0.0,1.0,0.0,0.0,2025-04-14
2025-04-14 14:35:40,"Nvidia commits $500 billion to AI infrastructure buildout in US, will bring supercomputer production to Texas",Yahoo,https://finnhub.io/api/news?id=ed1372909302a54b1bbc97818cd85263d7fc90fd104a2c638b2ce54b9092228e,0.0,0.97,0.03,0.0258,2025-04-14
2025-04-14 14:25:24,"Smartphone tariff exemption may be 'semi-permanent,' analyst says",Yahoo,https://finnhub.io/api/news?id=5617cab434f10fbfbc694c01ff6351fada57e2505fa3b1facebb16cfae8a5bb2,0.0,0.93,0.07,0.7184,2025-04-14
2025-04-14 14:22:00,"Apple, Travelers share gains contribute to Dow's 383-point climb",MarketWatch,https://finnhub.io/api/news?id=1754192b3026519f0dcfaf0e9cceda62eff5a093c1432023e3b402e02a69b086,0.0,0.603,0.397,0.802,2025-04-14
2025-04-14 14:19:06,Schwab Suggests Apple (AAPL) Got a Major Reprieve From Trump,Yahoo,https://finnhub.io/api/news?id=d1c4032572401567dd766624aa099f917a158521221a978a3855dabdae755b34,0.025,0.951,0.024,-0.0258,2025-04-14
2025-04-14 14:09:00,Meta’s Antitrust Trial Begins Today. Why It’s So Important.,MarketWatch,https://finnhub.io/api/news?id=1b8c365999c8986b709f9a09d9c48b84ef59a96929be9f9a7530ab1bf3727e35,0.0,0.772,0.228,0.5765,2025-04-14
2025-04-14 13:21:00,"Apple, Goldman Sachs share gains contribute to Dow's 239-point jump",MarketWatch,https://finnhub.io/api/news?id=04bbdefd6959c2d33882d984c7754f88e85c7b0c7e1c53f3df7b40dcfaa2c792,0.0,0.635,0.365,0.802,2025-04-14
2025-04-14 13:16:15,"Apple Tops Global Smartphone Sales With 19% Share, Boosted By iPhone 16e, Emerging Market Growth",Benzinga,https://finnhub.io/api/news?id=961a9f77ccbfad68878d0a0a5d1cc6bdea402d4d8ce633dbd69631ffb2a764d2,0.0,0.651,0.349,0.9578,2025-04-14
2025-04-14 12:37:14,Apple Is Exempt From Trump's China Tariffs,Finnhub,https://finnhub.io/api/news?id=886186d999363bf71261691bbbde4daf1e7ed6658d0b246b12039cea2b56d7cd,0.0,0.867,0.133,0.5719,2025-04-14
2025-04-14 11:56:00,"Apple, Travelers share gains lead Dow's 135-point climb",MarketWatch,https://finnhub.io/api/news?id=0e69b1f728d629c7ffb64a25982ab38008cb39e16328ad40b103ab2012f618ad,0.0,0.566,0.434,0.802,2025-04-14
2025-04-14 11:45:18,7 Chipmaker Stocks Set To Gain As Trump Delays Tariff Blow On Key China Tech Imports: Bank Of America,Benzinga,https://finnhub.io/api/news?id=1ca65dbee11b9d7130c02403e0ef7fef1be265ed72ea7a9126338562d045ca06,0.0,0.874,0.126,0.6369,2025-04-14
2025-04-14 11:38:04,"Global tech shares gain on US tariff exemptions, but uncertainty remains",Finnhub,https://finnhub.io/api/news?id=7aa77454f975aa2ca8860cafc6c5d16c79fdbe68e7b93532f1962817855f3d36,0.066,0.744,0.19,0.5927,2025-04-14
2025-04-14 10:50:00,"Nike, Apple share gains lead Dow's 515-point rally",MarketWatch,https://finnhub.io/api/news?id=2c31eb7f586cc851c8986fccbf4c64766bbbe609a4101a94087a0934ade19e52,0.0,0.566,0.434,0.802,2025-04-14
2025-04-14 10:50:00,Wall Street Lunch: Apple Leads Q1 Global Smartphone Sales,SeekingAlpha,https://finnhub.io/api/news?id=893afd38fff1dd905c57c70d824563f21e2e8ddfc8fb17a57aa1abf7a667e62b,0.0,1.0,0.0,0.0,2025-04-14
2025-04-14 10:30:00,AIPI: Not Convinced Of The Fund's Strategy,SeekingAlpha,https://finnhub.io/api/news?id=7cd69dab1a03726fd5f3c724ae9ecbdcfc451e3938bb5c585768db33b94f00cc,0.273,0.727,0.0,-0.3089,2025-04-14
2025-04-14 10:14:00,Clouds Part Over Apple’s Stock—for Now,DowJones,https://finnhub.io/api/news?id=d4a755a43fc1262cbdf9ab3f7e71e9d9d0f0c15dba9e54457988b341bc522549,0.0,1.0,0.0,0.0,2025-04-14
2025-04-14 10:10:12,"You Snooze, You Lose: Federal Circuit Emphasized Once Again The Importance Of Preserving Issues For Appellate Review",Finnhub,https://finnhub.io/api/news?id=fd3a79eaff456acb1e121be27f132ae0468c87d247b2966cfb81b168c8bc7ea9,0.055,0.894,0.051,-0.0516,2025-04-14
2025-04-14 10:08:49,Apple Stock Rises On Limited Tariff Relief. Uncertainty Remains.,DowJones,https://finnhub.io/api/news?id=f8f1ed925407800c904f9718c57d04d2db6dba618e370a198de895c4cce3028a,0.321,0.448,0.231,-0.1027,2025-04-14
2025-04-14 09:56:25,China - United States: the end of tariff escalation?,Finnhub,https://finnhub.io/api/news?id=98f5c25470ea7fa2cf10ccb83470edb098071180432f9910e15777447c96b84e,0.0,0.877,0.123,0.6808,2025-04-14
2025-04-14 09:47:02,"Dow Jones Surges 500 Points On Trump Tariff News; Apple, Nvidia, Tesla Rally",DowJones,https://finnhub.io/api/news?id=949debc0bb34e46204dbc7d79b8ea4cd46bd71cc32a56b4b3350550940749adc,0.0,1.0,0.0,0.0,2025-04-14
2025-04-14 09:45:00,"Apple, Nike share gains lead Dow's 400-point jump",MarketWatch,https://finnhub.io/api/news?id=bc844f676d73c8af65ba6e64292c6212c2f3efda56f9ad2171bd7299b3144378,0.0,0.566,0.434,0.802,2025-04-14
2025-04-14 09:25:08,"'Nobody Is Getting Off The Hook,' But iPhones Are: Reiterating Buy On Apple",SeekingAlpha,https://finnhub.io/api/news?id=60d54d6e1d9ca0abe4974de120e36695cc1941328e6d9a353b149af8bfd41c5c,0.073,0.764,0.162,0.6486,2025-04-14
2025-04-14 09:23:05,"Third Harmonic Bio, Apple, Dell And Other Big Stocks Moving Higher In Monday's Pre-Market Session (CORRECTED)",Benzinga,https://finnhub.io/api/news?id=b8ab044b818ba28332d7617d06f3422f73c22525e734918288b932f63a63975d,0.0,0.843,0.157,0.4215,2025-04-14
2025-04-14 09:22:34,"Top 10 Trending Stocks On WallStreetBets As Of April 14, 2025 (Via Swaggy Stocks)",Benzinga,https://finnhub.io/api/news?id=646c39d9ffe3d22b3622be1670ee390defbbb478550d8bee0580661ba8d2b19d,0.0,0.886,0.114,0.2023,2025-04-14
2025-04-14 09:15:00,Trump Just Folded On Tariffs For The Second Time: Why I Am Bullish On U.S. Treasuries,SeekingAlpha,https://finnhub.io/api/news?id=fe1a11ad1768c5ced673bc380ef46d0d5e9bdc0c95b1eaa6bd6f2cc614384a9e,0.0,0.888,0.112,0.2263,2025-04-14
2025-04-14 09:01:34,"Trump moves to impose tariffs on semiconductors, but suggests flexibility",Finnhub,https://finnhub.io/api/news?id=d79e8bd1ff10ab3e0e3859405c675ddbd0049c71df89fd030bbcad3423e417d9,0.124,0.789,0.087,-0.0772,2025-04-14
2025-04-14 08:56:09,"Global tech shares gain as US exempts smartphones, computer parts from tariffs",Finnhub,https://finnhub.io/api/news?id=4881df4d6620737346e63f9c4aa848cd08102f1a7310e04f1c2b1fcffa2f7090,0.0,0.818,0.182,0.8271,2025-04-14
2025-04-14 08:49:13,Apple Shares Advance After Wild Weekend of Tariff News,Finnhub,https://finnhub.io/api/news?id=55b9ca766d755c76c736e0bceab93174f3e985ca80d76c322bf99a550c11147e,0.0,0.901,0.099,0.5267,2025-04-14
2025-04-14 08:41:06,Avoiding Losses Is The Name Of The Game,SeekingAlpha,https://finnhub.io/api/news?id=fb12bcd5e434aa92b7947b9ec3cf0ba2eaabc84e1527a3a8aeedf152a30cd5f2,0.251,0.659,0.09,-0.743,2025-04-14
2025-04-14 08:00:00,"Apple: Exempted From Tariffs, But Still Not A Buy (Rating Upgrade)",SeekingAlpha,https://finnhub.io/api/news?id=01cd2127733b5f407665e29fb7b3125b4c1a837948526c99e94fc9ab2b9353c1,0.098,0.664,0.239,0.6652,2025-04-14
2025-04-14 07:15:00,Berkshire's Underappreciated Potential During Turmoil,SeekingAlpha,https://finnhub.io/api/news?id=5d2e96be40995d3475f4820a98d8579c1794abf30cd6d4c6e217ab8b2193ab53,0.385,0.615,0.0,-0.3612,2025-04-14
2025-04-14 06:56:33,"Trump Exempts Tech Gear From Huge Tariffs, Temporarily. Apple, Nvidia Jump.",DowJones,https://finnhub.io/api/news?id=30791ffbcb491b33af3233a6da9c8b8816c521cef356a991f8bc3d48b0b98d74,0.0,0.813,0.187,0.5574,2025-04-14
2025-04-14 06:48:09,Wall Street Breakfast Podcast: Goldman Sees Oil Sliding Into 2026,SeekingAlpha,https://finnhub.io/api/news?id=3500dfd1085e74e447374d7aebe95a783d2e12c7d3f3595c041f5555d04f9f48,0.049,0.951,0.0,-0.2732,2025-04-14
2025-04-14 06:29:00,Trump Tariffs Reprieve Can’t Mask Recession Fears. Why Stock Markets Shouldn’t Cheer Yet and 4 Other Things to Know Today.,MarketWatch,https://finnhub.io/api/news?id=ba5a0a7dd93e1d22b7a7a303b73a90709f2e31ef6f62fe2bae1faf5de141f015,0.216,0.656,0.127,-0.5574,2025-04-14
2025-04-14 06:20:47,"Between tech and tariffs, Trump sets the pace",Finnhub,https://finnhub.io/api/news?id=b571b8cee62be14969a5d3b294a5bc2726513d42b8e8ad6aff75f1be030ccd91,0.031,0.879,0.09,0.4019,2025-04-14
2025-04-14 06:13:16,"Asian Tech Stocks, Apple Suppliers Rise Broadly After U.S. Tariff Respite -- Update",Finnhub,https://finnhub.io/api/news?id=d5edc96568607a43794ab93fd94dc3597516068c5a3f6c641034667499da9292,0.0,1.0,0.0,0.0,2025-04-14
2025-04-14 06:06:01,"Global tech shares gain on US exempts smartphones, computer parts from tariffs",Finnhub,https://finnhub.io/api/news?id=e86e9801ea1447595984072d8de2572d8e1b051c62a3a06c8938d0f1e7176649,0.0,0.818,0.182,0.8271,2025-04-14
2025-04-14 04:56:41,Palantir Should Be Breaking New Highs,SeekingAlpha,https://finnhub.io/api/news?id=5c883dac3f8efbe6332408657593be8b684e4198111294a2067e2bd3a57c4a98,0.0,1.0,0.0,0.0,2025-04-14
2025-04-14 02:26:57,Apple shares lead tech higher after tariff exemptions,Finnhub,https://finnhub.io/api/news?id=64b961f3dcdc42432d05e555600186a53f2433007852ba549989b5830d4ad44d,0.0,0.838,0.162,0.6597,2025-04-14
2025-04-14 02:14:08,"Asian Tech Stocks, Apple Suppliers Rise After U.S. Tariff Reprieve",Finnhub,https://finnhub.io/api/news?id=efcb312d763831d18f6238d934a9fa180c739c4c86e6efba04ffd3aca38b16eb,0.0,1.0,0.0,0.0,2025-04-14
2025-04-13 23:36:19,Asian tech stocks bounce back after Trump tariff exemptions,Finnhub,https://finnhub.io/api/news?id=2526ebe3c65e07d8af9ea07ecc8360a491d088fc0181a1b0478b708f4e4eb32c,0.0,0.839,0.161,0.6908,2025-04-14
2025-04-13 23:02:43,"Tariffs on imported semiconductor chips coming soon, Trump says",Finnhub,https://finnhub.io/api/news?id=9d87d56a043a9db82870a2e488d3a9e92d7b3e699f7eee61dff00b445b1b3c71,0.0,0.942,0.058,0.34,2025-04-14
2025-04-13 22:31:41,Taiwan tech supply chain stocks bounce back after Trump tariff exemptions,Finnhub,https://finnhub.io/api/news?id=0d726f03dde053af93b2fc38190f274fa49949b1a6902cd28460a065e6adce49,0.0,0.894,0.106,0.5423,2025-04-14
2025-04-13 20:00:00,Apple: Tariffs Are Another Nail In The Weak Growth Story,SeekingAlpha,https://finnhub.io/api/news?id=5c7701dbef7e8dd8f7008d5fe718413af70535061655835b855233a4801d7093,0.215,0.593,0.193,-0.0772,2025-04-14
2025-04-13 17:53:17,Trump says chips from China will face national security probe; further tariffs expected,Finnhub,https://finnhub.io/api/news?id=de96e4d12aa3544d67cfac6243c78bdbf99fdff1258c0c06e93849984698a5ef,0.094,0.852,0.054,-0.2023,2025-04-14
2025-04-13 17:29:00,Wall Street Brunch: Tariffs For Some,SeekingAlpha,https://finnhub.io/api/news?id=7c11b94ca2ec4942e1949dd9656f37c2fac1ebf3dc53b86380efeaffccad9341,0.0,1.0,0.0,0.0,2025-04-14
2025-04-13 16:30:00,"Apple, Nvidia get tariff exemptions for now, but ‘massive uncertainty’ lies ahead",MarketWatch,https://finnhub.io/api/news?id=51f75fae5cc3b1c80305612e6c9ed846e1d4e6f21f89ead6232314d9d522763d,0.252,0.748,0.0,-0.8126,2025-04-14
2025-04-13 16:19:00,ClearBridge Large Cap Growth ESG Strategy Q1 2025 Commentary,SeekingAlpha,https://finnhub.io/api/news?id=9dce9a7e0cb758c599555c55ee64d26c6885c4334e8b06c537fed55dc1ed5daf,0.0,0.776,0.224,0.7783,2025-04-14
2025-04-13 16:07:00,The Lessons of Trump’s Tariff Exemptions,DowJones,https://finnhub.io/api/news?id=605895b92c9d519aaa793e25e579b931c743ceea1fb31fcdd05a0b2546be3317,0.0,1.0,0.0,0.0,2025-04-14
2025-04-13 14:23:03,PFM: Dividend Growth ETF With High Fees And Average Result,SeekingAlpha,https://finnhub.io/api/news?id=f3d8630b0a36d538c7de984815e01ea673951c2b0c1d5b3aa52588539d547dbf,0.0,0.776,0.224,0.3818,2025-04-14
2025-04-13 13:15:00,ClearBridge Appreciation ESG Strategy Q1 2025 Commentary,SeekingAlpha,https://finnhub.io/api/news?id=e1482822139534b3cf52f21a40eba7b71687da970c3c2ff83e4d40f14f065caa,0.0,0.736,0.264,0.8271,2025-04-14
2025-04-13 09:30:26,"Software Engineer Making $9,000 a Month in Dividends Shares Portfolio, Says He 'YOLO'd Tech Stocks in IRA'",Benzinga,https://finnhub.io/api/news?id=bdfd48d1f25d5ebcef79099937d354ec26a069d6622101457146a19c7d2f5aae,0.0,0.879,0.121,0.296,2025-04-14
2025-04-13 09:24:52,US Commerce Secretary says exempted electronic products to come under separate tariffs,Finnhub,https://finnhub.io/api/news?id=50a9e89660aded53d60cb3fe3119707c3b3453b712e7f75bbe10503c3d9147d0,0.0,1.0,0.0,0.0,2025-04-14
2025-04-13 09:15:00,SCHD's Portfolio Shake-Up: What It Means For Investors (Rating Downgrade),SeekingAlpha,https://finnhub.io/api/news?id=c263ba91fd2f5f97e2245d7d6f38efdbee4b461a2189aef3eb9e8358f6ec77e0,0.0,1.0,0.0,0.0,2025-04-14
2025-04-13 09:00:00,"Taiwan Semiconductor Earnings Preview: Despite Risks And Headwinds, Valuation Remains Attractive",SeekingAlpha,https://finnhub.io/api/news?id=ec3e14ff675611abacd32a04f33568827a64b0539ee99cda663849f9c6a902ed,0.0,0.656,0.344,0.5739,2025-04-14
2025-04-13 05:30:00,Tim Cook’s ‘Long Arc of Time’ Prepared Apple for the Trade War,DowJones,https://finnhub.io/api/news?id=72f8a7e0e36e1f2233d533964578423247b7b3551c07d01caf3088220d5c1730,0.247,0.633,0.12,-0.7184,2025-04-14
2025-04-13 02:00:00,Here’s Savvy Advice on What to Do With Tech Stocks Now,MarketWatch,https://finnhub.io/api/news?id=9a99fc2396d0e4b0075116e53312e9e7f1628bee9a5c364d1bb0d02d0a81be28,0.0,1.0,0.0,0.0,2025-04-14
2025-04-13 01:29:33,"Apple Gains From Trump Tariff Reversal, But Is Still Too Pricey",SeekingAlpha,https://finnhub.io/api/news?id=794f14f711f3aa90113328cd520a426fd56db5e03ecc803353c1013cf0d1dd87,0.0,0.87,0.13,0.6059,2025-04-14
2025-04-12 19:20:00,"Trump Exempts Some Electronics, Including Smartphones, From Tariffs on China",Yahoo,https://finnhub.io/api/news?id=e96b3a26be3231d3f025a8d38f4da424cedca6277ba00fe118098fe59fec8391,0.0,0.932,0.068,0.4588,2025-04-14
2025-04-12 18:14:13,"Apple, Nvidia Score Relief From US Tariffs With Exemptions",Yahoo,https://finnhub.io/api/news?id=b69f6094a957931170b13a8719803b4a3841910374b7d1dd7c36a1786b63dcf1,0.0,0.961,0.039,0.4767,2025-04-14
2025-04-12 17:42:00,"Apple, Nvidia, Dell, and Others Get a Tariffs Exemption Under New Rules",Yahoo,https://finnhub.io/api/news?id=89d65663f4552416bf2edebe0645d9b4f4e321ccdd280cce2466c403f480efdb,0.0,1.0,0.0,0.0,2025-04-14
2025-04-12 17:39:00,"Apple, Nvidia, and Microsoft can 'breathe a huge sigh of relief' after Trump's China tariff exemptions",Yahoo,https://finnhub.io/api/news?id=767d7938ce5685cee656132cde20175f6c494e0b05f622b96fb8b3b69d2f52bd,0.121,0.752,0.127,-0.38,2025-04-14
2025-04-12 17:19:54,"Jim Cramer On Apple Inc. (AAPL): “Own Apple, Don’t Trade It!”",Yahoo,https://finnhub.io/api/news?id=02fbcca1d10da0956d2ae014a86f19a85ed1fa44378b5136019a5f4c09661248,0.05,0.95,0.0,-0.5411,2025-04-14
2025-04-12 15:49:02,"US exempts smartphones from reciprocal tariffs, seen as positive for Apple",Yahoo,https://finnhub.io/api/news?id=d5488a326906e16be9d38067189ea9ddac5dc9fb0876507f1d247b6be32fff32,0.037,0.812,0.151,0.891,2025-04-14
2025-04-12 15:42:34,Smartphones and computers are now exempt from Trump’s latest tariffs,Yahoo,https://finnhub.io/api/news?id=02b745feb46e2cc4e03b4dd004bafb6cd54b9a29f4a9f094a4d1cd92d5d45e83,0.0,0.859,0.141,0.5574,2025-04-14
2025-04-12 15:39:33,Trump administration says it will exclude some electronics from 'reciprocal' tariffs,Yahoo,https://finnhub.io/api/news?id=24826da858427a527b22907b75cc089e9384369abe020e5aecf7901f1f850335,0.095,0.775,0.13,0.34,2025-04-14
2025-04-12 15:37:33,"Trump spares smartphones, computers, other electronics from China tariffs",Finnhub,https://finnhub.io/api/news?id=a05ceb43620a5a0df0f5eab6b85754e75a2f61aea89ab03ee05df5af05ed0651,0.0,0.939,0.061,0.25,2025-04-14
2025-04-12 14:00:19,Mark Zuckerberg's empire at stake as Meta prepares to battle Trump's antitrust cops in court,Yahoo,https://finnhub.io/api/news?id=55f2d5976866b96d1bd1a65933e4714cb3f4b0134d7b61549dd1178b47bc1edf,0.088,0.861,0.051,-0.296,2025-04-14
2025-04-12 13:57:30,"Trump spares smartphones, computers, other electronics from his 125% China tariffs",Finnhub,https://finnhub.io/api/news?id=bc4c42776d657c10cf9bec42d5021e78aa7f26aeaffe4d090198c702cf6bfefd,0.0,0.947,0.053,0.25,2025-04-14
2025-04-12 13:42:00,"Apple, Nvidia, Dell, and Others Get a Tariff Exemption Under New Rules",MarketWatch,https://finnhub.io/api/news?id=3ac03698ccc135ee0cd256d33c0eb5e903b4da3f1f6c70cd81334e0fd05e3ba3,0.0,1.0,0.0,0.0,2025-04-14
2025-04-12 13:27:45,"Trump spares smartphones, computers from his 125% China tariffs",Finnhub,https://finnhub.io/api/news?id=8439c9a305b3507a9d67e5f59237996a103a9dadf516369f0c9ed16f2e5c073e,0.0,0.944,0.056,0.25,2025-04-14
2025-04-12 13:00:52,Tariff confusion leaves tech shoppers questioning if they should buy now or risk waiting,Yahoo,https://finnhub.io/api/news?id=8927c8b14aa2fbd9d193903f73ad1142edec704df9eec614cdfca80861980a78,0.294,0.706,0.0,-0.8225,2025-04-14
2025-04-12 13:00:00,"Apple's 'complete disaster,' Microsoft's tariff uncertainty, and Amazon's vibe: Tech news roundup",Yahoo,https://finnhub.io/api/news?id=fa7b7abc721f86031794f8bec4e9e42e73517fe86949d6bb534e1297ab69a5f1,0.206,0.794,0.0,-0.7579,2025-04-14
2025-04-12 12:33:44,Is Apple Inc. (NASDAQ:AAPL) the Best Tech Stock to Buy For Long-Term Investment?,Yahoo,https://finnhub.io/api/news?id=e570ff00ec6b5aeebc3881ec355c87f47f1b15c8277845aa6f3b6c8a07a91616,0.0,0.889,0.111,0.8555,2025-04-14
2025-04-12 12:00:05,'Global diversification is back' as US exceptionalism fades,Yahoo,https://finnhub.io/api/news?id=454860e7dc0dc7f18960f1583184ddfd69655d29340afa185749ec311bdbb981,0.032,0.868,0.1,0.7732,2025-04-14
2025-04-12 11:44:05,Trump administration says it will exclude some electronics from reciprocal tariffs,Finnhub,https://finnhub.io/api/news?id=7fa2391a8f25539078b9968d1c48bed14e1f3405364873c4b5df98e49ce51677,0.081,0.748,0.171,0.6369,2025-04-14
2025-04-12 11:00:00,Should You Forget Apple and Buy These 2 Tech Stocks Instead?,Yahoo,https://finnhub.io/api/news?id=9fe1c446bc3f02c5b522887fbc465be2bd8c4d7956da20e1db76449f55138ade,0.079,0.921,0.0,-0.2263,2025-04-14
2025-04-12 09:30:00,"Apple: The Bullish Thesis Is Breaking Down, But I'm Buying (Rating Upgrade)",SeekingAlpha,https://finnhub.io/api/news?id=55e612b7ac2c2a15b449fd182b83a579b16e7ea20c650cf26a09b962619f2991,0.0,1.0,0.0,0.0,2025-04-14
2025-04-12 08:01:20,"Benzinga Bulls And Bears: Apple, Nike, US Steel — And The Markets Ride Out Ongoing Volatility",Benzinga,https://finnhub.io/api/news?id=6ff1a8b08e0f022412db2dc2306b5472be61abf228c617b3dac269f3ad0c9eef,0.0,0.837,0.163,0.7184,2025-04-14
2025-04-12 08:01:00,Warren Buffett Owns 2 Artificial Intelligence (AI) Stocks That Wall Street Says Could Soar Up to 50%,Yahoo,https://finnhub.io/api/news?id=0188aa1f01ec85a95c261e40b0c9c0b03e3214aeb9961398fa626c2ca7ee2866,0.0,0.747,0.253,0.9652,2025-04-14
2025-04-12 06:08:58,Tariff Panic? Why I'm Buying More Microsoft While Others Sell,SeekingAlpha,https://finnhub.io/api/news?id=e1faf76d944afb070c7366ed911f1b5e7ab6d29a8477ba3a3cef3ffb0e3ece0c,0.268,0.732,0.0,-0.5106,2025-04-14
2025-04-12 05:47:25,5 Key Investment Trends To Watch For The Next Decade,SeekingAlpha,https://finnhub.io/api/news?id=5f1c35104f03d7603b4f8aacc4a4d057adaabe6f0ff56355ead1941caff35a52,0.0,1.0,0.0,0.0,2025-04-14
2025-04-12 05:00:00,Meta’s Tariff Troubles Are Contained. Other Problems May Not Be.,MarketWatch,https://finnhub.io/api/news?id=f25f4399962b6574c9059730bead14343d16d45e21aadfea998d1256482b9470,0.416,0.584,0.0,-0.886,2025-04-14
2025-04-11 23:29:00,"Apple Stock’s Resilience Means This Is an Opportunity, Says BofA. Plus, Meta, Occidental, and More.",Yahoo,https://finnhub.io/api/news?id=6a12d218178a2619bcb1b7f8bc3dd3a2cbc0968886249d317d9c13ad3f36dd18,0.0,0.947,0.053,0.4215,2025-04-14
2025-04-11 22:31:32,Apple Leads Magnificent 7 Stocks Higher Friday to Cap Off Volatile Week,Yahoo,https://finnhub.io/api/news?id=af3f5407a91c48c928b2c1520a33e2af99f0783880bae4e922bb74c90152adfe,0.0,0.773,0.227,0.875,2025-04-14
2025-04-11 22:17:41,"Apple has 50% chance of getting tariff exemptions, analyst says",Yahoo,https://finnhub.io/api/news?id=e6f1da5ab4114ae7e4ce2be0a05729664e95d30170f43fae1cc5f091292dbe53,0.04,0.93,0.03,0.0828,2025-04-14
2025-04-11 22:17:00,Why the Zacks Rank is More Important Than Ever,Yahoo,https://finnhub.io/api/news?id=e9d9e1bf52e8fae3ccfcca7727a538348972f34df3615adfcd561f434af08e07,0.0,0.85,0.15,0.7089,2025-04-14
2025-04-11 22:00:00,"Apple’s China-Centric Supply Chain, Once Its Greatest Asset, Is Now a Liability",DowJones,https://finnhub.io/api/news?id=3a34f39e926e75e0f00895a14b3818ba0a6d34a790dd3431398258800859f97d,0.103,0.514,0.383,0.8957,2025-04-14
2025-04-11 19:48:00,Art Is in a Bear Market. A Trade War Won’t Help.,MarketWatch,https://finnhub.io/api/news?id=1131c7ebd25bfae75ed43d91cd28397c1a8464345c1a525b9112c764b5afe74f,0.25,0.577,0.173,-0.5267,2025-04-14
2025-04-11 18:39:11,Apple's Supply Chain Strength,Yahoo,https://finnhub.io/api/news?id=c18d89dd758c33ca0d2699bdf522e46175e474dc0f1cd2b2d9a08162d7817755,0.0,0.922,0.078,0.4939,2025-04-14
2025-04-11 18:16:00,Jim Cramer on Apple (AAPL): “What is the Most Hurt Stock? Apple. Are Those Just Fools Buying It?”,Yahoo,https://finnhub.io/api/news?id=ac7513d504b43aa94e8f08e1a396219e3857cbef0a6d3d3982d231ede69822cb,0.117,0.883,0.0,-0.8642,2025-04-14
2025-04-11 17:59:00,"These Stocks Are Moving the Most Today: JPMorgan, Wells Fargo, Texas Instruments, Newmont, Apple, Nvidia, Tesla, and More",Yahoo,https://finnhub.io/api/news?id=8871bf03470f156e8d2c21023ce078ab015671d7ca21a99d18545fdc9d354a53,0.084,0.818,0.098,-0.0958,2025-04-14
2025-04-26 00:00:00,"Pope Francis Modernized the Vatican’s Investment Program, With Some Caveats",Yahoo,https://finnhub.io/api/news?id=676beb5c8ee9fffeff1f694192fb0db302464df682c0d52f147dc05317f67739,0.098,0.787,0.115,0.2023,2025-04-28
2025-04-25 23:00:00,"Mag 7 earnings, PCE data, April jobs report: What to Watch",Yahoo,https://finnhub.io/api/news?id=59c61d12412778543bf0ca19db22486da6131fde64f982e54d339d6cd0278926,0.015,0.906,0.079,0.7522,2025-04-28
2025-04-25 22:35:13,Is Apple Inc. (AAPL) the Best Safe Stock to Buy According to Hedge Funds?,Yahoo,https://finnhub.io/api/news?id=b7de4d95917cbde97ca3f01571cf3512cbc1e314209111cb2b6f462f3ac28ba8,0.0,0.75,0.25,0.9694,2025-04-28
2025-04-25 21:30:13,"Investing Action Plan: Apple, Amazon, Pfizer, Caterpillar And Sparring With The Fed",Yahoo,https://finnhub.io/api/news?id=81f932e90cda346b57f62177a36ac775642c63c04439731b917b66e0910e505c,0.102,0.809,0.089,-0.3612,2025-04-28
2025-04-25 21:19:00,Mag 7 Earnings Preview: What Can Investors Expect?,Yahoo,https://finnhub.io/api/news?id=bf8071961301fb4d9f077dc891840b4b32033c78fb649f9cc789f270442e1739,0.0,0.829,0.171,0.8577,2025-04-28
2025-04-25 20:42:00,"Tesla Stock Is a Buy for 3 Reasons, Says Analyst. Plus, Apple v. Tariffs, and More.",Yahoo,https://finnhub.io/api/news?id=12e112076252cea2c5d86a190782c0ccb9cbd87311f3d5cca18699c3d8b5b8ba,0.0,1.0,0.0,0.0,2025-04-28
2025-04-25 20:32:42,"Stock Market Today: Nasdaq Jumps, Dow Jones Flat To End A Big Week; Apple Makes Huge Plan Amid Trump Tariff Threat (Live Coverage)",Yahoo,https://finnhub.io/api/news?id=de632ba0b1a328a8b2ee7361a74b94db9762414ac644d8544f002c6c4bb47d15,0.065,0.845,0.09,0.0772,2025-04-28
2025-04-25 19:56:21,Tariff uncertainty creeps into tech earnings,Yahoo,https://finnhub.io/api/news?id=74cba4a3ec7eb128079cd94763c2ff969e5ec72cc9989f25d4d340d01a6f64b3,0.146,0.854,0.0,-0.34,2025-04-28
2025-04-25 17:47:00,Alphabet Offered Hope. What to Expect From the Rest of Big Tech Earnings Next Week.,Yahoo,https://finnhub.io/api/news?id=b083ee0006656130639020de971351b875b728f62f94a62d0ec15a7f8c445fbd,0.0,0.881,0.119,0.5574,2025-04-28
2025-04-25 17:12:07,ChatGPT: Everything you need to know about the AI-powered chatbot,Yahoo,https://finnhub.io/api/news?id=c0bcfd13d83d0b75d076911a64219fb333804f4f3c0efd5ce52e172e9c8053e0,0.0,0.937,0.063,0.7003,2025-04-28
2025-04-25 17:11:00,Warren Buffett Is Still at the Top of His Game at 94. Berkshire Hathaway Faces a Future Without Him.,MarketWatch,https://finnhub.io/api/news?id=478d01620dcafd34e321125d89916973470cc6a6c77ed618fd199518bab09fd8,0.0,0.909,0.091,0.3818,2025-04-28
2025-04-25 16:49:00,OpenAI and Yahoo both want Chrome if Google has to sell,Yahoo,https://finnhub.io/api/news?id=861b7e1dd247a80c9aacf2771d718ed848d4ef27c44806b5899e8a40287e3e7e,0.0,0.831,0.169,0.7089,2025-04-28
2025-04-25 16:20:39,Tariff Concerns Loom Over Apple Earnings Report,DowJones,https://finnhub.io/api/news?id=99507b8474db0d382d1aae0fadb6b7dd580a920c0c00032453759b7bb6d2753a,0.241,0.759,0.0,-0.4215,2025-04-28
2025-04-25 16:08:25,QQQ: Nasdaq 100 Is Still A Bubble - Sell,SeekingAlpha,https://finnhub.io/api/news?id=de978dde57dbc9260845d12f628076cf2a8ee1cb666566f0d37da0c7d08fb874,0.0,1.0,0.0,0.0,2025-04-28
2025-04-25 16:00:32,Wall Street Shuffle: Game On For Nvidia And Tesla — And Game Over For These Stocks?,DowJones,https://finnhub.io/api/news?id=31511f34c2a18d4c324707a6aace106f74014164897d191b3d58b858818e0caa,0.0,1.0,0.0,0.0,2025-04-28
2025-04-25 15:58:55,"Former Cisco CEO John Chambers on tariffs: Yes, Apple can make iPhones in the US",Yahoo,https://finnhub.io/api/news?id=6f56b00bde9aee51d162b2b4c78bec8f3d27d996a7e4c1a8d01f29fe913c828a,0.0,0.836,0.164,0.6486,2025-04-25
2025-04-25 15:42:51,"Top Midday Stories: Alphabet Q1 Earnings, Revenue Rise; Apple Reportedly Plans to Shift US iPhone Production to India",Yahoo,https://finnhub.io/api/news?id=156fda18f3fbb035629eb24ab9aea52b07d9daf7a5ed8c55315d2a6e8c365885,0.0,0.945,0.055,0.2023,2025-04-25
2025-04-25 15:40:42,Why John Chambers expects more iPhones to be made in India & US,Yahoo,https://finnhub.io/api/news?id=626f2d0403202344095d3cbd57bb77977b1576900c2d7ae03fe1d71caf496580,0.036,0.964,0.0,-0.5994,2025-04-25
2025-04-25 15:31:02,Apple's Big India Move: U.S. iPhone Assembly to Exit China by 2026,Yahoo,https://finnhub.io/api/news?id=3986cbb43d04740d42c189b855cc85d06140de37506802697bdd990ec89d90e0,0.0,1.0,0.0,0.0,2025-04-25
2025-04-25 15:03:00,Bank of America unveils shocking Apple stock target before earnings,Yahoo,https://finnhub.io/api/news?id=8a571bc3a97e90f40690db5c50bcf5c6141303f4eaca3b4792113eb4f56e5dbe,0.119,0.881,0.0,-0.4019,2025-04-25
2025-04-25 14:45:42,Stock Market Today: Dow Jones Dips With Trump Tariff Headlines In Focus; Google Spikes On Earnings,Yahoo,https://finnhub.io/api/news?id=2534f57b8ed734f1fff09a4299ce2ed95ae129351dafd81cbd4bd17ed22ca10c,0.056,0.884,0.061,0.0516,2025-04-25
2025-04-25 14:43:00,Apple wants to build America's iPhones in India by the end of 2026,Yahoo,https://finnhub.io/api/news?id=b732e63966c60cfe76553067b721b138f82a261a4a34716d94cda73e53c1648a,0.064,0.936,0.0,-0.5994,2025-04-25
2025-04-25 14:39:22,Big Tech ETF rallies Friday to accelerate strong weekly advance,MarketWatch,https://finnhub.io/api/news?id=2ae32e98caa83db2ae8cf7dc39c1b04b7c3ef61f7d23f56ad16f1c7be6a8371e,0.0,0.732,0.268,0.765,2025-04-25
2025-04-25 14:11:00,Apple Has a Plan to Dodge Tariffs. Trump Might Not Like It.,Yahoo,https://finnhub.io/api/news?id=f75322730e9964482f58b1cc394e1db95d23d4f8a103a5a43737a1eae6276054,0.103,0.867,0.031,-0.6608,2025-04-25
2025-04-25 14:05:00,Earnings Dominating But Don't Sleep On Economic Data,SeekingAlpha,https://finnhub.io/api/news?id=ac09231e566caaa6b2229e3eeaf5f1acfdd5f8ed4f77322f937e5f54ebd72f90,0.164,0.71,0.125,-0.2617,2025-04-25
2025-04-25 13:57:50,Apple reportedly producing more iPhones in India: What to know,Yahoo,https://finnhub.io/api/news?id=d9e79398e58bf85c8ffebcc081cd5eaa7a52f2755e7139c46361d9bbbd16212e,0.028,0.972,0.0,-0.34,2025-04-25
2025-04-25 12:42:12,Apple moving most US iphone production from China to India,Finnhub,https://finnhub.io/api/news?id=7b34274408bbe3d9a0ddf2b691cc8b41a4079b301585287bde98a66ff29e4961,0.054,0.905,0.041,-0.1531,2025-04-25
2025-04-25 12:40:20,"You Might Not See Waymo Coming, But I Do: Maintaining Alphabet With A Buy",SeekingAlpha,https://finnhub.io/api/news?id=e0c0f39e2de301120cea24203342bc8feb29697141e1e8afdc14721defb17643,0.0,0.922,0.078,0.5267,2025-04-25
2025-04-25 12:38:09,Cloud AI Today - Automating Cloud Security: A New Era in Threat Management,Yahoo,https://finnhub.io/api/news?id=29475e53a6a90aaee235a2428bb6b32afc34ae1918c4f03eeb006b37c6d95531,0.075,0.669,0.256,0.9337,2025-04-25
2025-04-25 12:25:49,"Verizon, AT&T, and T-Mobile prepare to raise prices on consumers because of Trump's trade war",Yahoo,https://finnhub.io/api/news?id=e8c1917701540c4ed7a2b96a6e9356879c81236dc1bb989ad0af97c3fb9b1f98,0.15,0.85,0.0,-0.6486,2025-04-25
2025-04-25 12:06:36,"Apple Plans iPhone Shift From China To India Amid Tariff Pressures, Geopolitical Risks: Report",Benzinga,https://finnhub.io/api/news?id=c5f1eda951b4a96e5e4c561fc9a63ded38d74d96a6075c417bfae45353749c4c,0.157,0.843,0.0,-0.7269,2025-04-25
2025-04-25 12:00:00,2 Top Stocks You Can Buy Now With $500,Yahoo,https://finnhub.io/api/news?id=635bcc251cb923a2d77e049731c8895ea258d85ebc98e29b68a036954e1993ea,0.04,0.852,0.108,0.4588,2025-04-25
2025-04-25 11:58:06,Apple to shift iPhone production to India,Yahoo,https://finnhub.io/api/news?id=5cc9a5774425057b1860bd67cd847101d109649abdb14bc038be9d2c4548fdc4,0.125,0.799,0.077,-0.3612,2025-04-25
2025-04-25 11:30:12,Just Keep Ignoring The Bears,SeekingAlpha,https://finnhub.io/api/news?id=8185c322007fa3f868284218fc0755f0ebb925881c958fedd7153909a21ea11d,0.208,0.753,0.039,-0.7227,2025-04-25
2025-04-25 10:54:32,"S&P 500, Magnificent 7 Hit Resistance: Analyst Warns Of More Pain Before Gain",Benzinga,https://finnhub.io/api/news?id=13d9b9b863c6aad0849d6277e03f3275d5670934a165915292b858f8ff76aa19,0.173,0.62,0.207,0.3758,2025-04-25
2025-04-25 10:45:31,Apple plans to shift all US-bound iPhone production from China to India in response to Trump tariffs,Yahoo,https://finnhub.io/api/news?id=d1a200d6fd91a92cd8370b1fee8d715cd2cc4158312f5b36bc4deb35807cc716,0.0,1.0,0.0,0.0,2025-04-25
2025-04-25 10:22:54,Apple to move production of US iPhones from China to India over tariffs – report,Yahoo,https://finnhub.io/api/news?id=507704f3619eabfb56009f6d88f68a515da51baae3d12f13c88ef0b43f969a6d,0.062,0.938,0.0,-0.2732,2025-04-25
2025-04-25 10:11:55,"Apple Plans to Move US-Bound iPhone Assembly to India From China, Report Says",Yahoo,https://finnhub.io/api/news?id=a93c6d17825a34793f2f8e0f7b54319592e94e1b9ce94b13d3c53ea469b9ef7f,0.049,0.951,0.0,-0.296,2025-04-25
2025-04-25 09:45:00,Why Warren Buffett Isn't Likely to Buy Tesla Stock -- Ever,Yahoo,https://finnhub.io/api/news?id=60b24e6bea26d2233dfa227e8ac33135317d9d690cf8f08a451d28343e6361e4,0.048,0.911,0.041,-0.2023,2025-04-25
2025-04-25 09:44:46,"Apple moving to make most iPhones for US in India rather than China, source says",Finnhub,https://finnhub.io/api/news?id=2c1308c35129442cbb28c97e512395baa0da78855494e669901a21bbcf195791,0.0,0.948,0.052,0.4215,2025-04-25
2025-04-25 07:51:00,"Meet the Stock Warren Buffett Has Spent More Buying Than Apple, Bank of America, Coca-Cola, American Express, and Chevron, Combined!",Yahoo,https://finnhub.io/api/news?id=9ba3f7f8e1a9d693ae446f39b7bc9cd4d0cb6aeb26986efab74386d91e8c8f36,0.0,0.922,0.078,0.5093,2025-04-25
2025-04-25 07:27:38,"Apple moving to boost iPhone shipments from India to US to ease tariff impact, source says",Finnhub,https://finnhub.io/api/news?id=dde224237f3cfbc58459c120c6a36961ec0448fe2e00ffcaeedc89064a97b4b3,0.0,0.862,0.138,0.7906,2025-04-25
2025-04-25 06:12:11,Trade Regulation Impact On Supply Chain,Finnhub,https://finnhub.io/api/news?id=40cfb53ed3821888327d3ae970ed1a4ae3778977a6b1763824a8c440c8415995,0.116,0.843,0.041,-0.5095,2025-04-25
2025-04-25 05:00:19,"Stocks to watch next week: Apple, Microsoft, Shell, HSBC, Lloyds and AstraZeneca",Yahoo,https://finnhub.io/api/news?id=ca9edd4559b6c0357af687f6e1cde0db5177f361a0cc944c63fa7a6a219797cd,0.0,1.0,0.0,0.0,2025-04-25
2025-04-25 03:39:13,Elizabeth Warren Slams Tim Cook Over Alleged Backdoor Deal With Trump To Shield Apple From Crushing China Tariffs: 'Creates The Appearance Of Impropriety',Yahoo,https://finnhub.io/api/news?id=6b090d33dd3f86e7f001adcaff0514228a406900aa66ad73ba751321c883fdc5,0.087,0.871,0.042,-0.5719,2025-04-25
2025-04-25 03:02:00,Making iPhones has gotten complicated in tariff wars. Apple reportedly has a plan to stop some sourcing from China.,MarketWatch,https://finnhub.io/api/news?id=2e8e62cfab8f9251cce641596bd381fc7c5feaa93aff2ac7a9624d06db1a1990,0.254,0.746,0.0,-0.891,2025-04-25
2025-04-25 00:59:41,Elon Musk Equates Car Ownership In Future To Riding A Horse While Using A Flip Phone — Pierre Ferragu Says Tesla's 'iPhone Moment' Hinges On Full Autonomy,Yahoo,https://finnhub.io/api/news?id=5f1aa43e35592058136a4410fc9d837e4335af99f21f1fa20f77b6b2ebf71711,0.042,0.936,0.022,-0.2878,2025-04-25
2025-04-25 00:51:00,Google Faces a Potential Breakup,Yahoo,https://finnhub.io/api/news?id=7a4e6cd3db7374c9a2d722986417386c6b2352a2201a62a0e09bf5ef1e65014c,0.0,0.805,0.195,0.5267,2025-04-25
2025-04-25 00:12:26,"Apple aims to source all US iPhones from India in pivot away from China, FT reports",Finnhub,https://finnhub.io/api/news?id=27e692c71355e27e86590791462780f11076ca62e4e917e19899b8ab9528f90d,0.0,0.978,0.022,0.0258,2025-04-25
2025-04-24 23:10:11,T-Mobile CEO: Tariffs on phones will have to be eaten by consumers,Yahoo,https://finnhub.io/api/news?id=a51471ce3009e5bd733eb1fcedb58a77e57dfd7ac1486ebffe578d4b34e6e468,0.122,0.878,0.0,-0.5994,2025-04-25
2025-04-24 19:55:11,Apple to Strip Secret Robotics Unit From AI Chief Weeks After Moving Siri,Yahoo,https://finnhub.io/api/news?id=cc88411905b52bbabdda5842b0d50f8f3826e1f0afbca39233d6c6531ead771a,0.026,0.852,0.123,0.8519,2025-04-25
2025-04-24 19:41:31,Apple Gets a Reality Check: BofA Slashes Price Target on Tariff and AI Setbacks,Yahoo,https://finnhub.io/api/news?id=ebd134a008db13a48bbd171882fd96b3e044dad4841ca1e7341e9a4f415fc2b3,0.112,0.888,0.0,-0.4404,2025-04-25
2025-04-24 18:30:58,"Alphabet Q1: Excellent Results, Strong Buy",SeekingAlpha,https://finnhub.io/api/news?id=229d1d725304464ee91e001d72aa0bf68684a1470ce075265821204aed7989b6,0.0,0.711,0.289,0.8957,2025-04-25
2025-04-24 17:36:18,Apple to boost iPhone production in India by 10% this year,Yahoo,https://finnhub.io/api/news?id=47648e4a91d7bd1c05e43d927e27c5e63bf1dcf370929febffafd20098afbc45,0.0,0.884,0.116,0.6124,2025-04-25
2025-04-24 17:36:01,Apple (NasdaqGS:AAPL) Enables Seamless Philz Coffee Orders With App Clips Integration,Yahoo,https://finnhub.io/api/news?id=83664fb0c5f4d47902a8c084cf83754f97106e511343cae2f9c3109fa697ed4f,0.028,0.86,0.112,0.8126,2025-04-25
2025-04-24 16:50:00,Strong Earnings for Apple Could Precede a Tariff Pummeling,Yahoo,https://finnhub.io/api/news?id=d9674c6ec26a1e69f8b483587a189bda745cee4977c5da08a100884001c9873c,0.094,0.813,0.093,-0.2732,2025-04-25
2025-04-24 16:32:58,"Analyst Explains Threats to Apple (AAPL), Says It ‘Fumbled’ AI Launch",Yahoo,https://finnhub.io/api/news?id=b074e7444b16b94c47dba06ab1dbc4389f8d2dc52ae5635ed763477c68a5a96d,0.041,0.959,0.0,-0.4215,2025-04-25
2025-04-24 15:37:18,EU Hits Apple and Meta With $684 Million in Fines Over Tech Rules,Yahoo,https://finnhub.io/api/news?id=52d43db8b299ec5bccb03ba2fb0ade59d9c789c4f241c0433eb32c14b2cb7076,0.0,1.0,0.0,0.0,2025-04-24
2025-04-24 15:30:10,How Google Provides A Better Short Option Than Other Mag 7 Stocks,Yahoo,https://finnhub.io/api/news?id=d873be527b598cf884655274fa26b18b759e40aa9380d13e74485ab0e24f9c4f,0.0,0.651,0.349,0.9325,2025-04-24
2025-04-24 15:18:53,Qorvo Q4 Earnings Preview: Looking For Any Signs Of A Turnaround,SeekingAlpha,https://finnhub.io/api/news?id=db2ea741632d01dbe3794b67ed3d6a00fc83ec2a6f58f145ef67b1b01d085174,0.0,1.0,0.0,0.0,2025-04-24
2025-04-24 15:16:34,An Apple Bull Trimmed Its Price Target on the Stock Today. Here's Why.,Yahoo,https://finnhub.io/api/news?id=f456b5b9c0846c5ed314db8917acfbaeb40a23e9143f7607661d13a31522c7e6,0.0,0.82,0.18,0.6908,2025-04-24
2025-04-24 14:02:02,Apple (AAPL) Reports Next Week: Wall Street Expects Earnings Growth,Yahoo,https://finnhub.io/api/news?id=76b9911fe5c226bf67347b9192b2bf123b028331e316e0ded1a321fc18ac0877,0.0,0.886,0.114,0.5423,2025-04-24
2025-04-24 13:22:28,Jim Cramer Questions Apple Inc. (AAPL) Tariff Relief: ‘Nothing Means Anything Anymore’,Yahoo,https://finnhub.io/api/news?id=a09818d08f9d7110122bc9310e62d4bb36fcb90bc19bad0fe6c726720612e292,0.0,0.956,0.044,0.4767,2025-04-24
2025-04-24 11:52:04,Norway’s $1.7 Trillion Fund to Keep Buying US Stocks After Loss,Yahoo,https://finnhub.io/api/news?id=4104962883d5f139a085db121ee7d9d507a6b54ffe930322bf8185f7774c26a3,0.091,0.798,0.111,0.4767,2025-04-24
2025-04-24 11:33:53,Apple FQ2 Preview: Buy And Forget At $200,SeekingAlpha,https://finnhub.io/api/news?id=7b99b56c14a9e0b43200106999e3fbc0d6ce1867b316f48ccdabafcb403dab3c,0.062,0.821,0.117,0.1685,2025-04-24
2025-04-24 11:16:31,Europe wants to be diplomatic with Apple and Meta.,Finnhub,https://finnhub.io/api/news?id=39cf7cfb96ba4108d36ccd0910fd2bb37e48076646b3e2e7432fb9b2bfcdc08c,0.04,0.915,0.046,0.0736,2025-04-24
2025-04-24 10:59:58,Why the stock market's problem isn't only about tariffs,MarketWatch,https://finnhub.io/api/news?id=84732cbbdae77e080631addb6012bf00dd849a4d7ede172f6ceb442a0df1a4fb,0.252,0.748,0.0,-0.6597,2025-04-24
2025-04-24 09:48:15,"Apple, Google lag fintechs’ wallets for fraud monitoring: report",Yahoo,https://finnhub.io/api/news?id=646d44233c6034d0ed7980fc47e2505dc00161a2216532ff594c12059006d237,0.312,0.688,0.0,-0.8957,2025-04-24
2025-04-24 09:45:40,EU hits Apple with €500m fine over app store restrictions,Yahoo,https://finnhub.io/api/news?id=5e7b37d6209072b059a317a9c0da77216bd407a2d88d04dcc2d200953e715466,0.0,0.938,0.062,0.2023,2025-04-24
2025-04-24 09:27:05,Concerns about AI spending by 'Magnificent Seven' aren't going away: DB,MarketWatch,https://finnhub.io/api/news?id=c0725b32b916049c36a72cbd8479b4e58337c353a9cacd57dc0072928a1131b2,0.0,0.719,0.281,0.8316,2025-04-24
2025-04-24 09:19:23,"VGT: In A Rut, Mixed Analysis, Hold Tight",SeekingAlpha,https://finnhub.io/api/news?id=d81d4cf8ac5359cc8fa754ee27aa5a2aba385a58d900e1da5c21a96ad22e01b9,0.0,0.907,0.093,0.5267,2025-04-24
2025-04-24 09:10:20,"Tesla Missed Earnings By 34%, Yet The Stock Is Rallying: Why?",SeekingAlpha,https://finnhub.io/api/news?id=3b04ff7edb41834f11daadb8337d6e6608c23aaf09f6ee43fcec85bca2b8f14e,0.053,0.835,0.112,0.3612,2025-04-24
2025-04-24 08:35:00,How Warren Buffett's Portfolio Has Changed Drastically in Just 12 Months,Yahoo,https://finnhub.io/api/news?id=017b42463287052c3463367a2cff31da736a4f653224b29b2f0948f101dcdb1c,0.0,1.0,0.0,0.0,2025-04-24
2025-04-24 07:45:00,Bretton Fund Q1 2025 Shareholder Letter,SeekingAlpha,https://finnhub.io/api/news?id=2079de071db92fc94f59e6053fc8386ab1061dbe81d02749e4abc22684808be7,0.0,1.0,0.0,0.0,2025-04-24
2025-04-24 07:33:12,Apple: Earnings Could Deliver A Big Upset As International Business Tumbles,SeekingAlpha,https://finnhub.io/api/news?id=480a185f22288ef0d8a875056e9e5f31f5c056b98bf437e0e564af6c98e86bb3,0.142,0.789,0.068,-0.4215,2025-04-24
2025-04-24 04:01:19,One Tech Tip: Thinking of buying a secondhand phone? Some tips on what to look for,Finnhub,https://finnhub.io/api/news?id=a489c3d5765063afdcfedca839d94472615ca8ec097380a0e985dd01ac45753e,0.157,0.822,0.022,-0.7845,2025-04-24
2025-04-24 02:51:12,EU slaps Meta and Apple with £600m fines,Finnhub,https://finnhub.io/api/news?id=17a6504516456115778db0f056da9238a22c47b2f295db9822e2352ccca99d7d,0.031,0.81,0.16,0.6597,2025-04-24
2025-04-24 02:00:00,Google Earnings Arrive With the Company Facing Both AI and Legal Threats,MarketWatch,https://finnhub.io/api/news?id=f1568328e38ea65db88f352b9acfd20413fa5f63d41fde20b8b9912803c69201,0.196,0.699,0.105,-0.5574,2025-04-24
2025-04-24 01:40:30,TSMC’s Cutting-Edge A14 Chip Tech to Start Production in 2028,Yahoo,https://finnhub.io/api/news?id=b7295807c60c1e22595db733161b58bec5a551f0f04f6e7ec2a1dec70dd6c2fc,0.043,0.863,0.094,0.6908,2025-04-24
2025-04-23 22:07:58,Is Apple Inc. (AAPL) the Best Stock to Buy and Hold for 20 Years?,Yahoo,https://finnhub.io/api/news?id=4dc57940cbee99d0a18ee39aaf4a67481376409ba3cf40f5c44c08a77f11b0f4,0.018,0.828,0.153,0.9201,2025-04-24
2025-04-23 21:25:16,Apple price target lowered to $256 from $259 at Goldman Sachs,Yahoo,https://finnhub.io/api/news?id=70355a825daed478a48bf8d97c133edf7c271f261459557269740f745bff8b33,0.025,0.798,0.177,0.9437,2025-04-24
2025-04-23 20:34:00,Why Apple investors might be too optimistic about what’s ahead,MarketWatch,https://finnhub.io/api/news?id=eb5f03ea7083cf53a1e8c3552f2dec2088c2fe7e085efeed93623574efde8cf0,0.0,0.796,0.204,0.5574,2025-04-24
2025-04-23 20:10:30,Traders Fixated on What Companies Spend More Than Earn,Yahoo,https://finnhub.io/api/news?id=37c57dec3b3d1adc70383510d5198d34ff15527a61198021c41778f1a6ec4246,0.027,0.86,0.113,0.7845,2025-04-24
2025-04-23 19:52:58,Wall Street Bets on Big Tech Buybacks as Free Cash Flow Keeps Flowing,Yahoo,https://finnhub.io/api/news?id=661d8027e7a4525650a3089ff9d7f67714512ba040808538e8a2a312a217d7b9,0.0,0.815,0.185,0.765,2025-04-24
2025-04-23 19:48:44,"Mag 7 rallies, Vertiv surges, solar downgraded: Trending Tickers",Yahoo,https://finnhub.io/api/news?id=afeecc3ecff0902544faf7fd55adb9d7420dbe4b72392b7e512f7306cef5a842,0.011,0.912,0.078,0.8527,2025-04-24
2025-04-23 18:43:00,Apple and Meta Are Hit With EU Fines. Why That Could Provoke Trump.,MarketWatch,https://finnhub.io/api/news?id=e073ab513133e2da3fccc0fdb249f2ab8d9ab85f13ffb3c94501198f71004c70,0.184,0.816,0.0,-0.6597,2025-04-24
2025-04-23 18:38:09,"EU spokesperson: Apple and Meta fines are ""proportionate""",Finnhub,https://finnhub.io/api/news?id=f214e45e1848394093078bcc2b02aec942c2fc49d7b64a77863004466850a60c,0.032,0.909,0.059,0.2732,2025-04-24
2025-04-23 18:37:13,Ultimate Insider Marjorie Taylor Greene’s Top Stock Picks: Apple Inc. (AAPL),Yahoo,https://finnhub.io/api/news?id=ebd68233f39ef6067029b0abc21e7ad01721a1b23f7b1b0403655f2d2823875a,0.0,0.827,0.173,0.9216,2025-04-24
2025-04-23 18:21:00,Hedge Funds Hate Apple Stock. Why They Could Be Wrong.,Yahoo,https://finnhub.io/api/news?id=67a3119ce2fa172c1cc26de5e7b618dcecebfc1997d8fdfd30ab1d18d13e19ed,0.139,0.8,0.061,-0.7275,2025-04-24
2025-04-23 18:12:35,"Apple, Meta Fined Nearly $800 Million for Allegedly Violating EU's Digital Competition Law",Yahoo,https://finnhub.io/api/news?id=e2a8827df57bd858dd18a8d87c94468ccd90220bf443deb9a2b2d73108639804,0.151,0.849,0.0,-0.5859,2025-04-24
2025-04-23 17:37:00,PayPal is Trading Dirty Cheap at 11.86X P/E: Buy or Hold the Stock?,Yahoo,https://finnhub.io/api/news?id=80e16a481a570089c7c30cabf0494b1183837305942268e1b2821d2486e10083,0.076,0.761,0.163,0.5106,2025-04-24
2025-04-23 16:51:00,Boeing Stock Surges on Earnings. There Is Still a Lot of Uncertainty Ahead.,MarketWatch,https://finnhub.io/api/news?id=cc2965375ae9dc311d48a557acd12c70cdffac90c662dbc3c96459d5a07025c9,0.167,0.833,0.0,-0.5859,2025-04-24
2025-04-23 16:41:58,Apple Shares Climb Amid Hopes of U.S.-China Trade Breakthrough,Yahoo,https://finnhub.io/api/news?id=ebd93c501ce831563a1be9529ef1bd91caa9bf43aa5b645e8bb5c183a1c6d0f1,0.0,0.75,0.25,0.6124,2025-04-24
2025-04-23 16:00:16,Big Tech earnings kick off as tariff uncertainty continues to roil markets,Yahoo,https://finnhub.io/api/news?id=d68512ed9b3fe8866557fe822a874492ce96262ccab014b0da119f318975c9c8,0.198,0.755,0.047,-0.7003,2025-04-24
2025-04-23 15:41:54,Explainer-What happens to Apple and Meta after the EU fine?,Yahoo,https://finnhub.io/api/news?id=c21af4088601dae50eb851a4e76fe93e34e32d8c83283d0ef4d4a7da9a70a6f9,0.0,0.941,0.059,0.4696,2025-04-23
2025-04-23 14:34:27,"Big Tech stocks gain over $450 billion as Trump, Bessent signal deescalation of US-China trade war",Yahoo,https://finnhub.io/api/news?id=b547c996f1ff59743edebc7b651fcc436e0d378323be54306bf9a73b3be7ccc8,0.136,0.804,0.059,-0.6597,2025-04-23
2025-04-23 14:34:27,'Magnificent 7' tech stocks surge as Trump hints at China tariff reprieve,Yahoo,https://finnhub.io/api/news?id=7ca69cdb3190edc94fc5414fbb3e3c16fbbb1fd68dc296c3335e623450893dae,0.077,0.812,0.111,0.1779,2025-04-23
2025-04-23 14:30:00,Wall Street Lunch: Bessent Comments On China Tariffs,SeekingAlpha,https://finnhub.io/api/news?id=e7ea83e080f16c21c176159e721c5c7fd7205b37567f23db5202d27b2d3f878b,0.0,1.0,0.0,0.0,2025-04-23
2025-04-23 14:22:31,"Update: Apple, Meta Platforms Fined Hundreds of Millions of Euros by EU for Failing to Comply With Regulations",Yahoo,https://finnhub.io/api/news?id=0d5119fb45069e6b3480db91dd01d1fb0be0bb8bbab503e68385da3fafe37fe8,0.093,0.907,0.0,-0.5106,2025-04-23
2025-04-23 14:16:00,Apple and Meta just got fined a whopping $800 million as Europe comes after Big Tech,Yahoo,https://finnhub.io/api/news?id=42e8aa266b315ab233f7dc40853b2195e1c80c3751cafd9245e4357ee2a35fe3,0.066,0.909,0.025,-0.4939,2025-04-23
2025-04-23 13:54:20,"Apple & Meta fined, Intel layoff reports, SAP: Trending Tickers",Yahoo,https://finnhub.io/api/news?id=db401c1b254f36284f81050bc4f79e2968a29abb07ed6a82058d5aae2fb97507,0.031,0.953,0.016,-0.3818,2025-04-23
2025-04-23 13:43:05,Has the stock market fully priced in a recession?,Yahoo,https://finnhub.io/api/news?id=85797f6df11bb53bbf5b4ffb33af244bec06d71f9b27239c411368e27f55d7ee,0.135,0.865,0.0,-0.4215,2025-04-23
2025-04-23 13:17:00,"Apple, Meta Fined by EU, Ordered to Comply With Tech Competition Rules",Yahoo,https://finnhub.io/api/news?id=788241197902c04d0ac01a6c06358f9b629e07a7e97b7c594739e27c3fd2c23b,0.156,0.844,0.0,-0.5859,2025-04-23
2025-04-23 13:10:17,Meta: EU is trying to 'handicap successful American businesses' with new fines,Yahoo,https://finnhub.io/api/news?id=c4a64ee32e1e1f1521f5913d03c28f01b1d0e3ba18310594cc6d777ddb066789,0.075,0.809,0.116,0.25,2025-04-23
2025-04-23 13:07:20,"Futures rise, Tesla earnings, Apple & Meta fines: 3 Things",Yahoo,https://finnhub.io/api/news?id=612bd8f1bcaf60c1177bb4bba1134e8d42023a2d02e601173d802aa91efb9f90,0.052,0.906,0.041,-0.1655,2025-04-23
2025-04-23 12:53:08,"EU fines Apple, Meta $800M Combined for  Violating Digital Markets Act",Yahoo,https://finnhub.io/api/news?id=0b7dd4a5a11cb739a996273dc2e48bf77b353d48c21555b999a43706092a6ace,0.108,0.892,0.0,-0.5423,2025-04-23
2025-04-23 12:32:43,Brussels risks Trump’s wrath as it fines Apple and Meta €700m,Yahoo,https://finnhub.io/api/news?id=7c47f132bb905af41ab23c2035cc4a31d7d0f371c6766e4fddebef5b380164e0,0.119,0.881,0.0,-0.4939,2025-04-23
2025-04-23 12:00:00,Apple Stock Is Down 23% From Its All-Time High. Here's Why I'm Still Not Buying Shares.,Yahoo,https://finnhub.io/api/news?id=0ad722ab7d6675435f37ec3b242265442093e148b325602ca55754ac2318ca2a,0.025,0.937,0.037,0.2292,2025-04-23
2025-04-23 10:46:49,36-Year-Old With $253K In Stocks Says 'Need Some Direction' – Only Gets $4.2K Dividends And Reddit Is Losing It Over His Holdings,Benzinga,https://finnhub.io/api/news?id=b54db52e3fb0f00043dfc01ada23042d20f5ffd2524b96fcf7f9436787f2a08d,0.073,0.847,0.079,0.0772,2025-04-23
2025-04-23 09:56:34,"Dow Jones Surges 1,000 Points On Trump Comments; Apple, Nvidia, Tesla Rally",DowJones,https://finnhub.io/api/news?id=f77621b5cb789565e7a3fd718b56e98078015725eb604805bf110beb7566d3d4,0.0,1.0,0.0,0.0,2025-04-23
2025-04-23 09:47:10,"EU fines Apple, Meta $799 million for Digital Markets Act violations",Finnhub,https://finnhub.io/api/news?id=1b1eb2ac481315a33f08e05c9406bdd78b33726d5460cd5229c30aa6c08d1b70,0.076,0.871,0.054,-0.25,2025-04-23
2025-04-23 09:21:59,"Apple, Meta fined as EU presses ahead with tech probes",Finnhub,https://finnhub.io/api/news?id=ee573cc2619c06b3b0e4349543b2c125fe0c60680281739a4ed9e61286f74ec9,0.0,0.968,0.032,0.0772,2025-04-23
2025-04-23 09:21:47,"The European Union hits Apple and Meta with 700 million euros in fines, first under digital rules",Finnhub,https://finnhub.io/api/news?id=cb984c07a1b9bbfd4b9077ef400f680e87a9b699b3389545ba823c56963bcf57,0.0,1.0,0.0,0.0,2025-04-23
2025-04-23 09:10:00,Polen Focus Growth Portfolio Q1 2025 Commentary,SeekingAlpha,https://finnhub.io/api/news?id=c04a2e189437aa14ee5196a62e1771aeac71d0437b10bfd1f20b731be320ef8e,0.0,0.698,0.302,0.3818,2025-04-23
2025-04-23 08:58:08,The European Union fines Apple 500 million euros and Meta 200 million in separate digital cases,Finnhub,https://finnhub.io/api/news?id=3ce6875bc3b589d0cf407b5915257aba75a956e8402446a538c2bf6f2738d383,0.0,1.0,0.0,0.0,2025-04-23
2025-04-23 08:01:49,"Top Funds Shun Tesla And Nvidia, But Bankroll This Stock",DowJones,https://finnhub.io/api/news?id=848457100ac4478b3cf33fca6e29a26ac6d27fa28e4b3446961d5e363d7ba36a,0.0,0.833,0.167,0.3818,2025-04-23
2025-04-23 08:00:00,10-Year Anniversary Letter: The Rowan Street Story,SeekingAlpha,https://finnhub.io/api/news?id=e7a5cfb82ce1643687ce5a74135d45c7c53f5352dda7c918560cac8587dd17ea,0.0,1.0,0.0,0.0,2025-04-23
2025-04-23 07:38:00,BUZZ Investing: Tariff Chaos Shakes U.S. Equities,SeekingAlpha,https://finnhub.io/api/news?id=93c3ec6c1771d388e21a35d3b991fbd1f1d77fc4f9fd36b8ee18dfe200e5b83f,0.381,0.619,0.0,-0.5719,2025-04-23
2025-04-23 06:58:00,Apple and Meta just got hit with big fines from Europe. Here are the latest penalties.,MarketWatch,https://finnhub.io/api/news?id=5420a8423aa06c15c3d84e303500a527dfcb94745f7b749b72b9714237a9d9b5,0.0,1.0,0.0,0.0,2025-04-23
2025-04-23 06:55:00,Donville Kent Asset Management April 2025 Commentary,SeekingAlpha,https://finnhub.io/api/news?id=a6b299d9d81cf129aa47fe5de6038210e93f3894ebc701871ec9278deed3394f,0.0,0.706,0.294,0.3612,2025-04-23
2025-04-23 06:07:37,Apple fined $570 million and Meta $228 million for breach of EU law,Finnhub,https://finnhub.io/api/news?id=35c72d9927bb32dd30875be521d6ed9206c9d5fcb0e05823aa0ea9ab2df65f6f,0.0,0.97,0.03,0.0772,2025-04-23
2025-04-23 05:47:01,Apple fined $570 million and Meta $228 million for breaching EU law,Finnhub,https://finnhub.io/api/news?id=a8284fe4747755b838e7e40057edb098204c7820d50c65b6bc3c4d929f5ab4a1,0.0,0.969,0.031,0.0772,2025-04-23
2025-04-23 04:08:57,Broadcom: Premium Priced With Non-AI Headwinds,SeekingAlpha,https://finnhub.io/api/news?id=8e87c0c0fea6319c0d81763a7c5919864ddc56f6c67fd6785a932c5be6ca8de5,0.0,1.0,0.0,0.0,2025-04-23
2025-04-23 03:00:00,Tech Earnings Kick Off Soon. Here Are the 3 Most Important Things to Watch.,MarketWatch,https://finnhub.io/api/news?id=e5aea376a859e8d3ac35904e9d9be8ab81bd168cf5ce9d47a0e6422ab7cf457e,0.0,0.861,0.139,0.4915,2025-04-23
2025-04-23 01:10:00,34.4% of Warren Buffett's $265 Billion Portfolio Is Invested in 4 Artificial Intelligence (AI) Stocks,Yahoo,https://finnhub.io/api/news?id=a3851241127478a1fee69b7e33dd32f0b4577a13a1530c51d5ad3ff45a470329,0.0,0.913,0.087,0.7351,2025-04-23
2025-04-22 21:00:00,"Apple fans spent $1,199 on an iPhone — Bitcoin buyers turned it into a MacBook",Yahoo,https://finnhub.io/api/news?id=d53f47349f4e876e91c7465483736253b04cbb5f2c50cf0397e04f504b66ddaf,0.0,1.0,0.0,0.0,2025-04-23
2025-04-22 20:27:20,Survey Shows Pent-Up Demand For New Apple iPhones,Yahoo,https://finnhub.io/api/news?id=70c99839bd973719e2d7913f233fb4d6500ed438c727ab5948be42f830c2e395,0.139,0.689,0.172,0.4689,2025-04-23
2025-04-22 19:54:52,Sector Update: Tech Stocks Higher in Late Afternoon Trading,Yahoo,https://finnhub.io/api/news?id=d47fb3d2ad3f58acb289eedfbb64e2364d86cedbafe2f0f00aca2f91dee7b130,0.0,1.0,0.0,0.0,2025-04-23
2025-04-22 19:36:03,Apple Rebuilds Siri Team With Vision Pro Veterans After Project Setbacks,Yahoo,https://finnhub.io/api/news?id=54df416d9d94baa68bacacaccb6660a9dfa3660632da49ead3a8f7e239fdd2b2,0.065,0.767,0.168,0.3612,2025-04-23
2025-04-22 17:50:53,Bessent Calls U.S.-China Trade War Unsustainable; S&P 500 Bounces,Yahoo,https://finnhub.io/api/news?id=91f36a35228a24cefc0dd04ca866153a0f8d6b87c238b52f3ad5cbb47d737903,0.136,0.801,0.063,-0.4767,2025-04-23
2025-04-22 17:50:07,Tech Rallies as Traders Rotate Back Into Hard-Hit Sector -- Tech Roundup,Finnhub,https://finnhub.io/api/news?id=cfdd96ce9453f783ce7ae9a0b9d6cd58e36d5fbce8646ca375d9e7084b73503c,0.09,0.858,0.051,-0.4019,2025-04-23
2025-04-22 17:45:00,"NewsOut Launches Weekly Video Press Release Coverage on Tesla, Amazon, Apple, NVIDIA, and Microsoft",Yahoo,https://finnhub.io/api/news?id=835d5ee8e5e9838fd08e8fab13488ea31415915968b1a88d78d05954171829f4,0.0,0.914,0.086,0.5984,2025-04-23
2025-04-22 17:09:08,"Trade deals are key to halting US tech decline, Wedbush’s Ives says",Yahoo,https://finnhub.io/api/news?id=a930478cfede6e97a2c3e5f79ed6f91516a65427942ea1b0f9b41111dc9fbe20,0.101,0.836,0.064,-0.5859,2025-04-23
2025-04-22 17:04:56,Market Chatter: Apple Overhauls Team Developing Siri Voice Assistant,Yahoo,https://finnhub.io/api/news?id=328741ad1e0cfd0da500b3fbd5e2f387836ccbbaaa5c78c44b5b30f0908f337b,0.0,1.0,0.0,0.0,2025-04-23
2025-04-22 16:37:00,Trump’s Inauguration Fund Smashed Records. Donations From These Companies Helped Big Time.,MarketWatch,https://finnhub.io/api/news?id=5ff249ec45a6fce1cc6e0bca5c91e0a58c3c482ab799e4348197d99ba0409e41,0.0,1.0,0.0,0.0,2025-04-23
2025-04-22 15:53:00,"Earnings might not revive markets, analyst says. Here’s the one thing that could.",MarketWatch,https://finnhub.io/api/news?id=5cc9edd2a9c66185ee9d889a6262de273bfaf5ae034040013deecc7ef014903a,0.145,0.855,0.0,-0.4717,2025-04-22
2025-04-22 14:42:04,Apple Intelligence Gains Momentum as Users Show Willingness to Pay,Yahoo,https://finnhub.io/api/news?id=738ecc384e13b417a6c22a4080445d59660c40cf5eaecd95da054a858ba04432,0.04,0.655,0.305,0.8519,2025-04-22
2025-04-21 17:50:44,"Walmart, Target Executives to Meet Trump as Tariff Angst Spreads",Yahoo,https://finnhub.io/api/news?id=3e06964adf4f4f7186816ccf89eb61d6d4a74e15c23f79a53acb07b935b29f37,0.0,0.948,0.052,0.5719,2025-04-22
2025-04-22 14:33:00,"Dow's 911-point surge highlighted by gains in 3M, Travelers shares",MarketWatch,https://finnhub.io/api/news?id=169d5cf5cc7fd8ce9f8763326906f561e692f02cf5b8b4856ffad77ed8c7c47f,0.0,0.635,0.365,0.802,2025-04-22
2025-04-22 14:02:00,"Sell Apple stock before it sinks another 30%, analyst says",Yahoo,https://finnhub.io/api/news?id=70a2b73e45a28b57ea56fc8938af47a46524768188f82e60a43d03d7607b3ca6,0.0,0.949,0.051,0.296,2025-04-22
2025-04-22 13:44:36,Apple (AAPL) Target Slashed to $141: ‘No Easy Answers’ as Trade Tensions and AI Lag Take Toll,Yahoo,https://finnhub.io/api/news?id=8673fa5ccb6e7144ebde3afb8c01228b23892e99cff35519464c69b754eb6dd4,0.128,0.757,0.116,0.0021,2025-04-22
2025-04-22 13:15:00,"Dow soars 800 points on gains for shares of 3M, Amazon.com Inc.",MarketWatch,https://finnhub.io/api/news?id=aa98bdaf3b6bdffa6fad3c2ed1ed38c544bde5725cfd111b1adec2d5079ffe45,0.0,0.685,0.315,0.802,2025-04-22
2025-04-22 12:37:51,Cloud AI Update - Tonita Unveils AI Shopping Assistant Transforming E-Commerce Experience,Yahoo,https://finnhub.io/api/news?id=d2ccb4ebcb99fe5bf4d7577eaf47e82e2ffc3b78302ff0d2cad8b11c532c1ea2,0.0,0.915,0.085,0.6908,2025-04-22
2025-04-22 12:00:21,How to trade the Magnificent 7 amid the market sell-off,Yahoo,https://finnhub.io/api/news?id=58354a266a4e6c13d5b38fb0fa2b593fcd01f2484a4a1a3414533097b2b84be9,0.0,0.857,0.143,0.8934,2025-04-22
2025-04-22 12:00:00,22% of Warren Buffett-Led Berkshire Hathaway's $265 Billion Portfolio Is Invested in Only 1 Stock,Yahoo,https://finnhub.io/api/news?id=626fc00d0e813f439e6b78544a1a63dcf6d6e31bf6e3d727bd32680d96cf4140,0.0,0.891,0.109,0.8316,2025-04-22
2025-04-22 11:20:00,Patient Capital Management Q1 2025 Commentary,SeekingAlpha,https://finnhub.io/api/news?id=6c2ab59b274781b1680b0829702b5dfc23cb1399fda7943a3a9981db07bbbab8,0.0,1.0,0.0,0.0,2025-04-22
2025-04-22 11:00:00,Warren Buffett Timed His Apple Stock Sale to Perfection. What’s Next?,Yahoo,https://finnhub.io/api/news?id=db76491bbc68ea47b7fd78ed5e2f23d2a32e9439b8f78f74f7e1cde464c182ea,0.031,0.917,0.052,0.3612,2025-04-22
2025-04-22 10:47:00,"Dow's 767-point surge highlighted by gains for 3M, Amazon.com Inc. shares",MarketWatch,https://finnhub.io/api/news?id=addcf174c177707defcbbb555647cda5ba6f8d1d83f84ed31c40bfc7bf783346,0.0,0.662,0.338,0.802,2025-04-22
2025-04-22 10:47:00,"3M, Amazon.com Inc. share gains contribute to Dow's 769-point surge",MarketWatch,https://finnhub.io/api/news?id=2596ee1d15d1ded2ae8091379c0d83835b3fb10204cef306f5fdd9033295babc,0.0,0.635,0.365,0.802,2025-04-22
2025-04-22 10:30:35,The iPhone’s biggest rival may have one advantage in Trump’s tariff war,Yahoo,https://finnhub.io/api/news?id=2633230d53602073a7e71ddcd3413802a47781e3f31d8a52387a92ecbc7cde4a,0.075,0.865,0.06,-0.4215,2025-04-22
2025-04-22 09:52:50,Dow Jones Jumps 550 Points After Market Sell-Off; Tesla Rallies Ahead Of Earnings,DowJones,https://finnhub.io/api/news?id=838449861cb26122cb7c6cf7df72e2c8476539881cc7f25f120b4130bba2bf99,0.0,1.0,0.0,0.0,2025-04-22
2025-04-22 09:49:01,Alibaba: The Tariff War Can Deliver Surprising Benefits,SeekingAlpha,https://finnhub.io/api/news?id=70b79f38774ce3d500ea24e05575a240bbf367d8235684fcf7b7c384d3c26484,0.091,0.784,0.125,-0.0258,2025-04-22
2025-04-22 09:45:00,"Dow's 575-point rally led by gains in 3M, Goldman Sachs stocks",MarketWatch,https://finnhub.io/api/news?id=180281d5559106373b7c1b0339f69dbd280fba3df9275afbc5f7ac08bbc95677,0.0,0.806,0.194,0.5859,2025-04-22
2025-04-22 09:29:52,"Despite Cutting Apple's Price Target, Wedbush's Dan Ives Remains Bullish on the Stock for the Long Term. Should You?",Yahoo,https://finnhub.io/api/news?id=73761d31ae8a0fa04f1d08dbaaeba11598aacf5cdc11db2e60b5f70ad9c0c7ee,0.0,0.929,0.071,0.6212,2025-04-22
2025-04-22 08:54:00,Trump's Tariffs Continue to Affect Apple. Should Investors Sell the Stock?,Yahoo,https://finnhub.io/api/news?id=2da7bc611cf92606154bd9a7a0ab132a0d72a6dd4cfcff6d5d09c0ee4f9f9d71,0.032,0.91,0.057,0.1779,2025-04-22
2025-04-22 07:49:32,Apple Inc. (AAPL) to Use On-Device Data and Synthetic Inputs to Boost AI Capabilities,Yahoo,https://finnhub.io/api/news?id=daebdd4287279ee96ed4b83b4d56fc347cbf57b433f5fb28a7253d836a7df393,0.03,0.934,0.037,0.128,2025-04-22
2025-04-22 02:16:14,Apple Inc. (AAPL): Among Stocks That Could 10X Over the Next 2 Years,Yahoo,https://finnhub.io/api/news?id=4764f94de81fe343933d1b152de7a7e5000f159f888918fc35b3012d4e9dcf8f,0.035,0.965,0.0,-0.3612,2025-04-22
2025-04-22 02:09:57,Apple's Next Chapter: Why Services And AI Could Drive The Stock Higher,SeekingAlpha,https://finnhub.io/api/news?id=820162e6fff3d5ef1cbfd2636d86cd60e27339d2b49c0fca34c4ce3519a9cd1f,0.0,1.0,0.0,0.0,2025-04-22
2025-04-21 22:31:47,"Dow Jones Futures Rise: Trump Calls Powell 'Loser'; Apple, Nvidia, Tesla Sell Off",DowJones,https://finnhub.io/api/news?id=04033ee1558137add5c4ad01c16f452ff6a34bd14a89853222f9d854dee52c26,0.221,0.779,0.0,-0.7783,2025-04-22
2025-04-21 21:52:36,Can President Trump Fire Fed Chair Jerome Powell?,Yahoo,https://finnhub.io/api/news?id=2a17285f0e6db7b34cc42798c70bd7bceba1acc3c28a90033e7172b56902c538,0.059,0.873,0.068,-0.0402,2025-04-22
2025-04-21 21:45:31,Apple (AAPL) Stock Moves -1.94%: What You Should Know,Yahoo,https://finnhub.io/api/news?id=df440c5c1a395dc9d2c65e73f9aa1d0d314b83cff046eb8b1eab56060915e2a2,0.0,1.0,0.0,0.0,2025-04-22
2025-04-21 21:35:29,Apple's China Dependence Leaves It Exposed as Tariff Risks Rise,Yahoo,https://finnhub.io/api/news?id=b1e83f9db30445794fdc4d11791c3669a03782d0ba1a4aae5265c3a9f1856d1b,0.19,0.81,0.0,-0.4019,2025-04-22
2025-04-21 21:22:14,"Apple's China Gamble at Risk as Global Tariff War Heats Up, Analyst Warns",Yahoo,https://finnhub.io/api/news?id=5f295a6be4b797820fd9ea2bd98d6a03d726f9a07cde55c2f1fd0913e411ab20,0.266,0.672,0.062,-0.743,2025-04-22
2025-04-21 19:00:18,Apple Faces Growing Risk If China Trade Tensions Spread Globally,Yahoo,https://finnhub.io/api/news?id=b49fee7188113134e94fd8f24ae4f86fa5a61b45fe092c5cf6190f57aeb628cb,0.216,0.658,0.125,-0.4404,2025-04-22
2025-04-21 19:00:00,"Apple vs. Meta Platforms: Which ""Magnificent Seven"" Stock Has More Upside After the Recent Sell-Off?",Yahoo,https://finnhub.io/api/news?id=e6873bc91995a264b0389b49eb1f4fccb204f37c1a1b58ac2362541db1a23ec8,0.023,0.766,0.21,0.9652,2025-04-22
2025-04-21 19:00:00,"Apple Shares Dip 21% Year to Date: Buy, Sell or Hold the Stock?",Yahoo,https://finnhub.io/api/news?id=8a97424782be9928c193ae761b7a0d7068e2e6218d0542dd8fbe898185e48d1d,0.0,0.868,0.132,0.5267,2025-04-22
2025-04-21 18:56:13,Famous Analyst Cuts Apple (AAPL) Price Target Amid Lack of ‘Predictability’ Over AI,Yahoo,https://finnhub.io/api/news?id=7d5aa8056fba208a87172b6ecdccddd684f42c5201d00bd1b9986d7a96fbb842,0.063,0.937,0.0,-0.5423,2025-04-22
2025-04-21 18:19:00,Apple vs. Dell Technologies: Which PC Maker Stock is a Better Buy?,Yahoo,https://finnhub.io/api/news?id=20a68a4d7ef11da53d7316ea35367eb0409815cf610779279ba0dbdd5680958d,0.039,0.719,0.243,0.8385,2025-04-22
2025-04-21 17:43:13,Apple's $500B Gamble: Why Tim Cook Is Running Out of Time,Yahoo,https://finnhub.io/api/news?id=31c22bdef46d150f2a3b28627b583c8178ca12c84feadeb21d833bfd17df251f,0.044,0.917,0.039,-0.0387,2025-04-22
2025-04-21 17:19:11,"AAPL May Have More Problems Ahead, Expert Warns",Yahoo,https://finnhub.io/api/news?id=8dc59e70aea4c6976bd58b169645e82d9deaa7c820186676669b85d37615cf11,0.144,0.754,0.102,-0.2716,2025-04-22
2025-04-21 16:09:42,"Chicken, crypto and Nvidia: The companies that helped Trump’s inauguration shatter fundraising records",Yahoo,https://finnhub.io/api/news?id=254377ba4ebee8b1577b47874b863bd183453450265106debf7cb5fe210046aa,0.0,1.0,0.0,0.0,2025-04-22
2025-04-21 15:58:18,Shares of stocks in the broader tech sector are trading lower amid overall market weakness amid President Trump's criticism of Fed Chair Powell.,Benzinga,https://finnhub.io/api/news?id=08b4d607d735b2b17646638813e2140a6959f56d1710b185312036f3aa08002c,0.271,0.653,0.076,-0.6908,2025-04-21
2025-04-21 15:44:22,"Big Tech ETF posts big drop, as Tesla sees steep slide",MarketWatch,https://finnhub.io/api/news?id=46eadbbbe4fc8e960cfc1f75a8cd0e56e84f33a735e6adc31010b9d3996e0486,0.174,0.826,0.0,-0.4939,2025-04-21
2025-04-21 15:35:17,How China's 'monster market' could impact US Big Tech,Yahoo,https://finnhub.io/api/news?id=21ede60fbb533b8a2921337a5f5fa7cde55339dbfc3b5936203d7746da1ec151,0.0,0.95,0.05,0.5023,2025-04-21
2025-04-21 15:15:00,Spotify Stock Gets Upgrade. Diversification Can Lift Margins.,MarketWatch,https://finnhub.io/api/news?id=bc3697736e77e0c1b9998e5e488db1ad752f1f2c3e7adccae6d195d417149165,0.0,1.0,0.0,0.0,2025-04-21
2025-04-21 14:26:13,What the falling US dollar has historically meant for stocks: By the numbers,Yahoo,https://finnhub.io/api/news?id=bf763b065f0a2ad5515491b702a039f2f8dea88db7fa19125074de30a1ab8dde,0.147,0.749,0.104,-0.0772,2025-04-21
2025-04-21 14:05:50,"Market Chatter: European Commission President Asks X, Meta, TikTok to Comply With EU Digital Rulebook",Yahoo,https://finnhub.io/api/news?id=d49674a47117605dca87c6c5bd98a03f4807ebc384e6cb6b169e464738872ed2,0.0,0.921,0.079,0.3612,2025-04-21
2025-04-21 14:00:00,"How To Build A $500,000 Dividend Portfolio That Could Yield 18.35% In 20 Years",SeekingAlpha,https://finnhub.io/api/news?id=8e6e3fa32e40da513514f0f565d1f27638b2825a954a29a44461dbeec46ac129,0.0,1.0,0.0,0.0,2025-04-21
2025-04-21 13:49:00,"The Zacks Analyst Blog Highlights Apple, Philip Morris International, Sony and Vaso",Yahoo,https://finnhub.io/api/news?id=9ecd3bbcf33963ec1d4059c6ae12884c382b00d6004a655e83b41c56fb6e6446,0.0,0.935,0.065,0.2023,2025-04-21
2025-04-21 13:35:00,Pope Francis Pushed ESG. How the Church’s Investments Did.,MarketWatch,https://finnhub.io/api/news?id=cb67095df87974f8510449ba3f205f40c232511f3d89a7d6d62e95b0f0b6a840,0.0,1.0,0.0,0.0,2025-04-21
2025-04-21 13:21:51,"Apple may have a key problem bringing back manufacturing to beat Trump tariffs, former Intel CEO warns",Yahoo,https://finnhub.io/api/news?id=94f5c96b48427dfbdb48a891a76d4d667a9243d82d4b2d99a45675ad7a7fc918,0.14,0.765,0.095,0.0622,2025-04-21
2025-04-21 13:00:00,"Apple surpasses 60% reduction in global emissions, moves closer to 2030 climate goal",Yahoo,https://finnhub.io/api/news?id=0c5f6535632a448c84baae768a82d4308761603a9647d3a496a7eb86941b2ac8,0.0,0.915,0.085,0.4215,2025-04-21
2025-04-21 12:16:14,EU says it will enforce digital rules irrespective of CEO and location,Yahoo,https://finnhub.io/api/news?id=e9dedde1f8e8b90063fc4a0e11815e37d3e82acd682f4f6733241e119580c11b,0.051,0.889,0.06,0.1596,2025-04-21
2025-04-21 12:08:40,Harbor's TEC ETF Banks On Breakthroughs Over Balance Sheets,Benzinga,https://finnhub.io/api/news?id=9e2a9d36b8bff31cbeb47aafa9dde0f8dbbe89c07dc5796e9992906839e08202,0.0,0.845,0.155,0.6705,2025-04-21
2025-04-21 10:00:00,"1 ""Magnificent Seven"" Stock You'll Regret Not Buying During the Dip",Yahoo,https://finnhub.io/api/news?id=af2794de387485e854a393ec8bde45457f69804bb06968740594e8fc3503161e,0.046,0.716,0.238,0.9725,2025-04-21
2025-04-21 09:57:41,"Dow Jones Slides 550 Points On China Trade Warning; Nvidia, Tesla Sell Off",DowJones,https://finnhub.io/api/news?id=f5f0c5d1a590d581041fd36456907e1b1739e85ccead8cce1f949f5edb84b9d9,0.167,0.833,0.0,-0.5859,2025-04-21
2025-04-21 09:49:09,"TSMC: Hard Pill To Swallow, AI Demand Is Moderating - Downgrading To Sell",SeekingAlpha,https://finnhub.io/api/news?id=d676154ed6476942d8a8b3472babd2db9688ec67df9e580c3c4124b8a809ca8a,0.062,0.882,0.056,0.1779,2025-04-21
2025-04-21 09:45:00,Overly bearish investors risk writing off 2025 too soon. These strategies offer upside and downside protection.,MarketWatch,https://finnhub.io/api/news?id=24bb901648dfc6ca7d62d547dac6c7120002c66072764f56319726a820ff7e4f,0.227,0.773,0.0,-0.7351,2025-04-21
2025-04-21 09:30:00,"Berkshire Hathaway: What Buffett Saw, What I Learned",SeekingAlpha,https://finnhub.io/api/news?id=5997ec0536afd4a3e085197d8c8f246b9e11fbf655714736644217fd70130d2e,0.0,1.0,0.0,0.0,2025-04-21
2025-04-21 09:30:00,Berkshire Hathaway: Buffett Is Doing Much More Than Selling,SeekingAlpha,https://finnhub.io/api/news?id=1f1eff4de8a8f8a68aeeb3bfe71e04c6e64bcc75552237147642ae0f8c83a8d2,0.0,1.0,0.0,0.0,2025-04-21
2025-04-21 08:24:45,"Tesla, Nvidia, Apple And Other Big Stocks Moving Lower In Monday's Pre-Market Session",Benzinga,https://finnhub.io/api/news?id=da7785184c8f9849c914a942ba01cf9cb617f8d405a211091e78c1e0e4be7a13,0.155,0.845,0.0,-0.296,2025-04-21
2025-04-21 07:58:05,Only one Dow stock is up premarket. Even UnitedHealth's stock isn't bouncing.,MarketWatch,https://finnhub.io/api/news?id=2d23a6c48e33658fb94e7ed7bc822802b8ec71ccb08eaf376a6bd2b77c3bd1b8,0.0,1.0,0.0,0.0,2025-04-21
2025-04-21 06:30:00,The Elephant In The Room - March Dividend Income Report,SeekingAlpha,https://finnhub.io/api/news?id=8e1a74124ecd2ba7ccb56d31dae4fd4a98c49f60faaa31c899e9496652a31ed6,0.0,1.0,0.0,0.0,2025-04-21
2025-04-21 05:31:15,TSMC Warns of Limits of Ability to Keep Its AI Chips From China,Yahoo,https://finnhub.io/api/news?id=9857ae9474128447b8a0409340277d994ac8d1ecec09e462f363780430dc6bc0,0.016,0.863,0.12,0.7845,2025-04-21
2025-04-21 03:25:24,Alphabet: Logic Could Overcome Fear In Upcoming Earnings,SeekingAlpha,https://finnhub.io/api/news?id=49d82b962fc0682ba39d52cd0954295e797a25b5b3c99675317439ddb7eb3455,0.314,0.686,0.0,-0.4939,2025-04-21
2025-04-21 03:10:32,Trump Raised Record $239 Million for Inaugural Festivities,Yahoo,https://finnhub.io/api/news?id=132216cd01ac673fe6326c8cd6cbaa8c7134a886554c449cc94a8232508d1cee,0.0,0.942,0.058,0.5574,2025-04-21
2025-04-21 00:30:39,"Big Tech's ""Magnificent Seven"" heads into earnings season reeling from Trump turbulence",Yahoo,https://finnhub.io/api/news?id=7524b3275602ba36fcfe0e86be24dbfc2db103feb293d0f3d9e02ea2008815bb,0.036,0.88,0.084,0.7579,2025-04-21
2025-04-20 23:01:49,Apple: Falling Sales In China; Downgrade To Sell,SeekingAlpha,https://finnhub.io/api/news?id=d8ea6b878bc84b137079a4e2da91d44e49448530d707c6e5509fa201a02f5171,0.186,0.814,0.0,-0.1531,2025-04-21
2025-04-20 21:53:31,Magnificent-7. What Stock Should We Add To Make It The Excellent-8?,SeekingAlpha,https://finnhub.io/api/news?id=7ae577a83fb0f095ca70fc698fe61c0199e3714fe710fd95798ebdbc000ae9a8,0.0,1.0,0.0,0.0,2025-04-21
2025-04-20 10:43:20,Street Calls of the Week,Yahoo,https://finnhub.io/api/news?id=5478b76e686b1a812736c308450a712f5bddf4f7cd340ca341b320ecd59e0766,0.0,0.927,0.073,0.2023,2025-04-21
2025-04-20 10:37:00,2 Semiconductor Stocks That Could Help Make You a Fortune,Yahoo,https://finnhub.io/api/news?id=546e84e5ec05dd20da5182dbbbf42e4ece3cc9c4c13d186d88a0d8cbeab446a0,0.069,0.663,0.268,0.7783,2025-04-21
2025-04-20 09:30:00,"Invest In 6 Funds For A Potential $5,000 Monthly Income",SeekingAlpha,https://finnhub.io/api/news?id=19d78225aaa1a3a8abc48990b856c01e944b0efbb03b9d6b9bc1bc40bef81d64,0.0,1.0,0.0,0.0,2025-04-21
2025-04-20 09:15:00,"Selling America, Buying Europe - My Picks",SeekingAlpha,https://finnhub.io/api/news?id=58194e6d71d5409933effd38aaf6120f6a1062adef614dc8ae47a2ce8df31280,0.0,1.0,0.0,0.0,2025-04-21
2025-04-20 09:00:00,Tesla and Alphabet Report This Week. They'll Set the Tone for Big Tech Earnings,Yahoo,https://finnhub.io/api/news?id=d239c943a6baf63425b2ff0f2d1bf26a92ac1413fcd4157a75af52ec5d558560,0.0,0.929,0.071,0.5994,2025-04-21
2025-04-20 08:15:00,"Apple: Tariff Relief Buys Time, But Not Conviction",SeekingAlpha,https://finnhub.io/api/news?id=24665b5ab6ee6de6e8d88276fa840673660f11653e91b0c6a5579b64d80e8387,0.0,0.773,0.227,0.2617,2025-04-21
2025-04-20 02:19:48,APLY: In Position To See Outsized Distributions Potentially Exceeding 30%,SeekingAlpha,https://finnhub.io/api/news?id=5c67b1b422b4b07a04d2bfec6a06e1cb61a9d9027f87e74523b169ea6fcad3dc,0.0,1.0,0.0,0.0,2025-04-21
2025-04-19 15:17:00,"Mark Zuckerberg's Facebook, Instagram block new Apple product",Yahoo,https://finnhub.io/api/news?id=c2030ce244300e45761beafebf903597835526085a5491ff8ea9dffc1a3f6f48,0.115,0.754,0.131,0.1027,2025-04-21
2025-04-19 11:38:13,GAM: Tech Exposure Could Mean Short-Term Pain,SeekingAlpha,https://finnhub.io/api/news?id=4b1fd8ecc8bbc14cd467d1415a08b3dde2dc248c22111fd11ca84fd64fa880d5,0.355,0.645,0.0,-0.5106,2025-04-21
2025-04-19 09:00:00,Find these 6 Easter eggs on your iPhone or Mac,Yahoo,https://finnhub.io/api/news?id=9e57df9655baac309c8c0c2427c10183fff984784f1632cc67c6c0d2cfb78f09,0.0,0.892,0.108,0.3182,2025-04-21
2025-04-19 07:05:00,My Highest Conviction Buy Right Now That I Am Buying Hand-Over-Fist,SeekingAlpha,https://finnhub.io/api/news?id=ebcac534890db0c9bb6090f5c33bfbed514f4578c962e304834b2646852b5524,0.0,1.0,0.0,0.0,2025-04-21
2025-04-19 03:01:07,Will Vision Air become Apple's 'Ray Ban'?,Finnhub,https://finnhub.io/api/news?id=2abf185ce23b85142e1598f2d0d8f672e292064fef22da17cd1dea167e7824c9,0.077,0.837,0.086,-0.1531,2025-04-21
2025-04-18 21:55:36,Is Apple Inc. (AAPL) the Best Metaverse Stock to Invest in?,Yahoo,https://finnhub.io/api/news?id=259da3fbffcf53fda5551af9470f34552b61b57c46f41489c9d465dc0cf7d9fd,0.0,0.811,0.189,0.9403,2025-04-21
2025-04-18 21:15:00,Apple Gets Some Relief from President Trump's Tariffs. Could That Turn the Stock Around?,Yahoo,https://finnhub.io/api/news?id=04efc281326906aec03e553883827ec5611d10ddc5999760726d2d98275035b2,0.07,0.809,0.121,0.4767,2025-04-21
2025-04-18 18:44:00,S&P 500 Stocks Just Signaled a Death Cross. Don’t Panic.,MarketWatch,https://finnhub.io/api/news?id=8455aa6a89d7f836a8b8658402dd44c636e274c066908d0fecb5bf7b3f7e8ddf,0.474,0.526,0.0,-0.9371,2025-04-21
2025-04-18 16:27:16,Nvidia and Apple stocks show how investors are firefighting Trump's tariff changes,Yahoo,https://finnhub.io/api/news?id=d0a5fb9a07b8f3425ef3d7fb0251f2c36b6e1bfefc641a5bd63e9268fd9109d1,0.103,0.794,0.103,0.0,2025-04-21
2025-04-18 15:46:00,Tech’s Problems in China Are Getting Worse. These Companies Are Most at Risk.,Yahoo,https://finnhub.io/api/news?id=3173df0809c82992b2d07a5af7089110cac31a27e55fd5b80ff9722387f792dd,0.362,0.603,0.034,-0.9462,2025-04-21
2025-04-18 15:42:19,Netflix praised as 'cleanest story' in tech as latest earnings report brushes off macro worries,Yahoo,https://finnhub.io/api/news?id=9ee9bcb4188075ec207d7598c6964924875b79ae93862f302b49cfb67e62a040,0.118,0.742,0.139,-0.0258,2025-04-21
2025-04-18 15:15:10,Tech Leaders Who Backed Trump Have Lost $1.8 Trillion. Tariffs Described As 'Armageddon' For The Sector,Yahoo,https://finnhub.io/api/news?id=70bf0d7025efbd6cd7c1a71724851bf7521f6c2f4522181bd6170124b4a1aeb2,0.044,0.82,0.136,0.8261,2025-04-21
2025-04-18 14:48:36,"Apple Stock Bruised, But This Partner Warms Up A Breakout — With Caveats",Yahoo,https://finnhub.io/api/news?id=115b54760ab6606714849eae0f4f892b54b8dfecf44ece0df59f61ab3b35a051,0.047,0.882,0.071,0.2263,2025-04-21
2025-04-18 14:16:00,Apple Is an Efficiency Champion. This Company Is Closing In on Its Crown.,Yahoo,https://finnhub.io/api/news?id=2df87e62b034f6c24b5b11e9c7a9ba3f0a77d4e267d75c9da8ff80e9d9f0881c,0.0,0.802,0.198,0.836,2025-04-21
2025-04-18 14:03:00,Stock Market Swoon Could Hit Some P&C Insurers Harder Than Others,SeekingAlpha,https://finnhub.io/api/news?id=1b0d030265192bc608852dcf016566ffe1c274e846e153fc95f6f4ae105f203a,0.0,1.0,0.0,0.0,2025-04-21
2025-04-18 14:00:00,Worried About How Tariffs Will Affect Your Portfolio? Look for Stocks That Have 1 Super Characteristic.,Yahoo,https://finnhub.io/api/news?id=f02c19721a2fe11888091aff0044cb60d5798b5c90a98f6bedd309d2ba9b9a60,0.045,0.838,0.117,0.7964,2025-04-21
2025-04-18 12:37:39,Cloud AI Update - AI Security Innovation: Operant AI Unveils AI Gatekeeper,Yahoo,https://finnhub.io/api/news?id=041d294026d48cf21a1e6c9d0dd69f6b36f0d2603f9b061623c6dce64b5f0f43,0.029,0.776,0.196,0.9242,2025-04-21
2025-04-18 12:28:06,Apple's Record-Breaking iPhone Sales in India Boost Q1 Despite China Dip,Yahoo,https://finnhub.io/api/news?id=0eb3465b34cb3b95c203392da7925d81c53c782f8f2fe366dcad6992946e5e91,0.097,0.769,0.134,0.0258,2025-04-21
2025-04-18 11:45:00,The Best Warren Buffett Stocks to Buy With $60 Right Now,Yahoo,https://finnhub.io/api/news?id=de49dca8684dbc0c2030b4fc66510edf7c3e5cd881dcb6630c0a12c91a4fd0e6,0.0,0.774,0.226,0.8873,2025-04-21
2025-04-18 11:20:49,'Headline Risk' Lurks as TSM Shines Bright on AI Demand,Benzinga,https://finnhub.io/api/news?id=cdf97828c336f671d214e69f1e7304cb663550d7b9a783c64c58cf2d860d41b9,0.304,0.513,0.183,-0.3919,2025-04-21
2025-04-18 10:51:38,"Amazon: Back Up The Truck, And Buy Now (Rating Upgrade)",SeekingAlpha,https://finnhub.io/api/news?id=59ca40f340e214c96bff49bbdc45c4dcd3a7f47b4f21b7916741dbf4b96358f6,0.0,0.841,0.159,0.1779,2025-04-21
2025-04-18 09:55:00,"EU Delayed Punishing Apple, Meta Just Before Trade Talks Started",DowJones,https://finnhub.io/api/news?id=39ba79db520a7acb00a2a5ce1dc4be15d8925a3a5d9cfb2960de749329594db1,0.407,0.593,0.0,-0.875,2025-04-21
2025-05-02 07:02:00,"Tech, Media & Telecom Roundup: Market Talk",DowJones,https://finnhub.io/api/news?id=6f4e5e2e20ffdaa9501e05b4d4e56fe054ecaeb82fc1f012f151da0979a78772,0.0,1.0,0.0,0.0,2025-05-02
2025-05-02 14:33:05,Nasdaq Surges Over 300 Points; Apple Shares Fall After Q2 Results,Benzinga,https://finnhub.io/api/news?id=6849924f0018faf0e426a5d0bc1f9bb52bc38016bd7d0bbf423c308ed02cf915,0.0,0.82,0.18,0.296,2025-05-02
2025-05-02 14:15:59,Apple Stock Falls After iPhone Maker Warns of Heavy Tariff Cost,Yahoo,https://finnhub.io/api/news?id=85850211b49996e89f9cb94e78574e1408606a851d0d036e26d2af111d5640e6,0.101,0.899,0.0,-0.5719,2025-05-02
2025-05-02 14:01:08,Apple moves iPhone production to India,Finnhub,https://finnhub.io/api/news?id=17eb0eebfd3d6f39f9e706e4f55d70475666aef3aeb27dcd1c6beb3dbf689684,0.0,1.0,0.0,0.0,2025-05-02
2025-05-02 14:00:00,A Giant Crack Appears in Tim Cook’s Walled Garden,Yahoo,https://finnhub.io/api/news?id=8cd7b6c6f9a988e4037d57921e9b59e847719dc1f03d88b4b4bdace9f6fae290,0.0,1.0,0.0,0.0,2025-05-02
2025-05-02 13:56:40,"Apple downgraded, Reddit upgraded: Wall Street's top analyst calls",Yahoo,https://finnhub.io/api/news?id=8a04c681b3650e3ebe87297008bda55185e2cff11ef76a13af8a06eb093bb6e1,0.0,0.816,0.184,0.3818,2025-05-02
2025-05-02 13:54:44,"Apple, Anthropic Team Up To Build Ai-Powered 'Vibe-Coding' Platform- Bloomberg News",Finnhub,https://finnhub.io/api/news?id=72979683d5bb7ef67bb2dabfa12256bfe8f95970e8868ccdf4d14405b015b28c,0.0,1.0,0.0,0.0,2025-05-02
2025-05-02 13:50:14,This Apple Analyst Is No Longer Bullish; Here Are Top 5 Downgrades For Friday,Benzinga,https://finnhub.io/api/news?id=1872572a73f0d5425e1146d68afae8e49a3990f2c6ad864cb4269f610a2e823f,0.138,0.75,0.113,-0.1027,2025-05-02
2025-05-02 13:49:00,The Dow jumps 450 points as a strong jobs report has Trump calling for interest rate cuts again,Yahoo,https://finnhub.io/api/news?id=aac8b6fb5db8c731af8290d46fa8676d025fab74c7f534b572859ef7cf8d9475,0.027,0.762,0.211,0.9287,2025-05-02
2025-05-02 13:42:00,"Warren Buffett turns 95 this summer, and he’s still working weekends",MarketWatch,https://finnhub.io/api/news?id=8f5365b1b02aa12ac2b50b18248835cb12f77c61db004cbd3d40855d1e4db4d4,0.0,1.0,0.0,0.0,2025-05-02
2025-05-02 13:40:42,"Apple Hit With Downgrades as Tariff, Growth Worries Increase",Yahoo,https://finnhub.io/api/news?id=db7314d4e6c3bb7a25645a8131091722b771718af4754e0e6266911ce1265d96,0.076,0.845,0.079,0.0772,2025-05-02
2025-05-02 13:34:06,"TSX futures positive on calming trade tensions, positive U.S. jobs report",Yahoo,https://finnhub.io/api/news?id=21ba47833aa381e100873c608e581dfa57892d2971cef137be458e4b9732674e,0.071,0.675,0.254,0.9153,2025-05-02
2025-05-02 13:28:00,U.S. Needs Wins on Trade. They May Not Help the Global Economy.,MarketWatch,https://finnhub.io/api/news?id=2d4ec6cbd6045a0286ececf0bb2b6dd7702e32e4417f5a30f567ab63e14aafbf,0.141,0.627,0.232,0.5972,2025-05-02
2025-05-02 13:20:00,Earnings Dilute Tariff Concerns,SeekingAlpha,https://finnhub.io/api/news?id=7a6ae604f33a1b09a0e02790c9e37889cb568fa2d8b7c9d2623900cd74d0099f,0.0,0.851,0.149,0.2716,2025-05-02
2025-05-02 13:12:59,Q2 2025 Apple Inc Earnings Call,Yahoo,https://finnhub.io/api/news?id=82120748f36b1bdc927bb2df7b312b920c25660e1dc5aafdaac7f04da71b3df0,0.0,1.0,0.0,0.0,2025-05-02
2025-05-02 13:08:00,"These Stocks Are Moving the Most Today: Apple, Amazon, Block, Exxon, Chevron, Take-Two, MicroStrategy, Airbnb, Reddit, and More",Yahoo,https://finnhub.io/api/news?id=29eb5d05c30599c93aee3b7edcea2dc07d2d665424cb4e26284c842775ba5e38,0.203,0.615,0.182,-0.0627,2025-05-02
2025-05-02 13:07:36,"Jobs report, China trade, Apple & Amazon earnings: 3 Things",Yahoo,https://finnhub.io/api/news?id=54111f6008a8ef0626f95797f393efd28b38a01519eda387cded50ea87f24ce2,0.0,0.963,0.037,0.34,2025-05-02
2025-05-02 13:04:30,Spotify's US app update gets Apple approval after court ruling,Yahoo,https://finnhub.io/api/news?id=39c92d9c62325a1d2be87fbf8a6521dba63d6464c95e92b37d5eda85af249143,0.015,0.85,0.135,0.8834,2025-05-02
2025-05-02 13:02:00,These companies are emerging as potential winners in Trump’s trade war,MarketWatch,https://finnhub.io/api/news?id=3730d7ab97a78fdc13b9ea1cffca7e0ca2138a8dc8596e145bce054cf7f1dd0e,0.244,0.562,0.194,-0.3818,2025-05-02
2025-05-02 12:50:00,"Apple’s issues go deeper than tariffs, as analysts worry about AI challenges",MarketWatch,https://finnhub.io/api/news?id=39c040bb9df220bdd61e0ff9b58e060413ab625504f6e543029be843d7cfd97d,0.204,0.704,0.092,-0.6369,2025-05-02
2025-05-02 12:25:26,Spotify Says Apple Approves App Update With External Payment Links,Yahoo,https://finnhub.io/api/news?id=103d21e9ab52cedbe36980cb353f86063455db0c32998da72a5eb25a342fc031,0.0,0.814,0.186,0.6705,2025-05-02
2025-05-02 12:21:19,Dow Jones Rises As China Says It's 'Evaluating' U.S. Trade Talks. Apple Falls On Earnings.,Yahoo,https://finnhub.io/api/news?id=a985cd57b070e3c5d6eccc55d428901de8e39192a52b7b04a8fb5ff04c5f9308,0.0,1.0,0.0,0.0,2025-05-02
2025-05-02 12:12:08,"Wall Street Eyes 9th Straight Day Of Gains, Apple Falls As Chinese Sales Disappoint: What's Driving Markets Friday?",Benzinga,https://finnhub.io/api/news?id=9603bbe16675c9f6ce1b7dc63ac5ba8d608a9ee055051a6f2a071442af81399c,0.051,0.768,0.182,0.7184,2025-05-02
2025-05-02 11:57:00,Apple Stock Drops. Why a $900 Million Tariff Hit Could Be Just the Start.,Yahoo,https://finnhub.io/api/news?id=c2eeedc2a477cec194afcf68fc435b1a3b4eb374d8e1640325c7c5893c1c019e,0.071,0.877,0.052,-0.4767,2025-05-02
2025-05-02 11:52:03,Breakfast News: China Considers Trade Talks,Yahoo,https://finnhub.io/api/news?id=278f7bf67ae006bd0e164452ca1bd2f9eef29083618dbdcb44b447f53b3b6a7b,0.102,0.667,0.231,0.4404,2025-05-02
2025-05-02 11:49:35,Why I Think Apple Is Currently The Least Interesting Of The FAANG Stocks,SeekingAlpha,https://finnhub.io/api/news?id=c042429feb5173ddec53555dc9175d992424dc6a428d3ff152008eb597d33527,0.093,0.794,0.113,0.2363,2025-05-02
2025-05-02 11:49:20,"Stock Market Powers Higher On Microsoft, Meta, Trump Tariff Hopes: Weekly Review",DowJones,https://finnhub.io/api/news?id=9f5f362adbf16a020efc77bd1eaf1eeec496317e918ee9f3e63df187be8b77bb,0.0,0.797,0.203,0.6808,2025-05-02
2025-05-02 11:45:35,Apple to source 19 billion chips from US this year,Yahoo,https://finnhub.io/api/news?id=c26bee42167366b531dfc54633278493e1d04b47bd10f34827f8c0992a1e7b6b,0.069,0.931,0.0,-0.25,2025-05-02
2025-05-02 11:43:38,Jim Cramer on Apple Inc. (AAPL): ‘The Most Obvious Story in America for Years and Years’,Yahoo,https://finnhub.io/api/news?id=d9d73f224f11af14ba6cbd33a79020c9e98a3af91b182c6eed005c8cd6db46cb,0.04,0.877,0.083,0.5267,2025-05-02
2025-05-02 11:42:59,"Stocks advance on jobs data, signs of easing trade tensions",Finnhub,https://finnhub.io/api/news?id=13499e9475925945c74068b9c80de935322acef9468ee30653796d76775a358f,0.15,0.738,0.112,-0.2023,2025-05-02
2025-05-02 11:39:00,"These Stocks Are Moving the Most Today: Apple, Amazon, Block, Take-Two, Dexcom, MicroStrategy, Duolingo, Roku, and More",MarketWatch,https://finnhub.io/api/news?id=b9375fc0d6e789269d442e9ebe4cc8c4543203e7ff9f8bdec0ea7f809fc75ea3,0.146,0.755,0.099,-0.4353,2025-05-02
2025-05-02 11:37:06,"EXCLUSIVE: April's 20 Most-Searched Tickers On Benzinga Pro — Where Do Tesla, Apple, Palantir, Nvidia Stocks Rank?",Benzinga,https://finnhub.io/api/news?id=c0a02d7d149e72e045684049cb34985558b5301940e08350a1dae53bced74a24,0.0,0.953,0.047,0.3034,2025-05-02
2025-05-02 11:34:32,Spotify's US app update with purchase links gets Apple approval,Finnhub,https://finnhub.io/api/news?id=736cb4508346542aeb728e471214805eafd6116500c61bce999374d515d67597,0.0,0.797,0.203,0.836,2025-05-02
2025-05-02 11:30:53,Why Apple's possible $900M tariff hit 'could be worse',Yahoo,https://finnhub.io/api/news?id=b3a00da675f310bf2000134476b4a758290904ec1ad0f45f64d9f2341a918b3d,0.086,0.914,0.0,-0.545,2025-05-02
2025-05-02 11:30:00,A Major Market Disruption Is Likely Coming,SeekingAlpha,https://finnhub.io/api/news?id=61af25477e7d847bfa3ffd92a339bcce297bdfff7f8fd6b7bbe869ba8f472ab9,0.124,0.799,0.077,-0.1918,2025-05-02
2025-05-02 11:23:24,S&P 500 seeing another day of broad-based gains,MarketWatch,https://finnhub.io/api/news?id=03e3231c424d6057d886177a08434ad4f601fa7a6ee5edc8cf3451e629cae954,0.0,0.745,0.255,0.5859,2025-05-02
2025-05-02 11:22:02,Apple sees sharp narrative shift as tariffs dominate tech giant's outlook,Yahoo,https://finnhub.io/api/news?id=4f80c324bc8ee259e66a4947e07ce20d50c4a5ec9df3b91a5763914ce90582c6,0.068,0.856,0.077,0.0516,2025-05-02
2025-05-02 11:20:14,Morning Bid: Buy in May?,Yahoo,https://finnhub.io/api/news?id=db122301ff2ade749db0798fd2bee531dcc39b5cfe5173ee966e3e62d0f71b1e,0.062,0.896,0.042,-0.0864,2025-05-02
2025-05-02 11:00:06,TSX gains on signs of easing Sino-US trade tensions,Finnhub,https://finnhub.io/api/news?id=ccce9810ad49513af0a8460744f3c3c4c07dc2a9c9bda2696610bf384b08ca10,0.123,0.731,0.146,0.0,2025-05-02
2025-05-02 10:51:57,"No China, No Problem: Upgrading Apple To A Buy",SeekingAlpha,https://finnhub.io/api/news?id=9a60fdf1ec6eda089fd8de03386476664a10ce859a317b154bfc46d89a055f70,0.077,0.663,0.26,0.7919,2025-05-02
2025-05-02 10:41:35,Apple must defend all fronts,Finnhub,https://finnhub.io/api/news?id=1fb4c3f1726e52137e60f67f17f1e4a7a64152f4cccbfe574b4d8fa03bf169c8,0.157,0.769,0.074,-0.4588,2025-05-02
2025-05-02 10:37:12,Stock Market Today: Dow Jones Soars 400 Points On Strong Jobs Report; Palantir Stock Jumps Ahead Of Results (Live Coverage),DowJones,https://finnhub.io/api/news?id=3c78b8fc397a222acdef1bfabb308a961e38cc7a828e78ea768e8707eaea5c42,0.0,0.852,0.148,0.765,2025-05-02
2025-05-02 10:07:41,"Magnificent Seven ETF hanging in there even as Amazon, Apple slide",MarketWatch,https://finnhub.io/api/news?id=79a7dd78edc9dae02533a810290170a6d124d51ee6aec684943f6e5c726e4bac,0.0,0.616,0.384,0.8807,2025-05-02
2025-05-02 09:57:00,Apple’s $100 billion buyback disappointed some. Here’s where it ranks historically.,MarketWatch,https://finnhub.io/api/news?id=a3b1478c64891221c574c4cbbcc3ce71fa3356897e8b2e000df577b0fd57e2e9,0.237,0.763,0.0,-0.7351,2025-05-02
2025-05-02 09:34:11,Dow Jones Rallies On Surprise Jobs Report; Apple Dives On Earnings,DowJones,https://finnhub.io/api/news?id=f32d532635e95dc570b544259c0557fd89fe9bacc5046d42872783b09d1cbaca,0.0,0.826,0.174,0.4939,2025-05-02
2025-05-02 09:20:49,"Wall Street set to open higher on tariff, jobs data optimism",Finnhub,https://finnhub.io/api/news?id=5885a436fad29fb3954de3d28227668d11de61e56c5b38badbef70aaa6c6cb56,0.0,0.904,0.096,0.5423,2025-05-02
2025-05-02 09:19:55,Apple: Overvalued Stock Faces Tariff Troubles And Growth Struggles,SeekingAlpha,https://finnhub.io/api/news?id=4dbdeb43ba77d858f529f08d35cc0405984233ef137050a383a8924ba70b011f,0.39,0.426,0.184,-0.4404,2025-05-02
2025-05-02 08:32:27,"Apple shares fall as buyback cuts, tariff fears fan investor jitters",Finnhub,https://finnhub.io/api/news?id=188afc2c0f293538e370261bf7b2084c9934cc46e797cb408048a63c892bde38,0.101,0.765,0.135,0.1779,2025-05-02
2025-05-02 08:15:13,APPLE INC : Jefferies lowers its rating to Sell,Finnhub,https://finnhub.io/api/news?id=72a2a4138cb66d0fb3b8214966b824b72973897b39e0e58e548cd94d71965723,0.093,0.907,0.0,-0.4019,2025-05-02
2025-05-02 08:04:30,"Block, Atlassian, Apple, Roku, Amazon And Other Big Stocks Moving Lower In Friday's Pre-Market Session",Benzinga,https://finnhub.io/api/news?id=a92b7eb68b122c053fbeca29747bca9c14c20aac333cc4794f1097dcd304cc9c,0.271,0.638,0.09,-0.5267,2025-05-02
2025-05-02 07:57:53,Apple To Rally More Than 17%? Here Are 10 Top Analyst Forecasts For Friday,Benzinga,https://finnhub.io/api/news?id=355e6675a834ec11d293d50452faafc4d633636a15f6b33ecd16226d5a4366e6,0.0,0.878,0.122,0.2023,2025-05-02
2025-05-02 07:52:31,"Futures edge up on hopes of easing trade tensions, jobs data awaited",Finnhub,https://finnhub.io/api/news?id=87052cac067eb1bf558f2973a797651e0831002010a84868db9bc43f1e9bc119,0.268,0.591,0.14,-0.7845,2025-05-02
2025-05-02 07:16:46,MORNING BID AMERICAS-Buy in May?,Finnhub,https://finnhub.io/api/news?id=c38c6169aca080721087cc5924b3935f61e430f0eb3086084a28bbb1c68fcb97,0.0,0.962,0.038,0.0258,2025-05-02
2025-05-02 07:15:00,"The Market Rally Is Strong, This Would Send It Stratospheric. And 5 Other Things to Know Today.",MarketWatch,https://finnhub.io/api/news?id=851f5e648d75a8c5c058491849de4a7d2ae8640c6a02880f0a99d699ad1f6e21,0.0,0.829,0.171,0.765,2025-05-02
2025-05-02 06:37:25,APPLE INC : Goldman Sachs reiterates its Buy rating,Finnhub,https://finnhub.io/api/news?id=f3e9831a351b0fd56b639d1649f3da6471058b061e79fa51d6dae92e05332ebe,0.0,0.853,0.147,0.7506,2025-05-02
2025-05-02 06:20:15,APPLE INC : UBS reiterates its Neutral rating,Finnhub,https://finnhub.io/api/news?id=4871a3ea99589fcf6270c650232a1214c84ccee09f2ab278d834ed75e482e0d3,0.0,1.0,0.0,0.0,2025-05-02
2025-05-02 05:56:00,China Says Its ‘Door Is Wide Open’ for Trade Talks. What It Means for the Market.,MarketWatch,https://finnhub.io/api/news?id=f8259ed3a14e92697cbdbca11cc7bf396808aed4851f908ad7a69385d25ffc8b,0.0,1.0,0.0,0.0,2025-05-02
2025-05-02 05:48:34,Stocks gain on signs that Sino-US trade tensions may be easing,Finnhub,https://finnhub.io/api/news?id=cc9c56429f6bfe166ae2a7468bc416b7b5209b2da4e85358c8352ae4e2d3cc76,0.063,0.728,0.209,0.6369,2025-05-02
2025-05-02 05:30:00,What Big Tech Has Going for It in the Trade War,DowJones,https://finnhub.io/api/news?id=d8d5fa739e85adc5244d2aa1cf6e87bd0e54b4392551ca9fba4d99998e18ce7f,0.281,0.719,0.0,-0.8316,2025-05-02
2025-05-02 05:17:16,"Premarket movers: Apple, Amazon.com, Block, Roku, Reddit",MarketWatch,https://finnhub.io/api/news?id=0695d4db90050cab31e9005d316514b94b6e2780f84265a9406d9d0980bfc725,0.326,0.674,0.0,-0.7003,2025-05-02
2025-05-02 05:04:54,Apple shares fall as tariff costs to add more agony,Finnhub,https://finnhub.io/api/news?id=14d2ceb10ce0a5ba8dac9f10dc539c8c20759c3d7a1ec331d86fbe4bf04c0ade,0.11,0.744,0.146,0.1706,2025-05-02
2025-05-02 05:02:12,Why Twilio Shares Are Trading Higher By Over 9%; Here Are 20 Stocks Moving Premarket,Benzinga,https://finnhub.io/api/news?id=5297babb8d0887dfc3e045259126396712a75e65e09dd739cf18c3aa32900caa,0.0,0.864,0.136,0.296,2025-05-02
2025-05-02 04:22:38,Apple's Adaptability Is Being Underestimated: NYU's Damodaran,Finnhub,https://finnhub.io/api/news?id=bf824f93b7a0e8347a78ddd9d74bd27ad6ce1aec92fb648ff8292ef6f085ec59,0.053,0.882,0.065,0.128,2025-05-02
2025-05-02 04:17:05,Movavi Unveils Top 3 Free Methods to Effortlessly Convert FLAC to ALAC,Finnhub,https://finnhub.io/api/news?id=230f96016683157507b4c33b68ad0d8e64b908e7365fc00e8853d30291d19dd9,0.0,0.74,0.26,0.9245,2025-05-02
2025-05-02 02:20:32,"Apple shares fall in Frankfurt after tariff warning, trims buyback",Finnhub,https://finnhub.io/api/news?id=7a3625bd207e09ad235a5fb5d0bf4b10ab18ab3b6c2faa7dc3f17b7ef9fba679,0.051,0.809,0.14,0.4939,2025-05-02
2025-05-02 02:01:21,Apple prepares for impact trade war,Finnhub,https://finnhub.io/api/news?id=32542b207075a9fb2233b7221213d19387c5e40050311f0ed63de94c7e03ef0e,0.139,0.81,0.051,-0.5859,2025-05-02
2025-05-02 01:40:07,Stocks gain on signs of easing Sino-US trade tensions,Finnhub,https://finnhub.io/api/news?id=dadefc78d7a5e34193fb85a8a687fc376f7f2437be59233c8827d2d2173ee5a8,0.065,0.699,0.236,0.7269,2025-05-02
2025-05-02 01:14:53,PRESS DIGEST- Wall Street Journal - May 2,Finnhub,https://finnhub.io/api/news?id=1071e046918557d3cc9019fcfd1d0317db306e4a4bef97750c926830e1c7cdb8,0.0,0.954,0.046,0.2023,2025-05-02
2025-05-02 00:30:13,"Bright signs from Beijing, bad omens from Apple",Finnhub,https://finnhub.io/api/news?id=ff62d7f89a62d622428b89a54df0e9b3536501ee79aef1d17869702c089a59bb,0.141,0.794,0.066,-0.5106,2025-05-02
2025-05-02 00:30:13,"MORNING BID EUROPE-Bright signs from Beijing, bad omens from Apple",Finnhub,https://finnhub.io/api/news?id=69ce98064840d3e0d314096aae1ced6d02fb18050b40e9b94ed1f9cdbf0f6c7c,0.154,0.846,0.0,-0.7351,2025-05-02
2025-05-01 23:00:19,"Dow Jones Futures Rise As China Says It's 'Evaluating' U.S. Trade Talks. Amazon, Apple Fall On Earnings.",DowJones,https://finnhub.io/api/news?id=c3b43a7723008c049faba309d3c63bdcc69667750c0d03f985189157049417f5,0.0,0.904,0.096,0.34,2025-05-02
2025-05-01 22:58:00,Franklin Rising Dividends SMA Q1 2025 Commentary,SeekingAlpha,https://finnhub.io/api/news?id=fc01313836da0e6b7e6dc652feea43d4abfa03a69d1ab5965b04ca5ef81ebf34,0.0,1.0,0.0,0.0,2025-05-02
2025-05-01 22:40:30,Asian stocks rise on signs of easing Sino-US trade tensions,Finnhub,https://finnhub.io/api/news?id=05cfcbd9ff55162d8ad602bb260c9c1ea10283e891d66c709fd1ed0917ff13b9,0.115,0.837,0.048,-0.4215,2025-05-02
2025-05-01 21:12:05,Spotify submits app update to Apple with external link for purchases in US,Finnhub,https://finnhub.io/api/news?id=eaf12ba4d0579f7f78d176b0200e66f11cbc6bab01e1af2cb6793f63baef26f3,0.068,0.895,0.038,-0.3612,2025-05-02
2025-05-01 20:45:25,Apple Inc. (AAPL) Q2 2025 Earnings Call Transcript,SeekingAlpha,https://finnhub.io/api/news?id=691ccec8bec9f3467c269f615344e57c720db218a158a7fb83945c50b0d35024,0.0,1.0,0.0,0.0,2025-05-02
2025-05-01 20:21:00,Here’s why Apple’s stock is getting dumped despite solid earnings results,MarketWatch,https://finnhub.io/api/news?id=c304b4305d5538c6f2bd0c9ffeb138650ab2171c66e252e5e341890677b0527c,0.315,0.685,0.0,-0.7421,2025-05-02
2025-05-01 19:50:09,"Apple girds for more trade war pain, trims buyback",Finnhub,https://finnhub.io/api/news?id=8c087b21a1d51cd8642b9d7a3b490ec4aeef8f138cf159ee92d5e50c66a2e0a0,0.169,0.784,0.048,-0.7609,2025-05-02
2025-05-01 19:47:27,Why is Apple's stock down? Here are a few reasons.,MarketWatch,https://finnhub.io/api/news?id=81c886ed14a3c054130ffec3ffda355e97a5e5234e66226b3f0322d8bd3868f8,0.0,1.0,0.0,0.0,2025-05-02
2025-05-01 19:06:55,"Apple, Amazon shares slip after hours; tech shares jump earlier",Finnhub,https://finnhub.io/api/news?id=beed5975809bf4db5b4ee4b263174a872429e3cb81ceb4cb9e36f3afd6cec315,0.07,0.654,0.277,0.7579,2025-05-02
2025-04-30 14:50:00,"Here’s what’s worth streaming in May 2025 on Netflix, Max, Hulu, Disney+ and more",MarketWatch,https://finnhub.io/api/news?id=0aefb9c281a81ac2c3f61664e8bd0bb943d70965948657a69fd12d3b2dba27a9,0.0,0.865,0.135,0.4703,2025-04-30
2025-05-01 19:01:10,Apple says Trump Tariffs will cost 900 million dollars next semester,Finnhub,https://finnhub.io/api/news?id=88a1e37058268b607316eea83c95db1fe50bd1aa44924c024e1f3e1844bab380,0.069,0.771,0.16,0.6705,2025-05-02
2025-05-01 18:50:03,"Apple Q2 Earnings: Execution Risks Loom Large, Turning Bearish (Rating Downgrade)",SeekingAlpha,https://finnhub.io/api/news?id=e214e566f74e8d87b53adc2213969f71273eea9277a7c19b6a77d32524efb8f3,0.267,0.733,0.0,-0.836,2025-05-02
2025-05-01 18:43:00,"Apple Says Most of Its Devices Shipped Into U.S. Will Be From India, Vietnam",DowJones,https://finnhub.io/api/news?id=a9d78523076c7a3d3a3c3869a9e1559c1bdb8c06e001d5a867b81601764b7aa6,0.0,1.0,0.0,0.0,2025-05-02
2025-05-01 18:21:19,Apple's buyback boost is dubbed a 'head scratcher' by one analyst,MarketWatch,https://finnhub.io/api/news?id=2cddf7f7dd29d2bf44331bf8ea8732a3c50769043d925cf74ce45af9ebe0b7e1,0.0,0.787,0.213,0.6597,2025-05-02
2025-05-01 18:10:05,"Tim Cook admits to AI issues, needs more time to complete personalized Siri",MarketWatch,https://finnhub.io/api/news?id=6bfdeb8e65f67049e08ad0865b496a71cff183c2fea1cda672f4a89ba7ebb3db,0.0,0.845,0.155,0.5267,2025-05-02
2025-05-01 18:02:32,Apple Tops March-Quarter Targets On Record Services Revenue. But Stock Slips.,DowJones,https://finnhub.io/api/news?id=7346747e29dacf2e02c78cba520bc29486e8e4f3a21f04e560bcea7762aaf60e,0.0,0.752,0.248,0.765,2025-05-02
2025-05-01 17:59:00,A TikTok Choice for Google and Apple,DowJones,https://finnhub.io/api/news?id=22dd5a577688a6edd5c499c4d8db05227317c429e1ecb72af29103d6df91227a,0.0,1.0,0.0,0.0,2025-05-02
2025-05-01 17:56:00,"Stocks to Watch : Apple, Amazon.com, Airbnb, Instacart",Finnhub,https://finnhub.io/api/news?id=52f99f519ae88979837b6b2fd7b02368330050e3a21b749bf04b05b04e235ee6,0.0,1.0,0.0,0.0,2025-05-02
2025-05-01 17:48:47,Apple's Cook is uncertain about tariff costs going forward,MarketWatch,https://finnhub.io/api/news?id=4c983dff47b964958326f80b5178ae08b12c0e8fb1e9ea1706c9691d6066d14d,0.216,0.784,0.0,-0.5267,2025-05-02
2025-05-01 17:45:41,"Apple offers a bit of guidance, with some clues on how tariffs will hit margins",MarketWatch,https://finnhub.io/api/news?id=b58882015c460025aa78cbf55e1585eafe623d6afca120c3d4fdf646bb0a4f86,0.0,1.0,0.0,0.0,2025-05-02
2025-05-01 17:40:31,Apple continues to whittle down its net cash balance,MarketWatch,https://finnhub.io/api/news?id=897428ddd1bd7a7a2d1d086afb0399dd8523259c26885b076c94f762eeb7a5bb,0.0,1.0,0.0,0.0,2025-05-02
2025-05-01 17:35:56,Apple estimates tariffs will add $900 million to costs in June quarter,Finnhub,https://finnhub.io/api/news?id=381351fdae09c2518426985776119b09eefbd9a15eabf28d6becec876de96336,0.045,0.955,0.0,-0.2235,2025-05-02
2025-05-01 17:31:36,Here's how Apple will try to get around China tariffs,MarketWatch,https://finnhub.io/api/news?id=ceeb3a97dddaf06abdeb65fd0c9382b9cd9a88d8841aff134c971c7ec21fceef,0.0,1.0,0.0,0.0,2025-05-02
2025-05-01 17:29:12,Apple puts a number on tariff costs — for now,MarketWatch,https://finnhub.io/api/news?id=79292ea170464c67127f2ec818ab447af49753883b1bfc330ff79ba17d0eccfd,0.0,0.874,0.126,0.1531,2025-05-02
2025-05-01 17:04:57,Apple : Second Quarter 2025 Financial Statements,Finnhub,https://finnhub.io/api/news?id=88199c55789259e4459afd8fa41a5032e84e3755cd533761b56f4157afe81341,0.0,1.0,0.0,0.0,2025-05-02
2025-05-01 17:04:30,Apple's earnings call just kicked off. Here's how to listen.,MarketWatch,https://finnhub.io/api/news?id=d216ad278a66e53861dd4b4a80e6a884e78c2350abd7db966b9c05147cc002dd,0.0,1.0,0.0,0.0,2025-05-02
2025-05-01 17:02:04,Apple's gross margin expands — but tariffs could throw a wrench in that momentum,MarketWatch,https://finnhub.io/api/news?id=f6d61c976be98cceb26c6addb868cc35eaf0476678694fca85682e1e63c3dcab,0.188,0.727,0.085,-0.6597,2025-05-02
2025-05-01 17:01:30,"Apple slightly outperforms expectations, but trade tensions continue to worry investors",Finnhub,https://finnhub.io/api/news?id=6a8687d8cf6dbb567a0f6b839cab87502db8549b70e24407f56c52c5f8ee35b2,0.339,0.661,0.0,-0.9612,2025-05-02
2025-05-01 17:00:14,Apple posts stronger-than-expected Q2 results but stocks slides after-hours,Finnhub,https://finnhub.io/api/news?id=09e04911d202bf0778d9961f4a74063c740c96e88633d9443871c6e7bbb0413e,0.0,1.0,0.0,0.0,2025-05-02
2025-05-01 16:58:11,Apple's services revenue comes in slightly below expectations,MarketWatch,https://finnhub.io/api/news?id=c75e47df0440860e7583ad4fb5069d62a04f32b2dc602a171f0ea33c84e84dc7,0.0,1.0,0.0,0.0,2025-05-02
2025-05-01 16:55:03,Apple reports second quarter results,Finnhub,https://finnhub.io/api/news?id=f55a61205d7df0423607f25b35335870a2bc7d131e39c69d447d6ba6f087327f,0.0,0.921,0.079,0.0516,2025-05-02
2025-05-01 16:52:36,"Another year, another dividend hike for Apple",MarketWatch,https://finnhub.io/api/news?id=3e2e624c38f8d00e4d8b013252bcfa97f31eb9770985367c25e6e44a66fa18e2,0.0,1.0,0.0,0.0,2025-05-02
2025-05-01 16:51:24,Microsoft: The Return Of Azure (Rating Upgrade),SeekingAlpha,https://finnhub.io/api/news?id=dcad785425132178fc94c79a1d754e289d53491f07166318c9afa27db8fd181f,0.0,0.861,0.139,0.6124,2025-05-02
2025-05-01 16:50:00,"Update: Apple Must Pay Optis $502 Million in Patent Infringement Case, UK Court Rules",Yahoo,https://finnhub.io/api/news?id=92b0cc6d03731f957978be47b0f7632bf6899dcea52f9359401f5ca502429da6,0.13,0.87,0.0,-0.5423,2025-05-02
2025-05-01 16:47:37,Apple edges past sales expectations but shares decline on tariff fears,Finnhub,https://finnhub.io/api/news?id=311cdbead449f824ec16668ded9e9244c886d9093f40d7b9bb5a19e74b1046be,0.167,0.769,0.063,-0.6808,2025-05-02
2025-05-01 16:40:47,Microsoft Nabs Apple's Crown,Yahoo,https://finnhub.io/api/news?id=5970b4e20060b4c38e96d90b839d4e76fc00b21701184b074a040d43448037f7,0.055,0.945,0.0,-0.296,2025-05-02
2025-05-01 16:40:28,Apple boosts its buyback program by $100 billion — short of its record,MarketWatch,https://finnhub.io/api/news?id=327979b1bf2e76839afb16e5862a67c79870bfb7f7c0b10f1be6ec60cda69d68,0.0,0.839,0.161,0.5574,2025-05-02
2025-05-01 16:39:26,Apple iPhone sales beat Wall Street's estimates,MarketWatch,https://finnhub.io/api/news?id=0d7e0aad6784ab2ee2b9ca178cd43dd9c22d5525a4de9dba6ac20604ee797aa2,0.0,1.0,0.0,0.0,2025-05-02
2025-05-01 16:37:20,Apple: Fiscal Q2 Earnings Snapshot,Finnhub,https://finnhub.io/api/news?id=2842506cf24ddb8ff2bc784801a6ef49dcbf02097158b443944b51aa8f640ced,0.0,1.0,0.0,0.0,2025-05-02
2025-05-01 16:36:17,Apple edges past expectations as world girds for tariff impact,Finnhub,https://finnhub.io/api/news?id=1250029f6c84e6f99be5f8b2aaf3507da4140f8bfbe789f7181034a5a49b113d,0.074,0.926,0.0,-0.4215,2025-05-02
2025-05-01 16:33:16,"Apple's stock is falling after earnings, and China could explain why",MarketWatch,https://finnhub.io/api/news?id=e3ab5af032c2e3d007d7992430fd40563948625128e6520f89d31146de464df3,0.138,0.862,0.0,-0.296,2025-05-02
2025-05-01 16:24:00,"These Stocks Moved the Most Today: Microsoft, Eli Lilly, Kohl’s, Apple, Tesla, Meta, Qualcomm, CVS, and More",MarketWatch,https://finnhub.io/api/news?id=b3b3fab89dda9ed8cac4814a44ae01eb87c6da138792b4d9a33303cdcf2903c3,0.0,1.0,0.0,0.0,2025-05-02
2025-05-01 16:16:12,Apple Hit With Legal Bombshell Just Hours Before Earnings -- Here's What Wall Street's Missing,Yahoo,https://finnhub.io/api/news?id=00da72b74b45b94751fc09816da0e7737817a4f64463ac9ab61d638f0ea47af7,0.125,0.84,0.035,-0.296,2025-05-02
2025-05-01 16:10:21,Big Tech Stocks Have Had a Magnificent Day So Far,Yahoo,https://finnhub.io/api/news?id=5652aa8407d5342bdb32aa3b8555fa79bd2209b3a0c5d563ee052a8590b9f4fe,0.0,0.757,0.243,0.926,2025-05-02
2025-05-01 16:00:03,Did Apple manage to grow iPhone sales?,MarketWatch,https://finnhub.io/api/news?id=8c7efa4b649c1d46882ea728fd5b6535818b40e0a721ea8d7cff8f4b455e6580,0.0,1.0,0.0,0.0,2025-05-02
2025-05-01 15:57:24,Apple Reshuffles Global Affairs and Music Divisions in Major Reorganization,Yahoo,https://finnhub.io/api/news?id=e1418c225b95037f72e58bcb8603376a4d08c7974c246700f46b9a2e400f84d6,0.0,1.0,0.0,0.0,2025-05-01
2025-05-01 15:47:10,Explainer-What's next for Apple after US court's contempt order in Epic Games case?,Yahoo,https://finnhub.io/api/news?id=f15134b2765163baf13646d3f733c178f6ab2cf04a3570b3dfe5fd9b6d662549,0.189,0.777,0.034,-0.9477,2025-05-01
2025-05-01 15:44:02,Judge Finds Apple Violated Antitrust Ruling,Yahoo,https://finnhub.io/api/news?id=9c918e16ace41db50cfd69db396419294822cc03b7052f6dc663cac9522def8a,0.19,0.81,0.0,-0.7783,2025-05-01
2025-05-01 15:41:00,"These Stocks Are Moving the Most Today: Microsoft, Eli Lilly, Kohl’s, Apple, Tesla, Meta, Qualcomm, CVS, and More",Yahoo,https://finnhub.io/api/news?id=06ff2af0d0d561c0b85882dca15c55324a1f3faf99bcd9688b0f2546c39637a1,0.05,0.916,0.034,-0.2732,2025-05-01
2025-05-01 15:12:13,Investors Await Apple's Forecast,Finnhub,https://finnhub.io/api/news?id=569c324f6b98fa1f0b43ac6a41beb2e396f57a4e4b3796260966c0f7b27d689f,0.0,0.801,0.199,0.7346,2025-05-01
2025-05-01 15:05:47,CCME launches to take on anti-competitive smartphone platform duopoly,Yahoo,https://finnhub.io/api/news?id=d8795020ecf4fa947f0a1a8030eff72e1b1544fa0c6784d12fcc1e555c3b5c11,0.016,0.922,0.062,0.4404,2025-05-01
2025-05-01 14:56:55,Moffett: I Am Not a Bear on Apple,Yahoo,https://finnhub.io/api/news?id=ccc951d443f86afaeddb28de7b5d42682cf0d5a0f41314bc6492d6850787b9ef,0.0,0.846,0.154,0.8591,2025-05-01
2025-05-01 14:42:26,"Wall Street Eyes 8th Positive Day As S&P 500 Recoups Tariff-Led Losses, Bitcoin Rallies To $97,000: What's Driving Markets Thursday? (CORRECTED)",Benzinga,https://finnhub.io/api/news?id=279bec13c8b9b2c09b4384ddf2fca92b71caaaf06e3f5ac9c8599a59a7f36b28,0.07,0.836,0.094,0.2263,2025-05-01
2025-05-01 14:15:06,Fortnite plans return to the US iOS App Store next week,Yahoo,https://finnhub.io/api/news?id=14b0b49bf83bcb60d17b59fea8730909b758e100860db700ff4f757de45c872c,0.083,0.855,0.062,-0.2924,2025-05-01
2025-05-01 13:55:55,Apple Stock Opens Lower,Yahoo,https://finnhub.io/api/news?id=fc14871c72b5e6333e57beaa1d1cfa94c4f29403dbc305b12fab8e0d134603f2,0.068,0.887,0.045,-0.0258,2025-05-01
2025-05-01 13:51:41,Apple Inc. (AAPL): Jim Cramer Braces for Earnings — “We Think They’re Going to Miss”,Yahoo,https://finnhub.io/api/news?id=b3456ebeff4e33a3e593e5c5f1a8aa21eec85fe1975db9654a697c11ac7f3762,0.0,1.0,0.0,0.0,2025-05-01
2025-05-01 13:43:00,Stocks shrug off recession alarms as Big Tech earnings blow off the roof,Yahoo,https://finnhub.io/api/news?id=966d097d5f29a26de713fa6f39244a5dea6ea09268ff4c2f39cefc2fbb69655c,0.062,0.794,0.144,0.7579,2025-05-01
2025-05-01 13:34:42,"Magnificent Seven Stocks: Nvidia, Tesla Rally; Meta, Microsoft Surge On Earnings",DowJones,https://finnhub.io/api/news?id=f6ec37a8c952097bb411a9c5065fc13496873b47494f09961e7687193fa3f35d,0.0,0.719,0.281,0.8316,2025-05-01
2025-05-01 13:33:25,How To Earn $500 A Month From Apple Stock Ahead Of Q2 Earnings,Yahoo,https://finnhub.io/api/news?id=30ab73eb0da40bbff2ace7197f2a13840de677a4d0f3c397156a2ad83df6f910,0.028,0.909,0.063,0.3612,2025-05-01
2025-05-01 13:11:42,"Big Tech earnings, Amazon & Apple, Tesla denies search: 3 Things",Yahoo,https://finnhub.io/api/news?id=53ce1beb2341d01b70e975d9b05c63a3a6a91ea890dfbd6e6fe0ebad519b7559,0.048,0.89,0.062,0.1531,2025-05-01
2025-05-01 13:07:10,The most bought US stocks in Trump's first 100 days,Yahoo,https://finnhub.io/api/news?id=70d63b46143a955f4efe1de400f10db26c5f3dce31bd0dc66c5a79ef704b20e6,0.0,1.0,0.0,0.0,2025-05-01
2025-05-01 12:45:00,Apple Stock Falls Ahead of Earnings,Yahoo,https://finnhub.io/api/news?id=607b3e10649d829f9584a283d625bcba478a2da517541292c2320351c6ccdad9,0.209,0.769,0.022,-0.9565,2025-05-01
2025-05-01 12:27:17,"Live On CNBC, Joe Terranova Announces His ETF Bought Apple; Sold Alphabet Inc. - Class A",Benzinga,https://finnhub.io/api/news?id=8c02a3d57d45fcc705887b7804f106683df2e18e28e9c51143689614d6f50f49,0.0,1.0,0.0,0.0,2025-05-01
2025-05-01 11:40:49,What's next for Apple after US court's contempt order in Epic Games case?,Finnhub,https://finnhub.io/api/news?id=016de30f99ca42bbfa6bcbc1a5e5b24ae6451d8e9369cd83e13cdc5280ece3f8,0.212,0.788,0.0,-0.9001,2025-05-01
2025-05-01 11:02:06,Judge rules Apple violated injunction against its 'anticompetitive conduct',Finnhub,https://finnhub.io/api/news?id=874fdc5f1720e368c0d21c7135a73df9d9d159cd51929e1a1c7236fb4a2ddbed,0.248,0.752,0.0,-0.8807,2025-05-01
2025-05-01 10:20:00,ClearBridge Appreciation Fund Q1 2025 Commentary,SeekingAlpha,https://finnhub.io/api/news?id=ef4d2ebf293acf440c9ed44ef37a9524f79dcfd1256a59dde45be764b72a9985,0.0,0.762,0.238,0.802,2025-05-01
2025-05-01 09:57:25,"Dow Jones Rallies After Surprise Jobless Claims; Meta, Microsoft Surge On Earnings",DowJones,https://finnhub.io/api/news?id=2cb06b5b528993dfd328ee2b390a27323b0a6ca54c23dc99105394502e0bd3de,0.0,0.84,0.16,0.4939,2025-05-01
2025-05-01 09:17:07,"Apple must pay Optis $502 million lump sum in UK patent dispute, court rules",Finnhub,https://finnhub.io/api/news?id=c89df57aee58a5d05ddd826d3864603d3e38f7536916d3332b7ee1a585e8d0ab,0.113,0.887,0.0,-0.5423,2025-05-01
2025-05-01 09:00:00,Living Without China: A Realistic Outlook For The U.S. Economy,SeekingAlpha,https://finnhub.io/api/news?id=4af61fa63816f87298b39ecbc1d6c81360173f0bd3a025296d94120ae408d3fc,0.0,1.0,0.0,0.0,2025-05-01
2025-05-01 04:32:37,"Earnings Scheduled For May 1, 2025",Benzinga,https://finnhub.io/api/news?id=690d0b92596afcc9f436adc38555e82090b27aadf0b4d7b9d8ad296d306adbfc,0.0,1.0,0.0,0.0,2025-05-01
2025-05-01 03:31:56,Short Seller Jim Chanos Slams Trump's Reindustrialization Hopes: Says $3-Per-Hour Apple Supplier Foxconn Workers Were 'Too Expensive' — Questions If 'Those Jobs Are Coming Back',Benzinga,https://finnhub.io/api/news?id=2361d8f3343a911a0f1aed5b4e3576c33f880aab0ce2ae7617c8f9ed6a5af3b0,0.029,0.866,0.105,0.5719,2025-05-01
2025-05-01 03:21:21,'Outright lies': judge says Apple violated competition court order,Finnhub,https://finnhub.io/api/news?id=1119865b0b17b1096e47a36194305f5a0614882a32149e09d557272dd258cc41,0.202,0.758,0.04,-0.8271,2025-05-01
2025-05-01 03:07:53,Dow Gains Over 100 Points On Wednesday But Records Loss For Third Straight Month: Greed Index Remains In 'Fear' Zone,Benzinga,https://finnhub.io/api/news?id=764f55ed8ea0f718a154fcf92fa1faf2f97e98a6bb4cc15cfd1c72efd2af4c92,0.362,0.503,0.136,-0.8294,2025-05-01
2025-05-01 03:04:57,Apple Inc. (AAPL): Tariffs Force a Price Target Cut — Can Services and AI Keep It Afloat?,Yahoo,https://finnhub.io/api/news?id=00d1f0fbc39af2f194c3d9b3f9dfb40db106b99b238634e6faf13410e30f9e2d,0.028,0.972,0.0,-0.2732,2025-05-01
2025-05-01 01:42:21,"Apple Must Halt Non-App Store Sales Commissions, Judge Says",Yahoo,https://finnhub.io/api/news?id=acedc168334aab93c24dd498d6b49de2605faef77ca3e1787aef7f18733aee8a,0.117,0.883,0.0,-0.8834,2025-05-01
2025-05-01 01:31:00,Apple Faces Potential Criminal Contempt Charge in U.S. Antitrust Case,Yahoo,https://finnhub.io/api/news?id=184b15bda59fbdcbd8ea655476f2053d11ecfce3189918599e81f5dd488e7f24,0.223,0.777,0.0,-0.8074,2025-05-01
2025-05-01 01:29:56,Epic Games just scored a win against Apple,Yahoo,https://finnhub.io/api/news?id=bb13030a13901d7971f5f551e5dd804b01758a626d5882b3c37d619a2017cf64,0.079,0.803,0.118,0.6369,2025-05-01
2025-05-01 01:14:00,"Apple Violated Antitrust Ruling, Judge Finds",Yahoo,https://finnhub.io/api/news?id=ad5457949576f7285fe48846b670d301474940fb754e047075e4677029542d37,0.335,0.665,0.0,-0.9337,2025-05-01
2025-05-01 01:05:56,Court sides with Fortnite maker Epic as Apple sanctioned for defying order in App Store case,Yahoo,https://finnhub.io/api/news?id=293134b46b8948a613664c392111e05f2cbfbaf921cc82a2c7bf1f44c189f5c8,0.083,0.866,0.051,-0.6705,2025-05-01
2025-05-01 00:18:17,Is Apple Inc. (AAPL) the Best Augmented Reality Stock to Buy According to Hedge Funds?,Yahoo,https://finnhub.io/api/news?id=be1b3f262ecdb7997890ff51a0ee2afe018a084c3ed48f117274963670a14d60,0.0,0.81,0.19,0.9493,2025-05-01
2025-04-30 23:50:00,Franklin Global Equity Fund Q1 2025 Commentary,SeekingAlpha,https://finnhub.io/api/news?id=add304a3ab757e79b9ad0319825662e9fcf86ab08aa9fe55c09c3b0c156d77d8,0.0,1.0,0.0,0.0,2025-05-01
2025-04-30 23:27:00,Franklin Rising Dividends Fund Q1 2025 Commentary,SeekingAlpha,https://finnhub.io/api/news?id=26941f83084757ed624985370f3fd39d40943f91642b1ebf6fc6e3c4526f1c0d,0.0,1.0,0.0,0.0,2025-05-01
2025-04-30 23:14:58,US judge rules Apple violated order to reform App Store,Yahoo,https://finnhub.io/api/news?id=a7eace2042989bcaba60db6abe4470c95dea8ee4a65bdbabbce2c44e72b1d624,0.117,0.808,0.076,-0.5267,2025-05-01
2025-04-30 23:00:52,"Amazon and Apple earnings coverage, Eli Lilly: What to Watch",Yahoo,https://finnhub.io/api/news?id=df2b9307b9d5d0e211a07c09f4c5130fc294ec295df18da85e79cbabe9ceb01d,0.035,0.907,0.058,0.4256,2025-05-01
2025-04-30 21:03:27,Peter Lynch Once Revealed Existence Of A One Liner So Loved By Warren Buffett That The Oracle Of Omaha Called Him To Borrow It: 'The One Line He Picked…Has Been The Greatest Mistake',Benzinga,https://finnhub.io/api/news?id=8e900f63a1e8cfb32005c310c65be1172874efb6ecc0dfb8ed5329d4c323c848,0.06,0.697,0.243,0.9551,2025-05-01
2025-04-30 20:58:33,Apple Stock Gets Price-Target Cuts On Tariff Headwinds,Yahoo,https://finnhub.io/api/news?id=08f6b9c721488318b3b899627abe6dd129c69b14e0bda2106cf3add82e076d79,0.125,0.875,0.0,-0.5106,2025-05-01
2025-04-30 20:54:25,Amazon Plans to Build Dozens of US Warehouses in Rural Expansion,Yahoo,https://finnhub.io/api/news?id=56861eb1cef96cefdb3bd67e8706b4aa92705ecdcaa46b56800ff5d034a91aaa,0.024,0.942,0.035,0.0258,2025-05-01
2025-04-30 20:47:39,Apple Must Explain How It Can Dodge a Trade War as It Reports Earnings,Yahoo,https://finnhub.io/api/news?id=465e49e29fd9d127a2e4eaf308859e6531f0805a23477a1c118ce7e36f1249de,0.059,0.868,0.074,0.1531,2025-05-01
2025-04-30 20:13:14,Veteran Investor Joe Terranova Is “Concerned” About Apple Inc. (AAPL),Yahoo,https://finnhub.io/api/news?id=7a7d7ef32da2103e6136d5b7dafa6bc752287b692a9de1495ad583b2695d410a,0.033,0.905,0.062,0.25,2025-05-01
2025-04-30 19:09:28,"Epic Games CEO Says If Apple Extends Court's Friction-Free, Apple-Tax-Free Framework, We'll Return Fortnite To App Store Worldwide & Drop Litigation - X Post",Finnhub,https://finnhub.io/api/news?id=2939c4bd88347c1586d61fa10c863bd3bfc7658ef7d419057ca8667e69177061,0.126,0.804,0.07,-0.4588,2025-05-01
2025-04-30 19:02:17,20 company reactions — good and bad — to Trump’s tariff war,Yahoo,https://finnhub.io/api/news?id=0b30b371442b5cf2ad4ed05142abaccc00981cef97b842dc6efeaefd1496df3a,0.258,0.653,0.088,-0.9042,2025-05-01
2025-04-30 18:38:58,Big Tech Civil War: Meta and Spotify Just Declared War on Apple and Google,Yahoo,https://finnhub.io/api/news?id=2dd4fccd881e422ba4aa8df83b6e2f4ea2064cbaed9089d25177cac99856ea82,0.206,0.713,0.082,-0.6915,2025-05-01
2025-04-30 18:28:08,Is Apple Inc. (AAPL) the Best Dow Stock for the Next 12 Months?,Yahoo,https://finnhub.io/api/news?id=e3c15ae106d166a8d6c1f50ad3156f2e94219777037ac1f0536ee973532027f5,0.097,0.755,0.149,0.6597,2025-05-01
2025-04-30 18:25:33,Google CEO warns judge a breakup of search empire 'will have many unintended consequences',Yahoo,https://finnhub.io/api/news?id=9c65bb78215613c939398d15f4ec78be962edddcb8ed56aec93ce00fdc2fd55b,0.03,0.824,0.145,0.6486,2025-05-01
2025-04-30 17:52:24,Market Chatter: Google's Pichai Expects to Reach Deal With Apple on Including Gemini on New Phones This Year,Yahoo,https://finnhub.io/api/news?id=3e7e5939cf2ee2cc3ee3df6a920d5250bd24fa73a7966eae8cba5b526f322eed,0.0,0.968,0.032,0.0258,2025-05-01
2025-04-30 16:38:49,"Pichai pushes back on antitrust remedies, hints at Apple Gemini talks",Yahoo,https://finnhub.io/api/news?id=b9b823370fad32de466e82b3f618e418ef739c61d1af785655feee33aeca425d,0.067,0.933,0.0,-0.5719,2025-05-01
2025-04-30 16:38:46,"AAPL, NVDA Aren’t Safe Investments Now, Renowned Analyst Suggests",Yahoo,https://finnhub.io/api/news?id=4f736f394266ae872c6717c455cd0cf3daf7a6549bb887783a9f1ac925a90c34,0.033,0.851,0.116,0.7096,2025-05-01
2025-04-30 15:36:12,APPLE INC : Jefferies is Neutral,Finnhub,https://finnhub.io/api/news?id=71d4516cd26e4f0cc5f6aa0f9b18877328c7df0f476eb1e79e3685ce0687f3cb,0.0,1.0,0.0,0.0,2025-04-30
2025-04-30 13:35:11,10 Information Technology Stocks With Whale Alerts In Today's Session,Benzinga,https://finnhub.io/api/news?id=71cfecf423b7bb020680e1b919805fc9a3b3f9b8709678b60791cb7a81a76acc,0.0,1.0,0.0,0.0,2025-04-30
2025-04-30 10:39:00,"As Apple reports earnings, here’s why $200 is a key stock price to watch",MarketWatch,https://finnhub.io/api/news?id=8c45bfd913931abafd0f16442b9eaf779a8a803088eb33d169fcf6c513dd7761,0.0,1.0,0.0,0.0,2025-04-30
2025-04-30 10:16:35,PTAB Allows Three Concurrent IPR Petitions For Unusual Patent Claims,Finnhub,https://finnhub.io/api/news?id=a6a63f697346b638ff5d3f11901c81a3c3a35eec0ce65e84d525b21a02c16d86,0.0,0.94,0.06,0.4019,2025-04-30
2025-04-30 10:15:00,The Davenport Core Leaders Fund Q1 2025 Commentary,SeekingAlpha,https://finnhub.io/api/news?id=30cbbdae87c9b1b956e51ece59c8a96cf5c63ad9d62c5732ec1a96c345d1f8cc,0.0,1.0,0.0,0.0,2025-04-30
2025-04-30 10:12:00,Prediction: 1 Stock That'll Be Worth More Than Apple a Year From Now,Yahoo,https://finnhub.io/api/news?id=4cbbe989904989ded6f923684f1524ad775fe656914665e5dd95f1e0b85c00ee,0.021,0.726,0.252,0.9643,2025-04-30
2025-04-30 09:34:19,EU Fines Apple And Meta €700m For Non-compliance With Digital Markets Act,Finnhub,https://finnhub.io/api/news?id=13c1553d7071a9b6fa61d8338182ab81b28b2fc82b0cc0c305b872ef8e191fe2,0.0,1.0,0.0,0.0,2025-04-30
2025-04-30 09:16:38,Is Apple Inc. (AAPL) Among The Best Warren Buffett Stock Picks For Beginners?,Yahoo,https://finnhub.io/api/news?id=9eb7b747af2f964b6ba7a73ea4fc2a89df0eb26236c92723c0a9233c40bab7a8,0.0,0.804,0.196,0.9501,2025-04-30
2025-04-30 09:16:24,"Zero-Day Vulnerabilities: The Real Threat Behind Netflix's ""Zero Day""",Finnhub,https://finnhub.io/api/news?id=b423a8aac46eb93649bf2e0753e0f224f79c936de6a376108b2344ca8d657fbf,0.221,0.723,0.056,-0.7269,2025-04-30
2025-04-30 09:00:00,Apple earnings are coming. Here's what to watch,Yahoo,https://finnhub.io/api/news?id=5b3641a9fe2bc5409abb0b1f1f27185afc05b789b819d8bd91a52ed1591aebdd,0.0,0.899,0.101,0.7425,2025-04-30
2025-04-30 08:27:00,Tariff And Tumble: April's Market Mood Swings,SeekingAlpha,https://finnhub.io/api/news?id=f92bb6891932e980e9955be0e1f8ec8fb5428b2485a512c9949cf6191b8e273a,0.0,1.0,0.0,0.0,2025-04-30
2025-04-30 08:12:26,Traders bracing with four ‘Magnificent Seven’ companies set to deliver earnings and guidance,MarketWatch,https://finnhub.io/api/news?id=7847fe9f6070dbbb8756659ab266db73453931ce45a8136c1e7fd85a046b57cc,0.0,1.0,0.0,0.0,2025-04-30
2025-04-30 08:07:01,Mark Mobius Says His Funds Hold 95% in Cash on Trade War Risks,Yahoo,https://finnhub.io/api/news?id=817e866c7d5ef8e4bd1b0ee0cd81e6b9f715662968c678dc2c4e2190bc31d2aa,0.106,0.894,0.0,-0.8658,2025-04-30
2025-04-30 07:30:55,Trump Flags Trade Talks With Australian PM as Vote Nears,Yahoo,https://finnhub.io/api/news?id=4113e850d5d8167cd64a7cacf1d9eaa3e45c5d846150965712255796daf55317,0.015,0.985,0.0,-0.0772,2025-04-30
2025-04-30 07:23:07,Is Apple Inc. (AAPL) A Stock That Should Double in 3 Years?,Yahoo,https://finnhub.io/api/news?id=121a77b6a3597dc68580ab69788702e161e29176908aa5e4438080e361e1b5d6,0.0,0.964,0.036,0.3612,2025-04-30
2025-04-30 07:11:31,Samsung profit slows after US-China trade war hits AI spending,Yahoo,https://finnhub.io/api/news?id=97b7658ccb669aa72e7ff893df84270e1b645a9952e77e4d641953150d3ccbdb,0.114,0.772,0.114,0.0,2025-04-30
2025-04-30 07:06:00,Think Tariffs Are Wall Street's Biggest Worry? Then You're Probably Not Paying Attention to This Much Larger Problem.,Yahoo,https://finnhub.io/api/news?id=2d41fb31ced8e2754d6915cca3ba5dd2f65c59ad9f9dcaaefd557d1a202e6a3f,0.145,0.805,0.049,-0.5719,2025-04-30
2025-04-30 07:04:40,Apple (AAPL) Q1 Earnings: What To Expect,Yahoo,https://finnhub.io/api/news?id=0fd906e2553a3589c719c9b88a557fb5c08efc47cccd9583ad5d1e4f11459c3b,0.0,1.0,0.0,0.0,2025-04-30
2025-04-30 01:55:25,TSMC Starts Building Third Arizona Plant As US Tariffs Loom,Yahoo,https://finnhub.io/api/news?id=a8954f0c3129dad1e5a7739a2c401d43b26e6886e262271264deeca170604035,0.051,0.949,0.0,-0.5423,2025-04-30
2025-04-30 00:07:00,Analyst reboots Apple stock price target ahead of earnings,Yahoo,https://finnhub.io/api/news?id=30c5acfbe5bdf0b88f65567b5b3d0facd8deccc0574fd9b29462558951704760,0.0,0.885,0.115,0.296,2025-04-30
2025-04-29 22:24:00,Qualcomm’s stock has outperformed the chip sector this year. Earnings will be a key test.,MarketWatch,https://finnhub.io/api/news?id=bee80ad06e9fa10ede7b93ecaaa653fc953aa7b1c4677e817f079efd676ee7d4,0.0,1.0,0.0,0.0,2025-04-30
2025-04-29 21:30:00,Franklin Growth Fund Q1 2025 Commentary,SeekingAlpha,https://finnhub.io/api/news?id=a091628b0a27d1cf98991f0b43e4b870ee995ccbc62e3a1b6d1eb96ddc3bf609,0.0,0.809,0.191,0.6369,2025-04-30
2025-04-29 15:35:50,Stocks Rise as Fed-Cut Wagers Sink Treasury Yields: Markets Wrap,Yahoo,https://finnhub.io/api/news?id=2c4d84389ee86c8067f0533b13f3bcb74e185204785293d014dbb5c0dac45697,0.077,0.861,0.063,-0.3182,2025-04-29
2025-04-29 20:54:10,Analysts Cautious on Apple (AAPL) as AI Push Fails to Justify Premium Valuation,Yahoo,https://finnhub.io/api/news?id=2f411786a98b5c3f12021f1a6c10ce57b4224ec3be9d0b0b719ab70c559e3c1f,0.169,0.831,0.0,-0.9001,2025-04-30
2025-04-29 20:46:00,Trump Touts Economic Wins in Detroit Speech. Americans Aren’t Buying It.,MarketWatch,https://finnhub.io/api/news?id=894f4c2b17060051d215b00750f8b1016c97b3f546e01d577e2de7b7bbc65944,0.08,0.652,0.268,0.802,2025-04-30
2025-04-29 20:25:00,Buy the dip in Amazon or Apple Stock as Earnings Approach?,Yahoo,https://finnhub.io/api/news?id=07fb8fd73d3e278ad8543e5c6e0db1fb9eff73d76c8ba014cc04b03b04d4cf32,0.0,0.864,0.136,0.5859,2025-04-30
