publishedDate,title,source,url,neg,neu,pos,compound
2025-04-10 22:37:00,Meta Whistleblower reveals disturbing secrets in testimony,Yahoo,https://finnhub.io/api/news?id=cddbfa3b90633c3cbdc30d66cdfc671dc2d905a83e454b276b3213f18a109c28,0.225,0.643,0.133,-0.3182
2025-04-10 20:54:41,Jim Cramer on Meta Platforms (META): “I Would Buy Meta”,Yahoo,https://finnhub.io/api/news?id=12a989b7fb8497dbb640fd73609b740bba4ccf3bc7f36b60a3c16e52b2285118,0.0,1.0,0.0,0.0
2025-04-10 20:42:06,Meta Announces Upcoming Webinar on Reels Tips and Tactics,Yahoo,https://finnhub.io/api/news?id=9796c2887c51932b6caa90c075ea894a720bbbcd64b5430468817bd13db6404b,0.0,1.0,0.0,0.0
2025-04-10 20:00:00,Meta Platforms: Back To $750,SeekingAlpha,https://finnhub.io/api/news?id=be61401afd269040a1cb6d048a01e2aeeb2706a4f5c10e5d4b62aae3fb4986ca,0.0,0.918,0.082,0.3818
2025-04-10 17:26:23,Meta Platforms (NasdaqGS:META) Collaborates with Cerebras to Launch Llama 4 AI Models,Yahoo,https://finnhub.io/api/news?id=13e5a862b374a05aa6208f59466ba99d0657fc9da69e5fee72c474ae17c3bfc2,0.0,0.914,0.086,0.6249
2025-04-10 17:08:51,Mag 7 market cap value surged on tariff pause news,Yahoo,https://finnhub.io/api/news?id=f750267b019b90d543853466e0bd750d0855bc71685119b6770e39f8b345a636,0.0,0.924,0.076,0.7906
2025-04-10 16:37:15,Jim Cramer Thinks: “Meta (META) Isn’t Getting Enough Credit for AI”,Yahoo,https://finnhub.io/api/news?id=22fda30892a7454af4961bdcabdc074fa2aeaa1691ce11b9d4a59c33c10f7a2c,0.045,0.918,0.037,-0.1531
2025-04-10 16:34:00,"Apple, Nvidia, Meta, and more Magnificent 7 stocks slide as the Nasdaq rally kicks into reverse",Yahoo,https://finnhub.io/api/news?id=8b35ad0335bb127e20138e8ceb5bdf924a543d50b5738bb7073ecadc2a4a95cd,0.0,0.874,0.126,0.7089
2025-04-10 16:31:00,Meta Platforms Inc. stock underperforms Thursday when compared to competitors,MarketWatch,https://finnhub.io/api/news?id=97234c07c1e18151ea886d34ebf7a90a5552d1178dc285011d8547c5884736cc,0.0,1.0,0.0,0.0
2025-04-10 16:23:38,Congress and FTC Focus on Meta,Finnhub,https://finnhub.io/api/news?id=fd6fd8655dca00a09272f7dd96d7f5b7a48faa2abdc26bf37ebdeec4da6ae9a1,0.071,0.929,0.0,-0.3818
2025-04-10 15:53:00,Study Looks at Public Opinion on the Use of AI Chatbots as Romantic Partners,Yahoo,https://finnhub.io/api/news?id=8f7a03c675f0e189d0d73767de004c03ea7d1c8bf011e6c56cdf03e563c2dfe6,0.0,0.833,0.167,0.6597
2025-04-10 15:30:00,Harbor Mid Cap Value Fund Q4 2024 Commentary,SeekingAlpha,https://finnhub.io/api/news?id=c641fbb5af096e14d02db6cb15aa59cf2865db40883254d9c95f8e7d11676f44,0.0,0.745,0.255,0.34
2025-04-10 15:30:00,Get diversified: 'Mag 7 will no longer be the Mag 7' in 5 years,Yahoo,https://finnhub.io/api/news?id=646a81f5169b632b113568ad4389dd616f249786c4587f9f785b7eb568735b80,0.017,0.857,0.126,0.891
2025-04-10 15:02:31,Tesla Rally? Don't Be Fooled - $42 Is In Sight,SeekingAlpha,https://finnhub.io/api/news?id=f10b6ee91c454d3aee0438589f48c30a8a96889875a5501ffc997c9ec7af890b,0.0,0.805,0.195,0.2924
2025-04-10 14:49:41,The Medium-Term Impact Of Tariffs On The Technology Sector,SeekingAlpha,https://finnhub.io/api/news?id=ad828c92fd62b5ed49bdaf848c1441259d2fd4aea6a403858de718a2e10f8e7f,0.0,0.935,0.065,0.3612
2025-04-10 14:39:02,"Amazon, Wayfair, Pinterest Win Analyst Backing Due To Tariff Pause, Supply Chain Relief, Discretionary Spend Recovery",Benzinga,https://finnhub.io/api/news?id=7867f2e8e8ba3380a5890f25047c885fd683d353461ac1cedda77af8a6ce0731,0.0,0.702,0.298,0.9322
2025-04-10 13:46:00,Trump's Tariff Pause Triggers Epic Rally: How to Play Mag 7 Now,Yahoo,https://finnhub.io/api/news?id=09361f0a30fe0107ec0f68c31af4b83bfa0092f811da79e8d7c20c69670ffb1d,0.0,0.725,0.275,0.8555
2025-04-10 13:33:00,Alphabet Can’t Shake Off AI Concerns Even With Low Multiple,Yahoo,https://finnhub.io/api/news?id=303143669ecfb15d8e30c7e26f3dde7175cae2a09d6c52ae3dd6c19c88961b91,0.125,0.768,0.107,-0.2023
2025-04-10 12:46:13,QQQ: I Have Been Waiting For A Drop Like This,SeekingAlpha,https://finnhub.io/api/news?id=dc5c4aa9b26ac5e0b891768c545b8382da973c1a6362aa9114f40ca27995964f,0.04,0.691,0.269,0.836
2025-04-10 12:45:14,"Wall Street Tumbles, Dollar Crashes, Gold Hits Record Highs As Inflation Cools More Than Predicted: What's Driving Markets Thursday",Benzinga,https://finnhub.io/api/news?id=17cd4c5b66ea29ada954dc61b80eca8bd525061d7af53f1932610eabc5e58df9,0.109,0.891,0.0,-0.4118
2025-04-10 12:30:32,Shares of companies within the broader communication services sector are trading lower as stocks pull back after surging Wednesday following President Trump's tariff pause announcement.,Benzinga,https://finnhub.io/api/news?id=217cce56706f18f1903dfcdce07212c0d087c888afccf880a4db02fcbfec534a,0.08,0.839,0.08,0.0
2025-04-10 12:21:22,Why META Platforms Stock is a Smart Buy for Black Swan Portfolios,Yahoo,https://finnhub.io/api/news?id=413e8269197c1be4b2c18c44c566e766176ca13eb41bb5d254dc2701be6a33a2,0.034,0.858,0.107,0.7383
2025-04-10 12:12:36,Meta (META) Denies Llama 4 Manipulation Rumors – “Transparency Is Our Goal”,Yahoo,https://finnhub.io/api/news?id=776fe8cc38ece7fa1555bf9c93f21548167a85d66884916c6bb456c3771d9893,0.069,0.902,0.029,-0.4404
2025-04-10 10:39:00,Harbor Dividend Growth Leaders ETF Q4 2024 Commentary,SeekingAlpha,https://finnhub.io/api/news?id=4e4e7ace0952f54374a9a311db1fd617812c541c75ac31706ebafdbff6f351a3,0.0,0.729,0.271,0.3818
2025-04-10 09:15:00,4 Artificial Intelligence Stocks You Can Buy and Hold for the Next Decade,Yahoo,https://finnhub.io/api/news?id=c058fda61d5c533afaadb1dd8610a0e85026d3742cfe31a6cd084cfeadd49392,0.0,0.815,0.185,0.7096
2025-04-10 08:08:00,Prediction: This Artificial Intelligence (AI) Stock Will Rebound More Than Any Other This Year (Hint: It's Not Nvidia),Yahoo,https://finnhub.io/api/news?id=9da06a43716fc2602c03a32466343f061fc9012886874639398b7feef46b27bf,0.126,0.754,0.12,-0.1416
2025-04-10 07:30:33,Meta: Time To Buy The Fear [Upgrade],SeekingAlpha,https://finnhub.io/api/news?id=66e6a0c7a5a2b49597f776cf083462b3435d5d4a71d139685c51a202e8a88468,0.076,0.691,0.233,0.7645
2025-04-10 02:33:14,"Meta Platforms (NasdaqGS:META) Launches Llama 4 AI Models, Advancing Innovation In AI Technology",Yahoo,https://finnhub.io/api/news?id=578d37818e28b9d693614be16d0c441de2c0cf793c49a088cb995fa7bc4bf66f,0.0,0.853,0.147,0.8996
2025-04-09 22:10:00,The Stock Market Has Crashed: My Top 5 Dirt Cheap Tech Stocks to Buy Now,Yahoo,https://finnhub.io/api/news?id=199f201cee01d446b8ae8210b04f673072dc2f5cb05adda1f63411a254da70fb,0.088,0.862,0.049,-0.4882
2025-04-09 21:42:39,Meta whistleblower Sarah Wynn-Williams says company targeted ads at teens based on their ‘emotional state’,Yahoo,https://finnhub.io/api/news?id=36b7d28cc3e28f0b25e93817a9fcee258c6e5e57c08327d3758eebb46669ec69,0.073,0.868,0.059,-0.34
2025-04-09 20:31:45,US stocks stage historic rally as Trump's 90-day pause takes worst case scenario 'off the table',Yahoo,https://finnhub.io/api/news?id=9992118b32f4b057af44980a3370f646f96e9678f78b6314770b6c8e41d7757c,0.175,0.825,0.0,-0.7783
2025-04-09 19:56:46,Former Facebook executive tells Senate committee company undermined US national security with China,Yahoo,https://finnhub.io/api/news?id=0ec25509d25deab4c3ace3bdca84f2355bd1060096589a267007e0c475050f99,0.116,0.747,0.137,0.296
2025-04-09 19:29:14,The tech world aggressively backed Trump. It couldn't stop his tariffs.,Yahoo,https://finnhub.io/api/news?id=ab4fc22b7222b05c738fee786e1927eefef184cb795d7d24bc1edcecf319668c,0.07,0.836,0.094,0.0372
2025-04-09 18:20:39,Tariff Pause Sends Tech Stocks Soaring,Yahoo,https://finnhub.io/api/news?id=c04c0a748a5e2e861c79a23be071680940a01acb80e7a00720c22bd284a62410,0.0,0.699,0.301,0.9153
2025-04-09 17:48:06,"KeyBanc flags Ad spending slowdown, cuts target on major digital names",Yahoo,https://finnhub.io/api/news?id=381416f3c6006048b773d95c821214dc7c782ee161249fe054581d5ed60b7f98,0.092,0.882,0.026,-0.6369
2025-04-09 16:46:00,"Dow Jones Futures: Stocks Surge On Trump Tariff Rollback; Tesla, Nvidia Spike, Palantir Eyes Entry",DowJones,https://finnhub.io/api/news?id=3e2d5acc63ffefed93b32f85ec64335fe77c7fabf03dbd726a35e909b1b68cd8,0.0,1.0,0.0,0.0
2025-04-09 16:31:00,Meta Platforms Inc. stock underperforms Wednesday when compared to competitors despite daily gains,MarketWatch,https://finnhub.io/api/news?id=f31de9c33d1cfcd92eecbee0780b7ddd69b6dfdb8f761d79d024871c29ccd412,0.145,0.855,0.0,-0.4717
2025-04-09 16:20:46,Meta (META) Target Slashed by Jefferies but “Buy” Rating Holds Firm,Yahoo,https://finnhub.io/api/news?id=468b7c826101de25b3862758cc7ec2e3cd537bcffa318ca7afcf2fd900224ba4,0.069,0.931,0.0,-0.5927
2025-04-09 16:20:25,Meta Stock Gets Another Price-Target Cut As BofA Sees Tariffs Pressuring Ad Market,Yahoo,https://finnhub.io/api/news?id=263abc2f479dabed7ea406706945a04be017fa053d90825a37991a13b2c4a081,0.171,0.829,0.0,-0.6124
2025-04-09 16:10:10,Will Meta Platforms (META) Beat Estimates Again in Its Next Earnings Report?,Yahoo,https://finnhub.io/api/news?id=d59d8ccb603eb34d5ffe84b3bb26401fd304dc8083bfa78d1c584aafcb7def18,0.0,0.878,0.122,0.6597
2025-04-09 15:48:44,"Exclusive-Italy targets ION in latest Big Tech tax evasion probe, sources say",Finnhub,https://finnhub.io/api/news?id=0b6b87c3f9bfd9f5aad89715ff0e220c264c399ec53ee0ad73a1f760001b3f0f,0.0,1.0,0.0,0.0
2025-04-09 14:40:26,Shares of companies within the broader communication services sector are trading higher following President Trump's decision to implement a 90-day pause on reciprocal tariffs for all countries except China.,Benzinga,https://finnhub.io/api/news?id=9fc5be6067226447399216d810c02b57a0c1294cebe5736a8da92698bb1627c7,0.0,0.927,0.073,0.296
2025-04-09 14:21:20,TikTok Adds To Lead As Favorite Teen Social Media App As Ban Looms,Yahoo,https://finnhub.io/api/news?id=4b5d47ef11811d72be0a168b15c7d50abd8fcc5390e58c4357c6cec879c09fe3,0.306,0.558,0.136,-0.765
2025-04-09 13:22:19,Meta: Market Too Busy Selling To Notice Its Tariff Insensitivity Or Llama 4,SeekingAlpha,https://finnhub.io/api/news?id=2bafb41faf3f5d6e870ab36c534cb1b0d54dff955c0e41493e20815c9d845186,0.056,0.777,0.167,0.6808
2025-04-09 13:12:31,"Exclusive-Italy seeks $1.3 billion from fintech group ION in tax evasion probe, sources say",Finnhub,https://finnhub.io/api/news?id=fab4f5f594d81e7ac88efe590199e678221ad703b67be3a4b7d74d061e409cc8,0.0,1.0,0.0,0.0
2025-04-09 13:11:31,Short Sellers Mint $159 Billion Profit in 6 Days as Stocks Sink,Yahoo,https://finnhub.io/api/news?id=8ab5ee105ac9796511f87513d0b736e27af48dad5e77be88472c36a32ad993b0,0.037,0.856,0.107,0.7425
2025-04-09 10:00:00,Mar Vista U.S. Quality Q1 2025 Commentary,SeekingAlpha,https://finnhub.io/api/news?id=b402e3eb56d62b2c08f6e8b6787df9601c844b1dc0d698ca3b0f64f247e58a17,0.0,1.0,0.0,0.0
2025-04-09 08:00:50,Don't Sit On Losses: How This Simple Rule Spared Investors From Meta's 77% Crash,DowJones,https://finnhub.io/api/news?id=04a412d32391cb0defc413fd789de8264d32e2396a18edde5140a256bb6aeaa3,0.159,0.708,0.133,-0.2225
2025-04-09 08:00:49,This Billionaire At Trump's Inauguration Is Losing The Most Money,DowJones,https://finnhub.io/api/news?id=11e1398f24f5643f3f38c82fc8f20c659c69ca31966081eabbe1a4b2feb7f907,0.224,0.776,0.0,-0.6369
2025-04-09 08:00:00,Client Update February 2025: A New Year,SeekingAlpha,https://finnhub.io/api/news?id=2add1af658e317edd3d9a3b8b82d84eafd6af57d4ceb89f5e3cea879a3c3492a,0.0,1.0,0.0,0.0
2025-04-09 07:54:50,XLC: The Valuation And Technicals Lining Up After The 20% Plunge (Rating Upgrade),SeekingAlpha,https://finnhub.io/api/news?id=f8100a6bc421fa625b4bfd5507e08dd576045634322885f5afd1d845b197ac5e,0.0,0.938,0.062,0.3612
2025-04-09 01:40:44,Meta Whistleblower to Tell Congress That Company Aided China in AI Race,Yahoo,https://finnhub.io/api/news?id=fd7418bbc7e088b16999bb22bf996489557c22b78008743aac183d1fcb49e47b,0.064,0.916,0.02,-0.5106
2025-04-08 21:45:15,Meta Platforms (META) Stock Moves -1.12%: What You Should Know,Yahoo,https://finnhub.io/api/news?id=e48fa932a4e17e3e95794dec896479ea3e0d8c47a3095bc56c0126bd10d1afe5,0.0,1.0,0.0,0.0
2025-04-08 19:00:00,META vs. Pinterest: Which Social Media Stock is a Better Buy?,Yahoo,https://finnhub.io/api/news?id=d0b0090532c728d7a81dd4edc68d6d53681230e1f37dcef3ec3750ecf3d644f7,0.0,0.768,0.232,0.782
2025-04-08 18:08:24,"Meta, Amazon Stock Price Targets Cut By Analyst. Here's How Wall Street Views Tech Giants' Tariff Risk.",Yahoo,https://finnhub.io/api/news?id=98fc3f75a7887cc4beaa5193d04c9d8e1cb4fbeb8c643dbc958b168d976e02b0,0.246,0.68,0.075,-0.7783
2025-04-08 17:29:53,Meta’s Zuckerberg running out of time to talk Trump into ending antitrust trial,Yahoo,https://finnhub.io/api/news?id=286eeab959751c020c2783ed88066b513ab82f1140c245e7fcf5383650b764d9,0.0,0.955,0.045,0.25
2025-04-08 17:14:34,Meta's Bold Teen Safety Overhaul Could Change Social Media Forever,Yahoo,https://finnhub.io/api/news?id=1dd79988e2d40b0c736119c96d8522cfc54acd9cbb4acce07fd259f0ba3d7fc0,0.067,0.672,0.261,0.6524
2025-04-08 16:27:16,Magnificent Seven Stocks Waver,Yahoo,https://finnhub.io/api/news?id=ea5862e3cbdd4582dd4dcc0462e3189992bcd6cafcf9a2ced8fab173781f02e1,0.031,0.785,0.184,0.9062
2025-04-08 15:40:00,"Stressful Markets, But Lots Of Opportunities In Tech",SeekingAlpha,https://finnhub.io/api/news?id=512f0fac91cd57e8758eade6442e956f95339d69b018c44cf8cc32d1716c9105,0.177,0.708,0.115,-0.2144
2025-04-08 15:17:32,"Meta Updates Teen Safety Tools on IG, Expands Teen Accounts to Facebook",Yahoo,https://finnhub.io/api/news?id=47e08b47dbf1bf5281d957308abe8d1fc0a0cc2270a4e009d97dd935132f34b2,0.0,0.84,0.16,0.4939
2025-04-08 14:27:55,"Trump Trade: Trump claims ‘no inflation,’ Medicare won’t cover obesity drugs",Yahoo,https://finnhub.io/api/news?id=8d5f8527f82333e94b138326f7378b3106d1ce8ddd36bf49b67203fba3ea23b1,0.13,0.806,0.064,-0.8155
2025-04-08 14:00:00,"Prediction: After Losing Over $1 Trillion in Market Cap This Year, Nvidia Stock Will Rebound in Epic Fashion. Here's Why.",Yahoo,https://finnhub.io/api/news?id=20ea1d2751b980111486a35f2598cbaf54259ed68c55bf2756ebfb4267be3a2e,0.073,0.927,0.0,-0.3818
2025-04-08 13:45:07,Why Meta Platforms (META) is a Top Growth Stock for the Long-Term,Yahoo,https://finnhub.io/api/news?id=6ee6106adeacbf05b90b25839e105b6553b860916ea8e20fbbdad1a8ff888a5c,0.06,0.732,0.209,0.6705
2025-04-08 13:07:39,3 Buy-rated stocks being defended as tariff fears rip through markets,Yahoo,https://finnhub.io/api/news?id=8651c452b540230e5666be424b1e709c58e167c50ec1330ea7bbd0d34afddc3a,0.094,0.906,0.0,-0.4215
2025-04-08 12:57:11,"AppLovin's Results Are Stupendous, But I Don't Think Such Strength Is Sustainable",SeekingAlpha,https://finnhub.io/api/news?id=5f252d6360d57585dd248e9fee482f13dafc6401e635f5e6d0e71a9da092d0f2,0.238,0.762,0.0,-0.5334
2025-04-08 12:54:02,Magnificent 7 tariff-fueled losses top $2 trillion,Yahoo,https://finnhub.io/api/news?id=c42475e1fe4289132e1c9a9ae18b525d08e5f42cc2818fb1588e8e5c0736e973,0.19,0.561,0.25,0.6249
2025-04-08 12:48:00,Netflix Looks Insulated From a Trade War. 4 Reasons Why.,MarketWatch,https://finnhub.io/api/news?id=c5d4a288dbc922c6cf96ff87a7977a7a7c34800b0e82dde21a474fb321a99bab,0.302,0.698,0.0,-0.8316
2025-04-08 11:00:00,"As DEI Fades at Tech Firms, Women Are Still Uncommon in the Executive Suite",Yahoo,https://finnhub.io/api/news?id=8683edbc8b3135c48cd26ef1e220737cae14fbf2419a52df5875433709213ca0,0.0,1.0,0.0,0.0
2025-04-08 11:00:00,Nasdaq Bear Market: Should You Buy Meta Platforms Stock on the Dip?,Yahoo,https://finnhub.io/api/news?id=7f1da938dd54dc38b216099cb321f45279b2d2c36008bf31869332fff4dfff73,0.068,0.879,0.052,-0.4116
2025-04-08 10:00:00,Meta expands Instagram parental controls and brings them to Facebook,Yahoo,https://finnhub.io/api/news?id=2b5bdc3ca9a4a433197a134358b9c8d48705119802598192406da9de3a5890e9,0.084,0.871,0.045,-0.296
2025-04-08 10:00:00,Meta introduces restricted Teen Accounts to Facebook and Messenger,Yahoo,https://finnhub.io/api/news?id=74c43973fc13fc672faf0d249598da81e124ac425a53464f9b7f44bdb0af1f63,0.029,0.912,0.059,0.4215
2025-04-08 09:30:00,Microsoft: I Was Wrong (Rating Downgrade),SeekingAlpha,https://finnhub.io/api/news?id=0fe640be7e52ac269798cc2e51a7b3366412207e39578b4efcfb9fd1c4c2c5af,0.383,0.617,0.0,-0.4767
2025-04-08 09:20:00,2 Tech Dividend Stocks to Buy and Hold for a Decade,Yahoo,https://finnhub.io/api/news?id=df06422ed9cefde60432f51b36a80bd9e8f89eb8f0bfc097b6072f38aa6c3422,0.0,0.882,0.118,0.7717
2025-04-08 09:00:00,Alphabet: Embrace Pain As Nobody Rings A Bell At The Bottom,SeekingAlpha,https://finnhub.io/api/news?id=56affebe45ccefc9531df5df62fc4ec7a12d0794aeff0be6b154b3822a119cfa,0.226,0.616,0.158,-0.25
2025-04-08 07:15:00,Recession-Proofing Your Portfolio,SeekingAlpha,https://finnhub.io/api/news?id=2ab752356c3f58c4231fd378b6a8bad0c06f7634cd29b3b9df9021a06d80764f,0.0,1.0,0.0,0.0
2025-04-08 06:01:00,Thornburg Summit Fund Q4 2024 Commentary,SeekingAlpha,https://finnhub.io/api/news?id=0f3aca3933eb89bfa291d41a74c52adf0dc80359f2e04e37edfd3c9baf71ba50,0.0,0.937,0.062,0.296
2025-04-08 03:00:00,Amazon Buying TikTok Is a Long Shot. It Would Also Be a Game Changer.,MarketWatch,https://finnhub.io/api/news?id=c453f598773824c3597ebc251ce929ce029d7c69c15556eb45525098ba1735f4,0.0,0.884,0.116,0.34
2025-04-08 00:08:40,Bear Market History Can Inform Us About What To Do Next,SeekingAlpha,https://finnhub.io/api/news?id=64f1fe8de1cf89a543c9fc5a24e10fff642b5655f801128e5ce78e209cb3bfb7,0.0,0.95,0.05,0.2023
2025-04-07 16:06:15,Reddit Stock Gains After Positive Wall Street Analyst Call. Meta Stabilizes From Tariff Slide.,DowJones,https://finnhub.io/api/news?id=79ebd18e092904187c9a3fd6108e0e1586896a693e332d06420c0616c45a74c1,0.0,0.667,0.333,0.9001
2025-04-07 14:53:00,Meta Upgrades Llama AI as Tariffs Hit Tech Stocks,MarketWatch,https://finnhub.io/api/news?id=01711980a9791478c3d07308a131683e92b3015a620ef851feefb704fb37d53c,0.0,1.0,0.0,0.0
2025-04-07 10:13:31,Meta to invest $1bn to develop data centre in US,Yahoo,https://finnhub.io/api/news?id=192bcf0f8863f576b92c978a2763018aacc652429c882cbb7e135f5af62bbe78,0.0,1.0,0.0,0.0
2025-04-07 09:35:00,"Apple’s stock is the latest to see a ‘death cross,’ and it won’t be the last",MarketWatch,https://finnhub.io/api/news?id=0ef3af5a6cc7689f86fdc3b9abd092bf0e92874350556612ae42604350af4fa9,0.0,1.0,0.0,0.0
2025-04-07 08:20:00,Apple Stock Falls Again. How the Rest of the Mag 7 Are Trading.,MarketWatch,https://finnhub.io/api/news?id=845758c069eb2826089d9608b4d080af06e2343bf18af3ba0ea1108c0e1dc049,0.0,1.0,0.0,0.0
2025-04-07 07:18:46,Trade War: It's Not As Bad As It Could Be,SeekingAlpha,https://finnhub.io/api/news?id=41c5fb3cb0f48988a4f3180347bd9243266e9034056e8dcd02c20d2eda459494,0.225,0.622,0.153,-0.6542
2025-04-07 07:16:13,How To Negotiate Tariff Removal,SeekingAlpha,https://finnhub.io/api/news?id=04addc8bd8f7f7fdf751556a0f7e3d892fd9b6b57178b39f86c88aedbcca234e,0.094,0.906,0.0,-0.4019
2025-04-07 07:15:00,S&P 500's Next Stop: Recession,SeekingAlpha,https://finnhub.io/api/news?id=58dae7209892244f36ee7dc48e0bad71e1d7836aa72c2d45847d46ae64c7c0ed,0.179,0.821,0.0,-0.6124
2025-04-07 06:37:24,Goldman Sachs Raises Risk Of Recession to 45%: Jefferies Calls Tariffs a 'Free Hall Pass' For Tech Giants To Reset Their Goals,Benzinga,https://finnhub.io/api/news?id=a3bbabf0bcf1490bf1fed0ff127dc679f9d52fa56fe204cde10df079969f7f80,0.151,0.784,0.065,-0.5267
2025-04-07 06:15:00,ClearBridge Large Cap Growth Strategy Q1 2025 Commentary,SeekingAlpha,https://finnhub.io/api/news?id=80be56a32d96216effee072c15bb219513bdd6dfb22e03ea35104072819c70db,0.0,0.782,0.218,0.7783
2025-04-06 22:56:39,"Is Meta Platforms, Inc. (META) the Best Beginner Stock?",Yahoo,https://finnhub.io/api/news?id=52ccbe56d1bf8ab2d4d1cf18fc5cfe78cb15e5a8a02be107184697d0111d17bc,0.048,0.778,0.174,0.8658
2025-04-06 21:46:48,Meta Adds New Parameters for Those Looking to Verify their Profiles,Yahoo,https://finnhub.io/api/news?id=7455b83fc4110aafba56f26eb0fc55edff349b2cb3f5f65b1a84bbca251e6fe2,0.101,0.899,0.0,-0.4019
2025-04-06 21:26:54,"Meta Launches Llama 4 Models, Driving Improved AI Performance",Yahoo,https://finnhub.io/api/news?id=7ba4228b3338b205f5782a0580fc79cc045414e15db758e02b456c7ae10a65b6,0.0,0.829,0.171,0.4767
2025-04-06 17:28:50,Meta Platforms (NasdaqGS:META) Dips 12% After UFC Partnership Announcement,Yahoo,https://finnhub.io/api/news?id=566a7713d38c40fec46af4f8f1e6e3ce7f14c3688881c463dd3a2e10208e9a62,0.057,0.738,0.206,0.9067
2025-04-06 14:15:00,3 Top Bargain Tech Stocks Ready for the Next Bull Run,Yahoo,https://finnhub.io/api/news?id=a937610152401e2db2e70ead06586e2a12972cbb0b0e6d46899d637b7eb28ab1,0.083,0.757,0.16,0.5434
2025-04-06 11:00:00,"Warren Buffett Stands Tall In 2025 As Elon Musk, Jeff Bezos And Mark Zuckerberg Bleed Billions In Net Worth: 'Oracle Of Omaha' Emerges As Lone Gainer Among Top Billionaires Amid Market Rout",Benzinga,https://finnhub.io/api/news?id=837997fff5f44f4be0e76a11a51217791d0717abd2fcec40ddb6e57aaf22671a,0.184,0.681,0.135,-0.6249
2025-04-06 10:45:42,"Consumer Tech News (Mar 31-Apr 4): China Plans Retaliation Against Trump's Tariffs Change, Meta To Release $1,000 Version Of Its Smart Glasses & More",Benzinga,https://finnhub.io/api/news?id=8f1afa113f5c0fb58859ddc5affe41f9784dacc7b05e551f70f1a5b55e10c4b7,0.0,0.932,0.068,0.4939
2025-04-06 09:00:00,QQQ: Look Past The Tariff Damage As Investors Aren't Foolish,SeekingAlpha,https://finnhub.io/api/news?id=6f5303330822ac2decac2c50d7ca8b1838be903b301b4ffacc351116acb70cc5,0.246,0.615,0.139,-0.3369
2025-04-06 07:05:00,"Billionaire Investor: 'Do Not Catch Falling Knives,' Buy Dividends Instead - Our Picks",SeekingAlpha,https://finnhub.io/api/news?id=1a810025318a4cc84a9295d5fdf03bdbc10b760e3c52ea4f653dd6f4ee4ed88d,0.07,0.817,0.113,0.4299
2025-04-06 03:07:08,FNGA: Getting More Out Of Your FANG+ Exposure,SeekingAlpha,https://finnhub.io/api/news?id=7472a6dd8027f5cdc59ade152a3f453944caf8c5773c31c8347001dee4f1e18d,0.068,0.818,0.114,0.2023
2025-04-05 23:33:21,CII: Looking Like A Tempting Opportunity,SeekingAlpha,https://finnhub.io/api/news?id=461eee98ef8654f33cdee6754f76dd567cd6a3fed5c10d65144aaf0537e95a31,0.0,0.741,0.259,0.8316
2025-04-05 18:18:06,Meta Platforms (NasdaqGS:META) Declines 12% In A Week Despite UFC Partnership Announcement,Yahoo,https://finnhub.io/api/news?id=7476900e2cbe8ecf44346add1aa4e2077f1f4efdbd3f8e7605254e2b5d7d3244,0.083,0.85,0.066,-0.5442
2025-04-05 18:01:33,How to clear AI slop from your Instagram and TikTok feeds,Yahoo,https://finnhub.io/api/news?id=62e48b66f62349bc3fb3afb71604f892104b7b5730606260432f3b803f50f3a4,0.087,0.742,0.171,0.3818
2025-04-05 16:10:32,"China announces retaliatory tariffs, U.S. unemployment rises: Morning Buzz",Yahoo,https://finnhub.io/api/news?id=a2e7a3122d0b40acc055f6c6bf6fcfb37ef2d8cb5e07dc6e72f261bfb3756492,0.147,0.803,0.049,-0.8176
2025-04-05 16:09:10,Meta releases new AI model Llama 4,Finnhub,https://finnhub.io/api/news?id=f1d5991cf7293ae278a4c3d701af6244f8ccd7ccc9b0ff82427980b3af77dc02,0.0,1.0,0.0,0.0
2025-04-05 15:17:00,Meta Platforms fights for its life in historical antitrust battle,Yahoo,https://finnhub.io/api/news?id=6f19173d898766f7a164254ead13e44b5be11356862193b8a8e497a617bf7ccf,0.238,0.762,0.0,-0.6486
2025-04-05 15:06:23,Meta (META) Positioned to Dominate AI Agent Era with Next-Gen Models and Infrastructure,Yahoo,https://finnhub.io/api/news?id=1dbe858cf0d323c83af90e99bd9cc549af4962b2e8bc8b5bddcfe27a192b0443,0.021,0.928,0.051,0.2732
2025-04-05 13:08:23,Meta’s (META) Big Gamble on Reality Labs,Yahoo,https://finnhub.io/api/news?id=0933bd85daa4d60fa01ad2220a92232cef6f8f95223ddeadca5ad80e99afe298,0.05,0.838,0.112,0.7096
2025-04-05 10:15:00,"Prediction: This Unstoppable AI Stock Will Be the Top Performing ""Magnificent Seven"" Stock of 2025",Yahoo,https://finnhub.io/api/news?id=ad649513b2ad6df4c7494790a6937b425f2310c0d69e9849c43b29904a8783cc,0.076,0.692,0.232,0.9413
2025-04-05 09:40:00,3 Brilliant Growth Stocks to Buy Now and Hold for the Long Term,Yahoo,https://finnhub.io/api/news?id=376213a133c6997a9183ed5c4d578ab170c7021fca837df006a2a137f92927f4,0.0,0.814,0.186,0.7506
2025-04-05 02:35:00,Back To Google,SeekingAlpha,https://finnhub.io/api/news?id=ebadf9ff3f03e2e2027d912a064661ae8970282422f06aaa22b493fa7f32a955,0.0,1.0,0.0,0.0
2025-04-18 21:09:14,Is Meta Platforms (META) the Best NASDAQ Stock to Buy So Far in 2025?,Yahoo,https://finnhub.io/api/news?id=e35fee103c213deba0b209ecc3f73096b0eab08d8aab968b6786ccfc4dc9521d,0.0,0.89,0.11,0.8555
2025-04-18 20:30:28,The AI Hole in Big Tech’s Pockets,Yahoo,https://finnhub.io/api/news?id=b359aeedd4354f3e3103c8ca60533ad15deb259dfd46992070c6b9c436ee9e3c,0.0,1.0,0.0,0.0
2025-04-18 15:42:19,Netflix praised as 'cleanest story' in tech as latest earnings report brushes off macro worries,Yahoo,https://finnhub.io/api/news?id=9ee9bcb4188075ec207d7598c6964924875b79ae93862f302b49cfb67e62a040,0.118,0.742,0.139,-0.0258
2025-04-18 15:09:01,Spot The Next Palantir Or Hot IPO For The Next Uptrend. Here's How.,Yahoo,https://finnhub.io/api/news?id=e4fc44d2e93066803dd4311bb4d148084102265f41354f51c2dda5d09868d0de,0.0,1.0,0.0,0.0
2025-04-18 14:55:00,These 15 tech stocks could rocket up to 85% in a year — and analysts love them,Yahoo,https://finnhub.io/api/news?id=1585517a2e0c4077f0f039c982192f221078ecaf18d21cacf143378f0559ae29,0.0,0.907,0.093,0.6369
2025-04-18 14:16:00,Apple Is an Efficiency Champion. This Company Is Closing In on Its Crown.,Yahoo,https://finnhub.io/api/news?id=2df87e62b034f6c24b5b11e9c7a9ba3f0a77d4e267d75c9da8ff80e9d9f0881c,0.0,0.802,0.198,0.836
2025-04-18 14:09:20,"Is Meta Platforms, Inc. (META) the Least Risky Internet Stock To Invest In?",Yahoo,https://finnhub.io/api/news?id=20aa8a6595898bc25d6e9b5c0d5195d9219e139ee019d7448f70e45421d24d27,0.0,0.901,0.099,0.6259
2025-04-18 13:30:40,Meta case is 'make or break' for antitrust in the US,Yahoo,https://finnhub.io/api/news?id=d11988eed9ffb3d313ba8f02fd3402fd154279e728673477a8c8fabf838054cd,0.063,0.922,0.015,-0.6908
2025-04-18 12:29:22,"Meta, Microsoft Dumped by Blue Whale as Nvidia Becomes Core Bet",Yahoo,https://finnhub.io/api/news?id=1145801a04079e1da29cfe0a9c2596acbd42ed6574c85e50d01a24b77f13dbbf,0.211,0.69,0.1,-0.4404
2025-04-18 11:49:00,Why Meta is one of the most compelling tech stocks right now,MarketWatch,https://finnhub.io/api/news?id=dee59d4298dfb29ebd77047fe7b93774e70cd9117871ce59d0afe02234577f12,0.0,0.834,0.166,0.5245
2025-04-18 09:55:00,"EU Delayed Punishing Apple, Meta Just Before Trade Talks Started",DowJones,https://finnhub.io/api/news?id=39ba79db520a7acb00a2a5ce1dc4be15d8925a3a5d9cfb2960de749329594db1,0.407,0.593,0.0,-0.875
2025-04-18 03:44:15,DeepSeek Blows Up Meta's AI Strategy,SeekingAlpha,https://finnhub.io/api/news?id=163deaea3efd172c4a4c38bedfc433355d5abf0668c6237dd6e1e3ab3d8bb757,0.0,1.0,0.0,0.0
2025-04-18 01:40:51,"Meta Platforms, Inc. (META): Meta Seen as Most Resilient Ad Platform Amid Tariff Turbulence",Yahoo,https://finnhub.io/api/news?id=4549aa4c478d5de8e36f84a480e6e7f47664cd8bea5a4d25024b50db5ca541a6,0.031,0.969,0.0,-0.296
2025-04-18 01:00:00,The Week Google and Meta Faced an Antitrust Reckoning,Yahoo,https://finnhub.io/api/news?id=f1f47fba697206a0377fd377573a31f5b182d8c281aaa9728e8088343dc49b0b,0.093,0.762,0.146,-0.1027
2025-04-17 22:14:48,"In 2020, Instagram Projected Billions in Lost Revenue to TikTok",Yahoo,https://finnhub.io/api/news?id=5157212874b4e2405951cff6c254872b4eff664b0dca673e99640732bb07de7d,0.055,0.9,0.045,-0.1027
2025-04-17 19:00:00,"Meta Platforms Dips 14% in a Month: Buy, Sell or Hold the Stock?",Yahoo,https://finnhub.io/api/news?id=201b09bd0b6ab987e6e5f21df57c845495f74c48fd083916103f4452712ab93d,0.05,0.866,0.084,0.296
2025-04-17 18:05:00,Meta CEO Zuckerberg's Compensation Totaled $27.2M in 2024,MarketWatch,https://finnhub.io/api/news?id=b1fdc755a667521fe20b9686541212bfbc612b6aa71d2ce29c4ff055a92d7168,0.0,1.0,0.0,0.0
2025-04-17 17:37:51,Zuckerberg Admits That Time Spent on Facebook and Instagram Has Declined,Yahoo,https://finnhub.io/api/news?id=d5ddfce10c897bebae2fffcf1b885c65b73d43941e64701b5e7912b752da618d,0.0,0.919,0.081,0.296
2025-04-17 17:03:55,"Meta Platforms, Inc. (META): Among Billionaire David Tepper’s Top Stock Picks",Yahoo,https://finnhub.io/api/news?id=b33558bb33bea2347f68c306e59662af8b52453660d46c7148b20b016c95b5a1,0.0,0.922,0.078,0.5267
2025-04-17 16:34:38,Publishers Seeing Increases in Referral Traffic from Facebook in March,Yahoo,https://finnhub.io/api/news?id=ced2fce7d55c81920b56c47f6e7fba7e5d98f28b29f4b46e13fb3d8aa027ea36,0.0,1.0,0.0,0.0
2025-04-17 15:58:14,"Penguin's Memory Solutions Poised For 20%-30% Growth, Analyst Eyes Soaring AI Demand, Key Partnerships",Benzinga,https://finnhub.io/api/news?id=de24f84b29fde0382479db51f5b6f9172ca71d86d066a716ccabdfd262769328,0.081,0.678,0.241,0.7096
2025-04-17 15:57:56,Temu Cuts Back On U.S. Ad Spending. What Will That Mean For Meta?,Yahoo,https://finnhub.io/api/news?id=b155edc71df3d3ddbdae4a1953d4f20a27f6bae7a076899604c355e8590d361f,0.064,0.936,0.0,-0.296
2025-04-17 14:28:37,Mark Zuckerberg says TikTok slowed Meta's growth,Yahoo,https://finnhub.io/api/news?id=3247ec879222cc770412b62ba356186d16ef7ef26d05c97197042601e480f819,0.059,0.817,0.124,0.6606
2025-04-17 13:57:33,'Magnificent Seven' stumble but still set to drive earnings,MarketWatch,https://finnhub.io/api/news?id=73eb06148f1b5674ca2ef77617ce01dde881e41b07b2a8aee336ae62634494a9,0.0,0.672,0.328,0.8316
2025-04-17 13:51:21,Dow Faces Historic Divergence From S&P After UnitedHealth Plunge,Yahoo,https://finnhub.io/api/news?id=a8995c2c5da7fe2c46ac81baa3df48de02e9cea38b48121a0e969f965c9e26fb,0.0,0.951,0.049,0.6369
2025-04-17 13:20:23,Bumble under pressure from activist Randian Capital to sell itself,Yahoo,https://finnhub.io/api/news?id=0b05a56bec51384e3d1d54f302708cd1e949d0af3983720bf5d9811312cd0254,0.035,0.942,0.024,-0.1779
2025-04-17 12:50:00,2 Top Tech Stocks to Buy in April,Yahoo,https://finnhub.io/api/news?id=c5ae1f7e72a738ee217fa988720743d51061c46641696f8a57a9a8fc1edd7fbc,0.0,0.861,0.139,0.7089
2025-04-17 12:24:07,The Trade Desk: The Generational Buying Opportunity Is Here (Rating Upgrade),SeekingAlpha,https://finnhub.io/api/news?id=3ef7441bcf227dc71609f894e8d42c02d117e93f1b050d42735beccb81cae462,0.037,0.824,0.14,0.6705
2025-04-17 12:04:57,Meta Platforms (META): EU Users’ Public Data to Train Meta’s AI Models,Yahoo,https://finnhub.io/api/news?id=8c007cc15c99859cd0205e48f321b69be345c9dc729fed031e78ef3dd9266d67,0.035,0.965,0.0,-0.34
2025-04-17 12:00:00,MAGS' Selloff Is Here - Fundamentals Remain Robust No Matter The Tariffs,SeekingAlpha,https://finnhub.io/api/news?id=7c8b54193b63120805c65ed751cb7c61e044c430b8b77a431fab0d0ff7b9c843,0.08,0.742,0.178,0.3239
2025-04-17 10:59:19,AppLovin: The Ad-Tech Underdog With Explosive Margins,SeekingAlpha,https://finnhub.io/api/news?id=5417b8932c0498169a8e823c426fdd2c589dd9a915b596ea83e67edbe00b71b2,0.0,1.0,0.0,0.0
2025-04-17 10:36:56,"S&P 500, Nasdaq erase early gains as Big Tech stocks retreat",MarketWatch,https://finnhub.io/api/news?id=7aed0793eeb2ba352d4e3494c22f25d09099392ec23f61e4255011fa5525cf05,0.0,0.682,0.318,0.7506
2025-04-17 07:30:00,"Wall Street is hyper bullish on Meta’s stock: 3 reasons why you should be, too",MarketWatch,https://finnhub.io/api/news?id=34a33bd99a0318e261db3ac3904b8bad44360828493093f27b48ce35d7865ef4,0.0,1.0,0.0,0.0
2025-04-17 06:55:35,"Wall Street Breakfast Podcast: Analysts Weigh Meta's Future Without Instagram, WhatsApp",SeekingAlpha,https://finnhub.io/api/news?id=2d5fbf2692b57ea3b67f94dc54975aba7101e4cbe8d81c53a342937cb9684c92,0.0,1.0,0.0,0.0
2025-04-17 00:30:00,Franklin DynaTech Fund Q1 2025 Commentary,SeekingAlpha,https://finnhub.io/api/news?id=2ae7c4aa6a2cba58deb299d1da2263fe44fe4feedd375eb43653db08eeb41660,0.0,1.0,0.0,0.0
2025-04-16 23:57:46,Meta: Momentum Building Up,SeekingAlpha,https://finnhub.io/api/news?id=2cce28295f057cbc6cbabf16e68bb9fc358df786725a72f0fc4df98b0e74177e,0.0,1.0,0.0,0.0
2025-04-16 22:39:10,"Temu, Shein slash digital ads as tariffs end cheap shipping from China, data show",Yahoo,https://finnhub.io/api/news?id=d85fadd8b173beab3b6100a4f6851d44242cd9d375d63f1df435da14dd29d81b,0.063,0.937,0.0,-0.6369
2025-04-16 22:32:10,"Spinning off Instagram, the decline of ‘friending’ and other takeaways from Mark Zuckerberg at the FTC monopoly trial",Yahoo,https://finnhub.io/api/news?id=dc46c6e1d042c7aee8cfcfc1d2f7185ae2f090f54658ce66bc49a0079ea77474,0.036,0.89,0.074,0.4588
2025-04-16 22:14:03,"Meta Saw TikTok as ‘Highly Urgent’ Threat, Zuckerberg Says at Antitrust Trial",Yahoo,https://finnhub.io/api/news?id=46c629ba2547113d352c9fd66f3c6c8fdfa42350e34f5c7cd811ac381d96abc7,0.061,0.895,0.044,-0.1779
2025-04-16 21:32:21,"Meta CEO Zuckerberg Defends Instagram, WhatsApp Acquisitions in FTC Antitrust Trial",Yahoo,https://finnhub.io/api/news?id=63bfc45d65bdedd03a439c76a2d9c44a19d3cabfaa33b4c3b083b811a8063c6f,0.0,1.0,0.0,0.0
2025-04-16 21:21:16,Meta boss Mark Zuckerberg finishes giving evidence in antitrust case,Yahoo,https://finnhub.io/api/news?id=0bd8a274fd34923cbd73d15c6b994892a5799e3ba5e2bbfb9c7f16188e9a57d3,0.0,0.854,0.146,0.5859
2025-04-16 20:27:48,Zuckerberg: Snapchat would have grown faster if it accepted $6B buyout offer,Yahoo,https://finnhub.io/api/news?id=5d09abedc3f06edba098967c9fdbffdc97c1b003ce56575163c2e3adc4366fb5,0.03,0.927,0.043,0.3142
2025-04-16 20:22:56,Meta CEO Mark Zuckerberg wraps up testimony in antitrust case,Yahoo,https://finnhub.io/api/news?id=4603edbf3aadea88a0340e5b863ef58e079fe8c24f91fa51806d73729ce35f24,0.059,0.878,0.062,0.1027
2025-04-16 19:15:32,"Why Meta Platforms, Inc. (META) is the Best Blue Chip Stock to Buy According to Billionaires",Yahoo,https://finnhub.io/api/news?id=2da6ff4436906cc96ef1e2ac65771e6a3df37220dd3dd575221cb59f26f5dcca,0.046,0.805,0.149,0.8658
2025-04-16 17:00:33,"Is Meta Platforms, Inc. (META) The Best American Tech Stock To Buy Now?",Yahoo,https://finnhub.io/api/news?id=0f1d91d99ecf9fabe3c3f8fd4b73418b8c7372ad4f75c728a1c0612d56ec9362,0.0,0.857,0.143,0.9001
2025-04-16 16:54:38,"Rare Bearish Meta Analyst Cuts Price Target, Says Tech Giant 'Starting To Look Vulnerable'",DowJones,https://finnhub.io/api/news?id=ff1ecfe32a8e971e47423d2d9bb1de33bbd90baf02c6475eaf5e0d4fc7251cdc,0.255,0.745,0.0,-0.7351
2025-04-16 16:31:00,Meta Platforms Inc. stock outperforms competitors despite losses on the day,MarketWatch,https://finnhub.io/api/news?id=279abf12ed639b2938bcf35e2820a9b14a098c86c009680038bbd6af917383ab,0.0,0.816,0.184,0.5448
2025-04-16 16:28:51,Meta Shares Tips on How to Maximize Click-to-Message Ads,Yahoo,https://finnhub.io/api/news?id=874757726ae4d6d4df4caac3fd021e6e73677938ede4d3d2dc52be3ab8ce9406,0.0,0.864,0.136,0.296
2025-04-16 16:21:42,"Magnificent Seven Stocks Sell Off: Nvidia Plunges; Apple, Tesla Slide",Yahoo,https://finnhub.io/api/news?id=e436d79d8cbef4bb8c289db9d61fd57ad65e04371b713a486a35e184d159a7ec,0.057,0.76,0.183,0.7964
2025-04-16 16:00:03,Apple market cap falls back below $3 trillion as 'relief rally' fades amid new tariff uncertainty,Yahoo,https://finnhub.io/api/news?id=d4fac4115b6a777bf1886afa179ed57bbfdff9a0a7bb4987a67e03f9ff630149,0.055,0.874,0.071,0.1779
2025-04-16 15:31:38,Is Meta Platforms Inc. (NASDAQ:META) a Reddit Stock with High Potential?,Yahoo,https://finnhub.io/api/news?id=3a0a34c4dbe5debe9f34b70828a38f565469bca98e203a5411b756d62c7ba9d0,0.0,0.954,0.046,0.4939
2025-04-16 15:31:34,The price Mark Zuckerberg wasn't willing to pay to halt Meta's antitrust trial,Yahoo,https://finnhub.io/api/news?id=b22001c9c2c7e32fa5f018b6ef4c9a047a5b934aa5e0cf49e1799b4f2258ea71,0.036,0.833,0.13,0.2942
2025-04-16 15:20:43,Meta trial: 5 key moments from Zuckerberg's testimony,Yahoo,https://finnhub.io/api/news?id=00bf5e225929c7fd035c7d2d4da5413290a6c042f9be44c2852653c918a9b9ff,0.108,0.811,0.081,-0.4939
2025-04-16 14:33:38,"After surge to record highs, gold overtakes 'Magnificent 7' as the most crowded trade on Wall Street",Yahoo,https://finnhub.io/api/news?id=fedccbc7f1e49db6b06d740aa40f8d2505b065e4c805fc66119d8fbe45bb60c1,0.0,0.785,0.215,0.8625
2025-04-16 14:05:57,Meta: A Likely Downward Adjustment Of Capex Could Start A Bullish Rally,SeekingAlpha,https://finnhub.io/api/news?id=fa2f46fea4a97cca945325a2284ea671c51264c13a10aaaf3c7445523373c189,0.0,1.0,0.0,0.0
2025-04-16 13:25:46,Jim Cramer: Meta (META) Should “Break It Up”—WhatsApp Alone Is “Worth the Price”,Yahoo,https://finnhub.io/api/news?id=f58b2c1a3cbea0add7f7442f1a9bf7c173acd7bb1ed02206e4560df07c1d8fcd,0.103,0.897,0.0,-0.7717
2025-04-16 11:48:51,TikTok begins US testing of 'Footnotes' similar to 'Community Notes' by X,Finnhub,https://finnhub.io/api/news?id=427912dadbaa505e460de0d68fcca34eb0c41af8e5c7d81cd7183317fa85d8b8,0.0,0.869,0.131,0.6705
2025-04-16 11:22:29,The Dividend ETF That Just Woke Up And Why Investors Are Watching Closely,Benzinga,https://finnhub.io/api/news?id=e6b7f51d86ac78b9d1a1d90bfeeefa162c45c1872625dae67468bed75c62d0f6,0.052,0.843,0.105,0.3182
2025-04-16 10:24:06,Market Chatter: Meta Platforms Offered $450 Million Settlement to End FTC Antitrust Case,Yahoo,https://finnhub.io/api/news?id=1772582abd9e1f43a30b8ba97bec3a35f4f04586c8ad1c705d6ea25fd16ad244,0.049,0.951,0.0,-0.1027
2025-04-16 09:17:11,"Top 10 Trending Stocks On WallStreetBets As Of April 16, 2025 (Via Swaggy Stocks)",Benzinga,https://finnhub.io/api/news?id=c013b1222cc44d22a034b94947955c4332dea00f9dc004b47e7fedf3f0231775,0.0,0.899,0.101,0.2023
2025-04-16 09:14:48,"Television could go the way of newspapers if the US economy tips into recession, analyst warns",Yahoo,https://finnhub.io/api/news?id=4b711f8f9c0714da209d796b4cf4dd54f821bdb82cca77ce0ed22989785eac5e,0.206,0.794,0.0,-0.8807
2025-04-16 09:00:00,What Meta stands to lose if the FTC wins,Yahoo,https://finnhub.io/api/news?id=a5a5bae54452500196a5f56342cf3b0274641b8fe39fa364513c4d1d7766378e,0.154,0.682,0.164,0.1531
2025-04-16 08:10:00,"Prediction: This Stock Will Be the Safest of the ""Magnificent Seven"" During Tariff Turmoil",Yahoo,https://finnhub.io/api/news?id=4ce25056e413d2bc4ec79ec4ad25c9efe382af3274d8076b757214feb6a42e9f,0.067,0.76,0.173,0.9042
2025-04-16 09:19:39,Global Tech Stocks Drop as ASML Warning Adds to Nvidia Curbs,Yahoo,https://finnhub.io/api/news?id=16d33bf36cca978126af7a433fe176ce55a68f8a31619b2959fbb4ab90a67510,0.166,0.795,0.039,-0.9153
2025-04-16 04:09:30,Mark Zuckerberg Faces the FTC in Bid to Keep Company Together,Finnhub,https://finnhub.io/api/news?id=71e0ecca69b26697232936c338258f7488dc556853ed037dafdd7c1cd4d54949,0.109,0.825,0.066,-0.2732
2025-04-16 02:30:43,What FAANG Should Mean In 2025 - My 5 Bullish Picks In A Tariff-Shaken Market,SeekingAlpha,https://finnhub.io/api/news?id=6d5b1c89d1167b8442462d9ae12b7e6041dd699b06f973594e83e338536b690c,0.0,1.0,0.0,0.0
2025-04-15 23:55:18,Meta Attempted Negotiations to Settle Antitrust Lawsuit,Yahoo,https://finnhub.io/api/news?id=c7f3265d3d6ef70f263b8a3bbd1bdf97ce5e5c991e093f487cfc78bef95eb665,0.144,0.856,0.0,-0.4939
2025-04-15 23:16:53,"Trump-Appointed FCC Chair To Europe: If You're Worried About Elon Musk's Starlink After The Ukraine Threat, 'Just Wait For The CCP's Version…'",Benzinga,https://finnhub.io/api/news?id=167efe35c0c08e3323170dc7bab880b40b183d103f23e875f0a601bbc50a28fc,0.182,0.7,0.118,-0.5106
2025-04-15 22:23:35,Meta chief Zuckerberg ‘considered spinning off Instagram over antitrust worries’,Yahoo,https://finnhub.io/api/news?id=bd934ef711d6253d9a4ee15db3377c9013018c60b27d69f972f514fdb6ce77f9,0.0,1.0,0.0,0.0
2025-04-15 21:45:15,Meta Platforms (META) Declines More Than Market: Some Information for Investors,Yahoo,https://finnhub.io/api/news?id=6cd1d1d4520ca31f018fc0e8a82b153b4a86ed2ef7cace41aaf6b911a9f962d1,0.0,1.0,0.0,0.0
2025-04-15 21:16:00,Inside Mark Zuckerberg’s Failed Negotiations to End Antitrust Case,Yahoo,https://finnhub.io/api/news?id=f3d2c9f0056a8949608b991e36aff434a8161454b43ee9daed84041bf22c7eed,0.16,0.771,0.069,-0.4728
2025-04-15 21:04:16,Mark Zuckerberg considered Instagram spin-off amid 'calls to break up' Big Tech,Yahoo,https://finnhub.io/api/news?id=5531b64b23494661046ac3ddf41508e5482e2bd7abeb2522d83a26a33f9eb501,0.0,1.0,0.0,0.0
2025-04-15 19:54:00,"Zuckerberg, on Witness Stand, Rebuffs Claims Meta Monopolizes Social-Media Market",Yahoo,https://finnhub.io/api/news?id=047e24415e2f4f1c2ec53e87fa112a6ba44f739106feecd51499fb6f46b81c07,0.068,0.932,0.0,-0.2732
2025-04-15 19:42:03,Is Meta Platforms (META) the Best Machine Learning Stock to Buy Now?,Yahoo,https://finnhub.io/api/news?id=a6178bb6a8267ef19dd46a20a10860fd4de74f9a3a5b2361dff860c204c47b2f,0.0,0.817,0.183,0.936
2025-04-15 19:17:23,Meta Wins EU Approval to Train AI Using Public Facebook and Instagram Posts,Yahoo,https://finnhub.io/api/news?id=2a6c48bd46e415850eb625f813e855e570ddf7d2022d3ec3e2aeb7ccbded723a,0.0,0.719,0.281,0.802
2025-04-15 18:42:34,"Meta CEO Zuckerberg considered spinning off Instagram in 2018 over antitrust worries, email says",Yahoo,https://finnhub.io/api/news?id=676d3c98443524ca3e9d79663ad6e67d751bfbcf98ae4bcb15c810c677f73029,0.087,0.877,0.036,-0.687
2025-04-15 18:10:00,"Meta Is Best Fit to Withstand Advertising Slowdown, This Analyst Says",Yahoo,https://finnhub.io/api/news?id=cf9ff35b2385fbb078aae885ebcbf71326b2734246b595f2f5f1be1e956b0d8a,0.049,0.753,0.198,0.743
2025-04-15 17:39:43,Trump promises 'expedited' process for Nvidia's US supercomputer plans as Big Tech pledges top $1.6 trillion,Yahoo,https://finnhub.io/api/news?id=21172e22cf77e6bc4aaf1aece72de1764c1e59ded415d2ff9f0efcfd883c2420,0.0,0.885,0.115,0.5267
2025-04-15 16:31:46,Mark Zuckerberg Pushes Trump To 'Respond Aggressively' As EU Threatens Meta's Ad Revenue – A Big Tech Showdown?,Yahoo,https://finnhub.io/api/news?id=f53cf5ef0833b4ceaeb36454cef4102d46f2ca15bd4623862c5b5130efe15009,0.114,0.838,0.048,-0.7003
2025-04-15 16:14:56,Meta's Zuckerberg admits he bought Instagram because its camera was 'better',Yahoo,https://finnhub.io/api/news?id=1be98b791d51b1a2c6cd7d745000ee2539a512899e1601a80afb48ad2999140e,0.027,0.863,0.11,0.836
2025-04-15 15:14:01,"Meta's Zuckerberg eyed Instagram spinoff amid antitrust scrutiny, document shows",Finnhub,https://finnhub.io/api/news?id=52d10b0a1a800d4b9c0bcd657a9e375bbae0048eacc92c399d57c9065583bb4a,0.0,0.898,0.102,0.4939
2025-04-15 15:05:00,Meta could get broken up in an antitrust case. Why that may be good for its stock.,MarketWatch,https://finnhub.io/api/news?id=0dff8402c4f678614a373d7cbdcaca2c17b999288b4a728c7aadd92a1e876dbb,0.148,0.714,0.138,-0.1027
2025-04-15 14:08:35,Meta antitrust trial: What this former FTC commissioner expects,Yahoo,https://finnhub.io/api/news?id=0de26faf4a4cf03c83a0ba565468f7479d61d687ab9c6ae1c85a6cc60507a718,0.065,0.901,0.034,-0.3818
2025-04-15 13:04:54,Is Meta Platforms (META) Among The Top Goldman Sachs Value Stocks?,Yahoo,https://finnhub.io/api/news?id=11c0d64c7e9b938a4b8241cb050d9b8c947ef986e96e6c30d768265341f18eae,0.0,0.82,0.18,0.886
2025-04-15 13:00:15,"Meta Platforms, Inc. (META) Is a Trending Stock: Facts to Know Before Betting on It",Yahoo,https://finnhub.io/api/news?id=bb628b7f47b5e59e549897400aa859c3e1330966462de9684bed3e6cfe9e6636,0.064,0.892,0.043,-0.2263
2025-04-15 12:44:04,"Bank of America, Citigroup, Johnson & Johnson: Stocks to watch today",Yahoo,https://finnhub.io/api/news?id=42a280b8c3b08339f9c06a95a6b8be183cc818946a31418248b70b7d6d1b204a,0.043,0.957,0.0,-0.34
2025-04-15 12:30:21,3 Artificial Intelligence Stocks You Can Buy and Hold for the Next Decade,Yahoo,https://finnhub.io/api/news?id=cc14972fc43222d5235f1c6bb74ef82c067fda0ece86a2e6fbd3167532635649,0.0,0.881,0.119,0.4767
2025-04-15 11:48:56,Mark Zuckerberg’s showdown with the FTC is massive for Meta—and even bigger for tech overall,Yahoo,https://finnhub.io/api/news?id=709448adf7fe587d2103732d5f5b0cd0f9e599de1f97b6e8f920afeb59abcc2b,0.0,1.0,0.0,0.0
2025-04-15 11:05:00,Thinking About Buying Growth Stocks During the 2025 Nasdaq Bear Market? Consider These Risks First.,Yahoo,https://finnhub.io/api/news?id=b408df989a3d37647593a90d0d351ef47549f204588f093c92c9421b5b2e609a,0.065,0.882,0.053,-0.3071
2025-04-15 10:54:00,Stock Markets Have Weathered the Trump Tariffs Storm. Don’t Be Fooled by a Lull and 4 Other Things to Know Today.,Yahoo,https://finnhub.io/api/news?id=898a0dc8698bde554f15ad6b1eaae0c1bbee73dfa7bd6cbd26077b405a501451,0.057,0.87,0.074,-0.0516
2025-04-15 10:00:42,The trade war uncovers new economies of scale: Morning Brief,Yahoo,https://finnhub.io/api/news?id=374445ee062228384d1d92bb71e564d467e9057aedaad22854d03186dbb43e9f,0.125,0.717,0.157,0.3071
2025-04-15 09:40:00,Wedgewood Partners Q1 2025 Client Letter,SeekingAlpha,https://finnhub.io/api/news?id=56be3eb2f6c91a694d4d0d21e4f32752030e9807e2ca442961040f0a680b6183,0.0,1.0,0.0,0.0
2025-04-15 09:37:33,Zuckerberg under legal pressure,Finnhub,https://finnhub.io/api/news?id=3e9b187b024fe9dae43e536f9f77a868b8e6dccb1550d070432c9c2c2ee1e86e,0.242,0.663,0.095,-0.7703
2025-04-15 08:47:09,"Trending tickers: Netflix, Meta, Ford, LVMH and B&M",Yahoo,https://finnhub.io/api/news?id=d3c242ab7f4aef713bee8a3a9f4fa7be7d72e02ae402363685463ec82a20b61e,0.0,1.0,0.0,0.0
2025-04-15 08:47:00,Not So Fast. Large Institutional Investors Still Care About DEI.,MarketWatch,https://finnhub.io/api/news?id=3fc9840f239302089506b9b89ebeedada111fbe91c093e5a4e2cb21b18212ace,0.0,0.738,0.262,0.7506
2025-04-15 08:45:00,Stock Market Whiplash: 3 Growth Stocks That Are No-Brainer Buys on the Bounce,Yahoo,https://finnhub.io/api/news?id=d23d7d9dfdd5c1f43faac1ebae2b1dd11bac568361f5f4df0bc53d748853b3f9,0.05,0.808,0.143,0.8126
2025-04-15 08:30:00,"Meta Platforms: Stock Collapses, Here's When To Buy (Rating Upgrade)",SeekingAlpha,https://finnhub.io/api/news?id=36ee7124b194347ecae37188446dfb873f43ebe2f38b0e46d398793f43a9bb03,0.049,0.651,0.3,0.8795
2025-04-15 02:06:53,Mark Zuckerberg’s day in court highlights one of the tech industry’s inconvenient truths,Yahoo,https://finnhub.io/api/news?id=999937c15eb071fbe2c06d0b0bc4902c8f0638cb153f3fd0cde9fe4a916a7040,0.054,0.882,0.063,0.1027
2025-04-15 01:36:05,Meta in antitrust trial that could force it to break off Instagram and WhatsApp,Yahoo,https://finnhub.io/api/news?id=34791035f49f2b4bcafb36abb5cad6c05c01aa7f46266d16ac18b518fa2e8273,0.0,1.0,0.0,0.0
2025-04-14 22:49:35,Mark Zuckerberg defends Meta’s social media acquisitions in first day of antitrust trial,Yahoo,https://finnhub.io/api/news?id=030df8911d0db65b291d4aaafb7e91b9413a1f6c951a15b72140c8d87d4a33a6,0.078,0.922,0.0,-0.4215
2025-04-14 22:22:40,‘Buy or bury’: What you need to know about the trial that could break up Mark Zuckerberg's empire,Yahoo,https://finnhub.io/api/news?id=06913b6f6fb598c4e2d94404b56c9d8162b18581f2ae4cf9704be6f86339b5bf,0.0,1.0,0.0,0.0
2025-04-14 21:33:52,Zuckerberg faces off with FTC as Meta antitrust trial resumes,Yahoo,https://finnhub.io/api/news?id=41858e42f6dbba616a8382b12cc717cdb13b7bd05fa4c8f64c2c974cc15a9fe8,0.085,0.869,0.046,-0.296
2025-04-14 21:33:52,Meta's Zuckerberg takes the stand in a government antitrust trial he hoped to avoid,Yahoo,https://finnhub.io/api/news?id=9b88085cc96cf645a0e1dd9d7447d0ba3cf773e57d25f7eb73762aff6a15a7e6,0.111,0.807,0.082,-0.2023
2025-04-14 21:24:13,Is Meta Platforms (META) the Best Tech Stock to Buy For Long-Term Investment?,Yahoo,https://finnhub.io/api/news?id=c9c30bf5f013779034922f9f6aa2bf7975eafd0ba249de191578229b52ee334d,0.0,0.889,0.111,0.8555
2025-04-14 20:04:18,Mark Zuckerberg takes the stand in fight to save tech empire from break-up,Yahoo,https://finnhub.io/api/news?id=2fda701fe77d31c8a4bee1249102a23c1a102591c360d2657c646ff6a921788b,0.057,0.873,0.07,0.1531
2025-04-14 19:42:54,Meta CEO Mark Zuckerberg takes stand in antitrust trial,Yahoo,https://finnhub.io/api/news?id=2e956891e397e2eb80d52410c024ab19a2d4253a334913abc31e8eeb98d0bb41,0.022,0.955,0.023,0.0056
2025-04-14 19:06:23,FTC chair weighs in on Meta antitrust trial,Yahoo,https://finnhub.io/api/news?id=a3c4492e6e23bcebd07520f24615d83b0c6e63399804f6fd9b34b7f3201441fe,0.0,1.0,0.0,0.0
2025-04-14 18:47:55,Meta Trains AI on EU Public Content as Market Headwinds Linger,Yahoo,https://finnhub.io/api/news?id=e53c07bb078f58913be9fde052d42e176eb660e171aced6185727b3d175b18fa,0.084,0.87,0.047,-0.2732
2025-04-14 18:27:33,Meta Antitrust Trial Begins That Could Force Instagram Sale,Yahoo,https://finnhub.io/api/news?id=069655b795845db91f26482a6297a76187445c94b53a45b5b958b30dd3ffa733,0.0,1.0,0.0,0.0
2025-04-14 18:02:00,Will Meta have to give up Instagram? A huge antitrust trial looks to upend social media.,MarketWatch,https://finnhub.io/api/news?id=0a62ccb5d174f87eccb6fabc0928aac8e9718b197a819cdea578c7d9a03bb098,0.0,0.858,0.142,0.6072
2025-04-14 17:34:00,"Meta Fights to Keep Instagram and WhatsApp, as Antitrust Trial Begins",DowJones,https://finnhub.io/api/news?id=71953abd832cea3f9b66a87acb809dd59f20b57f82ce5286df83d9750742f4e6,0.213,0.787,0.0,-0.6597
2025-04-14 17:25:56,Communications Services Up on Defensive Demand - Communications Services Roundup,Finnhub,https://finnhub.io/api/news?id=64be142cc289a163a97e64d6867f35aa2f7fd81e63a8099d9623bbeb5bb81139,0.031,0.902,0.066,0.1001
2025-04-14 17:06:38,"Reddit: Blood In The Streets, Tariffs Can't Stop This Growth Story",SeekingAlpha,https://finnhub.io/api/news?id=356727536fc413cf3d9720874f8d8ad1007193978044bc246a4487a06077f810,0.0,0.815,0.185,0.7571
2025-04-14 17:04:40,Meta Could Be Forced to Split Up,Finnhub,https://finnhub.io/api/news?id=f5d2e3f605280920e9851aaa8b31c696630af703486a8178982c2c565e85945a,0.141,0.827,0.032,-0.6705
2025-04-14 16:52:46,Did Meta Allow TikTok to Grow in Order to Dilute the FTC’s Antitrust Case?,Yahoo,https://finnhub.io/api/news?id=a0805542ca5e39ffe0fae5a551c798864e2f6fa41fffce8e4faa1ac0c996b01b,0.0,0.795,0.205,0.7351
2025-04-14 15:52:00,Meta’s Antitrust Trial Begins Today. Why It’s So Important.,Yahoo,https://finnhub.io/api/news?id=42460cd00adc74ae45559facf17c5e50376edf6f4094b7f9b33655bcb741b134,0.077,0.738,0.185,0.4527
2025-04-14 15:41:53,Meta Begins Training its AI Tools on EU User Data,Yahoo,https://finnhub.io/api/news?id=01b6ce1c8156e0bdc569c2963f95df122c91fe5dde845f5fca4a8ac6a20ef929,0.1,0.9,0.0,-0.2732
2025-04-14 15:22:21,Meta's Zuckerberg disputes US antitrust case in trial testimony,Finnhub,https://finnhub.io/api/news?id=078643ade5395fb2cad69d3d6145cc464d0596b5704d44b0743c9640f6cc7e23,0.052,0.948,0.0,-0.2732
2025-04-14 15:08:28,Why Meta's antitrust trial is an 'uphill battle' for the FTC,Yahoo,https://finnhub.io/api/news?id=a7f33005d929b716476bcc07effb2efecca30fd05c9b566bdec38a45edf3929c,0.062,0.861,0.077,0.1027
2025-04-14 15:03:57,Meta to start training its AI models on public content in the EU,Yahoo,https://finnhub.io/api/news?id=e9f3ed74f6d897b14d86944f63e93ceed0aabed0f8165a584b0af42c401c8762,0.038,0.947,0.014,-0.3818
2025-04-14 15:01:25,Mark Zuckerberg’s empire faces an existential threat,Yahoo,https://finnhub.io/api/news?id=d25d9fb92562fe92642394ca472b80d0269a73e17c6ab046b78c0e425c98594c,0.185,0.815,0.0,-0.5267
2025-04-14 14:35:40,"Nvidia commits $500 billion to AI infrastructure buildout in US, will bring supercomputer production to Texas",Yahoo,https://finnhub.io/api/news?id=ed1372909302a54b1bbc97818cd85263d7fc90fd104a2c638b2ce54b9092228e,0.0,0.97,0.03,0.0258
2025-04-14 14:09:29,Meta says it will resume AI training with public content from European users,Yahoo,https://finnhub.io/api/news?id=b6ca64ebe30cbb8f76d2615606433e718c1d28fa465854832a56964cfeac0503,0.0,0.904,0.096,0.872
2025-04-14 13:57:43,"Meta Platforms, Inc. (META): A Bull Case Theory",Yahoo,https://finnhub.io/api/news?id=7202ebc17481d0bd7ea67de6716a95a342f17e402890828c1afdb92ee20d5f3d,0.0,0.9,0.1,0.7184
2025-04-14 13:41:48,Meta's Zuckerberg takes the stand at US antitrust trial,Finnhub,https://finnhub.io/api/news?id=fc83d7dcd6f02a54eaaa36d2465c9357397064136d4960de4a0ec6d8bd2ce286,0.0,1.0,0.0,0.0
2025-04-14 13:35:22,9 Communication Services Stocks Whale Activity In Today's Session,Benzinga,https://finnhub.io/api/news?id=b7d09038c45e96780f5352e3f2588041e78d5f54c995c001baae2e78ce5e46fb,0.0,1.0,0.0,0.0
2025-04-14 13:29:39,"Meta Platforms, Inc. (META): AI Momentum Builds Around Llama 4 and Agentic Tech Ahead of Q2 Surge",Yahoo,https://finnhub.io/api/news?id=961c4af6221030a11811bb53af437de445432e8ba923af61f4ce2f8e5b83c519,0.032,0.968,0.0,-0.34
2025-04-14 13:21:37,Meta's Blockbuster FTC Antitrust Trial Kicks Off. Meta Stock Edges Higher After Tariff News.,Yahoo,https://finnhub.io/api/news?id=fbdb4d2b991b28e790efdbf2ff3d9cce70b9c1806fcba49fd90c35c729590070,0.059,0.897,0.044,-0.0772
2025-04-14 13:18:37,Microsoft: A Defensive Fortress In The Tariff Storm,SeekingAlpha,https://finnhub.io/api/news?id=6a4c6fe033bf6989a591a6af46dd81b1f3440a0600273ba8098dd76eb978ec94,0.0,0.864,0.136,0.0258
2025-04-14 13:11:17,"Tariff exemptions, Goldman Sachs earnings, Meta trial: 3 Things",Yahoo,https://finnhub.io/api/news?id=ed865c9c4ee963d0b7aa5803d0be48dfe1d7556ede723a1e870e2929018dbf1b,0.028,0.932,0.04,0.0258
2025-04-14 13:05:49,Meta (META) Drops Llama 4 – But Bank of America Cools Target Over Ad Pressure & Tariff Fears,Yahoo,https://finnhub.io/api/news?id=eecd7d5cc26ba92e6512f843440260db9edd35557df1a4a2e51a162be93da17f,0.143,0.857,0.0,-0.9161
2025-04-14 13:05:00,Can Meta Platforms' Expanding AI Focus Push the Stock Higher?,Yahoo,https://finnhub.io/api/news?id=4ee45b6e964058f110412a610904ea991ba89e32f5e0137e28d784165d5f489b,0.0,0.752,0.248,0.7845
2025-04-14 12:54:23,Apple leads tech stocks higher on Trump's temporary tech tariff reprieve,Yahoo,https://finnhub.io/api/news?id=44febe897346cf1c053012358e4a6fd3af3bfe3e1b6677353011c9eb4965ab97,0.0,0.821,0.179,0.802
2025-04-14 12:52:35,Citi cuts internet stock targets amid tariffs and softer macro,Yahoo,https://finnhub.io/api/news?id=518df1d6440acc0748f4d3c81bbb6fd816d6fa5f90a48b48c6bb54b9aaf80e51,0.226,0.774,0.0,-0.8655
2025-04-14 12:17:57,"Live On CNBC, Steve Weiss Announces Bought More Netflix, Taiwan Semiconductor Manufacturing, NVIDIA, Meta Platforms, Leidos Holdings, The Goldman Sachs Group",Benzinga,https://finnhub.io/api/news?id=44085e9276ac76f9d857ecccecd97fbd8c3c08fbebf2bd16362be7a38bc951b8,0.0,1.0,0.0,0.0
2025-04-14 11:45:43,Young Banker Holding $58K Portfolio Sees Red – 'Reallocate Into VOO Or Hold On To It And Ride It Out?' – Reddit Explodes,Benzinga,https://finnhub.io/api/news?id=7a3bcfac51c3c0933a59246fd5573ed73a2c898340ef92939e2fa45260bda79c,0.0,0.946,0.054,0.2382
2025-04-14 11:45:12,Nvidia: Buy The Leader When Risk-Off Sentiment Eases (Rating Upgrade),SeekingAlpha,https://finnhub.io/api/news?id=b2464b33f359ed45af7e160575bd79b995f96c24a0eddbcd6ec633c8fdb9fdaa,0.041,0.824,0.135,0.5267
2025-04-14 11:26:00,Distillate Capital Q1 2025 Letter To Investors,SeekingAlpha,https://finnhub.io/api/news?id=6b0c0b9f146a2738378fd6c1ffc149108197ce56a0f1b136dbe5854217b12d88,0.0,1.0,0.0,0.0
2025-04-14 11:07:00,Stripe CEO to become a Meta director,Yahoo,https://finnhub.io/api/news?id=e929fcdd87bb97a9bedbb4f1ed7f734a29566166e89f434a36cd9f61c33e8a46,0.0,0.939,0.061,0.296
2025-04-14 10:30:00,AIPI: Not Convinced Of The Fund's Strategy,SeekingAlpha,https://finnhub.io/api/news?id=7cd69dab1a03726fd5f3c724ae9ecbdcfc451e3938bb5c585768db33b94f00cc,0.273,0.727,0.0,-0.3089
2025-04-14 10:00:39,"Facebook owner Meta bought Instagram, WhatsApp instead of competing, FTC says at trial",Finnhub,https://finnhub.io/api/news?id=4ceb520a3261cd0846530cc304839f3f2e6bfbe90379ccea6ddc97793738c2f4,0.073,0.927,0.0,-0.5106
2025-04-14 09:44:05,Meta faces landmark trial which could break up its tech empire,Yahoo,https://finnhub.io/api/news?id=fd1a813a27eafc0dbb75bf19870cc977078ae5df367d0a080a326b3183e89e09,0.0,0.958,0.042,0.0772
2025-04-14 09:22:34,"Top 10 Trending Stocks On WallStreetBets As Of April 14, 2025 (Via Swaggy Stocks)",Benzinga,https://finnhub.io/api/news?id=646c39d9ffe3d22b3622be1670ee390defbbb478550d8bee0580661ba8d2b19d,0.0,0.886,0.114,0.2023
2025-04-14 08:51:00,"3 Beaten-Down ""Magnificent Seven"" Stocks to Buy and Hold",Yahoo,https://finnhub.io/api/news?id=af429e0d8e6b9216f26c5ec7aaf84d95d6d61e528ffc3632722d7919de3236f9,0.0,0.867,0.133,0.802
2025-04-14 07:06:23,5 Stocks In The Spotlight From Wall Street's Most Accurate Analysts Last Week,Benzinga,https://finnhub.io/api/news?id=1821fe705345a96ad8db7d257f60e05218a2af54248c4c2933670bc18146936c,0.0,1.0,0.0,0.0
2025-04-14 06:48:17,"Stocks up, China warns on British Steel dispute",Finnhub,https://finnhub.io/api/news?id=90a91aff5e029df0c7d8aaef61b7f1e623ab76c5d4e8cec882ea176fabadd3dd,0.14,0.86,0.0,-0.6369
2025-04-14 06:00:26,Meta: FTC opens antitrust trial,Finnhub,https://finnhub.io/api/news?id=65ee4bd875eae17a2e8a3ba9722c58fe873e0b99361e725c9038b6fcd8adfb64,0.095,0.905,0.0,-0.4404
2025-04-14 02:08:48,"Meta faces historic antitrust trial that could force it to break off Instagram, WhatsApp",Yahoo,https://finnhub.io/api/news?id=11edb9fc8443c3f7b6c35089f8be4419d2c41b96169a165be0ccfa53ce1ae447,0.0,0.938,0.062,0.7264
2025-04-13 21:19:33,"Alphabet May Become The Largest Company In The World, Here's How",SeekingAlpha,https://finnhub.io/api/news?id=b437efb93217ac04155848658e9974d3560f198ebeb0fddd8ceaa26ad44e1648,0.0,0.968,0.032,0.0772
2025-04-13 17:29:00,Wall Street Brunch: Tariffs For Some,SeekingAlpha,https://finnhub.io/api/news?id=7c11b94ca2ec4942e1949dd9656f37c2fac1ebf3dc53b86380efeaffccad9341,0.0,1.0,0.0,0.0
2025-04-13 09:30:26,"Software Engineer Making $9,000 a Month in Dividends Shares Portfolio, Says He 'YOLO'd Tech Stocks in IRA'",Benzinga,https://finnhub.io/api/news?id=bdfd48d1f25d5ebcef79099937d354ec26a069d6622101457146a19c7d2f5aae,0.0,0.879,0.121,0.296
2025-04-12 23:59:00,"Meta Platforms: Selloff Overdone, Strong Buy",SeekingAlpha,https://finnhub.io/api/news?id=749c4294f18599055fcbfc09373ba4ce0c73d75e80fd06b3422e19e25021c2f4,0.0,0.602,0.398,0.5106
2025-04-12 17:23:41,"Meta Platforms (NasdaqGS:META) Expands Board, Welcomes Industry Leaders Dina Powell McCormick and Patrick Collison",Yahoo,https://finnhub.io/api/news?id=ca6cd8e2027c65b9f7677c02d67967cfd71a1819ab4b5f8ebc5f0cc79c6604df,0.0,0.898,0.102,0.7964
2025-04-12 14:00:19,Mark Zuckerberg's empire at stake as Meta prepares to battle Trump's antitrust cops in court,Yahoo,https://finnhub.io/api/news?id=55f2d5976866b96d1bd1a65933e4714cb3f4b0134d7b61549dd1178b47bc1edf,0.088,0.861,0.051,-0.296
2025-04-12 12:46:14,Is Meta Platforms Inc. (NASDAQ:META) a NASDAQ Stock with the Highest Upside Potential?,Yahoo,https://finnhub.io/api/news?id=7a1c3163c786166f71ffd0b6b25182de850c485671d29620e8a7d65439351a0d,0.0,0.969,0.031,0.296
2025-04-12 12:00:05,'Global diversification is back' as US exceptionalism fades,Yahoo,https://finnhub.io/api/news?id=454860e7dc0dc7f18960f1583184ddfd69655d29340afa185749ec311bdbb981,0.032,0.868,0.1,0.7732
2025-04-12 11:00:00,"Goldman Sachs, J&J, To Report Earnings As Investors Watch Out For Retail Sales Data",SeekingAlpha,https://finnhub.io/api/news?id=b70116013298834748f4a12f97a5843422715d67cbee0366197a479831bae39b,0.0,1.0,0.0,0.0
2025-04-12 09:00:00,Meta’s Tariff Troubles Are Contained. Other Problems May Not Be.,Yahoo,https://finnhub.io/api/news?id=bc58fbf3711d9722de30565684273e8602c9083a5ad1bd3f9c406705163fdd77,0.337,0.663,0.0,-0.8655
2025-04-12 06:08:58,Tariff Panic? Why I'm Buying More Microsoft While Others Sell,SeekingAlpha,https://finnhub.io/api/news?id=e1faf76d944afb070c7366ed911f1b5e7ab6d29a8477ba3a3cef3ffb0e3ece0c,0.268,0.732,0.0,-0.5106
2025-04-12 05:47:25,5 Key Investment Trends To Watch For The Next Decade,SeekingAlpha,https://finnhub.io/api/news?id=5f1c35104f03d7603b4f8aacc4a4d057adaabe6f0ff56355ead1941caff35a52,0.0,1.0,0.0,0.0
2025-04-12 01:04:05,"Statistics Reveal How Far Behind Meta Is Against Top AI Competitors, It's Not Even Close",SeekingAlpha,https://finnhub.io/api/news?id=2a472d818768d9a9f92c8df711d0b0f24105eb322ae1548b538f333dc2d63256,0.098,0.81,0.092,-0.0772
2025-04-12 00:46:47,Missed Meta In 2023? This Might Be Your Second Chance,SeekingAlpha,https://finnhub.io/api/news?id=d971437432adf655aab0596ea8ecf413758c95d701733207238520c095fdbb93,0.11,0.673,0.217,0.5856
2025-04-11 23:29:00,"Apple Stock’s Resilience Means This Is an Opportunity, Says BofA. Plus, Meta, Occidental, and More.",Yahoo,https://finnhub.io/api/news?id=6a12d218178a2619bcb1b7f8bc3dd3a2cbc0968886249d317d9c13ad3f36dd18,0.0,0.947,0.053,0.4215
2025-04-11 23:02:22,"FuriosaAI Turns Down Meta's $800M Bid To Go Rogue With RNGD, As AI Chip War Between Nvidia, Google, And Meta Heats Up",Yahoo,https://finnhub.io/api/news?id=0f3d91f1c63901ec88ce6eae36c8a8f075d00968157f89cfd32f1eeaf0d847f6,0.039,0.889,0.072,0.3278
2025-04-11 23:00:23,"Meta's antitrust case, retail sales, housing data: What to Watch",Yahoo,https://finnhub.io/api/news?id=1ce5acb5d6d8599752990152ba85ea10e4f703d8cef1bdd32a1f80ef410408f4,0.016,0.904,0.081,0.7369
2025-04-11 22:42:56,"Meta to add Dina Powell McCormick, Patrick Collison to board",Yahoo,https://finnhub.io/api/news?id=da36a8a8a06aecfa92087f3b9c47080838367d066c546e161da7eff67437e7b4,0.0,0.963,0.037,0.34
2025-04-11 20:17:07,Correction to Meta Platforms Article,Finnhub,https://finnhub.io/api/news?id=5a14b1300eaf87c3669b8156d7875c21514fb4dcfa95bf98d003da82183370ca,0.0,1.0,0.0,0.0
2025-04-11 19:10:04,Meta Platforms : Patrick Collison and Dina Powell McCormick to Join Meta Board of Directors,Finnhub,https://finnhub.io/api/news?id=ff0dbbead6bb7d5b760abdbcac32c941cc28497443054ad0d02642f3fbd9d87a,0.0,0.885,0.115,0.5267
2025-04-11 19:00:00,META Introduces New Teen Safety Tools: How Safe is the Stock for You?,Yahoo,https://finnhub.io/api/news?id=303021a09ab16ce0de833aef25f68d73ea5517b1994c05a5e5ffcd2654aefd58,0.0,0.665,0.335,0.9392
2025-04-11 18:08:57,"Is Meta Platforms, Inc. (META) the Best Stock for 15 Years?",Yahoo,https://finnhub.io/api/news?id=160dd3ad30abb322beb9fa859aa5372ea5b6f3352a9ee859c02b6631019a896f,0.0,0.836,0.164,0.9274
2025-04-11 17:59:10,"Meta Increases Board Size with Appointment of Collison, Powell McCormick",Finnhub,https://finnhub.io/api/news?id=9baa90363514193be84c8b5c11517b8867a903293156a953a9661ea265f5d24c,0.0,1.0,0.0,0.0
2025-04-11 16:44:29,Meta: Market Turmoil To Create Buying Opportunity,SeekingAlpha,https://finnhub.io/api/news?id=e9e641565e433d16d72e83e6ff3591d7540fa026d63fa3e54ee3b2888607fb4b,0.219,0.351,0.43,0.34
2025-04-11 16:05:02,Meta antitrust trial: Everything you need to know,Yahoo,https://finnhub.io/api/news?id=1adb59588828a6a68363d972daf5e59e7cd61a96621cba3c2f61a08c99b4743e,0.061,0.921,0.018,-0.5719
2025-04-11 14:59:03,"UBS Slashes Meta Price Target to $650, Citing 2025 Ad Budget Risk",Yahoo,https://finnhub.io/api/news?id=84f128e9baf952fb409906ba443d939b1e93cb495e38b732954c3ec1efe1deda,0.231,0.769,0.0,-0.6124
2025-04-11 12:31:00,Did you just get a $40.67 payment from Facebook? Here’s an update on those lawsuit settlement checks,Yahoo,https://finnhub.io/api/news?id=be4bce7a8569210fee3cdee06464ef29ea8a27ca07d8c9bf27f96a53df97d5ff,0.14,0.86,0.0,-0.6369
2025-04-11 12:24:35,"Jim Cramer’s Take on Meta Platforms, Inc. (META): Has This AI-Driven Giant Fallen Too Far?",Yahoo,https://finnhub.io/api/news?id=788b7d3570d38d6863eea29838421d628caea083566fda09db338fe849171e1a,0.077,0.923,0.0,-0.7003
2025-04-11 08:19:02,"Dow Jones Futures Volatile As Yields, Dollar Raise Concerns; JPMorgan Beats, Inflation Reports Due",DowJones,https://finnhub.io/api/news?id=16fedb4fccd25c81f27b43633f8ca1c647c902a21f640ff6030c8aefef75bfc0,0.0,1.0,0.0,0.0
2025-04-11 08:18:00,Should You Buy Meta Platforms Stock Before April 30?,Yahoo,https://finnhub.io/api/news?id=0d2e3725e9d77663e368e4341383152c6739e56705892d63e639decaed68dd5c,0.0,0.88,0.12,0.9013
2025-04-11 08:15:00,Warning For SCHD Investors: Tariffs Are A Major Risk,SeekingAlpha,https://finnhub.io/api/news?id=ce64faef5d8491da1826cf994e1f689a332e53ea257d21af991eb4bc2a897c0c,0.276,0.724,0.0,-0.8268
2025-04-11 04:00:40,OpenAI slashes AI model safety testing time,Yahoo,https://finnhub.io/api/news?id=1683860394f3a38ea4f3b0a78178c1e72f8c13de2e31b4985a025900b606a984,0.097,0.602,0.301,0.8316
2025-04-26 21:04:09,"Meta Platforms, Inc. (META): Among the Best Safe Stocks to Buy According to Hedge Funds",Yahoo,https://finnhub.io/api/news?id=fe5859f44c2a297d41958a0f19d0898ed2a0ac39cb5ca7b948a62303becd8d3b,0.0,0.753,0.247,0.9694
2025-04-26 21:00:00,A Reckoning for the Magnificent Seven Tests the Market,DowJones,https://finnhub.io/api/news?id=d78fd119338fb90f20a8064840587a7090ab5f158c24169586a43d92f7aeb806,0.0,0.672,0.328,0.8316
2025-04-26 20:30:00,Meta’s ‘Digital Companions’ Will Talk Sex With Users—Even Children,DowJones,https://finnhub.io/api/news?id=ae7ac52cab813136202d4976e0d7ec7e63baa03672db7a71e56a4e6f652e89fd,0.0,1.0,0.0,0.0
2025-04-26 17:26:12,Meta Platforms (NasdaqGS:META) Collaborates With Booz Allen To Pioneer AI-Powered Space Tech,Yahoo,https://finnhub.io/api/news?id=6a3543ef48c92ace27da8035f7bce2e8b7a8b34d068c17dc809580b4602ccf06,0.0,0.927,0.073,0.743
2025-04-26 17:10:51,Trump Administration Pressures Europe to Ditch AI Rulebook,Yahoo,https://finnhub.io/api/news?id=b372129e011fd0cd8fe42e86ecf14cf8e4be72d4067a349ccb4eb79a7860aedf,0.083,0.827,0.09,0.1531
2025-04-26 15:03:00,2 Magnificent Artificial Intelligence (AI) Stocks to Consider Buying Before April 30,Yahoo,https://finnhub.io/api/news?id=157c9351caa3e46b5e625117cf8db250099f63b4409ffb60d4a6b57693cb9cd5,0.0,0.781,0.219,0.7906
2025-04-26 12:16:00,"Meta Platforms, Inc. (META) Surges Into AI Race With Billion-User Assistant and Expanding LLaMA Models",Yahoo,https://finnhub.io/api/news?id=d8b687391e9a7f82bd4fec5ec6d54987256cbda63992081b4d89d95652595068,0.0,0.958,0.042,0.4767
2025-04-26 11:00:00,"Microsoft, Apple Set To Report Earnings As Markets Watch Out For Core PCE Price Index",SeekingAlpha,https://finnhub.io/api/news?id=d78c26e18c68b7705191062a2c17e2e55a608a8277fc05a553bb1186f0311979,0.0,1.0,0.0,0.0
2025-04-26 09:59:36,The Weekend: When signs of a US-China trade deal brought relief to anxious markets,Yahoo,https://finnhub.io/api/news?id=98506be144b38016c6ad70b440cad73f12e7f7502ed479b5c5c6bddcc2cf34d4,0.064,0.836,0.1,0.2732
2025-04-26 09:00:00,What Analysts Think of Meta Platforms Stock Ahead of Earnings,Yahoo,https://finnhub.io/api/news?id=03d8f10876a719397a8ef70952283ee6351b62669998c22fe6e939fec6ba2cb5,0.113,0.85,0.037,-0.4588
2025-04-26 08:08:01,"Benzinga Bulls And Bears: Netflix, Novavax, Intel — And The Market Begins To Bounce Back",Benzinga,https://finnhub.io/api/news?id=6ab804d477e6cacac2a97542ab5b4a443f8db69981bec7e3d4d3b3eb8d54e72c,0.0,0.833,0.167,0.7184
2025-04-26 08:00:00,5 Best CEFs This Month For Yields Up To 15% (April 2025),SeekingAlpha,https://finnhub.io/api/news?id=92f6fde472f0f7d1aad43f00c3e261e9356d999b83967de91340ac47aa791c2d,0.0,0.726,0.274,0.8834
2025-04-26 03:39:55,"Cathie Wood's Ark Invest Loads Up On Intellia Therapeutics, Offloads Meta Platforms",Benzinga,https://finnhub.io/api/news?id=58691ddf58eb451800ea90c70fb8896da3ff296bd59508d5217f97124f65689a,0.0,0.954,0.046,0.2023
2025-04-26 00:53:46,Singapore orders foreigners' Facebook posts taken down under new election rules,Finnhub,https://finnhub.io/api/news?id=f6b1042e3c7c3dfe5d60496ba5cf8342552356a24290973a5b4e40fba788b3db,0.129,0.871,0.0,-0.6705
2025-04-26 00:00:00,Tech Workers Are Just Like the Rest of Us: Miserable at Work,Yahoo,https://finnhub.io/api/news?id=014c5a0dc7b717dbd5b9f3ca0a1e136abd49f3b0d1714a6fe540a256b962805a,0.079,0.817,0.104,-0.0
2025-04-25 23:00:00,"Mag 7 earnings, PCE data, April jobs report: What to Watch",Yahoo,https://finnhub.io/api/news?id=59c61d12412778543bf0ca19db22486da6131fde64f982e54d339d6cd0278926,0.015,0.906,0.079,0.7522
2025-04-25 20:36:17,Is Meta Platforms Inc. (NASDAQ:META) the Most Promising Stock According to Analysts?,Yahoo,https://finnhub.io/api/news?id=ca6e9aebfe2dee4a465f37aac49792b272c42a6cd586e29ab17d88e39a496282,0.0,0.882,0.118,0.8265
2025-04-25 19:56:21,Tariff uncertainty creeps into tech earnings,Yahoo,https://finnhub.io/api/news?id=74cba4a3ec7eb128079cd94763c2ff969e5ec72cc9989f25d4d340d01a6f64b3,0.146,0.854,0.0,-0.34
2025-04-25 19:00:00,Families demand action from Meta over children’s deaths linked to platform harm,Yahoo,https://finnhub.io/api/news?id=51d9fd848e9543549d2bc4bec5360ede41cb522c8ccfee5487d56dec2dae4226,0.2,0.8,0.0,-0.6124
2025-04-25 17:45:55,Meta Platforms (NasdaqGS:META) Partners With Booz Allen For AI-Powered Space Tech Innovation,Yahoo,https://finnhub.io/api/news?id=de54b3f1a1451eb8d65ee4bfadf131dbad13dc948a7e234201fa9899e3c57615,0.0,0.861,0.139,0.8948
2025-04-25 16:08:25,QQQ: Nasdaq 100 Is Still A Bubble - Sell,SeekingAlpha,https://finnhub.io/api/news?id=de978dde57dbc9260845d12f628076cf2a8ee1cb666566f0d37da0c7d08fb874,0.0,1.0,0.0,0.0
2025-04-25 16:00:32,Wall Street Shuffle: Game On For Nvidia And Tesla — And Game Over For These Stocks?,DowJones,https://finnhub.io/api/news?id=31511f34c2a18d4c324707a6aace106f74014164897d191b3d58b858818e0caa,0.0,1.0,0.0,0.0
2025-04-25 15:42:51,"Top Midday Stories: Alphabet Q1 Earnings, Revenue Rise; Apple Reportedly Plans to Shift US iPhone Production to India",Yahoo,https://finnhub.io/api/news?id=156fda18f3fbb035629eb24ab9aea52b07d9daf7a5ed8c55315d2a6e8c365885,0.0,0.945,0.055,0.2023
2025-04-25 15:17:27,"Alphabet Q1 beat, Meta Reality Lab layoffs, Intel's weak outlook",Yahoo,https://finnhub.io/api/news?id=9f508b344fa0ca1011155346dcf035d94c9be36bbf7ea7f146e5521a1f0df293,0.066,0.881,0.053,-0.2732
2025-04-25 14:54:08,"Meta Stock Struggles, Tries To Bottom Ahead Of Q1 Results; These Growth Stocks Look  Much Stronger",Yahoo,https://finnhub.io/api/news?id=97dc22c0e9dfd95f6efa1a81cf39c74839db5515b3bf829dca98e793cf06205f,0.056,0.788,0.155,0.5267
2025-04-25 14:41:46,"Tencent & Pony AI, Waymo, Meta job cuts: Trending Tickers",Yahoo,https://finnhub.io/api/news?id=5c917833e175b30e23a8d1c76dc7a5c2ff33a78c6eaa4627c7c8e83e517e17a8,0.055,0.945,0.0,-0.5106
2025-04-25 14:41:00,"Reddit, Meta, and Pinterest Stocks Rise. How Alphabet’s Earnings Are Giving Them a Boost.",Yahoo,https://finnhub.io/api/news?id=bb04213f2146203a31130419aa414c05dff9fc064188e81f01c670c6d1932b7d,0.0,0.793,0.207,0.9618
2025-04-25 14:39:22,Big Tech ETF rallies Friday to accelerate strong weekly advance,MarketWatch,https://finnhub.io/api/news?id=2ae32e98caa83db2ae8cf7dc39c1b04b7c3ef61f7d23f56ad16f1c7be6a8371e,0.0,0.732,0.268,0.765
2025-04-25 14:18:50,"Nigerian tribunal upholds $220 million fine against Meta for violating consumer, data laws",Finnhub,https://finnhub.io/api/news?id=a47daec5de96708adedde9b776f15b84b732b4a977d712e6985c61f5f6cc0dc5,0.193,0.733,0.073,-0.7845
2025-04-25 14:05:00,Earnings Dominating But Don't Sleep On Economic Data,SeekingAlpha,https://finnhub.io/api/news?id=ac09231e566caaa6b2229e3eeaf5f1acfdd5f8ed4f77322f937e5f54ebd72f90,0.164,0.71,0.125,-0.2617
2025-04-25 13:44:54,"Stocks to Watch on Friday: Alphabet, AbbVie, T-Mobile, Skechers",Yahoo,https://finnhub.io/api/news?id=20d572cf9b416b19d2940e6d433b3a8166713c78688cd7e4d2216336751e5503,0.0,0.944,0.056,0.296
2025-04-25 13:37:59,Google Says End of U.S. Trade Loophole to Pose Headwind,Yahoo,https://finnhub.io/api/news?id=6e71c6fbee05b50379fe706c9d026de97ea15315f0a8ff0399315ccd829e0d82,0.058,0.942,0.0,-0.3586
2025-04-25 13:15:22,What Analyst Projections for Key Metrics Reveal About Meta Platforms (META) Q1 Earnings,Yahoo,https://finnhub.io/api/news?id=49e5f5cc17e15905b6957b6d77532daabecb68f5cece27cbdc4d24dcf8921faf,0.0,0.964,0.036,0.2023
2025-04-25 12:40:20,"You Might Not See Waymo Coming, But I Do: Maintaining Alphabet With A Buy",SeekingAlpha,https://finnhub.io/api/news?id=e0c0f39e2de301120cea24203342bc8feb29697141e1e8afdc14721defb17643,0.0,0.922,0.078,0.5267
2025-04-25 12:09:54,Alphabet: Cloud And Waymo Ready To Take Up The Growth Baton,SeekingAlpha,https://finnhub.io/api/news?id=59f62e449eff9069a049be4f5f4722e1e38e90df1c95bcfb8e4718c2b862152f,0.03,0.71,0.26,0.8548
2025-04-25 11:03:21,Are Magnificent 7 stocks still worth the hype? Here's how readers voted,Yahoo,https://finnhub.io/api/news?id=79d7138a0013bbcc374ff9cd6c2492b1978fc3c194c8ac0bad241c51d2c32361,0.0,0.672,0.328,0.9042
2025-04-25 10:54:32,"S&P 500, Magnificent 7 Hit Resistance: Analyst Warns Of More Pain Before Gain",Benzinga,https://finnhub.io/api/news?id=13d9b9b863c6aad0849d6277e03f3275d5670934a165915292b858f8ff76aa19,0.173,0.62,0.207,0.3758
2025-04-25 09:58:09,"Trending tickers: Alphabet, Intel, Meta, Novo Nordisk and WPP",Yahoo,https://finnhub.io/api/news?id=3411bcd7105bf5bec76b17c0d3d372e0230a51ea1cd19af706245d68cbb46640,0.0,1.0,0.0,0.0
2025-04-25 09:20:17,Meta lays off employees in Reality Labs division – report,Yahoo,https://finnhub.io/api/news?id=baea00984114c867ae2c9f2d444867d817abc117b2f9923d838f46afec4dd055,0.065,0.935,0.0,-0.1531
2025-04-25 08:52:57,Apple and Meta fined a combined £600m for breaching EU competition rules,Yahoo,https://finnhub.io/api/news?id=9ad525b46b05f9bfb48f4cd960bf9de7984f3bd9cfc88368cae408614a7fe820,0.0,1.0,0.0,0.0
2025-04-25 08:26:19,Meta: Why I'm Doubling Down Before Q1 Earnings,SeekingAlpha,https://finnhub.io/api/news?id=6dcbb06cb0246c11108c25ac60b93e949e1e777e3ecfdd2407474830782c9af2,0.141,0.762,0.097,-0.128
2025-04-25 07:37:00,Temu's Tariff Troubles Could Throttle Meta's Growth,Yahoo,https://finnhub.io/api/news?id=157fc985439ef617fa8a9b2c8d6f4be2801c3c46403467bc677ff397562d47aa,0.153,0.714,0.133,-0.1027
2025-04-25 07:20:00,Google Gives Stock Markets Hope of a Big Tech Comeback and 5 Other Things to Know Today,MarketWatch,https://finnhub.io/api/news?id=fa40c7df7fac86466e69804f89e401fd7e532ebaca891b039de856e915e01e0b,0.0,0.847,0.153,0.7003
2025-04-25 05:00:19,"Stocks to watch next week: Apple, Microsoft, Shell, HSBC, Lloyds and AstraZeneca",Yahoo,https://finnhub.io/api/news?id=ca9edd4559b6c0357af687f6e1cde0db5177f361a0cc944c63fa7a6a219797cd,0.0,1.0,0.0,0.0
2025-04-24 22:55:18,Meta Lays Off Reality Labs Employees,Yahoo,https://finnhub.io/api/news?id=c09d7e62ac40087abaf4955012a03c99094360c719f745ae214404b53973e689,0.132,0.868,0.0,-0.4215
2025-04-24 20:50:39,Alphabet’s (NASDAQ:GOOGL) Q1: Beats On Revenue,Yahoo,https://finnhub.io/api/news?id=344a873c3444f19184ae1680070e41abc121d0aa6249a983453dfd3211cfb43c,0.0,0.882,0.118,0.6249
2025-04-24 19:55:11,Apple to Strip Secret Robotics Unit From AI Chief Weeks After Moving Siri,Yahoo,https://finnhub.io/api/news?id=cc88411905b52bbabdda5842b0d50f8f3826e1f0afbca39233d6c6531ead771a,0.026,0.852,0.123,0.8519
2025-04-24 19:41:33,Meta cuts jobs at its Reality Labs division,Yahoo,https://finnhub.io/api/news?id=75e237c0399d3648fe73272de8cfed0b1e5ae280e89790ae8dc7a46960f89ecd,0.062,0.901,0.037,-0.2263
2025-04-24 18:38:01,Meta and other ad-reliant stocks are rising alongside Alphabet,MarketWatch,https://finnhub.io/api/news?id=4a9c3b8086f90a341e097846223dc79e69113aab5d05a04e9d4ff9a4096c9695,0.0,1.0,0.0,0.0
2025-04-24 18:33:00,Instagram co-founder reveals shocking truth about Mark Zuckerberg,Yahoo,https://finnhub.io/api/news?id=a4cf30c5280090689a95d619af20124401c6c4a072852e30e4238e3c623391ce,0.14,0.674,0.187,-0.0258
2025-04-24 18:00:00,"Alphabet Q1: Beat And Dividend Raise, The Best Mag 7 Value By A Long Shot",SeekingAlpha,https://finnhub.io/api/news?id=fa8e22cafb2697983c7c91e1024a6a0badf6d644ff87644e095641e73206f40e,0.0,0.651,0.349,0.9531
2025-04-24 17:41:00,Trump’s Rearview Antitrust Battles,DowJones,https://finnhub.io/api/news?id=6d920b3a6802abe2440bb5a875ff258665bb30317487db44ffecdcce0fbe20d4,0.464,0.536,0.0,-0.6369
2025-04-24 17:17:33,Facebook cracks down on spammy content by cutting reach and monetization,Yahoo,https://finnhub.io/api/news?id=61c42a6e43ef6fff211bab2b544018d0796860452f94fde6c134b34ca9deb27d,0.064,0.799,0.136,0.7506
2025-04-24 17:01:34,Meta Updates Dynamic Labels for Advantage+ Catalog Ads,Yahoo,https://finnhub.io/api/news?id=2724934b7a14707f3c6e55943190cf7cc9cb50dbddbedcd4cdf5785ed632884a,0.0,0.645,0.355,0.6808
2025-04-24 17:00:12,"Chesapeake Utilities: Good Growth Prospects, But Very Richly Valued",SeekingAlpha,https://finnhub.io/api/news?id=9281b63bbc2ebbf9e896dbcb1eb9548d7b8fa25b04ce7ebf166f9d6057a76ee1,0.0,0.554,0.446,0.959
2025-04-24 16:04:09,Facebook Announces New Measures to Combat Spam Posts and Comments,Yahoo,https://finnhub.io/api/news?id=2258c8fab6c7a5366fa58f8297e416b81f4aee3ad3dff7349e6549be71c4fc5e,0.313,0.687,0.0,-0.743
2025-04-24 15:37:18,EU Hits Apple and Meta With $684 Million in Fines Over Tech Rules,Yahoo,https://finnhub.io/api/news?id=52d43db8b299ec5bccb03ba2fb0ade59d9c789c4f241c0433eb32c14b2cb7076,0.0,1.0,0.0,0.0
2025-04-24 15:31:24,Meta’s Threads opens up ads to global advertisers,Yahoo,https://finnhub.io/api/news?id=ff282a85c556f998f744ff92b5ad80c14068e6cc9e632f2be77f43aa856f44d1,0.0,0.859,0.141,0.9118
2025-04-24 12:15:45,"Wall Street Debates Meta's Temu, China Tariff Risk Ahead Of Earnings Report",Yahoo,https://finnhub.io/api/news?id=7ec0927facca813fedb892a1e97e6c190c508ac3911a714f535264721fa0f5b7,0.148,0.788,0.064,-0.5267
2025-04-24 11:53:00,5 Monster Stocks -- Such as Ford -- to Hold for the Next 10 Years,Yahoo,https://finnhub.io/api/news?id=6c9c45bf94200baef29a9436b7b882ddc164a34e2fd224996d37d14243b694c1,0.0,0.946,0.054,0.5106
2025-04-24 11:52:04,Norway’s $1.7 Trillion Fund to Keep Buying US Stocks After Loss,Yahoo,https://finnhub.io/api/news?id=4104962883d5f139a085db121ee7d9d507a6b54ffe930322bf8185f7774c26a3,0.091,0.798,0.111,0.4767
2025-04-24 10:59:58,Why the stock market's problem isn't only about tariffs,MarketWatch,https://finnhub.io/api/news?id=84732cbbdae77e080631addb6012bf00dd849a4d7ede172f6ceb442a0df1a4fb,0.252,0.748,0.0,-0.6597
2025-04-24 10:59:00,"BAI: Not An Encouraging Start For An AI Portfolio, But Still Very Much A Buy",SeekingAlpha,https://finnhub.io/api/news?id=1fa787c77de64df920fd54a5dc06deb5c3002273bee8c94aa3c8cad72cddf3dd,0.097,0.79,0.113,0.193
2025-04-24 10:06:41,European Commission fines Apple and Meta for DMA breaches,Yahoo,https://finnhub.io/api/news?id=495d5a4b14bcb146fa0568826992f9d3242a24b1b3618260d223b00fd09d593d,0.084,0.916,0.0,-0.296
2025-04-24 09:55:55,AI Play Vertiv Soars On Strong Earnings,SeekingAlpha,https://finnhub.io/api/news?id=247dc2dc2b17180dbcaea27ad1de49c542f43dcbbc144a1b2a341edd197e4d73,0.037,0.65,0.312,0.875
2025-04-24 09:27:05,Concerns about AI spending by 'Magnificent Seven' aren't going away: DB,MarketWatch,https://finnhub.io/api/news?id=c0725b32b916049c36a72cbd8479b4e58337c353a9cacd57dc0072928a1131b2,0.0,0.719,0.281,0.8316
2025-04-24 09:03:00,Better Artificial Intelligence Stock: Alphabet vs. Meta Platforms,Yahoo,https://finnhub.io/api/news?id=ed3ddc4d030819214c45cca9682a2ddd0341f062d95a15bb8861c09604859cb5,0.0,0.815,0.185,0.9325
2025-04-24 07:35:00,Giverny Capital Asset Management Q1 2025 Letter,SeekingAlpha,https://finnhub.io/api/news?id=69e13e716ee7a1186dcddd4f744c700532c02a095bf36dec05030ed4ef2112dd,0.0,0.898,0.102,0.3612
2025-04-24 07:33:12,Apple: Earnings Could Deliver A Big Upset As International Business Tumbles,SeekingAlpha,https://finnhub.io/api/news?id=480a185f22288ef0d8a875056e9e5f31f5c056b98bf437e0e564af6c98e86bb3,0.142,0.789,0.068,-0.4215
2025-04-24 04:13:54,Britain gives websites hosting pornography until July to enforce age restrictions,Finnhub,https://finnhub.io/api/news?id=af2cfbdf8df855fbbfa3323b7571e829c2af79e443599ce1d278a26621bd2e6a,0.0,0.914,0.086,0.5256
2025-04-24 03:24:11,Meta Platforms: Engage More Users By Running Intelligent Ads,SeekingAlpha,https://finnhub.io/api/news?id=7750cbf7d46a4019730ce05e6cbedc5caf5d8e66f6da96a8380b7096a6080642,0.0,0.565,0.435,0.6597
2025-04-24 02:00:00,Google Earnings Arrive With the Company Facing Both AI and Legal Threats,MarketWatch,https://finnhub.io/api/news?id=f1568328e38ea65db88f352b9acfd20413fa5f63d41fde20b8b9912803c69201,0.196,0.699,0.105,-0.5574
2025-04-24 00:51:06,"Jim Cramer on Meta Platforms, Inc. (META): ‘Zuckerberg’s on Trial, and Ad Cuts Are Hurting’",Yahoo,https://finnhub.io/api/news?id=fa8ac0d75e3e5dddeffb7a67abd5dc7cfaf88d697e561a457e1098b41e306471,0.03,0.97,0.0,-0.296
2025-04-23 21:03:00,Why Meta’s Threads Platform Is Getting More Ads,Yahoo,https://finnhub.io/api/news?id=6a55dd559d4a662e9486a882506178e43ba269fa64377abf40a545d892cea83a,0.0,0.909,0.091,0.1779
2025-04-23 20:10:30,Traders Fixated on What Companies Spend More Than Earn,Yahoo,https://finnhub.io/api/news?id=37c57dec3b3d1adc70383510d5198d34ff15527a61198021c41778f1a6ec4246,0.027,0.86,0.113,0.7845
2025-04-23 19:48:44,"Mag 7 rallies, Vertiv surges, solar downgraded: Trending Tickers",Yahoo,https://finnhub.io/api/news?id=afeecc3ecff0902544faf7fd55adb9d7420dbe4b72392b7e512f7306cef5a842,0.011,0.912,0.078,0.8527
2025-04-23 18:43:00,Apple and Meta Are Hit With EU Fines. Why That Could Provoke Trump.,MarketWatch,https://finnhub.io/api/news?id=e073ab513133e2da3fccc0fdb249f2ab8d9ab85f13ffb3c94501198f71004c70,0.184,0.816,0.0,-0.6597
2025-04-23 18:12:35,"Apple, Meta Fined Nearly $800 Million for Allegedly Violating EU's Digital Competition Law",Yahoo,https://finnhub.io/api/news?id=e2a8827df57bd858dd18a8d87c94468ccd90220bf443deb9a2b2d73108639804,0.151,0.849,0.0,-0.5859
2025-04-23 17:17:27,"Big Tech relief rally, Intel's pre-earnings surge, OpenAI & Oklo",Yahoo,https://finnhub.io/api/news?id=0b47b391e414e1cade4cc87ea8a87cbafae79b00ac6ca2b9d0cf124e2405e815,0.021,0.922,0.057,0.5574
2025-04-23 16:48:51,Meta Hit With Another Big Fine in Europe Over DMA Breaches,Yahoo,https://finnhub.io/api/news?id=394a31a1abbb83e97455ccb5542768a56ac61ba9b2e1ac9cb617cc67a1c82898,0.116,0.814,0.07,-0.296
2025-04-23 16:26:58,Meta opens Threads to advertisers globally,Yahoo,https://finnhub.io/api/news?id=fd99b738c50a43ec8834c0346d888ffd1b7225f762bc3e34a172315b50daddfd,0.052,0.853,0.095,0.5423
2025-04-23 16:21:54,"European Equities Surge Higher in Wednesday Trading; EC Fines Meta, Apple for DMA Violations",Yahoo,https://finnhub.io/api/news?id=06495a774738de1db654d9f5733441adc6d3d4e8292fccd2c761e1c9a741f9b1,0.105,0.895,0.0,-0.5267
2025-04-23 16:00:16,Big Tech earnings kick off as tariff uncertainty continues to roil markets,Yahoo,https://finnhub.io/api/news?id=d68512ed9b3fe8866557fe822a874492ce96262ccab014b0da119f318975c9c8,0.198,0.755,0.047,-0.7003
2025-04-23 15:41:54,Explainer-What happens to Apple and Meta after the EU fine?,Yahoo,https://finnhub.io/api/news?id=c21af4088601dae50eb851a4e76fe93e34e32d8c83283d0ef4d4a7da9a70a6f9,0.0,0.941,0.059,0.4696
2025-04-23 15:10:48,Meta Looks to Drive More Meta Verified Take-Up Among Brands With New Elements,Yahoo,https://finnhub.io/api/news?id=13e5c62042694e6ffe34d461342515a0ff29e87474e634b51e264b802dcd42e1,0.195,0.805,0.0,-0.6251
2025-04-23 14:34:27,"Big Tech stocks gain over $450 billion as Trump, Bessent signal deescalation of US-China trade war",Yahoo,https://finnhub.io/api/news?id=b547c996f1ff59743edebc7b651fcc436e0d378323be54306bf9a73b3be7ccc8,0.136,0.804,0.059,-0.6597
2025-04-23 14:34:27,'Magnificent 7' tech stocks surge as Trump hints at China tariff reprieve,Yahoo,https://finnhub.io/api/news?id=7ca69cdb3190edc94fc5414fbb3e3c16fbbb1fd68dc296c3335e623450893dae,0.077,0.812,0.111,0.1779
2025-04-23 14:30:00,Wall Street Lunch: Bessent Comments On China Tariffs,SeekingAlpha,https://finnhub.io/api/news?id=e7ea83e080f16c21c176159e721c5c7fd7205b37567f23db5202d27b2d3f878b,0.0,1.0,0.0,0.0
2025-04-23 14:22:31,"Update: Apple, Meta Platforms Fined Hundreds of Millions of Euros by EU for Failing to Comply With Regulations",Yahoo,https://finnhub.io/api/news?id=0d5119fb45069e6b3480db91dd01d1fb0be0bb8bbab503e68385da3fafe37fe8,0.093,0.907,0.0,-0.5106
2025-04-23 14:19:37,"EU fines Apple, Meta millions for breaching tech competition rules",Yahoo,https://finnhub.io/api/news?id=5c327ae5bc660df25464a9068415a4dd15a4f676651474b45492a82b2795b544,0.076,0.88,0.044,-0.5106
2025-04-23 14:16:00,Apple and Meta just got fined a whopping $800 million as Europe comes after Big Tech,Yahoo,https://finnhub.io/api/news?id=42e8aa266b315ab233f7dc40853b2195e1c80c3751cafd9245e4357ee2a35fe3,0.066,0.909,0.025,-0.4939
2025-04-23 14:11:20,Meta expands AI access on Ray-Ban smart glasses in Europe,Yahoo,https://finnhub.io/api/news?id=67465b422562b6c30e33ccd6c55a94aa76f78feb0494c72466f35251e5ea06c5,0.023,0.92,0.058,0.1779
2025-04-23 14:01:19,Meta Platforms (META) Reports Next Week: Wall Street Expects Earnings Growth,Yahoo,https://finnhub.io/api/news?id=84702c9c24d0128dcd5c7071c3284748461f47de8a8d918f5b0e650b6a1dd3e9,0.0,0.889,0.111,0.5423
2025-04-23 14:00:00,"Got $3,000? 3 Artificial Intelligence (AI) Stocks to Buy and Hold for the Long Term",Yahoo,https://finnhub.io/api/news?id=4a856490e81da7f9c4ea74932d4bbd47dc5b450d0cff0ada995ccb387c29a13c,0.0,0.884,0.116,0.836
2025-04-23 14:00:00,"Here’s How Big the AI Revolution Really Is, in Four Charts",Yahoo,https://finnhub.io/api/news?id=5fcaa584e25b92cc81df296c857f4a2a5b518a0767285f68eaadd9ef6381f6ab,0.075,0.925,0.0,-0.3818
2025-04-23 13:54:20,"Apple & Meta fined, Intel layoff reports, SAP: Trending Tickers",Yahoo,https://finnhub.io/api/news?id=db401c1b254f36284f81050bc4f79e2968a29abb07ed6a82058d5aae2fb97507,0.031,0.953,0.016,-0.3818
2025-04-23 13:19:01,Meta Stock Jumps Despite Explosive Claims of Instagram Sabotage,Yahoo,https://finnhub.io/api/news?id=63e2d768ee4d2157f95c74963392dfcd758ffaa8477d6a98ea06b85ee08f987e,0.159,0.841,0.0,-0.5267
2025-04-23 13:17:00,"Apple, Meta Fined by EU, Ordered to Comply With Tech Competition Rules",Yahoo,https://finnhub.io/api/news?id=788241197902c04d0ac01a6c06358f9b629e07a7e97b7c594739e27c3fd2c23b,0.156,0.844,0.0,-0.5859
2025-04-23 13:10:17,Meta: EU is trying to 'handicap successful American businesses' with new fines,Yahoo,https://finnhub.io/api/news?id=c4a64ee32e1e1f1521f5913d03c28f01b1d0e3ba18310594cc6d777ddb066789,0.075,0.809,0.116,0.25
2025-04-23 12:41:27,Meta Platforms' Q1: Considering The Risk-Reward Of A Bullish Option Strategy,SeekingAlpha,https://finnhub.io/api/news?id=3353a33332b334c30ec8d1c3a563392e2731105be98191e95c777a957f853373,0.0,1.0,0.0,0.0
2025-04-23 11:50:00,Oracle Stock Gets Downgraded. Cloud Computing Is Still a Winner.,MarketWatch,https://finnhub.io/api/news?id=a774c19962b7d1cbe02d766f1206ad5ba7216e323491d573911b3bd112739450,0.0,0.703,0.297,0.8225
2025-04-23 11:05:39,Alphabet Q1 Preview: Temu Trade War (Rating Downgrade),SeekingAlpha,https://finnhub.io/api/news?id=f30e1c3e53164293778c76e69b814e1f1abd7a8f61043beb5065eeb604259704,0.358,0.642,0.0,-0.5994
2025-04-23 10:18:09,Meta's oversight board rebukes company over policy overhaul,Finnhub,https://finnhub.io/api/news?id=53646967ee3b63e8f018f2909f2c9424646bbb33e4acabfefb321e865fd8463a,0.052,0.893,0.055,0.0258
2025-04-23 09:10:00,Polen Focus Growth Portfolio Q1 2025 Commentary,SeekingAlpha,https://finnhub.io/api/news?id=c04a2e189437aa14ee5196a62e1771aeac71d0437b10bfd1f20b731be320ef8e,0.0,0.698,0.302,0.3818
2025-04-23 09:05:00,The Ithaka Group Q1 2025 Commentary,SeekingAlpha,https://finnhub.io/api/news?id=05d3a414160810b61e927072d27fe0aa78b65e1132c54968758e195c92b98227,0.0,1.0,0.0,0.0
2025-04-23 08:00:00,10-Year Anniversary Letter: The Rowan Street Story,SeekingAlpha,https://finnhub.io/api/news?id=e7a5cfb82ce1643687ce5a74135d45c7c53f5352dda7c918560cac8587dd17ea,0.0,1.0,0.0,0.0
2025-04-23 06:58:00,Apple and Meta just got hit with big fines from Europe. Here are the latest penalties.,MarketWatch,https://finnhub.io/api/news?id=5420a8423aa06c15c3d84e303500a527dfcb94745f7b749b72b9714237a9d9b5,0.0,1.0,0.0,0.0
2025-04-23 06:38:32,European regulators crack down on Big Tech,Finnhub,https://finnhub.io/api/news?id=6b616b00cd7a676e077f0f0a10a4179715f7ad2caa9e1b1acad61b9b52a36c1c,0.0,0.954,0.046,0.128
2025-04-23 06:09:47,"The 'Uninvestable' Tag: Once China's Burden, Now America's Worry?",SeekingAlpha,https://finnhub.io/api/news?id=66d56a66347092038c90029048e938ed6e3b7ce49aeadc96b4568caffcb6c5e3,0.453,0.547,0.0,-0.7003
2025-04-23 05:59:17,Meta Platforms : Statement in Response to the European Commission’s Decision on the Digital Markets Act,Finnhub,https://finnhub.io/api/news?id=954f6680076aa02ac04f03b4127834fa43a716bcc654ee181e090ffd84b6df93,0.0,1.0,0.0,0.0
2025-04-23 04:03:38,Meta’s oversight board rebukes company over policy overhaul,Yahoo,https://finnhub.io/api/news?id=89274481337a0bd179fde36f90a0a08decd65f27fbcecbe86f72be1e52b5c1d5,0.072,0.89,0.037,-0.5423
2025-04-23 04:00:00,Meta's Oversight Board seeks details on the company's new hate speech policies,Yahoo,https://finnhub.io/api/news?id=fe1b32526de77d7c00700664130585368ee8e4a0ff3706eaf80e8306721a9965,0.093,0.86,0.047,-0.6808
2025-04-22 22:01:46,Is Meta The Most Undervalued Stock In The Magnificent 7,SeekingAlpha,https://finnhub.io/api/news?id=91457c2eedc5facb17f89ac95cfce843a3d4fa192c783c82a95b03c77439c908,0.0,0.708,0.292,0.9216
2025-04-22 21:30:29,Instagram’s Systrom Says Zuckerberg Saw App’s Growth as ‘Threat’,Yahoo,https://finnhub.io/api/news?id=d960005cf7426e931b21099a3c231d35d3b02434d18be7c7a8fc228b149409aa,0.039,0.823,0.138,0.7964
2025-04-22 19:41:00,Meta may have a $7 billion problem in China,MarketWatch,https://finnhub.io/api/news?id=780d1a1629583df67002841f0ceb7dc020ff555a871253f9555836c32bb1a2ff,0.252,0.748,0.0,-0.6597
2025-04-22 18:03:44,ChatGPT Chief Calls Search Crucial for OpenAI in Google Trial,Yahoo,https://finnhub.io/api/news?id=8a20e8e1b57ddb39685eb233d8c7a66754bf2eab4d305df34c3fca190366651a,0.0,0.875,0.125,0.8625
2025-04-22 17:42:00,"Meta Platforms, Inc. (META): Among Stocks That Could 10X Over the Next 2 Years",Yahoo,https://finnhub.io/api/news?id=199ac872c2497e5f2b37e9d9da9adf9c5b2a49c77215db4f8f1790857641f42d,0.035,0.965,0.0,-0.3612
2025-04-22 16:30:00,Meta releases its CapCut rival Edits globally,Yahoo,https://finnhub.io/api/news?id=7cc4d99f878683126a26cc2220335351a9083247f5fcafe3bfed8c89a86ff0fb,0.0,0.863,0.137,0.9042
2025-04-22 16:30:00,Instagram launches new video creation app Edits to rival TikTok,Yahoo,https://finnhub.io/api/news?id=be4c7e060d30f6185869d9b8d4bf8d349660fe075c1265bbcdef6b55e4331ea3,0.188,0.696,0.116,-0.4215
2025-04-22 15:22:30,Meta Could Be Facing $7 Billion in Lost Revenue From China,Yahoo,https://finnhub.io/api/news?id=d0884971b4dd94ce428762ce69b9f97626db2fe16adf44a51b36098850d6890c,0.12,0.88,0.0,-0.7264
2025-04-22 14:34:24,"'Wild, lumpy, volatile': Wall Street initiates coverage on CoreWeave stock after rocky public debut",Yahoo,https://finnhub.io/api/news?id=9329b28d84e21a54cf79eb8e54f886fbc1fa731346d927c4fe904b4f9c67e8ba,0.0,1.0,0.0,0.0
2025-04-22 13:08:06,"Meta Platforms, Inc. (META) Price Target Cut to $624 Amid Macro Uncertainty and Cautious Q1 Outlook",Yahoo,https://finnhub.io/api/news?id=5d9c47a939cff10779609c8673a8cff24367c51f317c3204e6255814a6a086aa,0.105,0.895,0.0,-0.7269
2025-04-22 12:00:21,How to trade the Magnificent 7 amid the market sell-off,Yahoo,https://finnhub.io/api/news?id=58354a266a4e6c13d5b38fb0fa2b593fcd01f2484a4a1a3414533097b2b84be9,0.0,0.857,0.143,0.8934
2025-04-22 12:00:00,Patient Capital Management Q1 2025 Investment Review,SeekingAlpha,https://finnhub.io/api/news?id=d10dfd478c6312329a10aad0df3cf488f63b69e6695e106005298423803f9736,0.0,1.0,0.0,0.0
2025-04-22 11:20:00,Patient Capital Management Q1 2025 Commentary,SeekingAlpha,https://finnhub.io/api/news?id=6c2ab59b274781b1680b0829702b5dfc23cb1399fda7943a3a9981db07bbbab8,0.0,1.0,0.0,0.0
2025-04-22 11:15:00,"Got $5,000? 3 Tech Stocks to Buy and Hold for the Long Term",Yahoo,https://finnhub.io/api/news?id=e6d71d1be564b2e7db20a7e59858d20c37bfa8a9a82e48342fa47679951b2d73,0.0,0.917,0.083,0.5849
2025-04-22 08:20:18,"Meta: Don't Mind The China Tariffs And FTC Noise, Buy The Dip Under $480",SeekingAlpha,https://finnhub.io/api/news?id=fd45b53849ac0d6faced764517670bc391d7622b1a251f7fce5f589f466e9c8c,0.0,1.0,0.0,0.0
2025-04-22 07:28:04,BetterInvesting™ Magazine Update on Facebook (NASDAQ: META) and Alphabet Inc. (NASDAQ,Finnhub,https://finnhub.io/api/news?id=34f6447e5cb5a5840c69f7faa3eb2450b5de3ceee84d59ca39d5d37778fd8fdf,0.0,1.0,0.0,0.0
2025-04-22 06:41:15,"Microsoft Cracks Down On Underperformers With New Policies, Including 2-Year Rehire Ban: Report",Benzinga,https://finnhub.io/api/news?id=545af815e4032b83cf3e06446803140aba57000f0676960f4b6f60a6a7aebd4b,0.217,0.783,0.0,-0.802
2025-04-21 21:20:06,Fund Manager Explains Why He’s Buying More Meta Platforms (META) Shares – ‘Time to Step Up’,Yahoo,https://finnhub.io/api/news?id=99aaad054304398a13eb29e4a65ac4622c040fc6983bcc85a7d0ef8194327ecb,0.0,0.97,0.03,0.296
2025-04-21 21:03:37,What to know about Trump's record-setting inauguration fund,Yahoo,https://finnhub.io/api/news?id=b3b74f508299dde78d2d93822d88de918c628784533f6152c6b6bce6252b1d79,0.029,0.953,0.018,0.0056
2025-04-21 19:00:00,"Apple vs. Meta Platforms: Which ""Magnificent Seven"" Stock Has More Upside After the Recent Sell-Off?",Yahoo,https://finnhub.io/api/news?id=e6873bc91995a264b0389b49eb1f4fccb204f37c1a1b58ac2362541db1a23ec8,0.023,0.766,0.21,0.9652
2025-04-21 18:55:34,"Is Meta Platforms, Inc. (META) the Best Stock to Buy According to Billionaire Chris Rokos?",Yahoo,https://finnhub.io/api/news?id=e30ea1cbf0077cd64423c1111278ee94d928f6d65c62a3f79e0dc41f6e71e13f,0.0,0.807,0.193,0.9516
2025-04-21 18:29:09,A Guide to Reels Ads [Infographic],Yahoo,https://finnhub.io/api/news?id=eff60bfc98985950967bfb62e765a2315b37f948fb6fcb0e145eb88221b089b8,0.0,1.0,0.0,0.0
2025-04-21 17:06:32,Meta Q1 Preview: Anticipating Deceleration Due To Chinese Advertisers,SeekingAlpha,https://finnhub.io/api/news?id=e9b71bb616c2166be166dea6ad11c29be0af982abb06560e9f20fab73a8d6915,0.0,1.0,0.0,0.0
2025-04-21 16:09:42,"Chicken, crypto and Nvidia: The companies that helped Trump’s inauguration shatter fundraising records",Yahoo,https://finnhub.io/api/news?id=254377ba4ebee8b1577b47874b863bd183453450265106debf7cb5fe210046aa,0.0,1.0,0.0,0.0
2025-04-21 16:09:34,"Instagram Implements Expanded AI Age Checking, New Parent Prompts",Yahoo,https://finnhub.io/api/news?id=cc420e20460cb6a74b36df5333e9b57572e6438e159f8c73411a8cb79e03123d,0.0,0.92,0.08,0.25
2025-04-21 15:46:17,"Google, Meta antitrust: Fmr. CFPB director explains what's next",Yahoo,https://finnhub.io/api/news?id=5d02016f2dcad710ffa3c609e0ec064217fb4f88502db9fc5fe969df3fbf7dc4,0.0,1.0,0.0,0.0
2025-04-21 15:44:22,"Big Tech ETF posts big drop, as Tesla sees steep slide",MarketWatch,https://finnhub.io/api/news?id=46eadbbbe4fc8e960cfc1f75a8cd0e56e84f33a735e6adc31010b9d3996e0486,0.174,0.826,0.0,-0.4939
2025-04-21 14:47:47,"Amazon stock falls as Raymond James downgrades shares, citing tariff headwinds and 'limited' AI monetization",Yahoo,https://finnhub.io/api/news?id=b39edc76525e5deb5dc78f19f472a3bda007076489b08617b9c3eb6a1005b447,0.043,0.705,0.252,0.802
2025-04-21 14:39:11,Alphabet Q1 Earnings Preview: More Fine Than Not - Upgrading To A Strong Buy,SeekingAlpha,https://finnhub.io/api/news?id=bfc8eadaaaea39a282f90794c1dc27e4fe904bdcfdd35cf051acbe670bde3608,0.0,0.69,0.31,0.659
2025-04-21 13:58:38,Instagram is using AI to find teens lying about their age and restricting their accounts,Yahoo,https://finnhub.io/api/news?id=f9a1a85f2469bb3922a06e39d6506d41435ca137a16f1b9b6aad8762968580f4,0.13,0.813,0.057,-0.8442
2025-04-21 12:06:06,"Star Wars Highlights TV, New Movie With Ryan Gosling, Fortnite Collab: Will The Force Be With Disney Stock?",Benzinga,https://finnhub.io/api/news?id=0d80491062e1e4ed4c56668239f036adb5d984614b462ae1e6d9adc7c34fba48,0.171,0.829,0.0,-0.802
2025-04-21 11:46:18,Alphabet Earnings: A Leading LLM Isn't Enough,SeekingAlpha,https://finnhub.io/api/news?id=3e7a19d076e79a76ac73da4f38a5385bc4d55b1c1c4b6d0d68de8fe4570f6b78,0.0,0.918,0.082,0.3818
2025-04-21 09:43:00,Amazon Stock Gets a Downgrade Because Tariffs on China Hurt in 2 Ways,MarketWatch,https://finnhub.io/api/news?id=724bc8875d41341561330257f88f680f1808a9a4e33f13bd18265a3be74a4644,0.211,0.683,0.106,-0.6597
2025-04-21 08:48:00,"Nvidia Is the Second-Cheapest ""Magnificent Seven"" Stock Right Now Based on 1 Key Valuation Metric. Is It a No-Brainer Buy?",Yahoo,https://finnhub.io/api/news?id=b5e0d1512b2cd3b118febabfb84ab04bf85cd1e9b8e3d1d11038e77d4341c9d6,0.0,0.95,0.05,0.5994
2025-04-21 08:10:00,3 No-Brainer Artificial Intelligence (AI) Stocks to Buy Before Earnings Season Heats Up,Yahoo,https://finnhub.io/api/news?id=fb6b7627f9a69c8fb6263ae9f8b212fc6de4c8574e5d71bc5d5f6aa15420bfd7,0.062,0.794,0.144,0.8173
2025-04-21 03:10:32,Trump Raised Record $239 Million for Inaugural Festivities,Yahoo,https://finnhub.io/api/news?id=132216cd01ac673fe6326c8cd6cbaa8c7134a886554c449cc94a8232508d1cee,0.0,0.942,0.058,0.5574
2025-04-21 00:30:39,"Big Tech's ""Magnificent Seven"" heads into earnings season reeling from Trump turbulence",Yahoo,https://finnhub.io/api/news?id=7524b3275602ba36fcfe0e86be24dbfc2db103feb293d0f3d9e02ea2008815bb,0.036,0.88,0.084,0.7579
2025-04-20 22:00:00,1 Artificial Intelligence (AI) Stock-Buyback Stock to Buy Hand Over Fist During the Nasdaq Sell-Off,Yahoo,https://finnhub.io/api/news?id=e52e930f0bfbe17dbdff4c4953d50f54cd711a446866fa66f98cebe29e337879,0.0,0.701,0.299,0.8555
2025-04-20 21:53:31,Magnificent-7. What Stock Should We Add To Make It The Excellent-8?,SeekingAlpha,https://finnhub.io/api/news?id=7ae577a83fb0f095ca70fc698fe61c0199e3714fe710fd95798ebdbc000ae9a8,0.0,1.0,0.0,0.0
2025-04-20 13:19:09,"Meta Platforms, Inc. (META) Leans on AI Strength as Growth Forecast Slips",Yahoo,https://finnhub.io/api/news?id=48d371c6383a83b9dbb8cdd34b86225425bda5e769ce2fdb1c40663a2b0f2621,0.02,0.853,0.127,0.7845
2025-04-20 12:20:00,"Meta Stock Faces This Big Risk, Despite AI Ambitions",Yahoo,https://finnhub.io/api/news?id=e9f2d485f093d8e7be9dc9295443fe2cbf9722efae87789b8657e6f381550874,0.019,0.773,0.208,0.9583
2025-04-20 10:46:20,These Large Cap Tech And Healthcare Stocks Had A Poor Run In Easter Week (Apr 14-Apr 18): Are These In Your Portfolio?,Benzinga,https://finnhub.io/api/news?id=e2b02e8b0f53efb37fd67173799171db87894a4aa0590bd7ed61e0f72310b416,0.111,0.82,0.07,-0.3182
2025-04-20 09:30:00,"Invest In 6 Funds For A Potential $5,000 Monthly Income",SeekingAlpha,https://finnhub.io/api/news?id=19d78225aaa1a3a8abc48990b856c01e944b0efbb03b9d6b9bc1bc40bef81d64,0.0,1.0,0.0,0.0
2025-04-20 09:15:00,"Selling America, Buying Europe - My Picks",SeekingAlpha,https://finnhub.io/api/news?id=58194e6d71d5409933effd38aaf6120f6a1062adef614dc8ae47a2ce8df31280,0.0,1.0,0.0,0.0
2025-04-19 23:55:27,"Is Meta Platforms, Inc. (META) the Best Metaverse Stock to Invest in?",Yahoo,https://finnhub.io/api/news?id=04a85a9eed5371a03e74231961de8a3857480c2a720b05b98c6b99928f864714,0.0,0.838,0.162,0.9274
2025-04-19 21:04:00,Prediction: 1 Stock That Will Be Worth More Than Alphabet 10 Years From Now,Yahoo,https://finnhub.io/api/news?id=17b26abc4373a751c83678b8378b55b05c65738583916caa40042153a4858bb2,0.0,0.927,0.073,0.2263
2025-04-19 18:58:03,Jim Cramer on Meta Platforms (META): “Our Last Bastion Against TikTok – Ridiculously Cheap and WhatsApp Alone Is Worth It”,Yahoo,https://finnhub.io/api/news?id=9079db92b3134508bf45c7707204c65bf604ad0807f976490e3cd30c56b94883,0.054,0.894,0.053,-0.0258
2025-04-19 15:17:00,"Mark Zuckerberg's Facebook, Instagram block new Apple product",Yahoo,https://finnhub.io/api/news?id=c2030ce244300e45761beafebf903597835526085a5491ff8ea9dffc1a3f6f48,0.115,0.754,0.131,0.1027
2025-04-19 14:17:00,"Billionaire fund manager makes bold bets on Meta, Nvidia stock",Yahoo,https://finnhub.io/api/news?id=fa8587e3daa36955c87305219ddc874b1250cb85838cd8dd0d1e8c04ed1ee42c,0.0,0.885,0.115,0.3818
2025-04-19 14:08:51,Can Meta’s Social Media Empire Survive the FTC Antitrust Trial?,Yahoo,https://finnhub.io/api/news?id=05a573592b59c3dc9783ab6b718a120d59c05db1b0885905bd18c955b36d279f,0.0,0.766,0.234,0.9665
2025-04-19 14:00:17,"Weekend: OpenAI, Meta and Tech’s Copycat Games",Yahoo,https://finnhub.io/api/news?id=46211b7021aba24d92d250b84fdc48e02d1d49d8638684037645fb232b9d4dd6,0.0,0.895,0.105,0.4019
2025-04-19 13:00:16,"Meta Faces An Antitrust Lawsuit, FTC Says Company Holds A 'Social Network Monopoly'",Yahoo,https://finnhub.io/api/news?id=f4df87aa92f91fbb30aaf794c4885e8244dc29eef5cf03208e70eaa993157441,0.074,0.867,0.059,-0.1531
2025-04-19 12:15:00,Prediction: These 2 Artificial Intelligence (AI) Giants Will Outperform Nvidia Over the Next 5 Years,Yahoo,https://finnhub.io/api/news?id=884203f614f26d98fb8a986130e83d619be23b70a59c2790aff9aa893fbe5947,0.0,0.758,0.242,0.7906
2025-04-19 11:38:13,GAM: Tech Exposure Could Mean Short-Term Pain,SeekingAlpha,https://finnhub.io/api/news?id=4b1fd8ecc8bbc14cd467d1415a08b3dde2dc248c22111fd11ca84fd64fa880d5,0.355,0.645,0.0,-0.5106
2025-04-19 09:36:08,AT&T: Don't Get FOMO At Peak Valuation,SeekingAlpha,https://finnhub.io/api/news?id=188882c8a18bd0d0cfa646334f681954a15aef2b3b59b1d3ad09aec9d0fa79bb,0.0,1.0,0.0,0.0
2025-04-19 08:01:14,"Benzinga Bulls And Bears: Netflix, UnitedHealth, Eli Lilly — And Market Volatility Continues",Benzinga,https://finnhub.io/api/news?id=a00d35903f1f62fc5738b72a223fe7e0c50e7d9d7e6c702888b523e91cfe1551,0.0,0.825,0.175,0.7184
2025-04-19 07:44:40,What Moved Markets This Week,SeekingAlpha,https://finnhub.io/api/news?id=08c44b8ae67341e26dd2423b7c1a73e23d1bf8f72ed4602deb28cdbabca685b9,0.0,1.0,0.0,0.0
2025-04-19 07:05:00,My Highest Conviction Buy Right Now That I Am Buying Hand-Over-Fist,SeekingAlpha,https://finnhub.io/api/news?id=ebcac534890db0c9bb6090f5c33bfbed514f4578c962e304834b2646852b5524,0.0,1.0,0.0,0.0
2025-04-19 00:25:28,"Meta seeks help to pay LLM training costs for Llama, The Information reports",Yahoo,https://finnhub.io/api/news?id=a11e1881d5450640f9f5bcd31dee0cc439e2afc015087491b0d5bc601259dc1b,0.014,0.886,0.1,0.8126
2025-05-04 21:42:21,Is Meta Platforms (META) The Best Stock to Buy and Hold For 10 Years?,Yahoo,https://finnhub.io/api/news?id=fa7e3cb0891a541f42383e6546580b6131868f59c3b6bb4f26d08455b4c7aaca,0.0,0.89,0.11,0.8555
2025-05-04 21:40:09,"Don't Sell In May; Hold, And Hedge, Instead",SeekingAlpha,https://finnhub.io/api/news?id=fff53b871e3204ffde0d1a3778c31e1e2116973dd1ceae002ec5710ebd734c57,0.1,0.76,0.14,0.0772
2025-05-04 17:00:30,From Meta & Snap to TikTok & Pinterest: Where ad dollars are going,Yahoo,https://finnhub.io/api/news?id=6b8692f9460e09210b59d6659eced66e09bf02de04dc6ae15d7649bf0da75f5e,0.017,0.951,0.032,0.3142
2025-05-04 16:50:00,Franklin U.S. Focused Growth SMA Q1 2025 Commentary,SeekingAlpha,https://finnhub.io/api/news?id=1b03740efc1bd8ea4c599dcaefa2826f679de0406108b4c0d08c7cecf37985e5,0.0,0.864,0.136,0.6369
2025-05-04 13:15:19,"Consumer Tech News (Apr 28-May 2): Trump May Ease Auto Part Tariffs,  House Republicans Tabled $250 Charge On EV & More",Benzinga,https://finnhub.io/api/news?id=6efcf8de37904efda1460e9e4e61d0ee64314d04e0da8e7a8c0df02fdbf3a0a4,0.039,0.829,0.132,0.6705
2025-05-04 11:30:00,"Meta Platforms: AI Continues to Drive Revenue, but Is the Stock a Buy?",Yahoo,https://finnhub.io/api/news?id=3f72e00bb6bf7dab25fcf61fd951a00b683a46987480c18de5b50bd333383cbc,0.089,0.703,0.208,0.8807
2025-05-04 11:00:00,"To Win Monopoly Fight, Meta Is Touting a Rival: TikTok",Yahoo,https://finnhub.io/api/news?id=efe0658ed59cd6616882ce722d7527d7936b7cf94b4ce46c781df089e358ab04,0.102,0.808,0.09,0.128
2025-05-04 09:52:00,"Prediction: This ""Magnificent Seven"" Stock Will Be the Most Valuable Company in the World by the End of the Year",Yahoo,https://finnhub.io/api/news?id=954c6d7fe7f0fc8b258a6580ccd2b2a923c323644b08b16f90a1bd19206958e2,0.0,0.678,0.322,0.9298
2025-05-04 08:42:00,5 Growth Stocks to Buy in May and Go Away,Yahoo,https://finnhub.io/api/news?id=ba856ea89efa5f45fb27a90cd4291d9704f05935ec5a2fe2bcb143d97d0fc3c6,0.038,0.718,0.244,0.9354
2025-05-04 08:02:00,"Nvidia Stock Investors Just Got the Best News of 2025 (So Far) From Meta Platforms, Amazon, and Microsoft",Yahoo,https://finnhub.io/api/news?id=6023c45f28389ff2041775b51812a4faec9cecf4582cf718b9d73bb6018c1735,0.141,0.631,0.227,0.5279
2025-05-04 07:25:43,Meta Platforms Proves Itself As A Best Of Breed Play,SeekingAlpha,https://finnhub.io/api/news?id=c530817b2ff1a95c1810fe1e3afa5f55b4b8f9bd11f24b227173564d867500f8,0.0,0.615,0.385,0.9476
2025-05-04 05:00:00,Microsoft And Meta Are Surging. Is It Time To Buy?,SeekingAlpha,https://finnhub.io/api/news?id=28d4116fc582e7d22c67a3e926f74c796b9569fc7bd574297e68882f6ebb8ce6,0.0,0.907,0.093,0.4137
2025-05-03 22:24:00,"The 1-Minute Market Report May 4, 2025",SeekingAlpha,https://finnhub.io/api/news?id=f6db4197d6d3453aea234f2e9251dd061ce8aef6b788d081b93228d15768f73c,0.0,1.0,0.0,0.0
2025-05-03 20:00:46,Meta and Shopify urged to act as scale of ‘ghost stores’ preying on Australian online shoppers revealed,Yahoo,https://finnhub.io/api/news?id=5be05d62da8726abc330b66728ef015e5b5200914ab94b0e96420827715d970d,0.0,0.96,0.04,0.128
2025-05-03 16:33:54,"Microsoft (MSFT), Meta Platforms (META) Reported “Home Run” Results: Dan Ives’ Recent Comments",Yahoo,https://finnhub.io/api/news?id=736db44a96513fab50b5e31e52f7a95b5ad97d15d7a34f7827f52999127b1401,0.0,0.941,0.059,0.4939
2025-05-03 13:00:07,"Stock Market Bull Charges On, Question Is When It Meets the Bear",Yahoo,https://finnhub.io/api/news?id=c17f4f99923512c21dd4a7adb47903c40dc0011d4edf59573198e879bc330001,0.143,0.773,0.083,-0.7845
2025-05-03 12:38:20,"Meta Platforms, Inc. Just Beat Earnings Expectations: Here's What Analysts Think Will Happen Next",Yahoo,https://finnhub.io/api/news?id=d22a07e7bb74f4b24d063f02b4bd3fe5394d7e5f88ea36a90bcb5e76a45aef0a,0.0,1.0,0.0,0.0
2025-05-03 09:57:00,Big Tech showed it won’t back down on AI spending. Some on Wall Street are still wary.,MarketWatch,https://finnhub.io/api/news?id=c9337a0fc8434043eb79c7bc1307163fe0d76534e678e0dd9fb49f706b7be46e,0.0,1.0,0.0,0.0
2025-05-03 09:30:00,3 High-Growth Tech Stocks That Are Screaming Buys in May,Yahoo,https://finnhub.io/api/news?id=4766d27bc478052ffe1d43de4d86ee07ed48d94e7345148f47fb1b88ace9a56a,0.106,0.816,0.078,-0.1779
2025-05-03 01:47:00,"Safe Haven In Uncertain Times, Year Three",SeekingAlpha,https://finnhub.io/api/news?id=2b74f6bdc63327694ca22ad8d815ce5b0d32cecb81d56f89ea41780c3e5032ad,0.057,0.651,0.292,0.8402
2025-05-02 21:13:00,"The Score: Meta Platforms, McDonald’s, Kohl’s and More Stocks That Defined the Week",Yahoo,https://finnhub.io/api/news?id=4a3cfc2d584c4d5a71a59e0dc6ef76bcd7a2344e9cbcab3475f756637ace8ba5,0.081,0.805,0.114,0.3182
2025-05-02 21:02:00,"Top Research Reports for Meta Platforms, JPMorgan Chase & Intercontinental Exchange",Yahoo,https://finnhub.io/api/news?id=27b7999f1955fdb59f3f9ea5c450a77796657c35b25c1cd2f9ac6bd399caba95,0.0,0.952,0.048,0.2023
2025-05-02 20:43:00,The AI Trade Is Showing New Signs of Life. What We Learned From Big Tech Earnings.,Yahoo,https://finnhub.io/api/news?id=f6fc3abc5fa7809acf280a8065cd7b931c51d6e0d366fc9a0ca5bdfaef3a386c,0.0,0.894,0.106,0.5574
2025-05-02 20:32:46,Why Are Meta (META) Shares Soaring Today,Yahoo,https://finnhub.io/api/news?id=f267e800abd7621a67edb5d245bdb8d686eb42d75997627da176a6ff7d056f51,0.041,0.893,0.067,0.1779
2025-05-02 20:21:00,Coca-Cola and PepsiCo May Look Alike. Why They Don’t Trade Alike.,MarketWatch,https://finnhub.io/api/news?id=2b769d20b76d0000ef1a1b422c2a860fcc9896edee0ab000129ce9a2342c267a,0.0,1.0,0.0,0.0
2025-05-02 19:50:51,Apple has tariff problems its Big Tech peers do not,Yahoo,https://finnhub.io/api/news?id=d64f7e9a74b080f0360a46c3ade15796fc99a60defbf7cf1e81e647576ab5ba0,0.292,0.708,0.0,-0.7184
2025-05-02 19:34:00,Stock Market Winning Streak Best in 21 Years. Why It’s Looking Fragile.,MarketWatch,https://finnhub.io/api/news?id=3051d040c371dc305b020e73baf29b6fcd019fe6bbdd8c0bea268203a23cf9ce,0.0,0.568,0.432,0.9451
2025-05-02 19:13:16,Is Meta Platforms (META) the Best NASDAQ Stock to Buy According to Billionaires?,Yahoo,https://finnhub.io/api/news?id=fe034e1e0e37addc5b601b7839175972e31fa3ae6c96c5438eb2d73094817efd,0.0,0.84,0.16,0.9274
2025-05-02 19:00:00,Should You Hold NVIDIA Stock as Meta & Microsoft Double Down on AI?,Yahoo,https://finnhub.io/api/news?id=8446e5ec30828ea99ec044b790c1effbc95527724220a0964e812c049b6b39cf,0.038,0.865,0.097,0.3182
2025-05-02 18:01:29,Tarrifs in focus as Apple follows up ‘best quarter ever’,Yahoo,https://finnhub.io/api/news?id=5d4688a4377a2fa4c95c1fa5a2078fae73bdef520a619a5f87941cc8d8d96323,0.0,0.97,0.03,0.4404
2025-05-02 18:00:00,US exceptionalism trade is 'still in play': May investing tips,Yahoo,https://finnhub.io/api/news?id=1eee355e23cf0c466a9648cb886c550b7bbe75d9ed050f521f8a11a87bb6b07d,0.021,0.806,0.173,0.9441
2025-05-02 17:00:00,Here's what top C-suites are saying about tariffs,Yahoo,https://finnhub.io/api/news?id=b768933a6f378dbc13870bba88630e9e535f10f808d85583bc62b9874bcde496,0.0,0.836,0.164,0.8553
2025-05-02 16:51:11,META Q1 Earnings Call: AI Investment Drives Growth but Guidance Misses Expectations,Yahoo,https://finnhub.io/api/news?id=5cf94c131d232f01e123dbe6c97c76602f307767c1ae1d42788e2092eb2911d2,0.028,0.77,0.202,0.9372
2025-05-02 16:30:10,Meta Stock Extends Rally into Second Day After Q1 Earnings Surprise,Yahoo,https://finnhub.io/api/news?id=a340f38c67285729652d688f6ca527827382ee087060007a5c454dfba6fac890,0.0,0.756,0.244,0.5859
2025-05-02 16:06:49,"Wall Street Fully Recoups Tariff-Led Losses, Economy Contracts In First Quarter Yet April Payrolls Remain Strong: This Week In Markets",Benzinga,https://finnhub.io/api/news?id=90dfdfe71a69e03a3896c387ce9d763e66bf02c89ce00ebb304b3b4ca57826b7,0.122,0.742,0.136,0.0865
2025-05-02 15:49:20,"Stock Market Powers Higher On Microsoft, Meta, Trump Tariff Hopes: Weekly Review",Yahoo,https://finnhub.io/api/news?id=bca5a909e9019f7e7ab007c40a048de115c4a5a0715a0d849334eb26b107c59f,0.0,0.824,0.176,0.7717
2025-05-02 15:40:30,Here’s what Wall Street is saying about Amazon ahead of earnings,Yahoo,https://finnhub.io/api/news?id=6005ccf54b3c28490a605314ab42ecba8572f118192bedc677f7214920d547e7,0.0,0.946,0.054,0.4767
2025-05-02 15:39:26,Meta’s (META) Reality Labs Continue to Bleed Billions,Yahoo,https://finnhub.io/api/news?id=6e12aaf014f6025f621a4d5f55bc6f2909dbccf19fcf6f701faae710b91bc3fe,0.059,0.807,0.133,0.6808
2025-04-23 12:09:47,What to expect from Mag 7 company earnings in light of Trump tariff turmoil,Yahoo,https://finnhub.io/api/news?id=98961d5ea2e16f43b50cf3386670e51b0e901e3ab5391bea7b393b6cc9080694,0.072,0.867,0.061,-0.1027
2025-05-02 15:17:52,Meta to buy environmental attributes from Sunraycer’s Texas solar projects,Yahoo,https://finnhub.io/api/news?id=73c5cc3cca40075654ebb1ecd5b4e3c84564799f469b291f51ff009acda1f043,0.0,0.925,0.075,0.2732
2025-05-02 15:02:00,Temu and Shein Will Feel ‘De Minimis’ Pain. So Will These U.S. Companies.,MarketWatch,https://finnhub.io/api/news?id=44d7bc2619c1e4dca78a4553b33518d887db85757796949ecc8e783099be271a,0.216,0.784,0.0,-0.765
2025-05-02 14:50:46,Taiwan Semiconductor Gains On Strong Earnings From Meta And Microsoft Boosting AI Demand,Yahoo,https://finnhub.io/api/news?id=d86e6c5fdcfce2f45fc9f5ae30f80c5ff563877e6c33531cbeb0ddb34bae08ab,0.049,0.834,0.116,0.7269
2025-05-02 13:30:20,Meta Platforms (META) Q1 Earnings: Taking a Look at Key Metrics Versus Estimates,Yahoo,https://finnhub.io/api/news?id=62a29b3c3778f5ce98856aded4db3afe877b2a6bfe07400aed73df780a7b1cb5,0.0,0.965,0.035,0.2263
2025-05-02 13:20:00,Earnings Dilute Tariff Concerns,SeekingAlpha,https://finnhub.io/api/news?id=7a6ae604f33a1b09a0e02790c9e37889cb568fa2d8b7c9d2623900cd74d0099f,0.0,0.851,0.149,0.2716
2025-05-02 13:07:03,5 Great Income Buys For The Coming Downturn,Benzinga,https://finnhub.io/api/news?id=a199264be2c1bf1f9d99e8a4e161c9962adfe7b6a35a9f4b881e7f3d09c4224c,0.0,0.631,0.369,0.6249
2025-05-02 13:02:00,These companies are emerging as potential winners in Trump’s trade war,MarketWatch,https://finnhub.io/api/news?id=3730d7ab97a78fdc13b9ea1cffca7e0ca2138a8dc8596e145bce054cf7f1dd0e,0.244,0.562,0.194,-0.3818
2025-05-02 12:45:00,AMD: You May Not Get It This Cheap Again,SeekingAlpha,https://finnhub.io/api/news?id=022a4dd85236a4d72fab2eb8d02a50d1ef1e265d8abeac76ccefcb45a513c1a7,0.046,0.738,0.216,0.7717
2025-05-02 12:37:00,"Zacks Investment Ideas feature highlights: Boston Scientific, Meta Platforms and Microsoft",Yahoo,https://finnhub.io/api/news?id=37ef89470d5df8799463936d1cb5923f81693bd25a0de64ad98401737966f217,0.0,1.0,0.0,0.0
2025-05-02 12:21:19,Dow Jones Rises As China Says It's 'Evaluating' U.S. Trade Talks. Apple Falls On Earnings.,Yahoo,https://finnhub.io/api/news?id=a985cd57b070e3c5d6eccc55d428901de8e39192a52b7b04a8fb5ff04c5f9308,0.0,1.0,0.0,0.0
2025-05-02 11:49:35,Why I Think Apple Is Currently The Least Interesting Of The FAANG Stocks,SeekingAlpha,https://finnhub.io/api/news?id=c042429feb5173ddec53555dc9175d992424dc6a428d3ff152008eb597d33527,0.093,0.794,0.113,0.2363
2025-05-02 11:43:00,Roku Stock Drops as Outlook Raises Worry About Ad Spending,MarketWatch,https://finnhub.io/api/news?id=87d5746a2162c5c7624c20bfc2e901ef99932b1d9a4f09eb99cf129e94aed04d,0.244,0.756,0.0,-0.7003
2025-05-02 11:37:06,"EXCLUSIVE: April's 20 Most-Searched Tickers On Benzinga Pro — Where Do Tesla, Apple, Palantir, Nvidia Stocks Rank?",Benzinga,https://finnhub.io/api/news?id=c0a02d7d149e72e045684049cb34985558b5301940e08350a1dae53bced74a24,0.0,0.953,0.047,0.3034
2025-05-02 11:00:00,Should You Forget Nvidia and Buy 2 Artificial Intelligence (AI) Stocks Right Now?,Yahoo,https://finnhub.io/api/news?id=65211ae0f38eaef6795e53be2fc989aafc7772c62a33d11c74b1c9a13736cf64,0.113,0.687,0.199,0.6597
2025-05-02 10:00:06,Tech investing playbook: Evolution of Big Tech dominance,Yahoo,https://finnhub.io/api/news?id=6384f2f2445bfac33f20c2348d4ada8073c52996f22ac834c03b1a3a2992cde8,0.0,0.862,0.138,0.8718
2025-05-02 10:00:01,The AI revolution is an advertising revolution: Morning Brief,Yahoo,https://finnhub.io/api/news?id=7f85a1e32970a32ea1c1dd91abd1742274e8b2fd518a57bfe232fba72fc215bb,0.0,1.0,0.0,0.0
2025-05-02 09:30:00,What Big Tech Has Going for It in the Trade War,Yahoo,https://finnhub.io/api/news?id=1f17577fa93253bfafa914bee090d8f8ed9524e31994927bb63f27c9fc7c55c1,0.15,0.85,0.0,-0.5267
2025-05-02 09:30:00,Third Point Q1 2025 Investor Letter,SeekingAlpha,https://finnhub.io/api/news?id=e36652d432fc28686fd6596530058249713b320c1d42120f99201fe7069bafd1,0.0,0.951,0.049,0.1027
2025-05-02 09:00:00,Meta Says Its Numbers Show that AI Spending Is Paying Off,Yahoo,https://finnhub.io/api/news?id=efe4d367ac1299ac4a337a8f9b05ae326dc135269795cd88b72d2a027435cc55,0.118,0.809,0.073,-0.17
2025-05-02 09:00:00,Meta Platforms: Sucking In The Bulls,SeekingAlpha,https://finnhub.io/api/news?id=6f23bbd88d9a8487b242d73841924001453a7c06670e34b2dba54db9aae5ea5e,0.083,0.917,0.0,-0.4023
2025-05-02 08:45:00,JEPQ: A Big Income Opportunity For 2025,SeekingAlpha,https://finnhub.io/api/news?id=3c10ebb133b26d35d1d39689c576e299891ceb046f1c2b0da558b6e37f5dd247,0.0,0.838,0.162,0.6597
2025-05-02 07:42:49,monday.com: Don't Ignore The AI Agent Catalyst,SeekingAlpha,https://finnhub.io/api/news?id=7568728c56a811ae9a881212470fb2ca87793cc905969b28f38e4c67fccb6c8a,0.0,0.838,0.162,0.6608
2025-05-02 02:41:25,"EXCLUSIVE: If Meta Is Forced To Divest Instagram, WhatsApp, Or Facebook, 43% Pick This Standout",Yahoo,https://finnhub.io/api/news?id=01911351e2bd32a80b04e499d9bb1dabbfbe058f4b7d19b13617e940c9b76fb6,0.058,0.864,0.078,0.0343
2025-05-02 01:30:00,"Investing Pros Haven’t Been This Worried About the Stock Market in at Least 28 Years, Our Exclusive Poll Finds",MarketWatch,https://finnhub.io/api/news?id=92d6df2b3e22a1af9cb07af19911370cf75a03731105df3853e22ae698bd7663,0.119,0.81,0.071,-0.4588
2025-05-01 23:00:19,"Dow Jones Futures Rise As China Says It's 'Evaluating' U.S. Trade Talks. Amazon, Apple Fall On Earnings.",DowJones,https://finnhub.io/api/news?id=c3b43a7723008c049faba309d3c63bdcc69667750c0d03f985189157049417f5,0.0,0.904,0.096,0.34
2025-05-01 21:51:00,Why the AI Trade May Not Save the Market From Trump’s Tariffs for Long,Yahoo,https://finnhub.io/api/news?id=3a86a5373b09a0de84cf88465f8318d9365aaca846d1a28424eb707ddf73ccac,0.041,0.702,0.257,0.8894
2025-05-01 21:26:00,Buy Meta Platforms or Microsoft Stock After Beating Earnings Expectations?,Yahoo,https://finnhub.io/api/news?id=115e4676451d85b137df268bd83bafd378cfed8756098b3ce03e0d44c4fd60fc,0.077,0.844,0.079,0.0258
2025-05-01 21:11:11,Google Expands Access To Conversational AI in Search,Yahoo,https://finnhub.io/api/news?id=5ef90a33547695063d6a43ec7a82fc609af677c46ae6782dbd0ebc1e0f0da0be,0.0,0.92,0.08,0.1027
2025-05-01 20:58:07,"Equities Advance as Microsoft, Meta Results Help Ease Economic Worries",Yahoo,https://finnhub.io/api/news?id=598df905835abc045f3b27fa8731c5266427fcae0543194c261769496c1ba369,0.09,0.677,0.232,0.5267
2025-05-01 20:49:00,These 3 Stocks Soared Following Strong Quarterly Results,Yahoo,https://finnhub.io/api/news?id=539b63f29600610078bd4d097cf68c26c381ca990d6112e9abccdad0499d87d3,0.0,0.801,0.199,0.7351
2025-05-01 20:45:00,Reddit Stock Surged After Crushing Q1 Estimates. Here's Why The Rally Eased.,Yahoo,https://finnhub.io/api/news?id=8746333fe11aab15cf6b4b1ffe1d7cf142bda2214e38073f8bf8fd25d8e16d87,0.069,0.716,0.216,0.6522
2025-05-01 20:40:46,"Stock Market Today: Nasdaq Surges As Meta, Microsoft Recover Lost Ground; These Two Leading Growth Stocks Jam (Live Coverage)",Yahoo,https://finnhub.io/api/news?id=7c13aef89d21471d4eea5072a8034997073dc0971df5c8f6bc4d2c5c165beb44,0.15,0.798,0.052,-0.5994
2025-05-01 20:40:34,"Stocks to Watch Recap: Amazon, Apple, McDonald’s, Kohl’s",Yahoo,https://finnhub.io/api/news?id=db77d77b5f3a535ec905a678d3b542e632f90c54203560e7f2340b2f2ac475b3,0.061,0.809,0.129,0.4215
2025-05-01 13:43:00,Stocks shrug off recession alarms as Big Tech earnings blow off the roof,Yahoo,https://finnhub.io/api/news?id=966d097d5f29a26de713fa6f39244a5dea6ea09268ff4c2f39cefc2fbb69655c,0.062,0.794,0.144,0.7579
2025-05-01 20:24:00,"These Stocks Moved the Most Today: Microsoft, Eli Lilly, Kohl’s, Apple, Tesla, Meta, Qualcomm, CVS, and More",Yahoo,https://finnhub.io/api/news?id=447b16a3d88dcbb9a333459908b26168c97ce0726f2f1aa0840837958435b621,0.051,0.915,0.034,-0.2732
2025-05-01 20:12:13,Why Meta and Microsoft are drawing investors back to Big Tech,Yahoo,https://finnhub.io/api/news?id=d50605e7f0764361793e14d86db8271177fc2513d7e451f7ec88aa0e4bc707c3,0.056,0.862,0.082,0.4256
2025-05-01 20:09:14,Reddit's strong revenue forecast signals advertising strength,Yahoo,https://finnhub.io/api/news?id=aa6da4616f6ca422e9f9effa51ae9e2e0c08c3d35646a12f568c10b291608e83,0.04,0.803,0.157,0.9088
2025-05-01 18:00:36,"Amazon: Q1 Earnings Beat, Weak Guidance, Tariff Threat--Is It A Buy?",SeekingAlpha,https://finnhub.io/api/news?id=cadfe52b25dbc881d5eed2fdff07696ed31fc9aed99bce670ab8753f66199153,0.048,0.765,0.186,0.6808
2025-05-01 17:01:45,Judge in Meta case warns AI could 'obliterate' market for original works,Finnhub,https://finnhub.io/api/news?id=b375fb165a9e1ef915a26c6c9992bd4d4d313473630b88f10aec298323a71f6a,0.192,0.662,0.145,-0.296
2025-05-01 16:51:24,Microsoft: The Return Of Azure (Rating Upgrade),SeekingAlpha,https://finnhub.io/api/news?id=dcad785425132178fc94c79a1d754e289d53491f07166318c9afa27db8fd181f,0.0,0.861,0.139,0.6124
2025-05-01 16:45:00,Reddit Stock Surges Near 20% As Social Media Player Crushes Q1 Estimates,DowJones,https://finnhub.io/api/news?id=3edbc77430001de63bdddb62cc0c53ef1f942d71a8c8f423611e98babdfbe91b,0.209,0.791,0.0,-0.7003
2025-05-01 16:40:15,Why Nvidia Stock Bounded Higher Thursday,Yahoo,https://finnhub.io/api/news?id=78ab84987f59edd52ad589b970fd018496bc20db909b7e4bc82242372daba7fc,0.0,0.739,0.261,0.7184
2025-05-01 16:40:14,"Meta Platforms Q1 Beat Expectations, Alleviates Investor Caution With Strong Margins, AI Investment, Wedbush Says",Yahoo,https://finnhub.io/api/news?id=df75081a955efac0ffcb487bdee50049d967d54f36e8acd9c36fa60d347007cf,0.0,0.828,0.172,0.7003
2025-05-01 16:27:16,"What AI Slowdown? Nvidia Rallies As Meta, Microsoft Boost Data Center Spending.",Yahoo,https://finnhub.io/api/news?id=00c4699caa229ea2ffc30a24ed7b1cdf10e52aefd41c2dda5251f88001eb70e7,0.042,0.876,0.082,0.3182
2025-05-01 16:17:21,Mark Zuckerberg wants Meta to be something it isn't,Yahoo,https://finnhub.io/api/news?id=50f25b8af539753d1fd3e3898cef126777deb8bd4f16011af940ab271968ae39,0.0,0.857,0.143,0.8885
2025-05-01 16:06:46,"Top Stock Movers Now: Microsoft, Meta Platforms, Roblox, and More",Yahoo,https://finnhub.io/api/news?id=4059d2c916c55feac9f3e5aea01b76548f120d4e726fcdf563bef457121678a0,0.0,0.836,0.164,0.6249
2025-05-01 16:01:07,Apple Stock Seesaws As Earnings Loom,Yahoo,https://finnhub.io/api/news?id=937a5a50ddca828ec5e180a8771243108732546951e54b93c52f40624edca658,0.084,0.916,0.0,-0.5267
2025-05-01 16:00:20,You can now use Google's ChatGPT competitor AI Mode,Yahoo,https://finnhub.io/api/news?id=99df8d47a409aafa44d1ea591c67a25128e15abec1998d19915a568a312a127c,0.0,1.0,0.0,0.0
2025-05-01 15:59:10,"Meta Platforms' CapEx Guidance Signals Confidence in Core AI Investment, RBC Says",Yahoo,https://finnhub.io/api/news?id=302a6b16611bfa79061bbeea3500be334cdd21b73cbf636b3ce8bbe493567fce,0.0,0.804,0.196,0.765
2025-05-01 15:58:55,"Meta Q1 Earnings: Solid AI Strategy, Huge Capex Guide (Maintain Buy)",SeekingAlpha,https://finnhub.io/api/news?id=e73d2be801cb5cd12bcc47dfb91019575723c0d729fcb03f257f6b517a5b0632,0.0,0.732,0.268,0.8658
2025-05-01 15:55:09,"Artificial Intelligence IPO CoreWeave Pops On Microsoft, Meta Earnings",Yahoo,https://finnhub.io/api/news?id=3067cdc9de28641437ccd57c3ac112892580811ae505130c505b6cb5164f482f,0.0,0.807,0.193,0.7351
2025-05-01 15:54:00,ClearBridge Large Cap Growth ESG Portfolios Q1 2025 Commentary,SeekingAlpha,https://finnhub.io/api/news?id=b48dbd2cff0c8dbc6419e04b093f0bcc482dd43fdd89c8135bb13d137bc9ace3,0.181,0.698,0.121,-0.3818
2025-05-01 15:41:00,"These Stocks Are Moving the Most Today: Microsoft, Eli Lilly, Kohl’s, Apple, Tesla, Meta, Qualcomm, CVS, and More",Yahoo,https://finnhub.io/api/news?id=06ff2af0d0d561c0b85882dca15c55324a1f3faf99bcd9688b0f2546c39637a1,0.05,0.916,0.034,-0.2732
2025-05-01 15:34:00,"Meta Platforms' Q1 Earnings and Revenues Surpass Estimates, Rise Y/Y",Yahoo,https://finnhub.io/api/news?id=7f9ee61a85f0e3197706bf9b94e08a3d20971d8a2c92c6f2a99a6bf7e4f6d240,0.0,0.809,0.191,0.7096
2025-05-01 15:33:46,"Meta Shares Jump After Q1 Earnings Beat, Lifts Capex Outlook on AI",Yahoo,https://finnhub.io/api/news?id=451a2f6b786b749618e02d3225125a9ade576afbae66a653a8a28cef1e18200a,0.0,0.896,0.104,0.296
2025-05-01 15:20:10,Meta Says Asia-Based Ad Buyers Reduced Spending Ahead of End to Tariff Loophole,Yahoo,https://finnhub.io/api/news?id=935b0082bef7a5cf47d6d4ebe5e829fd35ae20afacbbe9fff18fd606bf5e8a71,0.0,1.0,0.0,0.0
2025-05-01 15:17:31,What a weaker dollar means for Meta,Yahoo,https://finnhub.io/api/news?id=80043a5d431089df86253af871e3b681e3e7669285e7fcd672c9d80f02a7dec6,0.071,0.899,0.03,-0.4588
2025-05-01 15:10:00,"AI ETFs Set to Gain on Robust Meta, Microsoft Earnings",Yahoo,https://finnhub.io/api/news?id=b695204721ff32a9cca09c7351678080a23d0e99e251be1973479d6280f3e783,0.0,0.644,0.356,0.9313
2025-05-01 15:08:11,"Jobless claims rise, Meta and Microsoft reviving AI trade",Yahoo,https://finnhub.io/api/news?id=0f4923eec84ec4b8a28734c11048619e48e12974c2a3c638b6afcbfa49738876,0.0,0.912,0.088,0.6597
2025-05-01 15:05:47,CCME launches to take on anti-competitive smartphone platform duopoly,Yahoo,https://finnhub.io/api/news?id=d8795020ecf4fa947f0a1a8030eff72e1b1544fa0c6784d12fcc1e555c3b5c11,0.016,0.922,0.062,0.4404
2025-05-01 15:03:26,Meta Proving It Can Get a Return on AI Spend: Evercore's Mahaney,Finnhub,https://finnhub.io/api/news?id=5b3414a391fc2724d95a05b374bb6f50bf982d42b5fa236e8944f9bd67a70120,0.0,0.926,0.074,0.5106
2025-05-01 14:53:06,Megacap tech once again a 'safety trade',MarketWatch,https://finnhub.io/api/news?id=2217a30f48bb95b7f54f14f13628b0959a4b3064ec9b167fab9dfed7211b023e,0.0,0.682,0.318,0.6808
2025-05-01 14:42:26,"Wall Street Eyes 8th Positive Day As S&P 500 Recoups Tariff-Led Losses, Bitcoin Rallies To $97,000: What's Driving Markets Thursday? (CORRECTED)",Benzinga,https://finnhub.io/api/news?id=279bec13c8b9b2c09b4384ddf2fca92b71caaaf06e3f5ac9c8599a59a7f36b28,0.07,0.836,0.094,0.2263
2025-05-01 14:28:00,Nvidia and other chip stocks are riding AI optimism. Will Amazon’s earnings change that?,MarketWatch,https://finnhub.io/api/news?id=b302fdefd8fb0a5dfa6255814b775575368a3319b8e7978ad0675f0636c94b4d,0.0,0.779,0.221,0.8105
2025-05-01 14:20:00,Meta's Q1 Earnings Beat Lifts Shares: ETFs to Buy,Yahoo,https://finnhub.io/api/news?id=b6bbf13fa66e0e3e3e29efd07e56ca148fc7d8c0ee94f5317fe886a181afc6b7,0.0,0.762,0.238,0.7351
2025-05-01 14:15:40,Meta Stock Rises as Wall Street Bullishness Intensifies,Yahoo,https://finnhub.io/api/news?id=0bf5c7886f68afbbff9ebf11fcf1effcb53521e13029e4a8f90389cf12387450,0.0,0.922,0.078,0.296
2025-05-01 14:14:00,Vertiv and Other Growth Stocks Are the Place to Be After Microsoft and Meta Earnings,MarketWatch,https://finnhub.io/api/news?id=267ab1cc7117e34ca4baa9a107144658fafbecb6e38ed0edbc565f7c9dcf1e59,0.0,0.843,0.157,0.6369
2025-05-01 13:59:32,"Stocks to Watch Thursday: McDonald’s, CVS, Microsoft, Meta",Yahoo,https://finnhub.io/api/news?id=504ac29d15fa7ddef40ef95b5ac4c1072207ad3426f6695a77366b6841e425b8,0.042,0.915,0.044,0.0258
2025-05-01 13:34:42,"Magnificent Seven Stocks: Nvidia, Tesla Rally; Meta, Microsoft Surge On Earnings",DowJones,https://finnhub.io/api/news?id=f6ec37a8c952097bb411a9c5065fc13496873b47494f09961e7687193fa3f35d,0.0,0.719,0.281,0.8316
2025-05-01 12:11:00,Nvidia Stock Rises. The AI Trade Is So Back.,MarketWatch,https://finnhub.io/api/news?id=203a01e098dbe88ab116dc2989711067d00c2f0fe2a068f51351005d74f6c8f9,0.0,1.0,0.0,0.0
2025-05-01 11:36:36,"CVS Health Posts Better-Than-Expected Earnings, Joins CommScope, Microsoft, Meta, Chart Industries, And Other Big Stocks Moving Higher On Thursday",Benzinga,https://finnhub.io/api/news?id=9ae70a604dac1f02d22fdb7de322a33a0b9ad9b214204688b48a8dcce5c8cc04,0.0,1.0,0.0,0.0
2025-05-01 11:16:58,U.S. stocks extend gains heading into midday,MarketWatch,https://finnhub.io/api/news?id=a5cb4c4a2199991aacee0fd37247b35b7482bf717ef1b6796418736cf7a33021,0.0,0.549,0.451,0.7351
2025-05-01 11:04:00,Tesla Without Musk: What Replacing the Irreplaceable Would Mean for the Stock,MarketWatch,https://finnhub.io/api/news?id=5400c51eee2eb2963fc18ab54be6485f5a00e2f52a6fc0bfc9deeee743d4b035,0.0,1.0,0.0,0.0
2025-05-01 10:50:54,Disappointment Is Just Getting Started; Sell Call On Super Micro Computer,SeekingAlpha,https://finnhub.io/api/news?id=643ba6d044864d4d20fd899ec10f271dbc24253b8598c4913973b32fdca62072,0.238,0.575,0.187,-0.3612
2025-05-01 10:23:43,"After Q1 Earnings, I Would Rather Invest In Meta Than Alphabet",SeekingAlpha,https://finnhub.io/api/news?id=402ef5deaeec200d77d43d9d9806ecb6fd787a23b35a29cf68e80482ec404e19,0.05,0.776,0.174,0.6597
2025-05-01 10:05:03,"Big Tech ETF jumps as investors await earnings from Amazon, Apple",MarketWatch,https://finnhub.io/api/news?id=7316bd14e0c9d67d9a54315e2fa0a3ea941bc9ef25ac21f03aede59fbf15c76e,0.0,0.744,0.256,0.4939
2025-05-01 09:57:25,"Dow Jones Rallies After Surprise Jobless Claims; Meta, Microsoft Surge On Earnings",DowJones,https://finnhub.io/api/news?id=2cb06b5b528993dfd328ee2b390a27323b0a6ca54c23dc99105394502e0bd3de,0.0,0.84,0.16,0.4939
2025-05-01 09:41:00,Meta Stock Jumps on Strong Earnings. There Was 1 Possible Disappointment.,MarketWatch,https://finnhub.io/api/news?id=97c385c115a91be9df05f793f5832e2846138c4fc1493d2637fab7dea98380e9,0.212,0.577,0.212,0.0
2025-05-01 09:38:29,"Nasdaq leads in early trading as shares of Meta, Microsoft climb after earnings",MarketWatch,https://finnhub.io/api/news?id=6d469b68a1adadd23d04e24a70b8491dc2c9a8eaae1b66b322caf0a4b4e7a23f,0.0,0.845,0.155,0.5267
2025-05-01 09:15:00,ClearBridge All Cap Growth Portfolios Q1 2025 Commentary,SeekingAlpha,https://finnhub.io/api/news?id=3ead6ee28d30967ff8a9985c1d555e9d60b44befb83ea3476115bc3418efaf73,0.0,0.8,0.2,0.7579
2025-05-01 09:15:00,Meta Earnings Green Light AI Rally,SeekingAlpha,https://finnhub.io/api/news?id=69013495ac90d1bcf544b63ca3d664eff1ec01322b392c891b90424a6efbb47b,0.0,0.691,0.309,0.9022
2025-05-01 09:08:38,"Wall Street set for tech boost, yen slides on BOJ gloom",Finnhub,https://finnhub.io/api/news?id=8588036519aa7442a7a8e8fc1945ed004c3eaf99f7a30bf87d90051b237c8778,0.083,0.855,0.062,-0.2263
2025-05-01 08:54:03,Meta Rallies As Tech Giant Boosts AI Spending As Advertising Outlook Looks 'Healthy' Despite Tariffs,DowJones,https://finnhub.io/api/news?id=4999b4f2eb0ff026c9ff8c619384b451044f3bb5de01c69c9ddedcd172b8e2a2,0.0,0.722,0.278,0.8402
2025-05-01 08:48:30,Meta Is Recession-Proof: Maintaining Buy Post-Earnings,SeekingAlpha,https://finnhub.io/api/news?id=014a0e52cbafbbae8c105ca50fd6a3fea053aa07896796feed12a85515e58f0e,0.083,0.917,0.0,-0.4215
2025-05-01 08:45:39,Meta: A No-Brainer Growth Play,SeekingAlpha,https://finnhub.io/api/news?id=3d8fd9b50af4f78af95d53b01abf2ad282d8126a7320a1b83366947c11c7c6a9,0.0,0.375,0.625,0.6124
2025-05-01 08:45:00,Mark Zuckerberg Plans to Sell $166 Million of Meta Stock,MarketWatch,https://finnhub.io/api/news?id=4da668da4ec6476702666e5aa693583f11a6844efddc449312c479c24dd1b8ad,0.0,1.0,0.0,0.0
2025-05-01 08:19:33,Microsoft To Rally More Than 20%? Here Are 10 Top Analyst Forecasts For Thursday,Benzinga,https://finnhub.io/api/news?id=120e89e1cf5ce2d8f7e414af256f702e266c89a54e160df0dff841016aaaa5f1,0.0,0.878,0.122,0.2023
2025-05-01 08:14:16,"Dow Jones Futures Rise As Microsoft, Meta Jump; Tesla Chair Denies Elon Musk Report",DowJones,https://finnhub.io/api/news?id=ed605c3094ef350a41b53ca97136c4bd474ae3c3268b1c0192d52cf164f544d6,0.177,0.823,0.0,-0.6808
2025-05-01 07:00:38,"Wall Street Breakfast Podcast: Meta, Microsoft Soar On AI, Cloud Strength",SeekingAlpha,https://finnhub.io/api/news?id=16a3c99ec4514e7e852b934b207e1caea8c9329c02493b84615ac05347ce2a5b,0.0,0.903,0.097,0.5106
2025-05-01 06:42:00,Mag 7 Ride to Market’s Rescue But It Needs Much More and 5 Other Things to Know Today.,MarketWatch,https://finnhub.io/api/news?id=af26950d6cd91ba0ceffe4f42f69b989c2e409d75d6d01acd24db4cfeed62de1,0.0,0.837,0.163,0.765
2025-05-01 06:32:16,META : JP Morgan remains its Buy rating,Finnhub,https://finnhub.io/api/news?id=d9ec0ed30dba3bec172462391c646d88b1f141011aea5e3bd6dcdad3aee008e2,0.0,0.792,0.208,0.8256
2025-05-01 05:16:17,Why Meta Shares Are Trading Higher By Around 6%; Here Are 20 Stocks Moving Premarket,Benzinga,https://finnhub.io/api/news?id=928ef418be66efd4a5c10a1983174b6788e49d306b8c8d2627897a035f83b5fb,0.0,0.864,0.136,0.296
2025-05-01 03:05:13,META : Jefferies reiterates its Buy rating,Finnhub,https://finnhub.io/api/news?id=5bf575f98853c798ea95b9c15ae88eb2688f32f885379e9d2bf671796bc5da1e,0.0,0.942,0.058,0.2732
2025-05-01 02:31:15,META : RBC reiterates its Buy rating,Finnhub,https://finnhub.io/api/news?id=703dcdf6140030ca7ddf608871f1aa61c8c4949bd5f6c4989d5f2799c8608210,0.0,1.0,0.0,0.0
2025-05-01 01:45:05,Meta Platforms : Q1 2025 Earnings Call Earnings Call Transcript,Finnhub,https://finnhub.io/api/news?id=af9b80da40ce7780949a2a7a5aa5269fd29f63d8ecf94ab84a8953a011c32e78,0.0,0.838,0.162,0.6597
2025-05-01 01:39:13,META : UBS gives a Buy rating,Finnhub,https://finnhub.io/api/news?id=2e53d51b8adeaaa72c83398af310bd3b92c56350046bdbe1bb9066817504772a,0.0,0.896,0.104,0.5574
2025-05-01 00:20:13,"Why Meta Platforms, Inc. (META) is Among the Best Augmented Reality Stocks to Buy According to Hedge Funds",Yahoo,https://finnhub.io/api/news?id=08c5f4af83737de27fe7f890ad2192eaaad61697e283b9223c010754bd83b0c8,0.0,0.817,0.183,0.9493
2025-05-01 00:19:58,Surprising earnings send Meta Platforms stock soaring,Yahoo,https://finnhub.io/api/news?id=6999905b1af553e38ae9c664b157ba643bfd98f129c0268bf275ac8e292526aa,0.0,0.777,0.223,0.5106
2025-05-01 00:10:00,Meta Q1 2025 Earnings Update,SeekingAlpha,https://finnhub.io/api/news?id=473710ef98a823caba75493a85eebe80f60e9ba41087cfd5bdbd4025f48545a8,0.0,0.886,0.114,0.4019
2025-04-30 23:50:00,Franklin Global Equity Fund Q1 2025 Commentary,SeekingAlpha,https://finnhub.io/api/news?id=add304a3ab757e79b9ad0319825662e9fcf86ab08aa9fe55c09c3b0c156d77d8,0.0,1.0,0.0,0.0
2025-04-30 23:47:34,"Big Tech: Microsoft, Meta beat forecasts, calm investor jitters",Finnhub,https://finnhub.io/api/news?id=966a4e63d37ab94f8a2ed10516f927da668cd6f31823f57e38e64d2abf9e25d5,0.097,0.849,0.054,-0.2023
2025-04-30 23:40:39,"Closing Bell Movers: Snap falls 14% after Q1 results, no guidance",Yahoo,https://finnhub.io/api/news?id=7fa3ea8e501e70cc60de161786debf821d63449c12c2ffcc8ed1de23229f5bbe,0.125,0.852,0.024,-0.9083
2025-04-30 22:35:21,Meta Boosts Spending Plans to Grow Its AI Capacity,Yahoo,https://finnhub.io/api/news?id=dd5b2c30d8067c4f9f4328f5c4b1d2fa896489ccdf57166917d9ea0a84c41cdf,0.0,0.929,0.071,0.3182
2025-04-30 22:34:07,Meta Platforms : Q1 2025 Earnings Call Prepared Remarks,Finnhub,https://finnhub.io/api/news?id=19f895a7a815dc76b8bc1a6baef185e85334e3e9bc094be4389f0d1a20c80e60,0.0,0.881,0.119,0.4215
2025-04-30 22:34:00,Meta Stock Jumps on Strong Earnings. Zuckerberg Promises  Returns on Big Capex Spending.,Yahoo,https://finnhub.io/api/news?id=684b21b5fcfe1afc2ec85d02d29b6bdfb81914590c66f755934e139b94fd3cc8,0.0,0.883,0.117,0.7964
2025-04-30 21:51:00,Meta stock pops on stronger-than-expected revenue growth,Yahoo,https://finnhub.io/api/news?id=052411aa68d56c0c0fb5f7cdee2a7426b1fdb9bbdbff6007f053bde732399946,0.0,0.84,0.16,0.7096
2025-04-30 21:42:06,Zuckerberg stokes Trump feud with EU,Yahoo,https://finnhub.io/api/news?id=cbf0959f1370e65a50448db4fc494daae184d9ce643d36bed65ebaf452d86d28,0.308,0.692,0.0,-0.875
2025-04-30 21:40:34,Meta is spending more on AI. Here's why investors view it favorably.,Yahoo,https://finnhub.io/api/news?id=97543e0644f094741e83f2d023ab2064ad3225d5cb274c7f42e4feaec5bdf37f,0.018,0.867,0.115,0.8415
2025-04-30 21:34:47,Meta & Microsoft earnings ease tech slowdown fears,Yahoo,https://finnhub.io/api/news?id=7fb44f8f91c2c7151ab2af6fc6d3561096e0e539f33d79cfe0817e6ef7f66149,0.057,0.87,0.072,0.2782
2025-04-30 21:23:36,Meta Platforms Inc. (META) Bullish Options Trade Unveiled,Yahoo,https://finnhub.io/api/news?id=a57f64a17e91cc71f2ddca9ae111f52c7ceb82eae7e7e6dda93346464dc9a41e,0.0,1.0,0.0,0.0
2025-04-30 21:20:31,Threads tops 350M monthly users after adding 30M in the quarter,Yahoo,https://finnhub.io/api/news?id=f26430349ac3c56bc42606ba04e5158d07ee2983f27a89828c891d943952e57f,0.0,0.855,0.145,0.9169
2025-04-30 21:15:07,Meta Platforms (META) Q1 Earnings and Revenues Top Estimates,Yahoo,https://finnhub.io/api/news?id=dc3624bfd152c5c48e5d64e510ae084c8a1c18ab8b7c4e60477b6ae71e3f3f7b,0.062,0.802,0.136,0.3182
2025-04-30 21:04:57,NVIDIA stock gains as Meta boosts AI capex... again,Yahoo,https://finnhub.io/api/news?id=9f4605146278e257a1f18503b17f2ee260b13ff9d4f90441d87ad0c4efe9df61,0.0,0.756,0.244,0.8625
2025-04-30 21:02:00,"These Stocks Moved the Most Today: Super Micro, Nvidia, Tesla, Starbucks, Seagate, Norwegian, First Solar, Snap, and More",Yahoo,https://finnhub.io/api/news?id=fe0b4d68effadc7facef893571f9f685c96139a7fab816f9da852ce941948688,0.03,0.732,0.238,0.9016
2025-04-30 20:58:22,"Meta Stock Rallies as Earnings Top Estimates, Meta AI Hits User Milestone",Yahoo,https://finnhub.io/api/news?id=dbd2e99a2d08f8a16c9a3db5bb5ae5e78312b86cfaf48f323c80089ac82c69c2,0.0,0.846,0.154,0.4588
2025-04-30 20:57:00,Meta’s blowout earnings show why investors shouldn’t sweat a boost to AI spending,MarketWatch,https://finnhub.io/api/news?id=1eea5778787fa9084ffcca81a4144885b8f36ff766c74aea198b1b71728dbb05,0.0,0.816,0.184,0.6597
2025-04-30 20:49:41,"Stocks to Watch Recap: Meta Platforms, Microsoft, First Solar,  Snap",Yahoo,https://finnhub.io/api/news?id=fd077c4be46e5ab2921eebca58618b01a416352920596a43952db84e7e85de95,0.0,0.915,0.085,0.5994
2025-04-30 20:42:26,"Meta's first quarter earnings, revenue beat Wall Street's expectations",Yahoo,https://finnhub.io/api/news?id=2c3677b8ea3958c5cdeb49034f535b443213ded5dbb55bf49fe1698168bd0910,0.035,0.859,0.106,0.5574
2025-04-30 20:40:17,"Meta Platforms, Inc. (META) Q1 2025 Earnings Call Transcript",SeekingAlpha,https://finnhub.io/api/news?id=966b6b0f5540b9d48b23adc643aa191620c27e03622839f5d14a420db52e5873,0.0,1.0,0.0,0.0
2025-04-30 20:23:03,"Meta Stock Gains As Q1 Beat, Sales Outlook Ease Tariff Fears. Tech Giant Ups AI Spending Forecast.",Yahoo,https://finnhub.io/api/news?id=df3aca5eee86dca0a364a40aeb8c9cec92b480ba2dfbb1e15d98f50867fad474,0.06,0.792,0.148,0.7351
2025-04-30 20:20:48,Meta stock gains on Q1 earnings and revenue beat,Yahoo,https://finnhub.io/api/news?id=90dd5ea122db98f76d47ce8a446191bec4d7ec70c5ce52137577b97f89e824f1,0.045,0.891,0.064,0.2315
2025-04-30 20:20:06,"Stock Market Today: Dow, S&P 500 Turn It Around As Soft Inflation Report Trumps Economic Contraction (Live Coverage)",Yahoo,https://finnhub.io/api/news?id=7a2e1bb1211852a32d1ecd4b7c8090c0c1c316d5dba29ae048954170a5f735c4,0.0,0.909,0.091,0.5994
2025-04-30 20:14:15,"Meta Platforms, Inc. 2025 Q1 - Results - Earnings Call Presentation",SeekingAlpha,https://finnhub.io/api/news?id=49b6ca2475c66daec1a93387cc45174924d4dbc21f88d168e4b927ef69ebf1e2,0.0,1.0,0.0,0.0
2025-04-30 20:13:07,"Stocks to Watch : Meta Platforms, Microsoft, Qualcomm, Align Technology",Finnhub,https://finnhub.io/api/news?id=4b49a495166880cb5840b40fff6c96584dac584c8730f72adefd9d88681ac9be,0.0,0.94,0.06,0.3818
2025-04-30 18:54:59,Meta's Reality Labs 'a leaky bucket' as its losses continue to grow,MarketWatch,https://finnhub.io/api/news?id=bf9ddb626665f5c386601cc5d2811ff6eee3ab52efd64a85ca0f35adacd823be,0.197,0.803,0.0,-0.6597
2025-04-30 18:45:00,Meta: An Exceptional Q1 2025 That Spreads Optimism Across The Markets (Upgrade),SeekingAlpha,https://finnhub.io/api/news?id=3d1f01b248f434df2921828675376d6ddd99d85a9bbc926ae6fe9b5d37addce7,0.0,0.759,0.241,0.5423
2025-04-30 18:36:24,Meta's ad resiliency surprises analysts,MarketWatch,https://finnhub.io/api/news?id=68bc20749e552e71e836f8095fa01bfb1d1f587dd3fdff8a4af780d326ca5a5e,0.0,0.678,0.322,0.4215
2025-04-30 18:31:00,"Facebook Parent Posts $42 Billion in Sales, Points to Strong Growth",DowJones,https://finnhub.io/api/news?id=2902202f370e664ba3ccdf644e349a4743aec554347ae453dfc0ccb83ef2aa6c,0.0,0.604,0.396,0.8957
2025-04-30 18:30:00,"Meta Platforms: Huge Beat And Raise, Valuation Remains Attractive",SeekingAlpha,https://finnhub.io/api/news?id=07e31b6b50c2018b2d6bd6e1fe8eecdf77022ffecc796c7300a2b8dee77d7553,0.0,0.65,0.35,0.9186
2025-04-30 18:29:07,Microsoft says it’s standing by its capital-spending plans,MarketWatch,https://finnhub.io/api/news?id=1d4b6d6b8d03a1b9272002b604ac6e67ac34f737d0a5e89ce8a3c9254bbfe6b3,0.0,1.0,0.0,0.0
2025-04-30 18:15:10,"Meta Beats Q1 Earnings And Rallies 5% After Hours--Still, I'm Staying Put",SeekingAlpha,https://finnhub.io/api/news?id=19379a4f2d1021c9d36c28fe8caa6258664c39c7615cf76de56c4f172a5ed0be,0.0,0.887,0.113,0.6652
2025-04-30 18:13:29,Zuck says monetization of Meta AI is going to take some time,MarketWatch,https://finnhub.io/api/news?id=6cba280c843efb593de2a960bfbc851e27eb34e072a732e773ad0f289df1ec8c,0.0,1.0,0.0,0.0
2025-04-30 17:28:36,"Meta's profitability jumps, as costs and expenses rise a lot less than revenue",MarketWatch,https://finnhub.io/api/news?id=22f6e400194a4d259cc22a72836733b4d06cf4c09c0119d92e74ff89381bd4eb,0.0,0.851,0.149,0.4939
2025-04-30 17:26:57,"Zuck says 2025 is going to be a really big year, especially in AI",MarketWatch,https://finnhub.io/api/news?id=f37e690a5ed00cc35ced0e232d5a0e2ed4831b48e5b7deeed5fc1914f5d71eca,0.0,1.0,0.0,0.0
2025-04-30 16:40:51,Meta's strong ad sales dampen tariff-induced fears,Finnhub,https://finnhub.io/api/news?id=f257e62f6093ad0b32b633293302638ba72aec22aa1ef6d564aafb7ef619706e,0.078,0.831,0.091,0.128
2025-04-30 16:13:30,Meta beats estimates for first-quarter revenue,Finnhub,https://finnhub.io/api/news?id=d2fe7cd5673df8fa708156910c1b50ca56ab3185993481d7e68aceb2bbed0fd6,0.0,1.0,0.0,0.0
2025-04-30 16:06:24,Meta Reports First Quarter 2025 Results,Finnhub,https://finnhub.io/api/news?id=b983589b039c26079a32f165b296c01c30cd7a6653b09d48369692bc896055b8,0.0,1.0,0.0,0.0
2025-04-30 14:18:38,Nvidia's Risk To Chinese Trade Restrictions May Be Easing,SeekingAlpha,https://finnhub.io/api/news?id=91eecdaeecee892bd991b36c2048dd031188602f1b871fd5667e61c38180b9c1,0.075,0.624,0.301,0.9032
2025-04-30 14:08:00,3 Reasons Arista Networks Could Rally Significantly In The Next 12 Months,SeekingAlpha,https://finnhub.io/api/news?id=e5ae654ce79206b1d237b6e9617d1ef0c2ff9a9aac06177530bd77defdfa71f0,0.0,0.778,0.222,0.8271
2025-04-30 13:59:18,Wall Street Falls On Weak Economic Data As Oil Slumps To $58: What's Driving Markets Wednesday,Benzinga,https://finnhub.io/api/news?id=c20f4d23cc8594dacfa3ecb2d78880792825916bab3560ea9f901af7c5f2bc34,0.153,0.847,0.0,-0.7506
2025-04-30 11:48:59,Snap's lack of guidance could also portend digital-ad turbulence for Meta,MarketWatch,https://finnhub.io/api/news?id=e0c424df8309b9e5cef0b0ec68bba65bafd1a61bb8c47114c52e0f6024b66314,0.187,0.813,0.0,-0.5574
2025-04-30 11:35:06,"Stock Market Today: Dow Jones Plunges On Surprise GDP; Nvidia, Tesla Dive As Super Micro Crashes (Live Coverage)",DowJones,https://finnhub.io/api/news?id=e1179fa3561e5563ebf90d474db0791e233ce2d12b11f12b0cb6b3ef09a60e5d,0.0,0.727,0.273,0.9001
2025-04-30 11:03:56,Why Wall Street is so bullish on Meta’s earnings — and what could change that,MarketWatch,https://finnhub.io/api/news?id=58d3370b0f974e1e4171762c7b0e45c53fc4bd5b5c99768ced85e5b37c890a68,0.0,1.0,0.0,0.0
2025-04-30 11:00:00,"2 No-Brainer Stocks to Buy With $2,000 Right Now",Yahoo,https://finnhub.io/api/news?id=a927f85ed8362dac8425285d6dee58583aced2f75a9c7056cddbd4591defbe32,0.123,0.802,0.074,-0.5267
2025-04-30 10:27:03,China is a big worry for Meta investors,MarketWatch,https://finnhub.io/api/news?id=fe102670d42b45f8c7bd3f13d59c23cc6b581d0ab0def90c8cb2f2f8a30b50a5,0.293,0.707,0.0,-0.7003
2025-04-30 10:15:00,"These 2 Chip Stocks Could Be Better Bets Than Nvidia, Analyst Says",MarketWatch,https://finnhub.io/api/news?id=eba6efd65ef8cb48e7807ec02ce9c0a79aba22bef92cd3a4e17ca16498f17bd1,0.0,0.791,0.209,0.7003
2025-04-30 10:15:00,The Davenport Core Leaders Fund Q1 2025 Commentary,SeekingAlpha,https://finnhub.io/api/news?id=30cbbdae87c9b1b956e51ece59c8a96cf5c63ad9d62c5732ec1a96c345d1f8cc,0.0,1.0,0.0,0.0
2025-04-30 10:08:06,This chart shows why GDP shrunk in the first quarter,MarketWatch,https://finnhub.io/api/news?id=8a07ce57a1f6da6673475dcee10b3400ad3056b8dc2f87b365a8f0df2760e5e4,0.0,1.0,0.0,0.0
2025-04-30 10:08:01,Tarnished Magnificent 7 stocks rebound faces test with earnings,Yahoo,https://finnhub.io/api/news?id=99be0e5e6eb54ac345793da21e7da407da21cb9b6e69d399537f1e1b2ac5af00,0.031,0.817,0.153,0.9119
2025-04-30 09:59:00,"Sell Nvidia Stock, Analyst Says. Here’s Why.",MarketWatch,https://finnhub.io/api/news?id=6ab18474e670cfcde56b9cf4a721ad3f9790bdd9c8d3f76ded0056e7300e9de0,0.0,1.0,0.0,0.0
2025-04-30 09:55:29,China's Tiktok To Invest €1 Billion In Finland To Build Data Centre,Benzinga,https://finnhub.io/api/news?id=4c41a41d414737313537044d8cc16b3de47b1968d79985a76a4885f4dc5296c0,0.0,0.914,0.086,0.128
2025-04-30 09:38:00,"These Stocks Are Moving the Most Today: Super Micro, Snap, First Solar, Starbucks, Seagate, Microsoft, Meta, and More",Yahoo,https://finnhub.io/api/news?id=db3ec42e4706fccb401914a19ca3ac9feb67c2b546af641c3ea471cc8a746da0,0.0,0.784,0.216,0.8878
2025-04-30 09:15:24,"Top 10 Trending Stocks On WallStreetBets As Of April 30, 2025 (Via Swaggy Stocks)",Benzinga,https://finnhub.io/api/news?id=7bdc1692e710acbfb237497d7ee465789623ebb8e20d84b14b44415503e52091,0.0,0.899,0.101,0.2023
2025-04-30 09:00:00,"Zacks Investment Ideas feature highlights: Meta Platforms, Alphabet, Amazon and Snap",Yahoo,https://finnhub.io/api/news?id=1ba3819374f56a8354048d448ec9cfb1c10a18df7d714984fc24e5e6aa5f9661,0.0,0.871,0.129,0.34
2025-04-30 08:45:02,Here are the key numbers to look for in Meta's report,MarketWatch,https://finnhub.io/api/news?id=bd8dbd558340a1af5b62ff0a8f58abc74bfcce15adca5afda00bd4eb63b2ba1f,0.0,1.0,0.0,0.0
2025-04-30 08:14:20,Dow Jones Futures: Stock Market Rallies On 'Done' Trade Deal; Nvidia Partner Super Micro Dives Late,DowJones,https://finnhub.io/api/news?id=50141434c9839cbb37eb268da158e2229824baba19b4cec3170f5b84b1598199,0.0,0.794,0.206,0.8316
2025-04-30 08:12:26,Traders bracing with four ‘Magnificent Seven’ companies set to deliver earnings and guidance,MarketWatch,https://finnhub.io/api/news?id=7847fe9f6070dbbb8756659ab266db73453931ce45a8136c1e7fd85a046b57cc,0.0,1.0,0.0,0.0
2025-04-30 08:00:21,The US economy may have avoided a recession so far. Here's how that could change.,Yahoo,https://finnhub.io/api/news?id=f07896e201d51b44cce85cc6b8b62a41b110cd659e07977718418128994f38c9,0.354,0.646,0.0,-0.9313
2025-04-30 07:59:38,How will Meta approach its earnings outlook?,MarketWatch,https://finnhub.io/api/news?id=aa4014f8472e34b736be0306d7b64d884845b1a04edbf05385264afa39b1f2ff,0.0,1.0,0.0,0.0
2025-04-30 07:24:00,"Meta Launches New Standalone AI App, Rivaling ChatGPT",Yahoo,https://finnhub.io/api/news?id=76937da7b005ebe7cba606a208f9ff2eb9181a726de0a51f37bde8fb0b3fdee9,0.0,0.912,0.088,0.2023
2025-04-30 07:04:00,Market Rally at Risk as Tariffs Damage Spreads. And 5 Other Things to Know Today.,MarketWatch,https://finnhub.io/api/news?id=3e744299a272d4cacf865ed898b568cd4b3ef94f2315e4f581ee0de25275ff9b,0.29,0.71,0.0,-0.8625
2025-04-30 07:00:00,Meta’s Earnings Pit Ad Strength Against Growing International Risks,Yahoo,https://finnhub.io/api/news?id=8412f3f1efd016cee49bdeb7aaeb47e79c856ea8618af0ff1ea6cb518c3740be,0.037,0.822,0.142,0.875
2025-04-30 06:06:18,"North American Morning Briefing : Stock Futures Fall, Economic Growth Likely to Take a Hit",Finnhub,https://finnhub.io/api/news?id=e0cd628a3547f954ca79f147c01c398c89d568a6d33c3087fd1ce0977dc1ecf4,0.0,0.898,0.102,0.6369
2025-04-30 05:34:13,Microsoft and Meta headline earnings slate,MarketWatch,https://finnhub.io/api/news?id=9a96eb9fb32933e389bcb57ac05673b6716daf766e72c2ace004e1bab0cf92ec,0.0,1.0,0.0,0.0
2025-04-30 05:28:00,Snap Withholds Second-Quarter Outlook Amid Macro ‘Uncertainty.’ The Stock Sinks.,MarketWatch,https://finnhub.io/api/news?id=c222bb4e6265fcf56004fb8bb0bb30eeb273183d996ab9787f7e81b51d569268,0.0,1.0,0.0,0.0
2025-04-30 04:32:41,"Earnings Scheduled For April 30, 2025",Benzinga,https://finnhub.io/api/news?id=806ce3e37ee5938e715dbe1502772190694162147d9493748247df83687ad074,0.0,1.0,0.0,0.0
2025-04-29 23:00:00,"Microsoft and Meta earnings, April PCE: What to Watch",Yahoo,https://finnhub.io/api/news?id=d28b5c04c6d0849759c26092fb87f1b549815ad789177a329ac0d50410aa3cc3,0.019,0.954,0.027,0.1585
2025-04-29 22:45:52,"Meta launches new AI assistant, tool for developers",Finnhub,https://finnhub.io/api/news?id=46c3bef28f75f19b3de3a554e557ba2bbbfdbf3b16a24e0b02bdb4bdf3da315c,0.0,1.0,0.0,0.0
2025-04-29 20:19:01,Meta Unveils Standalone Meta AI App,Yahoo,https://finnhub.io/api/news?id=17d5d1e7b0b897fdf94527f434cfa350cb4b9d260ad1822d9f4ed3fb75114a18,0.0,1.0,0.0,0.0
2025-04-29 20:07:38,"Meta Spars With FTC on Whether TikTok, X, Reddit Are Competitors",Yahoo,https://finnhub.io/api/news?id=badd9626915a5aa0eddb3c292afff52a81985ad1bed11ab316381b97e332261a,0.029,0.944,0.027,-0.0516
2025-04-29 20:00:00,Meta launches new Meta AI app to rival ChatGPT,Yahoo,https://finnhub.io/api/news?id=0ae559a176d3fad4d5c6fdef419a4f831faf3add2da71278d8a30aee89021bb7,0.018,0.963,0.019,0.0056
2025-04-29 18:47:20,Big Tech's moment of truth is here,Yahoo,https://finnhub.io/api/news?id=eaef85938beabc3f28729d7ccb6baffb8ca7673af5b93a0ff1aeca53e5262ea1,0.0,0.879,0.121,0.4588
2025-04-29 18:14:32,10th Man Report: Here's Why Markets Are Going To Sink This Week,SeekingAlpha,https://finnhub.io/api/news?id=f768a3a4c866bd85a7a979ac76858983b8a770400998f783d8d0e26c00a53261,0.0,0.91,0.09,0.5688
2025-04-29 18:09:00,"What options trading is telling us now about Amazon, Apple, Meta and Microsoft earnings",MarketWatch,https://finnhub.io/api/news?id=c926bc3736b29e03d77ddc96a86699d656aad7afd5ad90561501e62729bee014,0.0,0.884,0.116,0.34
2025-04-29 17:33:00,Activist Robby Starbuck Sues Meta Over AI Answers About Him,Yahoo,https://finnhub.io/api/news?id=8a489d102dbbdf13b137c7a3ee5f9660ea9d7ed1b0a0cc5503edaaa5a3d206fd,0.104,0.807,0.089,-0.128
2025-04-29 17:22:30,"Meta to report first quarter earnings as tariff, antitrust fears loom",Yahoo,https://finnhub.io/api/news?id=00e36c66add53ca438563e8c0f3d2d5644e907f9b05c03ac5c8e685f52d7ccc5,0.183,0.817,0.0,-0.5719
2025-04-29 17:16:00,Will Higher Ad Revenues Aid Meta Platforms in Q1 Earnings?,Yahoo,https://finnhub.io/api/news?id=ee626c865cc24122e764bbb6cec80dddfce8cd0796494c29331b1ee180c36b46,0.0,0.655,0.345,0.891
2025-04-29 16:22:00,"Meta Faces an Advertising Shock. Why the Stock Is Still Superior to Pinterest, Snap.",Yahoo,https://finnhub.io/api/news?id=4591ac1410c108b6258d2dc66c14fad6981591cd31dfcce882e84e66010e7dbe,0.098,0.82,0.082,0.079
2025-04-29 16:17:01,Snap shelves quarterly forecast as economic uncertainty risks ad budgets,Finnhub,https://finnhub.io/api/news?id=9812881a10765ba98b9ed874142bba06fadc92a7c4808d7cba378b522f1c400d,0.213,0.787,0.0,-0.8176
2025-04-29 16:16:38,Meta Holds AI Conference With Q1 Earnings On Deck. Here's What To Watch.,Yahoo,https://finnhub.io/api/news?id=fb3eb8b3ad4119c88038863dc26848b226f867f67876fa6972de43ca955307b8,0.0,1.0,0.0,0.0
2025-04-29 16:10:55,"IGM: Mag 7's P/E Has Come Down Ahead Of Q1 Earnings, But Technical Damage Done",SeekingAlpha,https://finnhub.io/api/news?id=7c9e304cead5b4e7264c467e7adac95eb451e30ca85b688a28a6ae909fc613a0,0.093,0.777,0.131,0.1901
2025-04-29 16:04:18,Facebook parent Meta Platforms launches standalone AI assistant app,Yahoo,https://finnhub.io/api/news?id=625a4479407cb807768b3a629c4d260e7084c5adc8ed396d0d8c6e5f7571de50,0.0,0.926,0.074,0.6908
2025-04-29 15:38:16,Meta launches a standalone AI app to compete with ChatGPT,Yahoo,https://finnhub.io/api/news?id=81638891647a3b1f27fc16fb5fc65c6c3be5c383896c8e7f3b75107e21a835f2,0.0,0.917,0.083,0.8316
2025-04-29 15:14:00,META Q1 EPS Preview: Expectations & AI Initiatives,Yahoo,https://finnhub.io/api/news?id=ca9769a73736e99923d08dd1c36dd96fe665c6be9e0fb47fefacb4cbac126247,0.0,0.883,0.117,0.5106
2025-04-29 15:05:00,AI infrastructure buildout is 'modern space race': Clayco CEO,Yahoo,https://finnhub.io/api/news?id=a86e8f5fd4411d3245bdb740cc73a7dafe38cbf27b718ee4620485212f2cc9e8,0.0,0.948,0.052,0.4939
2025-04-29 15:04:59,Arista Networks: Buying Opportunity Knocking At The Front Door Again,SeekingAlpha,https://finnhub.io/api/news?id=7e3ed078e340ec455d72dbc2ade2b37ee594cb3ea1cc4f638d81d9401fb99553,0.075,0.78,0.145,0.3818
2025-04-29 14:33:10,White House blasts Amazon for 'hostile and political' tariff move,Yahoo,https://finnhub.io/api/news?id=b0e54d412cb18f0616ac65bc7aec094a8ce5d5b4895eaaee5ec416b540ff9ef2,0.063,0.854,0.083,-0.0516
2025-04-29 13:54:58,Mag 7: What the technicals are saying about Big Tech stocks,Yahoo,https://finnhub.io/api/news?id=60c5a227ca78dd7a1c300a62836c4809dc9ca5a991e062f7b5787efa61043db0,0.013,0.935,0.052,0.6369
2025-04-29 13:36:55,Microsoft and Amazon Capex in Focus Amid Potential AI Pullback,Yahoo,https://finnhub.io/api/news?id=4c685c105b41eb7fa2d70d10e3da7fa6b562e224747c90dea138c1d7860c5f95,0.0,0.952,0.048,0.5267
2025-04-29 12:42:00,Meta Launches Stand-Alone AI App to Compete with ChatGPT,MarketWatch,https://finnhub.io/api/news?id=0da64250b74ec81e5ddaf1d1172f9bd83d3640f435ce159870622932147a3165,0.0,1.0,0.0,0.0
2025-04-29 12:37:54,"Jim Cramer on Meta Platforms, Inc. (META): “Let’s keep buying Meta” – Valuation Reset Opens Door for Advertising Comeback",Yahoo,https://finnhub.io/api/news?id=6612e13c3b3fa9e37d0fa94c63e9ba04b75c3449cd3e6dd8aab573b073e0a4b0,0.041,0.959,0.0,-0.4939
2025-04-29 12:24:10,Summer Recession Forecasted By Apollo: Is This S&P 500 Rally Built To Last?,SeekingAlpha,https://finnhub.io/api/news?id=a0c69b4efd976a5ee680260b10cdb2bcf12984af2572c66ee3e01a58c766cc21,0.19,0.81,0.0,-0.7906
2025-04-29 12:18:00,National Fuel Gas Company and Century Communities have been highlighted as Zacks Bull and Bear of the Day,Yahoo,https://finnhub.io/api/news?id=cec477fb969a63f3e21600a6b5813230daa74918a1f8fd951674c5359b797229,0.0,1.0,0.0,0.0
2025-05-12 22:35:00,"When Trump Says 'Buy,' You Buy",SeekingAlpha,https://finnhub.io/api/news?id=9e051939023bba3e2e0309a468e962fc84444020e9a858a4ee98efe8608af2d9,0.0,1.0,0.0,0.0
2025-05-12 22:18:41,Meta Shares Rise as Tariff Overhang Clears for Asia-Based Advertisers,Yahoo,https://finnhub.io/api/news?id=e6bac08206406d4e216b8b3aa3ce2512edbc849220034ef1293002cd4f1195ed,0.0,0.825,0.175,0.7906
2025-05-12 21:02:11,Tracking David Abrams' Abrams Capital Management Portfolio - Q1 2025 Update,SeekingAlpha,https://finnhub.io/api/news?id=9794be19bcfc89a700b3a8f73c6058f7522bf4d39b350fa9e04b9db109704e7f,0.0,0.884,0.116,0.4939
2025-05-12 17:11:46,"Meta (META) Stock Trades Up, Here Is Why",Yahoo,https://finnhub.io/api/news?id=6f71ccdf656d974a95c17e2b96c9cc9c2c0861ebacf7a724763428d265dd51cb,0.051,0.842,0.107,0.6597
2025-05-12 16:28:00,"Amazon, Apple power ‘Magnificent Seven’ to more than $830 billion in market-cap gains in one day",MarketWatch,https://finnhub.io/api/news?id=c4382791e54fdd77d1cac9a9063372e26d17d77b2fa2d9f39cc1056ad75e1408,0.0,0.773,0.227,0.7351
2025-05-12 14:01:47,"Mag 7 rally, airline & pharmaceutical stocks: Trending Tickers",Yahoo,https://finnhub.io/api/news?id=9628fb9881b7e2d232cd96a73b7010b72d37c73ec467fc135e20ba0642e54e93,0.049,0.827,0.123,0.8591
2025-05-12 13:50:22,Shares of companies within the broader communication services sector are trading higher amid overall market strength after the US and China agreed to a temporary reduction in most tariffs on each other's goods.,Benzinga,https://finnhub.io/api/news?id=51692de7da464ed347ff5731abb0907d995d73023d409d5601eb0dbdabdf6eb2,0.0,0.8,0.2,0.7579
2025-05-12 13:20:59,"Magnificent Seven Gain $700B After US-China Slash Tariffs, Gold Crashes: What's Driving Markets Monday?",Benzinga,https://finnhub.io/api/news?id=2c48c141cb2110078d093aa7a02e9601851830a0be3df4e44c85edbd9885dc40,0.274,0.629,0.097,-0.8555
2025-05-12 13:08:56,US-China tariff agreement may add fuel to 'Magnificent 7' stock rally,Yahoo,https://finnhub.io/api/news?id=da15636dd09cd7d43a79ee1a393e9cfbba535bdb5b7f75b6da2fbb21755ae086,0.0,0.633,0.367,0.9001
2025-05-12 13:08:00,"GOOGL, META, MSFT: 3 Promising AI Giants With Attractive Valuations",Yahoo,https://finnhub.io/api/news?id=7dd39f24641ab7e78071b0643b3bf617a63e5e12e8fa7bab746315db184422e6,0.0,0.684,0.316,0.8074
2025-05-12 12:45:00,Secrets behind 'Magnificent 7' surge ahead of Nvidia earnings,Yahoo,https://finnhub.io/api/news?id=01edf6eb55badc6b83746c53e23177e71c5d8a64f9c4d5b5717bf83fe443bb65,0.018,0.869,0.112,0.9638
2025-05-12 12:31:06,"Amazon, Tesla stocks lead 'Magnificent 7' surge after US-China temporary trade truce",Yahoo,https://finnhub.io/api/news?id=1b3394544d875423d9ff81c5c8a2d5fcdad7b83e89a2145e3db6bfa263e51902,0.086,0.665,0.248,0.743
2025-05-12 11:23:59,Dream Scenario For Tariffs: What's Next For U.S. Stocks?,SeekingAlpha,https://finnhub.io/api/news?id=00645f14a497f1d6778b24b8936b4795038218d103629509cfbbeeba0f9a9239,0.0,0.8,0.2,0.25
2025-05-12 09:46:00,Amazon Stock Surges. Why It’s a Mag 7 Outperformer on Tariffs Deal.,MarketWatch,https://finnhub.io/api/news?id=394e3e91db066bcf7483fa3d1696427cc7d51aebf432de2d12357a15dcb8e615,0.0,0.866,0.134,0.34
2025-05-12 09:30:00,Consumer relief from U.S.-China trade deal sends retailers’ stocks surging,MarketWatch,https://finnhub.io/api/news?id=73a181a2a807ed18cd25bcf2525efb43281d7984f8d9ab423fdb243ffa55ec7c,0.0,0.744,0.256,0.7351
2025-05-12 08:44:00,"Is Meta Platforms a Better ""Magnificent Seven"" Stock to Buy Right Now Than Apple?",Yahoo,https://finnhub.io/api/news?id=80a0a570998c24861eff009a9be395a9d4b3c7af4355fd50f0be8c2b81349b82,0.029,0.751,0.22,0.8808
2025-05-12 08:06:42,"GAB: Lack Of Tech Exposure Is A Plus, But This Fund Is Incredibly Expensive",SeekingAlpha,https://finnhub.io/api/news?id=cb8ba87d013f965c4fe8326e5e1a8ae62a8a6a96b084ade4aa582687bd12f176,0.113,0.887,0.0,-0.1655
2025-05-12 07:30:00,Is Alphabet's Business Dying,SeekingAlpha,https://finnhub.io/api/news?id=26ac0e927c3ee125d7fb4c93cb43909196c4d148630e880baa44cd23b4364f24,0.099,0.542,0.358,0.9253
2025-05-12 07:11:16,"Dow futures show 1,000-point gain ahead as markets rally on thaw in U.S.-China trade tensions",MarketWatch,https://finnhub.io/api/news?id=eaf14d9666f30247a9fd0f62dce318902f6467ba5d8f66868375271890e0986e,0.141,0.681,0.178,0.34
2025-05-12 06:44:16,EU's Virkkunen will travel to the United States on Tuesday,Finnhub,https://finnhub.io/api/news?id=35f3c4d735d2d56e27c12142c1704b78d611e09bd42fa1dadec64614610c880e,0.0,0.859,0.141,0.6808
2025-05-12 05:00:00,"Meta, Walmart, and Other Stocks This AI Trader Is Selling Amid the Market Uncertainty",Yahoo,https://finnhub.io/api/news?id=7fd51a94f9fad7ccade7c2a425290310bd0f996f0a3bbeb20e3bc3bc24724cd8,0.18,0.66,0.16,0.0129
2025-05-12 04:34:14,2 Volatile Stocks for Long-Term Investors and 1 to Ignore,Yahoo,https://finnhub.io/api/news?id=3f69da0d867fcc99a24e3fd9249955b70130bfcdcc6a431774cfa24ebc6f977d,0.168,0.692,0.14,-0.1027
2025-05-12 02:33:54,5 Ugly Investments 'Everyone' Is Buying,SeekingAlpha,https://finnhub.io/api/news?id=1f0836a1c02945fdf223aec14f1f8d10000dc3fbd773f1ebb4d9ca14aee213a0,0.177,0.659,0.164,-0.1045
2025-05-11 21:31:00,The ‘Magnificent Seven’ are back in the stock market’s driver’s seat — but are they still a buy?,MarketWatch,https://finnhub.io/api/news?id=4b119023f3686cb538d363e4812389a136801f37bdfda5e0207dcc2e8b53edbd,0.0,1.0,0.0,0.0
2025-05-11 19:30:00,Meta Platforms: One Of My Favorite Undervalued AI Investments In The Market,SeekingAlpha,https://finnhub.io/api/news?id=58a7e73a50a222c78daf3d54ac346e83175bed3868c37448559bca3216f0045b,0.087,0.794,0.119,0.2062
2025-05-11 18:19:00,Nasdaq Recovery: 3 Artificial Intelligence (AI) Stocks That Are Still Too Cheap to Ignore,Yahoo,https://finnhub.io/api/news?id=2b29457feb3ea4658130cec2e4b13320608270d2a34c3aff7f36101fcb5bc103,0.087,0.804,0.108,0.1531
2025-05-11 16:21:00,Prediction: This Artificial Intelligence (AI) Semiconductor Stock Will Soar After May 28,Yahoo,https://finnhub.io/api/news?id=3c76217b10de12329e92c7ea833c813288514e531155b4e4d972becda5aaee36,0.0,0.945,0.055,0.2617
2025-05-11 12:16:06,"USA: A Historical Underperformer, But Value-Orientation Might Be Appealing",SeekingAlpha,https://finnhub.io/api/news?id=330eb9cea95f5b959d5f4ac1f33fedd5eb9041aab60c9cb5fe41f387790bcc3a,0.0,0.859,0.141,0.6808
2025-05-11 11:35:00,Invesco Summit Fund Q1 2025 Commentary,SeekingAlpha,https://finnhub.io/api/news?id=a710fc90fb51204a1df19c2c41a5436e72f8c6a1ff5fa52303cebd30469c24f9,0.084,0.807,0.109,0.1779
2025-05-11 08:55:00,Invesco Comstock Fund Q1 2025 Commentary,SeekingAlpha,https://finnhub.io/api/news?id=8da8af5dd59ec4a391f82f52f04fc463362fb0b42c3e978a812a88b87697e4ba,0.0,0.894,0.106,0.4939
2025-05-11 07:55:00,Invesco Rising Dividends Fund Q1 2025 Commentary,SeekingAlpha,https://finnhub.io/api/news?id=bf955552c441d518d76e864185d0200258299f88dd804d57eba04e3a83d94f8c,0.0,0.778,0.222,0.7184
2025-05-11 07:06:00,"There's Only One Logical Choice to Be Wall Street's Next Stock-Split Stock, and It's Not the Company You're Probably Thinking Of",Yahoo,https://finnhub.io/api/news?id=02bc54acbc01058a0b0fb4f5ab31ea3c2f56aa81935af91ae3020a5c1ac4066f,0.0,1.0,0.0,0.0
2025-05-11 03:45:00,Invesco Charter Fund Q1 2025 Commentary,SeekingAlpha,https://finnhub.io/api/news?id=47c67780031ae9f1e8e62e138a47a2d4e20de28c34c16e13734a28f4ee43325b,0.0,0.782,0.218,0.6486
2025-05-11 03:35:00,Invesco Global Core Equity Fund Q1 2025 Commentary,SeekingAlpha,https://finnhub.io/api/news?id=3ec49e95ea4cf2c14535a16afd656063b8e9019484ee3f2d8415d2e4f425b1de,0.186,0.698,0.116,-0.2732
2025-05-11 02:21:41,TTD Q1: Upgrading My Price Target Amid Stellar Earnings,SeekingAlpha,https://finnhub.io/api/news?id=5496d92a53df70766967fc537d566a4b7381c45ad91cf3a06962c4d8f45d064c,0.0,0.838,0.162,0.7184
2025-05-10 14:25:35,Jim Cramer on Meta’s $72 Billion CapEx Forecast: Bold or Risky?,Yahoo,https://finnhub.io/api/news?id=eff0f5dae37eebb770cfc771ed2a8f492b8c12cbf44de50231cc41250a5b2260,0.025,0.867,0.109,0.7269
2025-05-10 13:45:00,Cathie Wood Goes Bargain Hunting. 1 Dirt Cheap Artificial Intelligence (AI) Chip Stock She Just Bought (Hint: It's Not Nvidia),Yahoo,https://finnhub.io/api/news?id=f25e776906078b40b6c21fb915d37253545f62eeb85baed38c2e3fd2381b5514,0.057,0.827,0.116,0.3612
2025-05-10 12:00:00,"AI Agents Will Transform Customer Relationships, for Better or Worse",Yahoo,https://finnhub.io/api/news?id=6e3dd7c972d266ee847f4f551a29255afb0d6ec5d417ff574b44c3abab417c16,0.088,0.765,0.147,0.2732
2025-05-10 11:45:00,Here Are the 2 Best Artificial Intelligence Stocks to Buy in May and 1 to Avoid,Yahoo,https://finnhub.io/api/news?id=14d83af99fc1421c88936e013d3ddbab62e4187110404083b90986c0a7e09456,0.02,0.744,0.236,0.9442
2025-05-10 09:30:00,The Giants of Silicon Valley Are Having a Midlife Crisis Over AI,Yahoo,https://finnhub.io/api/news?id=fdbc0eea609d078e2c60a64b709ed561bf0111422265d5ca0702fd3ba9f29c6b,0.111,0.842,0.047,-0.5859
2025-05-10 09:10:00,2 Growth Stocks to Buy and Hold for the Long Term,Yahoo,https://finnhub.io/api/news?id=9766f01eac8c5de627ac2faf235f012fa8c3ca9a65b940e3a95a864cea07660a,0.012,0.856,0.132,0.8176
2025-05-10 08:30:00,30 AI stocks that could surge up to 73% — and are loved by a bullish tech analyst,MarketWatch,https://finnhub.io/api/news?id=d3b045daf208ae45c5e03ff89465e64d81e7aef1125bcb88e36d490b59d68c8a,0.0,0.813,0.187,0.8316
2025-05-10 08:10:00,"Billionaire Terry Smith, ""the English Warren Buffett,"" Has 31% of His Hedge Fund's Portfolio Invested in 3 Exceptional Stocks",Yahoo,https://finnhub.io/api/news?id=33f681ef6cae890278c7018b4d239df538680dd313a0281cd3c9efd836fe2e9b,0.0,0.868,0.132,0.6249
2025-05-10 06:28:08,EOS: Market Volatility Creating Better Opportunities,SeekingAlpha,https://finnhub.io/api/news?id=5108caf4515dd6055bbf824b7b75978cf950e8e631f06bbbba7cc00857ee8ce1,0.03,0.64,0.33,0.9038
2025-05-10 02:27:54,"Meta: AI Integration Makes It A Buy (Technical Analysis, Upgrade)",SeekingAlpha,https://finnhub.io/api/news?id=277c6cf68e6adf091ae0a33c56c45fcaeac040d7192a9404aca6dd384cecdc2e,0.0,0.805,0.195,0.7579
2025-05-09 20:23:10,Alphabet Shares Take $138 Billion Blow as Search Warnings Blare,Yahoo,https://finnhub.io/api/news?id=a744f78e421d7ecae5385ece3670ecf1529d1eb66853c1cd88565eb6ad689286,0.194,0.752,0.054,-0.8948
2025-05-09 18:48:41,Meta's new payment proposal sends stock reeling,Yahoo,https://finnhub.io/api/news?id=e1dee1f00fa6d7e91a3dc1e4edf832535fc2a19df2426136d9fb76844b9cacde,0.0,1.0,0.0,0.0
2025-05-09 16:43:07,US Department of Labor closes investigation into Scale AI,Finnhub,https://finnhub.io/api/news?id=36f529ee29964738ae18a04e5e6df466ef81ce315099354e5ae754506670523b,0.0,0.97,0.03,0.0258
2025-05-09 15:53:00,Pinterest Follows Meta And Reddit With Upbeat Ad Outlook Despite Tariff Fears,Yahoo,https://finnhub.io/api/news?id=95177445cae23a4c7055f2e9dbaced43e66e8507c26f996b7751bbf58b84ac41,0.089,0.863,0.048,-0.1114
2025-05-09 15:42:07,"US Department of Labor drops investigation into Scale AI, TechCrunch reports",Finnhub,https://finnhub.io/api/news?id=1844f84225dca7533465573f0820f953e0a1b40b8f29989d56ec6a5da9fa1527,0.045,0.875,0.08,0.128
2025-05-09 14:48:00,Optimistic With An Asterisk,SeekingAlpha,https://finnhub.io/api/news?id=0f71d32f673d655cf168160b049bbfbc9cb9a5518162f480baf8e6b669b7eeed,0.0,0.839,0.161,0.3182
2025-05-09 13:35:25,10 Communication Services Stocks Whale Activity In Today's Session,Benzinga,https://finnhub.io/api/news?id=1406ddcdaa1c5fc6c47f7dd5a8fdd3a52882ecfb3b173c2d3043775f5885f4bc,0.0,1.0,0.0,0.0
2025-05-09 12:19:18,Meta's AI Power Play: The Mastermind Returns to Shake Up the Game,Yahoo,https://finnhub.io/api/news?id=b85eb27dd1eb6a411e123049eba2be5dd97dcf90e9aae1887c265bdb13aeb8ca,0.056,0.787,0.157,0.4767
2025-05-09 11:26:06,"Tesla Supplier Panasonic To Slash 10,000 Jobs, Take $895 Million Hit",Benzinga,https://finnhub.io/api/news?id=ac69bc3f45063daacb70913c9e5329ada391235b93779e4e23746cd344114d5b,0.113,0.753,0.134,0.2023
2025-05-09 11:15:00,2 AI Stocks That Could Go Parabolic,Yahoo,https://finnhub.io/api/news?id=8105ab168dfe0bb5ae7c4f8650b59353b1ee110daf73f5f2de066c3bafcd89db,0.0,1.0,0.0,0.0
2025-05-09 11:05:47,Mark Zuckerberg runs Meta by only managing a ‘small group’ of 30—but even they don’t have one-to-ones,Yahoo,https://finnhub.io/api/news?id=f7cfce369ad56e8b8cf00694d162dc7af93dd40cf69553c2c16f7fde6e0b1792,0.0,0.944,0.056,0.25
2025-05-09 11:00:00,Tech Industry Warns US Investment Pledges Hinge on Research Tax Break,Yahoo,https://finnhub.io/api/news?id=3e5d440d0e5f7c77de09300e58143ec78372fe9bae4fad3d8ead8a3f2d893313,0.176,0.799,0.025,-0.9014
2025-05-09 10:35:00,"Meta touts complementary powers of video, AI in overture to brands",Yahoo,https://finnhub.io/api/news?id=308009a92341845632e8b6ef27eea98fd5a72ea2e0173f9cf68ebe21de905579,0.028,0.902,0.07,0.3818
2025-05-09 10:30:00,4 No-Brainer Stocks to Buy Right Now,Yahoo,https://finnhub.io/api/news?id=a5f5c6b1d757b5921fd582c265884aec020450fa897231e4ecd771e644560f9e,0.044,0.79,0.165,0.6808
2025-05-09 09:30:00,2 No-Brainer Artificial Intelligence (AI) Stocks to Buy Right Now,Yahoo,https://finnhub.io/api/news?id=1f1bda5347c4a12430d0d759ff6786c25d0e0abd258769113a303f255d34d9d0,0.0,0.924,0.076,0.6808
2025-05-09 09:20:00,Invesco Main Street Fund Q1 2025 Commentary,SeekingAlpha,https://finnhub.io/api/news?id=2532fe9bad2b16b55a3d6f44dfe8ca7dcff42653956ffc6a5655eb6315aff9f2,0.0,1.0,0.0,0.0
2025-05-09 08:20:00,Auxier Asset Management Spring 2025 Market Commentary,SeekingAlpha,https://finnhub.io/api/news?id=eba777e4c008d93312871c2306318ee5bda74619c6da74df56a0510c240eeb0e,0.069,0.8,0.131,0.296
2025-05-09 03:08:24,"METU Does What It Says On The Tin, 200% META Stock",SeekingAlpha,https://finnhub.io/api/news?id=a40195ab58b55f57dd3d045b40e821c6fe1b0185ce57ab560fe8c1ae7e21648b,0.0,0.939,0.061,0.296
2025-05-08 23:37:00,Tell-all says Facebook used sinister tactics on vulnerable group,Yahoo,https://finnhub.io/api/news?id=5ab413d4105a30538ff8927d509c6aa02519c67f9689ce45f0b8ddfe9d8c6ef5,0.355,0.645,0.0,-0.8316
2025-05-08 23:22:39,"Meta Platforms, Inc. (META): Among Billionaire David Abrams’ Stock Picks with Huge Upside Potential",Yahoo,https://finnhub.io/api/news?id=15449efe0718ca8234d6caf64ec369546d552325a2b9d2a362de935418d8c5da,0.0,0.909,0.091,0.7096
2025-05-08 21:58:42,"From Apple to GM, Tariffs to Cost Companies Tens of Billions",Yahoo,https://finnhub.io/api/news?id=3022292d41dad23f3268df89f56ef41fcb1b74d88d4dd7e87551f92749aeba0e,0.195,0.758,0.047,-0.9312
2025-05-08 20:16:14,Tracking Cathie Wood's ARK Invest 13F Portfolio - Q1 2025 Update,SeekingAlpha,https://finnhub.io/api/news?id=c9c02232461994cc8e615e222329fa9f169204b87bad926bc80ed2631390a3bc,0.0,0.829,0.171,0.6124
2025-05-08 20:05:09,"Meta Outlines Facebook, Instagram and Threads Ad Updates at NewFronts 2025",Yahoo,https://finnhub.io/api/news?id=387878d9f522075a3486ad9178c18af90e085fbb510d65c5ed8cefca5e052332,0.0,1.0,0.0,0.0
2025-05-08 19:06:32,Exclusive: Meta in talks to deploy stablecoins three years after giving up on landmark crypto project,Yahoo,https://finnhub.io/api/news?id=49a9db184e88cf591f22f00b98c00a41781fcc9768b3e0bdd990cecec4a66555,0.033,0.82,0.148,0.4404
2025-05-08 18:55:55,"Meta, Please Kill Reality Labs",SeekingAlpha,https://finnhub.io/api/news?id=ac79c3475f796f2970bd7884b55f0ba705ec6357301241a0fba15f7fa289a70e,0.188,0.509,0.303,0.5106
2025-05-08 18:15:00,Instagram Threads is getting video ads,Yahoo,https://finnhub.io/api/news?id=00c89cf20f79480fed39923c47a541fb8f9221197beb6cd1611f91710764251b,0.0,0.94,0.06,0.5256
2025-05-08 17:42:29,Apple: The Future Is More Privacy And Security In AI,SeekingAlpha,https://finnhub.io/api/news?id=7976022506f8fe77068f90dda473a29b8ac48d96af9e4c62e8926ab23ca20120,0.0,0.866,0.134,0.6444
2025-05-08 16:45:00,"Apple Is Developing Specialized Chips for Glasses, New Macs and AI Servers",Yahoo,https://finnhub.io/api/news?id=95980f78bdfd7dc3367f38af0d26d576263a5ee09d80d6f68e97516b4ee8f98f,0.119,0.772,0.109,-0.0183
2025-05-08 16:01:26,"Trump's U.S.-UK Trade Deal Keeps 10% Tariff, But S&P 500 Rallies (Live Coverage)",Yahoo,https://finnhub.io/api/news?id=89d0aaf4f9ab7c077b6eb81399d630973cf5d7261884f63b2b6f7177191b79f0,0.0,0.862,0.138,0.6956
2025-05-08 15:50:26,Trump's U.S.-U.K. Trade Deal Keeps 10% Tariff But S&P 500 Rallies (Live Coverage),Yahoo,https://finnhub.io/api/news?id=611fb2068725efe9aa9e00d190ad5f27957f42b8e7089837d951abe62eab093e,0.0,0.862,0.138,0.6956
2025-05-08 15:26:00,Recent Moves By Meta Stock Make A Bull Put Spread One Key Option,Yahoo,https://finnhub.io/api/news?id=5b03c67ce7ec8bf72fcafcee35a19871f3b03b1f0b96c854313ac73959a01ea7,0.065,0.935,0.0,-0.2732
2025-05-08 15:23:34,US needs 'unified approach' on AI companies competing with China,Yahoo,https://finnhub.io/api/news?id=5478599ca41186634ac79485cb25140ba4ddb7babfd414ee1bcf53f07275e76f,0.01,0.89,0.1,0.9201
2025-05-08 14:20:00,Hartford Capital Appreciation Fund Q1 2025 Commentary,SeekingAlpha,https://finnhub.io/api/news?id=b978f055cb3b2939297deba8cac66e33273378115fc7f5c74b751ff69f7f1482,0.042,0.693,0.265,0.8126
2025-05-08 13:42:59,Trump's FTC antitrust cops just got a loud warning about blocking tech tie-ups,Yahoo,https://finnhub.io/api/news?id=a716590884a7a81713ccd49b8adbd335ccbace46593bd528b5cbe287566605d4,0.231,0.769,0.0,-0.891
2025-05-08 13:16:25,"China Is Baked In, Time To Pick Up AMD And Nvidia Stock",SeekingAlpha,https://finnhub.io/api/news?id=6a6609d2f555391bb3dba067e08570a7cac6fb9f479fc9d65e99a962cd7aea73,0.0,0.748,0.252,0.8442
2025-05-08 13:12:38,OpenAI Recruits Instacart CEO Fidji Simo to Steer Operations,Yahoo,https://finnhub.io/api/news?id=b5d25a959f507c89a4ceffe650eacfe76d58381ed57e0f72337471e951b5da99,0.094,0.879,0.027,-0.7351
2025-05-08 12:18:00,Trump Makes a Deal With the U.K. Now Comes the Hard Part.,MarketWatch,https://finnhub.io/api/news?id=39e583917830b44ecdec13b58c243fe3183ec2d5fd830bdc916126b386ab14cc,0.113,0.887,0.0,-0.2023
2025-05-08 12:01:26,"Trump's U.S.-U.K. Trade Deal Keeps 10% Tariff, But S&P 500 Rallies (Live Coverage)",DowJones,https://finnhub.io/api/news?id=1d9bfb67e418c0cb6724d270b6e94f0b8f9cf9b8422f48ba3eadab33b392ec3b,0.0,1.0,0.0,0.0
2025-05-08 11:50:53,AI and ad tech are safe from Trump's tariffs so far,Yahoo,https://finnhub.io/api/news?id=9b68227d03931dabb896716b461d666b0ec7f75dcb25fb916cfd07bd958d12bd,0.0,0.736,0.264,0.8225
2025-05-08 11:37:10,Britain's digital tax on 'Big Tech' not impacted by trade deal,Finnhub,https://finnhub.io/api/news?id=e6587a5fb58568cc9495903a8f9537780f00ea4884bffb9b790c962fded4c634,0.027,0.84,0.132,0.6124
2025-05-08 11:18:24,"US will slash car tariffs on UK to 10%, steel levies to zero, says UK",Finnhub,https://finnhub.io/api/news?id=064f6df091f6bd3cccb68d3de66edf6c444f2cb3b32e9646d86a197e82cb106b,0.085,0.915,0.0,-0.4588
2025-05-08 10:21:47,Stocks trim gains as Big Tech loses altitude,MarketWatch,https://finnhub.io/api/news?id=34c4b82115a9bd63c3947f178594dfca4a9eec0f514cbfb570303bb33f37862c,0.215,0.561,0.224,0.0516
2025-05-08 10:00:33,Bezos Space Ambitions at Risk With Musk’s Man at NASA,Yahoo,https://finnhub.io/api/news?id=708badacf8f0453805572b396e783e08ced84fdbea07921d5a3ce35989c443eb,0.097,0.756,0.147,0.6705
2025-05-08 10:00:00,Nvidia Investors Just Got Great News From Meta Platforms,Yahoo,https://finnhub.io/api/news?id=63d90711455b5c879e0de0908a415577dfea768907ef51025341b69fdb2d6ce8,0.028,0.856,0.116,0.7845
2025-05-08 08:58:00,Prediction: This Magnificent Vanguard Index Fund Will Beat the S&P 500 Again in 2025,Yahoo,https://finnhub.io/api/news?id=1dd2dd0a68458ca8de38bcd788a348d61fed7b2f838c7432d8d559f2d4dde48c,0.0,0.91,0.09,0.705
2025-05-08 08:40:00,"The Best Stocks to Invest $1,000 in Right Now",Yahoo,https://finnhub.io/api/news?id=4db309b5703d28b76c7f7c607200e24629869ee7cea0d3425f43745c9fd6ea73,0.0,0.782,0.218,0.8519
2025-05-08 08:00:16,"Humanoid Robots Could Ease Labor Shortages, Maybe Even Care For Seniors",DowJones,https://finnhub.io/api/news?id=de0ea5bcae869f5433a795a6c0c6220aed74a275c8759129fc85d2ff9e44a29c,0.105,0.523,0.373,0.8481
2025-05-08 07:41:00,Bright Start College Savings Trust Files an Exempt Solicitation Statement with Securities and Exchange Commission,Finnhub,https://finnhub.io/api/news?id=46fc5fca624d3d32fa6823c8bf9a85e19e86da94571991f324a1f17b8c564ad6,0.0,0.641,0.359,0.9485
2025-05-08 07:00:33,Stock Market Pain Tied To Tariff-Induced Volatility Has Just Begun,DowJones,https://finnhub.io/api/news?id=ce220a461da82d9c98907a43be2c1c3f39a360c9eb00f016ca73877306388562,0.268,0.732,0.0,-0.765
2025-05-08 04:31:49,3 S&P 500 Stocks That Stand Out,Yahoo,https://finnhub.io/api/news?id=a7d3717cc00f0d2243d3774ca052751940217196bc2010eaa33bd372ca6b4a62,0.0,0.78,0.22,0.8789
2025-05-07 22:52:00,Hartford Growth Opportunities Fund Q1 2025 Commentary,SeekingAlpha,https://finnhub.io/api/news?id=b44bd256d23b79f849fd26897a02f4ddcc1e3a0037f6e7edba09e100f587ddc3,0.0,0.568,0.432,0.9217
2025-05-07 22:00:00,Prediction: 1 Stock That Will Be Worth More Than Alphabet 3 Years From Now,Yahoo,https://finnhub.io/api/news?id=44b098afac4cf1b60812a8c9809b1f7aa2812c77800d75bf9a5e751a2a56302e,0.0,0.815,0.185,0.946
2025-05-07 19:17:54,Tracking Baillie Gifford's 13F Portfolio - Q1 2025 Update,SeekingAlpha,https://finnhub.io/api/news?id=a4009848ec2b5e133fbd9d76888708382f8b69a348fb0f9fa3943232ef64e5de,0.0,0.793,0.207,0.6124
2025-05-07 19:11:00,Marjorie Taylor Greene Goes Stock Shopping Again: Here Are 50+ Stocks The Congresswoman Bought,Benzinga,https://finnhub.io/api/news?id=5cca64ec11aaba04b945d06e8fed345e4625528cac1f063d305299542a1c321b,0.0,1.0,0.0,0.0
2025-05-07 18:49:57,Meta: Resilient In The Face Of Uncertainty Thanks To AI,SeekingAlpha,https://finnhub.io/api/news?id=86ec910122c9c071b41800e6db5d033dc456fcc7555c8ee296420302e15fcb84,0.18,0.602,0.218,0.128
2025-05-07 18:24:11,New court filing shows that Meta execs agreed that Facebook was losing to TikTok,Yahoo,https://finnhub.io/api/news?id=ba0ce683dccf9bfc2c5ab2bb844ec33efe040a7cd9e389aab2eaaadd98e45b72,0.099,0.851,0.05,-0.7096
2025-05-07 17:23:00,Hartford Core Equity Fund Q1 2025 Commentary,SeekingAlpha,https://finnhub.io/api/news?id=628123fd0ae5f166c3eccd6e90f406a5962ccb18fc51660b756316ae1e3278ac,0.0,1.0,0.0,0.0
2025-05-07 16:41:57,"Valuing Alphabet On A Sum Of The Parts Basis, Assuming Search Stops Growing",SeekingAlpha,https://finnhub.io/api/news?id=6019ac1ceed69c4531fe4326107a1e5d995748623413b41ae914698304e491e5,0.06,0.65,0.29,0.9136
2025-05-07 16:37:57,"Jim Cramer Says Meta Platforms, Inc. (META) Was Such a ‘Tour De Force’",Yahoo,https://finnhub.io/api/news?id=21a29555301af77c09b08ff023246762c3157c4ea2bc9a2ada35e2677bc15996,0.0,1.0,0.0,0.0
2025-05-07 15:02:48,Mark Zuckerberg made us lonelier. Now he wants us to be friends with AI,Yahoo,https://finnhub.io/api/news?id=73ddda677b35be676e6aef7944627c93b8d559272e37c093154ed33907efcb39,0.151,0.717,0.132,-0.1672
2025-05-07 13:46:28,"Meta Platforms, Inc. (META): Among Most Popular Stocks on Robinhood in 2025",Yahoo,https://finnhub.io/api/news?id=fc28bb20419cead8f6743c5559ac04ec2904374112b730cb57072aee2c89a8c3,0.0,0.84,0.16,0.9038
2025-05-07 13:24:00,Alphabet Stock Sinks on Apple Testimony About Falling Search Queries,MarketWatch,https://finnhub.io/api/news?id=432a13f77b52bffdcabf2c238fdeabc4b51aa39c5358a5c28bcc4b9a86f33369,0.151,0.849,0.0,-0.296
2025-05-07 13:00:00,Mark Zuckerberg's AI ad tool sounds like a social media nightmare,Yahoo,https://finnhub.io/api/news?id=a7cdf098950046d6a89e20bc388bc11cd71e68fffdb66b33c88f7a9fd552c476,0.0,0.973,0.027,0.3612
2025-05-07 12:45:00,5 No-Brainer AI Stocks to Buy in May,Yahoo,https://finnhub.io/api/news?id=760db1c19ba1fd9d91ef04eed01e705ed1b7559392f5971bcdc01ca2a8c859cc,0.0,0.842,0.158,0.8777
2025-05-07 11:30:00,Meta: Market Is Still Mispricing Its AI Ambitions,SeekingAlpha,https://finnhub.io/api/news?id=56307151853f044b0feae1586ed90402e9407bf2263d70f476c165be6b302aff,0.0,0.849,0.151,0.6908
2025-05-07 11:24:54,META Platforms’ Q1 Blowout Brings $800 Stock Price Target Into View,Yahoo,https://finnhub.io/api/news?id=cdd7f6152ef803da69d16b6b9f9f52d6c709c12cd8197e75a8de17ebe8b8b891,0.036,0.851,0.113,0.7675
2025-05-07 11:23:50,Why Meta Platforms (META) Is Among the Most Promising Future Stocks According to Hedge Funds,Yahoo,https://finnhub.io/api/news?id=aed9cb2ecccfaa0e2c3edafefa821458c378d78a0be28faf0021daee8ff9e5c6,0.0,0.883,0.117,0.8393
2025-05-07 11:00:00,3 Reasons to Buy Reddit Stock Like There's No Tomorrow,Yahoo,https://finnhub.io/api/news?id=1e84c86fab0ba32e1b6603e09fe41b89f37d99d61cc314bd05b34dfd724ae19f,0.046,0.752,0.203,0.7579
2025-05-07 10:35:21,Meta Platforms: Undervalued Profit Growth,SeekingAlpha,https://finnhub.io/api/news?id=0eba25985cb0a6c03d40b61d8afdbc1980b8250f6fd7267b792febababfdc4e5,0.0,0.665,0.335,0.9118
2025-05-07 09:30:00,Zuckerberg’s Grand Vision: Most of Your Friends Will Be AI,Yahoo,https://finnhub.io/api/news?id=6dd05b59ffd4869905d3e9bd245934b540256b98e68b069c3780f52b9a5f4b7c,0.0,0.589,0.411,0.918
2025-05-07 09:19:00,SMCI Outlook Disappoints. Super Micro Stock Drops.,MarketWatch,https://finnhub.io/api/news?id=89ad96060bfeb4c217e53ee5ce0f4f3a3adba12c8249a1c05082ba04946ae14c,0.226,0.435,0.339,0.5574
2025-05-07 08:23:00,National Legal and Policy Center Files an Exempt Solicitation Statement with Securities and Exchange Commission,Finnhub,https://finnhub.io/api/news?id=152d0955996e729f2a1f8f0c63199849f837e8673f73c8948e4622fa7a63cd82,0.0,0.788,0.212,0.7351
2025-05-07 08:00:16,"DoorDash, eToro fuel hopes for a dealmaking thaw in May",Yahoo,https://finnhub.io/api/news?id=914d1ce89ed4d554e0867c71ea730142b82029b3dff557c10099cd91b2df2319,0.052,0.826,0.122,0.4939
2025-05-07 07:51:00,Prediction: 5 Stocks That'll Be Worth More Than Artificial Intelligence (AI) Stock Nvidia 3 Years From Now,Yahoo,https://finnhub.io/api/news?id=01eb1099bd6112f5da0cfde98b58408658ed1bba51e8ec71f34e46a5ad690e80,0.0,0.721,0.279,0.8707
2025-05-07 06:03:01,Meta Platforms Secures Legal Win Against Spyware Firm - What It Means For Investors,Yahoo,https://finnhub.io/api/news?id=2484b1f776e10daf6baecbc2fd3aefda368f1abc6ed319c1a83f01061368ac7d,0.088,0.73,0.182,0.7632
2025-05-07 02:28:00,Fidelity Select Communication Services Portfolio Q1 2025 Review,SeekingAlpha,https://finnhub.io/api/news?id=f0027776e4229d721a9e3ad664198e877e55dd6745529b258e24c3747d38129d,0.0,0.905,0.095,0.296
2025-05-07 01:05:19,PRESS DIGEST-New York Times business news - May 7,Finnhub,https://finnhub.io/api/news?id=755d36c99f87b8603176000d2c93427ca16afc6470d71523dbd3e0a66ced6afe,0.0,0.954,0.046,0.2023
2025-05-06 21:34:33,Court clash between Meta and NSO ends in $168 million defeat for spyware firm,Yahoo,https://finnhub.io/api/news?id=4332a547bb32752f19502f211646172c0fff502bf8aafc6f931d45302ec87cf2,0.122,0.77,0.107,-0.2263
2025-05-06 21:09:18,Meta awarded $168 million in damages from spyware firm NSO group,Yahoo,https://finnhub.io/api/news?id=eb1b32e79e845dc2f9e78d32a3a50da8d129dfa164ac68858c4ff46ecb01e529,0.111,0.785,0.103,-0.1027
2025-05-06 20:44:01,Zero In On Top-Rated Stocks And Hot IPOs. Here's How.,Yahoo,https://finnhub.io/api/news?id=ce28d5ab5d24e534fcc08ddc2803b571223de7f9e158952d1cc549a23f2e5297,0.0,1.0,0.0,0.0
2025-05-06 20:30:18,Why Citi's head of wealth isn't sold on the stock market rally,Yahoo,https://finnhub.io/api/news?id=62f657f19149dc8ea9621326ecc6908f1d5e9c2238cd9f8489b0629b6a657427,0.073,0.703,0.224,0.6806
2025-05-06 17:47:59,Meta suit against Israel's NSO offered rare insight into world of cyberespionage,Finnhub,https://finnhub.io/api/news?id=5adda208687e57dd565d2c57ff76e990a88554caa33d7f28e14b6b516a4cdbc1,0.065,0.935,0.0,-0.4588
2025-05-06 16:48:16,"META Stock Is Efficient and Is “One of the Most Compelling Mag 7 Stocks,” Prominent Investor Says",Yahoo,https://finnhub.io/api/news?id=a98e906ae12ed22965329793bd9d8204f9f6425175f2158b491fcd845400ffea,0.0,0.752,0.248,0.9606
2025-05-06 16:15:00,VC founder: Tariffs have triggered one big rethink on tech,Yahoo,https://finnhub.io/api/news?id=97423e693033a32ce09cdb64db7936bcce172435c1a57300af1e1cc074202f68,0.0,1.0,0.0,0.0
2025-05-06 15:50:05,Now it's unanimous. Meta's stock is the last of the Mag 7 to see a death cross.,MarketWatch,https://finnhub.io/api/news?id=3688912472a81e9f0ebf9705246c04f6c494752e02cfb11faf80328e6277b775,0.196,0.804,0.0,-0.8316
2025-05-06 15:49:17,Nuveen CIO Saira Malik decodes the stock market's post-'Liberation Day' rally,Yahoo,https://finnhub.io/api/news?id=ec43d552f085ceb6518d79d5e458555f2f231c35dfb4208ff3c1ea5b5bd02c52,0.0,1.0,0.0,0.0
2025-05-06 15:40:31,"Amazon, Meta, Microsoft Earnings Put Dan Loeb's Portfolio To The Test",Benzinga,https://finnhub.io/api/news?id=ff652824b5ebee4e2ca767390324355c7be1b289b037b8ba1359f1ff2d8800ab,0.0,0.859,0.141,0.6597
2025-05-06 14:27:31,Don't Get Caught In The Bull Trap,SeekingAlpha,https://finnhub.io/api/news?id=47db8ace237b1e42eeb47322e49bfd2726a9c8cf4884fa38ba5c0211af2004f4,0.059,0.842,0.099,0.3818
2025-05-06 13:56:33,"Big Tech ETF is on track for back-to-back losses as Tesla, Meta post sharp drops",MarketWatch,https://finnhub.io/api/news?id=f09b4bce6808b9d89198d80879f2928d77df868480a1ff3668533de43b0653e2,0.162,0.838,0.0,-0.6597
2025-05-06 13:41:45,"AMD, Arm Offer Window Into AI Landscape Ahead of Nvidia Earnings",Yahoo,https://finnhub.io/api/news?id=c47e97bb26a0f3179d2059aca03d4736c100f7dfb104f84dc6d2668626899567,0.112,0.832,0.057,-0.5267
2025-05-06 13:05:17,Exclusive: Statsig raises $100 million at $1.1 billion valuation after abandoned Datadog acquisition attempt,Yahoo,https://finnhub.io/api/news?id=82ed5d18cd90f241a7f8a1abaf0e05b6a927355f7765c3373b5b22dc28475944,0.122,0.816,0.061,-0.3612
2025-05-06 12:42:00,"Zacks Investment Ideas feature highlights: Amazon, Apple, Meta Platforms and Microsoft",Yahoo,https://finnhub.io/api/news?id=6dbdbeea0d21f24dc4b9f6af005c599824f935007dae149fa2dd8e5a098fbb05,0.0,0.871,0.129,0.34
2025-05-06 12:15:12,Taiwan Dollar Surges As US Dollar Slumps: TSMC Boom Or Bust?,SeekingAlpha,https://finnhub.io/api/news?id=559e22feec1911e8e05540af95944f5617b0d16f216bc726ee1eb2c402325079,0.0,0.955,0.045,0.2023
2025-05-06 11:47:15,META : DZ Bank remains its Buy rating,Finnhub,https://finnhub.io/api/news?id=3741020318f5e9e8b7b98e2cd1bcd7ce9d2a3aa65205d0b1c947e910c6726615,0.0,1.0,0.0,0.0
2025-05-06 11:43:47,User Engagement & AI Fuel Blockbuster Q1 Results for META Platforms Stock,Yahoo,https://finnhub.io/api/news?id=ec960654c31b61231205c655ae0d2b964675550b6be46d144ad0cd7d8eb89de7,0.051,0.816,0.133,0.8316
2025-05-06 11:28:04,"Meta Platforms, Inc. (META): ‘Momentum in Ads & AI’ Drives Strong Beat — Argus Maintains Buy at $725 Target",Yahoo,https://finnhub.io/api/news?id=8e6920a70a87c51b96e65c73b368fdb25f177a4e385b037288fca55f4b216865,0.036,0.898,0.066,0.34
2025-05-06 11:15:00,"3 Cheap ""Magnificent Seven"" Stocks to Load Up On",Yahoo,https://finnhub.io/api/news?id=db950a39f7c80bded571e6aaa23219986de7b5454b4d0bce110759d269348592,0.04,0.773,0.187,0.8658
2025-05-06 11:00:00,Meta's AI Rerating Is Coming,SeekingAlpha,https://finnhub.io/api/news?id=4d68b4b08f9bae2a697e4b61914b7e01c822d983c90ecd09fc737ae2abc1a92b,0.0,0.746,0.254,0.836
2025-05-06 10:53:00,This zero-day options craze could finally be coming to popular stocks like Nvidia and Tesla. Here’s what to know.,MarketWatch,https://finnhub.io/api/news?id=55459c33bf80084ce1b4b8eeaaac0ac84353580b0a7ca148eee32b90efae832f,0.07,0.699,0.231,0.8126
2025-05-06 10:31:04,Microsoft-Backed OpenAI To Snap Windsurf For $3 Billion To Strengthen AI Coding Power: Report,Benzinga,https://finnhub.io/api/news?id=bfc9cdae3ad975b6a8af778a7b906d27548d682aaf0e5ba2f00c3b9b0ec85084,0.0,0.868,0.132,0.6124
2025-05-06 10:00:06,Big Tech earnings show why the hottest trade became the safest,Yahoo,https://finnhub.io/api/news?id=a8de55f8e5b2f57e66cf362774eb7115b6670dc164bdd1cccd0fb9f69dcc08fd,0.0,0.705,0.295,0.8481
2025-05-06 09:49:03,Amazon: Managing Tariff Impact Through AI Automation And Pricing Power,SeekingAlpha,https://finnhub.io/api/news?id=e23a70f40ddd0680afef995533c7609b62711f2cacedfcce38ea7a7f4cae1c64,0.044,0.82,0.136,0.4404
2025-05-06 09:20:00,Fidelity Fund Q1 2025 Review,SeekingAlpha,https://finnhub.io/api/news?id=b73da4dba53628bdeee273b7e071640f969b1c0b8447c695fd5227e538404967,0.0,0.929,0.071,0.296
2025-05-06 08:53:00,"Alphabet, Meta Platforms, and Netflix Helped Propel This Vanguard ETF 9% Higher in 8 Days. Here's Why It's Still a Buy Now.",Yahoo,https://finnhub.io/api/news?id=9db7fe2c92c0c63528a823cf09a6b684aa210af91634df3e2d077e7e764a0963,0.032,0.747,0.221,0.9042
2025-05-06 08:53:00,Baron Opportunity Fund Q1 2025 Shareholder Letter,SeekingAlpha,https://finnhub.io/api/news?id=5869d9ce15931be548b6215416154cc10720bcefc5fee07f88b05d28cca9ddb7,0.0,0.753,0.247,0.802
2025-05-06 08:08:00,"Got $1,000? 2 Top Growth Stocks to Buy That Could Double Your Money",Yahoo,https://finnhub.io/api/news?id=7832d39823abf53c617a78f20a53d856e12a4a3b36943e26891fce16a5ce8259,0.0,0.855,0.145,0.5267
2025-05-06 08:05:00,Fidelity Magellan Fund Q1 2025  Commentary,SeekingAlpha,https://finnhub.io/api/news?id=72e19f4390cc40e1198016795e03466b348a86564e42bb44ac70096c885a9773,0.0,1.0,0.0,0.0
2025-05-06 07:45:00,Fidelity Large Cap Stock Fund Q1 2025 Commentary,SeekingAlpha,https://finnhub.io/api/news?id=c1ee3994bb67cf94c9661e79b5bb51913258a0a7771892134c695c92d2161135,0.0,1.0,0.0,0.0
2025-05-06 06:55:00,Fidelity Dividend Growth Fund Q1 2025 Commentary,SeekingAlpha,https://finnhub.io/api/news?id=f1e602ea47fc45b5539e13cc0cbc3129d120ae2af6c0235b23581ea593fe2be8,0.0,0.86,0.14,0.6369
2025-05-06 06:51:00,ClearBridge Large Cap Value Portfolios Q1 2025 Commentary,SeekingAlpha,https://finnhub.io/api/news?id=a8a34f633350da1dc409f7f5ba35c4344fb908b49369a5843f610121d8e3ce10,0.0,0.745,0.255,0.34
2025-05-06 06:00:00,Baron Fifth Avenue Growth Fund Q1 2025 Shareholder Letter,SeekingAlpha,https://finnhub.io/api/news?id=11a84ae9f29a11f6d04d221d4ce36b74f6c96b97dfe83ce129aa574eef7cc72f,0.0,0.788,0.212,0.7783
2025-05-06 05:30:00,Nvidia Stock Drops. What to Watch Ahead of the AI Chip Maker’s Earnings.,MarketWatch,https://finnhub.io/api/news?id=786a41e0276ca320436d144901d573d9951110218d5801e4187282089263c5b8,0.0,1.0,0.0,0.0
2025-05-06 05:25:00,Fidelity Blue Chip Growth ETF Q1 2025 Commentary,SeekingAlpha,https://finnhub.io/api/news?id=788b9dfe467245dba8d822e538e00a9f259d5f9129f7c16d9bb140668bc1b348,0.055,0.809,0.136,0.4767
2025-05-05 22:05:00,"Meta, Microsoft, Alphabet, and Amazon Just Delivered Incredible News for Nvidia Stock Investors",Yahoo,https://finnhub.io/api/news?id=92fa37844ea7e1d8d337c8de8871888687c8b109e97f0b855578f17fa2c0975d,0.056,0.767,0.176,0.807
2025-05-05 21:02:58,Private equity titan Robert Smith: Tech stocks are still the place to be,Yahoo,https://finnhub.io/api/news?id=d8e2d98f605291b901886605803e6f38f6d44f160b5da3996ca8545d3c7aef47,0.0,1.0,0.0,0.0
2025-05-05 20:31:12,Meta Outlines Various Ad Measurement Solutions,Yahoo,https://finnhub.io/api/news?id=9dcc8bfc11171a4ed4e5acf9dfcd8091f42cfa277c86c5df84d17ca968c39dfc,0.0,0.779,0.221,0.34
2025-05-05 20:08:19,Jim Cramer: Meta Platforms (META) Was “Better Than Microsoft” — Zuckerberg “Cracked the Code”,Yahoo,https://finnhub.io/api/news?id=bc5c9d237f958dbd009285c5db9abf117764fd18b7528492ebd01e2448313da3,0.044,0.956,0.0,-0.4939
2025-05-05 18:23:04,Meta: Bull Case Remains Intact After Q1 Earnings,SeekingAlpha,https://finnhub.io/api/news?id=5353f26daa40699924e5dec4a8a94fbf0cf87e75e558b9fdc1d5db49155bcfc9,0.0,0.796,0.204,0.7717
2025-05-05 16:35:00,The Best Company in Big Tech?,Yahoo,https://finnhub.io/api/news?id=e6dc2e3c4e8c4d4ede406a4cc3924b9749fd25b1f1e204dbb400c2a2d10272a4,0.0,0.673,0.327,0.7783
2025-05-05 16:23:57,Meta's Growth Runway Extends As AI Frontier Unfolds,SeekingAlpha,https://finnhub.io/api/news?id=f84658e6e08754639faaaf2540333f7ec0baac7fe441c40741bb4f5f4ed4754a,0.0,0.7,0.3,0.886
2025-05-05 16:15:00,Meta Platforms Is Ramping Up Data Center and AI Investments. Is the Growth Stock a Buy Now?,Yahoo,https://finnhub.io/api/news?id=471345d019cd809b8a107154ce16f51436d126cf80762fa5bcca05554be12d35,0.041,0.795,0.163,0.807
2025-05-05 16:07:30,Meta’s AI Chatbot Reawakens Concerns About Data Tracking,Yahoo,https://finnhub.io/api/news?id=8e561bdd7eefc400eb4a25915f57077b7ec89607798e01e3999aa66ecef0f025,0.0,1.0,0.0,0.0
2025-05-05 15:19:05,"Mag 7 earnings show 'the AI story remains intact,' analyst says",Yahoo,https://finnhub.io/api/news?id=6d1dab2f971a239846690044375a25af47c69bb8d9d098e592d1dd36db6db649,0.0,0.772,0.228,0.9666
2025-05-05 14:51:27,Communications sector climbs toward another double-digit win streak,MarketWatch,https://finnhub.io/api/news?id=d9860e9cf5fc9d2582ac4f3bcca398d411ab3b6c1de4d08ef79da44d8bef955b,0.0,0.648,0.352,0.8225
2025-05-05 14:42:57,ETFs Last Week: Tech-Fueled Rally Powers Gains During Trade Optimism,Benzinga,https://finnhub.io/api/news?id=2161fd1b9c8b39e0af774876b296745155e77d582c119474050817b0badb1f06,0.066,0.662,0.272,0.8126
2025-05-05 13:50:00,Deutsche Bank and Caesars Entertainment have been highlighted as Zacks Bull and Bear of the Day,Yahoo,https://finnhub.io/api/news?id=10127dc09c00bbb759c8e9209030f8ebb02283ef04a5ce231563632a5c94342f,0.0,0.847,0.153,0.6808
2025-05-05 13:28:25,Meta's $68B Reason For Its AI/ Social Media Ambitions - Maintain Buy,SeekingAlpha,https://finnhub.io/api/news?id=f87b7cf6f73b73026392df19e3a30bc9d79260c6a026fa6c4cc224ab842614bf,0.0,0.818,0.182,0.7096
2025-05-05 13:18:00,"The Zacks Analyst Blog Highlights NVIDIA, Meta Platforms and Microsoft",Yahoo,https://finnhub.io/api/news?id=8cd6cdf7c31fc050a375af9a19ab2c5c597259ae5d577b1a5d66d68c702b177d,0.0,0.924,0.076,0.2023
2025-05-05 13:04:00,"The Zacks Analyst Blog Highlights Meta Platforms, JPMorgan Chase and Intercontinental Exchange",Yahoo,https://finnhub.io/api/news?id=a1926cac33b6978565165b9f2379fc3ab4a939ee6e0610e4ef7cc0a9403645f7,0.0,0.935,0.065,0.2023
2025-05-05 13:00:14,"Meta Platforms, Inc. (META) is Attracting Investor Attention: Here is What You Should Know",Yahoo,https://finnhub.io/api/news?id=553ad0f982aa315ffe1032cefce2259cda7c8a096c16d120033bde6bbd2ab988,0.0,0.833,0.167,0.7351
2025-05-05 12:31:00,Nvidia Can Survive ‘Tough Regulations’ on China. Here’s Why.,MarketWatch,https://finnhub.io/api/news?id=db9cab7d3e88cdcd032f88046a80eed2982619dfe4bd1772e7e9060024491ee0,0.0,1.0,0.0,0.0
2025-05-05 09:30:00,Momentum a Powerful Ally for Stocks as Whiplash Rally Rolls On,Yahoo,https://finnhub.io/api/news?id=64d16658faad8bdfe22a95b17d7e9bbbf2a94d335771bfc16e83302154ed9b54,0.104,0.822,0.074,-0.4767
2025-05-05 09:30:00,Fidelity Growth Company Fund Q1 2025 Commentary,SeekingAlpha,https://finnhub.io/api/news?id=f684ff1054f87e3deae52c2226857f089032cff769834e5285d7983063d27b2e,0.059,0.793,0.147,0.4767
2025-05-05 08:12:57,Dow Jones Futures Fall On Trump's Latest Tariff Move; Palantir Leads Earnings,DowJones,https://finnhub.io/api/news?id=0ebbc6b86b8ff6c0087e34a6eb7c4903777bda3ba0d94c1d6969a03217a5dfe5,0.0,1.0,0.0,0.0
2025-05-05 07:53:42,Don't Fear Meta's CapEx Spending,SeekingAlpha,https://finnhub.io/api/news?id=dae3fa10e142e728d68ba1c47c66ea2d30e401ba2510fa6728585dc8a9365c64,0.0,0.87,0.13,0.6031
2025-05-05 07:30:25,5 Stock Picks Last Week From Wall Street's Most Accurate Analysts,Benzinga,https://finnhub.io/api/news?id=762d45df53107de8ce466673143cf1b679389733f36e30e1dbdbb335c2088ec4,0.0,1.0,0.0,0.0
2025-05-05 07:30:00,Fidelity Contrafund Q1 2025  Commentary,SeekingAlpha,https://finnhub.io/api/news?id=d68fa487ff1e10454dec687d7b406bc1c36350f31225badcd098b41a3b93d0d6,0.0,0.932,0.068,0.296
2025-05-05 07:19:36,"Meta, Google, Snap Set To Lose Billions In Ad Revenue From Chinese Sellers As Trump Closes De Minimis Exemptions: Report",Benzinga,https://finnhub.io/api/news?id=4693ba8151a39738cb38f832d06f6e0d8f6364efe943c8d59d87a030a47be21c,0.07,0.93,0.0,-0.4019
2025-05-05 04:30:36,JCE: Difficult To Recommend This Fund At The Current Price,SeekingAlpha,https://finnhub.io/api/news?id=3329cecd25d59d84398795b627af9f5805f0d1dff0f61f3e77528f2c8c14f6b6,0.125,0.677,0.198,0.4404
2025-05-05 02:52:02,"The influencer election that wasn't: amid Trump trauma, Australian voters logged off",Finnhub,https://finnhub.io/api/news?id=b81381ce0e3fb2b4e4440b60e505756a3cce31297262c5d70acf3645b102a399,0.0,0.949,0.051,0.3252
2025-05-05 01:00:00,What Big Tech Earnings Taught Us—and Didn’t—About Tariffs,MarketWatch,https://finnhub.io/api/news?id=de94f2a98b128013a7d668833a74c3e5329d0b25dca1267c8991a282cf6644e8,0.0,1.0,0.0,0.0
2025-05-21 00:00:00,Should You Forget Palantir Technologies and Buy These 3 Artificial Intelligence (AI) Stocks Right Now?,Yahoo,https://finnhub.io/api/news?id=0b5a0dff3fdc43d28d48e86ca7cb87827f42723b7fb15ae956290e73ec81d412,0.114,0.733,0.153,0.4276
2025-05-20 23:53:52,YMAG: Weekly Income That's Worth The Risk,SeekingAlpha,https://finnhub.io/api/news?id=a54d20461d49b996f23bbf8e806a40327d1ad57d3f58c40f8cee9a2e9f59f27d,0.06,0.886,0.054,-0.0516
2025-05-20 18:53:12,Warby Parker Stock Pops on Partnership With Google to Develop AI Glasses,Yahoo,https://finnhub.io/api/news?id=eb4280e28fe838f79c49b3d5a91d039fa222a81cf09d7bf66041bc6584ca6fb7,0.0,1.0,0.0,0.0
2025-05-20 17:45:42,"Google announces smart glasses partnerships as it takes on Meta, Apple preps its own eyewear",Yahoo,https://finnhub.io/api/news?id=456e69b89d61aa141d2b8ddeb6cab0860e577b19f36b5497a3851f2b22ae7cf1,0.0,0.758,0.242,0.8074
2025-05-20 17:33:51,"Apple Under-Owned, Meta Platforms (META) Over-Owned—Morgan Stanley Stays Bullish on Both",Yahoo,https://finnhub.io/api/news?id=252882a17887106b89a78abdddb4f63b23501f49c86674402dcfea593605dec6,0.04,0.926,0.034,-0.1027
2025-05-20 17:31:02,Meta Platforms (META) to the Moon? Loop Capital Set an $888 Price Target!,Yahoo,https://finnhub.io/api/news?id=7c8fae876252c442ee0afe3f07c9ea0d1cc22519e413a4c77286e0035b483b64,0.045,0.795,0.16,0.7959
2025-05-20 16:21:00,Warby Parker partners with Google as they take on Meta with AI-powered glasses,MarketWatch,https://finnhub.io/api/news?id=ef9da85889207176e95733e6f6356e96c2859fa90a5dc71c370740e63892867d,0.0,1.0,0.0,0.0
2025-05-20 16:15:00,Janus Henderson Forty Fund Q1 2025 Commentary,SeekingAlpha,https://finnhub.io/api/news?id=4e3385abeb5a134ea512c831a93c9a651f051f8304f316c22b169cee35a9bf77,0.0,0.902,0.098,0.3818
2025-05-20 16:01:57,Do You Really Understand Huawei's Threat To Nvidia? (Rating Downgrade),SeekingAlpha,https://finnhub.io/api/news?id=86d7e17284f7d1648c2885cdc1b51f34c3633873dfc49a37bd541db54199b08d,0.158,0.842,0.0,-0.7479
2025-05-20 14:50:23,Prominent Investor Is Bullish on META Stock,Yahoo,https://finnhub.io/api/news?id=123d15417f1d421802a867e9672f57d94904219b56bbfad31daf3f9838cafb79,0.0,0.89,0.11,0.7506
2025-05-20 14:41:00,"Marjorie Taylor Greene Goes Shopping For Tesla, Netflix, UnitedHealth And More: 19 Stocks The Congresswoman Bought",Benzinga,https://finnhub.io/api/news?id=1c3b3ce37d7004f9ce190cd3813e97e16d8939e47b5275b1abf3bd21571321c9,0.0,1.0,0.0,0.0
2025-05-20 14:35:00,"Tesla's Texas Plan B if Delaware won’t reinstate Elon Musk's pay. It's not about the money, says Elon.",Yahoo,https://finnhub.io/api/news?id=741f7cfe8f0ad6c806c1b34a83e3b561e4a0b82219c615fe310365ad49bdd14f,0.059,0.809,0.132,0.8074
2025-05-20 13:35:03,Alphabet Traders Look to Developer Event to Shift AI Narrative,Yahoo,https://finnhub.io/api/news?id=bd1b8cc05c3d7d0f5739494c8f5c0817c408a22d856b9afe95b8ac73ddda66ef,0.073,0.906,0.021,-0.5267
2025-05-20 12:58:41,XLG: Build Your Portfolio With The Best 50 Stocks,SeekingAlpha,https://finnhub.io/api/news?id=7d8354c7dc5619af5c3a098eb9fd382fd0c54cc9906dc2569eda769aa04dae77,0.048,0.682,0.27,0.8689
2025-05-20 12:04:33,Meet the 10 CFOs on Fortune’s 2025 Most Powerful Women in business list,Yahoo,https://finnhub.io/api/news?id=df1a023d5e011f3c73aefe975379a661eafcde4cda3071ce75ca82dfa2a1b761,0.0,0.763,0.237,0.8122
2025-05-20 12:00:00,Tariff-Driven Dollar Woes Help Brighten First-Quarter Earnings,Yahoo,https://finnhub.io/api/news?id=be5762e94995a93f581ef53fe649117041668eb320f0ce05ed933bcc1ef1867d,0.069,0.816,0.115,0.6597
2025-05-20 11:45:38,Crypto scores a victory as GENIUS Act stablecoin legislation stays alive in Senate,Yahoo,https://finnhub.io/api/news?id=e304c8dc98c910366936d217552b1c2d9c632d3cddab4da3f30ab4f5e44dbed2,0.0,0.939,0.061,0.3818
2025-05-20 11:45:38,Crypto scores a victory as stablecoin legislation stays alive in Senate,Yahoo,https://finnhub.io/api/news?id=c7b8c2b9540f9bad467cd405aac89aff4a6cdb05b580bb080e8c0a3f05aaaccc,0.0,0.936,0.064,0.3818
2025-05-20 11:45:00,3 Unstoppable Tech Stocks to Buy Hand Over Fist,Yahoo,https://finnhub.io/api/news?id=21faa3c8c23f7442165d39608f32f49867542a0740642c744fd82829339f11e4,0.024,0.731,0.245,0.9392
2025-05-20 11:10:00,Janus Henderson Global Sustainable Equity Fund Q1 2025 Commentary,SeekingAlpha,https://finnhub.io/api/news?id=663483b8f318225c40b35ab6882a2deaea3a2b8325c7a41ed13f1a278b30388a,0.0,1.0,0.0,0.0
2025-05-20 10:45:00,2 Top Artificial Intelligence (AI) Stocks to Buy No Matter What Happens With Tariffs,Yahoo,https://finnhub.io/api/news?id=88eb768873db34a557aca2815209e3d8a41c78b60dc4bc462390ba90917ab138,0.088,0.763,0.149,0.7285
2025-05-20 10:22:00,Janus Henderson Global Sustainable Equity (ADR) Managed Account Q1 2025 Commentary,SeekingAlpha,https://finnhub.io/api/news?id=3be7a11dd30e1997481e45a99512ee5e63913c751fc02bceadf5eff4a61ff7a6,0.22,0.78,0.0,-0.7351
2025-05-20 10:13:04,Why Buy The Azure Effect: Update From The Microsoft Build Conference,SeekingAlpha,https://finnhub.io/api/news?id=7a29579732eecf72d4969799f0eb3b045840fe7dbaf70a6810c962320f0bd4c3,0.0,0.825,0.175,0.7003
2025-05-20 09:33:00,Janus Henderson Global Research Fund Q1 2025 Commentary,SeekingAlpha,https://finnhub.io/api/news?id=51ac3412915715ffec0d9343fe811d79c4b7adbd26e693fb357112384995a3e6,0.0,1.0,0.0,0.0
2025-05-20 09:18:37,Magnificent 7 Stun The Street With Best Earnings Beat Since 2021,Benzinga,https://finnhub.io/api/news?id=7b46fabfcb4cb7e2457b5d7f56f87d515fd9baa60b3aa86b19004dc9580df623,0.056,0.523,0.421,0.959
2025-05-20 09:17:56,TQQQ Has Been Beaten Down Enough (Rating Upgrade),SeekingAlpha,https://finnhub.io/api/news?id=87919dfa8a1bd1a1c0169f42ae6f2eea92a8ae73ca44954f4daec930ea2eb3ad,0.139,0.861,0.0,-0.7003
2025-05-20 09:17:00,The AI Diffusion Rule is Over. What That Means for Trump and China.,MarketWatch,https://finnhub.io/api/news?id=db56fefbc318f5e4eb185ab5279d323ea85397e2c4c64ab031fee4a1bb57cf08,0.0,1.0,0.0,0.0
2025-05-20 09:01:46,"Pomerantz Law Firm Investigates Claims On Behalf of Investors of Meta Platforms, Inc. - META",Finnhub,https://finnhub.io/api/news?id=621e512ae425fb90abbc64185e0a8f972a9eff9b625a418e95e1b228bea9c8c9,0.0,1.0,0.0,0.0
2025-05-20 08:05:27,Meta Platforms' Valuation Debate Sets The Stage For Direxion's Bull And Bear Funds,Benzinga,https://finnhub.io/api/news?id=10f5c711abf053e8e93dfdfc53a553f6941a7f4319bc197e614afb333b864683,0.0,1.0,0.0,0.0
2025-05-20 04:02:00,Janus Henderson Concentrated Growth Managed Account Q1 2025 Commentary,SeekingAlpha,https://finnhub.io/api/news?id=13db9baffbad752497e26abb265d55760635e8994fb267a1d930788e56a2616a,0.0,0.755,0.245,0.3818
2025-05-20 02:21:38,"Dow Jones Futures: Amazon, Broadcom, Meta, Palantir In Or Near Buy Zones",Yahoo,https://finnhub.io/api/news?id=e0279dee06de69faea854ae6d108accbc6ce0cef37b7f803b2dc10e5b664319f,0.0,0.787,0.213,0.765
2025-05-20 00:44:00,Janus Henderson Concentrated All Cap Growth Managed Account Q1 2025 Commentary,SeekingAlpha,https://finnhub.io/api/news?id=6f1e131948f469cef9c45e50cad0f27f5dbb52242baaf17597d284cc50c1b989,0.08,0.72,0.201,0.5719
2025-05-19 22:54:42,Tracking David Tepper's Appaloosa Management Portfolio - Q1 2025 Update,SeekingAlpha,https://finnhub.io/api/news?id=571b5fd48a654bb868cb2b6d859320d89d5a354aa0d0e9a754415714558138ad,0.0,0.877,0.123,0.4939
2025-05-19 22:15:55,"Alphabet: Things Aren't Looking Good, But At Least It's Cheap",SeekingAlpha,https://finnhub.io/api/news?id=fc723d645409c4073fc25d4b7b2f3eb4986785a2484c21ced82ffd617e0651e6,0.052,0.858,0.09,0.3065
2025-05-19 17:27:45,Meta Shares Usage Insights in FTC Trial,Yahoo,https://finnhub.io/api/news?id=d9de1852067aacc7cb757706eb8c3176936f215168cc389e1d9c52d35e264aab,0.0,0.864,0.136,0.296
2025-05-19 17:14:00,Tech stocks took a hit after the last two U.S. credit downgrades. Why this time could be different.,MarketWatch,https://finnhub.io/api/news?id=4e273e7ca1bddc705d0718fbf20f17525ac049fe2709bf139e3fb5c5c4b47a91,0.0,0.867,0.133,0.6369
2025-05-19 16:49:42,Meta Will Soon Enable Advertisers to Test Experimental AI Features,Yahoo,https://finnhub.io/api/news?id=e013103b779deb8180afc68d6fc108389173b55afedfd856558464ebb23f2da0,0.0,1.0,0.0,0.0
2025-05-19 15:50:33,Netflix stock downgraded on valuation concerns despite recent defensive strength,Yahoo,https://finnhub.io/api/news?id=5a02becd7c0820880e13dd11cef4ac53c38cf965ffc4d33850fedee0e2815594,0.15,0.85,0.0,-0.4023
2025-05-19 15:43:00,Hartford Large Cap Growth ETF Q1 2025 Commentary,SeekingAlpha,https://finnhub.io/api/news?id=f563a3b9a9ce763c03eb924355c9365044cd53d0090f29fd4aae82ba75cfff2f,0.0,0.747,0.253,0.7783
2025-05-19 13:50:07,"Apple remains under-owned vs. peers, Meta still over-held - Morgan Stanley",Yahoo,https://finnhub.io/api/news?id=c8580d82cc628355c1d01339ee930d0c0a3a6275fc35b247358d1ea9e53aa456,0.0,1.0,0.0,0.0
2025-05-19 12:10:00,Janus Henderson Global Technology and Innovation Fund Q1 2025 Commentary,SeekingAlpha,https://finnhub.io/api/news?id=e09e926f54227f8c5a36b381ed0c27689fc89fc10391265be4caedbdc9b9acbf,0.0,0.923,0.077,0.3818
2025-05-19 12:09:56,This could be another market surprise after the Moody's US credit rating downgrade,Yahoo,https://finnhub.io/api/news?id=c7b64b811d22ca3cafa36f1d3e94a2ddc61081b15b69c36064775fc26e24a11c,0.071,0.682,0.247,0.6597
2025-05-19 12:08:18,"Dow Jones Futures Fall, Yields Jump On U.S. Debt Rating Downgrade; Broadcom, Meta Eye Buy Points",Yahoo,https://finnhub.io/api/news?id=5a35e50da4bcc51a4e913ffb63409801a4e292c7abc3bca6884da2101134ccbb,0.175,0.825,0.0,-0.7684
2025-05-19 11:59:00,Wall Street Lunch: Nvidia's Huang Previews Next-Gen Tech,SeekingAlpha,https://finnhub.io/api/news?id=fe759bd3e10bfd81ec9eea2a4b6bdfbf04c21a394a10b488234a4e8c2675f510,0.0,0.952,0.048,0.2023
2025-05-19 11:30:00,2 Artificial Intelligence Stocks You Can Buy and Hold for the Next Decade,Yahoo,https://finnhub.io/api/news?id=3252f4aed119d480fb847a130c29eb97adca2b3fd75fab629d931f79ed40f2ea,0.0,0.901,0.099,0.6597
2025-05-19 11:13:18,Meta: One Of The Most Attractive Mag-7 Stocks,SeekingAlpha,https://finnhub.io/api/news?id=29fa47cccae542c81cd9afcfee9938278d01ba23dce01db1f2603c1f5af6cd95,0.0,0.531,0.469,0.9601
2025-05-19 10:46:00,Janus Henderson Balanced Fund Q1 2025 Commentary,SeekingAlpha,https://finnhub.io/api/news?id=afd2de04e75f146aa407e807b818159d04600d690b1f9426f93ceada4148ab74,0.0,1.0,0.0,0.0
2025-05-19 09:47:05,Alaska Airlines CFO Flags Softening Demand As Airlines Slash Ticket Prices – 'We Have Seen Lower Fare Levels Being Booked',Benzinga,https://finnhub.io/api/news?id=8bb31116e51779f99f096bffa87a97df54a88bfbdb8278b03ca47a5b5c759e9e,0.254,0.746,0.0,-0.5859
2025-05-19 09:01:00,Stablecoin Bill Set to Pass Senate. What It Means for Crypto.,MarketWatch,https://finnhub.io/api/news?id=be1ba3fb1ab587ad11b1ad2a5cec5587dfd51410b1df58d2514fde4707f195c2,0.0,1.0,0.0,0.0
2025-05-19 06:03:08,"US Stocks Likely To Open Lower After Moody's Downgrade: 'Bear Market Isn't Fully Recovered Yet, But It Is Close,' Says Expert",Benzinga,https://finnhub.io/api/news?id=644129518d6627b7452b5d3a7db19928a566c13ec1c6a75073f748ebfb02ef66,0.095,0.905,0.0,-0.5267
2025-05-19 04:39:04,2 Profitable Stocks with Promising Prospects and 1 to Steer Clear Of,Yahoo,https://finnhub.io/api/news?id=76ffb6eced4b7febb996588d6ca13f7595ad9fa78694e1ab5b06bda7346f37d8,0.045,0.713,0.242,0.8589
2025-05-19 03:25:14,FLQL: Multi-Factor Vs. Single Factors,SeekingAlpha,https://finnhub.io/api/news?id=49378a38da8b32d672f3bafed22ed31f182419f9216d3277db29ec935e7a0d2d,0.0,0.912,0.088,0.34
2025-05-19 03:20:03,"S&P 500 Gains For Fifth Session: Investor Sentiment Improves, Fear Index Remains In 'Greed' Zone",Benzinga,https://finnhub.io/api/news?id=7e2beed9b3413837740c932f6e3ae10ef6887a3324637e90e9459f52375ddcbe,0.267,0.498,0.235,-0.1779
2025-05-19 01:14:13,INFO: New Active ETF With A Good Start,SeekingAlpha,https://finnhub.io/api/news?id=99efc2ccd0f9c15a38846079bdec8289468ecdaa79adc9ed0954d5799f6c0099,0.0,0.625,0.375,0.9153
2025-05-18 21:36:08,Tracking Ken Fisher's Fisher Asset Management Portfolio - Q1 2025 Update,SeekingAlpha,https://finnhub.io/api/news?id=3d4ca0c5601d6c33d5b8a73480c0af970db18cd3837050d03c55d97c742ceec1,0.0,0.721,0.279,0.8481
2025-05-18 21:27:09,"S&P 500 At 5950, Do We Revisit The Lows? Here's What Happens",SeekingAlpha,https://finnhub.io/api/news?id=9e1331ab15fb45d4882055ee2be9c5d9e3874c1c258dae02e392ffa38250c5e3,0.141,0.859,0.0,-0.2023
2025-05-18 19:26:09,Big Tech Breathes Life into Q1 Earnings,Yahoo,https://finnhub.io/api/news?id=aad9529d4214146dd7ce8e31096ba5c855a065afece7938f45e2fb1397e611d5,0.0,0.837,0.163,0.5994
2025-05-18 19:22:00,"Artificial Intelligence (AI) Infrastructure Spend Could Hit $6.7 Trillion by 2030, According to McKinsey. 4 Data Center Stocks to Load Up on Right Now Like There's No Tomorrow.",Yahoo,https://finnhub.io/api/news?id=8df96d9789879e141c2c7d5d5635e0931febe412b85d0f0f9d1d4525ee9e01ae,0.021,0.866,0.113,0.8176
2025-05-18 13:25:49,Model Portfolio For Capital Appreciation: May 2025,SeekingAlpha,https://finnhub.io/api/news?id=29e68c6a874f383bf720d101b9bbdde6f819a96418934ffe8a8abff486120174,0.0,0.836,0.164,0.7096
2025-05-18 12:00:07,Big Tech Goes From Stock Market’s Safest Bet to Biggest Question,Yahoo,https://finnhub.io/api/news?id=3241e52d58c197c46f264e2441ba4e15b2b8bfc0784ce073df349ace29c59d9d,0.17,0.776,0.054,-0.886
2025-05-18 11:30:36,Trade deals take center stage: What to know this week,Yahoo,https://finnhub.io/api/news?id=4093ea94d437c56d6d71b07001e47c5838866b9f94731e7ebe2f01441af47ffa,0.099,0.842,0.059,-0.3818
2025-05-18 11:15:00,Alphabet Has A Good Chance Of Winning The AI Race,SeekingAlpha,https://finnhub.io/api/news?id=4b87b147b931b43416e12fc51bc351e4c9dc60a6e93fef6a846ef08ae244d105,0.0,0.458,0.542,0.8074
2025-05-18 11:03:15,Meta Platforms (META) Faces EU Legal Threat Over AI Data Use,Yahoo,https://finnhub.io/api/news?id=32b85e62ec6498d53ffab11fea1596abc81d5b76e29c7cdafb52d6e4c8885f19,0.049,0.93,0.021,-0.4404
2025-05-18 11:00:29,"Meta Platforms (META) Set to Outperform Mag-7, Says Loop Capital",Yahoo,https://finnhub.io/api/news?id=2776f22f03c14f3ca80227af42fcdba5a53382f291ffb93e82fff3173618b8a1,0.0,1.0,0.0,0.0
2025-05-18 10:00:23,Trump tariff uncertainty still makes earnings estimates and guidance useless,Yahoo,https://finnhub.io/api/news?id=c39621b0672b11cfccd0f5ee7ef4fef23a1d7c74c69bb20e2e48cb3d3bf3f850,0.191,0.809,0.0,-0.6369
2025-05-17 20:34:18,"How Will Dow Jones Futures Open After U.S. Debt Rating Downgrade Hits QQQ; Broadcom, Meta Eye Buy Points",Yahoo,https://finnhub.io/api/news?id=5784f8fed6be2a775194ce95af6a34159404ea367fb1de4c25d2b21606196680,0.168,0.832,0.0,-0.7684
2025-05-17 19:01:51,'Money Spigot That's Never Going Off'—Meta Reportedly Hiring Ex-Pentagon Officials As They Target Defense Contracts,Yahoo,https://finnhub.io/api/news?id=6b28a91043337e5545e22b4dcd528cfc5d90503d7eb131ee057f9ec6ff550d36,0.0,0.896,0.104,0.8126
2025-05-17 13:00:33,Nvidia-backed CoreWeave soars 100% since IPO as investors see AI demand outweighing 'risky' business model,Yahoo,https://finnhub.io/api/news?id=a07236cbce485ef97ef96dcc3e6a84a653cce29df3a4b44df7b371dcc04107a6,0.067,0.832,0.101,0.4019
2025-05-17 09:42:42,Tech Is Crushing Dividends - And I Love It,SeekingAlpha,https://finnhub.io/api/news?id=bdcf270c627af8c8a6d56bbf5b554ed7a1d8dd473feb1ec7903a4f1d7c7e5300,0.057,0.711,0.232,0.8225
2025-05-16 23:44:18,"Dow Jones Futures: QQQ Skids On U.S. Debt Rating Downgrade After Big Market Week; Broadcom, Meta Eye Buy Points",DowJones,https://finnhub.io/api/news?id=41ddfd62409b2559eeb55454c0265894cfaec98a7201d33906f117966c12958a,0.122,0.878,0.0,-0.6124
2025-05-16 22:03:00,Why Meta Platforms Stock Slumped on Discouraging AI Speculation Friday,Yahoo,https://finnhub.io/api/news?id=5e80390fc897f7f8051ea52838a93ba1dc0a386173fd7761c1771b7b61962bfe,0.123,0.778,0.099,-0.3638
2025-05-16 21:18:00,"Prediction: This ""Magnificent Seven"" Stock Will Be the Most Valuable Company in the World in 10 Years",Yahoo,https://finnhub.io/api/news?id=0bae11b000d94c45e19c01c752a0dc0a3e228f433b46366496b28f5ab0a58d92,0.0,0.684,0.316,0.9245
2025-05-16 18:18:00,Senate Is Set to Pass a Stablecoin Bill. Rules for Crypto Exchanges Will Be Harder.,MarketWatch,https://finnhub.io/api/news?id=492208f432f301ba238f3807a5d82140ebef538d8dcfb25b99b27e41b8d00178,0.0,1.0,0.0,0.0
2025-05-16 17:10:08,Broadcom Stock Pauses After Strong Rally In Chip Designer Industry Group,Yahoo,https://finnhub.io/api/news?id=960b6673959a34def82d84869403cb2bfbeb3b7f4af26b78c5fcfb89e50138aa,0.0,0.774,0.226,0.7845
2025-05-16 16:45:45,Celestica: The Quiet AI Hardware Powerhouse,SeekingAlpha,https://finnhub.io/api/news?id=e4d31fc9562e4f298afbd840ba4ce973a131839cdbbe9b26ffff818102cc7db9,0.0,0.599,0.401,0.886
2025-05-16 16:43:16,AI regulation ban meets opposition from state attorneys general over risks to US consumers,Finnhub,https://finnhub.io/api/news?id=c5e1a29f289909ef3626913006e2f2459a64a08d8b00ac14f6b0fdd0c4730bcc,0.166,0.774,0.06,-0.6705
2025-05-16 16:17:18,Nvidia stock notches 16% weekly gain as trade news boosts AI chipmaker,Yahoo,https://finnhub.io/api/news?id=211e3462505e8fc1b38d03105fe8bace4aa4cf10ce1bb534ee1f729ba64e93df,0.0,0.746,0.254,0.9118
2025-05-16 16:17:18,Nvidia stock set for 15% weekly gain as trade news boosts AI chip,Yahoo,https://finnhub.io/api/news?id=8fe2fc273dff96ea15f77d598d523b963c10d22e2c7ee4f5789f4c38d03c897e,0.0,0.768,0.232,0.9118
2025-05-16 16:03:56,Meta Platforms Will Eventually Meet A 50% Reality,SeekingAlpha,https://finnhub.io/api/news?id=877724bb4446c617d3091613d39a0dcc27a1b8ad7e36fbecf04bdb9f20e2eb77,0.0,0.785,0.215,0.8225
2025-05-16 15:34:00,Meta wants a judge to dismiss the FTC's antitrust case against it,Yahoo,https://finnhub.io/api/news?id=890a90216cb308787c7f1633643670152066c7437e8d8ef4951c847cc9e75e74,0.0,0.949,0.051,0.3182
2025-05-16 14:53:39,Apple Stock: President Trump Had A Point In Qatar Meeting,SeekingAlpha,https://finnhub.io/api/news?id=c2f4a5178a5e878b945bff8968a4974b027882018fae0bb5390be083c8f34878,0.049,0.839,0.112,0.4404
2025-05-16 14:10:00,Nvidia customers will push into AI until they 'become irrelevant',Yahoo,https://finnhub.io/api/news?id=e16386e89ab53ec637d72de908cef4b4ed5a998d13fe5bc7ad0aa15e789a8f67,0.0,0.857,0.143,0.9325
2025-05-16 13:53:00,Meet the Monster Stock That Is Beating the Market,Yahoo,https://finnhub.io/api/news?id=c8ca9d764cdb2eb7a5fc5393b3d72229c17e149128261610409ab80937c2a19e,0.078,0.761,0.161,0.5574
2025-05-16 13:48:14,Nvidia Shares Roar Back as Clouds Hanging Over Chipmaker Fade,Yahoo,https://finnhub.io/api/news?id=dbbb0bcb430ba3fc91d7a6b8625bcb740932b754611b2465b4325750114468f8,0.131,0.756,0.113,-0.4019
2025-05-16 13:35:44,6 Communication Services Stocks Whale Activity In Today's Session,Benzinga,https://finnhub.io/api/news?id=5cd5d9468d2abf2dc0c18073d833396634bf851ea1459f6866b82095811b828f,0.0,1.0,0.0,0.0
2025-05-16 13:00:14,"Investors Heavily Search Meta Platforms, Inc. (META): Here is What You Need to Know",Yahoo,https://finnhub.io/api/news?id=b01168239c7baabd1d8870bc584113d9c811436b854f7c53a3323e205f5b35c2,0.066,0.89,0.044,-0.2263
2025-05-16 12:55:00,The Next Generation of AI Remains Elusive. All That CapEx Has Yet to Pay Off.,MarketWatch,https://finnhub.io/api/news?id=5024d9192a6e3570905074be488c82705e1ff531e38d921c3163ae6cc6aba555,0.091,0.909,0.0,-0.2023
2025-05-16 12:36:00,AppLovin and Boise Cascade have been highlighted as Zacks Bull and Bear of the Day,Yahoo,https://finnhub.io/api/news?id=415b98e15714100262f57059693c8ed86a9d1ceb62b04083043bc6fc9c0944c7,0.0,1.0,0.0,0.0
2025-05-16 12:15:50,5 Things to Know Before the Stock Market Opens,Yahoo,https://finnhub.io/api/news?id=3d03d1a774b1e5293ae4811cc15276f00f3180af4aba46ddb5423469bc955b5b,0.0,1.0,0.0,0.0
2025-05-16 12:14:28,Polish presidential election frontrunner faces scrutiny over ads,Finnhub,https://finnhub.io/api/news?id=c989636c71ac27fc933e3c25f3bdfb4f25682cf186d18b5b43011a224a93f99d,0.074,0.926,0.0,-0.4019
2025-05-16 11:42:24,Market Chatter: Meta Faces Growing Scrutiny Over Surge in Online Scams,Yahoo,https://finnhub.io/api/news?id=534ff91c68100782ca96b132cc37af7773958373612454de82025873c98bd809,0.314,0.634,0.051,-0.8658
2025-05-16 11:39:13,"Loeb's Third Point Exits Meta, Tesla, Rotates Into Staples, Telecom, Industrials",Benzinga,https://finnhub.io/api/news?id=05fd7c9798ba6b354b027ea17effae1d6783e748c772a71c3e8d7922c54c99ac,0.0,0.907,0.093,0.3818
2025-05-16 10:51:00,The Zacks Analyst Blog Highlights Meta Platforms and Microsoft,Yahoo,https://finnhub.io/api/news?id=1d846c9d2ca146f8e61d6278cb278638794eb4a2bf92e0683e13f3a7967ad2b0,0.0,1.0,0.0,0.0
2025-05-16 10:14:53,Meta Platforms And The Five Growth Opportunities,SeekingAlpha,https://finnhub.io/api/news?id=d756290fa60b3c7c5e9c10926535abaf8421eb8391b3e13c95ff54ceb6077c5c,0.155,0.66,0.185,-0.2023
2025-05-16 09:53:00,Tesla Stock Rises. Even Hedge Fund Sales Can’t Keep It Down.,MarketWatch,https://finnhub.io/api/news?id=12b8b0be8738f390025e6c01b0a4a0b51551dbc4aabdd42f0f85a19ef7c62928,0.0,1.0,0.0,0.0
2025-05-16 09:30:15,Ex-FBI director Comey meets with Secret Service over '8647' post,Finnhub,https://finnhub.io/api/news?id=ddcad8f325f36df911e5fe11925539d8c6c2ebc0363b8c8b5a9a5fe7dc768ed0,0.07,0.87,0.06,-0.128
2025-05-16 09:30:15,"Ex-FBI director Comey meets with Secret Service over '8647' post, source says",Finnhub,https://finnhub.io/api/news?id=c8e46581fc08c9a93646f836317cf768519eb689c69eb9fa52cad4ba19b6625a,0.068,0.875,0.058,-0.128
2025-05-16 09:30:15,"Trump rejects ex-FBI director Comey's explanation of ""8647"" post",Finnhub,https://finnhub.io/api/news?id=e29cb73aa6eb7affa0c14b0fc856df47700c3fd178eeb49a7b4b2a80186c9a4c,0.215,0.785,0.0,-0.8519
2025-05-16 09:14:24,"US Slams Europe's Digital Laws, Calls Them A Danger To Free Expression And American Big Tech",Benzinga,https://finnhub.io/api/news?id=ccd395a626a42a36877abdda67ab46e42f2cff6479124e9170c2002dc9a2fe07,0.112,0.713,0.175,0.4767
2025-05-16 09:14:00,Meta’s Key AI Model Hit by Delay. What It Means for the Stock.,Yahoo,https://finnhub.io/api/news?id=336d82f4eff75c423d8858a9616232281a48a9e1d0529b15c9045782f54ee36a,0.069,0.931,0.0,-0.3182
2025-05-16 09:11:16,"Trending tickers: Coinbase, Netflix, Cava, Meta and LandSec",Yahoo,https://finnhub.io/api/news?id=7e2a215fa54376005b116247dab097a259ecfb86bcc5eb0b4e30989183682a50,0.0,1.0,0.0,0.0
2025-05-16 08:13:59,"Wall Street Poised To Open Higher After S&P 500's 4-Day Run: 'Sounds Like Powell Is Expecting More Frequent Bouts Of Stagflation,' Cautions Expert (CORRECTED)",Benzinga,https://finnhub.io/api/news?id=089c9236ed14b04550f0f5d79f4ea7796500531aa0d64af3e62ec2665bdabe2e,0.0,0.83,0.17,0.5423
2025-05-16 08:00:00,3 Warning Signals For The U.S. Equity Market,SeekingAlpha,https://finnhub.io/api/news?id=139213253c92b9f071d9e60c9b7ee0f6203b8c41e95222bc5b042cbf09dde357,0.072,0.692,0.236,0.6643
2025-05-16 07:06:13,"Rocket Companies Soars 6% In Friday Premarket As Activist Investor ValueAct Reveals New Position, Calls RKT A 'Sleeping Giant' In Early Innings",Benzinga,https://finnhub.io/api/news?id=dcedeb03e4aff790168fd05ffc28ef28227bc43a187e2c27dc9e8f5bf5dac84e,0.0,0.897,0.103,0.5719
2025-05-16 05:35:19,Meta: Market Leadership And Costly AI Initiatives,SeekingAlpha,https://finnhub.io/api/news?id=89dcb7a0ceccc61b5d0b88b0b71766dc8bf0e0ed94670f9e8e6a2f80256375b7,0.038,0.726,0.237,0.8126
2025-05-16 04:04:22,Antitrust: Meta calls for FTC to drop lawsuit,Finnhub,https://finnhub.io/api/news?id=b2d48ada2b6b8f58684b52081644555d99b9f54781cd56b40537a4c698faad46,0.259,0.741,0.0,-0.872
2025-05-16 01:34:00,BlackRock Advantage Large Cap Core Fund Q1 2025 Commentary,SeekingAlpha,https://finnhub.io/api/news?id=5e1c61badd2b59a93f58c27c73183e0b26195944b2c243e2d9b6f3e023669d1e,0.0,0.787,0.213,0.7506
2025-05-16 01:00:00,Meta Battles an ‘Epidemic of Scams’ as Criminals Flood Instagram and Facebook,Yahoo,https://finnhub.io/api/news?id=da6c4ebf313a6dcdd16bb2f15e01a108526c5ef54480cccadebf943d5f9b4e4f,0.318,0.682,0.0,-0.9313
2025-05-15 23:51:00,BlackRock Capital Appreciation V.I. Fund Q1 2025 Commentary,SeekingAlpha,https://finnhub.io/api/news?id=1b2fa00a0a5e733ed23500a860dbfee3c7150df1d4547497dc0463c73f91fa0a,0.0,0.754,0.246,0.8316
2025-05-15 23:30:00,BlackRock Technology Opportunities Fund Q1 2025 Commentary,SeekingAlpha,https://finnhub.io/api/news?id=503ab2226dd11d9a8ec23e56e9a224ac768f8b3d15718c622d67f13a514458bd,0.0,0.738,0.262,0.8225
2025-05-15 21:40:00,It looks like Meta just hit a big AI roadblock,Yahoo,https://finnhub.io/api/news?id=8f3e1e4b2aee05f44304dbdb45806e7ed65e4cf2d7556593ea1b0aff06eda107,0.041,0.839,0.12,0.5719
2025-05-15 21:16:39,"Meta Is Delaying the Launch of Its 'Behemoth' AI Model, Report Says",Yahoo,https://finnhub.io/api/news?id=4c45535d1d2e6b8980c8dd226f874dde7b8938cc59ae0d990a2fbc4b18ff5e1a,0.0,0.94,0.06,0.3182
2025-05-15 18:28:42,S&P 500 Rises as Fed-Cut Bets Sink Treasury Yields: Markets Wrap,Yahoo,https://finnhub.io/api/news?id=3f452d572645b2393b4e51df683c3371d81c0e379541b184a446d14293a6ad73,0.089,0.805,0.106,-0.1027
2025-05-15 20:18:50,Meta Stock Falls On Report Of Delayed Rollout For AI Model Update,Yahoo,https://finnhub.io/api/news?id=15f11933140e10cea3e8c54b122a31ba604245b8da355aebf55ab6c86ff2dd87,0.114,0.843,0.042,-0.34
2025-05-15 19:49:18,"Meta delays release of flagship AI model, Behemoth: WSJ",Yahoo,https://finnhub.io/api/news?id=6c05b0c665e08e16e6a32cec1f7693cb7946914dbdd4741edd86f21f45136d00,0.071,0.857,0.073,0.0314
2025-05-15 19:45:08,Meta asks judge to rule that FTC failed to prove its monopoly case,Finnhub,https://finnhub.io/api/news?id=b1b6663bc85e9ca7b6ab0887dbc93a9aed9a593131616ecc4451fe4fd2cd5563,0.175,0.825,0.0,-0.8074
2025-05-15 19:17:00,Meta Is Delaying the Rollout of Its Flagship AI Model,Yahoo,https://finnhub.io/api/news?id=f962ac9d268c82a2c4d7da7517592cefdaaae9ee492d00b5844364a0eef47ff5,0.071,0.741,0.188,0.4215
2025-05-15 19:00:00,Meta Platforms vs. Microsoft: Which AI Superpower is a Better Buy?,Yahoo,https://finnhub.io/api/news?id=e712e97826555d473f2883f7cf898068ffb588886327586a18b6f77cbd54900c,0.0,0.82,0.18,0.7319
2025-05-15 17:45:07,Tech Flat as Recovery Rally Runs Out of Steam - Tech Roundup,Finnhub,https://finnhub.io/api/news?id=df6d3f5f198e4e91dd3cb1a2aecf5b4c491f38d113d10a0d513a0de942805031,0.0,0.917,0.083,0.3818
2025-05-15 17:28:00,Third Point sells off Tesla and makes these other ‘Magnificent Seven’ moves,MarketWatch,https://finnhub.io/api/news?id=8521d0c2769bc7d5803215d8903d55ab7889f2c97670e1fe1c838702147a65a8,0.0,1.0,0.0,0.0
2025-05-15 17:10:09,"Viking Global Investors Reports Share Stake in Meta, Cuts in JPMorgan",Finnhub,https://finnhub.io/api/news?id=a62e48afbb1c988d4a63bba0e6e064ab3127194d6446102c00d47c79e2c7505f,0.05,0.768,0.182,0.7065
2025-05-15 16:50:13,"Lone Pine Capital Raises Share Stake In Amazon, Cuts Share Stake In Meta",Finnhub,https://finnhub.io/api/news?id=7f7a186d4e673dede18c81a092c8e5b71c9e8432c577b8f5467078ce75627c6b,0.246,0.509,0.245,-0.0258
2025-05-15 16:24:02,"Meta Platforms, Inc. (META)’s Growth Is “Uninspiring,” Veteran Investor Says",Yahoo,https://finnhub.io/api/news?id=f99b8c1ce4ba2d55ec96c20c72a199e25f11e136e730c5489a0c523a1b72bd8f,0.029,0.84,0.131,0.749
2025-05-15 16:10:08,Meta Shares Fall After Reported Delay in Rollout of AI Model,Finnhub,https://finnhub.io/api/news?id=4363a422c0192b01d12c6b2d487e0d7b2d060719e8acf102afe8b437c3576556,0.142,0.764,0.093,-0.3182
2025-05-15 15:57:08,"Meta delays release of its 'Behemoth' AI model, WSJ reports",Finnhub,https://finnhub.io/api/news?id=57473a9ee2e5f2a035a468ddd21370a980d3811358e4ae06bdea9a759d82c8d2,0.0,0.937,0.063,0.128
2025-05-15 15:49:00,BlackRock Sustainable Advantage Large Cap Core Fund Q1 2025 Commentary,SeekingAlpha,https://finnhub.io/api/news?id=807b75e324b13a6e7a9ebabeefc1be4ef60425bddc736c359517133941d6a512,0.0,0.797,0.203,0.7506
2025-05-15 15:38:48,Tech stocks slump as 'Magnificent Seven' stumble in late trade,MarketWatch,https://finnhub.io/api/news?id=96bb7b564140983432f7259364c21fcfb1203bf0d337cb26156760c497d051a5,0.0,0.698,0.302,0.8316
2025-05-15 15:29:06,"Meta is delaying release of its 'Behemoth' AI model, WSJ reports",Finnhub,https://finnhub.io/api/news?id=577e860f7a7deeb69f01668a088c23991f830be733e7e98009ab79713ab504ad,0.0,0.943,0.057,0.128
2025-05-15 15:21:09,"Meta Is Delaying The Release Of Its ""Behemoth"" AI Model Due To Concerns About Its Capabilities - WSJ",Finnhub,https://finnhub.io/api/news?id=4272873dc827a1be1b6cb87d571c6aaf4ba04e13cd19fdc1c2cad1215f02b8fc,0.0,1.0,0.0,0.0
2025-05-15 14:54:07,Meta Users Can Now Customize Meta AI To Provide Detailed Responses On Ray-Ban Meta Glasses,Finnhub,https://finnhub.io/api/news?id=9fd81acdbc9199457955ddc3f6e7e4ceca0a7cb09eb73e3151d350a6624e6383,0.0,1.0,0.0,0.0
2025-05-15 14:03:25,"Ray Dalio's Bridgewater Dumps SPY, Trims Nvidia, Meta, Alphabet — Bearish Vibes?",Benzinga,https://finnhub.io/api/news?id=256d9e12972608afce2a3dcb1c62b5ce1edaf8365c0255daf7d1ad6431cf500a,0.144,0.856,0.0,-0.6204
2025-05-15 13:20:51,Why Wall Street's biggest bear still expects a recession and much lower stock prices,Yahoo,https://finnhub.io/api/news?id=b1d603d626a37d526c58acdd677cf888df97702317dbb6cd3cbb2ac3f52670ff,0.31,0.69,0.0,-0.836
2025-05-15 13:16:25,Mark Zuckerberg Says 'Apple Hasn't Invented Anything Great Since The iPhone' As Meta Blocks Its AI Tools,Yahoo,https://finnhub.io/api/news?id=c42d726fd13420a74c542faf99506be3695c339cb55ee54837ff89893ec2aafd,0.084,0.916,0.0,-0.7646
2025-05-15 12:46:11,US FTC chair seeks to trim agency by around 10%,Finnhub,https://finnhub.io/api/news?id=30ae531a9250c121f574d185a2b0e336c1cf2a5f334e827db1c4f07cede10445,0.0,1.0,0.0,0.0
2025-05-15 11:15:00,2 Tech Dividend Stocks to Buy and Hold Forever,Yahoo,https://finnhub.io/api/news?id=59e68d3d78a1f41932f571e9144d9290360d1bf592a6f93f5c82b0059e695d34,0.0,0.868,0.132,0.802
2025-05-15 09:48:15,Apple’s (AAPL) Legal Brawl With Epic Games Leaves Stockholders in Limbo,Yahoo,https://finnhub.io/api/news?id=0bd408845a5ba0e9aa3056a69c25eb6bb5d872c0ba8f2f190dcd16a049122e23,0.05,0.905,0.045,-0.3612
2025-05-15 08:00:40,Trump antitrust cop has a message for companies: ‘We’re going to be very serious’ about illegal competition,Yahoo,https://finnhub.io/api/news?id=9df89634ed6d7ac2133dc361ccd00d791d2c3bcc7fa0e80a2ee1d00401684c7d,0.168,0.756,0.076,-0.7479
2025-05-15 07:52:00,Why Meta Platforms Stock Isn't as Safe or as Cheap as It May Look,Yahoo,https://finnhub.io/api/news?id=aee253501086ea038e9ba2533592c306bd4ab0965ea4c541743a2368c8b634bb,0.187,0.73,0.083,-0.7654
2025-05-15 07:46:16,Meta Platforms: A Growing Risk Investors Can't Keep Ignoring,SeekingAlpha,https://finnhub.io/api/news?id=5b9188e1f9e8da87fa3b025049dce37fd8b6b50922950707893557f0360eb08e,0.052,0.74,0.209,0.6551
2025-05-15 07:40:00,BlackRock Advantage Global Fund Q1 2025 Commentary,SeekingAlpha,https://finnhub.io/api/news?id=5183059baec33748429c9541a15ce49a2d2a62afea7308fc8770a17f8e42e531,0.0,0.802,0.198,0.6597
2025-05-15 07:20:00,BlackRock Large Cap Focus Growth Fund Q1 2025 Commentary,SeekingAlpha,https://finnhub.io/api/news?id=61e5695c9460c0e4a582015204981faa9cf9f49127187b19964ecf18b49e98da,0.0,0.8,0.2,0.7184
2025-05-15 01:16:00,BlackRock Advantage Large Cap Core V.I. Fund Q1 2025 Commentary,SeekingAlpha,https://finnhub.io/api/news?id=ac328970a499d786ed3fca46eb9898e35d357c91f8f798b02461053b094bf45f,0.0,0.833,0.167,0.6369
2025-05-14 21:15:43,"Mag 7 gains, fairly valued market, risk: Trading Takeaways",Yahoo,https://finnhub.io/api/news?id=95e22eda78dea78866b63b80a10a523e4eeb68337d7e593f694a22f4afd77328,0.033,0.834,0.133,0.8885
2025-05-14 20:46:37,Bridgewater reveals its top buys and sells of Q1 in latest filing,Yahoo,https://finnhub.io/api/news?id=3f70116ad1db0ada1bfe084f3226b0dee6772aa9574a226cb7f3f6ac58cfbfc8,0.015,0.949,0.036,0.2782
2025-05-14 20:32:04,"Mark Zuckerberg Once Set Up A Facebook Account For Brooklyn Nine-Nine Star Andy Samberg, Then Personally Played Tech Support When Things Went A Bit Haywire",Yahoo,https://finnhub.io/api/news?id=0d4aee15cbafc19383fb7608336119444393f39b61d5cdcdb9441a9304e76872,0.0,0.822,0.178,0.964
2025-05-14 19:47:45,"Silicon Valley's conference season kicks off amid AI, tariff trepidation",Yahoo,https://finnhub.io/api/news?id=f1e611f50f076af7ce9147e81ce60ceb89d5f986beeefb38ad506fd30fbe778c,0.0,0.935,0.065,0.2023
2025-05-14 19:17:52,"CoreWeave stock sinks as company discloses $23 billion capex plan, $4 billion OpenAI commitment",Yahoo,https://finnhub.io/api/news?id=ae212befa53bbb2ca0ac9d8a37255729053864758b23672f3ad889eb6027ebf1,0.0,0.872,0.128,0.7579
2025-05-14 19:17:52,Nvidia-backed CoreWeave whipsaws as investors digest $23 billion capital expenditure plan,Yahoo,https://finnhub.io/api/news?id=47927e20fc34f32b01703d38ec6d127d0d66305ac83353be70a4b1fe450d0129,0.0,0.955,0.045,0.34
2025-05-14 16:36:09,Analyst: Meta Platforms (META) Has ‘Best Performing’ Ad Business Regardless of ‘What Happens This Year’,Yahoo,https://finnhub.io/api/news?id=08149f66f23d17f08fff745f6a825cae77dd2770d242b557cb1b73ffc3424ca0,0.02,0.91,0.069,0.3818
2025-05-14 15:37:57,Meta: I Believe The Market Is Underestimating The Potential For EPS Growth,SeekingAlpha,https://finnhub.io/api/news?id=f7b809a4236c60411c99db639598802008f3c6d94bdeff8d7c7c77dfb35182b1,0.0,0.703,0.297,0.91
2025-05-14 13:45:00,3 Top Growth Stocks to Buy and Hold Forever,Yahoo,https://finnhub.io/api/news?id=ce9313acf13b833908fb2a4474d7a744edfdcb4e1d3523427c14ad3542fdb100,0.0,0.82,0.18,0.5267
2025-05-14 12:43:55,Trump trade war with China may never be totally over: Former Commerce Secretary Wilbur Ross,Yahoo,https://finnhub.io/api/news?id=c6173b152cef28d190c20ca31dd7b766e024fc5e024a53d61eaccf01a07ec9f8,0.169,0.831,0.0,-0.6908
2025-05-14 12:40:00,Tech Stocks - Focus On What Management Isn't Talking About,SeekingAlpha,https://finnhub.io/api/news?id=42c2faf54e586731f3caa559730f6c866619d382cc564bce7ca27895c4f30f18,0.121,0.879,0.0,-0.5106
2025-05-14 11:20:00,BlackRock Unconstrained Equity Fund Q1 2025 Commentary,SeekingAlpha,https://finnhub.io/api/news?id=61cdf7ca1ecbbff94a288c2cdc2a1893ab73639eeee7079d4f3d3e223a71121b,0.0,0.86,0.14,0.5267
2025-05-14 10:33:09,Advocacy group threatens Meta with injunction over data-use for AI training,Finnhub,https://finnhub.io/api/news?id=e75db31684662b60798d853763bc18505b768f4722ac937dd22937712ed447a5,0.061,0.896,0.042,-0.2023
2025-05-14 10:05:02,"Big Tech ETF rises, on pace for longest winning streak of 2025",MarketWatch,https://finnhub.io/api/news?id=03c983708b9816a3f79f9bacf037446a2eb1f3df675094c2dde6abee06924f1e,0.0,0.764,0.236,0.7783
2025-05-14 10:00:00,Trump's Fiscal Austerity: A Shock To The Economy And Market,SeekingAlpha,https://finnhub.io/api/news?id=f4fbda16ac36feebc16225cb7b8e26f9c3f36d15d4344a5aa94840823e1353fc,0.203,0.752,0.045,-0.743
2025-05-14 09:56:39,Poland finds what it says may be foreign-funded election interference,Finnhub,https://finnhub.io/api/news?id=6d94e8fc326ea89164227177c9f20a8c2dd69d257e01e69168ad97717c232e0c,0.0,1.0,0.0,0.0
2025-05-14 09:27:00,A Nasdaq Bull Market Is Coming: 3 Tariff-Resistant Growth Stocks to Confidently Buy Right Now,Yahoo,https://finnhub.io/api/news?id=d10d56c9ac9dc23b56bb057f429e7f835eac6f46e16f9e61bfce3f4af991b514,0.03,0.87,0.1,0.7506
2025-05-14 09:07:19,Poland uncovers what it says may be foreign-funded election interference,Finnhub,https://finnhub.io/api/news?id=846b07aa63f2e7db33dfa6c8539c9fd3d5d454c554e96ebc9f2a3fa604aef790,0.045,0.955,0.0,-0.2103
2025-05-14 08:44:00,Parnassus Growth Equity Fund Q1 2025 Commentary,SeekingAlpha,https://finnhub.io/api/news?id=18c9bbc6b81692bfba93830d77b86454e725fe7091cfd4064d5b67663954fbde,0.0,0.66,0.34,0.8979
2025-05-14 07:50:00,You can see AI everywhere — except in Big Tech’s profits,MarketWatch,https://finnhub.io/api/news?id=35b4863ee15ff30d207af029b91899babce08ae17b396d856c5cd346e57dab03,0.0,0.775,0.225,0.7003
2025-05-14 07:06:07,Poland says it uncovers attempt to interfere in presidential election,Finnhub,https://finnhub.io/api/news?id=7299292c5b86e20c84ea26c53256554cd5fce2f56199654cfc88d56ce917e33a,0.0,1.0,0.0,0.0
2025-05-14 03:31:51,Q1 Earnings Roundup: Meta (NASDAQ:META) And The Rest Of The Social Networking Segment,Yahoo,https://finnhub.io/api/news?id=62b39d077d2733809cbd87ec59c0a12dedec890e4276f81c842563917d5ee895,0.099,0.799,0.102,0.0258
2025-05-14 03:30:40,Meta Platforms Pushing For Higher Growth With AI,SeekingAlpha,https://finnhub.io/api/news?id=23bd368c8c2e68c959cfbecec711daa985c0d45d7b1c0389f89d97df67db21ab,0.0,0.86,0.14,0.6369
2025-05-14 03:00:10,"Amazon.com, Inc. (AMZN), Meta Platforms, Inc. (META) Delivered the Best Earnings Among the Mag 7, Prominent Investor Says",Yahoo,https://finnhub.io/api/news?id=563cd1f90664975aa2d4f663e0b414604b0584cde76aad92ea7a4f5a10bb19fc,0.031,0.785,0.183,0.9213
2025-05-14 01:01:22,Advocacy group threatens Meta with injunction over use of EU data for AI training,Finnhub,https://finnhub.io/api/news?id=f84ad6af708bf9dcb395128190e971c235fc11b43d4f0eb49b4a842d560d4bb6,0.058,0.942,0.0,-0.3818
2025-05-14 00:14:55,Meta Platforms (NasdaqGS:META) Reports Robust Q1 2025 Earnings Growth,Yahoo,https://finnhub.io/api/news?id=f2ebd73d6d11435487b9029c926492a3daa787f7624a89778ef1d1a33ab463a9,0.0,0.715,0.285,0.9663
2025-05-13 20:09:29,Tracking Christopher Davis' Davis Selected Advisers 13F Portfolio - Q1 2025 Update,SeekingAlpha,https://finnhub.io/api/news?id=ad893fda7efff23edddd51ef47b42c28e4a61952dee0627cf6e215442dd95b5d,0.0,0.854,0.146,0.5859
2025-05-13 18:28:35,"Meta: Positive Outlook, But Innovation And Margin Risks Remain",SeekingAlpha,https://finnhub.io/api/news?id=c8b0f7d8b322b9af3be960252ba689e9e68641dda927f02558ca784a0d7bf5fa,0.185,0.418,0.397,0.4678
2025-05-13 18:05:06,10 Advertising & Media Stocks That Could Tank If Recession Hits,Yahoo,https://finnhub.io/api/news?id=452ec6229abf13e6892e228bfdebf4b73ebdd22ca13d387cbf561fbe79d2054b,0.174,0.809,0.017,-0.8957
2025-05-13 16:45:09,Nebius Q1 Preview: All About ARR,SeekingAlpha,https://finnhub.io/api/news?id=bf3e331164cf2cd9a98e12332a1fb2ae62193f2cee033c3d47c7a4f5777d3e10,0.0,0.916,0.084,0.5106
2025-05-13 16:20:38,"Nvidia stock surges, tops $3 trillion market cap amid flurry of trade optimism",Yahoo,https://finnhub.io/api/news?id=fe895bdbd628d58d32a84ff37cb9b882f95bd7fc9c7eb7b7c3d00b44a969b393,0.0,0.779,0.221,0.7783
2025-05-13 16:20:38,"Nvidia stock surges 5%, company rejoins $3 trillion club amid flurry of trade news",Yahoo,https://finnhub.io/api/news?id=c5acf0699586bee9e73999fcff4de3458da0f30c2c3e924881b8e3a49b226c6c,0.0,1.0,0.0,0.0
2025-05-13 16:19:00,"Is META Stock's 24.18X PE Still Worth it? Buy, Sell, or Hold?",Yahoo,https://finnhub.io/api/news?id=dbc68244d031b276383e20e469534c9f15ed1c8b6feb9dd0ab5ad50cab2c7fef,0.051,0.799,0.15,0.5362
2025-05-13 16:07:41,"How NVDA, AAPL, and META Plan to Harness VR to Dominate the Future",Yahoo,https://finnhub.io/api/news?id=d3c4ab716155b1c1a335d9e141b3d2f46a962ece2f96477d6d2ac5a4c4b906df,0.017,0.983,0.0,-0.128
2025-05-13 16:05:27,Well-Known Investor Defends Alphabet Inc. (GOOGL) Stock,Yahoo,https://finnhub.io/api/news?id=36dc97a8aebae0b9d6acbef2c36f5557f89d258df23f7e75936283d454947966,0.049,0.862,0.089,0.4215
2025-05-13 15:58:12,Amazon And Meta Stock Add To Gains After Trump Slashes Tariffs On 'De Minimis' China Shipments,Yahoo,https://finnhub.io/api/news?id=b0c1ed6dca8f30365357171a583063b74a6c7ca13277a46e18589deca345c785,0.123,0.735,0.142,0.2023
2025-05-13 14:34:00,‘Magnificent Seven’ blows past a major threshold — but a few more marks must be crossed before tech is really back,MarketWatch,https://finnhub.io/api/news?id=53d44cecdb955eeb868d0b651e3814c96d0ae32ae00778ac602230ca13e72345,0.0,1.0,0.0,0.0
2025-05-13 14:09:00,"The Zacks Analyst Blog Highlights Alphabet, Meta Platforms and Microsoft",Yahoo,https://finnhub.io/api/news?id=8c415bdb66b740d9e2e935365afebdc8b5ed00dabe04232420b7c83b8520fbd1,0.0,1.0,0.0,0.0
2025-05-13 13:56:17,Meta Platforms And TikTok: Don't Let A Crisis Go To Waste,SeekingAlpha,https://finnhub.io/api/news?id=6cf4527dc5f921ad00466c06e7efbce09906135196be97f1d968e1df10a12195,0.056,0.696,0.248,0.8656
2025-05-13 13:45:37,"Meta Platforms, Inc. (META) Reported the Best Results Among Mag 7, Prominent Investor Says",Yahoo,https://finnhub.io/api/news?id=57e8e424663207d2b21d4727e475904f67456cb03985676a7be3a1a8b7659dda,0.0,0.841,0.159,0.91
2025-05-13 13:16:06,Interpreting Meta Platforms (META) International Revenue Trends,Yahoo,https://finnhub.io/api/news?id=b443ae8f11d90e0ff252dc0d172e1022628b90ad9a24ba10c3e4eb2bb32f2111,0.0,0.772,0.228,0.7717
2025-05-13 13:01:00,Netflix and Meta’s Carbon Credits Snared in Dispute with Maasai Herders,Yahoo,https://finnhub.io/api/news?id=86990c8407b7922cac861de4f61a46e4c2a0d6a868cdfb0cb16fcab89ca79b50,0.155,0.777,0.067,-0.5106
2025-05-13 10:30:00,Invesco Global Fund Q1 2025 Commentary,SeekingAlpha,https://finnhub.io/api/news?id=6fa047ab330af152e655396692dc08c48a87ffe27c35a8a8a14e18476d85008e,0.0,0.802,0.198,0.7506
2025-05-13 10:01:49,A 'Magnificent' China reset reignites the tech trade,Yahoo,https://finnhub.io/api/news?id=7e21ec47a79062f36c1391fa6ee31985ac163ad63964866ae2401daf9d9d4782,0.141,0.578,0.282,0.5994
2025-05-13 09:49:37,Meta Keeps Pushing Forward. Management Is Focused On Winning,SeekingAlpha,https://finnhub.io/api/news?id=8deca679a4f7c9fd2d77b717c2079d71c07c7e573036a1b6f183018d8b1a7395,0.0,0.538,0.462,0.7184
2025-05-13 09:39:00,The bulls are back in town. Goldman and this Wall Street optimist are lifting their S&P 500 targets on tariff relief.,MarketWatch,https://finnhub.io/api/news?id=673ea1f438e9ccb891a05930ba5ce436b15bf1548f6a68a315e745fb1b132b06,0.0,0.745,0.255,0.9186
2025-05-13 09:04:47,Advanced Micro Devices Stock (AMD) Stuck in Neutral as AI Boom Accelerates,Yahoo,https://finnhub.io/api/news?id=183111dc8ef0ca55d32d50c9dfda7fc65e7003d03a8bd85973f0569e03acd307,0.144,0.805,0.05,-0.8468
2025-05-13 09:00:00,SMH: The Growth Story Remains Incredibly Mispriced,SeekingAlpha,https://finnhub.io/api/news?id=a66320673c552e404ee429b6dfc5403c9779940f5382c20d52660ec29666962a,0.16,0.657,0.182,-0.0372
2025-05-13 08:53:46,Alphabet In 2025 Is Spelled MOS,SeekingAlpha,https://finnhub.io/api/news?id=917329bc9cbd10a6984b17b7fe89451ce2700f9562495f4567b332c0438fb251,0.0,0.767,0.233,0.8555
2025-05-13 08:43:08,"Trending tickers: Coinbase, Amazon, Meta, Boeing and M&S",Yahoo,https://finnhub.io/api/news?id=5a1cbccdd79db1d1e614340a0016beec87c92b5e68d9ec08d4f76ac9833c73f4,0.0,0.914,0.086,0.1779
2025-05-13 08:40:00,2 Tech Stocks You Can Buy and Hold for the Next Decade,Yahoo,https://finnhub.io/api/news?id=09c5d8a76ea61e4062832c493b242fa4b08a0c9fbcb20fb2f5a714fef1d65212,0.0,0.891,0.109,0.7469
2025-05-13 08:20:00,Invesco Global Focus Fund Q1 2025 Commentary,SeekingAlpha,https://finnhub.io/api/news?id=314c228f7c7eaa907ec03c057011a74796ae2c424bfe21d3391eb652c5c29330,0.0,0.807,0.193,0.7506
2025-05-13 06:07:09,"Meta Platforms : Over Half a Trillion Dollars, 3.4 Million U.S. Jobs Linked to Meta’s AI-Driven Ads Technologies",Finnhub,https://finnhub.io/api/news?id=c6fe4b4fd1261f622b6ff7560baca829b6572da78dfeee3d18223618846f7b73,0.0,1.0,0.0,0.0
2025-05-28 22:42:59,"Mark Zuckerberg's goat is now worth $110,000 — sort of",Yahoo,https://finnhub.io/api/news?id=160e4ab3cd3764194e04a1c075c6091697f5b793bc78a502724c4a28c9c53f95,0.0,0.847,0.153,0.5859
2025-05-28 22:34:12,Salesforce Says AI Has Reduced Hiring of Engineers and Customer Service Workers,Yahoo,https://finnhub.io/api/news?id=192e51b91d0039cac5d6f2f52cbd0d35814b9c6a2e4645693af7132cfd1aa9a9,0.0,0.916,0.084,0.7906
2025-05-28 22:09:49,Tracking Terry Smith's Fundsmith 13F Portfolio - Q1 2025 Update,SeekingAlpha,https://finnhub.io/api/news?id=a1fd3663dd9437c15f4f0e731c68ffcfa0c874c6a7695eaf106a72b54c8304e4,0.0,1.0,0.0,0.0
2025-05-28 21:30:00,RGA Investment Advisors Q1 2025 Investment Commentary,SeekingAlpha,https://finnhub.io/api/news?id=4dee0ba7f00380d26b1305312c50ac64ababf593c379ada4279c4b7699f12336,0.076,0.924,0.0,-0.34
2025-05-28 19:51:03,"META Investors Have Opportunity to Join Meta Platforms, Inc. Fraud Investigation with the Schall Law Firm",Finnhub,https://finnhub.io/api/news?id=50d02768cccfc3b5d8232c56822eda4cd03ca0c03b5ffd095ac99e8200ff80d0,0.163,0.707,0.13,-0.4215
2025-05-28 17:56:47,"MAGS: The Correction Reversed, But Big Tech Fundamentals Continue To Deteriorate",SeekingAlpha,https://finnhub.io/api/news?id=d26f324a17106b4312c32a6e736ff5ddb6cf59dc05140d698486a65801a0a200,0.0,1.0,0.0,0.0
2025-05-28 17:41:46,Meta Platforms (NasdaqGS:META) Faces Shareholder Proposal on Combating Hate Speech,Yahoo,https://finnhub.io/api/news?id=b5c72a7d453ed40bafe63eab43c25c39ebf4e0a07ad4427feb2c7013bf6ae725,0.039,0.776,0.185,0.9178
2025-05-28 16:36:03,Market Chatter: Meta Platforms Plans Physical Store Expansion to Support Hardware Sales,Yahoo,https://finnhub.io/api/news?id=0502a8489d51bb4294e862f8967515faf2f295e0e5348b3a16bb8310d2d0478c,0.0,0.915,0.085,0.4019
2025-05-28 16:01:09,Judge denies US Copyright Office director's request to halt her firing,Finnhub,https://finnhub.io/api/news?id=2bb5188b8325ac248feebe2034e845cef00e5f6a6762a7ccf24505ea334b1fff,0.369,0.631,0.0,-0.9371
2025-05-28 15:31:00,"Is Meta Stock A Buy? Facebook Parent Shares Rebound After Tariff Deal, Q1 Earnings",Yahoo,https://finnhub.io/api/news?id=9c3f3807dd2bcae7892b976ed47c2b7b026b8da7ecbb798d39a42d1fbd9927e7,0.037,0.904,0.059,0.1531
2025-05-28 14:57:10,Meta’s content moderation under scrutiny as ADL-backed proposal garners investor support,Yahoo,https://finnhub.io/api/news?id=9341ed23627072c74414615bc27aa577ff3ebb0af1a3e949cfe902be65a2c11a,0.067,0.78,0.152,0.4019
2025-05-28 14:34:02,AI: Two Types Of Value Are The Key To Understanding The Future Market,SeekingAlpha,https://finnhub.io/api/news?id=a12b5b2667cb7793e53062f9080eb4943438ef0712135054cea23e25f91d2f97,0.0,0.833,0.167,0.34
2025-05-28 14:00:13,Nvidia’s earnings call must deliver on 3 things or else,Yahoo,https://finnhub.io/api/news?id=d59bbb209fbbaa06385e7591ac86873d8708acacd1d0e08cfcaef99f1e8c2f37,0.0,0.942,0.058,0.6597
2025-05-28 13:52:53,'Magnificent Seven' ETF wobbles as Big Tech stocks trade mixed ahead of Nvidia earnings,MarketWatch,https://finnhub.io/api/news?id=3f158b0171410b3edf7f12920cb165bfc9a7c473f7c199c4bea12a5ce8c24648,0.0,0.769,0.231,0.8316
2025-05-28 12:42:32,President Trump Says TikTok Different Than Nippon; Would Need China Approval On TikTok; Think We Can Save TikTok,Benzinga,https://finnhub.io/api/news?id=cf8d6f1c68d0c56d200f5ef85d96035cd4a47478811807d18bac52b59044318d,0.0,0.73,0.27,0.743
2025-05-28 12:36:23,Independent Proxy Advisory Firms Supports JLens? Proposal,Finnhub,https://finnhub.io/api/news?id=770ca4d70167f42b799ca8325ea887f3c28682d225355cef08c4787c81cbaf6e,0.0,0.888,0.112,0.5106
2025-05-28 12:02:07,Meta Is Working On Plans To Open Physical Stores And Hire Retail Workers- Business Insider,Finnhub,https://finnhub.io/api/news?id=a710fe88f33de674e1eb1a52adb6758160bd58306e9a85e4b251e4835861a04e,0.0,1.0,0.0,0.0
2025-05-28 11:32:16,US to ban foreign officials over 'flagrant censorship' on social media,Finnhub,https://finnhub.io/api/news?id=7fe205bc349fc52e9aaeb37ace65377b50dfb9748dd0fedc632e7084999e86bf,0.171,0.829,0.0,-0.7184
2025-05-28 10:59:29,"'Secretary of State Marco Rubio Says U.S. Announces Visa Restriction Policy Targeting Foreign Nationals Who ""Censor Americans""; Unacceptable For Foreign Officials To Demand That U.S. Tech Platforms Adopt Global Content Moderation Policies' - Reuters News",Benzinga,https://finnhub.io/api/news?id=896bb71dd853c03a5cd553423b247615e120a850c29f2f5cb2e7ac9c9a024c09,0.22,0.723,0.057,-0.8957
2025-05-28 10:39:00,"Broadcom Stock Is Rising. Shares Can Soar Past Their Record, Says Analyst.",MarketWatch,https://finnhub.io/api/news?id=a40562b403e9711326a0dd70cf392f1e8df364f4c1faf8455a6462f8c2db2d85,0.0,0.833,0.167,0.5267
2025-05-28 09:07:12,"Telegram, Musk-owned xAI partner to distribute Grok to messaging app's users",Finnhub,https://finnhub.io/api/news?id=358ec0855e5c26600e01e1ec8d413429bee8db1b188c872f8c487cc4c9038ba7,0.0,0.961,0.039,0.1779
2025-05-28 08:25:00,Is Meta Platforms' Business in Trouble?,Yahoo,https://finnhub.io/api/news?id=b745ff3ffd2f557afc48896e42a490d368b73461239304ef5e7ead76248d65dc,0.096,0.807,0.097,0.0258
2025-05-28 07:35:00,"Semiconductor Industry Updates: Tariffs Ease, Hyperscalers Double Down, And AI Accelerates",SeekingAlpha,https://finnhub.io/api/news?id=1091f911d2532aebe68ae1efb8180c85a2017f0f72321c7767d868aba8a7e38b,0.125,0.741,0.134,-0.1901
2025-05-28 04:56:06,Alphabet's Veo 3: AI Video Crown Achieved,SeekingAlpha,https://finnhub.io/api/news?id=5dbf4df58a75a6e4b973d641aa1233b07cdf7bb03fa30bc4d2b2a2c1dd527cdb,0.0,1.0,0.0,0.0
2025-05-28 04:08:33,Nvidia's Blackwell AI Servers Are Back In Production After Key Supply Chain Partners Like Foxconn Fix Overheating Issues: Report,Benzinga,https://finnhub.io/api/news?id=749c280f0a9e63c124bc113c11eb9709877d09d9d3efd78c3efa826369510579,0.027,0.859,0.114,0.5994
2025-05-27 21:09:07,Meta’s Future Lies With Judge as FTC Antitrust Trial Ends,Yahoo,https://finnhub.io/api/news?id=3e9e3d4e50beea6c278be4e3f03a5de7a50d885a3dc1a90e3df70dd5fb8fcdda,0.081,0.873,0.046,-0.5574
2025-05-27 20:00:44,Nvidia’s suppliers resolve AI rack issues in boost to sales,Yahoo,https://finnhub.io/api/news?id=263f6aaf165cd7f85e2d395d7e078ffdaeb297d7912416f97866340888e2d272,0.053,0.758,0.188,0.5859
2025-05-27 19:12:34,Meta reportedly splits its AI team to build products faster,Yahoo,https://finnhub.io/api/news?id=fa20bdc53503282df9720cb789dbcb9d00dd35c4dd7829e79239cdbf5a9c68d5,0.041,0.865,0.094,0.6808
2025-05-27 17:33:49,Zuckerberg's Bet on MAGA Has Yet to Pay Off for Meta,Finnhub,https://finnhub.io/api/news?id=33a07373afaab5e886d4ca2d5c5eb0110b2af9084e574b70456e1fa4d0d6dcaa,0.028,0.972,0.0,-0.0516
2025-05-27 17:00:00,"After 15 years, you can finally use WhatsApp on your iPad: Here’s how to get the app on your Apple tablet",Yahoo,https://finnhub.io/api/news?id=24a0a87fe9bb94da546cf2f28cfe7c77c9b4d3b751f6366716cfeb865936ad1b,0.0,1.0,0.0,0.0
2025-05-27 16:51:41,Market Chatter: Meta Platforms Reorganizing AI Teams to Speed Up Product Development,Yahoo,https://finnhub.io/api/news?id=29c7f04ca99b403fee04f1e9d2953a77911b5d341160d272f1b7411c750567b9,0.0,0.89,0.11,0.4767
2025-05-27 13:15:00,Trump Vs. Apple: We Know How This One Ends (Rating Upgrade),SeekingAlpha,https://finnhub.io/api/news?id=f8abca89702576bb917303f8a5b62e29c2818ba35d803f0154688884168825f7,0.0,0.84,0.16,0.7269
2025-05-27 11:30:57,Meta: Early Warning Signs Of Excessive Capex Spends Like In 2022,SeekingAlpha,https://finnhub.io/api/news?id=23687e519729750d973d73f8c3ea30b1388541d4aa3b34a8b169ad0b99d620aa,0.15,0.726,0.123,-0.0258
2025-05-27 11:17:36,Nvidia Has A Demand Problem,SeekingAlpha,https://finnhub.io/api/news?id=3968e8ab8ee06adbf6d7d01cc5b84a79527533574b8260ac2d4a7fb9c0287b1f,0.255,0.745,0.0,-0.8225
2025-05-27 11:00:00,"If You Have Any Doubts Over Tesla's Ambitions in Artificial Intelligence (AI), This 1 Word From Nvidia CEO Jensen Huang Should Change Your Mind",Yahoo,https://finnhub.io/api/news?id=e6a986bdd568bc8904946a458118f426d4bb28ecd6b409cd237265a646e66d9a,0.034,0.878,0.088,0.3612
2025-05-27 09:47:40,Dow Jones Jumps 400 Points On Trump Tariff News; Nvidia Stock Eyes New Buy Point,DowJones,https://finnhub.io/api/news?id=68763a83c8bdb532029c45a9dc72caeec51c493c81f6e1c9f15ab3b64aa5e223,0.0,1.0,0.0,0.0
2025-05-27 07:06:00,"Billionaire Ole Andreas Halvorsen Just Bought Nvidia, Tesla, and Meta Platforms, but Dumped His Entire Stake in the Cheapest ""Magnificent Seven"" Stock",Yahoo,https://finnhub.io/api/news?id=f06373ad83da693bd0d1955b04c13cd56e8ec68060f80cd41b74fc798bb89226,0.052,0.616,0.332,0.9687
2025-05-27 06:59:43,Reddit: High-Growth Company With An Undeniable Moat,SeekingAlpha,https://finnhub.io/api/news?id=de7a510bd33e35e52f1f22cc53cb5f657a8cb0bdfa52664d4506fc69900d76ba,0.0,0.767,0.233,0.802
2025-05-27 06:44:25,What's Zuckerberg Getting From His Shift Toward Trump?,Yahoo,https://finnhub.io/api/news?id=3f44f05cfee603a340374784ed7ea73f488dd1332689f0176b874ca934df6f9a,0.0,0.94,0.06,0.6369
2025-05-27 04:35:37,2 Internet Stocks to Research Further and 1 to Ignore,Yahoo,https://finnhub.io/api/news?id=c8bc59f4764a43075dfd63b54272a6bb5270aa9daaacc5d49864b064f1fdd816,0.162,0.838,0.0,-0.9023
2025-05-27 02:57:34,"Meta: Attractive And Controversial, Like Always",SeekingAlpha,https://finnhub.io/api/news?id=902715900548670ebc293d45f02ce653204d6460e1738e4cc2101edeca58c774,0.045,0.627,0.328,0.8834
2025-05-26 21:11:57,Meta's AI Optionality Advantage: Probability Makes The Stock A No-Brainer,SeekingAlpha,https://finnhub.io/api/news?id=bf055e3713fefe7290f95775395adada5928ca655f958df55a19aabba6ef5839,0.118,0.771,0.111,-0.0772
2025-05-26 19:57:41,How Nvidia 'played a central role' in the $306 billion AI startup boom,Yahoo,https://finnhub.io/api/news?id=c1225b3c929279331e1cccd9ef742c7034399660269a2b257152c518633bdc25,0.0,0.825,0.175,0.6705
2025-05-26 12:30:00,‘Revenge Tax’: US Bill Hits Allies That Have Tax Rules Trump Doesn’t Like,Yahoo,https://finnhub.io/api/news?id=36a1aa6c255d8e07888a1d8d448ffc7a49c12bf737ba24b96b3c5913cc0375d2,0.068,0.908,0.024,-0.6705
2025-05-26 10:25:56,6 charts that capture Nvidia's AI-fueled rise,Yahoo,https://finnhub.io/api/news?id=345fa0174652aed5aefcac5d4b2f526bc67710a16a50cbc74270b0fdc58e50a7,0.0,0.831,0.169,0.7264
2025-05-26 08:46:00,3 Top Growth Stocks to Buy in the Second Half of 2025,Yahoo,https://finnhub.io/api/news?id=1c2d7d7a567a5fb51e12b77d6327f3fb28a64c4cac61fe5ce1b3b7ffc5ae895f,0.0,0.786,0.214,0.875
2025-05-26 07:15:00,Market Blinked: Nvidia Looks Undervalued,SeekingAlpha,https://finnhub.io/api/news?id=7b7ab7bc59a3755f8c138f464c5c73b3facaedf01677bebf5cb4fc4b3df2b608,0.0,0.844,0.156,0.6956
2025-05-26 07:00:00,"Largest U.S. Pension Sells Apple Stock, Buys Meta, AMD, and McDonald’s",Yahoo,https://finnhub.io/api/news?id=016e12320962f9604374687e0c663f71f6253b4c0c2681e7f0190cd4365a757d,0.0,0.883,0.117,0.8553
2025-05-26 01:45:00,The Next Big Theme: May 2025,SeekingAlpha,https://finnhub.io/api/news?id=2ec1722c1fd3dd0ca6179f64d76aa2cbe85ffb1b49915bef806400f6abff7bff,0.0,0.855,0.145,0.5267
2025-05-25 22:06:06,Meta Platforms : Thailand’s Ministry of Digital Economy and Society (MDES) and Personal Data Protection Committee (PDPC) Launch Privacy Education Campaign in Partnership with Meta,Finnhub,https://finnhub.io/api/news?id=aa0fdf9e6e0905cae7568165284fda7bf80133cc8646458b951225c7874da10a,0.0,1.0,0.0,0.0
2025-05-25 12:30:45,"Nvidia has lost its shock power to investors, for now",Yahoo,https://finnhub.io/api/news?id=e52fe45d75faaa5f50ef3deaccdb25ab150abf8e0d2e9e243903dc12a96aa1c0,0.199,0.732,0.069,-0.4939
2025-05-25 10:55:51,Meta Platforms Launches “Llama for Startups” to Boost AI Model Adoption,Yahoo,https://finnhub.io/api/news?id=d23b15791b09b1b710a8602b7c59fa43e62c821713bb7f00b24c89965578c57c,0.0,0.839,0.161,0.872
2025-05-25 10:07:11,"Consumer Tech News (May 19-May 23): Trump Warns Apple Of 25% Tariff if Manufactured Overseas, Disney Sues YouTube & More",Benzinga,https://finnhub.io/api/news?id=928a93b3beb64be7a6616696dfa9ce05dbe1059f6edb32f4738872cb02b479f6,0.042,0.919,0.039,-0.034
2025-05-25 09:00:30,Warning To U.S. Stock Investors Issued By CDS Markets,SeekingAlpha,https://finnhub.io/api/news?id=f97920368504fbb252852e76238f6338cacf46347dbc312dbd5acf7cd979c889,0.281,0.719,0.0,-0.8658
2025-05-24 18:01:23,Mark Zuckerberg Once Vented Why Apple AirPods Have No Competition: 'One Of The Protocols That They Used...',Yahoo,https://finnhub.io/api/news?id=fc7deb4f3dbfef1c1fd55b2c2e449277cb99439eaad4c3a1fc241f3f0a386ae9,0.16,0.8,0.04,-0.8934
2025-05-24 14:15:35,"Trump Trade: Trump considers 50% tariff on EU, 25% on iPhones",Yahoo,https://finnhub.io/api/news?id=e1fe27bc5b23661c2a8f8a4a1891f6eceb87a8e155bbcdf4256cec92144328e5,0.05,0.838,0.111,0.6605
2025-05-24 13:00:00,A Once-in-a-Decade Investment Opportunity: 1 Artificial Intelligence (AI) Chip Stock to Buy Hand Over Fist Right This Instant (Hint: It's Not Nvidia),Yahoo,https://finnhub.io/api/news?id=6318500f7a896ec519ccf40089d6290c8805d9755d469371d81dfe3df2ed4565,0.028,0.693,0.279,0.8842
2025-05-24 12:00:30,"Meta, Broadcom Lead Five Stocks Forging New Buy Points In Market Pullback",Yahoo,https://finnhub.io/api/news?id=0be435396a8363228beb5afd8bfc11621132dd866c58ed5bc297da8a35b88988,0.062,0.937,0.0,-0.296
2025-05-24 10:45:00,3 Reasons to Buy This Artificial Intelligence (AI) Stock Like There Is No Tomorrow,Yahoo,https://finnhub.io/api/news?id=c8b9db61780fb4b914f0a94fb2f740f8c694fef8a1dc83e5e1a12849742b9e0f,0.065,0.774,0.161,0.7137
2025-05-24 08:00:00,5 Best CEFs This Month For Yields Up To 14% (May 2025),SeekingAlpha,https://finnhub.io/api/news?id=b75c7d61e883a81f425a93fd499175b0ca3c9bb887e49e5974fcd7bdfea8be17,0.0,0.724,0.276,0.6369
2025-05-24 00:01:00,Nvidia: 5 Channel Checks Ahead Of Earnings,SeekingAlpha,https://finnhub.io/api/news?id=47c06c3bb28eb189696dff7a015343a59e627f9cd37957b64d68059bc04e3526,0.057,0.82,0.123,0.34
2025-05-23 23:15:00,Columbia Balanced Fund Q1 2025 Commentary,SeekingAlpha,https://finnhub.io/api/news?id=0385c794f7ed58aa50e2427ed31d1d76b351c3bcb93035845a5783a9f42968ef,0.0,1.0,0.0,0.0
2025-05-23 22:15:00,Nvidia Stock (NVDA) Maintains Bullish Tempo as Earnings Day of Reckoning Looms,Yahoo,https://finnhub.io/api/news?id=ad83c328ff92e60503df64acd29b0e42bb863691c6e81a3f7cd4740377262c9c,0.043,0.753,0.203,0.9313
2025-05-23 18:50:04,Telegram 'surprised' as Vietnam orders messaging app to be blocked,Finnhub,https://finnhub.io/api/news?id=d69ecaefaa792170def6963ff900c30116a05aa1656034cab4420d8344d210dc,0.122,0.78,0.098,-0.25
2025-05-23 17:51:00,The Stock Market Had a Bad Week. It’s Your Fault.,MarketWatch,https://finnhub.io/api/news?id=d51e20d41b4cba18329458a8cdfea3f5b83958f48ca54398d806bcb2982c597d,0.437,0.563,0.0,-0.9081
2025-05-23 17:07:22,Meta Shares Dip as German Court Backs AI Data Use,Yahoo,https://finnhub.io/api/news?id=e1110064d9f7f48d5a8e9142c4fbebd7a758f9c1fe295359a9f7f9099cbfb1ac,0.18,0.721,0.099,-0.2023
2025-05-23 15:40:27,Big Tech's spending drove Nvidia's rise,Yahoo,https://finnhub.io/api/news?id=7955ed23d004cb543ec3c9e36423c606faf414de8298a7e23ed51a988926ef58,0.0,1.0,0.0,0.0
2025-05-23 14:45:00,"Wall Street Roundup: Retail Earnings, Reddit Volatility, AI Momentum",SeekingAlpha,https://finnhub.io/api/news?id=bf0db67d57f32a208ef8cb262c470d857ad4c36c44603710a02c9ff67ed3cddc,0.0,1.0,0.0,0.0
2025-05-23 13:06:21,German rights group fails in bid to stop Meta's data use for AI,Yahoo,https://finnhub.io/api/news?id=dcf053b17f1ed9dc4634d54441474ebfdd2b5ea6d394fb560178b36ba989b601,0.092,0.841,0.067,-0.2287
2025-05-23 12:44:54,Alphabet Is Wiping Out The AI Competition,SeekingAlpha,https://finnhub.io/api/news?id=855f612d0b26a241d9f557fed2a02efa1e649273cad733d9d69b8ed88bbb4514,0.125,0.783,0.093,0.0258
2025-05-23 10:37:00,AI chatbots taking over the internet aren’t just shaping your opinions. They’re threatening your personal data.,MarketWatch,https://finnhub.io/api/news?id=12e6124890255885948440537ecc9acccecc086ebb3e42ac8f6bfb0b4b618112,0.185,0.815,0.0,-0.7783
2025-05-23 09:57:03,Big Tech ETF slumps as Apple falls after Trump says company faces potential tariff,MarketWatch,https://finnhub.io/api/news?id=3b70371ab1ae0a81229c42459b68d46a358205830060e1c2bd3f5f333e064fea,0.0,1.0,0.0,0.0
2025-05-23 09:07:08,German rights group fails in bid stop Meta's data use for AI,Finnhub,https://finnhub.io/api/news?id=97220221dc91c0a23f46aa3490011db18d9d1515317fe1c88f697c584a25e77c,0.197,0.674,0.129,-0.3818
2025-05-23 08:45:00,‘Tariff Man’ Is in a Bad Mood Ahead of the Memorial Day Weekend,MarketWatch,https://finnhub.io/api/news?id=5e3c9e2ab6a66c6ef7213ae928fd11748b64fe01adc959c54fb7d6513750e910,0.226,0.774,0.0,-0.7906
2025-05-23 08:30:00,U.S. Deficits And Debt: Sustainable For How Long?,SeekingAlpha,https://finnhub.io/api/news?id=a2a6b37bb7df822db191ee9d142ca1a41cec6b957c9d3569636bcf768f1b59e6,0.144,0.718,0.138,-0.0516
2025-05-23 05:50:00,Generative AI Digest: Robust Funding And A Focus On Rich Media Generation,SeekingAlpha,https://finnhub.io/api/news?id=f1d523cc8542e99831e1a2ddec3da2541f109abec8ff169b65750529978c32f2,0.0,0.625,0.375,0.7184
2025-05-23 04:40:39,2 Mooning  Stocks to Target This Week and 1 to Approach with Caution,Yahoo,https://finnhub.io/api/news?id=57e8f2b0bf08e9a76e01b28e11dac48fad4ca650fc76cb0e981fc066b3744cd5,0.0,0.816,0.184,0.8957
2025-05-23 03:04:07,"Vietnam orders messaging app Telegram to be blocked, government document shows",Finnhub,https://finnhub.io/api/news?id=6f8eb439b6032c0c36b631aef9d60e537189ae54dd44f65435a194a8839a3cce,0.131,0.814,0.055,-0.4404
2025-05-23 02:35:38,"Vietnam acts to block messaging app Telegram,  government document seen by Reuters shows",Finnhub,https://finnhub.io/api/news?id=01466b01ee179349b81241cb0777d80ec291164e5847037c6d3f15a2032526ad,0.142,0.807,0.051,-0.5719
2025-05-22 19:13:48,"Apple Plans Glasses for 2026 as Part of AI Push, Nixes Watch With Camera",Yahoo,https://finnhub.io/api/news?id=6ebeb79d6d639e56162b5f98ab0bde255d4263eba604c636562d84b40f577145,0.051,0.901,0.048,-0.3071
2025-05-22 18:30:00,Lazard U.S. Equity Concentrated Portfolio Q1 2025 Commentary,SeekingAlpha,https://finnhub.io/api/news?id=f42d25af50ec7246f6a1cc65f05e33f8eb40973ba6a5330b9a7a81545e8a5f63,0.0,1.0,0.0,0.0
2025-05-22 15:56:33,Meta's Upside Jumps Nearly 40% as Loop Capital Raises Target,Yahoo,https://finnhub.io/api/news?id=d10986982b775887d978f9b2b5ac14eb296ee59ab077d9b0a6555d077dd36a3c,0.0,0.881,0.119,0.4019
2025-05-22 14:29:00,Sam Altman and Jony Ive Are Planning a Device for the AI Era. It Won’t Be Easy.,MarketWatch,https://finnhub.io/api/news?id=b5da0cfd4b3f0c4d8b6ae463ad95fb743f7abdc4d82912c7cca84a09aebb3fff,0.0,0.847,0.153,0.7003
2025-05-22 13:41:00,"The Zacks Analyst Blog Highlights Meta Platforms, Honeywell International and Automatic Data Processing",Yahoo,https://finnhub.io/api/news?id=47338370b58cb16cb20a1e620caa437fce7bd2d687ce1840ca01ad9aaf9d680b,0.0,0.94,0.06,0.2023
2025-05-22 13:33:40,"Nvidia, Tesla lead over $250 billion in short-seller losses during massive market rally",Yahoo,https://finnhub.io/api/news?id=9627517c5764d5f9f8d77099eb7cec7c07b101c69c857227b2f6566c43298159,0.161,0.839,0.0,-0.6124
2025-05-22 10:13:51,Arista Networks Poised For Durable Growth On Increased Capital Spend,SeekingAlpha,https://finnhub.io/api/news?id=6304751bb6684c0eea70786d042441a6688e9d8c04b3b57cb4e7df3cb063b1b5,0.0,0.614,0.386,0.9325
2025-05-22 08:40:00,BNY Mellon Appreciation Fund Q1 2025 Commentary,SeekingAlpha,https://finnhub.io/api/news?id=20d19fc69f7c4b7a109e3abf7a71137075bdef26cb5cfa21b6e8a82ae48e0dd8,0.0,0.761,0.239,0.765
2025-05-22 08:07:00,Better Wall Street AI Favorite to Buy Now: Meta Platforms vs. Microsoft,Yahoo,https://finnhub.io/api/news?id=610ee956b93a59a55b33e86b26f3473e318c0328f52f93c5f52c27fc6be88dfb,0.022,0.864,0.114,0.7717
2025-05-22 07:07:00,"Bitcoin, Bills, Brutal Bond Moves. Why That’s a Warning for the Stock Market and 4 Other Things to Know Today.",MarketWatch,https://finnhub.io/api/news?id=63e7b6b4049d863ff1d0f6f603169abee60773546698c355533c0d027fb6c6fd,0.265,0.735,0.0,-0.9186
2025-05-22 05:00:20,The world's 10 best cities to live in revealed,Yahoo,https://finnhub.io/api/news?id=d632b2ad1baf2ad169f3601938e39d24394c2f900004a5d73800ac7a9e60c007,0.0,0.849,0.151,0.5859
2025-05-22 02:59:44,OpenAI to buy AI device startup from Apple veteran Jony Ive in $6.5 billion deal,Yahoo,https://finnhub.io/api/news?id=7a216e30e61c72d42236ccfe9af419374d18e8bc9c575e136bd8ff2d880a32cb,0.0,0.974,0.026,0.3612
2025-05-22 02:45:54,Computex 2025: Five Takeaways From Asia’s Biggest AI Tech Show,Yahoo,https://finnhub.io/api/news?id=085aad3d41cc8e7a4b48aeac6f2e3af6f7fe932c74a5127ca6213be1472fffb8,0.0,0.946,0.054,0.5994
2025-05-22 01:40:00,Magnificent 7 Shareholder Meetings On Tap: Taking Stock Of The Economy,SeekingAlpha,https://finnhub.io/api/news?id=6745e3b85c694606ad64a93bf03cbd88972be32313db4ef86e407e64509bf624,0.0,0.843,0.157,0.5994
2025-05-22 01:30:00,Buy Idacorp Stock for Growth Potential in an Overlooked Utility,MarketWatch,https://finnhub.io/api/news?id=4d7640832f531cd3c101603e5ecdf00f1b1575596c5e51ab7c68e85c41f58c12,0.094,0.684,0.222,0.6124
2025-05-21 23:15:16,Meta: A Grab Bag Of Potential Problems Trading At A High Price (Rating Downgrade),SeekingAlpha,https://finnhub.io/api/news?id=59cb4944483dac93bda3c940dc97a943551786c7ef42e627e3853786cf66f1d7,0.067,0.821,0.112,0.2023
2025-05-21 22:49:28,From Warren Buffett's Berkshire Hathaway To Jeff Bezos' Amazon — Bitcoin Is Now Outshining These Wall Street Titans,Benzinga,https://finnhub.io/api/news?id=8a3fdb3ddb61e3105919c3bdd793dafa94a6fe1ffbbcddb82387106884c133e7,0.0,0.881,0.119,0.4939
2025-05-21 22:14:39,Tracking Jeremy Grantham's GMO Capital Portfolio - Q1 2025 Update,SeekingAlpha,https://finnhub.io/api/news?id=e27504393d6270f71f4779aed94b422dee3a3fcabc889d6582ddb2468c20c3d3,0.0,1.0,0.0,0.0
2025-05-21 20:31:00,"Top Stock Reports for Meta Platforms, Honeywell & Automatic Data Processing",Yahoo,https://finnhub.io/api/news?id=808cda85bb043a0d9db81acb26986e9594aca103665fc9018e8bedef01c6607b,0.0,0.952,0.048,0.2023
2025-05-21 20:16:44,"Google is banking on AI agents, smart glasses to defend its search crown",Yahoo,https://finnhub.io/api/news?id=29f783ffd7d87de6fc8bf7a754008b7b875c7dc0e8de86282437ab4ff1362173,0.0,0.839,0.161,0.6771
2025-05-21 18:31:35,DEI boycott 'played a role' in Target's Q1 sales slump as foot traffic declined,Yahoo,https://finnhub.io/api/news?id=d0077329d4221653115d632464b6e61bcae98277bb568c157b4c75a63d9f16d5,0.216,0.743,0.041,-0.8074
2025-05-21 17:51:27,Meta Platforms (NasdaqGS:META) Partners With Red Hat To Advance Generative AI Innovation,Yahoo,https://finnhub.io/api/news?id=49eeb1ac005bb4c90983902e7a47a6ccfe2085a918ef6bb39949a536c7b5b717,0.0,0.894,0.106,0.802
2025-05-21 17:50:42,OpenAI buys former Apple design chief Jony Ive's startup for $6.5 billion in AI product push,Yahoo,https://finnhub.io/api/news?id=ee3d5dea7d83384fe19c26f46d9e3b2f432597980cf4d9835b0b04679ea001c3,0.0,0.937,0.063,0.2732
2025-05-21 17:22:55,"Stock Of The Day: Meta Rebounding On Tariff Deal, Strong Earnings",Yahoo,https://finnhub.io/api/news?id=8916c21fe69edf20e5b9a17cd46bf55136e3e233f6af2403de2bdd474635e939,0.0,0.795,0.205,0.8402
2025-05-21 16:56:14,Nebius: Don't Let Greed Kick In - Sell The +90% Rally,SeekingAlpha,https://finnhub.io/api/news?id=dbb212a53ad8c37ee08ea447d945e0f1553ea92439a8ae42f0c0d3b0cb4bbc07,0.0,0.958,0.042,0.1603
2025-05-21 16:04:57,BlackRock Adds to AI-Stocks Bet in $160 Billion Model Portfolios,Yahoo,https://finnhub.io/api/news?id=8b79c470adf0a7c4067d4f4e76148c3ef26b95288cdbe0a0c55d63269fc26a18,0.05,0.861,0.089,0.5574
2025-05-21 14:46:17,Prominent Investor Is Prepared to Buy META and AMZN Stock on Any Weakness,Yahoo,https://finnhub.io/api/news?id=dc78b842645b16ce7a3abb7be8f867279e984c407dae3a4ebe82168f5e9d2f52,0.038,0.904,0.058,0.1027
2025-05-21 12:25:58,"Big Tech ETF climbs, outperforming S&P 500 as Alphabet shares jump",MarketWatch,https://finnhub.io/api/news?id=e9ce0f7bcf971d9658c1763fee97a1fca0cd413204836a28da498942fac1c4c8,0.0,0.82,0.18,0.5267
2025-05-21 10:42:41,"Consumer stocks weigh on the S&P 500; TJX, Target tumble after earnings",MarketWatch,https://finnhub.io/api/news?id=bc66e654d7a7bdb09f2ae72c4c47aef13dc91571d288defb8ef4f2b97c3f7ae4,0.0,1.0,0.0,0.0
2025-05-21 08:25:00,"The Best Stocks to Invest $50,000 in Right Now",Yahoo,https://finnhub.io/api/news?id=42a6aafa476a6a5a8a7d654fcdb87744c3def5452b3574d872d28153791845df,0.0,0.673,0.327,0.8811
2025-05-21 09:15:00,Harding Loevner Global Equity Q1 2025 Report,SeekingAlpha,https://finnhub.io/api/news?id=98a5eac5e427a7b124c5429237c370dbe0e534916d53d5d16a6d14779f573ac0,0.196,0.804,0.0,-0.8074
2025-05-21 09:00:00,"Forget About Dividend Yield, Do This Instead",SeekingAlpha,https://finnhub.io/api/news?id=5b931bd91eaf816029ef734fe292646a879ad80a5bc402c1a2ed4634ab54440a,0.131,0.784,0.085,-0.1027
2025-05-21 07:53:22,Tesla Is 6X More Expensive Than Its Peers And The Most Overvalued Mag 7 Stock: Gordon Johnson Questions Fundamentals As Elon Musk Shrugs Off Concerns,Benzinga,https://finnhub.io/api/news?id=aa55cd9220d0e67d796ebc6c7b265a43b8fc5143c79d18f8f2014e1652b8ff14,0.0,0.851,0.149,0.7351
2025-05-21 07:19:15,AES And Meta Sign Long-Term Ppas To Deliver 650 MW Of Solar Capacity In Texas And Kansas,Finnhub,https://finnhub.io/api/news?id=76d604029d5ddae038ef646da78265d1b7992bd4d87be86bf144ebaddae57dd8,0.0,0.938,0.062,0.4278
2025-05-21 06:57:00,Google Showcased Its Latest Tech. Why AI Is All That Matters for Alphabet Stock.,MarketWatch,https://finnhub.io/api/news?id=d6f21b445b612cace3108e69e84e9cc4323dfde5d75926a2845f0eac46b74f17,0.0,0.922,0.078,0.0516
2025-05-21 05:46:46,Meta Is Strongly At The Price It Should Be (Technical Analysis),SeekingAlpha,https://finnhub.io/api/news?id=588d2069ad8fc8dbdbf5e2764a83e4ab3854dc92652a87d25dd426353135e101,0.0,0.826,0.174,0.2732
2025-05-21 05:01:42,"Paris named as Europe's leading tech ecosystem, beating London",Finnhub,https://finnhub.io/api/news?id=343535012c12a37cc58049e5257eb3f90ceaea9db48e116f78cba03970f3b237,0.134,0.78,0.087,-0.2732
2025-05-21 00:03:24,"Sergey Brin Comes Out Of Retirement To Work On Gemini, Admits He Made A 'Lot Of Mistakes' With Google Glass As Alphabet Ramps Up To Compete With Meta And Apple",Benzinga,https://finnhub.io/api/news?id=6a3646ee501d661a99cf117e516c691b1334caa9d51691ec7d9e8e266a4dda4a,0.067,0.831,0.102,0.3818
2025-05-21 00:00:23,"'The Models Are Getting Better, But They're Also More Likely To Be Good At Bad Stuff,' Tech Experts Sound The Alarm As AI Charges On",Yahoo,https://finnhub.io/api/news?id=1ab6543107b366c226c607daeb146926863ac951431afedb89d64e0eb45bb42f,0.1,0.702,0.198,0.9217
2025-05-31 23:11:56,"Meta's Llama AI Team Suffers Talent Exodus As Top Researchers Join $2B Mistral AI, Backed By Andreessen Horowitz And Salesforce",Yahoo,https://finnhub.io/api/news?id=092ddf92ba08550b1f393e8ba03c889daaabbe30fa05c9d51800a77bda23df79,0.049,0.782,0.169,0.876
2025-05-31 17:51:56,Meta plans to automate many of its product risk assessments,Yahoo,https://finnhub.io/api/news?id=6ca5401a9e3ed84a39be4e0bee1b7728ee4f6920246dcda511e7b2435c3f1a7f,0.097,0.845,0.058,-0.4215
2025-05-31 12:00:07,Where the Stock Market Stands Now After a Wild Start to the Year,Yahoo,https://finnhub.io/api/news?id=627480b3dc41e957bc55d7f2abf0d70d50f0344b5d440b54d36dc453a4484076,0.041,0.872,0.087,0.7003
2025-05-31 10:45:12,"Germany Considers 10% Digital Tax On Tech Giants Alphabet, Meta: Report",Yahoo,https://finnhub.io/api/news?id=90fc4e3f37f8688d5fe0f256be6c869dc977317f75099279d75edfdd504e9212,0.075,0.925,0.0,-0.6486
2025-05-31 10:15:00,"This ""Magnificent Seven"" Stock Is Set to Skyrocket If Its AI Investments Pay Off",Yahoo,https://finnhub.io/api/news?id=07799edb3dde2a01ebe487cf5a0a691ede97524cc845d975ff4d8f9ea612c94c,0.024,0.809,0.167,0.8591
2025-05-31 07:45:00,AutoZone: Double-Digit Growth Amidst A Slowing Economy Makes It A Long-Term Buy,SeekingAlpha,https://finnhub.io/api/news?id=f2f89a3b663baa0fa2d91898fb78f191401b86cbd2a9782e1347243640404385,0.0,0.737,0.263,0.8957
2025-05-31 04:58:14,"The Amazon Paradox: Growth Potential, But Stalling Stock Price",SeekingAlpha,https://finnhub.io/api/news?id=0ae871e0a51b4b7950d5b26e4dae15210c133272de120233bf0d63a65bc6c5b8,0.151,0.536,0.313,0.714
2025-05-30 18:29:34,"Trump ‘Revenge’ Tax Would Cut Foreign Investment, Congressional Panel Says",Yahoo,https://finnhub.io/api/news?id=0f769f63196d4a352694d03b11f8a0fdfe6ad22efd08368e161299d1b7f660a4,0.078,0.867,0.056,-0.2263
2025-05-30 17:25:11,Meta Platforms (NasdaqGS:META) Announces US$0.53 Dividend for Shareholders,Yahoo,https://finnhub.io/api/news?id=7d4cac5b0801781e041e9f8a49f1592f164ad5b910ac91c385bd57cd16d23b96,0.0,0.774,0.226,0.9527
2025-05-30 15:31:12,Why Is Meta Platforms (META) Up 12.7% Since Last Earnings Report?,Yahoo,https://finnhub.io/api/news?id=bde405be1eb760a9791c56ee6e4ba3c1d3363a6fafaec6712920476cb8582099,0.0,1.0,0.0,0.0
2025-05-30 15:13:22,"Meta, Google Could Face Digital Services Tax In Germany Despite U.S. Pushback",Yahoo,https://finnhub.io/api/news?id=0d23c57fb5f08a19a9c5271f8a10212c1631bcf3776ca73af70df4032b4462ef,0.068,0.932,0.0,-0.296
2025-05-30 13:29:36,How The Fed And Uncertainty Can Push The S&P 500 Into A Correction,SeekingAlpha,https://finnhub.io/api/news?id=ce699c6f78f540dd5d3dc5165ee13812bdcaf6fca434f1f1aaebeaa3f1176720,0.105,0.771,0.124,0.2003
2025-05-30 12:54:15,Tax bill contains 'sledgehammer' for Trump to retaliate against foreign digital taxes,Finnhub,https://finnhub.io/api/news?id=089f748cf54bc48079274531f756a173c4d712545ce5e29188f182ee7a22c70a,0.0,0.839,0.161,0.7096
2025-05-30 11:30:13,Mag 7 valuations before & after Nvidia earnings: Chart of the Day,Yahoo,https://finnhub.io/api/news?id=55a97fcc92abbdff92fb8db236afd2b9892fb4a8c492308218984379604b73c6,0.0,0.908,0.092,0.7693
2025-05-30 11:23:26,German digital ministry treads cautiously over online platform levy,Finnhub,https://finnhub.io/api/news?id=16a7bef8df0f376c66ee3165a90d2ad2635cf50886a04ce54651bb70efeb2942,0.0,1.0,0.0,0.0
2025-05-30 11:00:09,"OpenAI risks being undercut by cheaper rivals, says star investor",Yahoo,https://finnhub.io/api/news?id=408d055961eb9d5cf1614029faa0ce8ec3ca76243f2e19a85bbc20e44d7b6b5c,0.11,0.809,0.081,-0.0258
2025-05-30 10:50:23,FEPI Vs. QDTE: Both Funds Offer A Unique Value Proposition,SeekingAlpha,https://finnhub.io/api/news?id=a53e9b0689da4a27714ddad72dc8f14bdff81ff0334429f74adb995aa432b559,0.0,0.789,0.211,0.34
2025-05-30 10:38:58,"As An Investor, I Wish It Was 1999",SeekingAlpha,https://finnhub.io/api/news?id=e2ad5ddb5cc53690c4ee146f79f77661d4b823b0470c9d5c93cef6e7ad10a5a6,0.054,0.876,0.07,0.1531
2025-05-30 09:57:00,Weitz Partners III Opportunity Fund Q1 2025 Commentary,SeekingAlpha,https://finnhub.io/api/news?id=da8cfa95344ccaca83ec538b7dc3a9dd78f7140f85d4404bab110e7e9f3fc588,0.0,0.785,0.215,0.802
2025-05-30 09:24:00,Weitz Multi Cap Equity Fund Q1 2025 Commentary,SeekingAlpha,https://finnhub.io/api/news?id=fed842ba6501204b15c506e5f69f4479c540a2c3fb665c5162e28a6dc92a1290,0.07,0.851,0.079,0.0772
2025-05-30 08:00:00,Apple: Double-Down When The Market Gets Silly,SeekingAlpha,https://finnhub.io/api/news?id=41811e2fd73c54d46e61dbfdaa670fe34ea4ee7a1b7efd4f466e10073719487d,0.0,0.874,0.126,0.5346
2025-05-30 07:40:00,abrdn Global Dynamic Dividend Fund Q1 2025 Commentary,SeekingAlpha,https://finnhub.io/api/news?id=38d483e94c6ba4dd4621b8b721cdda26ae089a39d87c688a4830fb044d9ce77f,0.0,0.867,0.133,0.6369
2025-05-30 07:26:00,Microsoft And Meta: Post-Earnings Updates To The Outlook,SeekingAlpha,https://finnhub.io/api/news?id=c52c0b8bc98f858a538548b1984852d71828892ed66fe6d956fb6532406bc3f8,0.0,0.927,0.073,0.2584
2025-05-30 06:53:45,"Wall Street Breakfast Podcast: Big Tech, Big Rulings, Big Rebounds",SeekingAlpha,https://finnhub.io/api/news?id=7d3f3b93fa061d19c2f8f3322f208d6d98711ab02d6c9ba49c96cddb611dd7b2,0.0,1.0,0.0,0.0
2025-05-30 05:28:11,"Meta (META) AI Reaches 1 Billion Users, Eyes Paid Features and Subscriptions",Yahoo,https://finnhub.io/api/news?id=57046c390ff3662dd194cdae2b289b06c5d54e4ae2ad1e123d0a982887669238,0.0,0.983,0.017,0.0516
2025-05-30 05:27:00,Weitz Large Cap Equity Fund Q1 2025 Commentary,SeekingAlpha,https://finnhub.io/api/news?id=20be1557f8321ddb46f87971d737ec67a2d13c4703af4bb7743a8cf49610d101,0.0,1.0,0.0,0.0
2025-05-30 03:30:00,CoreWeave Is Building an AI Cloud Empire. The Stock Is a Puzzle.,MarketWatch,https://finnhub.io/api/news?id=62138749248855374bd5c6e4d00aff80fd7d3d7baf7d02ef4b15b06ac666066f,0.0,1.0,0.0,0.0
2025-05-30 01:24:44,Wall Street Roundup: The Fog Of Tariffs,SeekingAlpha,https://finnhub.io/api/news?id=4c2297fdb06e871f3c102acfc149dd1e8457126dbc6be2d4f3a274c65f2b107b,0.118,0.882,0.0,-0.34
2025-05-29 21:44:06,"X Launches New Chat Experience in Beta, a Precursor to Payments",Yahoo,https://finnhub.io/api/news?id=2addfeb1be082685b43168f0c3576f3c232b977fb266d9c9dede1c3fb4b11ea9,0.0,0.903,0.097,0.4215
2025-05-29 20:53:50,Tracking Ray Dalio's Bridgewater Associates 13F Portfolio - Q1 2025 Update,SeekingAlpha,https://finnhub.io/api/news?id=065e3ec67a0a852f8de27f888c48bbc88870b963b8035abf2eaab07f900ec8b7,0.0,0.947,0.053,0.2023
2025-05-29 20:30:00,Meta Announces Quarterly Cash Dividend,Yahoo,https://finnhub.io/api/news?id=e1ded6ea8744a6178303b16754f60e6ff37c5ff5b0ba48807e776344e1751a03,0.0,0.897,0.103,0.7351
2025-05-29 20:21:48,"Jim Cramer on Meta Platforms, Inc. (META) Stock: “Good Level to Buy”",Yahoo,https://finnhub.io/api/news?id=ec9955edc50589a1694d3ca3c771201666f7345a78c12951f48e1d8ca4997357,0.0,1.0,0.0,0.0
2025-05-29 20:15:31,Famous Investor Remains Very Upbeat on META Platforms (META),Yahoo,https://finnhub.io/api/news?id=92161ca7bd09347cc4270bca0f47a6ad46c0754ea2cbfa43a901f74bdba31017,0.0,0.951,0.049,0.5106
2025-05-29 19:56:08,Obscure Tax Item in Trump’s Big Bill Stokes Wall Street Angst,Yahoo,https://finnhub.io/api/news?id=19b441a27eae9182dc2a6700127c7c06bc863b5e7892c76eaec401fa69b7e8d1,0.044,0.874,0.082,0.5423
2025-05-29 19:53:28,Meta working with Anduril on AR/VR military tech for soldiers,Yahoo,https://finnhub.io/api/news?id=67facd1e9c34bfa85dd16d2e55cded2ad2d28fc65ee27cc71422e7b564d4df7b,0.0,1.0,0.0,0.0
2025-05-29 19:36:25,"Meta Hits 1 Billion Monthly AI Users, Eyes Future With Subscriptions",Yahoo,https://finnhub.io/api/news?id=60f89c948ae5e064acca6b4b290188027023089553e17155a08e1db0ba490306,0.0,0.85,0.15,0.8979
2025-05-29 17:53:27,Meta: Seamless Integration Of AI Services Can Change The Game,SeekingAlpha,https://finnhub.io/api/news?id=673c57ee11665417246f87014fda127c9c7575501c99a722d7a092444fd6c6ca,0.0,0.891,0.109,0.4404
2025-05-29 17:29:32,ETB: Hard To Recommend This Fund In A Bull Market,SeekingAlpha,https://finnhub.io/api/news?id=121a4a7ceefcf5b447ce8776868b781fc1849549fc91025f965b9f5d2f05ac0c,0.037,0.749,0.214,0.765
2025-05-29 17:29:12,Meta Platforms Inc Declares Quarterly Cash Dividend Of $0.525 Per Share,Finnhub,https://finnhub.io/api/news?id=b74ab11c76eb1f5ca8bf09b2496110370a3340a4bccf19a20ed2e97bdf447aa1,0.0,0.927,0.073,0.296
2025-05-29 16:47:00,Nvidia’s Most Impressive Feat Yet? How the Chip Maker Overcame a China Ban.,MarketWatch,https://finnhub.io/api/news?id=98d513464937b903791eae8079abdf9533d9c91eeb6a4087c8b07958ec7055ca,0.206,0.599,0.196,-0.0961
2025-05-29 16:41:44,Meta Outlines Latest Updates to its Marketing and Graph APIs,Yahoo,https://finnhub.io/api/news?id=c58d34afa916d1124aaacd9f65ec8c49cc9a0870a693430e4900a3c77a97df75,0.0,1.0,0.0,0.0
2025-05-29 16:08:02,Meta Says Community Notes is Working Based on Latest Enforcement Data,Yahoo,https://finnhub.io/api/news?id=3a6a6a9f1ef0f3debbea70d15af6931c342b56caca8af5e89c541f2813da2062,0.0,1.0,0.0,0.0
2025-05-29 16:01:00,"Meta Fired Palmer Luckey. Now, They’re Teaming Up on a Defense Contract.",Yahoo,https://finnhub.io/api/news?id=6164107afa4f8f3f621713e18ce0471dfb8b91975204d94b7d36c86068365a1f,0.169,0.789,0.042,-0.6705
2025-05-29 15:59:15,Big Tech stocks pare gains as uncertainty looms over Trump tariffs,Yahoo,https://finnhub.io/api/news?id=87af30d0ec2d131bd9658b5a77d4b8b8d9fff9a70b754eaada4261c99b9f3b51,0.096,0.789,0.115,0.2023
2025-05-29 15:57:00,Madison Covered Call & Equity Income Fund Q1 2025 Investment Strategy Letter,SeekingAlpha,https://finnhub.io/api/news?id=43556fe92240db93ab787bdcbe7e2b77cce16437a7b5e0a509579ccef446c731,0.054,0.946,0.0,-0.3182
2025-05-29 14:26:32,Mark Zuckerberg Eyes Paid Meta AI Model After Hitting 1 Billion Users,Yahoo,https://finnhub.io/api/news?id=8b67cc773ea6eb60b494b077a508f8abec9600158e0870af253efbea575db556,0.0,1.0,0.0,0.0
2025-05-29 14:11:53,Broadcom Q2 Earnings Preview: The AI And Cloud Boom That's Far From Over,SeekingAlpha,https://finnhub.io/api/news?id=8fccac02015af0a0db5b85852be6389e5a7ee6b6705ccd75a9c81f7183fed980,0.0,0.896,0.104,0.5267
2025-05-29 13:40:09,Microsoft Shares Go From Laggard to Leader as AI Growth Improves,Yahoo,https://finnhub.io/api/news?id=55c963ae97ba5c189d6faf9d132e63fbc07e789a7a858dd57b97b78309bdaada,0.02,0.828,0.152,0.8957
2025-05-29 12:14:19,Apple is falling behind its Magnificent 7 rivals. Should it just be the Mag 6?,Yahoo,https://finnhub.io/api/news?id=aa893f254949d2bf8a85bdc76e57377ed2109e27c47219ed7a509ac41bb14c84,0.208,0.755,0.036,-0.8914
2025-05-29 10:38:59,Big Tech ETF climbs as Nvidia’s rally tops all other stocks in the Dow,MarketWatch,https://finnhub.io/api/news?id=38207a284aa6f0a50ccd3d517875911580d515818655d68db11bf717bf7e1b2f,0.0,0.798,0.202,0.765
2025-05-29 09:29:01,Update: Market Chatter: Meta Plans Physical Store Expansion to Support Hardware Sales,Yahoo,https://finnhub.io/api/news?id=7cd944421ccc44e0b5b3a11c7a35c43d70d7a5c791c0115ed255c4187a5f1a73,0.0,0.906,0.094,0.4019
2025-05-29 08:48:00,The Mag 7 Aren’t Clones. How to Decide What to Buy Now.,MarketWatch,https://finnhub.io/api/news?id=e5eaed5811b2aca31bbd99cb44d80b4011e47130656b713d7dd9ddc4ce81f07a,0.0,1.0,0.0,0.0
2025-05-29 07:51:00,"Billionaires Philippe Laffont, Chase Coleman, Terry Smith, and Stephen Mandel All Share the Same No. 1 Holding -- and It's Not Nvidia",Yahoo,https://finnhub.io/api/news?id=6c7bf54cc696de6ab1b46ead4cd077a9a98a0d8d4a557a5dbc6f1d835d69d8b3,0.0,0.781,0.219,0.8728
2025-05-29 07:15:00,"AMD Isn't The Next Nvidia, But It Doesn't Need To Be",SeekingAlpha,https://finnhub.io/api/news?id=c2834e0e760baa5bba3b25cff3e491538d0636aae1bf5322525662ecdd5fada1,0.0,1.0,0.0,0.0
2025-05-29 06:48:15,"Hanoi bans The Economist's printed issue with Vietnam's top leader on cover, say distributor sources",Finnhub,https://finnhub.io/api/news?id=7a13a0682d6c73fa73c0e1887eb47ca0781ef99d15efe1d8872cc54de3c56de7,0.062,0.864,0.074,-0.1027
2025-05-29 06:16:00,TCW Relative Value Large Cap Fund Q1 2025 Commentary,SeekingAlpha,https://finnhub.io/api/news?id=5c468935eeed3302bc71bba57bfa5156ce86a0236039f8631a3606ccf4ffbbaa,0.0,0.769,0.231,0.34
