publishedDate,title,source,url,neg,neu,pos,compound
2025-04-10 21:04:08,JPMorgan Chase : Supplement C 031279,Finnhub,https://finnhub.io/api/news?id=4a85d77e4879585f728a512ff13a2c6206e986368979901db64b1b7a09cf291e,0.0,1.0,0.0,0.0
2025-04-10 20:12:06,"Why Bank Stocks JPMorgan Chase, Bank of America, and Wells Fargo Are Falling Ahead of Earnings",Yahoo,https://finnhub.io/api/news?id=e09014bedd13aa359ad7b596d8bdef8abd3636d16f86547fed2c93be5d2258c7,0.083,0.775,0.142,0.5423
2025-04-10 16:54:09,Canadian officials said to plan meeting with US banks after Trump complaints,Yahoo,https://finnhub.io/api/news?id=a3e6e06b7ddc9223a252145a318f8acb1b9969da3c38f279be6c5e388a42c70f,0.106,0.857,0.036,-0.7783
2025-04-10 11:12:01,"JPMorgan, Wells Fargo, BlackRock To Report; Analyst Warns On Banks",DowJones,https://finnhub.io/api/news?id=612e62ff1ea9e9728f26c1777f03de7a41e16fe645379dc97e77b4067d1bcaf7,0.123,0.702,0.175,0.296
2025-04-10 15:54:59,"JPMorgan's Herr on Market Uncertainty, Fed Policy",Finnhub,https://finnhub.io/api/news?id=f32e348314ca54b217659cdbf96429708f1ca2b0800f66b33c2079073290a41c,0.059,0.88,0.061,0.0258
2025-04-10 14:00:19,Wall Street Execs Privately Credit Dimon and Ackman for Swaying Trump on Tariffs,Yahoo,https://finnhub.io/api/news?id=d2b1bff8b02ca945fa205cc278d11accecc9f68df8fe65050c3799b479c2d24c,0.049,0.849,0.102,0.6486
2025-04-10 13:48:33,Stocks Slide as CPI Fails to Quell Economic Angst: Markets Wrap,Yahoo,https://finnhub.io/api/news?id=3cb80236ee8dec40ef1fea981a6472181f97fb558b5075935fa6002648d0dad0,0.122,0.796,0.082,-0.4767
2025-04-10 12:28:32,How To Earn $500 A Month From JPMorgan Stock Ahead Of Q1 Earnings,Yahoo,https://finnhub.io/api/news?id=38fd1d2c235568ab4c4f6c4206603a578b8b7eca835bd391d2e72bc516b366b9,0.051,0.902,0.047,-0.1027
2025-04-10 12:27:07,Shares of banks and financial services companies are trading lower as stocks pull back after surging Wednesday following President Trump's tariff pause announcement.,Benzinga,https://finnhub.io/api/news?id=6a152b00056a76dd3dcf61b3fac5a4ccf5d2ecdbbd867f940f9b585fd64f2956,0.087,0.827,0.087,0.0
2025-04-10 11:55:00,The Stock Market Is Frantic. You Shouldn’t Be.,MarketWatch,https://finnhub.io/api/news?id=2c14b7331a2c5f0da598783d05d683e8b9bf2e91b70487d6c68774d58da83299,0.293,0.707,0.0,-0.7003
2025-04-10 11:13:00,Harbor Capital Factor U.S. Large Cap ETF Q4 2024 Commentary,SeekingAlpha,https://finnhub.io/api/news?id=d513c95f6496914a3dbc2eb9f9d0b1f3e3ebba81993138c72ceab7f04b45ca60,0.0,1.0,0.0,0.0
2025-04-10 11:03:07,"This Is the Calm Before the Inflation Storm, Says JPM's Kelly",Finnhub,https://finnhub.io/api/news?id=95f8f32b8d1a80f41494dffcf0b3895ac3d81f531415fa82e2a62d2d90173c1d,0.0,0.849,0.151,0.7269
2025-04-10 10:35:12,"Stock Market Today: Nasdaq Down 3% Early As Dow Jones Sinks 850 Points; Banks Cool Off, But Walmart Leads (Live Coverage)",DowJones,https://finnhub.io/api/news?id=172d9750446bed2738044c35d07f6c0b9a2279fe6b03e108a3264f550084fb8d,0.0,0.897,0.103,0.5574
2025-04-10 10:18:00,Nasdaq Bear Market: Why I'm Buying This High-Yielding Nasdaq ETF Hand Over Fist as the Market Sells Off,Yahoo,https://finnhub.io/api/news?id=4bc44c835c1d8b7b817d12f8d6f4c05d6bc41cf3a810c5abcec875bfd6cd256f,0.019,0.895,0.085,0.7003
2025-04-10 09:30:00,Why the Trade War Isn’t Over for America’s Biggest Banks,Yahoo,https://finnhub.io/api/news?id=a34d1d9558a82021f8ca2aafa05b9af264ff3954b4bfa2e66499ee949aa25afd,0.125,0.772,0.103,-0.1779
2025-04-10 09:01:35,Cash-back credit cards: finding the best one for you,Yahoo,https://finnhub.io/api/news?id=b16f6b4976f6c6075b6200a6e814ed807b2a45e0b1578c169c2f4a168140f602,0.013,0.845,0.143,0.8837
2025-04-10 08:55:03,Retail Investors’ Dogged Optimism Is Rewarded in Monster Rally,Yahoo,https://finnhub.io/api/news?id=5d5475aa43d69db78bb93d6b6f1c346ce8cc9ee067233d41b0b50cd111516f17,0.0,0.843,0.157,0.9392
2025-04-10 01:21:13,"R-E-S-P-E-C-T, FIND OUT WHAT IT MEANS TO JP",Finnhub,https://finnhub.io/api/news?id=4d78145126fad80b4115fe940804a60d462bbb7c7a9b68422ad6cabaea8b3f9e,0.069,0.774,0.156,0.5224
2025-04-09 22:17:00,Voya Global Equity Dividend And Premium Opportunity Fund Q4 2024 Commentary,SeekingAlpha,https://finnhub.io/api/news?id=cbb2ccbff3f2145c7fb74add461908dbdbfe3a7d839d4323f3ec3ad2654ec02a,0.0,0.762,0.238,0.8885
2025-04-09 21:38:00,Voya Global Advantage And Premium Opportunity Fund Q4 2024 Commentary,SeekingAlpha,https://finnhub.io/api/news?id=43aa7e552511e1ee0922e6f37d793118f2b16c6f134c1e0d547ef8a2bd1a4e0f,0.0,0.625,0.375,0.5859
2025-04-09 20:30:00,JPMorgan Earnings Preview: Tough Compares Meet Harder Capital Markets,SeekingAlpha,https://finnhub.io/api/news?id=8e3f2635586d7cf2beffff1cf71d1afadea6b1c7f98618d2cb887cab96a158b2,0.057,0.943,0.0,-0.128
2025-04-09 17:41:39,Nike’s 30-Year Gamble on Vietnam Is Rattled by Trump Tariffs,Yahoo,https://finnhub.io/api/news?id=adb986c022004ef31a5f57eec615d070b1e63eb97fcd3be2447cc9ad3a553189,0.064,0.859,0.077,0.0516
2025-04-09 17:19:38,"Apple, oil futures, bank stocks: Market Minute",Yahoo,https://finnhub.io/api/news?id=c7c542cb045ab4def91ac4e0c7ae36ae2d0ccebe0471c4cc29b06aaaffd922d3,0.113,0.811,0.075,-0.6808
2025-04-09 17:05:00,Earnings and Tariffs: This Week's 5 Must Watch Stocks,Yahoo,https://finnhub.io/api/news?id=8e669e57ab9e43bc4a03c2ada79cf8b00cf2f08fff5cbf73a629c392c2e4bcb6,0.0,1.0,0.0,0.0
2025-04-09 16:37:00,It’s OK to Hide. Here Are 2 Safe Havens for Right Now.,MarketWatch,https://finnhub.io/api/news?id=cbfa9f66a8221b4608e24dd6c4fb5da546db572a2d1a90ac97fc722d1e66b2f6,0.103,0.544,0.353,0.8506
2025-04-09 15:47:00,Jamie Dimon Says Recession Is ‘Likely Outcome’ of Trump Tariffs,Yahoo,https://finnhub.io/api/news?id=4b3bf83eef40c1331b87db76bf4398a52195126377b3d40a507a6dd6ebb345e0,0.133,0.867,0.0,-0.6369
2025-04-09 15:42:31,Investors Flee Oil Bear Fund in Biggest Move Since 2020,Yahoo,https://finnhub.io/api/news?id=8830f4feee044609ded10ce48a4acf798dbe78201334b57a89968e7f7293f7c8,0.096,0.904,0.0,-0.8655
2025-04-09 15:08:51,JPMorgan Chase: Possible Stagflation Would Crush Valuation,SeekingAlpha,https://finnhub.io/api/news?id=91e99abe2ed0d5d25f8f1d49a5fefe6b7eb107077adcfd211b0706d28194dabf,0.205,0.795,0.0,-0.7351
2025-04-09 15:01:32,Shares of banks and financial services companies are trading higher amid an overall market surge following President Trump's decision to implement a 90-day pause on reciprocal tariffs for all countries except China.,Benzinga,https://finnhub.io/api/news?id=b1e074d9589580719f3d7e08838844eb5e25c76ad11a48c2a17fe59a35cef79c,0.0,0.934,0.066,0.296
2025-04-09 14:59:08,"Stock Market Today: Dow Jones Slips Despite China Trade War News; Nvidia, Tesla Jump As Trump Issues This Warning (Live Coverage)",Yahoo,https://finnhub.io/api/news?id=b8237dc9ae3567efcac55a66c338ef820822fc1bd4508c564ceaa875309193d1,0.134,0.8,0.066,-0.4946
2025-04-09 14:40:55,JPMorgan's Dimon says US recession now a 'likely outcome',Yahoo,https://finnhub.io/api/news?id=dd801db1e13db144875c4630800f8b886c0057e5644b01d1d0fd51347872b60e,0.325,0.675,0.0,-0.9416
2025-04-09 13:57:49,"Trump Tariff News: New Tariffs Begin, China Retaliates; Treasury Yields Spike While Delta, Walmart Pull Guidance",Yahoo,https://finnhub.io/api/news?id=f60bf3783e6d4e1be998a8c5caa1620cc3c372e658be10de626af516903d2ddd,0.103,0.825,0.072,-0.3612
2025-04-09 13:50:22,Bank Of America Q1 Earnings Preview: Guidance And The Macro Don't Align,SeekingAlpha,https://finnhub.io/api/news?id=ab43ddce3b23d56e4fb2e8b3e321f1049634bd177c457523748d7c00abd47fba,0.0,1.0,0.0,0.0
2025-04-09 13:28:18,"Veteran Investor Sings the Praises of Nvidia (NVDA), JPMorgan (JPM)",Yahoo,https://finnhub.io/api/news?id=b65ad90aa734fdaa5ce6cde7cd7272fd4e33c1be3af3f25564d96b355b7396fa,0.0,0.907,0.093,0.765
2025-04-09 13:19:16,Trump tariffs should be reworked but not withdrawn: Veteran economist,Yahoo,https://finnhub.io/api/news?id=2eba6e3a2efc97f752166684996ffb38f3ade96774e8bd7ba7dad82f172b6124,0.0,0.839,0.161,0.5927
2025-04-09 13:04:44,JPMorgan's Dimon Says a Recession Is 'Likely',Yahoo,https://finnhub.io/api/news?id=e6daeed01b4b1347571a72196fc4b13f3c0d1c331b2db57861bc91080b6f8cac,0.097,0.903,0.0,-0.5267
2025-04-09 12:50:51,"JPMorgan CEO Dimon expects recession and defaults, urges quick trade talks in Fox Business interview",Yahoo,https://finnhub.io/api/news?id=b8256b4104fa2ce226f3b8e6dfc567bc96680b4b05fdae6a04bbc4fab6d95e9e,0.061,0.853,0.086,0.4404
2025-04-09 12:48:05,Jamie Dimon Thinks a Recession Is Likely,Yahoo,https://finnhub.io/api/news?id=ce36842b6f3af01919be46429b66bfbcad598c49ae4d9db02fb0ccd366b99979,0.127,0.873,0.0,-0.6486
2025-04-09 12:35:37,JPMorgan's Jamie Dimon Warns Recession Now 'Likely Outcome',Benzinga,https://finnhub.io/api/news?id=b7485e1b3c6645650b7bdd3881bb48ee628a146a42aa9c5323a1db0eab46af88,0.241,0.759,0.0,-0.743
2025-04-09 11:50:00,Trump says to ‘be cool.’ Jamie Dimon says to be worried. The JPMorgan CEO offers advice on how to calm down the markets.,MarketWatch,https://finnhub.io/api/news?id=fdc26ad56bd980c43297e13cf84c1eadfd8dc6f37412fccc934ae72110fb045d,0.086,0.824,0.09,0.0516
2025-04-09 11:27:35,Trump tariffs take effect hiking trade levies to a 100-year high,Yahoo,https://finnhub.io/api/news?id=8445f17934ba6083f90587ecebaf44b54bcf2bb2877d57e181911c6181ee6d01,0.014,0.986,0.0,-0.0772
2025-04-09 11:15:56,"China, EU retaliate as Trump trade tariffs kick in",Finnhub,https://finnhub.io/api/news?id=e5dfbff4e2fde3a024293fdae6f4673f3f01994545ec9af3bf2575c5740117ec,0.035,0.965,0.0,-0.0772
2025-04-09 10:59:08,"Stock Market Today: Dow Jones Soars 2,000 Points On Word Of Tariff Pause; Nvidia, Tesla Jump As Trump Stock Soars (Live Coverage)",DowJones,https://finnhub.io/api/news?id=3ca38b4faa9a2028d1ec80500a3169fe315981b5c0c7f33ee6d4c3b0af95e586,0.0,1.0,0.0,0.0
2025-04-09 09:59:00,Wall Street Titan Jamie Dimon Just Gave a Big Warning on the Stock Market. And Trump's Tariffs Are Only Part of It.,Yahoo,https://finnhub.io/api/news?id=e05412c49e59ac56998121b19ba38532f3f62b3bfd0ebc1841026c1cb81a779f,0.087,0.776,0.138,0.6235
2025-04-09 09:13:27,"JPMorgan CEO Dimon expects recession and defaults, urges quick trade talks",Finnhub,https://finnhub.io/api/news?id=439afe208fb73293190a605c9ffd0015b66adb9b30c08a99111e73ebd1ad5ad4,0.147,0.853,0.0,-0.7096
2025-04-09 08:51:22,"JPMorgan CEO Dimon expects recession and defaults, urges quick progress on trade talks",Finnhub,https://finnhub.io/api/news?id=7f0255807222ee6029abe76c5fdf69cab3c9167c1f1c22fdb9b29f50408db440,0.136,0.809,0.055,-0.4767
2025-04-09 05:40:00,ClearBridge Global Growth Strategy Q1 2025 Commentary,SeekingAlpha,https://finnhub.io/api/news?id=7d34102d44b898665644c314af3136e5c6d933ec19214224955ab36b39f01452,0.0,0.698,0.302,0.3818
2025-04-08 01:49:54,Asian Stocks Bounce Back After Worst Day on Record: Markets Wrap,Yahoo,https://finnhub.io/api/news?id=d219eb10b22484ff0c55fe66704be380a68082108e41366abd10664a6c21c5fe,0.095,0.839,0.066,-0.5994
2025-04-08 21:00:00,Big Bank CEOs Reckon With Their Lack of Influence on Trump,DowJones,https://finnhub.io/api/news?id=ca7f85f8763ceef2386660d7b6deaf5407c67492cc254203586af00320b892b0,0.187,0.813,0.0,-0.5574
2025-04-08 12:21:49,US Stock Futures Soar as Dip Buyers Emerge After Selloff,Yahoo,https://finnhub.io/api/news?id=a66a1986818f3d5f198e3584c44db07c2283d141c1809a84b27a842f05ca9363,0.034,0.914,0.052,0.4019
2025-04-08 19:12:06,Bill Ackman’s public campaign to sway Trump on tariffs,Yahoo,https://finnhub.io/api/news?id=b862775d66658b77a066255941efeb0d4ecb798d474bcc4868b1eb4f87fed0cd,0.0,1.0,0.0,0.0
2025-04-08 18:08:21,Wells Fargo: Conservative Provisioning Makes Series DD Preferred Shares A Buy,SeekingAlpha,https://finnhub.io/api/news?id=e23022ea210a4de852b80eb25b7da349142faaf6bb133f35351c8a2f5ba9aa9a,0.065,0.783,0.152,0.2023
2025-04-08 16:08:57,Signs of Wall Street stress pile up amid Trump tariff turmoil,Yahoo,https://finnhub.io/api/news?id=3a4abc02131df83c7adb9ecbed1ddd12d3ffbe3fbb87e38864cbe131decab2e6,0.219,0.702,0.079,-0.7783
2025-04-08 15:43:51,"What Dimon, Fink, Ackman and Others on Wall Street Are Saying About Tariffs",Yahoo,https://finnhub.io/api/news?id=b8c355ab1fdca9f7aee2c5bf656c6877f6b0c43970a049e2ab4ca67c9c9ad184,0.072,0.876,0.052,-0.0665
2025-04-08 14:29:15,JPMorgan Chase & Co. (JPM): Jim Cramer Warns “A Journey to the Center of the Earth” for This Bank Stock,Yahoo,https://finnhub.io/api/news?id=b208dac7fbf1e9c1a84e9f53f06f6c303f7d0a724219759e0c1458750effbdaf,0.059,0.941,0.0,-0.5574
2025-04-08 14:09:00,"Dow's 125-point rally led by gains for shares of UnitedHealth, Boeing",MarketWatch,https://finnhub.io/api/news?id=f1a9c1feb84e86c10e70245473041274a0e6fd5be8e6894bb84402274c7ed51b,0.0,0.662,0.338,0.802
2025-04-08 14:00:00,J.P Morgan Asset Management's Campbell Global Announces Close of $1.5 billion Forest & Climate Solutions Fund II,Yahoo,https://finnhub.io/api/news?id=eb8066c84b8d8ce4a2de7ccd4878414714610a327058c4179462d97b2c54c1b4,0.0,0.879,0.121,0.8126
2025-04-08 13:31:08,Rebound in US Stocks Meets Skepticism as Rally Chasers Pour In,Yahoo,https://finnhub.io/api/news?id=590ae194c0a0f4c98473744dbc554b0e2d36a19bade8813055d0f5aca4095de3,0.081,0.884,0.035,-0.4019
2025-04-08 13:08:00,"UnitedHealth, JPMorgan Chase share gains contribute to Dow's nearly 250-point climb",MarketWatch,https://finnhub.io/api/news?id=a228e4d5fa0648d86dd7fb217188ed92fa72700306163a99993b69032e26a66c,0.0,0.662,0.338,0.802
2025-04-08 13:04:48,"Marjorie Taylor Greene Buys The Dip: Congresswoman Purchases Shares Of Apple, Amazon, Nike And More Following Tariff-Related Sell-Off",Benzinga,https://finnhub.io/api/news?id=0bce241c4f7e5e6cc6b578954ca847a0c511259fd7381c851d61c358c82705d7,0.0,0.813,0.187,0.4404
2025-04-08 12:43:00,JPMorgan Goes Big on Quantum Computing. How It Plans to Use the Technology.,MarketWatch,https://finnhub.io/api/news?id=44208923908dcfa08cc4fb64cb642816e52dabc8e4b2bbe67e5ce60bef964f46,0.0,1.0,0.0,0.0
2025-04-08 12:07:00,"Dow's 900-point surge highlighted by gains in shares of UnitedHealth, Boeing",MarketWatch,https://finnhub.io/api/news?id=572b560cb7487eb18da6d62ba71d9821efe23adcc129a95b706c456d597df415,0.0,0.662,0.338,0.802
2025-04-08 10:57:00,"UnitedHealth, NVIDIA Corp. share gains lead Dow's 1,012-point surge",MarketWatch,https://finnhub.io/api/news?id=b769a40bcfc13f38898cc39eda9251c42cf459d32b1584d4800bed2e40fc5391,0.0,0.603,0.397,0.802
2025-04-08 10:03:46,JPMorgan Q1 Preview: Numerous Inflection Points Could Materialize,SeekingAlpha,https://finnhub.io/api/news?id=676767fc712d4aaf9a877d346b48092cfc3ae86cbdc391c4b493c11be24a2922,0.0,0.909,0.091,0.3818
2025-04-08 09:45:00,"Dow's 1150-point surge led by gains in UnitedHealth, NVIDIA Corp. stocks",MarketWatch,https://finnhub.io/api/news?id=73429578853febe1414dc24db30dcd6f8edba0cad330b3da67da009e6c54919f,0.0,0.806,0.194,0.5859
2025-04-08 07:41:00,ClearBridge Large Cap Value Portfolios Q4 2024 Commentary,SeekingAlpha,https://finnhub.io/api/news?id=4f2adf8bf1b4739c1a3d0a59b7f4ad911a6b3809bcf330ec783db294cea05e31,0.039,0.894,0.067,0.25
2025-04-08 07:24:10,"UPDATE: China vows ""fight to the end"" as Trump warns 50% more tariffs",Fintel,https://finnhub.io/api/news?id=aa1bfb66f7129b4b0046df199edd2a38a6a1053b801967057c63c6e8092068e8,0.267,0.733,0.0,-0.4588
2025-04-08 06:48:00,Trump Tariff Talks Give Stock Market Hope. What It Needs to Bounce Back and 4 Other Things to Know Today.,MarketWatch,https://finnhub.io/api/news?id=cae05a8ffe061e1f82f3fe5cc7cbb9e5e1490226bd77209d8cece7cbf2917202,0.0,0.868,0.132,0.7003
2025-04-07 21:45:15,Why the Market Dipped But JPMorgan Chase & Co. (JPM) Gained Today,Yahoo,https://finnhub.io/api/news?id=e2e9652c14c65725568b12e94c57545923ac64195ffaaa7df1378eba4fe86d18,0.0,0.904,0.096,0.5267
2025-04-07 21:05:21,Multiple banks downgraded by Morgan Stanley ahead of earnings,Yahoo,https://finnhub.io/api/news?id=4c3774531d13a53834bd7230f99e9ee00b52fd0e3332137cd57cc7b3bab6c9f6,0.018,0.953,0.03,0.2551
2025-04-07 18:55:51,"What Chick-fil-A, Chinese tech giants, and a trading scandal taught JP Morgan’s CEO about good leadership",Yahoo,https://finnhub.io/api/news?id=5be15f43d4534657ac82424960f96330a9fb6b79180829352c1c84adb7146f07,0.117,0.677,0.206,0.516
2025-04-07 18:01:54,"Four of Jamie Dimon's biggest concerns, per his letter",Yahoo,https://finnhub.io/api/news?id=f76f61004acd6f7ae176196347b66b11d0bb8767b708a2d1f35693d5b0603dae,0.067,0.933,0.0,-0.3182
2025-04-07 10:10:44,Markets Tumble as Three-Day Selloff Wipes Out $9.5 Trillion,Yahoo,https://finnhub.io/api/news?id=0a44b2cb60357a8e93749af9b3e2bea0d935c27efcf1d0d11c45c090df840ed8,0.077,0.891,0.032,-0.4404
2025-04-07 15:22:35,"Bank stocks, bitcoin falls, Spirit CEO steps down: Market Minute",Yahoo,https://finnhub.io/api/news?id=e792c517827bf126e8e3c6ac4fb2954084140ae275897cefd3a406d989d44bfd,0.051,0.882,0.066,-0.1027
2025-04-07 15:02:21,UPDATE: JPMorgan Chase CEO warns tariffs will slow growth,Fintel,https://finnhub.io/api/news?id=75cbeaad89ee6bb80c9309aa2e712ef225cf615d128fa873c831bdf210c9ef3b,0.127,0.636,0.236,0.296
2025-04-07 14:49:43,US Bonds Stumble as Traders Debate Just How Much the Fed Can Cut,Yahoo,https://finnhub.io/api/news?id=414bb47ce16eb224580d43fc3d9a7461acef73d818fa0b8a2640d0249563b5aa,0.103,0.878,0.019,-0.743
2025-04-07 11:58:52,Wall Street Titans Criticize Trump’s Tariffs as Markets Drop,Yahoo,https://finnhub.io/api/news?id=0d5022690e6fd46aa52ad73bba239b109295da53d977bcbb4039e237941f3743,0.066,0.934,0.0,-0.5994
2025-04-07 13:35:22,10 Financials Stocks With Whale Alerts In Today's Session,Benzinga,https://finnhub.io/api/news?id=a32364201aa94133c2227dc509f35c7d9f8e85dcfaa193a5a6bbe6b7f71ec092,0.0,1.0,0.0,0.0
2025-04-07 13:16:12,Frustrated World Leaders Wonder If Trump Even Wants a Deal,Yahoo,https://finnhub.io/api/news?id=c2d1928f50a4eb36d007091ccc6860c53a4403656c1195462e8529058887ab00,0.106,0.894,0.0,-0.8442
2025-04-07 13:08:50,Looking Into The Abyss--And Buying!,SeekingAlpha,https://finnhub.io/api/news?id=6b97d248a5bc777904f49ba6a73802ccfbc5f3a105918d2638e4742f992c6342,0.0,1.0,0.0,0.0
2025-04-07 13:02:30,FTSE 100 set for biggest loss in a year as Trump tariffs spark turmoil,Yahoo,https://finnhub.io/api/news?id=ad9e0c979134f0663166cecec99121ece30c9f016ac1200f42dd70e30cf2f4c1,0.138,0.745,0.117,-0.1779
2025-04-07 12:33:00,Wall Street Lunch: Volatility Rules The Day,SeekingAlpha,https://finnhub.io/api/news?id=3a094a801a6787ea4f186d2776bfe8d0ec85becac3532015b7b8d7409ec4e9e2,0.089,0.826,0.085,-0.0516
2025-04-07 12:27:55,Trump again calls on 'slow moving' Fed to cut rates as markets continue tumble,Yahoo,https://finnhub.io/api/news?id=916f370e526ba7ade3e75c8b10a0c6d2d2b1848dbfd75fd9b3c96a2f6ae1f5ba,0.172,0.765,0.063,-0.4767
2025-04-07 12:06:27,JPMorgan CEO warns tariffs 'will likely increase inflation',Fintel,https://finnhub.io/api/news?id=78ec68c749c352e53be699cc57d9e08ecfb56ed8a32940538d4924aa0b19e1a0,0.144,0.619,0.237,0.2263
2025-04-07 11:07:00,"Jamie Dimon Warns Tariffs Will Raise Prices, Slow Growth",Yahoo,https://finnhub.io/api/news?id=cc44844eb125207132d1ba847380d72b2b5c682fc8a76c0f71c194c3a1cb388a,0.135,0.692,0.173,0.0516
2025-04-07 10:20:04,Should JPMorgan BetaBuilders U.S. Mid Cap Equity ETF (BBMC) Be on Your Investing Radar?,Yahoo,https://finnhub.io/api/news?id=1866b71dd61256169cb649277d9123360682040e573a7ed6fe5577945e08d6b2,0.0,1.0,0.0,0.0
2025-04-07 10:17:43,"Jamie Dimon warns of slower growth, higher inflation as tariffs reshape global economy: 'We're not in Kansas anymore'",Yahoo,https://finnhub.io/api/news?id=58f4ce4613d9d4df6c20ac68b91feb7274cd30d316a37dda1f4839e4c3a30821,0.075,0.871,0.054,0.0
2025-04-07 10:15:00,Jamie Dimon Says Tariff Policy Issues Must Be Resolved Quickly,Yahoo,https://finnhub.io/api/news?id=f203a1e2b2da4aeb61966bfe8bc4b49041c7f516eb8388581e848da4a68a026e,0.014,0.967,0.019,0.128
2025-04-07 10:10:00,"JPMorganChase Publishes 2024 Annual Report, Including Chairman & CEO Letter to Shareholders",Yahoo,https://finnhub.io/api/news?id=b8f1c9fa1eec37c4a3985d4766e916a03fc897c4f2a95f3e6d44123c33c07d79,0.0,1.0,0.0,0.0
2025-04-07 09:19:00,"JPMorgan, Wells Fargo, Bank of America and Morgan Stanely are part of Zacks Earnings Preview",Yahoo,https://finnhub.io/api/news?id=eae3b5aa0f493a32aa95cd687d0193edcd838cb62cb729a48ab8cd0bfb4573b1,0.0,0.875,0.125,0.4588
2025-04-07 09:15:00,"Dimon, Ackman, Druckenmiller Speak Out. Wall Street Is Pushing Back Against Trump Tariffs.",MarketWatch,https://finnhub.io/api/news?id=51e3e8a7ca77abd4b04ce7f95c27f2edd2a08f55f13e06ca5b050ce61aaef639,0.0,1.0,0.0,0.0
2025-04-07 08:58:00,"These Stocks Are Moving the Most Today: Apple, Tesla, GM, JPMorgan, Nvidia, MicroStrategy, Alibaba, Lilly, and More",MarketWatch,https://finnhub.io/api/news?id=5caddf1714d7932ad1b275553609a92f4f762868aaa33f2c83c5a47b4664177a,0.0,1.0,0.0,0.0
2025-04-07 08:42:00,"Bank of America’s stock has tumbled enough to look like a buy, analyst says",MarketWatch,https://finnhub.io/api/news?id=c29724c9b52c8725b6005d2a3cd6a3114e05edda59fe5602ab445dd8afc9c931,0.0,0.839,0.161,0.6124
2025-04-07 08:18:25,"Dimon, Ackman warn on tariffs as Wall Street roiled by trade war",Finnhub,https://finnhub.io/api/news?id=472ab9b089bf4fa9a506cfaa6d5be1f46cf8485bc5645a83d588b9b7031d123f,0.219,0.781,0.0,-0.8807
2025-04-07 08:14:15,"Dow Jones Futures Tumble, But Off Lows As Trump Tariff Bear Market Continues",DowJones,https://finnhub.io/api/news?id=318fa3769f81118bf38d650d644370bafa87b50bb3492821a683b58c7229669d,0.155,0.845,0.0,-0.5267
2025-04-07 07:34:00,JPMorgan CEO Jamie Dimon says stock prices ‘remain relatively high’ even with the recent market selloff,MarketWatch,https://finnhub.io/api/news?id=00899669e6b2cc19270fbfef014c7c341bd5078a1993107759fd8f89f8fcb9ae,0.0,1.0,0.0,0.0
2025-04-07 06:56:05,JPMorgan Chase : 2025 Proxy Statement,Finnhub,https://finnhub.io/api/news?id=1aae98e9c7744d9b630cbb5f09d4db347ea374741b8ecb1afadde59acdc97227,0.0,0.902,0.098,0.3818
2025-04-07 06:43:00,Trump ‘Medicine’ Has Caused Market Meltdown. Why Only He Can Save Stocks and 4 Other Things to Know Today.,MarketWatch,https://finnhub.io/api/news?id=b940e8b2559149788f528fcae8fe3fbc5a748e06f14983e8ba054969625a1d7e,0.0,0.849,0.151,0.7506
2025-04-07 06:37:24,Goldman Sachs Raises Risk Of Recession to 45%: Jefferies Calls Tariffs a 'Free Hall Pass' For Tech Giants To Reset Their Goals,Benzinga,https://finnhub.io/api/news?id=a3bbabf0bcf1490bf1fed0ff127dc679f9d52fa56fe204cde10df079969f7f80,0.151,0.784,0.065,-0.5267
2025-04-07 06:06:16,"JPMorgan Chase : Letters to shareholders from Line of Business CEOs, Chief Operating Officer and Head of Corporate Responsibility",Finnhub,https://finnhub.io/api/news?id=aa4243732f41e59933981fe43ff76ec37b3b5ea03da0354424c3de4b4e2b58ed,0.0,1.0,0.0,0.0
2025-04-07 06:06:16,JPMorgan Chase : 2024 Complete Annual Report,Finnhub,https://finnhub.io/api/news?id=bf50e16fc11a1f4e75b9ba39a0c578d631f72797bff714ad4ffa7c1e7ce15f75,0.0,0.913,0.087,0.2732
2025-04-07 05:55:00,Bank Stocks Are Tumbling Again. The Selloff Is Getting Really Ugly.,MarketWatch,https://finnhub.io/api/news?id=4fd9fa4c25b53f5f07a96c1d3a2e82f8b9f293087fb0edbd8a3a609cad92cb79,0.264,0.736,0.0,-0.8012
2025-04-07 05:00:17,Working from home is turning into 'return to the office or lose your bonus',Yahoo,https://finnhub.io/api/news?id=90d2ed6faeedab70dd7864e063fb5f33551fae70f4f7d46e05ec5188eb5cd173,0.066,0.85,0.085,0.2023
2025-04-07 04:03:46,"Trump Rejects Market Rout Fears, Shows Defiance on Tariffs",Yahoo,https://finnhub.io/api/news?id=f15525e6c4b34bd16c9091794cc9397626142bfee4cc17be693538fc0523bd29,0.178,0.822,0.0,-0.9382
2025-04-06 15:27:47,Bessent Defiant on Tariffs as He Rejects a US Recession,Yahoo,https://finnhub.io/api/news?id=9c04e24175fd13a002f8d9a5ee35dc761b7db7839ce8fc4d00e9094b2f3bdd86,0.136,0.846,0.019,-0.8481
2025-04-06 14:50:00,Wall Street Brunch: Can Earnings Season Lure Out Battered Bulls?,SeekingAlpha,https://finnhub.io/api/news?id=65fa8baf6bfe43be87b6432720be3c578295b866c4532940489fd303a1257737,0.109,0.891,0.0,-0.5267
2025-04-06 14:00:00,"More Tariffs Fallout, Delta, Wells Fargo, CarMax, and More to Watch This Week",MarketWatch,https://finnhub.io/api/news?id=80be7b62fd3ffc3b7d808bf31d19939166fc7fa44b5fa8c77dbbbe73901d262e,0.0,0.857,0.143,0.4588
2025-04-06 10:00:00,First-quarter earnings will be all about tariffs and the economic outlook. But are forecasts worth anything?,MarketWatch,https://finnhub.io/api/news?id=9e4170d7ca2b2709d59f9238df71cb229d84aa26e7cdf9ddf8cee00aae808e2c,0.0,0.856,0.144,0.6199
2025-04-06 10:00:00,What To Expect in the Markets This Week,Yahoo,https://finnhub.io/api/news?id=e772d94b5683f7834d795e7072ceeb36519aadb994516df4f5a76e164edf2cf6,0.0,0.923,0.077,0.3818
2025-04-06 09:00:00,Is a recession looming? Big banks’ earnings could be an early indicator of financial strain.,MarketWatch,https://finnhub.io/api/news?id=aa5e1143e7915369f3add0bc2eb90d0f49be8e37fe9c0caa36858cce2e1fb66c,0.321,0.679,0.0,-0.8105
2025-04-06 06:37:57,Wall Street Week Ahead,SeekingAlpha,https://finnhub.io/api/news?id=cf660c50866571d13707b66c870de25449f97c07592663a467b343341e67e8f9,0.0,1.0,0.0,0.0
2025-04-05 19:00:00,Tariffs Stoke Fears That Hung Debt Will Return,Yahoo,https://finnhub.io/api/news?id=dcdf8afa08c74dfb7bc324925a7e4269a01e0ba35515a963fc3095e192cb5781,0.199,0.778,0.023,-0.93
2025-04-05 18:51:52,Wall Street Gets Rude Shock as Bessent Plays Second Fiddle on Tariffs,Yahoo,https://finnhub.io/api/news?id=19d2451c113c286241f388d38c7005a1e934414a58cedf10838ab78301e067e5,0.099,0.82,0.081,-0.3954
2025-04-05 18:10:32,JPMorgan Chase (NYSE:JPM) Drops 13% Following Trade Tension Impact,Yahoo,https://finnhub.io/api/news?id=355a26cf3640b99d833a54aa41215e1e7857caca54b1e234f2bd7e7ffa8ee0e7,0.056,0.857,0.088,0.4364
2025-04-05 11:55:43,Stock rout and dealmaking freeze raise stakes for start of Wall Street's earnings season,Yahoo,https://finnhub.io/api/news?id=277850d8c075dfebbb34ed6d031d71e3c3ad8f9bd86c9c6aa57527036b606051,0.0,0.942,0.058,0.1027
2025-04-05 11:00:00,Markets Watch Out For Core CPI With Big Banks Set To Report Earnings,SeekingAlpha,https://finnhub.io/api/news?id=290a46b4ff94cd232215d799c4e0de45630fa5ec77b14abd0e5e194c09959460,0.0,1.0,0.0,0.0
2025-04-05 08:00:00,"5 Relatively Secure And Cheap Dividend Stocks, Yields Up To 8% (April 2025)",SeekingAlpha,https://finnhub.io/api/news?id=a6d9de19c396701d482892fc3ddcb18bd7765e7a83f5a8f9f7304c93cdc7cd9a,0.0,0.746,0.254,0.802
2025-04-05 07:55:00,Is This High-Yield ETF the Smartest Investment You Can Make Today?,Yahoo,https://finnhub.io/api/news?id=277b00818cb45aa156af5c48b310157785741bac112b46e1358f05abbc1e4b13,0.0,0.846,0.154,0.6124
2025-04-05 00:48:00,A Closer Look at Bank Stocks & Tariff Worries,Yahoo,https://finnhub.io/api/news?id=dc5537dc88e75e55115e80b1c2b029133c934d20cc132771ad89ee8bdf7e047d,0.125,0.875,0.0,-0.6652
2025-04-18 10:09:00,U.S. House Committee Urges Two U.S. Banks to Withdraw From CATL’s Listing,Yahoo,https://finnhub.io/api/news?id=31c48f1a0e47e9b2b62fe313e080f73846b8d9d04a35c09a07476f0fa2e9d6f5,0.0,1.0,0.0,0.0
2025-04-18 09:36:00,The Stock Market Had Another Rough Week. Even Powell Is Feeling the Tariffs Pain.,MarketWatch,https://finnhub.io/api/news?id=5fea69505a5cba43a195fc55b395fced58ba09eb7f87113ddac230bd5e5f2b6b,0.196,0.714,0.089,-0.6808
2025-04-18 09:11:06,JPMorgan continues lawsuits in ATM infinite money glitch trend,Finnhub,https://finnhub.io/api/news?id=273a968be45e0c24af9625931b0d6cc9bd74ebdc6bdc84882b0a8086f985ae4b,0.082,0.867,0.051,-0.0516
2025-04-18 02:30:00,Big Banks See a Trading Bonanza. Can It Last?,MarketWatch,https://finnhub.io/api/news?id=2ef010aec8d142ebf8198df8c1dc1148589019d186b87b90f354e3c4a35e458c,0.0,1.0,0.0,0.0
2025-04-18 00:01:00,Is the Stock Market Open Today? Here Are the Trading Hours for Good Friday.,MarketWatch,https://finnhub.io/api/news?id=68db4cc851a1ac04ecd0ba92a7dff2a374e0202f501f16cbc9ccc2bf4a670050,0.0,0.808,0.192,0.7319
2025-04-17 23:46:59,JPMorgan: Well-Positioned To Withstand Any 'Kerfuffle',SeekingAlpha,https://finnhub.io/api/news?id=2382a316c0d7524db655ca0ff101d08b04ddd4e3e7d825c359617c9f740aa0b2,0.0,1.0,0.0,0.0
2025-04-17 21:36:18,"JPMorgan and BofA should stop work on IPO for China's CATL, lawmaker says",Yahoo,https://finnhub.io/api/news?id=1ad1e2aa4a4a2f986bffe96b2e83fb3212a2e7e963f5109949bbada9046c4e2d,0.027,0.973,0.0,-0.296
2025-04-17 20:11:23,"Beneath Market’s Uneasy Calm, Dread Runs Deep Across Wall Street",Yahoo,https://finnhub.io/api/news?id=69981bcfe24ecf022042c8bcdfc0d5ccf40ca9a7e65a3e33b01f74411d39665a,0.179,0.729,0.092,-0.8402
2025-04-17 16:18:19,"Pimco, T. Rowe Bet on SEC Shift With Push for Tax-Savvy Funds",Yahoo,https://finnhub.io/api/news?id=63e0494343a4870c6b4cae82545d49a6a77893f30ac0d996bd6fbf43c88f0a30,0.0,0.821,0.179,0.9509
2025-04-17 16:10:37,Blackstone's Schwarzman: 'Fast resolution' to Trump trade talks critical so economy stays on 'growth path',Yahoo,https://finnhub.io/api/news?id=21dc64178ddb43e3df5c94446af18790d7a2f443c627ca1bcabe7fba47e6370b,0.094,0.799,0.107,0.1531
2025-04-17 14:44:08,"Exclusive-JPMorgan beefs up activism defense group, hires two managing directors",Yahoo,https://finnhub.io/api/news?id=3ce1df64e4f6db57a4302b5a37dcd80179b632758aa412edad178d1ec6505b06,0.022,0.933,0.045,0.3182
2025-04-17 12:26:06,American Express CEO: April's stock market volatility hasn't sent customers into their bunkers,Yahoo,https://finnhub.io/api/news?id=66e4240073f965f376eb73772a4da6ae3079858347096fe77e180a83679527b8,0.118,0.882,0.0,-0.4215
2025-04-17 08:10:00,My Dividend Stock Portfolio: New All-Time Dividend Record In March - 100 Holdings With 15 Buys,SeekingAlpha,https://finnhub.io/api/news?id=3583de69a5b9294d49cfc850c02d9e183a0af145eb6a1cde6d77ee1e1a833ab0,0.0,1.0,0.0,0.0
2025-04-17 04:33:03,"China Stocks Face Risk of $800 Billion US Outflows, Goldman Says",Yahoo,https://finnhub.io/api/news?id=da65689cb295abe03312d3963e79a62b1132f5a71bcbd961ab7f92ad91650297,0.085,0.87,0.046,-0.3818
2025-04-17 03:10:00,Banks Outperformed For Q1 But Strike Cautious Tone For The Rest Of 2025,SeekingAlpha,https://finnhub.io/api/news?id=90062bfb281d6caa43bc28986752c2a9a4b13410ef8633f6c1737636dd2fea84,0.233,0.767,0.0,-0.3291
2025-04-16 20:00:30,Treasuries Rally as Fed’s Powell Focuses on Price Stability,Yahoo,https://finnhub.io/api/news?id=456a1351a8d52dbd0f61ae02ef429e7bfbe397ee06d11e0d53d45dc92f7fe763,0.054,0.832,0.113,0.5423
2025-04-16 17:32:17,JPMorgan is going after even more customers who allegedly cashed in on the ‘infinite money glitch’ stemming from an ATM malfunction,Yahoo,https://finnhub.io/api/news?id=6e99fd32d6efc8367c3bd2c784c2a540d24598a65608a4558c696aa38ec8a3c2,0.0,1.0,0.0,0.0
2025-04-16 16:57:00,Credit markets aren’t flashing recession fears — but that could be the problem,MarketWatch,https://finnhub.io/api/news?id=4bda481876d4cd253eb0c9bf09b94b56eef4e85f00f6f8b02b63021a38f74ec7,0.441,0.434,0.125,-0.9201
2025-04-16 14:44:03,"Nvidia, Apple, Big Banks' trading revenues: Trending Tickers",Yahoo,https://finnhub.io/api/news?id=5f17ede56f160e1fa82fbff472822dcf655a21f70ed8ec319510a62226044d5e,0.039,0.915,0.046,0.25
2025-04-16 12:16:27,Treasury Secretary Scott Bessent to America's biggest CEOs: Stop worrying,Yahoo,https://finnhub.io/api/news?id=6bc54cb1acd39980fd03489fd0d6bc9fc8829c8048e520bb74f3dfcc63c799bb,0.175,0.731,0.094,-0.4767
2025-04-16 12:14:02,Big banks push for simpler mortgage rules as housing market slows,Yahoo,https://finnhub.io/api/news?id=3c9f1ecab64e2a3b5bcff6a4df2a4b07c6785835e4d5dd80d8c3995700d4d03c,0.05,0.795,0.155,0.5574
2025-04-16 11:41:04,"JP Morgan, Houlihan Lokey lead M&A advisory rankings in North America for Q1 2025",Yahoo,https://finnhub.io/api/news?id=c58e968b2c43bfcd00149859e50cf674dee177dc83988d5e1a2ab048dca9d6fc,0.0,0.789,0.211,0.7555
2025-04-16 10:00:49,"Big banks were counting on American prosperity, but volatility works too: Morning Brief",Yahoo,https://finnhub.io/api/news?id=5c3d6b820503a169e49d7760be8ddfaae3ee3221c746bebf60ea875a4db8769e,0.113,0.765,0.121,0.0772
2025-04-16 10:00:00,Trump energy boss’s company plunging 40% is a warning for US oil production,Yahoo,https://finnhub.io/api/news?id=dc805efe01abc4fd0b1f0d09916b07964002b16f51197a177fe788c1524fbfc2,0.082,0.789,0.129,0.4019
2025-04-16 09:29:00,Big Banks Step Up Stock Buybacks. Goldman and BofA Stand Out.,MarketWatch,https://finnhub.io/api/news?id=e6b88a0fa48d1ad02832270e92e81ee0c8e2e6e66e31f7c40cec05c6b202efb9,0.0,1.0,0.0,0.0
2025-04-16 08:00:12,Big banks maintain 'the sky is not falling' amid Trump tariff turmoil. So far.,Yahoo,https://finnhub.io/api/news?id=b233234662868c7e73d1eb05c1bef84315b14f4b4432909b4fe93a2d165a4ccd,0.106,0.803,0.091,-0.1793
2025-04-16 05:42:59,1 Wall Street Analyst Thinks JPMorgan Chase Stock Is Going to $260. Is It a Buy?,Yahoo,https://finnhub.io/api/news?id=b1f11fab2e22bf307b57c250a3d9c71f7dba9a52d1eb3be8448fbc8421220cda,0.026,0.974,0.0,-0.1511
2025-04-16 01:21:09,Wall Street cashes in on tariffvolatility,Finnhub,https://finnhub.io/api/news?id=90d32c5d5948e63b882fda6812fbefc6a8a6aa5d1339979c8e06d08bf3c790a2,0.0,0.854,0.146,0.7184
2025-04-15 23:58:48,JPMorgan: A Strong Case In An Uncertain Setting,SeekingAlpha,https://finnhub.io/api/news?id=1d4e9d737fbdffa899fbf607fe36312da7ef8f43fbb6c95d5051466fbec9d997,0.191,0.522,0.287,0.2732
2025-04-15 21:05:03,"Goldman, Wells Fargo Lead $17 Billion Bank Borrowing Spree",Yahoo,https://finnhub.io/api/news?id=6495cfa45b96c84bbfdde74035b10c0307e8ee6e3f77758330afcfb2327639ae,0.056,0.852,0.092,0.3182
2025-04-15 20:35:00,JPMorganChase 2025 Annual Meeting of Shareholders,Yahoo,https://finnhub.io/api/news?id=389dd403867422b901496942a421e8d20757a59b267f2af2a8517519a94ebc12,0.0,1.0,0.0,0.0
2025-04-15 20:33:00,JPMorganChase Declares Preferred Stock Dividends,Yahoo,https://finnhub.io/api/news?id=6bec837685e4a84397b6a0f389e4e358803748e744140a86fb3b6561d47873c1,0.0,0.892,0.108,0.7351
2025-04-15 18:41:12,"Trump Ally Marjorie Taylor Greene Bought Tesla, Amazon, Blackstone Before Rally",Yahoo,https://finnhub.io/api/news?id=d2bda347e04e62748e3b364ab40899661701bea8aa1020bd9cccfba968f095ca,0.056,0.888,0.056,-0.25
2025-04-15 17:48:09,JPMorgan Chase : 2025 Proxy Supplemental Presentation,Finnhub,https://finnhub.io/api/news?id=301695efa34f49eb7b5b1e8438a0672072bf79787657c2d4a5ec00f3bf95456e,0.0,1.0,0.0,0.0
2025-04-15 17:17:17,Financial Shares Among Best Performers Tuesday -- Financials Roundup,Finnhub,https://finnhub.io/api/news?id=60bc28495b80c1776130fb795aa7eef3a0d17687caa54a3567130583f47b63ac,0.0,0.685,0.315,0.9349
2025-04-15 16:25:00,Wall Street predicts a 10% stock rebound by the end of 2025. Why investors shouldn’t buy the hype just yet.,MarketWatch,https://finnhub.io/api/news?id=0d8e0b3e7d82f406540b1b028a4b34e0841cb801c5392ecbbef2abf0e398a257,0.0,1.0,0.0,0.0
2025-04-15 16:06:00,The Stock Market Is Looking Up. It Could Get Ugly Again.,MarketWatch,https://finnhub.io/api/news?id=b9a26dfcbfa8d54357ba30ef633af37375b5f08bbcfb3a168d982da20b88b795,0.248,0.752,0.0,-0.765
2025-04-15 15:19:00,JPMorgan Chase CEO Jamie Dimon sells $32 million of his company’s stock,MarketWatch,https://finnhub.io/api/news?id=4572c2260d9dda21bdd587177f23e482cc9aa76d6a98529d421c6377984fc131,0.0,1.0,0.0,0.0
2025-04-15 14:10:00,Bank CEOs avoid criticism of tariff policies — but agree that clients want more clarity,MarketWatch,https://finnhub.io/api/news?id=7249dda79c6c996c824d512b31fc0a4c7355a558fd5a292c4eca76f4051c388e,0.214,0.42,0.365,0.8008
2025-04-15 13:37:03,Where Trump Tariffs Stand Now,Yahoo,https://finnhub.io/api/news?id=faeabbe08fc2512577b7b2b09e858b6322620228301c9fecef28bcafe65ab85c,0.0,1.0,0.0,0.0
2025-04-15 13:23:00,Trump Tariffs: Here's What JPMorgan Investors Need to Know,Yahoo,https://finnhub.io/api/news?id=9962a9eb1461a3d589781883bdaee05e36eb150d66b0e5f7edfbc4a8017f3b13,0.0,0.921,0.079,0.7506
2025-04-15 13:03:43,Is JPMorgan Chase (JPM) Among The Top Goldman Sachs Value Stocks?,Yahoo,https://finnhub.io/api/news?id=f3a6a47d2225dbc941db929b3a4b42d2e7d724bcce7cf68a3547595a311b1cc4,0.0,0.82,0.18,0.886
2025-04-15 13:00:12,JPMorgan Chase & Co. (JPM) Is a Trending Stock: Facts to Know Before Betting on It,Yahoo,https://finnhub.io/api/news?id=bf0baa85e013505a319c565f6ec0054cc5a1b39f16016b8da57541370c616da1,0.06,0.899,0.041,-0.2263
2025-04-15 12:14:16,Wall Street banks reap $37bn from Trump trading boom,Yahoo,https://finnhub.io/api/news?id=9e527e62edb2f60f39fdec05ba12f2d1a38fc986ea6ea9dcdda40f89ebe89c78,0.0,0.887,0.113,0.6369
2025-04-15 11:20:48,BofA's Moynihan says 'we potentially face a changing economy' after stock traders post record haul,Yahoo,https://finnhub.io/api/news?id=00d7dcb103639d3e48042734956d5f53df6ea81bb170a5c448eddc7871feef99,0.0,0.841,0.159,0.8074
2025-04-15 11:02:00,"Bank of America profit jumps 10%, but CEO Moynihan warns of ‘a changing economy’",MarketWatch,https://finnhub.io/api/news?id=194e291d30a4e99fb0e63ffd4cca9b391556f5468bbd89b9fd45c88aa7409387,0.097,0.727,0.176,0.5574
2025-04-15 07:21:04,Stocks Get a Boost From Reprieve on Auto Tariffs: Markets Wrap,Yahoo,https://finnhub.io/api/news?id=2de147da14e51c2abb0416f2a1b418f021fa15e08f1b3dd6a06afd7a10c5dcdf,0.077,0.835,0.088,0.0
2025-04-15 04:43:05,Bond Rebound Relieves Markets Dazed by Week of Trade Turmoil,Yahoo,https://finnhub.io/api/news?id=cb3dac3fa63c6df0037c59db1cfe95fc342a107aee88080a2c9d937964187a22,0.127,0.821,0.053,-0.8074
2025-04-15 01:00:00,Bank Trading Desks Are Minting Money From Trump’s Tariff Chaos,Yahoo,https://finnhub.io/api/news?id=0e7eb0a6ec21021390ec05ba96f88ffe5d9a84e46340dadff6a12aad406c0e12,0.058,0.889,0.053,-0.128
2025-04-14 22:06:35,Jamie Dimon sells about $31.5 million worth of JPMorgan shares,Yahoo,https://finnhub.io/api/news?id=275d9646914e7ef66b134da3d100d76fdd8f0de25307039a106a5fc7cf5e925a,0.052,0.801,0.147,0.7269
2025-04-14 21:01:43,"34-Year-Old Making $3,400 a Month in Dividends Shares His Top 7 Stocks — 'Be Lucky and Save Relentlessly'",Benzinga,https://finnhub.io/api/news?id=58f5cf98e2c207585b93b24789040e12a0ceaaa816816457a46a3748ea689028,0.0,0.583,0.417,0.8402
2025-04-14 19:28:33,Jim Cramer on JPMorgan (JPM): “These Companies Are Great – Why Didn’t I Pay $224?”,Yahoo,https://finnhub.io/api/news?id=ab98ca0192053d5d81d0b258aa41cab92eccb5d224d11897f4a6276e10e3fde6,0.019,0.927,0.054,0.5719
2025-04-14 18:43:04,JPMorgan Chase First Quarter 2025 Earnings: Beats Expectations,Yahoo,https://finnhub.io/api/news?id=11375e6c29d42e651578cac4cab97d29522e8c7e933c3e3e550318681489e3c1,0.0,1.0,0.0,0.0
2025-04-14 18:23:16,"Factbox-JP Morgan cuts oil price forecasts on weak demand, higher output",Yahoo,https://finnhub.io/api/news?id=77dd91dfdc43990e04b6391277c5f12781a896816afbd2a3d9c1864b3c3a3c47,0.067,0.903,0.03,-0.5525
2025-04-14 18:20:15,"JP Morgan cuts oil price forecasts on weak demand, higher output",Yahoo,https://finnhub.io/api/news?id=702c24db97504c84ae41c873cdc32efd6e10fd1093c1f762de121139e177e851,0.207,0.764,0.03,-0.9196
2025-04-14 17:37:25,Oil Falls as Progress on Iran Talks Undercuts Tariff Reprieve,Yahoo,https://finnhub.io/api/news?id=804fe0ac05bfcfa1564d283164ef2096c323058e94c239768cad0e87fc35dfb5,0.081,0.812,0.107,0.1531
2025-04-14 17:13:00,The U.S. Corporate Bond Market Needs a Boost. Big Banks Are Helping.,MarketWatch,https://finnhub.io/api/news?id=58a07f732a85e902c168033794b48708d993dd3142e82278cd84d58b16a9d3b3,0.0,0.671,0.329,0.8316
2025-04-14 16:38:37,Veteran Investor Says He’d “Kill to Have Nvidia” in the Low $90s,Yahoo,https://finnhub.io/api/news?id=99d0108c7203172e06ddab4cd3600e0016f2e6b6ea9b6dd8680f45f63b678b69,0.117,0.805,0.078,-0.4754
2025-04-14 16:31:49,"From $0 To $114K In 5 Years: 34-Year-Old Investor Says 'I Buy As Much As I Can Every Month' – Aims To Live Off Dividends, Shares Top 3 Picks",Yahoo,https://finnhub.io/api/news?id=d724081bf8e74358b340f228f16ebf102fcfb5c62c113751efd4ebaa8d1fdca5,0.0,0.815,0.185,0.9541
2025-04-14 16:14:51,"Goldman Sachs Trounces Views, Sees 'Markedly Different' Environment In Q2",DowJones,https://finnhub.io/api/news?id=2784a8ff5b8ccbc520e2afe0a3de07347cddc3b08bbbcac0225aa582d19a4eb2,0.0,1.0,0.0,0.0
2025-04-14 15:26:12,Companies Are ‘On Pause Right Now’: Heard on the Street,Yahoo,https://finnhub.io/api/news?id=bf049bef7a00531a677cc06da564f52967c2e4bcfdf1ca9a6921fca614f4ec06,0.0,0.939,0.061,0.5574
2025-04-14 15:19:00,"Fresh debt from JPMorgan, Morgan Stanley draws warm reception from investors in hopeful sign",MarketWatch,https://finnhub.io/api/news?id=835082147f2fdc1d7fbb00b5ddc939a1ec3b9e884ecf648e6dce2b279ea3fdaf,0.125,0.5,0.375,0.8402
2025-04-14 15:17:00,Goldman Sachs’ Profit Rises 15% and Tops Expectations as Trading Surges,MarketWatch,https://finnhub.io/api/news?id=a502010d0a49477487ce883d44d5832cef1b91eda37b937b3e47f5b5b2fcebfe,0.0,0.592,0.408,0.9081
2025-04-14 15:07:30,Dollar’s Losing Run Shows Wall Street Angst With Tariff U-Turns,Yahoo,https://finnhub.io/api/news?id=686d83b893e9b19e7f292021d049b0a30db7fc29e61f150dd798a143b7a2d25d,0.169,0.803,0.028,-0.9099
2025-04-14 14:52:33,M&T Bank: An Interesting Income Play Following Its Q1 2025 Earnings,SeekingAlpha,https://finnhub.io/api/news?id=ea7abac151118b9c4c2d8f69fd198d16a2b98bfa061afe915eedc8b21fd1f364,0.0,0.638,0.362,0.6249
2025-04-14 13:53:44,JPMorgan Chase & Co. (JPM): One of the Best Dividend Paying Stocks According to Hedge Funds,Yahoo,https://finnhub.io/api/news?id=1625168173e005f3a0b361da227800fecfdbc1efdd3e913e1de71cc006b64ce8,0.0,0.76,0.24,0.9674
2025-04-14 13:13:00,How to Play JPMorgan Stock After Upbeat Q1 Earnings Performance,Yahoo,https://finnhub.io/api/news?id=cb3d41d91f5d294e8f4c4b34ea6a8e30dd38393b593227696e304b512168ac7f,0.0,0.921,0.079,0.34
2025-04-14 13:00:00,"Company News for Apr 14, 2025",Yahoo,https://finnhub.io/api/news?id=b9d5c801ac8dcce1583068a2cb399039c0382537a0cab25e3be1cb011fb1c9dd,0.0,1.0,0.0,0.0
2025-04-14 10:36:23,Bank Stocks Rebound Above 200-Day Average As Earnings Propel Dip Buyers,Benzinga,https://finnhub.io/api/news?id=34f8df890f5b5d3ac0f568042806820ca45efecd00be47671a6a07092d1fd769,0.096,0.904,0.0,-0.4522
2025-04-14 10:20:05,Should JPMorgan Diversified Return U.S. Small Cap Equity ETF (JPSE) Be on Your Investing Radar?,Yahoo,https://finnhub.io/api/news?id=837b518ff1e26a062bf507597adf2d123889989871ffef3969ca8f369dbba003,0.0,1.0,0.0,0.0
2025-04-14 09:30:00,Stock market’s extreme moves portend lasting trouble for traders,Yahoo,https://finnhub.io/api/news?id=5e2162a24366514847b87c861ac20f6c292a885d2ff6ec725598820e45e6a065,0.09,0.838,0.072,-0.1779
2025-04-14 09:08:55,JP Morgan and Houlihan Lokey lead M&A financial advisers in Q1 2025,Yahoo,https://finnhub.io/api/news?id=7b628d1703229bad96865d55d9425005bdb8697ff26cbb4a5f288792c66f3141,0.0,0.896,0.104,0.7555
2025-04-14 07:22:00,"JPMorgan, Wells Fargo, Morgan Stanley, Netflix, UnitedHealthcare, Johnson & Johnson and CSX Corp are part of Zacks Earnings Preview",Yahoo,https://finnhub.io/api/news?id=de32b6b95d6aa5d4699356b99ca08c373e40dac1ea0b3ac4393d8b21ffc195a1,0.0,0.905,0.095,0.4588
2025-04-14 05:35:54,US Stocks Likely To Open Higher: Expert Says 'The Selling Pressure Is Starting To Be Exhausted',Benzinga,https://finnhub.io/api/news?id=fb15f37d0c75a95e04b0ccb4df9aef5032cd871b1d14305117823cf2155e8d3a,0.128,0.872,0.0,-0.5719
2025-04-14 03:43:56,Is JPMorgan A 'Buy' Following Its Q1 2025 Earnings?,SeekingAlpha,https://finnhub.io/api/news?id=382b6ad16a104a12fd861915e697d876bf6ff7dd148077a0fc4d37edf6a08648,0.0,0.727,0.273,0.8591
2025-04-14 03:38:19,Dow Jumps Over 600 Points Following Strong Bank Earnings: Greed Index Remains In 'Extreme Fear' Zone,Benzinga,https://finnhub.io/api/news?id=a2e23c5c84af94feaccbc6c1cd684e31b284d77fa9d0932fa0a62adcd2808072,0.275,0.578,0.147,-0.4391
2025-04-13 16:55:25,JPMorgan Chase: Banking Environment Becoming More Challenging,SeekingAlpha,https://finnhub.io/api/news?id=2c43346e018962d888574e494151e1296f09773efa6994ce58169425be2da4f5,0.0,0.76,0.24,0.2247
2025-04-13 14:23:03,PFM: Dividend Growth ETF With High Fees And Average Result,SeekingAlpha,https://finnhub.io/api/news?id=f3d8630b0a36d538c7de984815e01ea673951c2b0c1d5b3aa52588539d547dbf,0.0,0.776,0.224,0.3818
2025-04-13 14:18:00,"If Wall Street CEOs See a Recession, Their Guidance Isn’t Showing It—Yet",Yahoo,https://finnhub.io/api/news?id=ef971e23f5d3c3ef839169dc0e4e4c64905d844d0a6f3cc5f37205e6b1e16527,0.078,0.762,0.16,0.5423
2025-04-13 13:25:00,"Thoughts On JPMorgan's Call, Q2 '25 Guidance, Changes In S&P 500 EPS Estimates Will Get Attention",SeekingAlpha,https://finnhub.io/api/news?id=dcc94619b344e46df4e5a7f8ba2011be3c8fca2b33f1b3477a3174fb7f7fc8ae,0.0,1.0,0.0,0.0
2025-04-13 10:28:00,Another Earnings Season Is Here. Why Results Don’t Matter as Much This Time Around.,MarketWatch,https://finnhub.io/api/news?id=c56c4678c22ecd51e85c2fdf974e0cc5b79620d6b817670c1990dfa2bc2b1bfb,0.0,0.922,0.078,0.0516
2025-04-13 08:01:00,Navigating Today's Volatile Market: A Stress-Free Approach,SeekingAlpha,https://finnhub.io/api/news?id=f550b61b366c64e835b4cb13ccf6ac34159c26dff6938ed36481c05c9cfa4ca3,0.066,0.877,0.058,-0.0772
2025-04-12 17:21:49,"JPMorgan Chase (NYSE:JPM) Posts Strong Q1 Earnings With US$14,643 Million Net Income",Yahoo,https://finnhub.io/api/news?id=d21a00b3dad90814a90ed557444fb30603dc6e07b03063dd01bf2cb4acd7fa93,0.0,0.774,0.226,0.9648
2025-04-12 12:41:00,"Jamie Dimon argues JPMorgan can help fix the bond chaos if regulators get on board — ‘It’s not relief to the banks, it’s relief to the markets’",Yahoo,https://finnhub.io/api/news?id=3498607b096bbf745d1fefc3d1aa26471fa984aebdd2b1b94c0704dfbb863688,0.145,0.688,0.167,0.089
2025-04-12 08:05:00,7 Quality Dividend Stocks I'm Buying As Tariff Risks Remain,SeekingAlpha,https://finnhub.io/api/news?id=1c5d5d7971edfc3e5f7ee56bff19e55db9bf60ed86bf190ae24d84acf6221a5b,0.189,0.811,0.0,-0.2732
2025-04-12 07:50:10,What Moved Markets This Week,SeekingAlpha,https://finnhub.io/api/news?id=0ceeb318b0a22f70a575fd49c3ad8de93f041118c297444b0b849c2e7672fe01,0.0,1.0,0.0,0.0
2025-04-12 07:00:45,JPMorgan Chase & Co (JPM) Q1 2025 Earnings Call Highlights: Strong Revenue Growth Amid ...,Yahoo,https://finnhub.io/api/news?id=8ade2f3c532eb8e9d46503cb1f7a8cec51eb521cea8410becfdcd56a70d2ece4,0.05,0.681,0.27,0.8279
2025-04-11 22:17:00,Are Tariff Worries Affecting the Earnings Outlook?,Yahoo,https://finnhub.io/api/news?id=f1908c53358eb7f2bdc81f80d469a126fa256e6152b758c77321a91e9ebe2c29,0.052,0.906,0.042,-0.1179
2025-04-11 21:15:49,"JPMorgan Chase Reports Q1 Net Income of $14.6 Billion, Boosts Dividend",Yahoo,https://finnhub.io/api/news?id=c40a38ff5144478b2dfe13af563eff92ca1c121bd1e34b1570cc6973f82e2d80,0.0,0.833,0.167,0.5267
2025-04-11 20:45:24,Is JPMorgan Chase & Co. (JPM) The Cheap NYSE Stock to Invest in According to Hedge Funds?,Yahoo,https://finnhub.io/api/news?id=08963e662b1b4b4c433136011b0665249d370b9855e0a4abc5ffbd0b25e248f0,0.0,0.966,0.034,0.3612
2025-04-11 20:45:00,"The Launch, Lurch, Lift-Off Cycle",SeekingAlpha,https://finnhub.io/api/news?id=6d14b8775ab5a8f8320ee1809cc87e65c25cbc66b13f3ff3d7efc537fa840fa5,0.0,0.884,0.116,0.5267
2025-04-11 20:35:10,Morgan Stanley CEO is 'rockstar' of bank earnings so far,Yahoo,https://finnhub.io/api/news?id=89785da37e6fb3c3354e6e909497281e0d0c5ecd47ec17a0a013a9672f19ec49,0.038,0.94,0.022,-0.0202
2025-04-11 19:54:32,Stock Market Today: Stocks Rally Into Final Hour With Dow Jones Climbing 650 Points (Live Coverage),Yahoo,https://finnhub.io/api/news?id=bb6ced5155cc9ab1789a5c70472da337ed4d57dd704034140c78255b8e119d66,0.071,0.786,0.143,0.4144
2025-04-11 20:31:14,Why JPMorgan Chase Rallied Today,Yahoo,https://finnhub.io/api/news?id=85b3a323dfc1a915e3d46922218aec780b9f9471ce40c220c2d1ff3a7e6122f0,0.0,0.906,0.094,0.6705
2025-04-11 20:30:15,NEW YORK MARKET CLOSE: Green week for equities despite recession fears,Fintel,https://finnhub.io/api/news?id=6ccfa37a330068e27df4ad7e071ef60847fb3473a68dc21fc1b3fd12b9e8ea15,0.0,0.659,0.341,0.5667
2025-04-11 19:29:25,Stocks Eye Best Week Since ‘23 as Bond Rout Eases: Markets Wrap,Yahoo,https://finnhub.io/api/news?id=024ad83256acd28d53ee0afda7450e245650d78b793f472e9c49646207e2ab2d,0.122,0.728,0.15,0.4588
2025-04-11 18:37:32,"Stock Market Today: Dow Jones, S&P 500 Pick Up Momentum; These Chips Stocks Sink (Live Coverage)",Yahoo,https://finnhub.io/api/news?id=f8ffe7d9197d35c3c6de5da9b86f424dbbfca9537a3854735818bb22dcb3e1ea,0.069,0.792,0.14,0.4144
2025-04-11 17:51:39,Dimon Sees Treasury Market ‘Kerfuffle’ Where Fed Steps In,Yahoo,https://finnhub.io/api/news?id=ad8eebbaf87543e0444a6944e782ed6e58f3589466885aac65a0e6f1e9ee4e96,0.049,0.91,0.04,-0.4215
2025-04-11 17:50:00,"The Score: CarMax, Harley-Davidson, JPMorgan Chase and More Stocks That Defined the Week",DowJones,https://finnhub.io/api/news?id=841b6c12b91c1c5dd810b6891d14835b8b0e8d06dd0b094a760ee29d56b95f92,0.0,1.0,0.0,0.0
2025-04-11 17:44:43,Financial Shares Kick Off Earnings Season -- Financials Roundup,Finnhub,https://finnhub.io/api/news?id=44317fe077248c11fafd9c9f8a49a257a17874fa20df9d62367c63600b579779,0.0,0.901,0.099,0.5267
2025-04-11 17:42:32,"US bond yields rise, dollar down as turbulent week comes to an end",Finnhub,https://finnhub.io/api/news?id=5abbcb11694b3e57a9cc091cf0e0a55efbaa8ef43369cacb01e2d5db8296ff8e,0.117,0.849,0.034,-0.6597
2025-04-11 17:25:26,JPMorgan Chase (NYSE:JPM) Q1 Earnings Rise With Net Income At US$14 Billion,Yahoo,https://finnhub.io/api/news?id=f7304d12aff49f16cb12b0a28712dcc731fe6ed15efea012bbfd7bc96d842696,0.102,0.82,0.078,-0.4986
2025-04-11 17:06:00,The Fed Knows How to Stabilize Markets. It Doesn’t Need to Act Yet.,MarketWatch,https://finnhub.io/api/news?id=53025d328d98f95bf82f90db5568647a5da06217c4442af107b9cbd22660d0fc,0.0,1.0,0.0,0.0
2025-04-11 16:42:00,Wall Street Sounds an Alarm: The Economy Is at Risk Thanks to Tariffs,Yahoo,https://finnhub.io/api/news?id=2dd256c9aad60308480fdcdc690c0f939def90aeced7ba9c4ad80079fc97b0c7,0.125,0.724,0.15,0.2263
2025-04-11 16:38:00,"JPMorgan CEO Jamie Dimon Puts the Odds of a Recession at a Coin Flip, but He Says This Economic Cycle Is Different for 1 Reason",Yahoo,https://finnhub.io/api/news?id=17d2d22d027e48c847f955861989801451ad5575ec1842d5dce4915428370321,0.135,0.865,0.0,-0.9209
2025-04-11 16:34:00,Banks’ Wealth Management Units Log Strong First Quarter. Recent Market Turmoil Could Change Things.,MarketWatch,https://finnhub.io/api/news?id=681874a86b4ab3a5b2dba82f710986ea4af71a56b39760d034cdef9262094632,0.125,0.55,0.325,0.8402
2025-04-11 16:32:32,Stock Market Today: Stocks Rally With Dow Jones Climbing More Than 600 Points (Live Coverage),DowJones,https://finnhub.io/api/news?id=b0d3c7de4d8b4be7876de41606f7f9cdfdc27085d0ccd4752649582800241259,0.0,1.0,0.0,0.0
2025-04-11 16:19:09,"Top Stock Movers Now: Newmont, Texas Instruments, Intel, and More",Yahoo,https://finnhub.io/api/news?id=bc65f96bc3f1e2ac57cc8d6d754c8334a32966a3fbe4b4f93f88b9a37bd591ad,0.089,0.825,0.087,-0.0258
2025-04-11 15:58:23,‘Stormy Seas’: Jamie Dimon Sums Up Banks’ Gloomy Global Outlook,Yahoo,https://finnhub.io/api/news?id=79c620ff38cfed66bfb3b2d98ab03be16c2c6edce5670a1a17cd1adf70566e1c,0.135,0.818,0.047,-0.829
2025-04-11 15:55:20,LONDON MARKET CLOSE: FTSE 100 outperforms as tariff saga continues,Fintel,https://finnhub.io/api/news?id=43dc8733939be623a3c78853e96e24039c34c9b9afd6b3fc3f4337d401081115,0.0,1.0,0.0,0.0
2025-04-11 15:36:00,JPMorgan’s Jamie Dimon warns Fed may need to step in to support bond market — without this fix,MarketWatch,https://finnhub.io/api/news?id=284e3b6f9842676c636870b0959ffffd4d0f457f3f7e72a93488910ee50da18e,0.07,0.796,0.134,0.5574
2025-04-11 15:22:48,"JPM, BlackRock, & Wells Fargo earnings: Market Minute",Yahoo,https://finnhub.io/api/news?id=3e3679eee67a7d432cac230ee2d263eccb0f0854133c795a83f1c055882e8df4,0.11,0.837,0.053,-0.8531
2025-04-11 15:21:26,Banks Say They Haven’t Seen a Big Corporate Cash Grab as Tariffs Loom,Yahoo,https://finnhub.io/api/news?id=9dd9e381e1247de57bce4bbb6fbbedf8e467b77761a8ef154e64da904b6f88e2,0.043,0.893,0.064,0.296
2025-04-11 15:00:49,Wall Street Firms Reap Profits but CEOs Warn of More Economic Turbulence,Yahoo,https://finnhub.io/api/news?id=de6940ee9fcd603c3236b53c661aef91f13a4ce04cf24500d84e0f9199e49dee,0.05,0.781,0.169,0.9091
2025-04-11 14:48:26,"Tesla, Apple, Jamie Dimon comments: Trending Tickers",Yahoo,https://finnhub.io/api/news?id=b0ce2924a7520e4b717a00d7aff6dee701f24033e161819d68befe8ec537d786,0.055,0.945,0.0,-0.7003
2025-04-11 14:43:00,JPMorgan CEO Jamie Dimon warns tariffs and trade war are causing ‘considerable turbulence’ in the economy,MarketWatch,https://finnhub.io/api/news?id=1eb8e9626f2211c5b5191499c4207421d2e0aa7fda9996c57b4fdb7358c46bfd,0.275,0.725,0.0,-0.8625
2025-04-11 14:25:03,The Status Of The Trump Tariffs: What's On And What's Off Amid China-U.S. Trade War,Yahoo,https://finnhub.io/api/news?id=2b8c57e6836360a91efe3a8960c2639effc28f474b5abf078f15c2a7f13cbdf0,0.122,0.878,0.0,-0.5994
2025-04-11 14:10:36,"US bank profits rise, but executives warn on tariffs",Finnhub,https://finnhub.io/api/news?id=153c45e078679572344f2b92f8951f667ef058bb5478930a75b31c5185b7c28a,0.139,0.585,0.275,0.8294
2025-04-11 14:08:00,"Dow up nearly 625 points on gains for JPMorgan Chase, Apple shares",MarketWatch,https://finnhub.io/api/news?id=bbdd237cfd16f9fff81d5e9d34530573cabb3b8e9ec1ef4edc2db72fb66a289a,0.0,0.685,0.315,0.802
2025-04-11 14:01:02,"JP Morgan shares rise on earnings, but CEO Jamie Dimon warns of turbulence for the U.S. economy",Yahoo,https://finnhub.io/api/news?id=0dd65ebdd70ca3d1f83a50e3f539a8788346b2ff9df6a667496c67e9bff65a88,0.135,0.727,0.138,-0.2224
2025-04-11 13:59:00,"These Stocks Are Moving the Most Today: JPMorgan, Wells Fargo, Texas Instruments, Newmont, Apple, Nvidia, Tesla, and More",MarketWatch,https://finnhub.io/api/news?id=72986b67fa3f10a64fc3d4e22527e55938dd4dae7d83c7d1b7915d58bae64b9f,0.0,0.882,0.118,0.5465
2025-04-11 13:49:40,Jamie Dimon Says National Security Concerns Outweigh Economic Fears,Yahoo,https://finnhub.io/api/news?id=c4c0393e285cedb96f6b3366ae0a113b12b16577dc47ba73b829d25986c21aa3,0.104,0.751,0.145,0.4741
2025-04-11 13:48:12,JPMorgan Stock Traders Notch Record Revenue on Market Chaos,Yahoo,https://finnhub.io/api/news?id=c0dde60a0db5b132f9a64e99442cb893d2eabcf95853e47885d67c9addae9d95,0.118,0.856,0.026,-0.8689
2025-04-11 13:35:30,9 Financials Stocks With Whale Alerts In Today's Session,Benzinga,https://finnhub.io/api/news?id=dac1e5c806e2b0175aec26329ed1c3bc36fe01a54dadb6da1e2e4061d7420b09,0.0,1.0,0.0,0.0
2025-04-11 13:34:00,"JPMorgan Chase, Morgan Stanley, and BlackRock: Stocks to watch today",Yahoo,https://finnhub.io/api/news?id=2e3c85263993d49e01a34209a53e3744c604cbb09b5fd5dd5ddd89063ee0208c,0.0,0.853,0.147,0.7506
2025-04-11 13:30:07,"Compared to Estimates, JPMorgan Chase & Co. (JPM) Q1 Earnings: A Look at Key Metrics",Yahoo,https://finnhub.io/api/news?id=1ca4d603388a50bd9be32eef0a25454660c96f55b69cf598c55f599aaf360759,0.0,0.968,0.032,0.2263
2025-04-11 13:29:27,Banks Build a Buffer,Yahoo,https://finnhub.io/api/news?id=523d50f8293ccae1481de6a7d84ec05dfa2addd774661546eb675e40c4016f40,0.032,0.854,0.113,0.6908
2025-04-11 13:12:23,"Gold record, bank earnings, China trade tensions: 3 Things",Yahoo,https://finnhub.io/api/news?id=2813bec54e32ccfa6a6075f6daf20e840505b1a2087e1a62177b4ac2e6545a21,0.024,0.881,0.095,0.7256
2025-04-11 13:06:32,"Wall Street Rebounds, JPMorgan Jumps On Strong Q1 Earnings: What's Driving Markets Friday?",Benzinga,https://finnhub.io/api/news?id=cb2a7b889393cfa590f3b902c5d3c755daccf85f09f36c5de3aecf741b331e30,0.158,0.764,0.079,-0.5106
2025-04-11 13:06:19,U.S. Bancorp Q1 2025 Earnings Preview: Cautious Setup With A Chance For Upside,SeekingAlpha,https://finnhub.io/api/news?id=d342fbc0157a448d6ab606e6949ab24e4366d0f6eda6a312b61981ff6a0048f2,0.032,0.82,0.148,0.6249
2025-04-11 13:06:00,"Dow's 500-point rally highlighted by gains in shares of Apple, JPMorgan Chase",MarketWatch,https://finnhub.io/api/news?id=f5c84de147231dfd04661041929f15824c0f74c26e6dad73fee3b1b6bff3fb48,0.0,0.685,0.315,0.802
2025-04-11 13:04:00,Do you have too much of your money in the stock market?,MarketWatch,https://finnhub.io/api/news?id=ec3594eec1079d1dcd0c123a03be634a3568a71212639b51bb13bc8b5656371f,0.0,1.0,0.0,0.0
2025-04-11 12:16:01,JPMorgan Chase & Co. (JPM) Q1 2025 Earnings Call Transcript,SeekingAlpha,https://finnhub.io/api/news?id=6ae94aedb9a15661838d823b7384a07400219c6ced32384a1ef7e8030878e3fb,0.0,1.0,0.0,0.0
2025-04-11 12:05:00,"Apple, JPMorgan Chase share gains lead Dow's 125-point jump",MarketWatch,https://finnhub.io/api/news?id=cfa1b8e08cefee19f6437eea961f53ae9a493339f24875dace2b33424176551c,0.0,0.603,0.397,0.802
2025-04-11 11:45:30,Bank Stocks Mixed as Strong 1Qs Balance With Tariff Uncertainty,Finnhub,https://finnhub.io/api/news?id=de96580e2b61d60198ed2c2ada0d52ec19965a5f2215b06bc55ec30d0d314e9b,0.096,0.787,0.117,0.25
2025-04-11 11:12:46,"Stock Market Rallies On Trump Tariff Pause; Banks, Delta Warn About Economy: Weekly Review",DowJones,https://finnhub.io/api/news?id=89fc735a246388d8a235d9cecb7d2d3119bf945ee3433acfd87960bd5e50b93a,0.097,0.903,0.0,-0.2023
2025-04-11 11:09:07,"JPMorgan profit beats estimates on record stock trading, CEO sees economic turbulence",Finnhub,https://finnhub.io/api/news?id=df6206c88a4fa6a6eccc2bf60c7860a58e2d3e44c286129f5213c997f3e9dc4c,0.04,0.871,0.089,0.2846
2025-04-11 10:58:30,JPMorgan: Still The King Of Banking,SeekingAlpha,https://finnhub.io/api/news?id=da7e4dab6a865eb082e30d232f27dd8e092db51f3bef8f10c9175832045d5449,0.0,1.0,0.0,0.0
2025-04-11 10:58:06,"JPMorgan Chase : JPMC&Co Form 8-K dated April 11, 2025 (1Q2025 presentation)",Finnhub,https://finnhub.io/api/news?id=c3f4cb958deeaf05c81a9f20b7dfb0413773a0a13581e19d4403d7aae3c9d9d4,0.0,0.788,0.212,0.7555
2025-04-11 10:14:48,Nasdaq Gains Over 50 Points; JPMorgan Posts Upbeat Earnings,Benzinga,https://finnhub.io/api/news?id=aeb47a0d994d7b9a1e6d70605fcf7a59cff2073ed6f2d65c3a4d74abf61b3566,0.0,0.769,0.231,0.34
2025-04-11 09:59:19,"Dow Jones Reverses On Trump Tariff News; Yields Spike, JPMorgan, Nvidia Rally",DowJones,https://finnhub.io/api/news?id=eb4ca8cb7befbee679a86f96b7e4f56987ae6b7cf583e7017ca53efbee69a812,0.0,1.0,0.0,0.0
2025-04-11 09:46:00,"JPMorgan Chase, NVIDIA Corp. share gains lead Dow's nearly 150-point climb",MarketWatch,https://finnhub.io/api/news?id=7b7e66a026bee2d81be73953d90e919f6d01f481d42668f346169fc28e1635a7,0.0,0.662,0.338,0.802
2025-04-11 09:00:00,JPMorgan's Q1 Review: A Fantastic Quarter,SeekingAlpha,https://finnhub.io/api/news?id=77ddc71e2fda9c373262a1d4ffdc4a83b2dbd54cb39ba4ce57672213babc8522,0.0,0.581,0.419,0.5574
2025-04-11 08:55:05,NYSE Content Advisory: Pre-Market update + U.S. and E.U. to negotiate trade,Finnhub,https://finnhub.io/api/news?id=a6f5388b237120af3f2e55fe7ce41194480702deee64b7eb6e8f4d689710bdc5,0.0,1.0,0.0,0.0
2025-04-11 08:45:25,JPMorgan profit beats on record stock trading as CEO Dimon sees economic turbulence,Finnhub,https://finnhub.io/api/news?id=1053be01fb2b8ef5b3c000660a8d6172f579eb3b90d715b4dd84320fd47ffef5,0.056,0.813,0.131,0.5106
2025-04-11 08:36:13,JPMorgan Chase : JPMC&Co 2025 Proxy Statement,Finnhub,https://finnhub.io/api/news?id=83e386af05a2dad1a7c5e58828afdba5a214284513f330542ae2a96309a10321,0.0,0.756,0.244,0.7555
2025-04-11 08:26:31,JPMorgan Chase & Co. 2025 Q1 - Results - Earnings Call Presentation,SeekingAlpha,https://finnhub.io/api/news?id=8d5bb206868521499fa10bac27cc808288afeeb8e4d21733bc8a3053e3e16be9,0.0,1.0,0.0,0.0
2025-04-11 08:19:02,"Dow Jones Futures Volatile As Yields, Dollar Raise Concerns; JPMorgan Beats, Inflation Reports Due",DowJones,https://finnhub.io/api/news?id=16fedb4fccd25c81f27b43633f8ca1c647c902a21f640ff6030c8aefef75bfc0,0.0,1.0,0.0,0.0
2025-04-11 07:56:41,JPMorgan's Stock Traders See Record Revenue in First Quarter,Finnhub,https://finnhub.io/api/news?id=c7b4330061f315a0746e5c87656347f0f685626bc295371c8a43e4263e3aea78,0.0,0.94,0.06,0.3612
2025-04-11 07:32:06,JPMorgan Chase : JPMC&Co Form 8-K 1Q2025 earning release (11 April 2025),Finnhub,https://finnhub.io/api/news?id=58bb8ea748519767c95bb5a6f1691612cf6f6d0d9e0cfcadb7d3cf23cb746362,0.0,0.788,0.212,0.7555
2025-04-11 07:25:25,JPMorgan's profit jumps on record stock trading as CEO Dimon sees economic turbulence,Finnhub,https://finnhub.io/api/news?id=ff90c62f6ad06c2fc4d9942142b05ed03b7090d3c0a5d00af1af00135d7a5395,0.054,0.774,0.172,0.6705
2025-04-11 07:23:06,JPMorgan Chase : JPMC&Co. Form 8-K 1Q2025 earnings release (11 April 2025),Finnhub,https://finnhub.io/api/news?id=1d2a0f069e44e4187aa542e2971dad42738a99d1e8aa5880ace14cdabc13506f,0.0,0.788,0.212,0.7555
2025-04-11 07:21:08,"JPMorgan logs Q1 profit of $14.6 billion as CEO warns of uncertainty over global trade, other events",Finnhub,https://finnhub.io/api/news?id=7da5cf9baa1bf3d78f01595a976ac1b97498f68b77de3403f6db3d47000825e0,0.1,0.83,0.07,-0.1655
2025-04-11 07:17:02,Market-Moving News for April 11th,Benzinga,https://finnhub.io/api/news?id=afed022ea62cf87d1f6d457e24fdcf65b2742849dc109e8383c62566cbb9d3ae,0.0,0.891,0.109,0.5267
2025-04-11 07:11:10,JPMorgan says first-quarter profit rose 9% as CEO Jamie Dimon warns of 'considerable turbulence' facing the economy,Finnhub,https://finnhub.io/api/news?id=e34140a1bfb9833960b4cd963725697c2a15d8b5316128c1cfcae1fb6fca13d9,0.055,0.83,0.115,0.6124
2025-04-11 07:04:54,"JPMorgan's profit jumps on dealmaking, trading boost",Finnhub,https://finnhub.io/api/news?id=845e63611cd2ddde99a9a49c83ff627d3c25c4d10c53122ede9c49ff61fa11bb,0.0,0.785,0.215,0.8176
2025-04-11 07:04:11,JPMorgan Chase : 1Q25 Earnings Press Release,Finnhub,https://finnhub.io/api/news?id=26cc24afc9b70f14ed5ccd3753d185e642cfcf55394715f9f04b710fb512771d,0.0,1.0,0.0,0.0
2025-04-11 06:54:03,JPMorganChase Reports First-Quarter 2025 Financial Results,Finnhub,https://finnhub.io/api/news?id=782e1afc0f67addedd6d63aa0153170e904725c0bb9a4c149060839879ee91c2,0.0,1.0,0.0,0.0
2025-04-11 06:53:27,JPMorgan's profit jumps on dealmaking boost,Finnhub,https://finnhub.io/api/news?id=37273d128d0c576425d60313655dfa74ad1250f44926ab29ac14bbc49ccd8886,0.0,0.749,0.251,0.8658
2025-04-11 05:45:09,"US Stock Futures Recover After Early Dip, Poised To Open Higher Amid Volatility: 'Fed Is Likely To Cut Rates Again On June 18th,' Says Expert (UPDATED)",Benzinga,https://finnhub.io/api/news?id=086af97e6608fb9b14ff678d94dd30d578b07327a0a3846cecd865da49dc3e74,0.133,0.829,0.039,-0.5994
2025-04-11 04:32:07,"Earnings Scheduled For April 11, 2025",Benzinga,https://finnhub.io/api/news?id=cf01d009edabbba9e054a2468e5da19fa7d1925a06163eb4d6b3940da6eba0ac,0.0,1.0,0.0,0.0
2025-04-11 03:15:00,Q1 Earnings Season Mired In Uncertainty As Banks Begin Reporting Friday,SeekingAlpha,https://finnhub.io/api/news?id=16b22948311df3f457001481af0b6af0bca1606bfc1253d6dd6a64199de9f80e,0.061,0.808,0.131,0.4215
2025-04-26 19:00:00,Private Credit’s Cracks Widened Before Turmoil,Yahoo,https://finnhub.io/api/news?id=a5948622f316b2086f8ab62246f05cdd3717750f4adb0e00625afef98e266a22,0.057,0.885,0.058,0.0258
2025-04-26 16:20:55,"China weighs U.S. tariff exemptions, Alphabet reports Q1 beat: Morning Buzz",Yahoo,https://finnhub.io/api/news?id=45dda7f219845d362c372d9ea360e40eaed019f671bd925f18f86699e541d72a,0.028,0.869,0.103,0.743
2025-04-26 13:20:47,Is JPMorgan Chase & Co. (JPM) the Best Safe Stock to Buy According to Hedge Funds?,Yahoo,https://finnhub.io/api/news?id=b22451a2b6bb0c01a47b2be7b089d713349d6950144f28766cbc81cb8865b301,0.0,0.756,0.244,0.9694
2025-04-26 09:30:00,Better Dividend Stock: JPMorgan Chase vs. Goldman Sachs,Yahoo,https://finnhub.io/api/news?id=83f56dc0cdc743188605803fe165df487ff0f121d4647a0210c243abf7aa3f58,0.0,0.821,0.179,0.9207
2025-04-26 08:15:00,A Big Market Reversal Might Be Coming In 2025,SeekingAlpha,https://finnhub.io/api/news?id=7050ea206420403c0c47d08179210238b7f66cf311225db019e11774a0e7864b,0.247,0.701,0.052,-0.8176
2025-04-26 01:53:24,"Dividend Champion, Contender, And Challenger Highlights: Week Of April 27",SeekingAlpha,https://finnhub.io/api/news?id=34f64e78a0b9034bca1cc4422cf1ddc9626496a9c98f3b93c41afa790a2b5b95,0.036,0.66,0.304,0.8622
2025-04-25 20:29:40,Data-Crunching Wall Street Skeptics Sit Out the Turnaround Trade,Yahoo,https://finnhub.io/api/news?id=85e9330b5a049d02cad96a3aa0848a1b99847bd9e4ca2752adf53c25fc1bedb5,0.044,0.881,0.075,0.4019
2025-04-25 20:27:44,Is JPMorgan Chase & Co. (JPM) the Best Stock to Invest in for Long Term?,Yahoo,https://finnhub.io/api/news?id=0463746ab45f5a023e30a1d2e69e9a822b973d9e5d448eae8e4649d1c096a260,0.0,0.844,0.156,0.9274
2025-04-25 16:13:01,EVT: Attractive Discount Combined With Market Weakness Makes This An Opportunity,SeekingAlpha,https://finnhub.io/api/news?id=18566ae7e6e396f3427fe1f8e68f800db6ad5ce9221fe7320e340ef8a6386975,0.111,0.707,0.182,0.5106
2025-04-25 15:31:53,Gold Tumbles in Volatile Week on Signs Trade Tensions May Ease,Yahoo,https://finnhub.io/api/news?id=b253782c79797460ba9493d71bc9a2f903545cb7d764ee10099f3656b4357ba4,0.078,0.811,0.111,0.5106
2025-04-25 14:08:00,Sphere Entertainment Deal Is a Win for Shareholders as Banks Take a Hit,MarketWatch,https://finnhub.io/api/news?id=d67a176ffd1d454b958943a85770437a93bce8aa0070124f115c75bf1bcc71d9,0.0,0.625,0.375,0.9217
2025-04-25 14:06:07,Wale Edun Reveals Forensic Audit of NNPC Ongoing,Finnhub,https://finnhub.io/api/news?id=ed4e9dbced1bd493efa321ee67684b1b50a11b301d2502e1679f04d0748b5016,0.0,0.94,0.06,0.2732
2025-04-25 09:45:12,XLP: A Well-Built Fund That Should Outperform In The Current Economy,SeekingAlpha,https://finnhub.io/api/news?id=a3c01f100aac5113b437295c74302e887be5db0c07fe9128dc9d0140c7d2f426,0.066,0.934,0.0,-0.3597
2025-04-25 07:48:00,"A cruel summer looms, but here’s why JPMorgan still expects a higher S&P 500 finish this year",MarketWatch,https://finnhub.io/api/news?id=7f6eb675a66a377ddb2ef2fb0a4d05f2e501917a447bce606da8a7f8f1ef7361,0.265,0.735,0.0,-0.8689
2025-04-24 22:40:00,Why Cadence Design Systems Stock Crushed It on Thursday,Yahoo,https://finnhub.io/api/news?id=df38fb9ca41b9d0e493acb869299357ab7260d7eb9bd99eef2d994a21bf10f45,0.044,0.881,0.075,0.25
2025-04-24 12:35:49,Stocks Fluctuate on Tariff Concern as Dollar Slips: Markets Wrap,Yahoo,https://finnhub.io/api/news?id=ffc82c3a3786e4bfdc2250b357d516b3dd96b86220658a9c346038e4f483128d,0.027,0.824,0.149,0.886
2025-04-24 18:27:49,JPMorgan Chase (NYSE:JPM) Promotes Key India Executives To Managing Directors,Yahoo,https://finnhub.io/api/news?id=75c52e11225cba3d5d5f1195a68c705878fbc40b4c1de45bd7786f4263161919,0.0,0.857,0.143,0.8957
2025-04-24 17:38:29,The Turn Of The Screw. JPMorgan's Jamie Dimon Warns Trump Trade War Could See The U.S. Lose Credibility,Yahoo,https://finnhub.io/api/news?id=11042693d9d23bb8cf5dfbd92998e325ed317828ffb1829e98918bfbbd0d3538,0.286,0.714,0.0,-0.9856
2025-04-24 17:36:04,JPMorgan promotes 227 employees to MD level in key banking division,Yahoo,https://finnhub.io/api/news?id=994fd487aed88e58422eab44334fbce92eb75d4125e97caf3d8cd7c6dcc9334e,0.0,0.914,0.086,0.7579
2025-04-24 11:16:12,"JP Morgan, KPMG lead consumer M&A adviser rankings – data",Yahoo,https://finnhub.io/api/news?id=441a0259ba1d473802b7d1eff943eb268140e8110d86b9a64a3cab533c337e6c,0.0,0.747,0.253,0.7555
2025-04-24 11:12:00,Bank Stocks Are Rising Again. Now Isn’t the Time to Buy.,MarketWatch,https://finnhub.io/api/news?id=8ec409e92521dd90c2bf78455810ff7ea4974460ba3411e6b9e68c5e72403a4b,0.0,1.0,0.0,0.0
2025-04-24 11:11:07,JPMorgan Sees ‘Tremendous’ Opportunity in Treasuries on Fed Cuts,Yahoo,https://finnhub.io/api/news?id=c593964e72b8d8bba6cee61b45622d60cd9fe853cf9476763c0a03640a16be35,0.047,0.746,0.206,0.9295
2025-04-24 11:04:00,Treasury chief Bessent’s briefing to private bank event draws scrutiny,MarketWatch,https://finnhub.io/api/news?id=5d7f6a8b64d9f56de76dbcc3a8ea892b3814af3a114aebd9f98cf44a3310bbbd,0.0,0.833,0.167,0.3818
2025-04-24 09:30:00,Wall Street stocks traders comb through charts for clues to next S&P 500 move,Yahoo,https://finnhub.io/api/news?id=dc600dac3712b8bfb32f8f3c4b50d25c1cf7105830384a475aae169d93a1f49e,0.025,0.887,0.088,0.7351
2025-04-24 09:01:50,Best Travel Credit Card: How to choose,Yahoo,https://finnhub.io/api/news?id=16e31f81c6a18ca6eec268c59ba4713b8e68c380daf2a5b098f660cbe4cf6f2e,0.0,0.544,0.456,0.9978
2025-04-24 08:15:00,3 Dangerous Truths I Learned The Hard Way As A Preferred Stock Investor,SeekingAlpha,https://finnhub.io/api/news?id=0347d33f66b69093284f73e3bbd4e02faffa61833e442c0eb5fa4ae919610ccb,0.091,0.709,0.2,0.7506
2025-04-24 07:45:00,Bretton Fund Q1 2025 Shareholder Letter,SeekingAlpha,https://finnhub.io/api/news?id=2079de071db92fc94f59e6053fc8386ab1061dbe81d02749e4abc22684808be7,0.0,1.0,0.0,0.0
2025-04-24 01:20:43,"American consumers are still buying like crazy, but the largest credit card companies are stashing funds away for a rainy day",Yahoo,https://finnhub.io/api/news?id=6795d48e97f9afdf6e998a3282463f22d13955fafba1c039e97bd8697d5b58de,0.085,0.698,0.217,0.714
2025-04-23 18:37:41,Ultimate Insider Marjorie Taylor Greene’s Top Stock Picks: JPMorgan Chase & Co. (JPM),Yahoo,https://finnhub.io/api/news?id=8b92e8e749fb88ea4b9ce10dc5a6a97b611c88174fcd94672fa33e053a7b302b,0.0,0.831,0.169,0.9216
2025-04-23 15:36:25,JP Morgan tops M&A financial adviser rankings in power sector for Q1 2025,Yahoo,https://finnhub.io/api/news?id=5cb25ddcb17aeee3b023bed6fda912d3bd8b22354a88fb5f248a52d62dd50ee2,0.0,0.693,0.307,0.8769
2025-04-23 15:17:59,"The Fed Can Ease Policy, And It Won't Be Bad",SeekingAlpha,https://finnhub.io/api/news?id=2751a85df7326169638558106a90ae01a2d99406bd413c4821ccbe3f64adf358,0.0,0.599,0.401,0.6542
2025-04-23 15:05:00,"Goldman Sachs Sees Big Drop in Support for CEO Pay, Wins Vote Anyway",MarketWatch,https://finnhub.io/api/news?id=ec47c5da9169accf9fa6497edec50aee9a3cf632c5a5769e0104fbdcabf4cd65,0.185,0.476,0.339,0.8316
2025-04-23 15:02:05,"Why Bank of America, JPMorgan Chase, and American Express Stocks All Popped Today",Yahoo,https://finnhub.io/api/news?id=902a4338e2b10bdb0267d296e367c9868a536798285a91ec1ce1b678953bfd01,0.0,0.845,0.155,0.6705
2025-04-23 14:37:59,Net Lease Office Properties Fully Repays Mezzanine Loan to JPMorgan,Yahoo,https://finnhub.io/api/news?id=52eb295e490c665427126e3e61979d936743cdeb8ac238b4645380f3f5f05f67,0.0,1.0,0.0,0.0
2025-04-23 14:11:00,Is Goldman Stock Worth Considering Now After Q1 Earnings Beat?,Yahoo,https://finnhub.io/api/news?id=53b5f2441640fb8cf1edcaaa69c35a325b05c073cad794ac40405645309f5859,0.0,0.819,0.181,0.802
2025-04-23 13:18:42,"Shares of banking companies are trading higher amid overall market strength after President Trump said he will not be firing Fed Chair Powell. Additionally, Trump indicated the final tariff rate would be lower than the current, which may lead to greater business and lending activity for financial institutions.",Benzinga,https://finnhub.io/api/news?id=5d8380229e8b24a33542f7acb8778a848d450c30deae40c8c1f160500898dc0e,0.04,0.78,0.18,0.7741
2025-04-23 06:14:57,"US Stocks Likely To Open Higher After Trump Administration Hints At A Deal With China: 'It Is Prudent To Expect Continued Volatility In The Weeks Ahead,' Says Expert",Benzinga,https://finnhub.io/api/news?id=d6e9ac099502c3ea2bc56713cc25926f8128fd8eaa8aaa73edd7be923e2078a3,0.0,0.939,0.061,0.5106
2025-04-23 06:02:48,My Top 5 Stocks To Buy Now,SeekingAlpha,https://finnhub.io/api/news?id=b0229856ddb9a1186a0fcd6c132d110429a4461906e6b4dcf70461365faedff5,0.0,0.769,0.231,0.2023
2025-04-23 04:33:10,US MARKETS RALLY AS BESSENT SAYS TRADE WAR IS 'UNSUSTAINABLE',Finnhub,https://finnhub.io/api/news?id=6c34e8df7f1d1e02309def6a13cbcec1c943dbf516d68aef2dfac5fe3757de7a,0.094,0.87,0.036,-0.5904
2025-04-22 21:40:32,Bessent Expects Tariff Standoff With China to De-Escalate,Yahoo,https://finnhub.io/api/news?id=6d779c2152fc40b7cbc96629a77075d1aa97eb370b90767d8f6cf622b7b64bce,0.0,0.929,0.071,0.6705
2025-04-22 20:30:41,Treasury Options Show Biggest Worries Since 2021 ‘Flash Crash’,Yahoo,https://finnhub.io/api/news?id=879aa6182deeeb7f80a602280c5bc991a262abe99f140e00f8274e8e10606fc9,0.081,0.796,0.123,0.3182
2025-04-22 19:27:17,"JP Morgan see gold prices crossing $4,000/oz by Q2 2026",Yahoo,https://finnhub.io/api/news?id=3c7e446942a20258489dc0b8b43b2c121f08613599d24a523a6cf834e3326371,0.091,0.801,0.108,0.3107
2025-04-22 18:38:56,Bessent Signals Willingness to Offer Argentina a Credit Line,Yahoo,https://finnhub.io/api/news?id=e2a7d5e8137e46cef84cb8349298ec3d5c940d0b3dab352ac658160204c7e97a,0.028,0.823,0.149,0.8481
2025-04-22 18:04:00,U.S. Tariffs on Chinese Goods ‘Won’t Be Anywhere Near’ 145%: Trump,MarketWatch,https://finnhub.io/api/news?id=68c52af965579a3fc3111c85f60250736c9604e3aea3b09ce32f8f79916aa423,0.0,1.0,0.0,0.0
2025-04-22 14:53:12,"Bessent sees de-escalation in US-China trade tensions, talks to be 'a slog'",Finnhub,https://finnhub.io/api/news?id=433b4df54035a7ab3dbd2e7c3b43f40a2b05e1c0d4567b151b0c367f56682e73,0.084,0.884,0.032,-0.3182
2025-04-22 14:52:00,Is MS Stock Worth Buying Post Q1 Earnings Amid M&A Activity Concerns?,Yahoo,https://finnhub.io/api/news?id=df8c4bd3dfee2ea7cfffb25e88e2721b3dbc10e46451ccc31ef73cc8b0fce657,0.049,0.851,0.1,0.2406
2025-04-22 14:01:15,"Shares of financial companies are trading higher amid Treasury Secretary Scott Bessent's remarks about trade de-escalation with China, which may help restore investor confidence towards the sector.",Benzinga,https://finnhub.io/api/news?id=f6ab74fb936df46eefb551f7fe5ce6c11485d9dc9b8a4c4f5fbda76e3f8736de,0.0,0.643,0.357,0.8807
2025-04-22 13:26:10,"US Treasury Secretary says situation with China is unsustainable, source says",Finnhub,https://finnhub.io/api/news?id=30a9bc78ec3242a7386c6befc718189a053e7952ad4de64a3fc473652ffb3f78,0.0,0.917,0.083,0.3818
2025-04-22 04:51:28,Nomura bets big on US market rebound with $1.8 billion deal,Yahoo,https://finnhub.io/api/news?id=35765f2d621fc33bb69a8fffb3a53cd98044f6ec908433d3ad894c2897db5d48,0.058,0.898,0.044,-0.296
2025-04-22 10:42:45,JPMorgan Chase : Redemption Notice,Finnhub,https://finnhub.io/api/news?id=ebfe889676f0f4c48f3edaea77924e25807b69a12a1ae5906671907619cdddea,0.0,1.0,0.0,0.0
2025-04-22 10:34:01,JP Morgan and UBS top retail M&A financial advisory rankings in Q1 2025,Yahoo,https://finnhub.io/api/news?id=01b537831c584fc01c4377041d2df29a85c65994008f23f20fdd8cafebdc2d62,0.0,0.781,0.219,0.694
2025-04-22 08:30:00,A Golden Buying Opportunity For Big Dividend Growth Investors,SeekingAlpha,https://finnhub.io/api/news?id=131994d3b6a9192cd68a85a10a94b66cb9e48969088a18c1ce42c81f9ba48be2,0.0,0.565,0.435,0.6597
2025-04-21 20:54:00,JPMorganChase Investor Day 2025,Yahoo,https://finnhub.io/api/news?id=7c2a16ed21b1ea9acb850cc9696a1f0d4de05aac647ded82e1556e8adc6ff3c5,0.0,1.0,0.0,0.0
2025-04-21 14:46:20,"Stocks, Dollar Sink on Threats to Fed Independence: Markets Wrap",Yahoo,https://finnhub.io/api/news?id=183cda9acd331df0ca9feda571cdc41785b57c485ada57aef24b5af858fdb305,0.066,0.876,0.059,-0.3818
2025-04-21 17:13:02,JPMorgan Chase & Co. (JPM): Among Billionaire Rob Citrone’s Top Stock Picks,Yahoo,https://finnhub.io/api/news?id=f7e8f09ac49b197fe652c3ae082c2b7cf390ca20b33097933d0cb5d9fa8049b2,0.178,0.755,0.067,-0.9001
2025-04-21 16:31:00,JPMorgan Chase & Co. stock,MarketWatch,https://finnhub.io/api/news?id=1580bc865046f512b4f93c3514db238a253fadf19a075435e78a2c41079f4cd2,0.0,1.0,0.0,0.0
2025-04-21 16:09:42,"Chicken, crypto and Nvidia: The companies that helped Trump’s inauguration shatter fundraising records",Yahoo,https://finnhub.io/api/news?id=254377ba4ebee8b1577b47874b863bd183453450265106debf7cb5fe210046aa,0.0,1.0,0.0,0.0
2025-04-21 15:47:19,Shares of stocks in the broader financial sector are trading lower amid overall market weakness amid President Trump's criticism of Fed Chair Powell.,Benzinga,https://finnhub.io/api/news?id=abab257a8edd49ffa6a5d48cfc83e042e169f3efb441793bf03cfd139b2aaf94,0.271,0.653,0.076,-0.6908
2025-04-21 14:00:00,"How To Build A $500,000 Dividend Portfolio That Could Yield 18.35% In 20 Years",SeekingAlpha,https://finnhub.io/api/news?id=8e6e3fa32e40da513514f0f565d1f27638b2825a954a29a44461dbeec46ac129,0.0,1.0,0.0,0.0
2025-04-21 14:00:00,J.P. Morgan Asset Management Hires Geng Ngarmboonanant to Multi-Asset Solutions Business,Yahoo,https://finnhub.io/api/news?id=7c057d33dfe95b208354fee51b9123dd93c69ff14fa5b9852c8ff2145281e425,0.0,0.819,0.181,0.9118
2025-04-21 12:55:00,Bank of America: I Was Wrong (Rating Downgrade),SeekingAlpha,https://finnhub.io/api/news?id=79c699fb672aa71011a107e5b4c2da28189e1de95fe80dfafebddf37ed1d0b5c,0.307,0.693,0.0,-0.4767
2025-04-21 12:05:15,Barclays and JP Morgan lead M&A financial advisers in TMT sector in Q1 2025,Yahoo,https://finnhub.io/api/news?id=73e466a8e03945702db4da4274a7a1e9c4301602b9fe98f6c4d3cc84a4a701fe,0.0,0.703,0.297,0.8819
2025-04-21 11:09:00,"Should You Invest $10,000 in JPMorgan Chase Stock Right Now and Hold for 10 Years?",Yahoo,https://finnhub.io/api/news?id=9f1edf2ebddecc19df86a1704d1a4f363eaccb0b793ce72b7c7020bd068367a5,0.0,0.879,0.121,0.8176
2025-04-21 07:59:58,Conflicting Theories Add Spice To Direxion's 3X Daily Financial Bull And Bear Funds,Benzinga,https://finnhub.io/api/news?id=37b2144ceffe75b008840a03313d98fd81284e4c5eff12309303246c8002ca7b,0.184,0.816,0.0,-0.4019
2025-04-21 04:11:57,Bank of America: Poised For A Rebound,SeekingAlpha,https://finnhub.io/api/news?id=dd5ebff2007d6b3ee5841ded413ebe75aa08458b58c9c56b0131ff29dc922ffd,0.0,0.75,0.25,0.25
2025-04-20 13:20:29,JPMorgan Chase & Co. (JPM): One of the Dividend Stocks with Sustainable Payout Ratios,Yahoo,https://finnhub.io/api/news?id=08145dc9f689c59b0504263cd2be9f07717e9a32596dbe376a567b7ab8110aaa,0.0,0.868,0.132,0.8834
2025-04-20 09:30:00,"Invest In 6 Funds For A Potential $5,000 Monthly Income",SeekingAlpha,https://finnhub.io/api/news?id=19d78225aaa1a3a8abc48990b856c01e944b0efbb03b9d6b9bc1bc40bef81d64,0.0,1.0,0.0,0.0
2025-04-20 07:30:00,Citigroup: Undervalued Trading At Deep Discount And Investors Should Tune Out Noise,SeekingAlpha,https://finnhub.io/api/news?id=3a974a20cec45c3abefe355c73b9ff4e57d7a8e26b43d1d9de7bf3631063fde7,0.0,1.0,0.0,0.0
2025-04-20 00:00:00,"Fidelity, Goldman Find Tariff Haven in Asian Consumer Stocks",Yahoo,https://finnhub.io/api/news?id=075550d2a49d77906450d67a9b61635a23f1973629125acbb366718b2ec6de79,0.043,0.894,0.063,0.2023
2025-04-19 15:51:39,JPMorgan Chase & Co. (JPM): Among Value Stocks in Ken Fisher’s Portfolio,Yahoo,https://finnhub.io/api/news?id=8730fa504880e186c6d57ed4ee8c9a6cc312babe0a42f06cc61599a0321501ca,0.047,0.857,0.096,0.4019
2025-04-19 13:00:00,Oil Traders Lurch From Praying for Volatility to Drowning in It,Yahoo,https://finnhub.io/api/news?id=db169a4850928bba2da700184353338e5bded1fa74aff5a65257481c22cac00f,0.066,0.835,0.099,0.296
2025-05-04 19:00:00,Bond Traders Swing to Powell’s Side as Trump Calls for Rate Cuts,Yahoo,https://finnhub.io/api/news?id=bfc329143d14b90eaec50d5e62e21314f965d8e0c2ed356cfefb7bd1642053b8,0.144,0.751,0.106,-0.25
2025-05-04 17:00:00,"Trade chaos is part of the plan for Trump, nightmare for Powell",Yahoo,https://finnhub.io/api/news?id=24c8b00dc905f3250e565c33cd6b9fa4aa6544d2beca791f9c24a2a7e046a7a4,0.133,0.867,0.0,-0.9001
2025-05-04 15:00:47,Is JPMorgan Chase & Co. (JPM) The Most Profitable Cheap Stock to Buy Now?,Yahoo,https://finnhub.io/api/news?id=3d960ef2054eb699c1a8a231b5f70947657d89e6847904ad06fe3366f680a80b,0.0,0.875,0.125,0.8618
2025-05-04 07:00:00,Analysts Shrink U.S. Investment Bank Revenue Expectations,SeekingAlpha,https://finnhub.io/api/news?id=881a058269cbda429da4217c191896b7f4ccff77293f8e456942b4674286dbc5,0.0,0.956,0.044,0.1406
2025-05-03 19:00:00,Short Sellers Bet Against Private Credit Lenders,Yahoo,https://finnhub.io/api/news?id=7cff9a4e05288bc58656c1596fdf76feee1827124067e3f04209776bf86c83ff,0.141,0.808,0.052,-0.7845
2025-05-03 13:00:07,"Stock Market Bull Charges On, Question Is When It Meets the Bear",Yahoo,https://finnhub.io/api/news?id=c17f4f99923512c21dd4a7adb47903c40dc0011d4edf59573198e879bc330001,0.143,0.773,0.083,-0.7845
2025-05-03 12:13:24,Big Oil Isn’t Budging on Output as OPEC+ Supply Hike Looms,Yahoo,https://finnhub.io/api/news?id=d885a1621004bcf4360d02132344d99ff4a3c78b6c385b32140108a06d1ebd12,0.141,0.833,0.025,-0.875
2025-05-03 09:46:37,Dogs Of The Dow Chase May's 'Safer' Buy,SeekingAlpha,https://finnhub.io/api/news?id=350e7769b702ab011e6e05a8a775d6afbeec758c10f0e5378d06981688951dc9,0.0,0.833,0.167,0.7184
2025-05-03 09:00:00,"Global Factories Struggle to Overcome Trump Tariffs, Uncertainty",Yahoo,https://finnhub.io/api/news?id=6d7b93ba6fecb7863a080e3322b20a693a391fb93d4209f07266488b9e1c3dad,0.144,0.856,0.0,-0.9001
2025-05-03 08:30:00,"5 Relatively Secure And Cheap Dividend Stocks, Yields Up To 9% (May 2025)",SeekingAlpha,https://finnhub.io/api/news?id=fe780e26f33ab2ab454eab4d6af26bd879004a37fb37a56e149e46f28187ac5b,0.06,0.813,0.127,0.4215
2025-05-02 18:07:32,JPMorgan Almost At This Crucial Chart Level As Earnings Help Extend Rebound,Yahoo,https://finnhub.io/api/news?id=dd3e309abbdcbdcc85d2cb7bdfa958e616446e1674228b82b79e5c30fda5ee88,0.033,0.873,0.095,0.4767
2025-05-02 16:31:00,JPMorgan Chase & Co. stock outperforms market on strong trading day,MarketWatch,https://finnhub.io/api/news?id=cf4aab5b84f77cfaa4dfbf01810c11dc2fba27a488d8e8b0ceeb6cd216a0f16a,0.0,0.752,0.248,0.765
2025-05-02 15:55:45,"Why Eli Lilly, Viking Therapeutics, and Novo Nordisk Stocks All Popped Friday",Yahoo,https://finnhub.io/api/news?id=363d6b0b46c581ea32db7880525b4209f660ada0563639d2ce3086237f706d2e,0.125,0.82,0.055,-0.3525
2025-05-02 14:50:30,JPMorgan's Kelly: Wall Street Should be Nervous,Finnhub,https://finnhub.io/api/news?id=3a602be986bc991a4ac34f3f895b2456cc197ed1997aa446148290c55260c14d,0.048,0.826,0.126,0.5267
2025-05-02 14:37:51,Proxy Advisor ISS Recommends JPMorgan Shareholders Vote 'FOR' Shareholder Proposal To Require Independent Board Chair,Finnhub,https://finnhub.io/api/news?id=03dfab66e39a000b91ec53eb06240c03b3a13ff2823a7ef4893935ae337ce6d2,0.0,0.872,0.128,0.5473
2025-05-02 13:43:52,Trump Says Harvard Will Lose Its Tax-Exempt Status,Yahoo,https://finnhub.io/api/news?id=01e6e76e4695a3cb3c70a1d5e116432490a8cdb4a0cb815dfcf8561842b20787,0.198,0.802,0.0,-0.9571
2025-05-02 13:14:44,Charles Schwab eyes crypto trading launch,Yahoo,https://finnhub.io/api/news?id=4bb70b62694ce33b83019dd97461966587ed2a733fe86314ceda50a5eabb4103,0.0,1.0,0.0,0.0
2025-05-02 03:17:31,Foreign Funds Sour on US Corporate Bonds as Trump Sows Chaos,Yahoo,https://finnhub.io/api/news?id=ba12118be1896c9230a83b89fd922c335bfdcaf92c9921c02ef131934b014455,0.163,0.837,0.0,-0.9403
2025-05-01 20:23:00,"JPMorganChase Files Form 10-Q for the Quarter Ended March 31, 2025",Yahoo,https://finnhub.io/api/news?id=9cb84ec06d611ca7751e585a2dd2c0080186a7fd199c1a085ded1efc850a6737,0.0,1.0,0.0,0.0
2025-05-01 17:04:56,JPMorgan Chase : JPMC&Co. 1Q 2025 Form 10-Q,Finnhub,https://finnhub.io/api/news?id=3027bb9d63aeda4bffa592c3b23746f901bbb6424d3a6d2bb992590425526a63,0.0,0.801,0.199,0.7555
2025-05-01 13:39:34,Morgan Stanley to Offer Crypto Trading to E*Trade Customers,Yahoo,https://finnhub.io/api/news?id=20f5e1b3ed9d2d610e362f9de9947754f69fd50360b0cefb4c079767bc154305,0.024,0.9,0.076,0.6115
2025-05-01 06:08:47,Former HBSC investment bank chief joins EBRD as head of client services,Finnhub,https://finnhub.io/api/news?id=e3ea315779f7b063a38288976d89c5d2b8d50a86729a5b31198b0192d48fae37,0.0,0.902,0.098,0.4588
2025-04-30 23:27:00,Franklin Rising Dividends Fund Q1 2025 Commentary,SeekingAlpha,https://finnhub.io/api/news?id=26941f83084757ed624985370f3fd39d40943f91642b1ebf6fc6e3c4526f1c0d,0.0,1.0,0.0,0.0
2025-04-30 20:05:25,Mexico Economy Narrowly Dodges Recession Amid US Trade Chaos,Yahoo,https://finnhub.io/api/news?id=32f4c5fbc9b0b149b97583ca41b1e4b24a5e54e3690f1c14798994c5784eea71,0.144,0.856,0.0,-0.9153
2025-04-30 18:27:50,Is JPMorgan Chase & Co. (JPM) the Best Dow Stock for the Next 12 Months?,Yahoo,https://finnhub.io/api/news?id=a318cd91d582291c26a7c071d425d9cb30c71b87b214b631996117278708302e,0.094,0.76,0.145,0.6597
2025-04-30 18:15:18,"Visa CEO on economic slowdown, new stablecoin deal, and AI agents that shop for you",Yahoo,https://finnhub.io/api/news?id=251e0247f547651ddfeb2b01b84e304e89317cac50e5f1e5d01c41baaf4dc1c6,0.042,0.838,0.121,0.4951
2025-04-30 17:15:22,"51-Year-Old Making $4,970 a Month In Dividends Shares His Top 6 Stocks, Aims To 'Create Generational Wealth For Kids And Their Families'",Yahoo,https://finnhub.io/api/news?id=eee86821ae52ce2aec7190370b4a65d9d95337d356e8e836a8669b268bd05ca0,0.078,0.782,0.14,0.7306
2025-04-30 14:39:00,"Washington State Lawmakers Vote to Increase Taxes on Capital Gains, Business Income",MarketWatch,https://finnhub.io/api/news?id=fbc605356ebfa015e890c6f884cf8ac5130fccbc980a534d231d99bfcb7d3e02,0.0,0.68,0.32,0.8126
2025-04-30 13:35:21,7 Financials Stocks With Whale Alerts In Today's Session,Benzinga,https://finnhub.io/api/news?id=3525c7e82fc155d03a3b429a86c7d251d62a251bc65b6401ba325ef16f913a21,0.0,1.0,0.0,0.0
2025-04-30 13:30:00,JPMorganChase Advances Innovations in Benefits to Improve Financial Health for Consumers,Yahoo,https://finnhub.io/api/news?id=b91e29ef1d822f5f6004139a669bba9467c932bf952656ddc0547733170db04b,0.043,0.676,0.281,0.9694
2025-04-30 13:23:05,"Dividend Investor Who Earned $18,000 a Month Despite 'Bloody' Selloff Shares His Top 6 Stock Picks",Benzinga,https://finnhub.io/api/news?id=47b9f36d442c793d7c06d0d8db37966aef8358964d7bb2a916cc4491fd8fad54,0.099,0.681,0.22,0.3222
2025-04-30 12:42:25,JPMorgan names new leadership for key commercial banking units,Finnhub,https://finnhub.io/api/news?id=742a089e866b90e8e5148151620697a745dbbdc7c2ceefbfbe0b876885d7d8ff,0.0,1.0,0.0,0.0
2025-04-30 12:42:25,MOVES-JPMorgan names new leadership for key commercial banking units,Finnhub,https://finnhub.io/api/news?id=51dc2658e472835d8d1d6f2de8d868a7695a985e43edd82805c0d3093e39ac10,0.0,1.0,0.0,0.0
2025-04-30 12:12:00,JPMorgan vs. Bank of America: Which Big Bank Offers Better Value?,Yahoo,https://finnhub.io/api/news?id=e11826e9e65de978cb086936301a8249afab5adcad3395a8c3e67d479c11b7c7,0.029,0.73,0.242,0.8537
2025-04-30 10:20:05,Is JPMorgan Diversified Return U.S. Mid Cap Equity ETF (JPME) a Strong ETF Right Now?,Yahoo,https://finnhub.io/api/news?id=5eb4339aad98380c2f2c07e30b44cb4f59268ae4d8034684e49d8a0ba1ab7ec9,0.0,0.76,0.24,0.7184
2025-04-30 09:44:48,Oil Traders Brace For Another Saudi-Led OPEC+ Oil Supply Surge,Yahoo,https://finnhub.io/api/news?id=c4e24a25575561e43929e449641bfd39d7f29b5f347a4b502dbd9b0fdfdee9c1,0.025,0.949,0.027,0.0516
2025-04-30 08:59:47,Oil Set for Biggest Monthly Drop Since 2021 on Trade War Woes,Yahoo,https://finnhub.io/api/news?id=8f6a0da598e92a34c988486495138d0b7b5d7893e63790cf786dcf37fd15880d,0.179,0.778,0.044,-0.9274
2025-04-30 08:43:16,Preferred Stocks To Sell (Part 1): JPMorgan's JPM.PR.C,SeekingAlpha,https://finnhub.io/api/news?id=5ae9ae3bdae4d9ebd181964e3f7130bbfc171c45bf55a95d798fe1074e12488a,0.0,0.827,0.173,0.5346
2025-04-30 08:00:58,M&A is slowing in US but accelerating worldwide during new Trump era,Yahoo,https://finnhub.io/api/news?id=fae0eda0f3f0aacadb9fbb199e97ab6a65dc7f1e21534a3d6dadd31c966d9b12,0.0,0.861,0.139,0.7783
2025-04-29 21:30:00,Franklin Mutual Beacon Fund Q1 2025 Commentary,SeekingAlpha,https://finnhub.io/api/news?id=9830c9a246e8862dfe9c4e6160fef1df5352c37ccf68e43c24b9c82b4dfdfca8,0.0,0.926,0.074,0.34
2025-04-29 15:52:09,Oil Tumbles as Trump’s Trade War Pummels Outlook for Demand,Yahoo,https://finnhub.io/api/news?id=f9e4f339c21ddac1edd7ae2b325a07d32e1fd40888552c1679b2a0d9e41ac838,0.156,0.844,0.0,-0.9201
2025-04-29 14:31:57,Alphabet Leads Busiest Day for Euro Bond Sales Since January,Yahoo,https://finnhub.io/api/news?id=b7924b5ce796b710469216e61243c8a94691355940fb86e97adba70149de425a,0.0,0.968,0.032,0.4215
2025-04-29 11:00:03,Is JPMorgan Large Cap Value Fund A (OLVAX) a Strong Mutual Fund Pick Right Now?,Yahoo,https://finnhub.io/api/news?id=b4e1291c8c0f0ec6b6c7054bfe09be1335e49a6d3ecbfa51c75e1da459ab452b,0.0,0.759,0.241,0.6908
2025-04-29 06:53:00,JPMorgan Hires CDH Investments Chief to Strengthen Asia Pacific Push,Yahoo,https://finnhub.io/api/news?id=e10bbee69340a8ab607b738aaf74e72ede0b8d847299cd1c873b487fc664641f,0.0,0.869,0.131,0.7269
2025-04-28 20:37:36,Insider Trader Gets Jail as SEC Reviews Tool That Caught Him,Yahoo,https://finnhub.io/api/news?id=6c42455f9a55e1c969f7ea419d3dfa5bb7a5c2d571240854b8019cea32afdb03,0.02,0.98,0.0,-0.2023
2025-04-28 19:14:49,US Boosts Net Quarterly Borrowing Estimate to $514 Billion,Yahoo,https://finnhub.io/api/news?id=95228476cf4f8691fcacae31fd17226870ac46a7112c7f6604d1cb0383db6ac6,0.061,0.896,0.043,-0.4019
2025-04-28 15:00:49,2025 'The Year of Active ETFs': JPMorgan's Spence,Finnhub,https://finnhub.io/api/news?id=48867a973d4543796c0c7486516a9ed3db4642888e9ed714f9452a6f3c650662,0.097,0.741,0.163,0.296
2025-04-28 14:53:49,Stocks Churn as Busy Earnings Week to Test Rally: Markets Wrap,Yahoo,https://finnhub.io/api/news?id=068217683677097bf96c79dd9b3261221bf57f20be61457d35169a1cde3284dd,0.012,0.988,0.0,-0.0258
2025-04-28 13:00:12,JPMorgan Chase & Co. (JPM) is Attracting Investor Attention: Here is What You Should Know,Yahoo,https://finnhub.io/api/news?id=6706fa9c64dfc75bad2dbe21057767b731ee3d994daf557d4da48826d8fb4946,0.059,0.837,0.105,0.296
2025-04-28 12:03:00,"NVIDIA Corp., Amazon.com Inc. share losses contribute to Dow's 100-point drop",MarketWatch,https://finnhub.io/api/news?id=a766cc87ccffa2c9f02f8147d18314aab1a99dbe0e4758d0395ea4a5a25e589c,0.32,0.533,0.147,-0.6369
2025-04-28 11:57:26,Treasury Market’s ‘New World Order’ Brings Fear of Long Bond,Yahoo,https://finnhub.io/api/news?id=a6d6f8b078b5bf09e2538d9be8b6d42309cd83c8fd6bdf30e0182193aee67998,0.063,0.894,0.043,-0.4215
2025-04-28 11:39:33,Phixius by Nacha Announces Collaboration With Kinexys by J.P. Morgan to Enhance Account Validation Capabilities,Finnhub,https://finnhub.io/api/news?id=cdeba40dce3675cb283c850197f7428a419d0379e8c7c733e553e0620d0659dc,0.0,0.887,0.113,0.6369
2025-04-28 11:27:00,"Wells Fargo gets another federal penalty lifted, but still has 3 big ones to go",MarketWatch,https://finnhub.io/api/news?id=723458b14826d10c2e557183d20915c379a4212a027fab86c93eb789ab1d8f4d,0.167,0.722,0.111,-0.4588
2025-04-28 11:15:00,Miller-Howard Income-Equity Q1 2025 Commentary,SeekingAlpha,https://finnhub.io/api/news?id=07666a239b44fb13961c3c007da5524d51a2bcfef4a216c0d85860d376ba7e1d,0.0,0.924,0.076,0.34
2025-04-28 10:30:01,Wall Street Sees Bessent Playing Safe on Debt After Market Chaos,Yahoo,https://finnhub.io/api/news?id=2a8ca909aac5da5650c9d4cdb831fd8e9fb96c982ca1f0bdab0f641d2d4bbb5a,0.066,0.884,0.05,-0.3612
2025-04-28 10:19:33,JPMorgan Chase CISO warns software industry on supply chain security,Yahoo,https://finnhub.io/api/news?id=cd0b319ecb58b240c7e001ba5d39df6cad02ad4e15e0fe966eb3b511b5016070,0.042,0.746,0.212,0.6908
2025-04-28 10:16:55,Emerging-Market Stocks Extend Rally Amid Earnings Optimism,Yahoo,https://finnhub.io/api/news?id=d29ebae939ca602d081782dfdecf139c9b189997dea94a2521ad0c8a09ad1212,0.0,0.903,0.097,0.8271
2025-04-28 10:13:16,Morgan Stanley’s Wilson Says Weak Dollar Will Buoy US Stocks,Yahoo,https://finnhub.io/api/news?id=8f90c4711ffb522742ee86027ef7faf1ef25d349898c11a6300fcba8e73d5343,0.061,0.888,0.051,-0.2263
2025-04-28 09:45:00,"Boeing, Goldman Sachs share gains contribute to Dow's 280-point jump",MarketWatch,https://finnhub.io/api/news?id=fc1c1378d89193d31e846b12de2727d91702d2b20c596ae69a35c4bbfbc4a470,0.0,0.635,0.365,0.802
2025-04-28 06:11:00,ClearBridge Dividend Strategy Fund Q1 2025 Commentary,SeekingAlpha,https://finnhub.io/api/news?id=0729c518d38392e9ba35d258aa8340ccd0421b3bfa51356cddb00db445c6c875,0.0,1.0,0.0,0.0
2025-04-28 04:01:00,Will Trump Tariffs Spur Recession? Four Chief Economists Weigh In.,Yahoo,https://finnhub.io/api/news?id=6480b26a54929cc44042dfd431bfca5530700c544cf9f3f9df5b842e752e2015,0.17,0.786,0.045,-0.7096
2025-04-27 12:30:00,Investors Turn Focus to Global Growth After EM’s Roaring Start,Yahoo,https://finnhub.io/api/news?id=b90ab180da227a22c36a765526d07605a2e4646db50aaba90fbde1198f4c10f5,0.028,0.871,0.101,0.6908
2025-05-13 00:00:00,Infleqtion Unveils Open-Source Library for Quantum Error Correction Research,Finnhub,https://finnhub.io/api/news?id=6ccb6554fda043c43346aa4b9e40174210388ae8a721b5803375a2e6ac13ee6a,0.068,0.861,0.071,0.0258
2025-05-12 21:06:00,JPMorganChase to Present at the Morgan Stanley U.S. Financials Conference,Yahoo,https://finnhub.io/api/news?id=71166cb9eb1e343b29f3d821984ff3da383645e4cca41bb75a27bc282b58b623,0.0,1.0,0.0,0.0
2025-05-12 19:00:00,Campbell Global Announces Leadership Transition: Angie Davis to Succeed John Gilleland as CEO,Yahoo,https://finnhub.io/api/news?id=80bcbf7668627c0da952dbbea69bb0a92aea8d2374f64df170c4c6c2581fba24,0.0,0.748,0.252,0.9509
2025-05-12 16:59:07,"Jeff McElfresh To Update Shareholders At The 53Rd Annual J.P. Morgan Global Technology, Media And Communications Conference On May 13",Finnhub,https://finnhub.io/api/news?id=b8ff761131e9cc5d7749148501e631ebeb609c6c91527e7bc2d4d4832163b503,0.0,1.0,0.0,0.0
2025-05-12 16:19:14,Campbell Global Announces Leadership Transition Angie Davis To Succeed John Gilleland As CEO,Finnhub,https://finnhub.io/api/news?id=0c3cffad4ef7b3d38a215d6a6e4e8db6b237e0c2dabcd14600cc312ef6fc9675,0.0,0.901,0.099,0.4939
2025-05-12 15:25:01,Mayo Sees JPMorgan Becoming $1 Trillion Bank Within Three Years,Yahoo,https://finnhub.io/api/news?id=f69477b208885f43f1118e6db2d1411fc0aa37fbbbb3ec0f8d996c96f610147b,0.075,0.866,0.058,-0.1531
2025-05-12 14:43:19,US-China trade deal optimism offers important investing reminder,Yahoo,https://finnhub.io/api/news?id=b718821882c605ac92cfab18d5923d3f22d7a148ab711a3e3aae056c72eadbe0,0.0,0.613,0.387,0.9001
2025-05-12 12:47:01,Shares of banks and financial services stocks are higher after the US and China agreed to a temporary reduction in most tariffs on each other's goods. A reduction in tariffs could alleviate macro uncertainty in the lending and deal environment.,Benzinga,https://finnhub.io/api/news?id=9e82b5d8c61d4522bb0f9e0c9828bc4362840741433e310b76a5c2c08761533a,0.055,0.847,0.098,0.2263
2025-05-12 10:37:00,Bank stocks see broad rally as U.S.-China trade talks reduce recession predictions,MarketWatch,https://finnhub.io/api/news?id=0c808f56274bef90ee51c4b74b96d1e4c4a212974c62e3494b38579f68d7aa88,0.203,0.797,0.0,-0.6808
2025-05-12 09:14:42,CATL Begins Taking Orders for World’s Top Listing in 2025,Yahoo,https://finnhub.io/api/news?id=17567699802638c1fa6feb6c39ac1bfca9c48845dcb3faf9111fe1103c6a3cc1,0.119,0.862,0.019,-0.8205
2025-05-12 08:08:05,"ECB to Cut by More as Inflation Undershoots 2%, Poll Shows",Yahoo,https://finnhub.io/api/news?id=514dc8b41026c043f64ac78b7c6684aa7669e88c67d027855d32b662a16a8bf6,0.162,0.838,0.0,-0.9129
2025-05-11 16:20:00,Invesco Corporate Bond Fund Q1 2025 Commentary,SeekingAlpha,https://finnhub.io/api/news?id=ec95b53218447f7350cf9c21c5251f4c43374a8241eb85b2323f60e3f609a2a8,0.0,0.912,0.088,0.4404
2025-05-11 07:55:00,Invesco Rising Dividends Fund Q1 2025 Commentary,SeekingAlpha,https://finnhub.io/api/news?id=bf955552c441d518d76e864185d0200258299f88dd804d57eba04e3a83d94f8c,0.0,0.778,0.222,0.7184
2025-05-11 05:03:21,3 Ideal Buys From 63 May Fortune 500 Industry Leaders,SeekingAlpha,https://finnhub.io/api/news?id=f4a32a6c5c340b47b0a6caaa9d214a1b8fd2230eec8c69aa6c43d80424d19d4f,0.0,0.716,0.284,0.8979
2025-05-11 03:45:00,Invesco Charter Fund Q1 2025 Commentary,SeekingAlpha,https://finnhub.io/api/news?id=47c67780031ae9f1e8e62e138a47a2d4e20de28c34c16e13734a28f4ee43325b,0.0,0.782,0.218,0.6486
2025-05-11 01:35:00,Invesco Core Plus Bond Fund Q1 2025 Commentary,SeekingAlpha,https://finnhub.io/api/news?id=9db7bc797006ae6e3410a0d06a2cd75c9d31f894078c7ccff8a1252487c4d049,0.0,0.757,0.243,0.7902
2025-05-11 01:20:00,Invesco Core Bond Fund Q1 2025 Commentary,SeekingAlpha,https://finnhub.io/api/news?id=f9152a510185128d5cf41e042b16f98083d19e3a63cb81823549cdd08cfc879e,0.0,0.903,0.097,0.4404
2025-05-10 19:00:00,Wall Street Plays Long Game as Deals Go Private,Yahoo,https://finnhub.io/api/news?id=fe79876c779170182e585dc8e388a7ba2b1eded59f9ea96b3b452285bdfb2410,0.139,0.814,0.046,-0.8053
2025-05-10 12:00:07,For Exhausted Stock Market Pros the Choice Is Buy or Stay Home,Yahoo,https://finnhub.io/api/news?id=fb74dcd2e805241a826784cbfe470aace6c7e30185fa4c4b458603fd07222084,0.153,0.795,0.052,-0.8807
2025-05-10 05:01:05,"JPMorgan predicts gold price of $4,000 per ounce by 2026",Finnhub,https://finnhub.io/api/news?id=1180ad273d7a89e3ed2fdd32f50bddbd2d206d20e6c05c3bd309a1eb6a897976,0.0,0.971,0.029,0.0258
2025-05-09 16:49:53,"Jobs Up, Wages Down: Financial ETFs May Have Just Found Their Sweet Spot",Benzinga,https://finnhub.io/api/news?id=3c48df697d2c5fd76894cbea1700090752d30da6bbfa6bfafdfd61bbfda42b99,0.047,0.597,0.356,0.926
2025-05-09 14:41:03,CoreWeave in talks for $1.5B debt deal after IPO misfire,Yahoo,https://finnhub.io/api/news?id=bcb92c4b6595b691726b6d096cd3279749ca1a9def5ae90a154f83359aa95e11,0.171,0.804,0.025,-0.9136
2025-05-09 13:00:12,Investors Heavily Search JPMorgan Chase & Co. (JPM): Here is What You Need to Know,Yahoo,https://finnhub.io/api/news?id=1c2f7017a8a69655ede8a413178f84710c6348dd6cc162ec05cd1575c6006ed1,0.061,0.897,0.042,-0.2263
2025-05-09 09:20:00,Invesco Main Street Fund Q1 2025 Commentary,SeekingAlpha,https://finnhub.io/api/news?id=2532fe9bad2b16b55a3d6f44dfe8ca7dcff42653956ffc6a5655eb6315aff9f2,0.0,1.0,0.0,0.0
2025-05-09 08:39:17,"Microsoft, Blackstone, Leidos And A Big US Bank: CNBC's 'Final Trades'",Benzinga,https://finnhub.io/api/news?id=0235d42f28241de0334abf05918221a1ecf406337bedc216b2fd9fc46c71649d,0.0,1.0,0.0,0.0
2025-05-09 05:32:33,"Trump Team Seeks Tariff Cuts, Rare Earths Relief in China Talks",Yahoo,https://finnhub.io/api/news?id=aaa7beb8016f4e7ea993ea94a681d264ea5789ab664f449b00027e4de0cf57ab,0.163,0.758,0.079,-0.7717
2025-05-08 23:42:04,A Sign Of 'Skyrocketing' Risk Appetite? One-Day Option Trades Explode In Popularity,Benzinga,https://finnhub.io/api/news?id=ee382f2a42e28306b5c695cf857fa6fe6ca141d1566e098479604ce6714fa383,0.051,0.874,0.075,0.25
2025-05-08 15:05:00,Hartford Equity Income Fund Q1 2025 Commentary,SeekingAlpha,https://finnhub.io/api/news?id=dfc18cc6bba6eb4df2059eae68ccfdf672f2feb49bdf0816ed5c20a4d712173b,0.0,0.833,0.167,0.5574
2025-05-08 13:26:07,"Bank stocks rally, with Goldman among the Dow’s top performers",MarketWatch,https://finnhub.io/api/news?id=11e3bd6edf582ba408c5c9c24d94399437c1cb1f820df01b0f36ba0b3b9d7a6e,0.0,0.833,0.167,0.3818
2025-05-08 13:09:26,JP Morgan creates new green banking leadership role,Yahoo,https://finnhub.io/api/news?id=83d20d2f09e8ccbb2115413d0b2af4cd9db34e5d749287fc9ef0cf89bac49e26,0.0,0.778,0.222,0.9725
2025-05-08 13:01:40,"CNBC Halftime Report Final Trades: Microsoft Corporation, Leidos Holdings, Blackstone, JP Morgan Chase & Co",Benzinga,https://finnhub.io/api/news?id=2341f58a3f4418150456e47e9c0c433e9fe922bbb60a0350918daacee3ed4170,0.0,0.847,0.153,0.368
2025-05-08 12:32:00,Invesco Dividend Income Fund Q1 2025 Commentary,SeekingAlpha,https://finnhub.io/api/news?id=0cdb7deddc9ccbb54d971cd971231977205e5a43f99a9e9d6e1f3f3d0a09afc7,0.0,0.836,0.164,0.6908
2025-05-08 10:59:00,"Dow's 100-point rally highlighted by gains for Walt Disney, Goldman Sachs stocks",MarketWatch,https://finnhub.io/api/news?id=b7d0fa6ac4bce28824279b6d2ada25430d348b9b78cc6bd37007e9a2cec8780f,0.0,0.821,0.179,0.5859
2025-05-08 10:35:00,Invesco Diversified Dividend Fund Q1 2025 Commentary,SeekingAlpha,https://finnhub.io/api/news?id=f8b0e2a820238b332cff6ac7c28b956a71194708aa4edc710fa887190471b21e,0.08,0.764,0.156,0.3182
2025-05-08 09:45:00,"Dow rallies 212 points on gains in shares of Walt Disney, Goldman Sachs",MarketWatch,https://finnhub.io/api/news?id=d35e274cf3a7cc94a4441f7701d840f6c2fa2117dbe44e6ccf0376a22e086142,0.0,0.705,0.295,0.802
2025-05-08 08:10:00,Franklin Equity Income Fund Q1 2025 Commentary,SeekingAlpha,https://finnhub.io/api/news?id=e06a7cd876551c4d5cd71d318c552b5fa90c440828cdea6db791e2b6e8c6f049,0.0,1.0,0.0,0.0
2025-05-08 02:30:00,U.S. Bank Stocks Weather April Tariff Storms,SeekingAlpha,https://finnhub.io/api/news?id=3e442f09d49ea41896941d83c3e07485fca985a31f6dc6b0ba8eae52f44c11cf,0.0,1.0,0.0,0.0
2025-05-08 00:04:00,Hartford Dividend And Growth Fund Q1 2025 Commentary,SeekingAlpha,https://finnhub.io/api/news?id=c6ad2c923616caf4d39a385096c5b5ecc2af0ac9ed4ce53ee7cde74ed7cdc9c2,0.0,0.757,0.243,0.7506
2025-05-07 19:11:00,Marjorie Taylor Greene Goes Stock Shopping Again: Here Are 50+ Stocks The Congresswoman Bought,Benzinga,https://finnhub.io/api/news?id=5cca64ec11aaba04b945d06e8fed345e4625528cac1f063d305299542a1c321b,0.0,1.0,0.0,0.0
2025-05-07 18:27:38,Is JPMorgan Chase & Co. (JPM) the Best Dow Stock?,Yahoo,https://finnhub.io/api/news?id=e59d109acf1384fcdc15157eff215ae1be8011862e90f1361114acbb37762b0d,0.052,0.777,0.171,0.8519
2025-05-07 17:23:00,Hartford Core Equity Fund Q1 2025 Commentary,SeekingAlpha,https://finnhub.io/api/news?id=628123fd0ae5f166c3eccd6e90f406a5962ccb18fc51660b756316ae1e3278ac,0.0,1.0,0.0,0.0
2025-05-07 16:56:00,Hartford Balanced Income Fund Q1 2025 Commentary,SeekingAlpha,https://finnhub.io/api/news?id=96a7906ceb9b4dcad22b47b4b1a9bb2f2d2c80e6ad8a47f60cf572ffd8191537,0.0,1.0,0.0,0.0
2025-05-07 15:32:14,JPMorgan's Michele: Large Firms Don't See 'Sell America Trade',Finnhub,https://finnhub.io/api/news?id=bf07d57234b8d4ee7590652702a5225ab60164dfc8e6995943edf2d499cce510,0.0,1.0,0.0,0.0
2025-05-07 08:44:32,Treasury Yields Rise Ahead of Fed as Traders Trim Rate-Cut Bets,Yahoo,https://finnhub.io/api/news?id=e4f78b8ca3408ddb54dc33ec56b0eab6a0ca4202a54e5c2ece7c91859b258b2c,0.096,0.821,0.083,-0.3182
2025-05-07 13:05:00,"The Zacks Analyst Blog Highlights The Goldman Sachs, JPMorgan and Morgan Stanley",Yahoo,https://finnhub.io/api/news?id=11e1812263d53412b178118c0aa55db436e3b2dfcc5f1b610370e7c4e82d1e11,0.0,0.935,0.065,0.2023
2025-05-07 12:59:00,Fidelity Select Financials Portfolio Q1 2025 Review,SeekingAlpha,https://finnhub.io/api/news?id=c7fc402327be0ddd71c0f1b7098b8fcef288ee1507f1dda8c0173980a3e2f3c1,0.0,1.0,0.0,0.0
2025-05-07 10:20:05,Is JPMorgan Diversified Return Emerging Markets Equity ETF (JPEM) a Strong ETF Right Now?,Yahoo,https://finnhub.io/api/news?id=b5c6ed0757772892031dbe376b3bfa4da92a1e15222b36f73f151c247b5b6951,0.0,0.75,0.25,0.7184
2025-05-07 08:57:00,1 Stock—and 2 Funds—to Buy if There’s No Recession,MarketWatch,https://finnhub.io/api/news?id=c622c0e872b61aa7b77086f291d91c7d08fc69e87b38a8e232bb7c3470c2a0da,0.0,0.774,0.226,0.5667
2025-05-07 03:58:00,Pace Of U.S. Bank Branch Closures Picks Up In Q1 2025,SeekingAlpha,https://finnhub.io/api/news?id=869113fd1daca4e2724a3da80555a9fa20be0fe01f01be5123838c2ef106ea43,0.0,0.927,0.073,0.4404
2025-05-07 02:06:10,"Winning War Against Exchange Rate Gaps, Forex Speculations - CBN",Finnhub,https://finnhub.io/api/news?id=8cb8b700e3a312c316398ab5023d6cac7d832c07549322d8706a39e5f62a407b,0.084,0.667,0.249,0.7717
2025-05-06 20:32:33,Traders Bet It Will Take Longer for Fed to Start Cutting Rates,Yahoo,https://finnhub.io/api/news?id=a351ba1598eebf9f4617ee23dbfd484782ec400865e163d67277c67c95860e43,0.131,0.824,0.045,-0.7717
2025-05-06 20:30:18,Why Citi's head of wealth isn't sold on the stock market rally,Yahoo,https://finnhub.io/api/news?id=62f657f19149dc8ea9621326ecc6908f1d5e9c2238cd9f8489b0629b6a657427,0.073,0.703,0.224,0.6806
2025-05-06 16:44:56,Dow Jones Financial Giant JPMorgan Breaks Out; DoorDash Breakout Stumbles,Yahoo,https://finnhub.io/api/news?id=2e8225f1f5ab2b88a2be8d7ccd55ae9df00912ff8941eb579fac6eda44714194,0.0,1.0,0.0,0.0
2025-05-06 16:31:00,JPMorgan Chase & Co. stock outperforms market despite losses on the day,MarketWatch,https://finnhub.io/api/news?id=8ed61d0db5fc9e83cd603bdf386e807966ed899ce8ad31af151d69dcfe8b96b1,0.0,0.83,0.17,0.5448
2025-05-06 15:07:02,DoorDash Is on a $5 Billion Buying Spree After Earnings Beat,Yahoo,https://finnhub.io/api/news?id=5bb768155b02f2fe31ef50e67617dcf8698b0d460de098cf83ebf1ddf78233a8,0.028,0.914,0.058,0.2023
2025-05-06 15:04:00,UBS Hires JPMorgan Executive to Lead U.S. Workplace Wealth Unit,MarketWatch,https://finnhub.io/api/news?id=18b76e980b91844c176b129fe600a0846e0b709b14167c86227d3cb6738de33e,0.0,0.738,0.262,0.7506
2025-05-06 14:54:39,Stocks Pare Losses After Bessent’s Trade Remarks: Markets Wrap,Yahoo,https://finnhub.io/api/news?id=6bbc4ff5cff12cb7627bc3de9113f714e2c9754d4b9634756bb95598cacfcb34,0.167,0.813,0.02,-0.9118
2025-05-06 10:20:00,Fidelity Value Discovery Fund Q1 2025 Commentary,SeekingAlpha,https://finnhub.io/api/news?id=53375086f9e69202cd0804bd81b8e63e7fed94f88af93af7eccc90ff8c1bb07a,0.0,0.76,0.24,0.8316
2025-05-06 09:20:00,Fidelity Fund Q1 2025 Review,SeekingAlpha,https://finnhub.io/api/news?id=b73da4dba53628bdeee273b7e071640f969b1c0b8447c695fd5227e538404967,0.0,0.929,0.071,0.296
2025-05-06 06:55:00,Fidelity Dividend Growth Fund Q1 2025 Commentary,SeekingAlpha,https://finnhub.io/api/news?id=f1e602ea47fc45b5539e13cc0cbc3129d120ae2af6c0235b23581ea593fe2be8,0.0,0.86,0.14,0.6369
2025-05-06 06:45:00,2 Under The Radar ETFs That Could Help You Navigate A Potential Recession,SeekingAlpha,https://finnhub.io/api/news?id=43a28487847f456b8b16d0ab55b1eb4852ab8e3874ea07bc5413671447d21264,0.157,0.776,0.068,-0.3744
2025-05-06 06:15:19,JPMorgan goes long euro vs Romanian leu in FX spot market,Finnhub,https://finnhub.io/api/news?id=0e4dad60fce42dfaa983eba5cf4de48502c1916ba2f0216520de622951d1f796,0.0,1.0,0.0,0.0
2025-05-06 05:55:00,Fidelity Equity-Income Fund Q1 2025 Review,SeekingAlpha,https://finnhub.io/api/news?id=660a1b39f13a0fb9f0ac8254422c5c83e90d36540e1fad6071f3c0a53515fd13,0.0,0.919,0.081,0.296
2025-05-06 05:30:19,JPMorgan Chase's Long Position In H Shares Of Zijin Mining Decreases To 7.23% - HKEX,Finnhub,https://finnhub.io/api/news?id=d5ba23453ca18948ea57e010949f246f7f837ccfc1f63bced13b8f3678403702,0.0,0.842,0.158,0.7944
2025-05-06 05:05:05,Romanian central bank says it is looking to counter capital outflows,Finnhub,https://finnhub.io/api/news?id=dcebbde89b15da529cfbccbcad875fb0c9b9624e454bfb5346e1cf0271080131,0.0,0.898,0.102,0.5106
2025-05-06 02:41:07,TRANSFORMING HOW WE WORK,Finnhub,https://finnhub.io/api/news?id=32bbbe5e67a7bf848c8b36111ceca4a41757f8c806ca1c3d7262405581cfa385,0.0,0.948,0.052,0.2023
2025-05-05 18:59:06,Bill Ackman on his move to recreate Warren Buffett's Berkshire Hathaway,Yahoo,https://finnhub.io/api/news?id=c6a091098b2f3ebd0930f2fa26d9bf941b2ec5607aca5f29ad0aaed7a7eb0670,0.0,0.919,0.081,0.296
2025-05-05 17:35:01,"Companies Sold Commercial Paper to Boost Cash, JPMorgan Says",Yahoo,https://finnhub.io/api/news?id=a6ca63f462f96578bd1639d5e286198cf46e51c1ca68a8e339dffe5d5fda45d1,0.129,0.842,0.029,-0.802
2025-05-05 17:08:25,"JPMorgan says AI helped boost sales, add clients in market turmoil",Yahoo,https://finnhub.io/api/news?id=87301ba1e10cbd3b28d8cda12ceec273e2ecc49a63d6ccf0af8d89b9902b5d74,0.037,0.817,0.146,0.9169
2025-05-05 13:20:00,"Company News for May 5, 2025",Yahoo,https://finnhub.io/api/news?id=bbb9a1cd93bd61f9974b1137214cc33d8601932afeec18ce9e91e366876e61b1,0.0,1.0,0.0,0.0
2025-05-05 13:18:16,Apple Selling Corporate Bonds for the First Time Since 2023,Yahoo,https://finnhub.io/api/news?id=2217f75138d0f438e524bdd376dc7d7129e36112ef7988de0484a2bfa70e1c4b,0.1,0.888,0.012,-0.8126
2025-05-05 12:03:00,"Dow's 100-point rally highlighted by gains in UnitedHealth, McDonald's stocks",MarketWatch,https://finnhub.io/api/news?id=d2454692857ed12a2f43286076b646d13672034d2dcf9b27722bf6104fa2a8da,0.0,0.789,0.211,0.5859
2025-05-05 11:00:00,"Local Snapshot: Half Of U.S. Small Businesses Change Strategies Amid Macro-Economic Challenges, Chase Survey Finds",Yahoo,https://finnhub.io/api/news?id=6f0a8e9f3696f76fa27705c5b9d55d3eb0fdab24fefd84f4d0519b86d37679ad,0.054,0.915,0.031,-0.25
2025-05-05 10:00:00,"JPMorgan Chase axes startup-VC platform Capital Connect, but remains committed to innovation economy",Yahoo,https://finnhub.io/api/news?id=a24c2b71889090311942c25ad679a50395c9af1a9eab9c78fadb3a8e9a34b410,0.0,0.768,0.232,0.7227
2025-05-05 09:10:10,World’s Riskiest Bonds Lure Traders After Tariff Turmoil,Yahoo,https://finnhub.io/api/news?id=302b600eee28d611c1157868ff1674649a2a68542e59854e96b81643c1086b77,0.2,0.8,0.0,-0.9382
2025-05-05 07:30:00,Fidelity Contrafund Q1 2025  Commentary,SeekingAlpha,https://finnhub.io/api/news?id=d68fa487ff1e10454dec687d7b406bc1c36350f31225badcd098b41a3b93d0d6,0.0,0.932,0.068,0.296
2025-05-05 05:04:25,A Pair Trade Opportunity By JPMorgan's Preferred Stocks,SeekingAlpha,https://finnhub.io/api/news?id=e8493fcec12e2c61125f8ed4a4638c04e6e11e1891790eaeacb07efde89cf8ca,0.158,0.763,0.079,-0.4215
2025-05-20 19:00:00,"JPM, BAC, and MS: How U.S. Bank Stocks Line Up in the Trump Era",Yahoo,https://finnhub.io/api/news?id=1a58e76094d641f0dd6f1a4a5862ed695b67b2bfdb2b312d9e91ed6da10d92b5,0.117,0.781,0.102,-0.3818
2025-05-20 18:53:44,Jim Cramer on JPMorgan (JPM) Chase’s Analyst Meetings: “It Moves Stocks”,Yahoo,https://finnhub.io/api/news?id=7dc58e4df70cf7ed392055407b8c66204659acec8f07e94f56e2757f4afb505e,0.046,0.954,0.0,-0.4939
2025-05-20 17:34:00,Financial Services Roundup: Market Talk,DowJones,https://finnhub.io/api/news?id=567587082092dd253a67aaeeb33adabe7a74b6a83258dfe3982fb05825c7ce90,0.0,1.0,0.0,0.0
2025-05-20 14:40:00,Time to Capitalize on Market Moves With Momentum ETFs?,Yahoo,https://finnhub.io/api/news?id=4340cac186980a238561843e43acbf27174b43e669380e6f95947f4b79ed5ff9,0.0,0.884,0.116,0.5267
2025-05-20 13:11:20,"Stock market, Home Depot earnings, stablecoin bill: 3 Things",Yahoo,https://finnhub.io/api/news?id=9540ea36856f9f0ec0b28a736b87541a2bb212d9059a46e7d3f8800479e7cc19,0.041,0.944,0.015,-0.3832
2025-05-20 13:00:00,J.P. Morgan Presents Its Most Expansive Summer Reading List To Date,Yahoo,https://finnhub.io/api/news?id=ad5242599d349799b1a4ffb4e8b31df692abbe2f6392b72b874125bab30fa86b,0.0,0.819,0.181,0.9389
2025-05-20 12:30:05,3 Reasons Why Japan's Record Bond Yield Spike Matters,SeekingAlpha,https://finnhub.io/api/news?id=7aa7a5385b694ca435ab7b1f935d5d6bd903354ebc7282f4d9c68563cb9c998b,0.056,0.749,0.195,0.4939
2025-05-20 12:24:22,JPMORGAN : UBS remains its Buy rating,Finnhub,https://finnhub.io/api/news?id=0edb2574caf1dba6a5727ac8369618d9cb0d71ae2292f32b22e109f9afb67f4c,0.0,0.893,0.107,0.5574
2025-05-20 12:21:11,"Goldman to Boost Middle East Headcount, Eyes Wealth Fund Deals",Yahoo,https://finnhub.io/api/news?id=8a2dcfbe39b12a0f97a72c902535741099f53df1a8fe3f00f0de090ee4799e75,0.016,0.855,0.129,0.8901
2025-05-20 12:12:00,"JPM Investor Day Conference: Q2 IB Fees to Dip, 2025 NII May Rise by $1B",Yahoo,https://finnhub.io/api/news?id=f88f574384d00450baa5c20b6e5da2139c8f889b6628bfcff7fd9bae82499fd9,0.0,1.0,0.0,0.0
2025-05-20 11:55:00,U.S. Banks' Ratings Cut by Moody's on Rising Sovereign Debt Concerns,Yahoo,https://finnhub.io/api/news?id=7889d1faf2e41581ba6483e11833bb8785aea3125feedec08507d1190a3ef453,0.181,0.742,0.077,-0.3612
2025-05-20 11:00:00,JPMorgan Wants to Be Go-To Banker For Carbon Markets as It Forges New Deal,Yahoo,https://finnhub.io/api/news?id=2f5ad8a70b3c56102d6e78711584ba909ba94aa26815e488bcdde06b788db931,0.0,0.92,0.08,0.4939
2025-05-20 10:55:02,JPMorgan and Citi See European Stocks Blowing Past the US,Yahoo,https://finnhub.io/api/news?id=ba3508b43a6e98777deb4c081abc2a647d5035fa512d3a66c94fe06ecc9c505b,0.017,0.902,0.081,0.7845
2025-05-20 10:48:00,Jamie Dimon’s Tariffs Warning Should Have Rocked Markets. Why He’s Being Ignored.,Yahoo,https://finnhub.io/api/news?id=f3e865c8a731b42a54ef454419f541a267a408ca0e1075890873526941196f58,0.252,0.748,0.0,-0.8689
2025-05-20 10:33:13,JPMORGAN : DZ Bank reaffirms its Neutral rating,Finnhub,https://finnhub.io/api/news?id=6866d37e5a260ba692ec921a7a05bf3849de3d929ad34ec5ddb16d38d8e9d79d,0.0,1.0,0.0,0.0
2025-05-20 10:29:18,"JPMorgan shareholders approve executive pay, appointment of directors",Finnhub,https://finnhub.io/api/news?id=d3349b4b8a10cb2195b5637e86d13bd64833b4d24d7393a444f3e44d7cde7b96,0.074,0.691,0.234,0.7906
2025-05-20 10:20:07,Should JPMorgan Diversified Return U.S. Equity ETF (JPUS) Be on Your Investing Radar?,Yahoo,https://finnhub.io/api/news?id=56d2a1fa636c8f408f1b9fd250cc1094a3fd511da66fa6132de9d18adbcfd366,0.0,1.0,0.0,0.0
2025-05-20 09:44:19,UKGI taps J.P. Morgan veteran for corporate finance leadership role,Finnhub,https://finnhub.io/api/news?id=94e218b9e545967e78e6910acce5a33c5dda64f0e74e7ab2432022501b0be75f,0.0,1.0,0.0,0.0
2025-05-20 09:33:00,Janus Henderson Global Research Fund Q1 2025 Commentary,SeekingAlpha,https://finnhub.io/api/news?id=51ac3412915715ffec0d9343fe811d79c4b7adbd26e693fb357112384995a3e6,0.0,1.0,0.0,0.0
2025-05-20 09:07:25,Spotify To Rally More Than 16%? Here Are 10 Top Analyst Forecasts For Tuesday,Benzinga,https://finnhub.io/api/news?id=fabcc2fef7c9133a5966717382f5dfc3e579c2c30e7bc62175b30aee8635f4b6,0.0,0.878,0.122,0.2023
2025-05-20 09:03:21,Tesla Supplier CATL Soars in HK Debut After World’s Top Listing This Year,Yahoo,https://finnhub.io/api/news?id=85bbe74629b8317f7c55b39d61fdbd2c8f349667a0b0e90d1bc6d717bde92b79,0.018,0.961,0.021,0.0772
2025-05-20 08:20:16,"CO280 and JPMorganChase Sign Carbon Removal Offtake Agreement, Unlocking Investment in the U.S. Pulp and Paper Industry",Finnhub,https://finnhub.io/api/news?id=3f7692d51065f7871bdb67db2ac8443185dea928c2140f3df8333ee958d4ff7b,0.0,0.924,0.076,0.4939
2025-05-20 07:00:00,JPMorgan Wants to Be Go-To Banker for Carbon Markets as It Forges a New Deal,MarketWatch,https://finnhub.io/api/news?id=e9abccf1c72fc57bd748111828e99e1844ce2ea50df89d8ebc1c30825f2cfbd9,0.0,1.0,0.0,0.0
2025-05-20 06:15:22,"JPMorgan expects ""healthy"" deal-making for rest of year, asset management CEO says",Finnhub,https://finnhub.io/api/news?id=a363c8bc49e139fac25a17620403610da1fd2e2593d376120133c6be73bdfd1f,0.0,0.806,0.194,0.7717
2025-05-20 03:21:42,"'Addictive' Trump Tariffs Are 'Here To Stay' Even If Democrats Come Back To Power, Says Wharton Professor: 'The Truth Is Governments Need Revenues'",Benzinga,https://finnhub.io/api/news?id=9e73df02730500eb5c72a619985a82a8723eeca5326ce5e309c35c5736036265,0.0,0.952,0.048,0.3182
2025-05-20 01:10:00,"From Triple-A To 'Aah, Whatever'",SeekingAlpha,https://finnhub.io/api/news?id=8997b8084aeeea00daf238a8b1fad289d8063412ca97e35b0dcc4e50c89ad5b9,0.0,0.733,0.267,0.8834
2025-05-19 22:41:28,JPMorgan Chase & Co. (JPM) Declares Common Stock Dividend,Yahoo,https://finnhub.io/api/news?id=97741f2cac3a5cd48f228e7cfbd41bb0addecbad646227218b3f194cfdf2f3f7,0.0,0.92,0.08,0.6705
2025-05-19 22:24:00,Hartford Core Bond ETF Q1 2025 Commentary,SeekingAlpha,https://finnhub.io/api/news?id=468549d70ff38d34da804bb085051d919ba03813da6d44a639f2c08b193f7d3a,0.0,1.0,0.0,0.0
2025-05-19 21:45:13,JPMorgan Chase & Co. (JPM) Stock Declines While Market Improves: Some Information for Investors,Yahoo,https://finnhub.io/api/news?id=a4bacce0a5bef715c1f6f212f5d3f3ec3a5e69ce1f8d6444beb8e896a0be1488,0.0,0.922,0.078,0.4215
2025-05-19 20:35:00,JPMorganChase Declares Common Stock Dividend,Yahoo,https://finnhub.io/api/news?id=75d14ba7ebf1ee47fc89d29700b4ef5c2ef5db5c542f475a9ef9d02fb737ddd6,0.0,0.874,0.126,0.7351
2025-05-19 20:19:31,Jamie Dimon speaks at JPMorgan investor day: Key takeaways,Yahoo,https://finnhub.io/api/news?id=0533f60657fa0a108121cb04c20785475fe4891db7a042fbfab090ebe789b736,0.056,0.944,0.0,-0.3774
2025-05-19 19:55:58,Jamie Dimon Says JPMorgan Chase Will Allow Bitcoin Trading: 'Go At It',Yahoo,https://finnhub.io/api/news?id=432402ab5281c99df4056d1ea50e9c816af54531b1980b5a2754bd1a6c1dec65,0.046,0.815,0.14,0.4471
2025-05-19 18:59:12,"JPMorgan to allow clients to buy Bitcoin, CEO says",Yahoo,https://finnhub.io/api/news?id=c19fd270af19e7c038dc79f26ac387b453c9dabb3fb2de68d4bdd66ed022e662,0.088,0.758,0.154,0.0004
2025-05-19 18:56:00,Wells Fargo and Other U.S. Banks Get Ratings Cut by Moody’s. Why Their Stocks Aren’t Getting Crushed.,Yahoo,https://finnhub.io/api/news?id=1bf6eb4ef251f0f095253e676e46d50b8bdb5cb7dc6d4f19c672bfc1bfc621ec,0.13,0.731,0.139,0.25
2025-05-19 18:56:00,Wells Fargo and Other US Banks Get Ratings Cut by Moody’s. Why Their Stocks Aren’t Getting Crushed.,Yahoo,https://finnhub.io/api/news?id=73662493c5515d8091bc938e35981ae7457c39a5ea7e2929d44ecc852c13432b,0.114,0.747,0.138,0.5442
2025-05-19 18:27:47,"Moody’s downgrades JPMorgan, Bank of America, Wells Fargo in blow to U.S. banks",Yahoo,https://finnhub.io/api/news?id=0a35bd3d0c59cd9fbc36560a76c840574b1fdb73ff620596cf2870886d58f12e,0.048,0.819,0.133,0.7184
2025-05-19 18:18:00,Jamie Dimon Says Tariffs Might Inflict More Economic Pain Than Investors Realize,Yahoo,https://finnhub.io/api/news?id=59da31713da2850efcce3525b1feee309be0cc78ea0469f21d0a2d3250e294b6,0.069,0.911,0.02,-0.6682
2025-05-19 17:47:51,"JPMorgan to Allow Clients to Buy Bitcoin, Says Jamie Dimon",Yahoo,https://finnhub.io/api/news?id=7837c969cc25544c3abd2962f2982f545cc50137a627b04df25a63d7e6a2de31,0.066,0.875,0.059,-0.0516
2025-05-19 17:35:13,JPMorgan’s Dimon sees 'extraordinary amount of complacency' as markets recover from tariff shock,Yahoo,https://finnhub.io/api/news?id=df76032a56634a52ce273afe34ab04a5c371a163f3c988f21191970aaff3eb00,0.165,0.835,0.0,-0.8176
2025-05-19 17:22:12,Financials Gain as Traders Shrug Off Moody's Cut - Financials Roundup,Finnhub,https://finnhub.io/api/news?id=416d5c17a9811fb7fcb14d95fe4eddb6fb900a54aec6b11fe15ae37972c29743,0.1,0.779,0.121,0.25
2025-05-19 16:47:30,Citi CEO: Something 'deeper' is going on in financial markets right now,Yahoo,https://finnhub.io/api/news?id=4ddef98df0eac714e247a91f6e6fe1ed74c3f6849e1f39bab2f429f753c7386f,0.0,1.0,0.0,0.0
2025-05-19 16:01:25,JPMorgan Sees High-Grade Debt Demand Up After US Cut,Yahoo,https://finnhub.io/api/news?id=5ec08e1fff050f789e86c9ab2e8ac5210cf9dea08b8b1c960cfe3bf0f37349ee,0.182,0.715,0.103,-0.7102
2025-05-19 15:57:03,"JPMorgan expects dealmaking fees to drop, keeps CEO succession plans steady",Finnhub,https://finnhub.io/api/news?id=6505c72debaa306c3ab891ea56f8a7908dac847139b1a1baeb537b03cc84e8ce,0.055,0.897,0.047,-0.0772
2025-05-19 15:34:00,Hartford Quality Value ETF Q1 2025 Commentary,SeekingAlpha,https://finnhub.io/api/news?id=32d7f8e3fad37beafac16093e7991b97881be0f20a5ebc8c13eff3326c47e8ed,0.0,0.735,0.265,0.7351
2025-05-19 15:24:34,JPMorgan's Dimon Says Credit Is a Bad Risk,Finnhub,https://finnhub.io/api/news?id=b70289d8410a43d4244bb9e4b4a5bdc3f21a7b9b01ce1eac3dc3054a6b218c8a,0.275,0.579,0.146,-0.7096
2025-05-19 14:50:17,Transcript : JPMorgan Chase & Co. - Analyst/Investor Day,Finnhub,https://finnhub.io/api/news?id=6427c9b7126bf0b5e38d72f17758a4c7b76f925a0ff83ab6d8df21150a9ef2c9,0.0,0.852,0.148,0.7096
2025-05-19 14:20:33,JPMorgan investor day: What to expect from the bank's forecasts,Yahoo,https://finnhub.io/api/news?id=545e17ed921fd93fa6202e6d9576ac0df30a68d396bf4845220187b78f381d1c,0.0,0.978,0.022,0.2023
2025-05-19 14:00:00,"J.P. Morgan Life Sciences Private Capital Welcomes Dashyant Dhanak, Ph.D. as Venture Partner",Yahoo,https://finnhub.io/api/news?id=4a318f4709688f359b064dcc9cbd290f0699522ecf968eb1a1b8e9ba47753b69,0.0,0.894,0.106,0.7783
2025-05-19 12:21:04,"Dimon says no changes in succession plans, investment banking fee will drop",Finnhub,https://finnhub.io/api/news?id=f618089145a14333d23654315c8a5ff370674542c6bf06d020b599f108afe196,0.093,0.736,0.171,0.3818
2025-05-19 12:02:11,JPMORGAN : RBC maintains a Buy rating,Finnhub,https://finnhub.io/api/news?id=033e6674ff848647b118d90aef7c2aa3fb4bae7de222d98b250a61b847f19a70,0.0,1.0,0.0,0.0
2025-05-19 11:26:12,JPMorgan aims to ‘resist’ headcount growth,Yahoo,https://finnhub.io/api/news?id=231d16fa47c445d851b40a84a1f95946429e8250c9a05160b78820fc34def746,0.058,0.735,0.207,0.6908
2025-05-19 11:08:03,JPMorgan says 2025 interest income could rise as consumers withstand uncertainty,Finnhub,https://finnhub.io/api/news?id=0d548561e4a9cedec80b6b8e0afc2541d8fffbec20f413bba9179cad31b3de96,0.054,0.693,0.253,0.8366
2025-05-19 10:41:00,JPMorgan Reiterates 2025 Net Interest Income Forecast. Wall Street Awaits Any Word on Dimon Succession Plans.,MarketWatch,https://finnhub.io/api/news?id=1b85084f030a959e1ea10980657b8263a325e427b96fcef02dfc883f8f3e9ddf,0.0,0.681,0.319,0.8481
2025-05-19 10:36:02,JPMorgan says charge-offs in card portfolio could be higher in 2026,Yahoo,https://finnhub.io/api/news?id=0afd2a2288edfd97520ec0d54ef5fd92e7636b4be7304fc574b916d0f0300031,0.084,0.854,0.062,-0.3818
2025-05-19 10:25:25,Jamie Dimon says he’s not against remote workers—but they ‘will not tell JPMorgan what to do’,Yahoo,https://finnhub.io/api/news?id=ed8ac8093d508e79fffb8a4a20cf8b39b17fae883b30f65500c7b276d501283b,0.0,1.0,0.0,0.0
2025-05-19 10:25:00,Emerging markets have seen double-digit gains this year. Why JPMorgan has turned bullish.,MarketWatch,https://finnhub.io/api/news?id=cf0fc3a25e716c12d17622103c448dcfd7a18bf79bb4e58fb1021ac9683938d9,0.0,0.833,0.167,0.5859
2025-05-19 10:07:14,"Factbox-JPMorgan executives take center stage with succession, tariffs in focus",Yahoo,https://finnhub.io/api/news?id=f18d964b422ec5075deb778ba70a733e38f1923e980bcad423c865e3f391461f,0.026,0.831,0.143,0.8271
2025-05-19 09:42:11,JPMorgan's Lake Says Credit Costs Remain In Line With Expectations - Investor Day,Finnhub,https://finnhub.io/api/news?id=dfd3a5999e4dee4f2e28e8dea8bdb8979da4e05148aa058496e0f67ee6a23f11,0.0,0.933,0.067,0.3818
2025-05-19 08:54:14,JPMorgan says interest income could rise this year even as uncertainty persists,Finnhub,https://finnhub.io/api/news?id=8c56eb88bc5200b0b69da324b47a7984203de0c2249951512b10c737231fa617,0.092,0.716,0.192,0.6511
2025-05-19 08:47:06,JPMorgan CFO says the bank is open to acquisitions,Finnhub,https://finnhub.io/api/news?id=259d5b2d18cf06a66bc9860171700b72735f4a9d27ab991e33e3b7d102186fde,0.0,0.933,0.067,0.3818
2025-05-19 08:31:08,Bond Investors Detect Trouble in US Debt Stripped of AAA Rating,Yahoo,https://finnhub.io/api/news?id=0e5317b9b87c821c2c44f5d27e66fadd4e53af3bf7125a6d3ef05b8893e82f06,0.118,0.805,0.076,-0.4767
2025-05-19 08:28:00,Capital One’s stock looks like a bargain following Discover acquisition,MarketWatch,https://finnhub.io/api/news?id=55d1783df774ae997e0c4d7972793b0a20185283188d0ab55a6e20d6a719435b,0.0,0.65,0.35,0.765
2025-05-19 08:06:12,"As Global Financial Fraud Hits $485bn, Access Holdings Shows Africa How to Fight Back [press release]",Finnhub,https://finnhub.io/api/news?id=29ecf460c86469313c3e4a9c148416cfea7e351f94d06cce1f627f09af06afb8,0.178,0.767,0.056,-0.7906
2025-05-19 07:54:07,Wall Street Banks Bet on Emerging Markets After Wasted Years,Yahoo,https://finnhub.io/api/news?id=ba30933670d890ca25b84a76fe0a57935e7697d667a93a92b6da2fe5b1f41be8,0.159,0.751,0.09,-0.6597
2025-05-19 06:02:16,"JPMorgan executives take center stage with succession, tariffs in focus",Finnhub,https://finnhub.io/api/news?id=333b3b840f7ca2504dc82fbb5498ece985a3d708d38d735d5ba416eaa2e8614c,0.0,0.873,0.127,0.5267
2025-05-19 06:01:39,"JPMorgan investors look for clarity on tariff impact, succession plan",Finnhub,https://finnhub.io/api/news?id=f5bf329e345ac980ad77c98ac6e83a19cc9d8279892a58efbfe50b7d9113d697,0.0,0.848,0.152,0.7184
2025-05-19 03:00:00,Jamie Dimon’s Would-Be Successors Audition for the Top Job at JPMorgan,Yahoo,https://finnhub.io/api/news?id=f63fe925e15b6591ee90a0761be36301e36ba75f16a41457aee7b38716a8be1a,0.0,0.903,0.097,0.6808
2025-05-19 01:14:13,INFO: New Active ETF With A Good Start,SeekingAlpha,https://finnhub.io/api/news?id=99efc2ccd0f9c15a38846079bdec8289468ecdaa79adc9ed0954d5799f6c0099,0.0,0.625,0.375,0.9153
2025-05-19 00:00:00,Options Traders Wary of Trump Treat China Rally With Caution,Yahoo,https://finnhub.io/api/news?id=0ea1b22e34d2195bd7ce0b2f798ca6c8c5f15b5b09d9188741f1aec5f37ba537,0.15,0.744,0.106,-0.5423
2025-05-18 18:51:36,NYC Bankers Who Live in NJ Game Out Commute as Rail Strike Upends RTO Plans,Yahoo,https://finnhub.io/api/news?id=0536d9b89fd70c09721e24084dcdded2fc372fe31bd73ad9618281932143580e,0.148,0.826,0.026,-0.8519
2025-05-18 16:33:15,US States Likely to Defy US Downgrade to Keep Top Credit Ratings,Yahoo,https://finnhub.io/api/news?id=5f24a826c01909f591bb19c15dd9cb188c690fddac076eaa2958f1dfaa24fb3f,0.096,0.776,0.128,0.4767
2025-05-18 16:01:05,Metaplatforms flooded with illegal advertisers and criminal networks,Finnhub,https://finnhub.io/api/news?id=7e7bbb0ffdcb5fe3ea2faddff0e4ad9cf1548cce3d6e79f9bb9f636fe2bc5f26,0.358,0.589,0.053,-0.9477
2025-05-18 07:37:59,Saudi Arabia’s Sabic Is Said to Explore IPO of Its Gas Business,Yahoo,https://finnhub.io/api/news?id=46c8bdae2637bf3985d211db9fa586732b0457e1f7d2fcf84176fede9936d24a,0.049,0.89,0.061,0.0258
2025-05-17 02:00:00,U.S. Banks Hoard Cash Amid Slow Loan Growth In Q1,SeekingAlpha,https://finnhub.io/api/news?id=38e6de3bf847b74508e1cd121469c2816d13a0057b2e4edd80bb7470d238da73,0.093,0.7,0.208,0.6246
2025-05-16 23:10:50,Eric Trump has a blunt response to JP Morgan,Yahoo,https://finnhub.io/api/news?id=ebaed6d0cd15db94ae19d0ce182f1e137b805035bc888f60adfd108eee045f0e,0.065,0.777,0.157,0.4526
2025-05-16 19:45:03,JPMorgan investor day: Wall Street all ears for Jamie Dimon remarks,Yahoo,https://finnhub.io/api/news?id=17b3dfd8f31d99592a76c7d3ce366ce907284ade9acee4f7180a3c5f7de435a8,0.028,0.946,0.027,0.2315
2025-05-16 17:53:33,JPMorgan Chase (NYSE:JPM) Readies New Paris Office Expansion With Employee-Centric Design,Yahoo,https://finnhub.io/api/news?id=ce3c41b7ec584f69242f61783dc37c833219f98b373967522e9c9e3b26e7ac9f,0.0,0.835,0.165,0.9346
2025-05-16 15:38:11,JPMorgan CEO Jamie Dimon tells remote-work-loving Gen Z ‘you can’t learn working from your basement’,Yahoo,https://finnhub.io/api/news?id=4ca1720ebccf2feb3b3fe9ecaf90caf47c988cd4ed70426849b78b30ade9a58f,0.0,0.956,0.044,0.2023
2025-05-16 14:23:53,Wall Street Is Down on the Dollar as Trade Unease Lingers,Yahoo,https://finnhub.io/api/news?id=cc8a91bb78e80fa8a98e6fa6678aa7ee3ba1dc779caf4647e77c623c4ff236fd,0.136,0.822,0.043,-0.8481
2025-05-16 13:57:00,Buffett Sours on Bank Stocks—and Berkshire Misses Out on Huge Gains,MarketWatch,https://finnhub.io/api/news?id=bc0d29b1413f263c489260f8a622706d3784bf007632aad4adf9dd7de3aaf8ca,0.13,0.548,0.322,0.6808
2025-05-16 12:39:00,Congressional Dems press US financial institutions on climate alliance exits,Yahoo,https://finnhub.io/api/news?id=60ed95f5a2b73ccac6879cafb63350199057c506dc64ff663e0ea5521bb6d49f,0.113,0.887,0.0,-0.4939
2025-05-16 12:24:00,JPM vs. MS: Which Wall Street Titan Deserves a Spot in Your Portfolio?,Yahoo,https://finnhub.io/api/news?id=fc9d796175165b36814e484303a290573a731db3ef2f2c14c848cfda35eca6a7,0.0,0.852,0.148,0.7236
2025-05-16 12:00:00,Elite CEOs Don’t Need Earnings Guidance,Yahoo,https://finnhub.io/api/news?id=4b314d649a4f7f5af8ce04832c31290d71ef85654ff07da8ae597927ad72e6d6,0.095,0.791,0.115,0.128
2025-05-16 11:00:14,This Senator Just Sold Up To $715K In PayPal Holdings Stock,Benzinga,https://finnhub.io/api/news?id=6972bcf02e167ce12ef8c23b9beb053a09714cde80884ec63110c20d16f8bc69,0.0,1.0,0.0,0.0
2025-05-16 09:30:00,Wall Street’s New ‘Shadow Banks’ Are on a Tear. They Want Your Money.,Yahoo,https://finnhub.io/api/news?id=01aac215dfe82464dac0309fbcba335ccb862e2950344e9571bef31948ff7d74,0.157,0.801,0.042,-0.5574
2025-05-16 09:00:07,Jamie Dimon's time as JPMorgan CEO is winding down. Investors are saying 'do not go.',Yahoo,https://finnhub.io/api/news?id=b0b376ad1732dbd22a398fbf197d16397ed95dcec1b8168c48d19cb8a804f01e,0.066,0.905,0.029,-0.3204
2025-05-16 04:00:11,Are American assets great again? Not so fast,Yahoo,https://finnhub.io/api/news?id=554b360343ee7b3275548ef9feb17c6d760d02ac11e3795e8ecee520fb132389,0.0,0.79,0.21,0.8055
2025-05-15 21:40:08,Co-founder says eToro IPO is a testament to market recovery as it aims to become a go-to investment app,Yahoo,https://finnhub.io/api/news?id=ddf6f4e15390544c02f65e29fba725b4e2e1229372a66ff7ebc129ffc7133db7,0.0,0.84,0.16,0.7269
2025-05-15 18:28:42,S&P 500 Rises as Fed-Cut Bets Sink Treasury Yields: Markets Wrap,Yahoo,https://finnhub.io/api/news?id=3f452d572645b2393b4e51df683c3371d81c0e379541b184a446d14293a6ad73,0.089,0.805,0.106,-0.1027
2025-05-15 21:06:07,JPMorgan Chase : Supplement - C-031471,Finnhub,https://finnhub.io/api/news?id=1a4d7c3e930f400a1909b7a3801a7676864fe19e6e3a70592c502f5f22c2af00,0.0,1.0,0.0,0.0
2025-05-15 20:52:25,US Bonds Rally as Economic Data Backs Bets on Two 2025 Fed Cuts,Yahoo,https://finnhub.io/api/news?id=2763b1d6840a84239505adf02c869536b31fd117b0beb554734765744b29e0de,0.083,0.747,0.171,0.8271
2025-05-15 16:14:00,JPMorganChase Launches Philanthropic Initiative to Support Fraud and Scam Prevention,Yahoo,https://finnhub.io/api/news?id=e9a1ef7bd44d118b5bb3a95527421297af579b8d7a7c7dd65385907af9273fae,0.228,0.588,0.184,-0.7096
2025-05-15 16:01:51,Capital Connect Crumbles: JPMorgan's $175M Bet On Startup Platform Ends Amidst Venture Capital Market Turmoil,Yahoo,https://finnhub.io/api/news?id=dc7788fa8bc69ce143cf09f1f853d33f4c488ba943844428d670adfe503f3334,0.076,0.882,0.043,-0.4939
2025-05-15 16:01:08,Thoma Bravo Sells Remaining $3.4 Billion Nasdaq Stake,Yahoo,https://finnhub.io/api/news?id=62ee95faca83ae19d2699c7bec93bd374979b04ac736cf0c78a41ab70a9f95f6,0.09,0.863,0.048,-0.5719
2025-05-15 14:44:00,BlackRock Advantage Large Cap Value Fund Q1 2025 Commentary,SeekingAlpha,https://finnhub.io/api/news?id=636687f96a6f49e35fc16b255020b7d73958babc06e264c45012435f096ca5f9,0.0,0.614,0.386,0.5267
2025-05-15 14:40:10,JPMorgan's Dimon on possibility of recession: 'I wouldn't take it off the table',Yahoo,https://finnhub.io/api/news?id=aa0c459510d60a61fdd271f8c3ac1d7226da014783d0fe568ddbf6b03ef3c1df,0.126,0.874,0.0,-0.6808
2025-05-15 14:35:21,U.S. finance CEOs challenged for leaving climate pacts by Democratic lawmakers,Finnhub,https://finnhub.io/api/news?id=1df9990e9a6b844550a36e9e7977b6d709fea5b9e749740c660563d45508dbc7,0.104,0.775,0.12,0.1531
2025-05-15 12:26:51,JPMorgan's Dimon Says RTO Order Hasn't Caused Attrition,Finnhub,https://finnhub.io/api/news?id=0ade075a898027b0d5cbe5cff3f119b5bc38d744f46ea1d730c78fa40e331aea,0.0,1.0,0.0,0.0
2025-05-15 12:08:12,JPMorgan drops portions of its Viva lawsuit,Yahoo,https://finnhub.io/api/news?id=b6d97b950e49ec87c09d031cbc658b371ca21eedc6881768f07f0187341ab5dc,0.161,0.786,0.054,-0.4588
2025-05-15 11:19:10,JPMorgan’s public blockchain move could set a new standard for institutional finance,Yahoo,https://finnhub.io/api/news?id=abbb5d3db37ac83e29f398fb7c1a2fb9ee210969c964f934a0469a1273748d97,0.092,0.837,0.071,-0.128
2025-05-15 09:35:00,"The retail buy-the-dip move paid off. What that crowd of investors is doing now, according to JPMorgan.",MarketWatch,https://finnhub.io/api/news?id=53addf8b83d0e8f2e005312573bf438d6a6e08ec82808c4e369dae77ade8af08,0.0,1.0,0.0,0.0
2025-05-15 08:30:00,JPMorganChase to Expand Paris Office Space,Yahoo,https://finnhub.io/api/news?id=66c08ccb1f4f6a37d0aa9a114db5ae85ced9f7dc57ea07f68de1946aafbc0b26,0.0,0.975,0.025,0.3182
2025-05-15 06:27:17,Jpmorgan Chase & Co - Credit Card Charge-Off Rate 1.67% In April - SEC Filing,Finnhub,https://finnhub.io/api/news?id=a4a82ab6a1d5ef7d0189d0ea3176d73388370a06ada8ceaafa3224bac0adbad4,0.0,0.816,0.184,0.8506
2025-05-15 05:28:06,JPMorgan names Wendy Hohmann as head of its Dutch business,Finnhub,https://finnhub.io/api/news?id=c9dec2d6d8c1a5f840dbf28937385f8d7b0f9a7bb87566d671c1c4520b065b81,0.0,0.938,0.062,0.34
2025-05-15 05:01:08,"France's Macron says 'synchronisation' of European financial rules with US, UK is a priority",Finnhub,https://finnhub.io/api/news?id=73aff838663521b61a0d29567881846fd6a1b6c54d9f5937d81a46885641df3d,0.0,0.882,0.118,0.6808
2025-05-15 04:31:20,JPMorgan to open new Paris office as headcount grows,Finnhub,https://finnhub.io/api/news?id=df59afe6066959743f158956823e32aab365caed3cdf430b56ae030f8e71b7c9,0.0,1.0,0.0,0.0
2025-05-15 04:30:00,JPMorgan Chase & Co. Announces to Expand Paris Office Space,Finnhub,https://finnhub.io/api/news?id=e64ebc5c3c220ba0acf637867c3e66b31905ab905d2fb05ce0bd24a5fd358fdc,0.0,0.951,0.049,0.3182
2025-05-15 04:01:16,US poised to dial back bank rules imposed in wake of 2008 crisis,Yahoo,https://finnhub.io/api/news?id=d1a242b894b602a029483b4de99b2b81b85e3bc316e5794549c93b5363f88702,0.178,0.775,0.047,-0.6808
2025-05-15 01:41:00,BlackRock Core Bond Fund Q1 2025 Commentary,SeekingAlpha,https://finnhub.io/api/news?id=6f68124d6b665bc8710d9806500cb8d5383415e1c15214587538dfb063ce559b,0.0,0.868,0.132,0.5267
2025-05-14 19:01:57,"JP Morgan unit joins forces with Ondo, Chainlink to execute landmark settlement",Yahoo,https://finnhub.io/api/news?id=ab1093624bc5fe658ca7f498ff5ecbfc52bcc4ea565503092ed9e77e5997277e,0.0,0.809,0.191,0.656
2025-05-14 16:00:00,"J.P. Morgan Asset Management Focuses on Generational Opportunities in Real Estate, Appointing Chad Tredway as Global Head",Yahoo,https://finnhub.io/api/news?id=ea887638204d51b9ba082118c0f85fb39d9e7dd14ffdbdb22bff84f82c5a38c8,0.0,0.787,0.213,0.926
2025-05-14 14:14:55,JPMorgan’s Kinexys Connects With Public Blockchain on Ondo Chain Testnet Debut,Yahoo,https://finnhub.io/api/news?id=3603c23186b376d0e84adba8c42d24ab130afa3a13e4569c36b7bf44975e44e0,0.0,1.0,0.0,0.0
2025-05-14 13:00:00,JPMorgan Chase steps beyond ‘walled garden’ to settle transaction on public blockchain,Yahoo,https://finnhub.io/api/news?id=668d0a6138ee8d2ad2fae287240991cc7f7bcab0a601f7626860e231cc626245,0.0,1.0,0.0,0.0
2025-05-14 10:46:39,Wells Fargo: There Are Currently Far Better Deals In The Banking Sector,SeekingAlpha,https://finnhub.io/api/news?id=e528f0d0a39ee3f9a91687b73f2e2f8ceace5804d3c781f10c8a54abb71d12ed,0.171,0.598,0.231,0.25
2025-05-14 10:30:31,Gold's Basel III Boost: Why KBWB Could Shine In 2025,SeekingAlpha,https://finnhub.io/api/news?id=3390cf6f1c345816c48676ec58902df1a339ef90b9b0f434d22011950a7bcfdf,0.0,0.678,0.322,0.9062
2025-05-14 10:21:00,JPMorgan Chase taps payments tech head,Yahoo,https://finnhub.io/api/news?id=21f8355f7d102513dde83f57dcfc4d5c50689f444c4787f894752a09673b2ccc,0.0,1.0,0.0,0.0
2025-05-14 09:30:00,"Citi, JPMorgan See 2025’s Laggards Turning Short-Term Winners",Yahoo,https://finnhub.io/api/news?id=c3879b17a578ef0e6a295b839d3025d43c7edbd50d6bb3551ca8383bcd6a5c28,0.067,0.811,0.122,0.4588
2025-05-14 08:09:00,Parnassus Value Equity Fund Q1 2025 Commentary,SeekingAlpha,https://finnhub.io/api/news?id=28be985f5e53631e0225d2794d521c1d6c9324a5c17f9539f9dc07555c958fc9,0.0,0.719,0.281,0.8126
2025-05-14 06:30:00,JPMorgan Passes $1 Billion Mark for Fund Tailored to Individual Investors,DowJones,https://finnhub.io/api/news?id=bbb2effec6dc105843321deefc38b9199f52732d9157bf22cc49b9775fb4e282,0.0,1.0,0.0,0.0
2025-05-14 03:20:12,"Wall Street Sees Higher China Growth, Less Stimulus on US Truce",Yahoo,https://finnhub.io/api/news?id=5d52451b5ccccc159168151202095dbd4d5cb4ac8018b6db2b4da057a5db1c7f,0.043,0.827,0.129,0.7951
2025-05-14 02:12:08,"VYM: Lagging Dividend Peers, Market Indexes, Sell This ETF",SeekingAlpha,https://finnhub.io/api/news?id=834562a3a66c4203abb8e0a86361a2d6fdebf660174844dc7c51762d883d8424,0.208,0.792,0.0,-0.2732
2025-05-14 00:06:08,JPMorgan Chase (NYSE:JPM) Partners With Infleqtion to Advance Quantum Computing Efficiency,Yahoo,https://finnhub.io/api/news?id=82fd17bd92f6776be29096f1133edf01575c3e4846a42b7036f3ecdaf910f0ae,0.0,0.767,0.233,0.9601
2025-05-13 20:09:29,Tracking Christopher Davis' Davis Selected Advisers 13F Portfolio - Q1 2025 Update,SeekingAlpha,https://finnhub.io/api/news?id=ad893fda7efff23edddd51ef47b42c28e4a61952dee0627cf6e215442dd95b5d,0.0,0.854,0.146,0.5859
2025-05-13 16:51:53,US Bonds Rise as Soft Inflation Backs Bets on Two 2025 Fed Rate Cuts,Yahoo,https://finnhub.io/api/news?id=1700a9ca86c86a03ad37d05f3daec64805782e384437a31720879e0a17635882,0.137,0.805,0.058,-0.6597
2025-05-13 15:37:48,Wells says JPMorgan could become first $1 trillion dollar bank,Yahoo,https://finnhub.io/api/news?id=f3babd039e36bdc255a3c204a7c93b9e9391e614ba12c91d173b204723a969fd,0.0,0.813,0.187,0.9393
2025-05-13 14:01:25,JD.com Grows Fastest Since 2022 Amid Contest with Meituan,Yahoo,https://finnhub.io/api/news?id=25120eab31d316cb47398c823b608e2907af1322d02c09b2332cf9217ec3bc85,0.072,0.928,0.0,-0.5267
2025-05-13 13:50:00,Bank of America Plans 150 New Locations Over Three Years,Yahoo,https://finnhub.io/api/news?id=10c19c7f107c96b947a202d3950808b7cc283cc3f0d8c4010e96efc5bfcc73b1,0.075,0.882,0.044,-0.25
2025-05-13 11:20:42,"Relief Rally Is Overdone, Says JPM's Kelly",Finnhub,https://finnhub.io/api/news?id=f76378bd0f4066c1a1f6ca65a8d170f1b375e67807b56ed7785c034b695dc224,0.0,0.81,0.19,0.8271
2025-05-13 09:30:00,Traders model bullish moves for S&P 500 with tariff tensions easing,Yahoo,https://finnhub.io/api/news?id=e06207f6200b4e9136218400b9635d92ff7f35024f8eb7c06caa524b571741a8,0.128,0.79,0.082,-0.5423
2025-05-13 08:14:17,"Angola's $1 bln loan from JPMorgan cost below 9%, finance ministry says",Finnhub,https://finnhub.io/api/news?id=e071ac5434cd8ec6e1ea730b09b143540a9662a98fb0edaf0c6f65ea9ce9dadb,0.0,1.0,0.0,0.0
2025-05-13 08:01:54,"J.P. Morgan lowers 2025 recession expectations to 'below 50%,' expects Fed to cut rates once in December",MarketWatch,https://finnhub.io/api/news?id=37732f15567ad3e74c531cb6b2215126d69abc3d53a189a7efd0131d8e7f20fe,0.314,0.686,0.0,-0.8689
2025-05-13 07:30:00,"One Year On, JPMorganChase Shares Progress on £40M Investment in the U.K. and Deploys £3.3M to Boost Career Opportunities Across the Country",Yahoo,https://finnhub.io/api/news?id=3534fa72019cfad3aaf75e188d340671be1dfc917e48bf72f9a7ca9f4b270fe8,0.0,0.655,0.345,0.9764
2025-05-13 07:05:00,My Biggest Mistakes As A Dividend Investor,SeekingAlpha,https://finnhub.io/api/news?id=74e63fedb58be6a446da285cc808881b1d2ce29a2477272475d6aae0e42452da,0.135,0.755,0.11,0.024
2025-05-28 20:30:11,Bond Traders See Treasuries Selloff Going Even Further,Yahoo,https://finnhub.io/api/news?id=c537da60c081e5b307c0c991711fe567a14069a0151d49608be9624983eaadaf,0.036,0.87,0.095,0.5267
2025-05-28 20:15:00,Moody's Downgrade Of The U.S. To Aa1 And The Ripple Effect On Bond Ratings,SeekingAlpha,https://finnhub.io/api/news?id=0e970feb8913abb1fdc45b220dde7046897685cc207d9587513b60b9b508a43c,0.0,0.938,0.062,0.3612
2025-05-28 17:35:46,JPMorgan Chase (NYSE:JPM) Expands Affluent Banking With 14 New Financial Centers,Yahoo,https://finnhub.io/api/news?id=0462c46f60422e2e51357c6367ecf067d318f3d4290fab6dcdce684ec79ffa4a,0.0,0.922,0.078,0.6908
2025-05-28 15:32:48,JPMorgan expands affluent banking network with 14 new financial centers,Yahoo,https://finnhub.io/api/news?id=d2db6a7fa975039822009aeb81b76996ad769e78703925bf78c971302c1472e7,0.0,0.863,0.137,0.5574
2025-05-28 13:52:00,"JPM Expanding Footprint to Serve Affluent Clients: Buy, Sell or Hold?",Yahoo,https://finnhub.io/api/news?id=9aae8e03b443d8ad0129d270a861ca9b48c955660875770ebde0ed4ad4f1ebec,0.068,0.827,0.104,0.3094
2025-05-28 13:24:28,Investors' Complacency Will Be Their Downfall,SeekingAlpha,https://finnhub.io/api/news?id=3f1ad10470b0081fcb4238bfdc92f5d9d18b8b05deafff891401103136a2540e,0.065,0.935,0.0,-0.2732
2025-05-28 11:46:37,JPMorgan's Tredway: Home Affordability is Difficult,Finnhub,https://finnhub.io/api/news?id=20e4cd3a03f77041eced08e0a09eab05af7230be930bb3cf9c338d927661d440,0.076,0.848,0.076,0.0
2025-05-28 11:09:47,"KRE Falls Behind XLF, Sparks SVB Collapse Flashbacks: Are ETFs Sensing Bank Trouble?",Benzinga,https://finnhub.io/api/news?id=9635e08d2235bfc7f96f5023a79a184748e955da311d6abc4407a9a13fbe6c98,0.144,0.856,0.0,-0.7096
2025-05-28 09:27:04,JPMorgan Chase opens 14 new financial centres in US,Yahoo,https://finnhub.io/api/news?id=9d478ff6cfd6bf7a13e31f991a02108e5d78aed6ed1bf21247157096c7fe4935,0.0,1.0,0.0,0.0
2025-05-27 21:45:07,Here's Why JPMorgan Chase & Co. (JPM) Gained But Lagged the Market Today,Yahoo,https://finnhub.io/api/news?id=d235d89652d86e60f1af082f1a65c06c051ddc214b6b3528495b0bef045aa774,0.079,0.871,0.051,-0.25
2025-05-27 19:53:00,Sector Update: Financial Stocks Advance Late Afternoon,Yahoo,https://finnhub.io/api/news?id=2a07cc51e63133450c7cfad1db32669692d7f77a43cd2877c6ae8c3698d5a4b5,0.0,1.0,0.0,0.0
2025-05-27 17:49:42,Sector Update: Financial Stocks Advance Tuesday Afternoon,Yahoo,https://finnhub.io/api/news?id=ce480bec69b756ae16ab2e3d1a4b165cdb47f20c952a95a6cd231b1ebe333fb8,0.0,0.882,0.118,0.4215
2025-05-27 15:16:00,JPMorganChase Accelerates Affluent Offering by Opening 14 New Financial Centers in Four States,Yahoo,https://finnhub.io/api/news?id=1e03f4a822db8fd2c970c78a15ad9b1642f293d1ff765cfb9f7a6db0c9f63aa1,0.0,1.0,0.0,0.0
2025-05-27 14:03:40,Market Chatter: JPMorgan Chase to Open 14 High-End Branches Targeting Affluent US Customers,Yahoo,https://finnhub.io/api/news?id=83c894c61cc1798dad97bee91ec4962e79f57ef153aaee2fa27a3bbb05af365e,0.0,0.82,0.18,0.6908
2025-05-27 13:42:04,Apple Shares Face More Pain as Trump’s Tariff Threat Looms,Yahoo,https://finnhub.io/api/news?id=1afb9b384836c3c58ef01fa198e9a4308bd6b054749783e7cc58d3236e4699a9,0.158,0.725,0.116,-0.659
2025-05-27 11:51:49,"Trump May Be 'Smoking In The Dynamite Shed' With The Big, Beautiful Bill Pressuring Yields Higher (UPDATED)",Benzinga,https://finnhub.io/api/news?id=ca58bb26bb2624fd1bf755f09ca0e62b98a7b20c1878865027081077b6193efd,0.175,0.668,0.157,0.0258
2025-05-27 11:46:00,John Hancock Bond Fund Q1 2025 Commentary,SeekingAlpha,https://finnhub.io/api/news?id=7cc2359cc5d9df9c4b2ce75db05b4171be015e6292a4e2a4ea2febe153794851,0.0,1.0,0.0,0.0
2025-05-27 11:34:00,Trump’s Tariff ‘Two Step’ Boosts the Stock Market. It’s Trading on Faith.,MarketWatch,https://finnhub.io/api/news?id=e4d1a7a1e6b7c89e8ca697ade7bea699c31a678bcb3e15db988d66ef25d9cc8d,0.0,0.662,0.338,0.8481
2025-05-27 10:01:00,BNY Mellon Income Stock Fund Q1 2025 Commentary,SeekingAlpha,https://finnhub.io/api/news?id=daa65f5c3dbc517f6c21c1e66b32a2b50aec8c1b7dc22bd14c2abe6bbb05afde,0.0,1.0,0.0,0.0
2025-05-27 09:30:00,Pzena Large Cap Focused Value Q1 2025 Commentary,SeekingAlpha,https://finnhub.io/api/news?id=ef0df7ba632147a2a6099df818a2a7c0eb79740c983acd69d293b2bb455b743b,0.196,0.622,0.182,-0.1531
2025-05-27 09:14:34,Bristol-Myers Squibb At ASCO 2025: A Resilient Play Amid Market Turbulence,SeekingAlpha,https://finnhub.io/api/news?id=a41431c2d4892c93c6a1f427c58b54bbb57173440bfde20a0424a9348bd7a705,0.0,0.735,0.265,0.8979
2025-05-27 07:24:00,BNY Mellon Equity Income Fund Q1 2025 Commentary,SeekingAlpha,https://finnhub.io/api/news?id=a583b929f39e3fbef876a3795b1a300acdbc5dc632e065f6a6714fab77b63d39,0.0,1.0,0.0,0.0
2025-05-27 07:20:00,Attention Dividend Investors: 4 Stocks To Build Your Own Income Factory,SeekingAlpha,https://finnhub.io/api/news?id=556d3c781ea93b8c0bd8093e690b2617b77440a1b66e1e6f45b4e44a1a512381,0.0,1.0,0.0,0.0
2025-05-27 04:40:18,"French regulators fine J.P. Morgan SE 500,000 euros",Finnhub,https://finnhub.io/api/news?id=a3b83bfd2902f297c9dcc1ba4ce770de13eb4fd9be9755a1effc51d975bab5f9,0.165,0.675,0.16,-0.0603
2025-05-26 16:00:00,"How To Build A $100,000 Dividend Portfolio That Could Yield 10.75% In 15 Years",SeekingAlpha,https://finnhub.io/api/news?id=4bba80b64fd9b458cfb1fb516aebcdd2ca8aadeff95b4f1fe8fcb22ac8432e60,0.097,0.766,0.137,0.4019
2025-05-26 05:39:13,Fitch Rates Detroit Reg Convention Facility Auth's $297.5MM Senior Lien Bonds 'AA-'; Outlook Stable,Finnhub,https://finnhub.io/api/news?id=0400ed9adbbbe93add93d53542977affd837ed365659c26854d15a7c806670c8,0.0,0.921,0.079,0.3612
2025-05-26 02:06:23,Long-Bond Revolt Pressures 60/40 Comeback in Chaotic Market,Yahoo,https://finnhub.io/api/news?id=a38f485d4a5ad60b53880b3a4596cc0113d3de3c25446c64df88a6994f136f9b,0.116,0.825,0.059,-0.765
2025-05-26 00:56:35,WiseTech Buys E2Open for $2.1 Billion in Its Biggest Deal,Yahoo,https://finnhub.io/api/news?id=fbb3d5fa471871f7a9d6d8574d6947db3053b72da893aae133e97b74eab199af,0.041,0.906,0.053,0.0516
2025-05-26 00:01:00,Is the Stock Market Open Today? Here Are the Trading Hours for Memorial Day.,MarketWatch,https://finnhub.io/api/news?id=f759325aaaefd5a6b87bded8cf04742fd3e8863991a015ba53c2dfde4519fbdb,0.0,1.0,0.0,0.0
2025-05-25 10:30:00,"The S&P 500 Is Up 13% in 1 Month, but These 2 High-Yield Dividend Stocks and ETF Are Still Too Cheap to Ignore",Yahoo,https://finnhub.io/api/news?id=65f139bc01a2f0724bf80cd6cdccf96a8ec0e82c0cccd3c6ab76aaf9c20895ed,0.08,0.861,0.059,-0.4249
2025-05-24 19:00:00,Junkiest Junk Is Offering a Warning Sign for Debt,Yahoo,https://finnhub.io/api/news?id=c66a483a5203aebf3d348a6b31edbfabd993e7e7703cecd977e25a1662e294b7,0.121,0.845,0.034,-0.8316
2025-05-24 08:24:02,JPMorgan Unveils Center for Geopolitics Amid Global Uncertainty,Yahoo,https://finnhub.io/api/news?id=a64a8e74a278b426c27f3c6df07324cf333f9038b2bc09a2cf3e8dd49bd2a42d,0.037,0.963,0.0,-0.34
2025-05-24 08:00:00,5 Best CEFs This Month For Yields Up To 14% (May 2025),SeekingAlpha,https://finnhub.io/api/news?id=b75c7d61e883a81f425a93fd499175b0ca3c9bb887e49e5974fcd7bdfea8be17,0.0,0.724,0.276,0.6369
2025-05-24 02:36:28,Oracle To Spend $40 Billion On Nvidia GB200 Chips For OpenAI's Texas Data Center: Report,Benzinga,https://finnhub.io/api/news?id=a3ae322d715339cff9357d4da714306ae7b7e92891de4f5807805d7548bd5705,0.0,1.0,0.0,0.0
2025-05-23 22:07:47,Exclusive: Armando Pantoja alleges JPMorgan manipulated Bitcoin market entry,Yahoo,https://finnhub.io/api/news?id=486c32235afa81e90eb61ef912feb6f6d2ebac67c4114eafdde5c06c72de4ce1,0.157,0.736,0.107,-0.3612
2025-05-23 19:55:05,"JPMorgan Chase & Co. (JPM) Strengthens Tech Banking Team with Hires from BofA, Goldman, and Lazard",Yahoo,https://finnhub.io/api/news?id=f263a767064d04645f48ce3952df9fc41f3e1821fcc47a6600a5c4ebd8837804,0.0,0.856,0.144,0.886
2025-05-23 17:28:11,Bessent Sees Easing Capital Rule on Treasuries This Summer,Yahoo,https://finnhub.io/api/news?id=4e1ab1fd35531197f690f3810850df7febd5304d78c933d4b00736d639869159,0.04,0.831,0.129,0.6908
2025-05-23 17:19:23,US Treasuries Hold Gains as Bessent Says SLR Moves ‘Very Close’,Yahoo,https://finnhub.io/api/news?id=ceffdcea7e111f57ef8b068e4220055989e0e85f0639ebccfac6563675d1266f,0.065,0.801,0.134,0.5918
2025-05-23 16:14:54,These are the books JPMorgan says the top 1% should read right now—with recommendations for ultrawealthy Gen Z included,Yahoo,https://finnhub.io/api/news?id=98760d424ac6ac5854cde2e0ddb7bb260d480643cbd93c86e2560f6a7a909727,0.0,0.96,0.04,0.2023
2025-05-23 12:35:17,Why Goldman Sachs' tech chief envisions a future of humans managing AI agents,Yahoo,https://finnhub.io/api/news?id=09a686e138573276b6bbd4fca0a71b7633dd471c124af51adfd52eef6e67e524,0.0,1.0,0.0,0.0
2025-05-23 11:55:11,"JPMorgan expands tech team with four veteran bankers from BofA, Goldman, Lazard",Finnhub,https://finnhub.io/api/news?id=f6c45d826dfa52c0b588e18afe916adf425581997cd760463b28873948d86f9d,0.0,0.893,0.107,0.4019
2025-05-23 11:39:28,Was Jim Cramer Right About JPMorgan Chase & Co. (JPM)?,Yahoo,https://finnhub.io/api/news?id=e38750f7f3a85e0102bd2c3d693af7f6571d92e8c1eb5d80fdc0d437ee9f32d2,0.047,0.953,0.0,-0.4939
2025-05-23 11:31:00,Want Decades of Passive Income? Buy This ETF and Hold It Forever.,Yahoo,https://finnhub.io/api/news?id=d02f26a4eed6c5c6a1586a5d7056df62fc97a7ec22334ba13ab8c0f34e1b3a80,0.0,0.826,0.174,0.7149
2025-05-23 11:30:08,From AI To Geopolitics - JPMorgan's Advisory Unit To Tackle New Era Of Risk Management,Yahoo,https://finnhub.io/api/news?id=db0d5c72c9320aec2a43ec0cb74bd7f1d4caffb2c524056f2c072f6664a98b2e,0.022,0.952,0.026,0.1111
2025-05-23 11:19:47,‘Heavy is the head that wears the crown’: Jamie Dimon says these are the two things that will change for whoever becomes JPMorgan CEO,Yahoo,https://finnhub.io/api/news?id=4bfc9f0dbdffce84f0e03b7ae56ff3e1adcf0f01cf19e068caf9d3783a5f667f,0.0,0.964,0.036,0.2732
2025-05-23 10:20:05,Is JPMorgan Diversified Return International Equity ETF (JPIN) a Strong ETF Right Now?,Yahoo,https://finnhub.io/api/news?id=7f36af1450b8f827fa71d8a119cea5df2ee767e3b2d3e0bc68c31ea24e5b78ee,0.0,0.739,0.261,0.7184
2025-05-23 08:54:00,Bitcoin Price Falls Back From Highs. Trump Tariff Threats Are Hurting Cryptos.,MarketWatch,https://finnhub.io/api/news?id=f38df668fb261078cb122eeb795ca8332f6eca8db68dab0778670c2416052a0b,0.355,0.645,0.0,-0.875
2025-05-23 07:51:08,China central bank governor discusses China-US trade ties with JPMorgan's Dimon,Finnhub,https://finnhub.io/api/news?id=e3083996fe9890d32273830352de75e946e5156df772559c9523fb442e79ea42,0.0,1.0,0.0,0.0
2025-05-23 07:04:00,Bitcoin Left the Big Banks Behind. Why Their Next Crypto Venture Is Doomed and 5 Other Things to Know Today.,MarketWatch,https://finnhub.io/api/news?id=0b1c4902ace4eba028efbea4892749075f2d9dc58c46876f233b61b78656c724,0.181,0.819,0.0,-0.8555
2025-05-23 06:34:45,Wall Street Breakfast Podcast: Banking Titans In Early Talks For Shared Stablecoin,SeekingAlpha,https://finnhub.io/api/news?id=249ac65fbe345d013aa42704ab9257570500734b2387be3fb071d29f417442ea,0.111,0.833,0.056,-0.34
2025-05-23 06:10:00,"50 Largest U.S. Banks By Total Assets, Q1 2025",SeekingAlpha,https://finnhub.io/api/news?id=53df7c1a5b1e54a0ed1b4254d49add20debe57889f4313250379125db1e3decf,0.066,0.706,0.229,0.6901
2025-05-23 05:30:00,"Big European, U.S. Investment Bank Reap Trading Benefits Of Volatility In Q1 2025",SeekingAlpha,https://finnhub.io/api/news?id=f23a3ce53b8f43b113637fb5b6f869203b64b2d484407a584d369e70006a283a,0.0,0.82,0.18,0.7003
2025-05-23 05:20:13,Cleveland Fed appoints Courtney Falato as senior vice president of external engagement,Finnhub,https://finnhub.io/api/news?id=bb816b1261799ddd5ffbaeed185550710205021e5301d5e2f9edebea1cd53796,0.0,0.882,0.118,0.6369
2025-05-23 03:16:00,Big Banks Explore Venturing Into Crypto World Together With Joint Stablecoin,Yahoo,https://finnhub.io/api/news?id=4fcecc793bee96fa90979b7d88c39e43ba8427dfcf9caf4ce3b06638ed91f929,0.0,1.0,0.0,0.0
2025-05-23 01:14:09,Senior US-China Officials Vow to Keep Communication Lines Open,Yahoo,https://finnhub.io/api/news?id=73d5d0a2586aac8b1b1082384516cfccc8455bf8625e3fd3bec10d27e771cd0f,0.044,0.898,0.058,0.0772
2025-05-22 21:29:07,JPMorgan CEO Dimon meets with China international trade council president,Finnhub,https://finnhub.io/api/news?id=de27b733ced795ca0af4596168537455fbb22c6d6595ad457a65d321e61ccec3,0.0,1.0,0.0,0.0
2025-05-22 19:14:22,Update: Market Chatter: JPMorgan to Lend $7 Billion to Texas Data Center Developers,Yahoo,https://finnhub.io/api/news?id=4de6a098bde39b835747aaa649047551de4771db99b3d617f6599369bccc080a,0.0,0.928,0.072,0.2732
2025-05-22 17:37:59,JPMorgan Chase (NYSE:JPM) Unveils Center For Geopolitics To Guide Clients On Global Trends,Yahoo,https://finnhub.io/api/news?id=fa2301109fe2474e39be895c502dd90052bac650e14546328b05879898ec9b1b,0.0,0.844,0.156,0.9186
2025-05-22 17:03:25,Jamie Dimon Just Dropped a Bomb on Wall Street--And It's Not What You Think,Yahoo,https://finnhub.io/api/news?id=ef82a716e2a71aa8f8604c279bac61acdeb145a842df1fd90dbe51d13cdc3e48,0.209,0.791,0.0,-0.7506
2025-05-22 12:34:15,"US House narrowly passes Trump's sweeping tax-cut bill, sends on to Senate",Finnhub,https://finnhub.io/api/news?id=ce48e1606b6d00102bca3d623ad6d39e68a0b9b0cb9ce41974be56c5ff871bd7,0.0,1.0,0.0,0.0
2025-05-22 12:26:00,Berkshire Hathaway May Sell Kraft Stock,MarketWatch,https://finnhub.io/api/news?id=f998986ad9a5d0dad8b3da111c9498e349a628711fe58b51f4af5f705c9aaee8,0.0,1.0,0.0,0.0
2025-05-22 11:17:00,JPMorgan launches ‘lean and mean’ geopolitics arm as Jamie Dimon warns of changing world order,Yahoo,https://finnhub.io/api/news?id=fb6646c9ff8d957ff53fdeb5102b42e241902e921c9326541545eb43db190904,0.111,0.805,0.084,0.0258
2025-05-22 11:14:00,BNY Mellon Dynamic Value Fund Q1 2025 Commentary,SeekingAlpha,https://finnhub.io/api/news?id=dffb1eabb98f7e0a46b4ce50bd2a55265d5a39faf2464cfe0fc9beea9f4d2017,0.0,0.677,0.323,0.8402
2025-05-22 11:09:19,JPMorgan To Lend More Than $7 Billion For OpenAI Data Center - The Information,Finnhub,https://finnhub.io/api/news?id=54a9319e9cc48304db06079477a0655107c8cb7a0ca58146a2565b9e5f4d37ce,0.0,1.0,0.0,0.0
2025-05-22 11:00:02,"JPMorgan Chase & Co. (NYSE:JPM)’s CEO Is Said To Be A “Downer,” Believes Jim Cramer",Yahoo,https://finnhub.io/api/news?id=db8a92c00fe3517137b89a5fc4ed7d8806225703d3ea11f48d96e2daed0ec866,0.0,0.97,0.03,0.296
2025-05-22 10:48:07,"China's vice premier meets JPMorgan's Dimon, calls for deeper cooperation",Finnhub,https://finnhub.io/api/news?id=2318c34bb7928f858471b4bcfe6fca24a01b523d4f73c988ff006c537d3f7583,0.0,1.0,0.0,0.0
2025-05-22 10:47:04,"Ethereum Hits $2669 Amid Institutional Flows, RWA Tokenization Fueling Bullish Breakout",Benzinga,https://finnhub.io/api/news?id=e520bf6d3b77055fcf8c864bab8972547a1ffc4bb8455c47f9c82a41242e0712,0.0,1.0,0.0,0.0
2025-05-22 10:39:59,"Come back to the office or risk bonus cuts, HSBC staff told",Yahoo,https://finnhub.io/api/news?id=b9e99988f0e31774534f1c37d29db24f6727630e0173fa6639dc9155270af7e1,0.124,0.776,0.101,0.0516
2025-05-22 10:00:00,JPMorgan Chase CEO Jamie Dimon Just Delivered Incredible News to Bitcoin Investors,Yahoo,https://finnhub.io/api/news?id=f60b61922eb77b5d0c47153a4f7dd955f5421710ff4918366373f2e240154643,0.022,0.914,0.064,0.4404
2025-05-22 09:25:55,"JPMorgan CEO flags risk of ""stagflation"" facing U.S. economy",Yahoo,https://finnhub.io/api/news?id=78a2b37f0c6d1c2c160db929b3164999d7b8f6c71c6ce24efbfae18ee62d445f,0.183,0.817,0.0,-0.802
2025-05-22 07:56:17,"Bond Market Warns Trump, Congress on Dangers of Swelling Deficit",Yahoo,https://finnhub.io/api/news?id=5f738f02ffb69068646532fa422914e3b929165ff4bcb3c3cd2a3dcb0268065f,0.099,0.854,0.047,-0.5994
2025-05-22 07:40:11,Jamie Dimon Says JPMorgan Was Right to Do CATL Deal Despite Opposition,Yahoo,https://finnhub.io/api/news?id=c09e3037d3cf7aa1cdddce67147774d502c934f75c34e1e41354010530ce210c,0.0,0.971,0.029,0.3612
2025-05-22 06:42:38,"New US tax bill will 'stabilise things' but increase deficit, JPMorgan's Dimon says",Finnhub,https://finnhub.io/api/news?id=ddb992f869d417086005e22ac268db57f1f6a9b0c8229a6d9be4f88894a2b9b8,0.074,0.791,0.135,0.4497
2025-05-22 05:18:19,"JPMorgan's Dimon warns of US stagflation risk, Bloomberg News reports",Yahoo,https://finnhub.io/api/news?id=a36ed8a7d93c6d50e4c269779f726a8587111c885834ae905059c8a1de6b3356,0.106,0.843,0.051,-0.7311
2025-05-22 04:59:56,"Dimon Warns of US Stagflation Risk, Says Fed Right to Hold",Yahoo,https://finnhub.io/api/news?id=50ad04cd7f4269a60f976b4bae098e3ed7366992845bcc1f57595755c456eece,0.057,0.839,0.104,0.6908
2025-05-22 02:09:48,"Jamie Dimon Is No Fan Of Bitcoin, But Trump's Crypto Czar Made An Attempt To Change the JPMorgan CEO's Mind Using This Narrative",Benzinga,https://finnhub.io/api/news?id=16110efede7eb7f8a33af27974c0d35b37f003c10d7c926fefdb66b96b6abd99,0.028,0.847,0.125,0.7326
2025-05-22 01:40:00,Magnificent 7 Shareholder Meetings On Tap: Taking Stock Of The Economy,SeekingAlpha,https://finnhub.io/api/news?id=6745e3b85c694606ad64a93bf03cbd88972be32313db4ef86e407e64509bf624,0.0,0.843,0.157,0.5994
2025-05-21 20:47:00,"JPMorganChase Announces Conference Calls to Review First-Quarter, Second-Quarter, Third-Quarter and Fourth-Quarter 2026 Earnings",Yahoo,https://finnhub.io/api/news?id=d829260725df2cfe331d20beedd6a68378849b6d9f9164262a23d778d3a41032,0.0,1.0,0.0,0.0
2025-05-21 17:46:28,JPMorgan Chase (NYSE:JPM) Unveils Center For Geopolitics To Guide Clients Through Global Trends,Yahoo,https://finnhub.io/api/news?id=4971a22555e58b84931f702204334bda292f6c9e9b582f50c24d30f6328c721a,0.0,0.946,0.054,0.5994
2025-05-21 16:47:00,Wasatch Global Value Fund Q1 2025 Commentary,SeekingAlpha,https://finnhub.io/api/news?id=358ba00e56c1f00d27aca22b08d4c6dc9d2d2a95e97a1b095be329ad41f9458b,0.0,0.789,0.211,0.7351
2025-05-21 16:03:00,JPM to Boost Middle East Presence With Hiring of More Than 100 Staff,Yahoo,https://finnhub.io/api/news?id=ac6aa1b2330249a1c4bcbb5a404204d568e5246bf6cc074eea0c77398297605f,0.0,0.852,0.148,0.743
2025-05-21 15:35:00,I Sold These Big Bank Stocks Hand Over Fist,SeekingAlpha,https://finnhub.io/api/news?id=1d87e06bf56cf38da2826beb8387116dc65ce85f633be1dfe0ec5165214f7e0e,0.0,0.881,0.119,0.6124
2025-05-21 15:20:00,JPMorgan Chase is getting into the business of geopolitics,Yahoo,https://finnhub.io/api/news?id=0f1949502e84d738693deccc22f45223e0510cef61e153925457dda094bb0e10,0.087,0.913,0.0,-0.2732
2025-05-21 14:47:47,"Navigating Market Volatility: ICR to Host Conference Spotlight Series Webinar Today, May 21",Yahoo,https://finnhub.io/api/news?id=a4159404ae53c4d884f6e9cd4d9b3e8d52192361acb20a08dc97c690ad97e0ee,0.0,0.972,0.028,0.25
2025-05-21 13:33:15,UnitedHealth Plunge Stunned Wall Street. One Analyst Saw It Coming,Yahoo,https://finnhub.io/api/news?id=ca6dbc1b525a9d3829b28dfe291638767a1849ad9ab9e33519bbf1928d017cf2,0.073,0.857,0.071,-0.0516
2025-05-21 13:14:38,"Wall Street Stalls As Yields Rise, Bitcoin Breaks Records Above $109,000: What's Driving Markets Wednesday?",Benzinga,https://finnhub.io/api/news?id=6e10fd8ae6acdb15422dd1e84879b22d94a635a2791d8e0cf122e779b3180b60,0.109,0.855,0.036,-0.3947
2025-05-21 12:55:00,JPMorgan launches ‘special forces’ unit to protect clients from political risks,MarketWatch,https://finnhub.io/api/news?id=df54396cc33e64f2aa7447f93d76a44d7fceb19c1f7318f38a57394842047094,0.153,0.657,0.19,0.25
2025-05-21 11:43:46,"Market Chatter: Mizuho, JPMorgan Lead $15 Billion Loan to SoftBank",Yahoo,https://finnhub.io/api/news?id=922a8b6e86a5e68aba1b3fa5f292dd5eda4abc069e9458a3145eed8a46919ed1,0.0,1.0,0.0,0.0
2025-05-21 10:38:00,JPMorganChase Launches Center for Geopolitics to Help Clients Navigate Global Business Landscape,Yahoo,https://finnhub.io/api/news?id=b8f259fceb942030748ae4f603cbad7d2d8b8feec5f7e6c8677dd4097e2c328b,0.0,0.881,0.119,0.8442
2025-05-21 10:14:07,A Call To Do Better At Vendor Security Risks,Finnhub,https://finnhub.io/api/news?id=106912ed4c3a79630412c5a4fe323a23701d21ca08eba6b389bf7f427018e12b,0.092,0.764,0.144,0.34
2025-05-21 10:01:00,Everyday investors keep making Wall Street pros look dumb with this one simple move,MarketWatch,https://finnhub.io/api/news?id=f2a8c78eb3bd019c481bf17597951a588d7fe7c284b3550dc542f123aa640db6,0.202,0.798,0.0,-0.765
2025-05-21 09:00:00,"Forget About Dividend Yield, Do This Instead",SeekingAlpha,https://finnhub.io/api/news?id=5b931bd91eaf816029ef734fe292646a879ad80a5bc402c1a2ed4634ab54440a,0.131,0.784,0.085,-0.1027
2025-05-21 08:30:00,Understanding VYM: A Dividend ETF Built For Income Stability,SeekingAlpha,https://finnhub.io/api/news?id=24f3a27fa68af66e488320680b37be0cf6798eefb3b7cc12096d9fb0cdaa1d8e,0.0,1.0,0.0,0.0
2025-05-21 08:10:00,My Dividend Stock Portfolio: New All-Time Dividend Record In April - 100 Holdings With 14 Buys,SeekingAlpha,https://finnhub.io/api/news?id=da857ba038502fb2801876c07073c96e54676960374534733580830e88991dab,0.0,1.0,0.0,0.0
2025-05-21 02:14:05,Moody’s Downgrades Top Banks as Retail Investors Rally with Record Stock Buying,Yahoo,https://finnhub.io/api/news?id=ac0c13ddb6e09a216d3db96039070274e3889c4bec7e6720424d28832e023e90,0.02,0.856,0.124,0.765
2025-05-21 01:38:43,Traders Brace for Treasury 10-Year Yield at 5% as Mood Sours,Yahoo,https://finnhub.io/api/news?id=fe02bc72b7f18e380cf08aca9b9693ebe430395a06e86094b9d3f71593ff6493,0.028,0.905,0.067,0.3818
2025-05-31 23:45:32,JPMorgan Chase: Private Banking Can Unlock More Upside,SeekingAlpha,https://finnhub.io/api/news?id=9b094be59578873ceaa8bcb3789a0e6ae407f0368b9cfb0a780984e1b52d6d9b,0.0,0.833,0.167,0.7003
2025-05-31 15:23:00,‘It Is Going to Happen’: JPMorgan CEO Jamie Dimon Warns of Crack in the Bond Market,Yahoo,https://finnhub.io/api/news?id=b76043d8b495f328364180f3b8c3ec851e6442a7437eff4b29c12d49bc6b2d78,0.064,0.9,0.036,-0.4019
2025-05-31 13:32:17,"Palantir, JPMorgan Chase Lead Five Stocks Near Buy Points",Yahoo,https://finnhub.io/api/news?id=a47b6a8e111b2b1f968e3d8abc50c6e2445f96b01a3540cbb05b2ca86757ad17,0.074,0.776,0.15,0.327
2025-05-31 08:30:00,Potentially Earn 12%-15% Income: Monthly Options Series (June 2025),SeekingAlpha,https://finnhub.io/api/news?id=1e4df0496932fa1b73a504f99abf4c36a89c9f1abaeb0b2d97462707b4596d43,0.0,1.0,0.0,0.0
2025-05-31 03:49:52,DLY: Limited Foreign Exposure And Above-Average Price,SeekingAlpha,https://finnhub.io/api/news?id=ede4c7c16f9ab562f2a97b57fb689d51398d82ccc6971020130fa1c181a6d1f8,0.241,0.759,0.0,-0.2263
2025-05-31 01:03:00,JPMorgan’s Jamie Dimon Predicts ‘Crack in the Bond Market’,Yahoo,https://finnhub.io/api/news?id=c5fc214355e6e0356eacb4707e86d835830201e8eea760068933fe1368c270c1,0.134,0.839,0.027,-0.8625
2025-05-30 21:03:00,"JPMorgan’s Jamie Dimon Predicts ‘Crack in the Bond Market,’ Citing U.S. Fiscal Mess",DowJones,https://finnhub.io/api/news?id=0d8d15abdc1c818a32617ecda8dafa408deddeff85ee147d89df37cb7ffba389,0.172,0.828,0.0,-0.6124
2025-05-30 19:55:14,"Jamie Dimon on the bond market, Palantir contract: Trending Tickers",Yahoo,https://finnhub.io/api/news?id=a26ca544ae1abd6af015e681fb4474cc93a3fe3b5451466c7b7a55db865228f0,0.038,0.908,0.054,0.3725
2025-05-30 18:20:43,JPMorgan CEO Jamie Dimon: We Need to Engage With China on Trade,Yahoo,https://finnhub.io/api/news?id=fa261276009b505069c7fb37df285850eda495419c02179fd345a30d45f1b0a3,0.038,0.852,0.11,0.5727
2025-05-30 18:05:06,"Rivian eyes new debt deal as expected vehicle deliveries slump, Bloomberg News reports",Yahoo,https://finnhub.io/api/news?id=d0e4c444eee313b363d66d6b043e8e7b2e6d3a134965b7c87fa006264ae052b8,0.035,0.965,0.0,-0.3612
2025-05-30 17:53:33,Pursuing AI Growth Opportunities,Finnhub,https://finnhub.io/api/news?id=c4db61f1f6d01d231e3ad6597755d6bcb346bd8f76103b1f178d6a31dbdc8d41,0.0,0.729,0.271,0.8555
2025-05-30 17:06:00,"Kevin Warsh Says Fed Officials Shouldn’t Be ‘Pampered Princes,’ Defends Trump’s Criticism of the Bank",MarketWatch,https://finnhub.io/api/news?id=d29951e27d412abc6cf3ec275fa1daf67248d182426e38753202be5b9a2ac630,0.172,0.828,0.0,-0.7003
2025-05-30 17:05:53,Jamie Dimon on How to Keep Spirit of DOGE Going,Yahoo,https://finnhub.io/api/news?id=dc9a8d1df0e3ac669e1182c06a72ab72b09036442b552483612633414ac577f7,0.033,0.913,0.054,0.0772
2025-05-30 16:50:00,"‘You are going to panic,’ Jamie Dimon tells regulators about what will happen when the bond market cracks",MarketWatch,https://finnhub.io/api/news?id=c2808b8b885fc5719b4d6a14a9ab8d69a1dd684d384c28358c1bd5a66fac3131,0.0,1.0,0.0,0.0
2025-05-30 16:46:08,"JPMorgan CEO Dimon backs US taxing carried interest, warns of bond market trouble",Yahoo,https://finnhub.io/api/news?id=75318d0bb13056c8c2aa5a64f5c4f8d31f9d0a13f98f919e10f258933d077239,0.077,0.78,0.143,0.872
2025-05-30 15:07:12,"Dogs Of The Dow Chase June's ""Safer"" Buy -- Verizon",SeekingAlpha,https://finnhub.io/api/news?id=44d976ba7db3be633e540e5f641994b1f0a1556bead691a6bf5497cf05703d46,0.0,0.899,0.101,0.5574
2025-05-30 13:17:08,Rivian Eyes New Debt Deal As Expected Vehicle Deliveries Slump; Co Aims To Raise As Much As $2 Billion - Bloomberg News,Finnhub,https://finnhub.io/api/news?id=1f0fe34cfb52bfe303556a6b2b08b932424a398a17b74d6f82a7edf84b668e06,0.111,0.889,0.0,-0.694
2025-05-30 12:47:09,JPMorgan's Dimon backs US taxing carried interest,Finnhub,https://finnhub.io/api/news?id=eecc48c6fcafad3425cbb2f824689b3081d33557b09e6b8f1199ea553abf2b85,0.027,0.774,0.199,0.8316
2025-05-30 12:47:09,"JPMorgan's Dimon says US should tax carried interest, CNBC reports",Finnhub,https://finnhub.io/api/news?id=285db7bf217b8b028881bcf38d486032393c07dd98eabb618247e0a4654af921,0.0,0.864,0.136,0.7184
2025-05-30 12:42:22,JPMorgan CEO Dimon At Reagan National Economic Forum Says We Should Be Taxing Carried Interest - CNBC,Finnhub,https://finnhub.io/api/news?id=c90070443d4dbdcbbae5758aed8d479d0cf979529448423d533b335c33f16926,0.0,0.862,0.138,0.7739
2025-05-30 12:42:11,"Jpmorgan CEO Dimon At Reagan National Economic Forum Says Stress Tests Are A ""Complete Waste Of Time"" - CNBC",Finnhub,https://finnhub.io/api/news?id=44718b01f835a17180ddfc6366abeeeb13d8bed079f359bc4b4c7df645850825,0.166,0.834,0.0,-0.8455
2025-05-30 02:36:02,Nomura Sees Big Opportunities to Grow in US Despite Turmoil,Yahoo,https://finnhub.io/api/news?id=f91de83917cca6e379f4a8ecdf19ffb8d2a148c8656435e6bb8188d3f6cd1785,0.02,0.804,0.177,0.9189
2025-05-30 05:30:00,"Tariff Turmoil Clouds European Investment Banks' Advisory, Underwriting Outlook",SeekingAlpha,https://finnhub.io/api/news?id=7a28e7986e2cbca0bdc77bf4589ecd233590e3e1dc8458a744b5908ef26a03f9,0.088,0.912,0.0,-0.3612
2025-05-29 19:58:57,Sector Update: Financial Stocks Rise Late Afternoon,Yahoo,https://finnhub.io/api/news?id=6217b1e1f700904a717324e44ea75090dd879fe30e78a072ca50236156a2ff33,0.0,0.913,0.087,0.25
2025-05-29 17:29:32,ETB: Hard To Recommend This Fund In A Bull Market,SeekingAlpha,https://finnhub.io/api/news?id=121a4a7ceefcf5b447ce8776868b781fc1849549fc91025f965b9f5d2f05ac0c,0.037,0.749,0.214,0.765
2025-05-29 16:02:06,What The Wealthy Are Reading: JPMorgan Releases Its 2025 Summer Reading List,Yahoo,https://finnhub.io/api/news?id=0e672b49439e49fde30bd414ac6078c7ad11eb4cdd3e924d09bbca18f7fd3c7c,0.0,0.868,0.132,0.9081
2025-05-29 15:04:00,Some premium travel perks are losing their luster. Here’s which ones are still worth it.,MarketWatch,https://finnhub.io/api/news?id=842efe41950d48dbeaf4b2febc30d693745de2b9229bcd00156640b5d840b8ba,0.149,0.743,0.109,-0.34
2025-05-29 14:35:41,JPMorgan: Macy’s is a share gainer in a volatile consumer environment,Yahoo,https://finnhub.io/api/news?id=bc5cd3e7c3b11b498482f482cc3212520218dedd59dc34cd78c8b817f6722b29,0.054,0.815,0.131,0.3818
2025-05-29 11:19:06,JPMorgan hires former HSBC dealmaker Kamal Jabre to drive EMEA growth,Yahoo,https://finnhub.io/api/news?id=62e0b284328e31e4bcdd4ae4d6acf404b36122f7fbdd63b44a9f721d8435611b,0.0,0.914,0.086,0.5994
2025-05-29 09:26:11,"JPMorgan Appoints Kamal Jabre As Vice Chair Of EMEA M&A, Memo Shows",Finnhub,https://finnhub.io/api/news?id=dfa37661c30e5cc2037c3a22b4f94cb55e41a307471f318ffc7c4429a732d219,0.0,0.938,0.062,0.4466
2025-05-29 08:15:00,Robinhood’s Stephanie Guild: What Next-Gen Advisors Need to Know About Today’s Investors,MarketWatch,https://finnhub.io/api/news?id=8e7d0c803d714ac1d190ead12d47eb6d9b452d3729456a9317467bed6080bc6f,0.0,1.0,0.0,0.0
2025-05-29 06:16:00,TCW Relative Value Large Cap Fund Q1 2025 Commentary,SeekingAlpha,https://finnhub.io/api/news?id=5c468935eeed3302bc71bba57bfa5156ce86a0236039f8631a3606ccf4ffbbaa,0.0,0.769,0.231,0.34
