publishedDate,title,source,url,neg,neu,pos,compound
2025-04-10 23:30:48,IBM Informs Staff of DEI Retreat as Trump-Era Scrutiny Grows,Yahoo,https://finnhub.io/api/news?id=5046dadda38d8a8710809e281da6e5c4da8e8ddcd4cea7cbd605de9680d65c57,0.081,0.897,0.022,-0.7096
2025-04-10 21:45:13,Walmart (WMT) Gains As Market Dips: What You Should Know,Yahoo,https://finnhub.io/api/news?id=f816c9ff1620cf6ec827e55cb87ada5e39501a4332c634a6aa19c9d0b948dd96,0.0,0.926,0.074,0.34
2025-04-10 21:12:00,Is Target (TGT) Stock Getting too Cheap to Ignore?,Yahoo,https://finnhub.io/api/news?id=163800e9bee4b82cb244050286945c5da07eedd5f28ace8d1e3b700c41b7078f,0.118,0.742,0.14,0.2023
2025-04-10 20:36:54,Walmart Inc. (WMT) 2025 Walmart Investment Community Meeting and Q&A Session Conference (Transcript),SeekingAlpha,https://finnhub.io/api/news?id=7d1cd4afd6bb9cf4620da165cece4ead33c86af9c2dc3975ecec82f520476f76,0.0,1.0,0.0,0.0
2025-04-10 20:08:14,"FedEx, UPS lose parcel market share to big retailers, smaller couriers",Yahoo,https://finnhub.io/api/news?id=803aaaf8961640cd60af9af894a03f70d21a981872cc1830bdf53c3a5accff4a,0.08,0.736,0.184,0.7269
2025-04-10 17:36:42,UBS Remains Bullish on Walmart (WMT) Despite Tariffs,Yahoo,https://finnhub.io/api/news?id=9d7826a120ad02683aefbfe2a7ae9a69fb8a7292085406c20fcfcaca54475530,0.0,0.88,0.12,0.8074
2025-04-10 17:24:26,Walmart (NYSE:WMT) Introduces Shapermint's Essentials Collection To U.S. Shoppers,Yahoo,https://finnhub.io/api/news?id=5d53e8cb26c701d954f83ded0eee88c9a3f848c7a1787be20977ffdb25b00582,0.03,0.906,0.064,0.4019
2025-04-10 16:13:00,Walmart makes shocking decision about its future amid uncertainty,Yahoo,https://finnhub.io/api/news?id=aa50513c31f60ccd22e87782b54d952168630a41d90ab1465467df88ef7f8c7c,0.336,0.664,0.0,-0.7951
2025-04-10 16:00:00,Jim Cramer unveils surprising outlook on Walmart rally,Yahoo,https://finnhub.io/api/news?id=f637b3ffeb32a50dcecdf6e0d379412159eccbaacffd4f870d865ead0fb19859,0.09,0.752,0.158,0.2263
2025-04-10 15:22:15,"Walmart Positioned to Navigate Volatile Demand, Political Uncertainty, UBS Says",Yahoo,https://finnhub.io/api/news?id=e3f107fae9e4b87c5ab1a8d986d0c0770f1e5d9738608170b4c40e755b9d09b0,0.135,0.764,0.101,0.0
2025-04-10 15:20:00,Walmart Reaffirms Q1 Outlook Amid Tariffs and Market Volatility,Yahoo,https://finnhub.io/api/news?id=2f69261c8140cdb447cbf13bb0ee7c9c916f81ecd4ba3f16b77af2c9163bb051,0.036,0.887,0.077,0.3352
2025-04-10 12:07:00,"Small businesses may take the brunt of tariffs, even when they’re based in the US",Yahoo,https://finnhub.io/api/news?id=47594a0ff30c6bbf00eaa093cf616b2beac78bc0b64c0e8f14544a85ae14c16c,0.0,0.796,0.204,0.802
2025-04-10 12:00:54,"Dow Jones Giant Walmart, Discount Retailers Hold Up In Market Sell-Off On Recession Fears",Yahoo,https://finnhub.io/api/news?id=349b0e861c038627beebe074560f34c32b778ac8b1d7c0c90c8160339ff4fb46,0.258,0.645,0.097,-0.7184
2025-04-10 12:00:00,"At brick-and-mortar powerhouse Walmart, e-commerce turns profitable",Yahoo,https://finnhub.io/api/news?id=2cffaeabd24ca000a274cc70de0f4f0d061f9c2f96b9e9e0bd137ce3bd8df864,0.0,0.729,0.271,0.8422
2025-04-10 11:36:13,Walmart Reaffirms Strategy Fit for Today and the Future; Company shares its unique position to serve customers and members when they need it most and that U.S. eCommerce business is on track to be profitable this year,Finnhub,https://finnhub.io/api/news?id=345bdb4c10952a4977d3b4adfa84f1f3bc5aa178505e40f9e6683739ebc34b53,0.0,0.843,0.157,0.8689
2025-04-10 11:08:00,5 Things to Watch for Early Signs of an Economic Downturn,MarketWatch,https://finnhub.io/api/news?id=7a4b723aa30185bdd266b4fde31c0979af5ac1ab627a58d97e086fdf801a744b,0.0,1.0,0.0,0.0
2025-04-10 10:35:12,"Stock Market Today: Nasdaq Down 3% Early As Dow Jones Sinks 850 Points; Banks Cool Off, But Walmart Leads (Live Coverage)",DowJones,https://finnhub.io/api/news?id=172d9750446bed2738044c35d07f6c0b9a2279fe6b03e108a3264f550084fb8d,0.0,0.897,0.103,0.5574
2025-04-10 10:30:00,"If I Could Only Buy and Hold a Single Stock, This Would Be It",Yahoo,https://finnhub.io/api/news?id=99bbbc5c923aaef958c75eb2d7be318ed3e42f52550a66aba456c1e540a18d26,0.0,1.0,0.0,0.0
2025-04-10 10:25:00,Amazon CEO: AI is Key to Staying ‘Competitive’ as Company Takes On Nvidia,MarketWatch,https://finnhub.io/api/news?id=80c22f3284ac94704aa00a70397756ed6abdb7112215bcbb222271e47e7d7632,0.0,0.876,0.124,0.34
2025-04-10 09:01:35,Cash-back credit cards: finding the best one for you,Yahoo,https://finnhub.io/api/news?id=b16f6b4976f6c6075b6200a6e814ed807b2a45e0b1578c169c2f4a168140f602,0.013,0.845,0.143,0.8837
2025-04-10 09:00:00,Zacks Earnings Trends Highlights: Walmart and Delta Air Lines,Yahoo,https://finnhub.io/api/news?id=347d97d083cc8a67a2b6d10926d79228ef7271a4abceaf45235f46527419313c,0.0,1.0,0.0,0.0
2025-04-10 08:42:13,2025 Walmart Investment Community Meeting,SeekingAlpha,https://finnhub.io/api/news?id=8813b8a6263acb2b80efb5f6033c560a270dd6adebeba6da385cb290dba8b5f0,0.0,1.0,0.0,0.0
2025-04-10 04:01:00,"He Started Out Driving Forklifts. 40 Years Later, He’s Costco’s CEO",Yahoo,https://finnhub.io/api/news?id=f0a7cfdff676396264cf3d244bdc8754cd01183b7adb2ad0a98ca64a38e89c00,0.0,1.0,0.0,0.0
2025-04-10 02:40:00,Inside Walmart’s Meeting With Investors on a Day of Tariff Turmoil,Yahoo,https://finnhub.io/api/news?id=03b8aa951542e282b85c7445f1be7ae775f0de830bdbbc9170bc330f5118aeed,0.07,0.866,0.064,-0.0516
2025-04-10 00:25:00,Guidance to be Key Factor This Earnings Season,Yahoo,https://finnhub.io/api/news?id=139192ac3cb412d7661a89ccb9d102a13ca6e25a9427bc02e1d9f934961131bb,0.0,1.0,0.0,0.0
2025-04-09 22:34:33,Walmart CEO says ‘there will be a Christmas’ despite lingering fears of a trade war,Yahoo,https://finnhub.io/api/news?id=8446b84add99227795bbf4831cca65f2fe41837cd64e48e2a840038493e9aab0,0.121,0.807,0.072,-0.3753
2025-04-09 21:46:31,"Nike, Walmart Jump on 90-Day Tariff Pause for Key Suppliers",Yahoo,https://finnhub.io/api/news?id=19d3eabfae4076e8faa1669069292a7800e25be1dcbb69a2d179b781a4cc58bd,0.032,0.945,0.023,0.0516
2025-04-09 21:21:00,Walmart has a secret weapon shoppers will love,Yahoo,https://finnhub.io/api/news?id=2d00021cdefcb97cf0a8d1f558099f89f1da18b9c88769eeee41e5242a03db3f,0.14,0.698,0.163,0.3818
2025-04-09 21:01:24,Walmart's investor day highlights uncertainty in retail as Trump announces a pause in tariffs,Yahoo,https://finnhub.io/api/news?id=95b358f50fb7edf779cf40b811c24da9fa778df729569c3967001adbc60dd283,0.072,0.928,0.0,-0.34
2025-04-09 21:00:28,How Walmart leverages e-commerce to navigate tariff challenges,Yahoo,https://finnhub.io/api/news?id=14056bf4e0acabae0a5fcb9c2fe8b33f8871932c93131c2fe01729572b9e4ca3,0.124,0.763,0.113,-0.2212
2025-04-09 20:30:00,Walmart Reaffirms Strategy Fit for Today and the Future,Yahoo,https://finnhub.io/api/news?id=b58a8789aa6f6ffe4b4de80b7d22f78f4436121ce79ff326b7c133cbae27ad9b,0.0,0.748,0.252,0.9349
2025-04-09 19:48:00,"Trump’s Tariff Whiplash Clouds Walmart’s Outlook, but Stock Rallies",Yahoo,https://finnhub.io/api/news?id=fb8fff74d4d2b66bb76284ba0b74f48d2ddf6b73d248792f12ec4a4effbcb455,0.0,0.843,0.157,0.7579
2025-04-09 18:41:11,Walmart (NYSE:WMT) Partners With 360 Pet Nutrition To Offer Healthier Pet Food Options,Yahoo,https://finnhub.io/api/news?id=81c614366cd81a7314cabc75389e810dac6d259ffae8714b8842b55b73f6fff3,0.033,0.942,0.025,-0.1779
2025-04-09 18:34:28,Walmart sees an opportunity in Trump’s trade war,Yahoo,https://finnhub.io/api/news?id=f6c356cf1557be1913fb6c2c0419b8a4b847eb61915527140c7819797f2416e0,0.137,0.803,0.061,-0.5423
2025-04-09 18:24:08,Walmart says tariffs are an opportunity to gain market share,Yahoo,https://finnhub.io/api/news?id=fbaf10aaf34ac557ec8ff4d834887933978bbde82e1356324296d6980da6bf05,0.045,0.79,0.165,0.875
2025-04-09 17:41:34,The trade war prompted Delta to pull its guidance. One analyst warns more companies could follow.,Yahoo,https://finnhub.io/api/news?id=c4a57af40bddbacd068a5b82f657b733246fff9b0c4c56ab41c58aec49748fca,0.172,0.828,0.0,-0.7717
2025-04-09 17:29:57,"Walmart pulls full-year guidance, insists it will gain share",Yahoo,https://finnhub.io/api/news?id=5667aa12121ad7ce8eebf36c3e9c4b4a58ad35ccf29c6603e031081d1ad60f88,0.048,0.638,0.314,0.8934
2025-04-09 17:23:59,Why Walmart Stock Is Soaring Today Despite Stock Market Uncertainty,Yahoo,https://finnhub.io/api/news?id=a52465c44ba55a132094da29464e80aca232c33bd4dee5c9a0b45df0f887a3f9,0.036,0.887,0.077,0.304
2025-04-09 16:58:29,"Walmart, Delta Air Lines warn of sales volatility, slower growth",Yahoo,https://finnhub.io/api/news?id=451a00cf169b42f2560c4425e6ac42ff67e7e3ee73f1c95ce0dbc613871d7a6b,0.037,0.895,0.068,0.296
2025-04-09 13:39:06,"Stocks to Watch Wednesday: Apple, Alibaba, Novo Nordisk",Yahoo,https://finnhub.io/api/news?id=79a024bb119a27e5f5bbb495cefb7d00987a661c1b95ac3e157272fd2c89de8b,0.0,0.855,0.145,0.7778
2025-04-09 15:57:03,"Walmart Stands Strong Despite Tariffs, Hits E-commerce Profitability",Yahoo,https://finnhub.io/api/news?id=efdc3d97a7fa6815c8926633386647c0cab30fef1134327bd767409016922871,0.0,0.726,0.274,0.8271
2025-04-09 15:36:00,WMT Offers Exclusive Member Perks and Savings for Walmart+ Week,Yahoo,https://finnhub.io/api/news?id=439c3b015de718a5127fb49fde944d5e3d050df21dd88b960764f637a1ce10a7,0.0,0.739,0.261,0.836
2025-04-09 15:05:07,"Walmart backs annual forecasts, vows to keep prices low despite tariffs",Finnhub,https://finnhub.io/api/news?id=3ec33594c35ff5740775fc2f5e5846d8342efc57e350314f5172c37022d8ae00,0.158,0.717,0.124,0.1027
2025-04-09 14:48:00,Earnings Will Take a Tariff Hit. Why the S&P 500 Doesn’t Look Safe.,MarketWatch,https://finnhub.io/api/news?id=a33d9948906f9262eb3810a230fabba1e469943a29d6d038ed798e512c953fbc,0.0,0.805,0.195,0.7003
2025-04-09 14:20:05,Jim Cramer Prefers Walmart (WMT) Over Dollar Tree Despite Likely Earnings Miss,Yahoo,https://finnhub.io/api/news?id=09a4d1d4c5859edcc1ebb8306ea62d96b6101349353cf2a079106d31d79b44f8,0.05,0.929,0.021,-0.2631
2025-04-09 13:59:25,Walmart Sees Opportunity to Grab Share as Tariff War Kicks Off; Stock Rallies,Yahoo,https://finnhub.io/api/news?id=51e56bcf244db53d29a3ba80b03fe16fc208d097a365e4cec64d879f023d622e,0.112,0.688,0.2,0.5023
2025-04-09 13:57:49,"Trump Tariff News: New Tariffs Begin, China Retaliates; Treasury Yields Spike While Delta, Walmart Pull Guidance",Yahoo,https://finnhub.io/api/news?id=f60bf3783e6d4e1be998a8c5caa1620cc3c372e658be10de626af516903d2ddd,0.103,0.825,0.072,-0.3612
2025-04-09 13:46:00,Tesla Underdelivers,Yahoo,https://finnhub.io/api/news?id=038284b73fc30c3605a4441ff1dd60ecdd59dd1097642a32f38ed74d02d75ab4,0.0,1.0,0.0,0.0
2025-04-09 13:43:51,Walmart Widens Its Forecast for Operating Income Growth as Tariffs Take Effect,Yahoo,https://finnhub.io/api/news?id=b2ce962da8c5927181254c4a7dfbf2738f3a56b326e6c43cc83232daa4f4d04b,0.0,0.872,0.128,0.5279
2025-04-09 13:42:21,Walmart Maintains Steady Growth Forecast Despite Tariffs,Yahoo,https://finnhub.io/api/news?id=88668cc6fe43d4de4c17506479c455f5248213920fcdf11c1c184051340ba44b,0.0,0.854,0.146,0.9044
2025-04-09 13:33:30,"Walmart Holds Firm on Q1 Outlook as Tariffs, Claims Pressure Margins",Yahoo,https://finnhub.io/api/news?id=799bd00f8124666ff1ce94219d2740f52cbdf18c38b63a4a0bd1285c5de78adc,0.234,0.698,0.068,-0.5773
2025-04-09 13:19:01,"US stocks fall, 104% tariffs on China, Delta outlook: 3 things",Yahoo,https://finnhub.io/api/news?id=f65f29627137a484e25a12fa04fcc3405284564d0a5f897848de75de154c2a0c,0.054,0.92,0.026,-0.4939
2025-04-09 13:03:41,Walmart stands by its annual financial outlook but pulls back its 1Q view amid tariff uncertainty,Yahoo,https://finnhub.io/api/news?id=d9e7b0ea5373690d7b23c37b3883e0656c223cac89dc80d92fefd48d147e187b,0.109,0.773,0.118,0.0027
2025-04-09 13:00:00,"Apple, Walmart, Delta Air Lines: Stocks to watch today",Yahoo,https://finnhub.io/api/news?id=4581a8b9bdaec12e8b94b6e418cd43ae04c7f95d5235c13526f9008fc9aedadf,0.067,0.933,0.0,-0.3818
2025-04-09 12:58:00,"Apple, Walmart share gains lead Dow's 325-point jump",MarketWatch,https://finnhub.io/api/news?id=03eb637b8c5be11f9baec3c0b9d7f5ea41132066aef6a63c370e9646a381dccd,0.0,0.566,0.434,0.802
2025-04-09 12:44:06,"Benzinga Bulls And Bears: Nike, Target, And Walmart Among Hardest-Hit Following Trump's 'Liberation Day' Tariffs (CORRECTED)",Benzinga,https://finnhub.io/api/news?id=1df728e92fddd6012c66c97f1bb18ed2011e56fe4872e9344303a4a5fc837390,0.0,0.837,0.163,0.7184
2025-04-09 12:31:00,Should Murphy USA Investors Load Up on the Stock or Wait?,Yahoo,https://finnhub.io/api/news?id=f45a39888aa0b3c8df78539bd89296bdb45fd63b6886a244591c012e5b678ebd,0.0,0.696,0.304,0.8225
2025-04-09 12:19:00,Walmart Says Range of Outcomes for First-Quarter Operating Growth Widened on Tariff Impacts,Yahoo,https://finnhub.io/api/news?id=42da6c622d2b8d0656f616f85f2fabacc8be71479da2251a48163d8789732543,0.0,0.782,0.218,0.8519
2025-04-09 12:06:24,Walmart Reaffirms Sales Outlook But Warns of Tariffs Impact,Yahoo,https://finnhub.io/api/news?id=9e779524adcb430e8b3eee9de75b927875bd467555271d229a3476788cc8e432,0.174,0.73,0.096,-0.5927
2025-04-09 12:03:34,"Trump tariffs take hold, Delta pulls guidance: Market Minute",Yahoo,https://finnhub.io/api/news?id=46f6703c2ca3db0d921fcac4b65d4f10e13092bd920d54aca159ef69fbea17f6,0.084,0.904,0.012,-0.802
2025-04-09 11:41:00,Walmart Reaffirms 1Q Sales Ahead of Tariffs,Yahoo,https://finnhub.io/api/news?id=773a03e6417f38afb983a6ebf64b5baeb1de01165fc16bd22fdfcd0eb4ed088d,0.0,0.866,0.134,0.5423
2025-04-09 11:12:12,Walmart warns on Trump tariff risk to profits,Yahoo,https://finnhub.io/api/news?id=fcf5dc2c89f0b7d04d4fa380f9879fe9eda68d5a34e840149b312aa9d70338f9,0.172,0.686,0.142,0.1027
2025-04-09 11:06:00,Walmart Showcases Business Strategy Focused on Driving Growth and Shareholder Value,Yahoo,https://finnhub.io/api/news?id=b45a53784d84b4e9af8dc18ce4a587758568faac7757d93983a2524a007af8bc,0.0,0.64,0.36,0.9738
2025-04-09 11:02:58,"Walmart backs annual forecasts, aims to keep prices low amid Trump tariff woes",Yahoo,https://finnhub.io/api/news?id=3ef82ef3ee6507a64b2cf1dade778d916c5ad0f97d1793a59f8fef9a0f11f476,0.169,0.791,0.04,-0.9136
2025-04-09 10:59:08,"Stock Market Today: Dow Jones Soars 2,000 Points On Word Of Tariff Pause; Nvidia, Tesla Jump As Trump Stock Soars (Live Coverage)",DowJones,https://finnhub.io/api/news?id=3ca38b4faa9a2028d1ec80500a3169fe315981b5c0c7f33ee6d4c3b0af95e586,0.0,1.0,0.0,0.0
2025-04-09 10:59:00,"The Zacks Analyst Blog Highlights Walmart, Coca-Cola, HSBC and Friedman Industries",Yahoo,https://finnhub.io/api/news?id=316acd0b6f28a101d5f216361b1f776d0e03d55b05dcf9982cd94691205cbd5e,0.0,1.0,0.0,0.0
2025-04-09 10:51:00,Trump Tariffs Rock Treasuries. Why Stock Markets Face More Pain Amid China Standoff and 4 Other Things to Know Today.,Yahoo,https://finnhub.io/api/news?id=10aaedd91064c36dd1ac2d6b374757cc647117c4c8bca2919eed0d762ceaabff,0.187,0.778,0.035,-0.8479
2025-04-09 10:48:32,Walmart backs annual forecasts and vows to keep prices low amid tariff woes,Finnhub,https://finnhub.io/api/news?id=1334dcec71bfbe1e572df7703013ba4e19052095843244b89e06460c83c48913,0.244,0.708,0.048,-0.8176
2025-04-09 10:35:08,Walmart Confident About Tariff Resilience Despite Sales Volatility -- Update,Finnhub,https://finnhub.io/api/news?id=7fa9cb087e7ee57aa15b163a7a9729ce9d59ea682031ab7b0fc6387a040b0bb8,0.0,0.832,0.168,0.7543
2025-04-09 10:18:00,Walmart: Tariffs Increase Uncertainty on Profit Growth This Quarter,MarketWatch,https://finnhub.io/api/news?id=47097e3c2e126e9c33e40dfb355badeec1fc99f45eb1c802c3b773b6da3b7306,0.158,0.329,0.513,0.8689
2025-04-09 09:59:00,"Walmart sees a way to benefit from the tariff turmoil, and gain market share",MarketWatch,https://finnhub.io/api/news?id=0dd527e3d17d398d1830a103d511030a522eaf5c6ce75b8eeec95eb0a95aa1d6,0.118,0.474,0.408,0.9042
2025-04-09 09:50:00,"These Stocks Are Moving the Most Today: Walmart, Pfizer, Apple, Tesla, Delta, Peabody Energy, Nvidia, Ford, and More",MarketWatch,https://finnhub.io/api/news?id=94607a5e4439c6970c94078ebb32a977bf0c847faa5958925d5f73c8fe070b2f,0.0,0.89,0.11,0.4939
2025-04-09 07:45:17,Walmart leaves annual forecasts unchanged amid Trump tariff woes,Finnhub,https://finnhub.io/api/news?id=b440c4c5a073af4d647d17cb1cceb135b8ac7731286da8eb0bff909167a7ee7f,0.118,0.824,0.058,-0.4019
2025-04-09 07:10:27,Walmart reaffirms annual forecasts,Finnhub,https://finnhub.io/api/news?id=ef8f322b86a3ad3c42f88edc198417a0f06e9a97e8faaf187a1ff1cafc5d7100,0.0,0.925,0.075,0.3818
2025-04-09 07:02:58,Walmart reaffirms annual sales forecast,Finnhub,https://finnhub.io/api/news?id=d472a79d4408cdc15968a4dafe46ac34cc8fbe431fd5bc8235e925a052d14235,0.0,1.0,0.0,0.0
2025-04-09 06:46:25,Wall Street Breakfast Podcast: Easter Spending To Hop To $23.6B Despite Uncertainty,SeekingAlpha,https://finnhub.io/api/news?id=25806df4760050d75402b5728b82968a84c21d6d2cb755a9fad8905ebafbf29c,0.0,0.844,0.156,0.2584
2025-04-08 22:16:38,Walmart Inc. (WMT): Among Defensive Stocks Billionaire Ken Fisher is Betting On,Yahoo,https://finnhub.io/api/news?id=86dbeb1325751eb3e7da0df0403d8097fe4eb7a10ab2c958357e2a27dacdb238,0.0,0.919,0.081,0.4215
2025-04-08 20:31:00,"Top Stock Reports for Walmart, Coca-Cola & HSBC",Yahoo,https://finnhub.io/api/news?id=4669237d2daf1732993f86bb926e083a91e18f62033dd7d44796cfe1f6bafd98,0.0,0.913,0.087,0.4404
2025-04-08 19:41:45,Walmart CEO: ‘We’ll Be Focused On Keeping Price as Low as We Can’,Yahoo,https://finnhub.io/api/news?id=5f5df57567edc7b0ea2fee99bd3dbf55dba4cc3eb4deaa92fdf50b127f127bf6,0.032,0.842,0.126,0.7269
2025-04-08 16:33:00,All of Retail Wants a Tariff Playbook. Walmart Could Deliver.,Yahoo,https://finnhub.io/api/news?id=41d6aa5c3e8a424f84ad62744c4e0e639354cad326dcc512f39adc11da221384,0.0,1.0,0.0,0.0
2025-04-08 16:31:00,Walmart Inc. stock outperforms competitors despite losses on the day,MarketWatch,https://finnhub.io/api/news?id=c30b2b266e6859285d43da62ecedd594bf651bb4c5bee30da6e0467362711e5b,0.0,0.799,0.201,0.5448
2025-04-08 14:57:22,"As Trump Tariffs Spark Panic, Investors Rush Into These 5 'Recession-Proof' ETFs",Benzinga,https://finnhub.io/api/news?id=efc8fe51fcfe87005b2763a4aab8f68bdbf0722ca760ba59efa545d8238460e7,0.096,0.816,0.087,-0.3182
2025-04-08 14:24:30,2 High-Flying Stocks on Our Buy List and 1 to Avoid,Yahoo,https://finnhub.io/api/news?id=2cb5caaffe2463a26e1af7f0897333cf5c8ceeb16181de30a8d49ccdf7bb96b5,0.043,0.838,0.119,0.5994
2025-04-08 14:07:00,Walmart Stock's Recent Pullback: Should Investors Buy Now or Wait?,Yahoo,https://finnhub.io/api/news?id=c03330cd5dfb396e1c335d621f6b086eb6d2509c403678df963201ce5d469736,0.043,0.771,0.186,0.6222
2025-04-08 12:34:19,Trump tariffs pose significant profit risk to Walmart,Yahoo,https://finnhub.io/api/news?id=335d203d6804faeac4ab563401056fbd36295e26d5f03e376d2a879aaa020d0f,0.101,0.673,0.226,0.3818
2025-04-08 11:37:55,"Stocks rally on tariff hopes, China vows to fight: 3 things you need to know",Yahoo,https://finnhub.io/api/news?id=e6196157acc960d927cd1bde00d78e182662c4dcd05fb34ac826409d5aa99899,0.059,0.886,0.055,-0.4897
2025-04-08 11:00:00,Walmart+ Goes All-In with Week of Exclusive Member Benefit Savings for Walmart+ Week,Yahoo,https://finnhub.io/api/news?id=546d87f18a6bbea0221d706d30a634b0466867aa91e5217cb6c4b4e9f311253b,0.0,0.703,0.297,0.9794
2025-04-08 10:50:00,"Kroger, Lidl roll out Easter deals",Yahoo,https://finnhub.io/api/news?id=556d59f6f5e22018b462a98fb001bf856f5d6cad722eb7ad17fa73562bad4913,0.0,0.92,0.08,0.4019
2025-04-08 10:02:30,Some US consumers stockpile goods ahead of Trump's new tariffs,Yahoo,https://finnhub.io/api/news?id=6423ebff457d3784482764558de3349638434cb27288d6bf5a08c7f9ba5c39bf,0.0,0.919,0.081,0.5423
2025-04-08 10:00:00,How a Saks Fifth Avenue veteran is doing what many thought impossible: Turning Walmart into a fashion force,Yahoo,https://finnhub.io/api/news?id=6079f297fa5ecc45726dbb7345776eece7f0eaad5e4b80aff10cb43df13c4b71,0.0,0.924,0.076,0.4336
2025-04-08 07:15:00,Recession-Proofing Your Portfolio,SeekingAlpha,https://finnhub.io/api/news?id=2ab752356c3f58c4231fd378b6a8bad0c06f7634cd29b3b9df9021a06d80764f,0.0,1.0,0.0,0.0
2025-04-08 00:30:40,"Peter Lynch's Advice: 'If You Can't Explain to an 11-Year-Old in Two Minutes or Less Why You Own the Stock, You Shouldn't Own It'",Yahoo,https://finnhub.io/api/news?id=5864a90422b1d87c2f60193d468736148fab20d2e4d3229ce15ef6471421dd8e,0.035,0.827,0.138,0.7845
2025-04-07 19:59:41,Sector Update: Consumer Stocks Retreat Late Afternoon,Yahoo,https://finnhub.io/api/news?id=fdbe9811a2924da41a2e50ef41cebf025acca0d1183406639cee1327969874ce,0.092,0.833,0.075,-0.1027
2025-04-07 19:35:14,What Growth Opportunities Does Walmart See for Fiscal 2025?,Yahoo,https://finnhub.io/api/news?id=0b7262c72041f8459f53739dd5cafba8f68bb548f7a7ee873329a8ba18ace59a,0.0,0.547,0.453,0.7964
2025-04-07 18:30:00,Trump tariffs: Which retailers will be most resilient,Yahoo,https://finnhub.io/api/news?id=207c6f5d2f1cd0b1fcb0bb1f37605ae315a8523b515e7eb3d495cdab9799ba6d,0.047,0.936,0.017,-0.5719
2025-04-07 17:16:53,The Ideal Anti-Tariff Investment: TJX Companies,SeekingAlpha,https://finnhub.io/api/news?id=1f690dd6e588c04019a9e8372b539ef12abcdba5ab86400b4a0a7cc0400fe641,0.038,0.776,0.186,0.6983
2025-04-07 16:04:52,"Walmart's Advertising Business Expected to Drive Growth Over Next 5 Years, UBS Says",Yahoo,https://finnhub.io/api/news?id=451227aeded8f977cd21b87fd72fb11d23dfbbf841be563441a766a919bd4b55,0.0,0.843,0.157,0.6369
2025-04-07 16:04:37,Oppenheimer Cuts Its Price Target on Walmart Stock,Yahoo,https://finnhub.io/api/news?id=326f8a730324dbe51a9dc93998acf6fa432769274210ef795546f98a29e49c1c,0.238,0.762,0.0,-0.7964
2025-04-07 15:09:15,"Walmart Likely to Achieve Q1 Guidance, Oppenheimer Says",Yahoo,https://finnhub.io/api/news?id=b4d5a0a16b9a62361f35e1294dd715123fc2085a57e164567aef7c23ab3d089a,0.0,0.94,0.06,0.1531
2025-04-07 14:52:11,"Walmart Could Withdraw Full-Year Guidance Amid Tariff Volatility, Oppenheimer Says",Yahoo,https://finnhub.io/api/news?id=267dff7febcb920bac99b1b02f4342435912841e4d78bf53e4e8a517b4f202d7,0.0,1.0,0.0,0.0
2025-04-07 14:42:00,Dollar General and Dollar Tree Are Upgraded. They Have Room to Raise Prices.,Yahoo,https://finnhub.io/api/news?id=75bf51211ebad65fe63251176683748bb7ad22c5fb35ced5a4913b74624d7293,0.0,1.0,0.0,0.0
2025-04-07 13:32:35,Citi upgrades Dollar General as it has limited tariff exposure,Yahoo,https://finnhub.io/api/news?id=489c2c2f786ead0ca75e65e5f92ad93aeebedfc21febb21024cf11e5e8fed64b,0.043,0.89,0.066,0.25
2025-04-07 12:54:01,'I find it impossible to catch my bearings': Yahoo Finance community reacts to Trump tariff stock market plunge,Yahoo,https://finnhub.io/api/news?id=bc4f3650a1e20e9d8b3adfbdea6f9013b14dd80680c6236e81f64d9f4acb6145,0.128,0.838,0.034,-0.7269
2025-04-07 11:59:00,This Discount Retailer Has ‘Smaller Problems’ in Big Tariff World. Why the Stock Was Upgraded.,Yahoo,https://finnhub.io/api/news?id=e39095db21cd5eb7f3650ec2102562f8bd755efa72bcba94a504c2d96e7ddea1,0.088,0.912,0.0,-0.4404
2025-04-07 10:38:00,Target serves up Easter meal at last year’s price,Yahoo,https://finnhub.io/api/news?id=7ac32615f51ad46f2daebc005c85ee1c2ca0c673f6dd83c984ad1cd300626dd5,0.0,0.909,0.091,0.3612
2025-04-07 10:37:00,Walmart adds mass timber to new corporate HQ campus,Yahoo,https://finnhub.io/api/news?id=7f92ca8fda7c8b221e7cb80ab2d1e393efa311d660bef7eec5db9f076f4372b1,0.0,1.0,0.0,0.0
2025-04-07 08:25:00,Where Will Walmart Stock Be in 5 Years?,Yahoo,https://finnhub.io/api/news?id=e34c7d02dba8bc4f44889e2405264ab9fe8ca75be691962835a03811ccecfc25,0.035,0.965,0.0,-0.296
2025-04-07 07:17:58,Top 3 Defensive Stocks That Are Preparing To Pump This Month,Benzinga,https://finnhub.io/api/news?id=0348f25e1543c93bb4abf550f3f663c10a45510641b1df88886dde439d2e1e6f,0.0,0.756,0.244,0.2263
2025-04-07 06:00:00,Macroecnomic Recap: Expecting Recession In 2025,SeekingAlpha,https://finnhub.io/api/news?id=fbdbf7b5085e6e4159fd9d40e3300767597cbbf895c28cf67b1c50c4f139f1f2,0.153,0.712,0.135,-0.17
2025-04-06 23:08:14,I Buy These 4 Stocks To Weather Trump's Tariffs,SeekingAlpha,https://finnhub.io/api/news?id=179f666887a0f3a98154eaff6add4aadad7f4da76db2049c01bf89d5c4fbd9fa,0.0,1.0,0.0,0.0
2025-04-06 23:05:12,Is Walmart Inc. (WMT) the Best Counter Cyclical Stock to Buy According to Analysts?,Yahoo,https://finnhub.io/api/news?id=478d787db867d91ec635dea7d0a6ec4d0e02bd0ae3dc8db0add4b78a6eaa3b2a,0.0,0.82,0.18,0.9403
2025-04-06 22:14:00,Will Walmart's $2.3 Billion Advertising Bet Work Out Better Than Jet.com?,Yahoo,https://finnhub.io/api/news?id=46a58efa8236fdb208b79f3dfc40bdcd53a08b622a2d58c895c4708663eff17a,0.0,0.929,0.071,0.4939
2025-04-06 12:30:33,Why Trump tariffs have made it impossible to pick stocks,Yahoo,https://finnhub.io/api/news?id=5b9b2d84df69c8a2d1c6807f3ddd0a29fb354aa1c770613b675505aa3b8b5e3a,0.11,0.818,0.071,-0.2406
2025-04-05 17:43:32,Jim Cramer Sounds Alarm on Walmart (WMT): ‘I’m Concerned About the Quarter’,Yahoo,https://finnhub.io/api/news?id=a709b74756ab42e10678278533bbf9c16535c614264be2af5836d6f6cc660477,0.035,0.965,0.0,-0.34
2025-04-05 13:00:00,"Tesla's huge brand damage, Walmart's manager pay, Target follows Costco: Business news roundup",Yahoo,https://finnhub.io/api/news?id=d24492e195b2e81824dad5c79e7298431232d9a2ec4937a0d573c0b86d263096,0.175,0.758,0.067,-0.4019
2025-04-05 07:25:00,Where Will Walmart Stock Be in 1 Year?,Yahoo,https://finnhub.io/api/news?id=f9f77186aef2905e2cba64cf97455a6342360c85709c00a163671fdc2b9eecf6,0.0,0.821,0.179,0.5719
2025-04-18 19:09:12,Jim Cramer on Walmart Inc. (WMT): ‘Garden Variety Good’ Is More Than Enough,Yahoo,https://finnhub.io/api/news?id=e3924a47e38cc968d7bf7961279d24f3878bbd51c55a16760612bd25633eb17c,0.034,0.928,0.038,0.0772
2025-04-18 15:47:51,Discounted Walmart Shares Could Be Opportunity,Yahoo,https://finnhub.io/api/news?id=7bd55bbb195cb9efe919e45aec321e82f715b344d40ba0b9cf2825f3b21c4e8d,0.212,0.385,0.404,0.4588
2025-04-18 15:39:18,Is Walmart Inc. (WMT) the Best Performing Long Term Stock So Far in 2025?,Yahoo,https://finnhub.io/api/news?id=68f3f575efb6c67aabff9232d901033327b4b6b08c81c24c5aed942d37e413a8,0.0,0.842,0.158,0.9274
2025-04-18 11:03:00,7 Brew opens first walk-thru location in Walmart,Yahoo,https://finnhub.io/api/news?id=bf654be4874a9f07457a316392c2f26d9f1c2c52bc4eeb037109a5748c0c2590,0.0,0.917,0.083,0.4019
2025-04-18 03:13:55,Walmart Inc. (WMT): Among the Best Long Term Stocks to Buy According to Billionaires,Yahoo,https://finnhub.io/api/news?id=be5ea0d89ce2a42fcb07ee6e28581f747f16622d0e5f4ea36438e2b8cea279f7,0.0,0.825,0.175,0.9349
2025-04-17 17:33:19,Walmart (NYSE:WMT) Expands Regional Reach With Large Jacksonville Distribution Center,Yahoo,https://finnhub.io/api/news?id=2311a426c9e6f0dcdc24e454b4714446a4b1bfbf701e14b01759a8d280ab512d,0.03,0.851,0.119,0.7096
2025-04-17 14:48:51,RSPS: Consumer Staples Dashboard For April,SeekingAlpha,https://finnhub.io/api/news?id=df72db18853d19574e0986e8ac26807e6da4d980e8280315c0b7c4cce77c3b38,0.0,1.0,0.0,0.0
2025-04-17 14:48:15,What's Going On With Walmart Stock Today?,Benzinga,https://finnhub.io/api/news?id=2fdbf1348fdadf45dec6a05dd055d284b8acc15271e09d67be48a22d749cd591,0.0,0.905,0.095,0.3182
2025-04-17 14:00:00,"Walmart Opens New Distribution Center in Jacksonville, Florida",Yahoo,https://finnhub.io/api/news?id=1c7cc0da544b4305f59cce8bdb57e47c8b1c487d8c8a5a93f74d8430b5c03d29,0.0,0.9,0.1,0.8316
2025-04-17 11:16:35,Walmart makes same-day delivery more accessible with geospatial tech,Yahoo,https://finnhub.io/api/news?id=a5b40da73ff3bfc75a29e33b7a5bc4cc72bac07626a45751aabd86f48c590acf,0.055,0.849,0.096,0.2732
2025-04-17 10:30:00,SmartCentres Offers A Walmart-Backed High Dividend Yield,SeekingAlpha,https://finnhub.io/api/news?id=6fcc3bd796cef63ec6e269627fb4eb79101d2ef37d55930b64ee4053b6b99df1,0.0,0.928,0.072,0.3612
2025-04-17 09:00:46,Walmart will use geospatial tech to power delivery,Yahoo,https://finnhub.io/api/news?id=59bb6fa13ee260586125f949f71ba5debd0239a0f40bc18e86961dacedf5ae16,0.0,0.861,0.139,0.34
2025-04-17 08:15:00,Ports In The Storm: 3 REITs That Are Up Year-To-Date,SeekingAlpha,https://finnhub.io/api/news?id=40bb4a24e91c162ae96e599cdc1dabc263363a221bc6d3629453c4669770e6c7,0.0,1.0,0.0,0.0
2025-04-17 04:01:00,Big Companies Are Leaving Delaware. Can Its Governor Stop the Exodus?,Yahoo,https://finnhub.io/api/news?id=073e6174bb6b577f6442d341b74bb7c1d6ee91fd802d6908c4b792bd99745124,0.119,0.881,0.0,-0.6705
2025-04-17 03:10:00,Banks Outperformed For Q1 But Strike Cautious Tone For The Rest Of 2025,SeekingAlpha,https://finnhub.io/api/news?id=90062bfb281d6caa43bc28986752c2a9a4b13410ef8633f6c1737636dd2fea84,0.233,0.767,0.0,-0.3291
2025-04-16 21:10:38,Why Walmart Stock Slumped by 3% on Wednesday,Yahoo,https://finnhub.io/api/news?id=4608c0175d43eedfba2b92e929363c6ab131158d2895865f5557f8ce14f6a5f7,0.053,0.84,0.107,0.5994
2025-04-16 21:09:53,Is Walmart Inc. (WMT) the Best Blue Chip Stock to Buy According to Billionaires?,Yahoo,https://finnhub.io/api/news?id=3c3dd56d3a632ef0ca54d539f21f616c7e8dea555cce4bf5a128283fcea68ebd,0.047,0.797,0.156,0.8767
2025-04-16 17:40:00,Costco Bumps Dividend by 12%. It’s Still Lower Than Competitors.,MarketWatch,https://finnhub.io/api/news?id=c8c074d880e42b3518f21f0aac24c6cbd1a5a848c7fa0fb4120ae9d87fc803d4,0.196,0.804,0.0,-0.5267
2025-04-16 14:19:00,"Tariffs, Trump, and Turmoil",Yahoo,https://finnhub.io/api/news?id=8436752d0710ca5b7d5775434a70af10df6b7f47cc64ace6327998ce5e865fd1,0.095,0.847,0.058,-0.2732
2025-04-16 13:30:00,"NVIDIA Corp., Amgen share losses contribute to Dow's 300-point drop",MarketWatch,https://finnhub.io/api/news?id=758e8519124734f31818743bfa6519241d65321cf331d529704c97b743c88892,0.343,0.5,0.157,-0.6369
2025-04-16 11:00:35,"Walmart boosts tech presence in India with Chennai office deal, document shows",Yahoo,https://finnhub.io/api/news?id=937e959cdea8e4c2125903229f81a183270c8c3dbba19213cf50a1064a2417f0,0.0,0.908,0.092,0.8658
2025-04-16 06:58:05,XLP: The Winner Of The Market Rotation,SeekingAlpha,https://finnhub.io/api/news?id=ebb1a4d5e3f9457a4a13d639660b7ebe1fd24dc9d7304921b9d4b7c359dc489f,0.0,0.877,0.123,0.5859
2025-04-16 00:00:06,Walmart Bumps Manager Pay to Upwards of $620K — 5X More Than Before. CEO Says It's Time They 'Feel Like Owners' and Run It Like They Built It,Yahoo,https://finnhub.io/api/news?id=0234dec09ade3cf641a43b9bb2787ce124fd1e9ec2c02409b8bbc93b8f098fcf,0.038,0.83,0.133,0.8851
2025-04-15 17:32:05,Jim Cramer Sees Strength in Walmart Inc. (WMT) Despite Rate Worries – “Don’t Count Retail Out”,Yahoo,https://finnhub.io/api/news?id=b28bb3c5f63663ae1d10a97f11e58fc5b7965a19cc102be10347cc96645323fb,0.041,0.888,0.071,0.3252
2025-04-15 14:22:00,"Every Purchase Matters, With Fair Trade USA's Paul Rice",Yahoo,https://finnhub.io/api/news?id=fff40a68f32dbe798710d3f4dd4951b99efd6a45791b4951d6bb71488f5e63a2,0.026,0.746,0.227,0.9606
2025-04-15 14:02:05,Walmart Inc. (WMT): Among the High Growth Forever Dividend Stocks to Invest In,Yahoo,https://finnhub.io/api/news?id=cf782ef2b94785236d023ab0d65626863c30bddf58ae5d97feff3ce8791b3306,0.0,0.862,0.138,0.8625
2025-04-15 13:44:00,An Investor's Take on the Latest Tariff News,Yahoo,https://finnhub.io/api/news?id=5cd7b6d6584f2155966173e52deecda93652cab39c3163f597469eaf82130c6c,0.057,0.872,0.07,0.1531
2025-04-15 11:37:00,Albertsons Stock Drops After Earnings. It’s About the Outlook.,MarketWatch,https://finnhub.io/api/news?id=4b96015066f4dd178a9f4cdb429da2a15c8eb9eea93b3feb62f9cc04ccb96f36,0.0,1.0,0.0,0.0
2025-04-15 10:48:00,"As beauty continues to grow, TikTok Shop and Amazon will gain share",Yahoo,https://finnhub.io/api/news?id=53f08c69b5be6f8ea0ed9320a6e959450226e39ee66ec90bdc7edf34aa370fcf,0.0,0.636,0.364,0.9313
2025-04-15 08:47:00,Not So Fast. Large Institutional Investors Still Care About DEI.,MarketWatch,https://finnhub.io/api/news?id=8301487b3d8b96afb5522fa61bb76b20986c8e5e8642be0650d39b6b77d16161,0.0,0.738,0.262,0.7506
2025-04-15 07:15:00,PepsiCo's Valuation Hasn't Been This Low In A Decade - Time To Buy,SeekingAlpha,https://finnhub.io/api/news?id=a4b9377a33a8ef4c6882560a1c42e3c0503e447c0752d0733ec1fb4df18a4efb,0.165,0.835,0.0,-0.3346
2025-04-15 06:15:00,2 Attractive Income Plays Retirees Should Consider After Their Recent Sell-Off,SeekingAlpha,https://finnhub.io/api/news?id=fc0d3511245162588c64ad7532c33ce213619354796c447f191a0c5d12b7bd65,0.0,0.647,0.353,0.5994
2025-04-14 22:17:12,Why this analyst says Walmart is the 'complete package',Yahoo,https://finnhub.io/api/news?id=3d627031399e5683987e40435fe8ccfba8184730cba01f4c94e3f6e4d0e7207a,0.07,0.835,0.095,0.4939
2025-04-14 16:16:42,"Top Stock Picker Is Bullish on WMT, AMZN",Yahoo,https://finnhub.io/api/news?id=894cbcedae6179b46274eb39f3a550a2ad11d3f607ab791cfe5efab05825b005,0.0,0.92,0.08,0.6597
2025-04-14 15:40:09,MAKSY or WMT: Which Is the Better Value Stock Right Now?,Yahoo,https://finnhub.io/api/news?id=8ff8ee6db577aef2707d27d8c399ea6175ad2a55f3ce3bb63d1a99a88ad5aae6,0.0,0.608,0.392,0.8738
2025-04-14 15:24:00,"Dow's 500-point rally highlighted by gains in shares of Apple, Amgen",MarketWatch,https://finnhub.io/api/news?id=35252498fb89524b2fa5e9031aad0ad355981e09c7b36d73032de3f1e00f4416,0.0,0.662,0.338,0.802
2025-04-14 15:09:35,A Peer Comparison For Walmart: Valuation Keeps It A Hold,SeekingAlpha,https://finnhub.io/api/news?id=cceac6bc039578f8cc09b2499e122ca50382ff2391bd85b411592bb9176759d6,0.0,1.0,0.0,0.0
2025-04-14 13:28:00,Saga Partners H2 2024 Investor Letter,SeekingAlpha,https://finnhub.io/api/news?id=693be45bfa0edc4d392f7b5baa95fd8952f6cf1d8880252beda8190e7666a023,0.0,1.0,0.0,0.0
2025-04-14 13:00:15,Walmart Inc. (WMT) is Attracting Investor Attention: Here is What You Should Know,Yahoo,https://finnhub.io/api/news?id=9e5e2077160c3818e008bc4eb184f632080d6af8b148a3c20ae0a81d5db91068,0.0,0.823,0.177,0.8126
2025-04-14 12:10:22,Amazon Q1 Earnings Preview: Cheaper Than Walmart,SeekingAlpha,https://finnhub.io/api/news?id=f3cb8513802241acc682bc44e0ec7dfc2ee79582583e3a755ee595cc094bf347,0.0,0.779,0.221,0.1779
2025-04-14 11:56:00,"Apple, Travelers share gains lead Dow's 135-point climb",MarketWatch,https://finnhub.io/api/news?id=0e69b1f728d629c7ffb64a25982ab38008cb39e16328ad40b103ab2012f618ad,0.0,0.566,0.434,0.802
2025-04-14 08:00:00,The Children's Place: Upgrading My Bearish View Following Further Improvements,SeekingAlpha,https://finnhub.io/api/news?id=325aa0e5f8b7687d32decc22c2ee3e48355fbdb7dbc0f131dedaf418227c32f2,0.054,0.751,0.194,0.6597
2025-04-14 01:37:51,Indian shrimp industry sails in troubled waters after Trump tariffs,Yahoo,https://finnhub.io/api/news?id=b84d6f5233cec651d32525f8aabf9342f6f62d0142fe5568043012bd88b3e08c,0.064,0.826,0.11,0.6994
2025-04-13 21:45:29,“Balance Sheet to Win… But I’m Concerned!” – Jim Cramer on Walmart (WMT)’s,Yahoo,https://finnhub.io/api/news?id=d631e794729f9029f028ca46d9dbde5bb46494804ab19dc5504df912d47d293e,0.063,0.937,0.0,-0.68
2025-04-13 14:23:03,PFM: Dividend Growth ETF With High Fees And Average Result,SeekingAlpha,https://finnhub.io/api/news?id=f3d8630b0a36d538c7de984815e01ea673951c2b0c1d5b3aa52588539d547dbf,0.0,0.776,0.224,0.3818
2025-04-13 12:30:10,Trump tariff era means you may have to wave goodbye to earnings guidance,Yahoo,https://finnhub.io/api/news?id=e7d2bb9a4ec15b57acdfafacd93de65c69ae7ce7b7bbd83ab90cf3a02e95fc2e,0.091,0.909,0.0,-0.4215
2025-04-13 10:30:00,"Is Walmart a Buy, Sell, or Hold in 2025?",Yahoo,https://finnhub.io/api/news?id=94bde7f8811c3bef0f1d7d278a43d5e823b9fc9710244800bca5442e9421ef9b,0.0,1.0,0.0,0.0
2025-04-13 10:28:00,Another Earnings Season Is Here. Why Results Don’t Matter as Much This Time Around.,MarketWatch,https://finnhub.io/api/news?id=4f6361647d47de86228338b99c1f7de86cd3ec984ebfffac261d194f52af2ae8,0.0,0.922,0.078,0.0516
2025-04-13 08:01:00,Navigating Today's Volatile Market: A Stress-Free Approach,SeekingAlpha,https://finnhub.io/api/news?id=f550b61b366c64e835b4cb13ccf6ac34159c26dff6938ed36481c05c9cfa4ca3,0.066,0.877,0.058,-0.0772
2025-04-12 20:30:00,Best Stock to Buy Right Now: Walmart vs. Target,Yahoo,https://finnhub.io/api/news?id=5340e51829a77dc493b4db7ffb5edd1e1ec4f3f0d80f9503657b95a7fdfd19b8,0.0,0.9,0.1,0.6369
2025-04-12 12:11:58,Why Walmart’s (WMT) Defensive Appeal Comes at a Steep Price,Yahoo,https://finnhub.io/api/news?id=61ef1702197837660d937ef07b494b410d8facfcba366b54a9642e8511370b34,0.104,0.751,0.145,0.2732
2025-04-12 11:30:57,"Meet Walmart heir Steuart Walton, the most powerful board member you’ve never heard of",Yahoo,https://finnhub.io/api/news?id=6f361ac0394166fe7c88461e0a813444bb14fd67af52f221fbe6a25828bca876,0.0,0.909,0.091,0.6353
2025-04-12 11:28:56,"Meet Walmart heir Steuart Walton, who will lead a new era for the retailer",Yahoo,https://finnhub.io/api/news?id=e87fb60b9e0b425eca528926f99df7fce8597135d7281ccdb6eb9de18e9131ef,0.021,0.943,0.036,0.128
2025-04-12 08:30:00,How To Buy Low And Sell High Consistently For Lifelong Wealth,SeekingAlpha,https://finnhub.io/api/news?id=98245e313a1904662c3f16550cb0717c1994123cf8eff3760881c035898779cd,0.147,0.629,0.224,0.2732
2025-04-12 07:00:00,‘Made in America’ Clothing Is Possible—and Profitable. Ask American Giant.,Yahoo,https://finnhub.io/api/news?id=0b79da2574f13e2b12482385cd68d4bbb777e0c07933b20a74a88c1dca78e589,0.0,0.906,0.094,0.4404
2025-04-11 21:20:51,Why Walmart Inc. (WMT) is Among the Best Organic Food Stocks to Buy According to Billionaires,Yahoo,https://finnhub.io/api/news?id=022fa49670c8d3ee97686e460ff12367d1a37cbc285e4ce7b7f9238c16faf10d,0.0,0.846,0.154,0.9274
2025-04-11 19:11:20,Walmart Gets Buy Signal from Mizuho as Safe Bet in Unsteady Market,Yahoo,https://finnhub.io/api/news?id=a23330371aea76d92ff3c7c7c3eb4f5708bf0edb37e77b89b1b280f715931dc8,0.119,0.793,0.088,-0.25
2025-04-11 18:08:38,Costco Amidst Tariff Risks: To Have Or To Hold?,SeekingAlpha,https://finnhub.io/api/news?id=04e29bdabf13c06ee202c3dbc0732eb0fa741e8ac18218a3f4217edd6d86b408,0.18,0.773,0.047,-0.5859
2025-04-11 18:00:21,Jim Cramer on Walmart (WMT): “They have Pricing Power… The Chinese Can’t Go Up Against Walmart!”,Yahoo,https://finnhub.io/api/news?id=ca609bfe45cfc1cdb9d23c2915ab7c068e36abdb5b3e66334fb54a486aa30508,0.036,0.964,0.0,-0.4003
2025-04-11 17:21:17,Shapermint Expands Into Walmart (NYSE:WMT) Bringing Shaping Essentials To Wider Audience,Yahoo,https://finnhub.io/api/news?id=80d2f4101ee57fadbe0979b94fd0403413b91dfbd0f7c24fabef8243fee0065d,0.0,0.897,0.103,0.8176
2025-04-11 15:15:00,"Walmart Stock Is a Buy, Analysts Say. It’s the ‘Complete Package’— Even in a Trade War.",Yahoo,https://finnhub.io/api/news?id=dfad2fbfd060c060eb8b4cea25a570f03e59e3d012cf93aba2c0e88ede5a5652,0.057,0.91,0.032,-0.4019
2025-04-11 15:03:16,Why AI Robotics Stock Symbotic Jumped 16% This Week After Hitting a 52-Week Low,Yahoo,https://finnhub.io/api/news?id=038ec7be295f0c210061421f3488e84215a73e01fa10db00678bededf2178069,0.127,0.873,0.0,-0.296
2025-04-11 14:04:00,Warehouse-club foot traffic jumped nearly 10% in the week before ‘liberation day’ tariffs. But signals are mixed.,MarketWatch,https://finnhub.io/api/news?id=ede8a0312580c25c760917202ffe985902fd85ffd3b05a9b678a0cce44837c89,0.0,1.0,0.0,0.0
2025-04-11 13:36:20,"Walmart, Target initiated: Wall Street's top analyst calls",Yahoo,https://finnhub.io/api/news?id=d818c45c9b674a31c9d7b43d45120ce04c1586d077a76ba6c6a248d1161f4761,0.0,0.795,0.205,0.3818
2025-04-11 13:24:39,"Mizuho starts coverage on retailers, prefers Walmart over Costco, Target",Yahoo,https://finnhub.io/api/news?id=c48eca0d67f9dcf884ae793de3b8d9f48ba71c7787804161cf1c5552c963397c,0.0,0.857,0.143,0.7178
2025-04-11 12:09:00,1 Magnificent S&P 500 Dividend Stock Down 49% to Buy and Hold Forever,Yahoo,https://finnhub.io/api/news?id=f3dc195a09353ecdf29c4a1db8fb9b30ddf5c7e2224876f1c5c31551ce299a61,0.0,0.723,0.277,0.8885
2025-04-11 12:04:21,Mizuho Initiates Coverage of Walmart (WMT) with Outperform Recommendation,Fintel,https://finnhub.io/api/news?id=474b806637918b2218407329ae35d2adbb6391fc0bcafdde28767fa8d0ad2ee5,0.0,1.0,0.0,0.0
2025-04-11 11:59:52,"AI, Gen AI tool helps Walmart cut fashion lead time by 18 weeks",Yahoo,https://finnhub.io/api/news?id=c3d80f4d53f2b8cda4cfe26c8c9eb792feae8f1a51c18ab623dbcd89f9466efe,0.094,0.848,0.058,-0.1531
2025-04-11 11:56:00,"Thousands of Marketside celery sticks sold at Walmart are being recalled due to fears of Listeria, a potentially deadly bacterium",Yahoo,https://finnhub.io/api/news?id=966e4680fa284144698fc5699dcbf7a91ecb713cf30ab62ddda5da37a6c0f7f0,0.061,0.939,0.0,-0.4215
2025-04-11 11:49:00,The U.S. Came Close to Financial Disaster This Week—and Could Come Close Again,MarketWatch,https://finnhub.io/api/news?id=2a9a6e13c729c1758e2ff9a7c339e79a0958247d79902bb5a751a169161aaa6d,0.255,0.745,0.0,-0.8481
2025-04-11 11:41:00,The Weekly Closeout: JD Sports now ‘bigger than Foot Locker’ and is Rite Aid mulling another bankruptcy?,Yahoo,https://finnhub.io/api/news?id=de1e8ff89dc5198f929c85d750a7c5af380f0d68f50e58976325062c2a9347b8,0.0,0.939,0.061,0.3566
2025-04-11 11:08:00,The Friday Checkout: Will Walmart’s online allure accelerate its grocery business?,Yahoo,https://finnhub.io/api/news?id=8cdb73befd21af27a744b608eec5d1b1fd9b76939cc9b702376fe1f51675b831,0.043,0.848,0.109,0.4588
2025-04-11 10:29:06,"Sheriff: Walmart employee kills co-worker in Georgia store, woman at nearby home, wounds another",Finnhub,https://finnhub.io/api/news?id=ae6f434c09b9ff94ffb7d65f7bcee8e2f89e1b2b91cbf93d51a1fde4ebc615c2,0.157,0.843,0.0,-0.8402
2025-04-11 08:06:00,Walmart's Bold Move to Reaffirm Its Full-Year Guidance Is a Positive Sign for Stock Market Investors,Yahoo,https://finnhub.io/api/news?id=c57360c9da287a9083aff2d03a9ee2679ed36d41bfada22ecac92b2b35172a32,0.055,0.708,0.237,0.7906
2025-04-11 08:04:24,This Walmart Analyst Begins Coverage On A Bullish Note; Here Are Top 5 Initiations For Friday,Benzinga,https://finnhub.io/api/news?id=403afec2dd51ab1400ab0605a586d80b33185523f145e52b4bcb142f3b90df2d,0.0,0.893,0.107,0.2023
2025-04-11 07:03:00,Embrace The Fear: 2 Safe-Havens To Take Shelter In During The Market Storm,SeekingAlpha,https://finnhub.io/api/news?id=1e50055b892bdf7b4f7d7896044099f2fa53a6e6cb0289b1b34f250b4e908685,0.149,0.658,0.193,0.3182
2025-04-11 06:59:00,Logitech Is the Latest Company to Pull Guidance Citing Tariff Worries. Why This Is Just the Start.,MarketWatch,https://finnhub.io/api/news?id=9f1b993af5d1530859450ecf107cabd523468a10f762e403f7bfae5c6ccd0a58,0.149,0.851,0.0,-0.6808
2025-04-26 21:08:49,Analyst Explains Why Walmart (WMT) Can Absorb Tariff Shock Better Than Others,Yahoo,https://finnhub.io/api/news?id=426e748d6538674f1208a1a0ddf74e84ca24e7d1a0f71ab7ec89e004807cf234,0.036,0.876,0.089,0.4404
2025-04-26 13:45:00,"Contrarian Opinion: Tariffs, Inflation, and Recession Fears Could Be a Tailwind for This Retail Stock and Propel It to a $1 Trillion Valuation",Yahoo,https://finnhub.io/api/news?id=6f1a92cd75bcdb4148874024e11b0db76693e5b49b84090a58cebf4a2b5818cc,0.119,0.826,0.055,-0.4588
2025-04-26 12:05:00,7 Reasons to Buy Walmart Stock Like There's No Tomorrow,Yahoo,https://finnhub.io/api/news?id=e21c4e872704cdc794029e909b46a3e69598f9964312faada779face781a9d0f,0.097,0.664,0.239,0.4939
2025-04-25 21:19:49,Nintendo Switch 2 Pre-Orders Are Hot Tickets After Tariff Delay,Yahoo,https://finnhub.io/api/news?id=07fa85873e1ba233f741c1de2dd54843167dd836a470d432a1d3953729ac5ef9,0.069,0.931,0.0,-0.3182
2025-04-25 20:53:00,"Top Stock Reports for Walmart, Toyota Motor & Boston Scientific",Yahoo,https://finnhub.io/api/news?id=43813b5bc038683b08570253bae4474f6d445244f4a1121f8a32d64b9043c671,0.0,0.915,0.085,0.4404
2025-04-25 20:27:28,3 retailers that are 'heavily insulated' from tariff volatility,Yahoo,https://finnhub.io/api/news?id=6445987a2632e1d74b99eece97089cf0ff3cf5a1f38421a7aedbe1d1ea0a9814,0.045,0.876,0.079,0.5319
2025-04-25 17:37:49,AI for duty drawback: Get back 99% of what you pay in tariffs; Walmart’s drones | WHAT THE TRUCK?!?,Yahoo,https://finnhub.io/api/news?id=fbcaf4a60257eec8b43a11af1354735a6d74f538fb308e326d805686e5ba6580,0.074,0.897,0.029,-0.5917
2025-04-25 13:22:57,Trump Trade War Update: Shipping Cancellations Could Rival 'Those Of The Pandemic',Yahoo,https://finnhub.io/api/news?id=0aa60d33a69b0861426f2c5858927835bb5146310be4e90c34f2c41cd6ccbb64,0.121,0.852,0.027,-0.8442
2025-04-25 13:00:15,Here is What to Know Beyond Why Walmart Inc. (WMT) is a Trending Stock,Yahoo,https://finnhub.io/api/news?id=bedb693006634abd99b6812cfd5928601aeb1b0a9b42b1f0a2551023da4506df,0.0,0.898,0.102,0.4767
2025-04-25 09:52:14,The Friday Checkout: Walmart takes a page from Costco’s playbook,Yahoo,https://finnhub.io/api/news?id=baab468246fdfc420e87d5b72ecb68626310b192dea56e5efefbfd8899ad6084,0.0,0.888,0.112,0.4215
2025-04-25 09:45:12,XLP: A Well-Built Fund That Should Outperform In The Current Economy,SeekingAlpha,https://finnhub.io/api/news?id=a3c01f100aac5113b437295c74302e887be5db0c07fe9128dc9d0140c7d2f426,0.066,0.934,0.0,-0.3597
2025-04-25 09:30:59,"Shoes, Toys, Apparel And Earbuds May Disappear From Shelves First As US-China Trade War Disrupts Supply Chains, Retail Experts Warn",Benzinga,https://finnhub.io/api/news?id=e6d4ff4b3c2566c159d80fede85194b7727668499db3ed78ac3cb039d15db335,0.221,0.779,0.0,-0.9186
2025-04-25 09:09:26,"3 Big Numbers: Examining major changes for QuikTrip, Walmart and 7-Eleven",Yahoo,https://finnhub.io/api/news?id=8b1c964f8dce94375470ddca20abc7d9368ee95b2f32d2601fa28f82d8839048,0.0,0.925,0.075,0.3818
2025-04-25 07:20:00,Google Gives Stock Markets Hope of a Big Tech Comeback and 5 Other Things to Know Today,MarketWatch,https://finnhub.io/api/news?id=a5683c1987b29bc30663251cf33ad4a428ed37f923c461adaa428c8854586a57,0.0,0.847,0.153,0.7003
2025-04-24 22:48:00,Walmart Walks the DEI Tightrope in Latest Proxy Statement,Yahoo,https://finnhub.io/api/news?id=cdb997e62112dd3b4963433a422228f64edf5709d199e1a2372d3f52dc8b4530,0.038,0.929,0.033,-0.0772
2025-04-24 22:15:00,"Pandemic-era shortages may return without trade-war deal with China, businesses warn",MarketWatch,https://finnhub.io/api/news?id=69b5c0edcaf84708dbb0679bbf2958c5fd6751e1c7daf627aed7aceb30c16a99,0.25,0.75,0.0,-0.4588
2025-04-24 22:01:36,Walmart CEO Doug McMillon’s $27M Pay Package and the Headaches that Come With It,Yahoo,https://finnhub.io/api/news?id=bc4656394e6cd1cfaddb642fa064c105cf796ff0a752e714ab5e7620d49e95a6,0.076,0.924,0.0,-0.2023
2025-04-24 21:25:00,Walmart Releases 2025 Annual Report and Proxy Statement,Yahoo,https://finnhub.io/api/news?id=a5403a9444cb71b8bfeede44b192dfada6fcb1f37dd23c66e28ecd88686cca5b,0.0,1.0,0.0,0.0
2025-04-24 17:46:10,Walmart : Proxy Statement (2025 Proxy Statement),Finnhub,https://finnhub.io/api/news?id=129a2c1753eaf53f00521222adbe42896664e60dafe5b6fc77908de3eb0d4e2b,0.0,0.798,0.202,0.7269
2025-04-24 17:46:10,Walmart : 2025 Annual Report (Walmart 2025 Annual Report),Finnhub,https://finnhub.io/api/news?id=716aee648c0f1d8b57d66d18c92ea52731e74d4ba572cd4d57d00daeab839c3d,0.0,0.914,0.086,0.4404
2025-04-24 17:46:09,Walmart : Letter from the CEO (FY25 CEO Letter to Shareholders),Finnhub,https://finnhub.io/api/news?id=b3fe0e279ac494ff23305753c76b2aafcaa3d06f1e66fae79581c3ca6db80a1e,0.0,0.755,0.245,0.9001
2025-04-24 17:46:09,Walmart : Proxy Notice (WALMART INC. V N%26A Z89460 P27000 P26298 25%28%2386751%29 C4),Finnhub,https://finnhub.io/api/news?id=7b28166fa6bbb2745343c8aa89aa7775b26e4fb4aca0abf7a480de60d2e8f847,0.0,0.928,0.072,0.3595
2025-04-24 17:46:09,Walmart : Proxy Ballot (Proxy+Ballot),Finnhub,https://finnhub.io/api/news?id=d77dc20b4e4ec3931f941551d8105929bd8f3d9e914e16b45ec65d2f66bbe3d6,0.0,1.0,0.0,0.0
2025-04-24 17:23:06,Walmart Asks Two Board Members to Extend Tenures Amid Succession Planning,Finnhub,https://finnhub.io/api/news?id=9e86ab311cf3e1e44317ef94ac818d7c46f2be897082eaa1fddcc5fdc2d568d7,0.0,0.841,0.159,0.6597
2025-04-24 15:42:52,Market Chatter: Walmart Ramps Up Discounts to Boost Sales,Yahoo,https://finnhub.io/api/news?id=521605b89efa91d0a575bd6dacca4532b10965121b47b258d325b7715147522f,0.045,0.627,0.328,0.8591
2025-04-24 15:30:53,Whirlpool CEO: 'Call me pro tariff',Yahoo,https://finnhub.io/api/news?id=6a1455e1c8248f230a6b4ea1af9c2053f81f51ae3bac8bc415d635acbb327c4d,0.0,0.886,0.114,0.4019
2025-04-24 13:54:45,Nintendo Stock Hits All-Time High Amid Switch 2 Preorder Frenzy: What You Need To Know,Benzinga,https://finnhub.io/api/news?id=de999fff8545957cc694438c2c2cc461b5a4c72c1fa587d8e9565dadb3d5fd2f,0.072,0.928,0.0,-0.4215
2025-04-24 13:51:40,Walmart and Target CEOs warn Trump: Tariffs could mean empty shelves,Yahoo,https://finnhub.io/api/news?id=e115a5befde2bb1f80da19b8749f42088be232a23ae27a902c7f7b88226ed15a,0.208,0.792,0.0,-0.6249
2025-04-24 13:02:00,1 S&P 500 Stock to Target This Week and 2 to Keep Off Your Radar,Yahoo,https://finnhub.io/api/news?id=e374e6cfcd9898be8161a723f988ae9c4dc7f033b93e303baf9a2de59b81d8f6,0.109,0.821,0.069,-0.296
2025-04-24 12:48:00,"Walmart, Target, Home Depot tout productive meeting with Trump as tariffs threaten the holidays",Yahoo,https://finnhub.io/api/news?id=08a960e12ae5ad4da53ce5195a4303a01594fa7bd0e81b1e39b635e72825aac9,0.103,0.781,0.116,0.128
2025-04-24 12:42:00,"Nintendo Switch 2 preorders crash GameStop after shoppers report similar bugs at Target, Best Buy and Walmart. Most retailers are out of stock.",MarketWatch,https://finnhub.io/api/news?id=dd41b14cf4ac5cfd2615b316a6449910cadffac4358146b5e742e882110af37d,0.097,0.753,0.151,0.6124
2025-04-24 12:34:00,3 Dividend Kings That Have Raised Their Payouts in 2025,Yahoo,https://finnhub.io/api/news?id=aaf403aa4a2b5a5961a6af58150510fcbcf3c773399548c4b1ec20b870d9482f,0.0,0.852,0.148,0.9184
2025-04-24 11:00:36,Q1 earnings trends: Companies pulling outlooks due to tariff risks,Yahoo,https://finnhub.io/api/news?id=868f1e3bbb720c37753cc29221d26c0e5fcf26847904a33b470b6645d3b44384,0.047,0.934,0.018,-0.2065
2025-04-24 09:58:23,Walmart China to help Chinese exporters expand domestic sales,Finnhub,https://finnhub.io/api/news?id=46825eb3d6c8edd36dfd582fc246e24af41280b43a183675917d41daef8b0dd6,0.0,0.736,0.264,0.8807
2025-04-24 09:15:00,Walmart: Are Shares A Buy Before Q1 Results?,SeekingAlpha,https://finnhub.io/api/news?id=17e28b9be4aa541a6f9cc82d59c1da8b7c37ea7b457e4d85f4fea3ca96890bfc,0.0,0.725,0.275,0.8503
2025-04-24 08:37:35,"Analysis-Nestle, rivals ease US price hikes in bid for anxious American shopper",Yahoo,https://finnhub.io/api/news?id=f9bdd24daab7e143164d69afd3ea3e5e1594013e718c2d562ffd38c090d56dec,0.148,0.814,0.038,-0.9022
2025-04-24 07:33:51,"Trump’s U-Turns on Powell, China Follow Dire Economic Warnings",Yahoo,https://finnhub.io/api/news?id=5a28d22e056bd2b0c95bcae8d8694194d1a4124185c6a439ccad937ce1f494ba,0.103,0.763,0.134,0.4404
2025-04-24 07:00:00,"Inside Walmart’s all-in playbook for generative AI, agentic tools",Yahoo,https://finnhub.io/api/news?id=e3e802d1e74df882b379cb27a6536629c16d0c4c0954902bcacb6c669a396ad1,0.0,1.0,0.0,0.0
2025-04-24 03:31:21,"US Pressures India To Open Its $125 Billion E-commerce Market To Amazon, Walmart: Report",Yahoo,https://finnhub.io/api/news?id=17cfa95c5065a6e84fcdfbe1c1a02a11055d2d496253a478be00b3704a6be303,0.039,0.805,0.156,0.7184
2025-04-23 17:21:00,Talk of a Trump pivot on China tariffs is helping stocks — but U.S. companies want actual trade deals,MarketWatch,https://finnhub.io/api/news?id=a0bd7e0d1c3afc46e04e013f8d0cb48b839e4ee7d8ef4934e7e40fd3bdaab696,0.0,0.823,0.177,0.6486
2025-04-23 16:42:00,"Why Hasbro, Mattel, and Walmart Stock Investors Love President Trump's Latest Tariffs Promise",Yahoo,https://finnhub.io/api/news?id=11cfa75e36e4a62b9b4e627d9b2c4b0154eef19372678877f3bb001008817d3f,0.0,0.854,0.146,0.7579
2025-04-23 16:29:36,"Trump backs down on China tariffs day after meeting with Walmart, Target CEOs",Yahoo,https://finnhub.io/api/news?id=18be47de72ccb208e6a554e369e030f96c2fa7901db72412cb1c6d58f5fa3c01,0.048,0.952,0.0,-0.0516
2025-04-23 15:24:00,Is Walmart Inc. (NYSE:WMT) the Best Stock Under $100 to Buy According to Hedge Funds?,Yahoo,https://finnhub.io/api/news?id=0218b9820d2112c2fc63696786c95115fbb41d02e4bad136d20861eff6be3d06,0.0,0.891,0.109,0.8555
2025-04-23 14:17:00,"Walmart, Home Depot, Target tackle a major customer concern",Yahoo,https://finnhub.io/api/news?id=747695e22d120b697fbe7ed2e0f6e42ff691b09f79e8f10f5c678ff4bdfb7179,0.111,0.82,0.07,-0.25
2025-04-23 13:00:00,Amazon and Walmart keep chasing faster deliveries to woo shoppers,Yahoo,https://finnhub.io/api/news?id=19d71b7d133a5083be04b13efe65cde6cb7fd922e164fb15f88a1823acee8da6,0.0,0.792,0.208,0.6808
2025-04-23 10:00:00,Inside Walmart’s aggressive c-store growth plans,Yahoo,https://finnhub.io/api/news?id=eccb8d18c913ccb4b77516a730b67bc2293a59f8c658763a6e6e9df9ea63c528,0.039,0.843,0.118,0.5106
2025-04-23 09:30:00,3 Stocks That Could Create Lasting Generational Wealth,Yahoo,https://finnhub.io/api/news?id=347944500f10f7ce324afb62d9e25f59dffb2b30f1ccaaf63bdc5b36492749d0,0.0,0.739,0.261,0.7506
2025-04-23 07:03:00,2 Oversold Industrial Powerhouses Long-Term Dividend Investors Should Consider,SeekingAlpha,https://finnhub.io/api/news?id=f68239818a3a0988064f3a90f4ea346671a02ef4bb4103ee32abebe4699b9204,0.0,1.0,0.0,0.0
2025-04-22 17:59:00,"Why Shares of Amazon, Walmart, and Home Depot Are Rebounding Today",Yahoo,https://finnhub.io/api/news?id=a98f6e9f3ae7c888ed0c0786347e18ada933e763a04d666105613afc487629df,0.0,0.767,0.233,0.9441
2025-04-22 17:34:47,Walmart (NYSE:WMT) Expands Incontinence Product Range With Because Collaboration,Yahoo,https://finnhub.io/api/news?id=7c4e24e220d6938bf982009e1d5116da365a0ecba816ca4dd9c77cb75dc63f48,0.0,0.779,0.221,0.9528
2025-04-22 17:33:00,Retail Is Tough. Amazon and Walmart Stock Can Both Win in a Downturn.,Yahoo,https://finnhub.io/api/news?id=274cfa9a8b2301d9449f5a63f9cfbe9b9700eaf2c91d07d9067dae403d4d6175,0.069,0.827,0.105,0.5574
2025-04-22 16:45:52,"Walmart, Amazon, Aldi, Costco make NRF’s Top 50 Global Retailers list",Yahoo,https://finnhub.io/api/news?id=f0d33af5d3c9ce002fa257c214c6582724efecd9cc08019b8b366b9e44225ea4,0.0,0.705,0.295,0.7269
2025-04-22 15:45:00,Amazon’s stock is cheap relative to Walmart’s. Why investors are making a mistake in their flight to safety.,MarketWatch,https://finnhub.io/api/news?id=7ec8a65457c0e477a912ba7d99fbeea5ba14837f22a333d8db1c845f5d384fb0,0.113,0.755,0.132,0.2023
2025-04-22 15:41:31,Walmart’s Flipkart to relocate HQ to India ahead of 2026 IPO,Yahoo,https://finnhub.io/api/news?id=3f741b5de8784f17c3351a617fbdc82015fd6e91398b9554adf19be5e96835c1,0.0,1.0,0.0,0.0
2025-04-22 15:35:00,"Walmart, Target CEOs discuss 'path forward' with Trump as tariff concerns weigh on consumers",Yahoo,https://finnhub.io/api/news?id=28d2a682cd3164e2786ac360e5bc46d90aaefd093378147672cca1f05d1f1d39,0.0,1.0,0.0,0.0
2025-04-22 14:20:00,Wall Street Lunch: Tariffs Take Center Stage In Earning Reports,SeekingAlpha,https://finnhub.io/api/news?id=303a45a4bed15855a242dd5b08b292e1eba0d5529bbbd1205bbc2646a057717e,0.0,0.865,0.135,0.6124
2025-04-22 14:15:00,Amazon and Walmart Stocks Are Casualties of Trump’s Tariffs. Here’s a Way They Could Benefit.,Yahoo,https://finnhub.io/api/news?id=971dd346bf25b6835b6c52f2f0394d87f24c778cfaf1efabd3ead6844b905dae,0.0,0.65,0.35,0.9201
2025-04-22 12:57:00,Walmart vs. Kroger: Which Retail Giant is the Smarter Buy Today?,Yahoo,https://finnhub.io/api/news?id=e22a8dc6192f2e72ecb28ec89a0eb6cc0f8d9a9fc8c4b45d3b4fec0da3a62fbb,0.0,0.524,0.476,0.9583
2025-04-22 12:56:16,"Market Chatter: Trump Administration Pressures India to Give Amazon, Walmart Full Access",Yahoo,https://finnhub.io/api/news?id=b6fc3772747cff24ad591e73ecca2aeea78be3da3cf22cfc1595a948fceadd19,0.072,0.781,0.147,0.34
2025-04-22 11:50:00,"Should You Buy Walmart Stock With $1,000 and Hold Forever?",Yahoo,https://finnhub.io/api/news?id=10ef3aaed77c83722bd9abc672380757628e4730e2d8279f24639e97f78658dd,0.072,0.822,0.106,0.25
2025-04-22 08:07:15,Flipkart to relocate headquarters from Singapore to India,Yahoo,https://finnhub.io/api/news?id=5e442b6ff83ae12f64fe7bb0e080d6d7808c51b52c742b3e378d9169d3287a94,0.0,1.0,0.0,0.0
2025-04-22 04:15:28,Walmart-backed Flipkart to shift base back to India from Singapore,Yahoo,https://finnhub.io/api/news?id=df8aae30b3edc033d1c85aa1482472095b8df630503d2cf9eb12998a874b6fc6,0.016,0.87,0.114,0.8602
2025-04-22 04:14:18,"India under tariff pressure to give Amazon and Walmart full market access, FT reports",Yahoo,https://finnhub.io/api/news?id=ac2e71a1932d722f1bf47afa8f94ade2327f83617a64ec9cb7e4c3e5cb0af036,0.015,0.918,0.067,0.4118
2025-04-22 02:18:01,Walmart Inc. (WMT): Among Stocks That Could 10X Over the Next 2 Years,Yahoo,https://finnhub.io/api/news?id=d62e63cefb89e25abe9ae2e74592261cba506136bef0aba0d1cb8242510d984a,0.035,0.965,0.0,-0.3612
2025-04-22 01:00:00,Retail Inventories Are Rising. Watch the Margins.,MarketWatch,https://finnhub.io/api/news?id=e8ef625649fe8ec75f051153b3ef88515a38b6fc1175fdb85e4c82d24ae57dd6,0.0,1.0,0.0,0.0
2025-04-21 21:45:33,Walmart (WMT) Stock Moves -0.87%: What You Should Know,Yahoo,https://finnhub.io/api/news?id=83a76896ad1663ddb7b02ccef092a66c4c6cdd7387691945dde3cb627e0fc410,0.0,1.0,0.0,0.0
2025-04-21 14:46:20,"Stocks, Dollar Sink on Threats to Fed Independence: Markets Wrap",Yahoo,https://finnhub.io/api/news?id=183cda9acd331df0ca9feda571cdc41785b57c485ada57aef24b5af858fdb305,0.066,0.876,0.059,-0.3818
2025-04-21 19:24:17,"Trump meeting retailers including Walmart, Home Depot, Target regarding tariff concerns",Yahoo,https://finnhub.io/api/news?id=07513b7bb8d88e3504b3ee5c0914f28e877a46c046dcca26ac852c719981f147,0.038,0.962,0.0,-0.0772
2025-04-21 18:23:19,Trump Meets With Big Box Store Execs,Yahoo,https://finnhub.io/api/news?id=2952610fa423e8522fed39678c7b1e6416b510f1c6810ff6fe31530a8d997dfb,0.0,0.976,0.024,0.2023
2025-04-21 17:50:44,"Walmart, Target Executives to Meet Trump as Tariff Angst Spreads",Yahoo,https://finnhub.io/api/news?id=3e06964adf4f4f7186816ccf89eb61d6d4a74e15c23f79a53acb07b935b29f37,0.0,0.948,0.052,0.5719
2025-04-21 16:50:52,Trump meets with US retailers to discuss tariffs,Finnhub,https://finnhub.io/api/news?id=a313a6476325b39eecc7ceb41d3ef2e1e839060c7198a2647a27898b5ccc5e85,0.0,1.0,0.0,0.0
2025-04-21 16:44:24,"Trump to meet major retailers to discuss tariffs, White House official says",Yahoo,https://finnhub.io/api/news?id=e341d496bc9c4ece377b65d46bcebc7fbe2c6bbd6efee47f1f559fed0e37ca9f,0.0,1.0,0.0,0.0
2025-04-21 14:25:09,Is Walmart Inc. (WMT) the Best Low Volatility Stock to Buy Now?,Yahoo,https://finnhub.io/api/news?id=ac31859dc3c1b1b893a44e46fa954564f93a0b036992dd8ea96d3a613ab0e298,0.077,0.744,0.179,0.886
2025-04-21 12:00:00,Walmart to invest $6B in Mexico operations,Yahoo,https://finnhub.io/api/news?id=71366137505d0f2a0337f221db9a840f441c1d221bc2741b01b61dea49fe0b9d,0.0,1.0,0.0,0.0
2025-04-21 09:30:00,"Berkshire Hathaway: What Buffett Saw, What I Learned",SeekingAlpha,https://finnhub.io/api/news?id=5997ec0536afd4a3e085197d8c8f246b9e11fbf655714736644217fd70130d2e,0.0,1.0,0.0,0.0
2025-04-21 09:28:08,"Walmart launches new distribution hub in Jacksonville, US",Yahoo,https://finnhub.io/api/news?id=1b12e9315bda8e1762ee724a718a84de638936f0f476a1806c880b6ab71bb2cb,0.0,1.0,0.0,0.0
2025-04-20 21:53:31,Magnificent-7. What Stock Should We Add To Make It The Excellent-8?,SeekingAlpha,https://finnhub.io/api/news?id=7ae577a83fb0f095ca70fc698fe61c0199e3714fe710fd95798ebdbc000ae9a8,0.0,1.0,0.0,0.0
2025-04-20 13:19:24,Is Walmart Inc. (NYSE:WMT) the Best Retail Stock to Buy Right Now?,Yahoo,https://finnhub.io/api/news?id=e0dbb149d62ba9c0de1a1ac95f1bd783e52f8b48bd673bbe22736a7d285eb056,0.02,0.818,0.161,0.9186
2025-04-20 09:15:00,"Selling America, Buying Europe - My Picks",SeekingAlpha,https://finnhub.io/api/news?id=58194e6d71d5409933effd38aaf6120f6a1062adef614dc8ae47a2ce8df31280,0.0,1.0,0.0,0.0
2025-04-20 09:05:00,"What’s open and closed on Easter Sunday? Grocery stores, Walmart, Target, pharmacies, more",Yahoo,https://finnhub.io/api/news?id=085f82ebac97fe96f960a7efae23ad901c6868c877e592d3022b810d198c8e26,0.0,1.0,0.0,0.0
2025-04-19 19:05:47,Walmart Inc. (WMT): Among Dividend Stocks with Sustainable Payout Ratios,Yahoo,https://finnhub.io/api/news?id=45cc47f102bea8f79f56184dec7a8f89f1311b700146e7e52a860f2e409755b3,0.0,0.826,0.174,0.9231
2025-04-19 16:40:23,Stocks That Weathered Past Recessions: Expert Shares Picks That Withstood Every Downturn,Benzinga,https://finnhub.io/api/news?id=4293e7ef6e86429c5c81e2a46ba748edbe87a2a4d0dfe9e34043c991b8cf05e3,0.057,0.792,0.152,0.4939
2025-04-19 13:18:00,"Retirees, Now Isn’t the Time to Buy the Dip",MarketWatch,https://finnhub.io/api/news?id=56059ea91f582f1c4645830aa0a5ad4d2369d712382b9855011d9a75b0d827e8,0.0,1.0,0.0,0.0
2025-04-19 09:36:08,AT&T: Don't Get FOMO At Peak Valuation,SeekingAlpha,https://finnhub.io/api/news?id=188882c8a18bd0d0cfa646334f681954a15aef2b3b59b1d3ad09aec9d0fa79bb,0.0,1.0,0.0,0.0
2025-04-19 09:30:03,U.S. shoppers spend $1.5 trillion a year. Here’s which retailers win – Bernstein,Yahoo,https://finnhub.io/api/news?id=b981e65ce7740682d23488f4a84f6327147cb99cc75c5ca4b654d7f18494ce1c,0.0,0.821,0.179,0.8555
2025-05-04 13:45:00,3 Soaring Retail Stocks to Hold for the Next 20 Years,Yahoo,https://finnhub.io/api/news?id=54f2c9e7bc8df4c9b2a160fbb0fc70aa149a04d11b319ebd767700cf9227939a,0.0,0.918,0.082,0.1779
2025-05-04 12:21:32,Should Income Investors Look At Walmart Inc. (NYSE:WMT) Before Its Ex-Dividend?,Yahoo,https://finnhub.io/api/news?id=a1cde545f9f2742e581f7c3309b5aa1b2a4dd04324a7f68f908593434dfe4596,0.0,0.93,0.07,0.3612
2025-05-04 09:45:00,5 Top Stocks to Buy in May,Yahoo,https://finnhub.io/api/news?id=4c6d1d62bc95dd453845bc7a2a0e3614b4f7dda3446dc0e286b4a938554f2fa9,0.053,0.62,0.327,0.8689
2025-05-03 12:12:00,How Zipline’s Keller Cliffton built the world’s largest drone delivery network,Yahoo,https://finnhub.io/api/news?id=f62f056473c4d6754c3b3f5ad24a60e715535fd8cc904ca62cebc3538fc6ba23,0.0,0.916,0.084,0.296
2025-05-03 01:26:53,"Dividend Champion, Contender, And Challenger Highlights: Week Of May 4",SeekingAlpha,https://finnhub.io/api/news?id=59693d60ff7a7502a59c179acc34b7547b1db1fb771e2476a6ea63b15d3c40d2,0.0,0.504,0.496,0.7096
2025-05-02 16:31:00,"Walmart Inc. stock rises Friday, still underperforms market",MarketWatch,https://finnhub.io/api/news?id=ed5d95db0e90f6fa244e0a548a9ad47f4ce1a1c6db4e776fa5f0ffe42f8a507e,0.0,1.0,0.0,0.0
2025-05-02 16:08:38,"Roku Q2 guidance, Upstart-Walmart partnership, Duolingo surges",Yahoo,https://finnhub.io/api/news?id=708e334476d69784872022b6134f610399f86f91c5ac0634956440099a28fcdf,0.0,0.907,0.093,0.7783
2025-05-02 15:37:00,"4 Stocks That Turned $1,000 Into $1 Million",Yahoo,https://finnhub.io/api/news?id=9f1efb9e80638fc530a3852f0def110f22cdc8d755207ef62427338b4beb6462,0.0,1.0,0.0,0.0
2025-05-02 11:54:00,Walmart opens first new Supercenter in 4 years,Yahoo,https://finnhub.io/api/news?id=44be7ac08f735e7fd8aa68df9342dd719c6a48235740ff7c4b6fed8e7a77b05c,0.0,0.86,0.14,0.6369
2025-05-02 10:25:41,Trump Tariffs Were An Earthquake. The Trade War Tsunami Is Hitting U.S. Ports.,DowJones,https://finnhub.io/api/news?id=95ab92cddcec588175fc95997ea5a109a5fa0f32bff4cefe6fa9b0b25a902ccd,0.245,0.755,0.0,-0.8316
2025-05-02 06:29:44,Here’s What Traders Are Watching as US-India Trade Talks Advance,Yahoo,https://finnhub.io/api/news?id=0ad33cde4b3a1f7ab56bfdb614793b52bb18510ed10c07c1a04ecd167190369b,0.046,0.954,0.0,-0.5267
2025-05-02 06:04:06,Temu Ditches Chinese Imports Model to Avoid Trump’s Tariffs,Yahoo,https://finnhub.io/api/news?id=f51d3de9facf82402d946378e21412cc98a27e2310b1877c5f0a13cb8c833e46,0.095,0.867,0.038,-0.5423
2025-05-02 03:40:00,Priced For Perfection,SeekingAlpha,https://finnhub.io/api/news?id=c4122457bdeeb4969553c2a3d59f2e3605f659e8c1183a4baddc9c2be44725f3,0.0,0.641,0.359,0.9398
2025-05-01 19:43:57,Kohl's Reportedly Fired CEO for Making Business Deals With Romantic Partner,Yahoo,https://finnhub.io/api/news?id=14ffc019647929e5660d78b6427ea85433ace327fcec5bac911a88a794ddfe1a,0.11,0.734,0.156,0.128
2025-05-01 17:00:25,Wal - Mart de Mexico SAB de CV (WMMVF) Q1 2025 Earnings Call Highlights: Strong Revenue Growth ...,Yahoo,https://finnhub.io/api/news?id=72901b5acfa2f2d6052aba2d7062a690e458924f3e74992611f7344a046d07f2,0.0,0.837,0.163,0.802
2025-05-01 16:57:22,"Walmart’s Flipkart unit key due to growth potential, Morgan Stanley says",Yahoo,https://finnhub.io/api/news?id=8c84d0a4b8b7e8c205fec4548e7a0a7c0ad67188697dca09ddf4cd7be61c82ba,0.0,0.833,0.167,0.802
2025-05-01 14:58:50,Walmart Inc. (WMT): Among the Best Stocks to Buy During Recession,Yahoo,https://finnhub.io/api/news?id=a35c2c77df407bdffa8ff14a7f02bd5548a833bf64f8aeefea40772b96739562,0.07,0.795,0.135,0.743
2025-05-01 10:36:22,A Walmart Stock Game Plan To Capitalize On Expected Trade Developments,SeekingAlpha,https://finnhub.io/api/news?id=92325181ed0c967790bd200408f08f2c1e41c98db3239c1f50df308e6a1750a6,0.0,0.944,0.056,0.25
2025-05-01 09:35:00,Walmart drives toward instant payments,Yahoo,https://finnhub.io/api/news?id=230ece2673ba76bddda04e2c5ab2fecb5bf07c3b829c7d4273b06b97866f59a5,0.0,0.902,0.098,0.3612
2025-05-01 09:00:00,Markets Set for Shock From Disappearing Chinese Goods,Yahoo,https://finnhub.io/api/news?id=632d222e297bf923bfc60e913603b7e3f452e9c5062c48ae5b69bbf0554682a8,0.098,0.902,0.0,-0.8225
2025-05-01 09:00:00,Stocks To Watch in May—And What to Watch For,Yahoo,https://finnhub.io/api/news?id=7698c695ea80190e59a61def5c15ddf4d9ad20e46b90b1481e340cff5d3be2a6,0.133,0.826,0.04,-0.6597
2025-05-01 08:59:32,The best rewards credit card: How to pick yours,Yahoo,https://finnhub.io/api/news?id=d541cf12eaec1b8a0f0ee41d4c35370ba29d3a3b36a97c03aa74bf3d7ddda287,0.0,0.614,0.386,0.995
2025-04-30 22:16:16,Consumption at Walmart's Mexico unit picking up in second quarter,Yahoo,https://finnhub.io/api/news?id=174943c08dce999ffa2016e99ba1368cd053de014f9969e5236a2bb03efa874d,0.0,0.968,0.032,0.3182
2025-04-30 18:35:31,Is Walmart Inc. (WMT) the Best Dow Stock for the Next 12 Months?,Yahoo,https://finnhub.io/api/news?id=ede5db49b2322e6ed542261ae8096624abcac3170d92c82a4538832d5273e003,0.097,0.755,0.149,0.6597
2025-04-30 17:49:57,"Market Chatter: Walmart Resumes Basket Fee for SNAP, Walmart+ Assist Customers",Yahoo,https://finnhub.io/api/news?id=e2607f225ecdd8f8700c9b54ef191b51dd4660fc2847fde29d17c1b4b473be5e,0.0,1.0,0.0,0.0
2025-04-30 17:45:11,Jumex Hard Beverages Roll Out In Walmart (NYSE:WMT) Stores Nationwide,Yahoo,https://finnhub.io/api/news?id=bb831deafa6bcc402c1bdaa1617e5b47fa44a35a10f0290807a0a293746dba64,0.033,0.817,0.151,0.8779
2025-04-30 17:00:00,"Walmart has no plans to downsize in 2025, despite reports of 11 stores closing this year",Yahoo,https://finnhub.io/api/news?id=343650fc46a366d98e919ef33fd994447bd9ca33d987eff21536c85bce1def0b,0.055,0.945,0.0,-0.296
2025-04-30 16:44:17,Walmart reinstates minimum basket fee for SNAP orders,Yahoo,https://finnhub.io/api/news?id=87cc3a3fcc1d0a8c3bfa395f521af359f55fe175c7ee0174b4f8e0f0706728cb,0.013,0.938,0.049,0.5719
2025-04-30 16:31:00,Walmart Inc. stock outperforms competitors on strong trading day,MarketWatch,https://finnhub.io/api/news?id=6e6d5c259cf33515f81b98245c104b3cc5a1887a02494d9e51d4353b0f1176b6,0.0,0.708,0.292,0.765
2025-04-30 15:40:08,MAKSY vs. WMT: Which Stock Should Value Investors Buy Now?,Yahoo,https://finnhub.io/api/news?id=ba979f4709a79d1c80fde65ffc5c163513a1a55dc62fb10fed94970a1b2ef74f,0.0,0.678,0.322,0.7941
2025-04-30 13:43:12,"Shareholder Commons Urges Walmart Shareholders Vote Against Gregory B. Penner, Chair Of Board Due To Failure To Pay A Living Wage",Finnhub,https://finnhub.io/api/news?id=eddcf25412a7708647676663f0ff51c7404e87e3cb1e56aaad43cf6f982a84c6,0.172,0.828,0.0,-0.8286
2025-04-30 12:10:50,Walmart Inc. (WMT): Among the Best Stocks to Buy According to the Bill & Melinda Gates Foundation Trust,Yahoo,https://finnhub.io/api/news?id=813710c4e6d5f70c0c6230a018ff1f520b87b688b553defd7977247550822206,0.0,0.826,0.174,0.9432
2025-04-30 12:00:25,How Trump Reshaped Corporate DEI,Yahoo,https://finnhub.io/api/news?id=0258969e7563a77078d254565780f0adb12e8c1e200bd457a02ae6f791f7f00f,0.027,0.935,0.038,0.25
2025-04-30 11:30:00,The Davenport Balanced Fund Q1 2025 Commentary,SeekingAlpha,https://finnhub.io/api/news?id=b46e0c29c049551ce0c1475d56603b8c8c7d4a49517f3352a9a3812757ab9e49,0.0,1.0,0.0,0.0
2025-04-30 10:50:00,"As the Market Fluctuates in Response to President Donald Trump's Tariffs, What Stocks Are Safe?",Yahoo,https://finnhub.io/api/news?id=e306cbb195bb93b1b7b20be59a5a11bfdffdc922ab315b3e1916cf79e41c1bfd,0.061,0.855,0.084,0.128
2025-04-30 10:30:00,The Davenport Value & Income Fund Q1 2025 Commentary,SeekingAlpha,https://finnhub.io/api/news?id=96d3c7497f3ba63eec08c4af14f9777376153d1dbd6279bd521bdef95107b09d,0.0,0.879,0.121,0.5859
2025-04-30 04:01:00,Walmart and Best Friends Animal Society Team Up to Celebrate National Pet Month,Yahoo,https://finnhub.io/api/news?id=02a7fe14bb335147f5bb2f4c61dcb30b47d3d04aeb980e19b6285d8081476ecb,0.018,0.596,0.386,0.9912
2025-04-30 01:20:34,Why Walmart Inc. (WMT) is Among the Best Grocery Stocks to Buy for Recession Resistant Investing,Yahoo,https://finnhub.io/api/news?id=a75e80b7fccd4922e8a63fb5725e62317f3b884689684c0c588b1517d706afc3,0.12,0.737,0.143,0.6124
2025-04-29 21:41:00,Walmart in Mexico posts weaker-than-expected 7% dip in Q1 net profit,Yahoo,https://finnhub.io/api/news?id=aa23d8130402b0589330674ec20f7b38a6f4853352a4641ee451679413a83195,0.043,0.844,0.113,0.6249
2025-04-29 21:05:56,Walmart Inc. (WMT): One of the Best Long-Term Dividend Stocks to Buy According to Billionaires,Yahoo,https://finnhub.io/api/news?id=64e0a76d17200994ac7111c2fb7e4b9b97e6b673b2115f783eb960e972c2b383,0.0,0.813,0.187,0.9468
2025-04-29 20:42:14,"Walmart, Home Depot, Target Push Chinese Suppliers To Resume Shipments, Agree To Absorb Tariffs: Report",Yahoo,https://finnhub.io/api/news?id=918b835d2b11f28661bfd143e22f3a7ab9c6e3c3eca773fc4c8155c71dd10599,0.0,0.955,0.045,0.3612
2025-04-29 20:07:22,Best Dividend Aristocrats For May 2025,SeekingAlpha,https://finnhub.io/api/news?id=f464ee9b58092cefa3cc5defb8d523f2a517a541963eb0ee91228b354b0a2cd8,0.05,0.768,0.182,0.6652
2025-04-29 18:20:51,"Walmart's New 350 Acre Campus In Bentonville, Arkansas, Has Sparked A Real Estate Boom With HGTV's Tarek El Moussa Amongst The Investors",Yahoo,https://finnhub.io/api/news?id=ca591114808aa68a8a8b26fda775c762976518c79be704d2752763278328c3b2,0.0,0.94,0.06,0.6369
2025-04-29 18:02:00,Wal-Mart de Mexico First Quarter Profit Falls,MarketWatch,https://finnhub.io/api/news?id=a37692aa2c48f1de73acb6db5fc73ae8c0c6d833788d031838ef4244db00c7db,0.0,0.674,0.326,0.7003
2025-04-29 16:03:54,Coca-Cola CEO: We are holding prices for now despite the trade war,Yahoo,https://finnhub.io/api/news?id=0db861a5c9d91a77a287dac245def168ce5961fde8f2b8ad63f5f0d38d2860f3,0.0,0.892,0.108,0.4847
2025-04-29 14:36:26,"Walmart, Home Depot, Target Restart China Shipments, Will Cover Tariffs: China Source",Yahoo,https://finnhub.io/api/news?id=82ed489f02756e10f1c8f3d23e68a9f52c37e46c97882dbefb9cf11e71fdb718,0.0,1.0,0.0,0.0
2025-04-29 14:21:00,Retail Giants Manage to Keep a Lid on Prices but Warn It Can’t Last,Yahoo,https://finnhub.io/api/news?id=168665b356ceb08a30d355f5b6be5b09bfb6206727df7a8ae5979b826daf1fe4,0.049,0.951,0.0,-0.1531
2025-04-29 13:28:15,"Walmart, Target resume business with some Chinese factories after tariff-related halt, suppliers say",Yahoo,https://finnhub.io/api/news?id=81ffeb8d10b32578979ae7e6602bb249a66f8278ff40c2c5b98b55d9962f5569,0.049,0.951,0.0,-0.34
2025-04-29 11:48:56,Jim Cramer on Walmart (WMT): “They have pricing power” – Buy the Dip on Retail’s Strongest Player,Yahoo,https://finnhub.io/api/news?id=fbfcf673f8f20eb41d699840d017f7ea94eddd2b3ddc9348b3cd3d831d800fba,0.042,0.921,0.038,-0.0772
2025-04-29 10:03:00,Walmart opens 1M-square-foot Sam’s Club distribution center in Florida,Yahoo,https://finnhub.io/api/news?id=969dad2cfd173859347ff8c114078df1902a4185309a5697e37e22c4cb7a2757,0.0,1.0,0.0,0.0
2025-04-29 09:53:00,How grocery continues to drive Walmart’s bottom line,Yahoo,https://finnhub.io/api/news?id=4c8f7d11bd862d5e6c9df236fa193139e8a1c6f9a309e234b3b1588c9369b443,0.0,1.0,0.0,0.0
2025-04-29 08:50:13,"Trending tickers: AB Foods, AstraZeneca, Amazon, Deutsche Bank and Porsche",Yahoo,https://finnhub.io/api/news?id=788ad275aa838922446ade40b939b871a51517de82a008d6f494db69a2b2e84e,0.0,0.922,0.078,0.1779
2025-04-29 07:51:08,"Indian authorities keen to charge merchants fees to bolster homegrown payments network, sources say",Finnhub,https://finnhub.io/api/news?id=72dfff9b1dc7df7142d9efbd3d6a964ee98ebc3dad7daf3e254434e63f2d38bc,0.0,0.83,0.17,0.7506
2025-04-28 21:45:17,Walmart (WMT) Outperforms Broader Market: What You Need to Know,Yahoo,https://finnhub.io/api/news?id=572d95f0ad8023c802a849b0bd2becdac4a04713addc10544b0730a6efa9e872,0.0,1.0,0.0,0.0
2025-04-28 16:29:01,The Stock-Market Winners of Trump 2.0,Yahoo,https://finnhub.io/api/news?id=415b0e38ebd9f93d5433620a57043ec6c08107af06d792c6a8d31eecb0592a94,0.0,0.906,0.094,0.5994
2025-04-28 16:05:57,Trump Trade War Update: Firm Predicts 'Empty Shelves' And Recession By June,DowJones,https://finnhub.io/api/news?id=483dbd05d2ba89922415bc24489dac2ecb07275ec5de1d204af5ce52f6911f92,0.486,0.514,0.0,-0.9432
2025-04-28 14:28:37,Skypad Launches Advanced Analytics Platform for Walmart Marketplace Sellers,Yahoo,https://finnhub.io/api/news?id=5a88c3c1fcc8146e49bedde8984faffa2c7919d48ae50755758a20e90b399a3e,0.0,0.92,0.08,0.25
2025-04-28 12:25:00,Function of Beauty expands to Walmart,Yahoo,https://finnhub.io/api/news?id=efee594fbb95883e9ab2efeba4b37b511c080a662a660faf280dfffcc7cd74c3,0.0,0.663,0.337,0.9042
2025-04-28 12:01:00,How AI could impact grocery pricing and private label,Yahoo,https://finnhub.io/api/news?id=486f8b81369980a281b66e0818137e29479e12d00a3ef6ff18ff292b3a16a133,0.0,0.872,0.128,0.5267
2025-04-28 11:34:00,"The Zacks Analyst Blog Highlights Walmart, Toyota Motor, Boston Scientific and Autoscope",Yahoo,https://finnhub.io/api/news?id=a7f5a0c7c90a70570c29ed39d58f378d1b4ac3be625a449e6fa78692bdcefd3d,0.0,1.0,0.0,0.0
2025-04-28 10:21:57,Is Walmart Inc. (WMT) the Most Profitable Blue Chip Stock to Buy Now?,Yahoo,https://finnhub.io/api/news?id=cf98d5d765123664794f1e9e329b0c1213d3290609292b95800cb22fb9b03e99,0.0,0.788,0.212,0.9449
2025-04-28 09:17:00,Retail’s latest tariff challenge? Setting prices.,Yahoo,https://finnhub.io/api/news?id=76f58a0467862e647e837ba3ff5dd5bfe19ced6b72962fe212f9422e220798f8,0.0,0.769,0.231,0.7524
2025-04-28 08:00:00,Earn A Potentially 12%-15% Income: Monthly Options Series (May 2025),SeekingAlpha,https://finnhub.io/api/news?id=349e100c1e75c58c1f9e13b78e1258b1de4196ce92ff06ce1f9d5498be85ddcc,0.0,0.921,0.079,0.4404
2025-04-28 07:10:05,"Meta's Louisiana Data Center Sparks Debate Over Who Should Foot The $5 Billion Power Bill: '...Put Other Ratepayers At Risk Of Having To Absorb Hundreds Of Millions,' Says Expert",Benzinga,https://finnhub.io/api/news?id=0e05026e7c517ff2d136c8d6259c058b9285d2316a08db93cf9f1c319339259d,0.079,0.921,0.0,-0.5859
2025-04-28 00:31:01,Trump’s China tariffs set to unleash supply shock on US economy,Yahoo,https://finnhub.io/api/news?id=015bb2eb23879f048123bee4f82e1d9d7627469d68ac918847faff6d1d783d35,0.056,0.944,0.0,-0.6249
2025-04-27 14:11:36,How To Put $100 In Your Retirement Fund Each Month With Walmart Stock,Yahoo,https://finnhub.io/api/news?id=f9c91c092807312eeeed688795534ae6c1f19a85fdcd2d1ef72dc8a4fe2e0a9f,0.0,0.979,0.021,0.25
2025-05-12 21:30:34,Watch These Walmart Price Levels Ahead of Earnings Report This Week,Yahoo,https://finnhub.io/api/news?id=a96795c203f5d680c2290120b668b5524cf2408ffa6775492a7edf98341ff77a,0.0,0.945,0.055,0.296
2025-05-12 20:33:00,Walmart responds to outrage over return of a harsh policy,Yahoo,https://finnhub.io/api/news?id=a9159535a5b39bae6aa36bc1c7823ce058a94f5f12f0157cc930a61f674e24c6,0.322,0.678,0.0,-0.872
2025-05-12 19:31:30,"Walmart Well Placed to Manage Tariff Headwinds, BofA Says",Yahoo,https://finnhub.io/api/news?id=44949e1b5621e5ae2781ab103178879be310883997d98ef30bda1f225404d3c2,0.0,0.913,0.087,0.2732
2025-05-12 19:28:23,What a Big Walmart Bull Expects From the Retail Giant's Earnings,Yahoo,https://finnhub.io/api/news?id=2823b67737e3fe481e581b9ca213aa4d71f4441a48abdc7fbfd091405d9fe610,0.055,0.804,0.142,0.4641
2025-05-12 17:18:09,Legendairy Milk Expands Women's Health Line To Walmart (NYSE:WMT) Nationwide,Yahoo,https://finnhub.io/api/news?id=7feb8da1779edd997aa9774bb2c05e92532d46af931cb41cc57f3e245bdad33b,0.0,0.889,0.111,0.7717
2025-05-12 17:00:00,This week's insight into the state of the consumer: What to know,Yahoo,https://finnhub.io/api/news?id=3d326763829480cbf50047f69a630d604b5a6fd5fea2f57104b6aece5e7f4695,0.016,0.895,0.089,0.7574
2025-05-12 16:46:52,US-China tariff pause may save the year for retailers,Yahoo,https://finnhub.io/api/news?id=d488a32d29d3429c3ed85ce893d2fa690bb7efb871e40eb006e682e8d56f38cd,0.0,0.748,0.252,0.7506
2025-05-12 16:30:00,Walmart earnings preview: What to expect this week,Yahoo,https://finnhub.io/api/news?id=3f8b5a06e5fb4161088a2cc3599d55f1d4765140ca0b14ed3ac52101404ded48,0.0,0.902,0.098,0.8402
2025-05-12 15:43:00,Affirm Stock Jumps on Latest BNPL Deal. It’s Part of a Pattern.,MarketWatch,https://finnhub.io/api/news?id=882910d7b463928303c6d2005696e12cd47614a0cd36d14f7d25755fb8880dee,0.0,1.0,0.0,0.0
2025-05-12 15:30:00,The U.S.-China trade thaw is helping Target’s stock today. Some analysts still see problems with no obvious solutions.,MarketWatch,https://finnhub.io/api/news?id=826b83e537b252172443e8809c15b4151c61ad6bec74d254e422c742e0077fdf,0.284,0.619,0.097,-0.7533
2025-05-12 13:45:00,"China Trade Progress: Market Booms On News, Who Will Benefit?",SeekingAlpha,https://finnhub.io/api/news?id=c84fe6b7dcb1c53b479fc0efc4a7a400563bb7aa900f04d2dc68609cd4ae9fd6,0.0,0.58,0.42,0.7003
2025-05-12 13:42:16,"Stocks, dollar surge as US and China agree 90-day tariff relief",Finnhub,https://finnhub.io/api/news?id=3a8a72de0dbb31fc89f2dcbdbb20ae8718c7294fd64856ae98ddd56ea78b9a9d,0.112,0.716,0.172,0.4019
2025-05-12 13:24:00,Zacks Industry Outlook Highlights Walmart and Kroger,Yahoo,https://finnhub.io/api/news?id=94847c712eafc8d2dae2d6b641687604c6f2cef23d387c13b41c2f67e96815ca,0.0,1.0,0.0,0.0
2025-05-12 13:15:06,Curious about Walmart (WMT) Q1 Performance? Explore Wall Street Estimates for Key Metrics,Yahoo,https://finnhub.io/api/news?id=13aaec25dd75f59a647d6ec61a2312da0d0f2abb1aceec9cd2e7fde916fee424,0.0,0.805,0.195,0.8555
2025-05-12 12:38:00,"Walmart, Target and Amazon are part of Zacks Earnings Preview",Yahoo,https://finnhub.io/api/news?id=d4d0e8385cbe1dd0622942919054b9d679845cec31b1a60718ab4bbca4a3fbd6,0.0,0.841,0.159,0.34
2025-05-12 11:24:00,How Should You Play Walmart Stock Ahead of Q1 Earnings Release?,Yahoo,https://finnhub.io/api/news?id=01baecb910505c176cc756b50a59a0b6d54d342e40409d909d422d638fd01a67,0.12,0.755,0.125,0.0516
2025-05-12 10:51:00,Walmart family plans university to expand STEM workforce,Yahoo,https://finnhub.io/api/news?id=d4607ff6bee45511c5b8b96d9320000e67ff90a3cef68b40ea096f97339fa0f7,0.0,0.836,0.164,0.6486
2025-05-12 09:07:12,This US-owned factory in China made toys for Walmart. Tariffs put it on life support,Finnhub,https://finnhub.io/api/news?id=6172f467a01d838a3da5ea7954f77414a09c1f9955b235d4ac6a8d6771a27e25,0.0,0.94,0.06,0.4019
2025-05-12 09:00:00,Legendairy Milk Brings Women's Wellness Supplements to Walmart Aisles Nationwide,Finnhub,https://finnhub.io/api/news?id=98f146e8b8b1bd4626c778a119a8670934f2ed3c2ae83ad08f02c96abc2877e3,0.0,0.847,0.153,0.6908
2025-05-12 09:00:00,What Analysts Think of Walmart Stock Ahead of Earnings,Yahoo,https://finnhub.io/api/news?id=43f9fb68315beca5518a7f8b913e684f783a0fa468b3f53c851d8db4c3f31d7b,0.054,0.86,0.086,0.34
2025-05-12 08:14:15,"Dow Jones Futures Surge As U.S., China Slash Tariffs; Tesla, Palantir, Alibaba Jump",DowJones,https://finnhub.io/api/news?id=6f6191d441a22cec872b13c9ee4176e4efe542661f5f2dbfd9d744bb199583cc,0.149,0.851,0.0,-0.4939
2025-05-12 08:12:00,3 Things I'll Be Watching in Walmart's Upcoming Earnings Report (and 2 I'll Ignore),Yahoo,https://finnhub.io/api/news?id=41d79c749f15afe33435bf813689aad040e5ffd479d66a11604742194ff9dae8,0.081,0.777,0.143,0.228
2025-05-12 07:30:00,Is Alphabet's Business Dying,SeekingAlpha,https://finnhub.io/api/news?id=26ac0e927c3ee125d7fb4c93cb43909196c4d148630e880baa44cd23b4364f24,0.099,0.542,0.358,0.9253
2025-05-12 06:25:16,"Trump's Tariffs Reportedly Push Walmart And Target Toy Suppliers To The Brink Of Closure: 'If Nothing Changes, We'll Be Crippled'",Benzinga,https://finnhub.io/api/news?id=cf70853f0a0a2bed2336257c21237291c70835861043ca291de53d2a35181441,0.069,0.931,0.0,-0.34
2025-05-12 05:00:00,"Meta, Walmart, and Other Stocks This AI Trader Is Selling Amid the Market Uncertainty",Yahoo,https://finnhub.io/api/news?id=7fd51a94f9fad7ccade7c2a425290310bd0f996f0a3bbeb20e3bc3bc24724cd8,0.18,0.66,0.16,0.0129
2025-05-12 00:08:37,How good is the China trade deal? Better ask Walmart,Yahoo,https://finnhub.io/api/news?id=9dfaf1833aee5614647a36b5adbb12f6254c52684cabf40ba14a5f7e0b3f42a1,0.0,0.746,0.254,0.7003
2025-05-11 23:58:13,This US-owned factory in China made toys bound for Walmart. Tariffs put it on life support,Finnhub,https://finnhub.io/api/news?id=ed0c0216e8748a34ebdaeea35eb32d769fc94d792593b29be6a7d37df633281b,0.0,0.942,0.058,0.4019
2025-05-11 23:20:16,U.S.-China Talks End: Bessent Touts 'Substantial Progress'; White House Signals Deal,Yahoo,https://finnhub.io/api/news?id=912791634a149a0762acf57394a3798cfa95a6d782f4e6d545d513fbd22b453b,0.033,0.634,0.332,0.836
2025-05-11 23:14:34,Target And Walmart - Where To Spend Your Money,SeekingAlpha,https://finnhub.io/api/news?id=cc705c6098b94a5ecde96b9723a009f38d2d3e6530770fbb09811eb3a1c08238,0.099,0.777,0.123,0.429
2025-05-11 18:00:00,"Inflation Reports, Walmart, Cisco Earnings; and More to Watch This Week",Yahoo,https://finnhub.io/api/news?id=bd6e283342aaf818fc0d2b11edd192d31e3180579f99e35dbaef8b2f07b55eaf,0.0,1.0,0.0,0.0
2025-05-11 17:46:29,"1 Stock to Buy, 1 Stock to Sell This Week: Alibaba, Walmart",Yahoo,https://finnhub.io/api/news?id=f8126d60c3035b7d98a15b58fe96e3174e94bc82a3b0fe7304bf20e12f104d49,0.083,0.917,0.0,-0.4019
2025-05-11 16:24:00,The ‘most important consumer earnings report of the season’ lands this week,MarketWatch,https://finnhub.io/api/news?id=7adfb51ccf39a8c942ab33784688454f62325c0b3cf01a9d98f4654517c459f3,0.0,0.859,0.141,0.3818
2025-05-11 12:00:13,"Walmart, Deere, Alibaba, Cisco: Earnings to Watch This Week",Yahoo,https://finnhub.io/api/news?id=d1de4c19391439b32e31936b30ff21b34e0a208d76aded90e458e9049e2c5962,0.0,1.0,0.0,0.0
2025-05-11 10:41:58,Market Outlook: U.S. Inflation Data And SPY At Key Levels,SeekingAlpha,https://finnhub.io/api/news?id=5e48146bbbbf710675561de86e4717d9bda3263363b73fc635d4214de009ddac,0.071,0.929,0.0,-0.3182
2025-05-11 10:00:00,Why This Harvard Economist Is Worried About the U.S. Dollar,Yahoo,https://finnhub.io/api/news?id=ae430594e8886c3152a6551540cb4853fc2fba6030ba25eeb2792e41c3eb2e0d,0.041,0.959,0.0,-0.296
2025-05-11 09:00:00,There's an 'Inconsistency in the Vibe' of the American Consumer These Days,Yahoo,https://finnhub.io/api/news?id=e98be441b60201cdedbbfc715b7e22672d72ae4e90fa02da3d385ae98de77194,0.0,0.905,0.095,0.3182
2025-05-11 09:00:00,What To Expect in the Markets This Week,Yahoo,https://finnhub.io/api/news?id=02f6a765128ddc8e90709bd800aca8e8b7a133c415f6ed08c68fe073e91a8393,0.0,1.0,0.0,0.0
2025-05-11 09:00:00,"Walmart, Cisco, Alibaba, Petrobras: Stocks to watch this week",Yahoo,https://finnhub.io/api/news?id=bb2f304237f2e8ca8417c361e4c05be2065611ba1adf11c5d267bc2c4acb58bc,0.0,1.0,0.0,0.0
2025-05-11 08:35:00,3 Reasons to Buy Costco Stock Like There's No Tomorrow,Yahoo,https://finnhub.io/api/news?id=a2c7680d8223736c741257927079dc19434e77f13878274f4341c5a0a90bdae8,0.039,0.813,0.148,0.7351
2025-05-11 07:55:00,Invesco Rising Dividends Fund Q1 2025 Commentary,SeekingAlpha,https://finnhub.io/api/news?id=bf955552c441d518d76e864185d0200258299f88dd804d57eba04e3a83d94f8c,0.0,0.778,0.222,0.7184
2025-05-11 06:51:43,Wall Street Week Ahead,SeekingAlpha,https://finnhub.io/api/news?id=5dbdb11fc663d23073de3e748c78ff0c6565df73e738f8720716320e2a949772,0.0,0.926,0.074,0.2714
2025-05-10 11:00:00,"Cisco, Walmart Set To Report Results As Markets Watch Out For Core CPI",SeekingAlpha,https://finnhub.io/api/news?id=99a916114512ca2a291ba48e8e765d4bec9968253a80d9609644a286c1824d49,0.0,1.0,0.0,0.0
2025-05-10 07:05:00,Looming Recession? Here's What BDC Investors Should Look For,SeekingAlpha,https://finnhub.io/api/news?id=d6a9a3d3697420f34e69341711bed445dfc4c990f5dc20ecdf55ca3dfdfcbf21,0.233,0.625,0.142,-0.3832
2025-05-10 06:01:08,Wellness companies eager to avoid WeightWatchers' fate embrace weight-loss drugs,Finnhub,https://finnhub.io/api/news?id=66f4c719655e703b639cdcaf32bc40a1a2fe4256879605e1f933a0df5c757fde,0.102,0.719,0.179,0.5106
2025-05-09 23:25:00,Walmart & Retail Sector Earnings Loom: A Closer Look,Yahoo,https://finnhub.io/api/news?id=d49eba94cf6cfb42bcae07eba95e1504e7aaa1614ba0f97b2beb2559cd3b7d25,0.027,0.728,0.245,0.913
2025-05-09 23:00:38,"Walmart earnings, April CPI: What to Watch Next Week",Yahoo,https://finnhub.io/api/news?id=5b9de30160842a122828fb8473d3462e1ae6a69114c56b2a0d0f08bfd41bbd03,0.032,0.968,0.0,-0.1725
2025-05-09 19:56:27,"Walmart's 'Durable' Earnings Prospects to Drive Stock Outperformance, UBS Says",Yahoo,https://finnhub.io/api/news?id=a3dd0267af10e10ca4d46be2626263fbc8ada85f751e88d14c2b20415e916601,0.0,0.909,0.091,0.296
2025-05-09 16:47:46,Walmart Q1 Earnings Preview: All Eyes On The Health Of The U.S. Consumer,SeekingAlpha,https://finnhub.io/api/news?id=924b6776d131089324e5a7da6edfdcb4ad47461595caeb1d01e5634f8803df2a,0.0,0.938,0.062,0.3818
2025-05-09 16:34:10,Container shipping firms cull Asia-US service as Trump tariffs collapse trade,Finnhub,https://finnhub.io/api/news?id=d6c096ec1411023eeb27d0021bb1815d543f1c6dfc0578f055c5dc63a74ca699,0.077,0.813,0.11,0.1027
2025-05-09 16:16:08,Q1 2025 Green Dot Corp Earnings Call,Yahoo,https://finnhub.io/api/news?id=74158c58165abb570a120f17d81e6e862d4f63c0209c238cb4f1879e0dcbb6b2,0.0,1.0,0.0,0.0
2025-05-09 14:48:00,Optimistic With An Asterisk,SeekingAlpha,https://finnhub.io/api/news?id=0f71d32f673d655cf168160b049bbfbc9cb9a5518162f480baf8e6b669b7eeed,0.0,0.839,0.161,0.3182
2025-05-09 13:14:00,2 Supermarket Stocks in Focus Amid Robust Industry Trends,Yahoo,https://finnhub.io/api/news?id=ae18963b32f957d6f5047bb94be72ebe0520722d15c2db03fb58583dc603593b,0.041,0.822,0.137,0.5423
2025-05-09 13:07:23,"Stocks to watch next week: Alibaba, Walmart, Burberry, Imperial Brands and Tui",Yahoo,https://finnhub.io/api/news?id=1c188c66dedd7c71b7cb2b4f548bef6b3da269353e9c4d5ab7d26a67d1ef4fac,0.0,1.0,0.0,0.0
2025-05-09 09:57:26,"Walmart turns to India to avoid high tariffs, but garment workers scarce",Finnhub,https://finnhub.io/api/news?id=70800f6f1b7a4f8a73007dd588d3cf7880d09b2c261fe625649ab0aa5af9a5a1,0.039,0.926,0.035,-0.0387
2025-05-09 09:22:00,Tariffs News: Trump Is Open to 80% Levies on China. That’s Still Too High.,MarketWatch,https://finnhub.io/api/news?id=9cdb5c51c66a3e50863286078ecc17997a86266ea2c32df9288bec0d0894eddd,0.0,1.0,0.0,0.0
2025-05-09 08:34:13,WALMART : Jefferies gives a Buy rating,Finnhub,https://finnhub.io/api/news?id=4136ce48fa18a93f42c4de7c3f19877b6bbfaae26e0f7cd7c96a342bda276862,0.0,0.909,0.091,0.5574
2025-05-09 07:48:19,Green Dot Corp (GDOT) Q1 2025 Earnings Call Highlights: Strong Revenue Growth and Strategic ...,Yahoo,https://finnhub.io/api/news?id=51622ae6bcd026a7a854820f3a5ded318abc1304867c6a0b7ec36b1da7778415,0.028,0.745,0.228,0.835
2025-05-09 06:56:42,"As trade talks begin, Chinese exporters prepare to get goods moving to US again",Yahoo,https://finnhub.io/api/news?id=71165f4f8e3ee797a42704c42de79036011131375abbafd78659f070d146742e,0.045,0.933,0.022,-0.2023
2025-05-09 06:46:13,WALMART : UBS reaffirms its Buy rating,Finnhub,https://finnhub.io/api/news?id=00108d7c12b7eabdc8d0048ee131ee16628a694c47d8f482283e5597a16398ff,0.0,0.909,0.091,0.5574
2025-05-09 05:52:27,"Walmart calls, but India's garment worker woes blunt tariff edge",Yahoo,https://finnhub.io/api/news?id=eaffdcdc430caf76cfe06f11f0021e76c9c12801621f868f068080ddbf1e21c7,0.036,0.909,0.055,0.4215
2025-05-08 21:58:42,"From Apple to GM, Tariffs to Cost Companies Tens of Billions",Yahoo,https://finnhub.io/api/news?id=3022292d41dad23f3268df89f56ef41fcb1b74d88d4dd7e87551f92749aeba0e,0.195,0.758,0.047,-0.9312
2025-05-08 14:00:11,Analysts Estimate Walmart (WMT) to Report a Decline in Earnings: What to Look Out for,Yahoo,https://finnhub.io/api/news?id=d2d5a43ef5c7e5726fcc1a01142342959d0b83c497e7aa546fd754fcf1a789b3,0.0,0.956,0.044,0.2263
2025-05-08 13:17:54,America faces empty shelves ‘by summer’ amid Trump trade war,Yahoo,https://finnhub.io/api/news?id=f3606ee3d89018d8acc67a8569a4c71749ecafc9e829c5e4e679adb9da68e3e5,0.167,0.781,0.051,-0.6369
2025-05-08 12:50:00,Walmart and Alquist Complete 3D Concrete Printed Expansion Of Alabama Supercenter,Yahoo,https://finnhub.io/api/news?id=675cc617c336f3cc431dbd00aabe0ea29f40595340830117e9dc7ad3f940556c,0.0,0.876,0.124,0.5859
2025-05-08 12:45:02,Q2 2025 Symbotic Inc Earnings Call,Yahoo,https://finnhub.io/api/news?id=f26739aebd715114d8bf9cc980989bad6f7bf2b65ffe37e8e4c60067374fe5cd,0.0,1.0,0.0,0.0
2025-05-08 12:32:00,Invesco Dividend Income Fund Q1 2025 Commentary,SeekingAlpha,https://finnhub.io/api/news?id=0cdb7deddc9ccbb54d971cd971231977205e5a43f99a9e9d6e1f3f3d0a09afc7,0.0,0.836,0.164,0.6908
2025-05-08 12:23:00,Egg lovers can’t get a break. Vital Farms to raise prices because of tariffs.,MarketWatch,https://finnhub.io/api/news?id=79b1e01d32edebb200652f6bf7fbeeb131172195a7820853a1a8839e6f754ca5,0.0,0.682,0.318,0.8807
2025-05-08 12:10:32,Q1 2025 Zevia PBC Earnings Call,Yahoo,https://finnhub.io/api/news?id=5a0780f005e56678aa07611e536e1bea02d528e101522d3eb3ee7747024d209a,0.0,1.0,0.0,0.0
2025-05-08 11:00:00,63 Top Dividend Growth Stocks For May 2025,SeekingAlpha,https://finnhub.io/api/news?id=a37eb13374a92efb1694db2962b50eb8001f26a8df041de543e37136d12e6dbd,0.0,0.67,0.33,0.8957
2025-05-08 10:35:00,Invesco Diversified Dividend Fund Q1 2025 Commentary,SeekingAlpha,https://finnhub.io/api/news?id=f8b0e2a820238b332cff6ac7c28b956a71194708aa4edc710fa887190471b21e,0.08,0.764,0.156,0.3182
2025-05-08 08:57:00,Walmart touts savings from continued automation efforts,Yahoo,https://finnhub.io/api/news?id=abf3ae0adf329a4293be35745c645bad036abaeae02e9f0da45e488c3b063c0c,0.11,0.89,0.0,-0.296
2025-05-08 08:56:20,"FSTA: Not Sexy, But Fidelity's Consumer Staples ETF Is Outperforming The Market",SeekingAlpha,https://finnhub.io/api/news?id=1dcf38de642342745ef2fa694d5ef6d16837c07b00a3c8eacd78d34c720f52d7,0.046,0.795,0.159,0.5736
2025-05-08 08:02:42,"US-China Trade Talks: Expectations, Outcomes, and Market Implications",Fintel,https://finnhub.io/api/news?id=bdcc9f9d9df38fafd81526dce80772cb1002ebf4a2144994d98fdc4da31ef47f,0.0,1.0,0.0,0.0
2025-05-08 07:32:09,Zevia PBC (ZVIA) Q1 2025 Earnings Call Highlights: Record Gross Margin and Strategic Expansion ...,Yahoo,https://finnhub.io/api/news?id=afdb3aed6bd611709e68ffe4e48d13ca082583214480bda0990ee097748905d8,0.14,0.86,0.0,-0.7351
2025-05-08 07:03:00,The Economy Is Finally Cracking: Here's How To Rebalance Your Portfolio,SeekingAlpha,https://finnhub.io/api/news?id=6720c2df28252bc98289bcffc8c61bfec009b9ae2efba719644eb9d53ccc58ba,0.149,0.851,0.0,-0.6808
2025-05-08 05:01:42,Near-record US container import streak expected to snap in May due to tariffs,Finnhub,https://finnhub.io/api/news?id=52a7535a2bb28b678323d24577ff0d632739872b0724edf9dd659dd5251ae592,0.0,1.0,0.0,0.0
2025-05-08 04:36:40,3 Consumer Stocks Walking a Fine Line,Yahoo,https://finnhub.io/api/news?id=e22efcc5355fe74996cc3d6d4c5ac4740ee8f628e817d527a8351436b86f6470,0.151,0.824,0.026,-0.7783
2025-05-08 00:45:00,Dividend Hikes Offer Optimism Amid Tariff Turmoil,SeekingAlpha,https://finnhub.io/api/news?id=f98d171acf0f2677696768a10207f7a9239f331320224fd1228097109b49bf19,0.252,0.651,0.098,-0.3716
2025-05-07 19:11:00,Marjorie Taylor Greene Goes Stock Shopping Again: Here Are 50+ Stocks The Congresswoman Bought,Benzinga,https://finnhub.io/api/news?id=5cca64ec11aaba04b945d06e8fed345e4625528cac1f063d305299542a1c321b,0.0,1.0,0.0,0.0
2025-05-07 18:36:41,Is Walmart Inc. (WMT) the Best Dow Stock?,Yahoo,https://finnhub.io/api/news?id=fe1cd3497d79d4b38ebf98be92590de7429c3546a50191f1437afa101eeb8087,0.054,0.771,0.175,0.8519
2025-05-07 17:58:47,"Walmart (NYSE:WMT) Expands Allergen-Free Snacks With LK Meat Sticks In 2,800 Locations",Yahoo,https://finnhub.io/api/news?id=5f425c3b4f1cfc10afa4ff134bd693d5e114aaf77e3229a02abcbc63f3618089,0.016,0.808,0.176,0.9201
2025-05-07 13:30:02,Q1 2025 Upstart Holdings Inc Earnings Call,Yahoo,https://finnhub.io/api/news?id=bfa6e33c4bddaa1fbbf2fe8aa3748ee384535ad83e51c98f01d0dcac9f268aa7,0.0,1.0,0.0,0.0
2025-05-07 13:00:14,Investors Heavily Search Walmart Inc. (WMT): Here is What You Need to Know,Yahoo,https://finnhub.io/api/news?id=459cfc1e5fd82199054981f677e4d247d2208b1cda3c873cac401fb3d40bb354,0.0,0.883,0.117,0.6486
2025-05-07 10:43:19,Stocks To Watch: Microsoft Looks To Join 'Odd' Stampede Of Breakouts,DowJones,https://finnhub.io/api/news?id=3b5f75169a6d4625ba3de9a88786331734e3d2da8e74246a8aed354701d16196,0.333,0.523,0.144,-0.7003
2025-05-07 09:43:28,S&P 500 companies risk significant earnings hit without access to China's customers: Apollo,MarketWatch,https://finnhub.io/api/news?id=e0531758791e3376e9c674d7cb0e0373ce9d05d1a98acdaaa2201a8c6fb314bb,0.141,0.738,0.121,-0.1531
2025-05-07 09:40:00,Fidelity Select Consumer Staples Portfolio Q1 2025 Review,SeekingAlpha,https://finnhub.io/api/news?id=8eb349e18bf5a7adf8b101014038a884960501fdca691faf772132205f810dc0,0.055,0.818,0.127,0.4019
2025-05-07 08:57:00,1 Stock—and 2 Funds—to Buy if There’s No Recession,MarketWatch,https://finnhub.io/api/news?id=c622c0e872b61aa7b77086f291d91c7d08fc69e87b38a8e232bb7c3470c2a0da,0.0,0.774,0.226,0.5667
2025-05-07 07:21:24,Upstart Holdings Inc (UPST) Q1 2025 Earnings Call Highlights: Robust Revenue Growth and ...,Yahoo,https://finnhub.io/api/news?id=4d6aec1f75f78c91488921c79da9231cf323ed0db94361f5c60761e47524283a,0.084,0.646,0.27,0.7951
2025-05-06 17:26:03,"Walmart Better Positioned to Navigate Trump's Tariffs Than Most Rivals, RBC Capital Says",Yahoo,https://finnhub.io/api/news?id=7106a1f9fcd3e6175f97cf02eba7d56bbf5ad875eb15c9d26c9237df9b9cfb65,0.0,0.818,0.182,0.7003
2025-05-06 14:48:51,"Walmart Well-Positioned to Offset Potential Tariff Impact, RBC Says",Yahoo,https://finnhub.io/api/news?id=c1f8b4677d41dc65d79a52dbad5f117cf5a172d9ccfe6c6012b560f4635fdc49,0.0,0.92,0.08,0.2732
2025-05-06 12:50:00,Walmart debuts ‘Grow with US’ program for small businesses,Yahoo,https://finnhub.io/api/news?id=fd03b80b40424567b3121061f476990a943b64e08ea8b314267f976cb971c44d,0.0,1.0,0.0,0.0
2025-05-06 11:28:00,Putnam Large Cap Value Fund Q1 2025 Commentary,SeekingAlpha,https://finnhub.io/api/news?id=34e77d43dbd7aacedabe43f6352510b48fe8175853b5e3f0a3aa984ff76a4267,0.042,0.714,0.244,0.7783
2025-05-06 10:58:47,Buffett's Exit At Berkshire: Was 2024 Selling Meant To Leave Clean Slate For Greg Abel?,SeekingAlpha,https://finnhub.io/api/news?id=bc742b90c690838d7bbd6f7b6a7def2d2cfda900511bbbae477df6ba0145aa3e,0.033,0.894,0.073,0.3612
2025-05-06 10:20:00,Fidelity Value Discovery Fund Q1 2025 Commentary,SeekingAlpha,https://finnhub.io/api/news?id=53375086f9e69202cd0804bd81b8e63e7fed94f88af93af7eccc90ff8c1bb07a,0.0,0.76,0.24,0.8316
2025-05-06 07:14:57,Vita Coco: Tariffs Risk Limits Near-Term Upside,SeekingAlpha,https://finnhub.io/api/news?id=6a3a1465145fae97f8c8c47c3ba2ae30c295f3bba86e6915d035f0fc255dad64,0.061,0.899,0.041,-0.1779
2025-05-06 06:45:00,2 Under The Radar ETFs That Could Help You Navigate A Potential Recession,SeekingAlpha,https://finnhub.io/api/news?id=43a28487847f456b8b16d0ab55b1eb4852ab8e3874ea07bc5413671447d21264,0.157,0.776,0.068,-0.3744
2025-05-06 05:55:00,Fidelity Equity-Income Fund Q1 2025 Review,SeekingAlpha,https://finnhub.io/api/news?id=660a1b39f13a0fb9f0ac8254422c5c83e90d36540e1fad6071f3c0a53515fd13,0.0,0.919,0.081,0.296
2025-05-06 04:50:14,WALMART : Receives a Buy rating from RBC,Finnhub,https://finnhub.io/api/news?id=9ff1a17e377695048ca325fad4bbd1ffd56c25941fb4f196710344e35fd0b8b4,0.0,1.0,0.0,0.0
2025-05-06 04:02:30,3 Reasons WMT is Risky and 1 Stock to Buy Instead,Yahoo,https://finnhub.io/api/news?id=00de78763a519e1de9782afca8e80f719be288cf1a87c962c38314271a3cef5b,0.073,0.822,0.105,0.4019
2025-05-05 21:45:15,Walmart (WMT) Rises As Market Takes a Dip: Key Facts,Yahoo,https://finnhub.io/api/news?id=68c702f866ab109c0b528c8aa792006a0fdb28f3d8a221e4fec6937c295c4054,0.0,1.0,0.0,0.0
2025-05-05 15:46:17,Rite Aid files for second bankruptcy in two years,Finnhub,https://finnhub.io/api/news?id=18f35bcb74f8102c2a0af7bf7ebe5d210b81dea6e2112322eac2367429e9bbe5,0.0,1.0,0.0,0.0
2025-05-05 15:43:19,Analyst: Amazon’s $4B rural delivery investment aimed at slowing Walmart,Yahoo,https://finnhub.io/api/news?id=e05f9d1148290a6a72d72d260e134eaf524e69514ddee00c67c4da7acc589a27,0.0,0.911,0.089,0.4588
2025-05-05 14:02:02,Why Walmart Stock Jumped 11% in April,Yahoo,https://finnhub.io/api/news?id=8f084a0301a2e81d69f3332dde4577811fe54ac68604c54123c6cf4925c71e95,0.0,0.699,0.301,0.9371
2025-05-05 14:00:22,"Demonized by Trump, DEI Professionals Go ‘Discrete’ to Find Jobs",Yahoo,https://finnhub.io/api/news?id=a16ccf829190c89247d154ccce417e25dd9ebd12fc510995d1aa0ddf22f15df3,0.059,0.908,0.032,-0.5423
2025-05-05 13:30:10,Is It Worth Investing in Walmart (WMT) Based on Wall Street's Bullish Views?,Yahoo,https://finnhub.io/api/news?id=93e58df4c76283321ba906fd4f013ed251d90a541a8ac94609860641b07ec9d9,0.045,0.838,0.118,0.4582
2025-05-05 06:27:47,"Amazon: The More It Drops, The Greedier I Get",SeekingAlpha,https://finnhub.io/api/news?id=343f6616c9b02f924cfaaf40ac05cb948132630c6c4f2a46db2cf75d88e4ae0e,0.256,0.598,0.145,-0.3182
2025-05-05 06:25:00,Fidelity Blue Chip Growth Fund Q1 2025 Commentary,SeekingAlpha,https://finnhub.io/api/news?id=ff40409c11011d0c9ee599c7681c4ba708bdb58f848054aafb9aa95086e79cc4,0.056,0.747,0.197,0.6486
2025-05-20 19:55:07,Fed officials expect tariffs to boost prices; White House downplays risk,Finnhub,https://finnhub.io/api/news?id=bc812478eefd167bc3a79a65392e9e85405dd61b7b468dc0c67bc11991800787,0.048,0.822,0.13,0.5574
2025-05-20 18:23:00,Why Home Depot’s approach to prices and tariffs will ‘likely play better’ to Trump administration,MarketWatch,https://finnhub.io/api/news?id=728c8292e95f936a30e2b3317dcbbb3557aca7e8b05feb8423147bde2d4ee08f,0.0,0.854,0.146,0.5859
2025-05-20 16:40:40,Richtech Robotics: Another Bad Quarter And More Dilution - Sell,SeekingAlpha,https://finnhub.io/api/news?id=4810d3d2017a13baa0782c0d20f76691350c08d478e059e9befae34619f80fad,0.28,0.72,0.0,-0.5423
2025-05-20 13:32:11,S&P 500's Home Depot Sticks By 2025 Outlook Despite Earnings Miss; Lowe's On Deck,Yahoo,https://finnhub.io/api/news?id=a7968261857307a43335dfe9af9765dec4e2ff00b4edc47403705dcd93995e83,0.0,0.951,0.049,0.1139
2025-05-20 12:37:00,"Home Depot won’t raise prices because of tariffs, as U.S. sales show surprise growth",MarketWatch,https://finnhub.io/api/news?id=0b847e5b2ba5dc35aaa9ce839fb6f20150ea28368d0d0471da3a2be78f9a3178,0.0,0.719,0.281,0.8126
2025-05-20 11:58:32,Celebrity Chef Bobby Flay Explains Why Walmart (WMT) is His Top Pick – ’Upside Going to Continue’,Yahoo,https://finnhub.io/api/news?id=16df6137ae0cec6868d26eb8c120a1b45542e1f410a1c1d7e055a5a157f1f0f6,0.027,0.911,0.061,0.3818
2025-05-20 11:42:56,"Home Depot plans to keep prices stable in the face of tariffs, bucking competitors",Yahoo,https://finnhub.io/api/news?id=4a1da68c760edc60196f428b63b226d1a31ae66857d47ce0dea6a1a8f61837ec,0.078,0.878,0.044,-0.4019
2025-05-20 11:11:00,Home Depot Plans to Keep Prices Steady Despite Tariffs,Yahoo,https://finnhub.io/api/news?id=3a65723b57a4cc205fe6699f887762a834e9f16133a4814eb3a0c626a86c6b4c,0.0,1.0,0.0,0.0
2025-05-19 11:25:11,"S&P 500's Home Depot, Lowe's Earnings Due As China Shipments Revive On Tariff Relief",DowJones,https://finnhub.io/api/news?id=6cb295700ee2869114f7cff23815d03e3cc2d2cbc5b3f0454de3901587fdc551,0.0,0.686,0.314,0.875
2025-05-20 08:20:00,"Up 97% in 2 years, Is Walmart a No-Brainer Dividend King Stock to Buy Now?",Yahoo,https://finnhub.io/api/news?id=9d98c1ce492567354ecf80b76c2f3401846e8dc1df96950a52d46655111ae291,0.028,0.89,0.083,0.5351
2025-05-20 07:02:19,Target Earnings: What To Look For From TGT,Yahoo,https://finnhub.io/api/news?id=6b803a0878e2b4f7810f4358415b0425f5e169bfabd6aa8d9440624abdd9bc78,0.0,1.0,0.0,0.0
2025-05-20 05:20:12,Global retailers' tariff strategy risks spreading pain beyond US consumer,Finnhub,https://finnhub.io/api/news?id=5a4dd5be503903ab8162bafdfb5e4779e87fdaa113fe72b3903d39ebc28c3474,0.175,0.76,0.065,-0.5859
2025-05-20 03:21:42,"'Addictive' Trump Tariffs Are 'Here To Stay' Even If Democrats Come Back To Power, Says Wharton Professor: 'The Truth Is Governments Need Revenues'",Benzinga,https://finnhub.io/api/news?id=9e73df02730500eb5c72a619985a82a8723eeca5326ce5e309c35c5736036265,0.0,0.952,0.048,0.3182
2025-05-20 02:54:04,"Amazon: Told You To Buy At $180, Next Stop Is $250",SeekingAlpha,https://finnhub.io/api/news?id=02fe3a714b86c759fac5ab10de797d7169c6d097d1b7439f73a5d484a0111ff2,0.171,0.698,0.132,-0.128
2025-05-20 02:50:00,Retailers Close Out The Q1 Earnings Season With Mixed Results,SeekingAlpha,https://finnhub.io/api/news?id=a1b194ee3d63261d150366db85a7c6b91f4f9de8ab5afacea4e237e0525901f3,0.0,0.912,0.088,0.3818
2025-05-20 01:10:00,"From Triple-A To 'Aah, Whatever'",SeekingAlpha,https://finnhub.io/api/news?id=8997b8084aeeea00daf238a8b1fad289d8063412ca97e35b0dcc4e50c89ad5b9,0.0,0.733,0.267,0.8834
2025-05-19 23:02:22,Why Altcoins Withered Over the Weekend,Yahoo,https://finnhub.io/api/news?id=f78c53b0e1d9be6b89d85a02fa761953066b52a221bab1da7ee192498aa1daf3,0.128,0.872,0.0,-0.8433
2025-05-19 21:07:00,"Top Analyst Reports for Walmart, Palantir & Uber",Yahoo,https://finnhub.io/api/news?id=31897619d8e90f872454ce06cc20e9d059a75e72b6ca834f73446c0bc6df5b0d,0.0,0.945,0.055,0.2023
2025-05-19 20:26:00,"These Stocks Moved the Most Today: Nvidia, Tesla, UnitedHealth, JPMorgan, SMCI, Palantir, Novavax, and More",Yahoo,https://finnhub.io/api/news?id=ab0537f535bf8f38663ac91e47f4ce82ca162c42921d923173a16a6e2ad80618,0.096,0.904,0.0,-0.5994
2025-05-19 20:22:45,"Stocks to Watch Recap: Walmart, Nvidia, Tesla",Yahoo,https://finnhub.io/api/news?id=5bba60e38556a0210a3555a64af8429a6ac5aea2568df520187b593d99b23a00,0.072,0.866,0.062,-0.169
2025-05-19 19:25:25,Why Dollar General Stock Was Moving Higher Today,Yahoo,https://finnhub.io/api/news?id=e6397cacf41f92d3dc3e74dff5a95e5f26379b963c0e0356909c36f8f197532f,0.0,0.861,0.139,0.8055
2025-05-19 17:59:09,"Tariff truce will not spark cargo boom at busiest US seaport, executive director says",Finnhub,https://finnhub.io/api/news?id=fd78ab3e36456b0ec9db44c63f6baaf178ea6885f1949b624e53b53f7b30d8a0,0.038,0.962,0.0,-0.1695
2025-05-19 15:26:00,Forget the U.S. Downgrade. Here’s What Really Matters to the Market.,MarketWatch,https://finnhub.io/api/news?id=20bcf12350474078900a3e21981c4b05836090b9414a50acc93042833dfd8936,0.155,0.732,0.113,-0.2533
2025-05-19 17:43:04,Sector Update: Consumer Stocks Mixed in Afternoon Trading,Yahoo,https://finnhub.io/api/news?id=31804a471044d4fa89559dcb7844dfadb7b00f5e48b835fb479924659c854283,0.0,1.0,0.0,0.0
2025-05-19 17:22:07,Consumer Cos Decline as Traders Await Tariff Updates - Consumer Roundup,Finnhub,https://finnhub.io/api/news?id=f7f99c8886f323eee40c47a547ac71686e539a92b7c8cc997d3f96af32b38219,0.167,0.803,0.03,-0.743
2025-05-19 16:26:12,"Busiest US seaport unlikely to see tariff-related cargo boom, CEO says",Finnhub,https://finnhub.io/api/news?id=64d20548adec1d5287bd2a7732978b94b8023ea5a9b4e62dce6b5157b06dbc40,0.0,1.0,0.0,0.0
2025-05-19 16:01:37,"Walmart should stop blaming tariffs, says Trump",Yahoo,https://finnhub.io/api/news?id=4523223dabd5e7b8c4c409a7349ca40dd810b8900f2b9f865637e505432635ba,0.352,0.648,0.0,-0.886
2025-05-19 16:00:00,Why Walmart will be a 'top performer' this year,Yahoo,https://finnhub.io/api/news?id=f2c107597c3d157477704315ce32b6a40d2081dcf03f11dac2cd332de7d7837a,0.064,0.909,0.026,-0.3774
2025-05-19 15:43:09,"Tariffs, Trump, And Thin Ice: Why I'm Sell-Rated On Walmart",SeekingAlpha,https://finnhub.io/api/news?id=4be575d7091abf1d2bd712cfb6217e08958202ec17207a44c300efc8f4c43da7,0.225,0.775,0.0,-0.7717
2025-05-19 14:13:39,"Some Retailers Will Need to Eat Cost of Tariffs, Says Cicarelli",Yahoo,https://finnhub.io/api/news?id=233a3c414862a4a6a999935cc45215d75d765f60a32f2afbb60b5f7860e7fc89,0.095,0.905,0.0,-0.6908
2025-05-19 13:51:00,Trump said Walmart earned billions more than expected. Here's why that's preposterous,Yahoo,https://finnhub.io/api/news?id=4bbfe83ccb980be64bcfcdccb0e91fda62020fc4fbff2ded2c9650d3f7261676,0.0,0.927,0.073,0.5653
2025-05-19 13:36:14,Walmart Stock Ticks Lower After Trump Says Retailer Should 'Eat the Tariffs',Yahoo,https://finnhub.io/api/news?id=92a4989278779611ff61422608553488bc1ca1725031711ad0402663725fc576,0.051,0.899,0.051,0.0
2025-05-19 13:34:00,The Dow drops 300 points as Moody's downgrades U.S. debt and Trump attacks Walmart,Yahoo,https://finnhub.io/api/news?id=d4b67e9eb214b14b1875a96f57642a4c7d366a708f2db08255c2df1bfcc463f7,0.096,0.904,0.0,-0.6597
2025-05-19 13:32:15,"Stocks to Watch Monday: Walmart, Nvidia, Tesla",Yahoo,https://finnhub.io/api/news?id=3364e1560490377beecd1c5f491eb79a13b3cc6babfef6a9c5eee6f8c61643e6,0.072,0.866,0.062,-0.169
2025-05-19 13:00:14,Walmart Inc. (WMT) Is a Trending Stock: Facts to Know Before Betting on It,Yahoo,https://finnhub.io/api/news?id=39019fe0b852c629e49629b894a612370aa06704b68a8c1ca866e0d19661fdd1,0.067,0.887,0.046,-0.2263
2025-05-19 12:58:00,"Walmart, Target, Home Depot, Lowe's and Deckers Outdoors are part of Zacks Earnings Preview",Yahoo,https://finnhub.io/api/news?id=f1a8dddd4d0dcdab438e8f36a189b38bb38d0d37fef15d52c4e4ddd4811d8f6c,0.0,1.0,0.0,0.0
2025-05-19 11:53:43,5 Things to Know Before the Stock Market Opens,Yahoo,https://finnhub.io/api/news?id=36a7948fa47281623d8ad41df62c37aaea636e222dbc70743f943bcf81619630,0.0,1.0,0.0,0.0
2025-05-19 11:39:44,How Walmart’s CFO uses scenario planning to navigate tariff uncertainty,Yahoo,https://finnhub.io/api/news?id=aa4c12fb55827b007b697b9e5ad4a399f898754e450f959d84b055cb87479cb7,0.101,0.802,0.097,-0.0258
2025-05-19 11:14:00,"These Stocks Are Moving the Most Today: Nvidia, Tesla, Walmart, UnitedHealth, JPMorgan, Super Micro, Palantir, and More",MarketWatch,https://finnhub.io/api/news?id=932423668156cb48cfd485446a1ef53e838643cece6ba389909af35aac688d08,0.0,0.804,0.196,0.8316
2025-05-19 10:58:00,Stock Market Today: Dow Jones Falls After U.S. Downgrade; Walmart Skids After Bessent Says This On Tariffs (Live Coverage),DowJones,https://finnhub.io/api/news?id=1a141514a1e240858cb1d7c1ee1f584f09661df5dfb1fcf3bf6b3fe6222a96b2,0.0,1.0,0.0,0.0
2025-05-19 10:46:00,Markets Beware Progress of Tax and Spending Bill. How Stocks Can Get Hit.,Yahoo,https://finnhub.io/api/news?id=12c58035b2f06797fe8f64e3b368b1c0ba89e47459066613f2b640a692a2ff3a,0.073,0.845,0.082,0.0772
2025-05-19 10:28:40,"US Equity Investors to Watch Out for 'Sell-America' Trade After Rating Cut, Retailers' Views on Tariffs This Week",Yahoo,https://finnhub.io/api/news?id=7f0757feba1c1354678d7f9242c28dad37f2b39cbb59b8ed05fb4cb90631e48b,0.062,0.938,0.0,-0.2732
2025-05-19 10:25:00,Walmart’s global ad business soars 50% following Vizio integration,Yahoo,https://finnhub.io/api/news?id=28a96fe716db51ac35aaeef31269095676461b174a3dc31ee05fc663ec82e258,0.0,0.759,0.241,0.802
2025-05-19 10:04:00,"After Trump rages, Walmart says it will eat ‘some’ of the tariff costs",MarketWatch,https://finnhub.io/api/news?id=df20842b896eb30172cf30c791bff10cdd331379531817dc3d7cf215e3651d90,0.205,0.795,0.0,-0.7351
2025-05-19 10:00:00,"These Stocks Are Moving the Most Today: Nvidia, Tesla, Walmart, UnitedHealth, Super Micro, and More",Yahoo,https://finnhub.io/api/news?id=c272b88d008903c1d5388ddada88693afcd6aaceb1a9687db03e2811f7ffe73c,0.091,0.836,0.072,0.0
2025-05-19 10:00:00,Walmart’s warning of higher prices puts spotlight on ‘RIM accounting’ practice favored by big retailers,Yahoo,https://finnhub.io/api/news?id=5328ebbec69304f3b2b21f57846471a27794b08565e02ba7a2fb2733c6cf773a,0.079,0.828,0.093,0.1027
2025-05-19 09:45:00,"Apple, Chevron share losses lead Dow's nearly 175-point fall",MarketWatch,https://finnhub.io/api/news?id=7073d054a58621ec50513d92ef45c1de2d3e0932778712cd6cea89b653872d62,0.227,0.588,0.185,-0.25
2025-05-19 09:29:26,Walmart stock slips as Trump takes aim at retail giant over tariff-fueled price hikes,Yahoo,https://finnhub.io/api/news?id=e414dbcc8fb6611c7a8a2be7a4fb3ff44125ea9c3bdbb746b95ac13e73e8267b,0.0,0.919,0.081,0.296
2025-05-19 09:08:24,Klarna Q1 revenue up 15% as US business grows,Finnhub,https://finnhub.io/api/news?id=9c071f0334a0ad91d7aeb1f23b32ed322e8a3116190d8bb080fa8301c8ce16cf,0.0,0.934,0.066,0.3818
2025-05-19 08:37:11,"Indian boycott of Turkish coffee, chocolates and fashion grows",Finnhub,https://finnhub.io/api/news?id=b5f895b858d2cd1ffe30be2d9d742a4816fd37227a399efc9d54c0d4c2ea0858,0.202,0.696,0.102,-0.6486
2025-05-19 08:00:50,"Trump warns America’s businesses: Eat my tariffs, or pay the price",Yahoo,https://finnhub.io/api/news?id=be03a6045f6a582c518a18097da20959551351a454b5ca091356e97ec92c2dad,0.243,0.757,0.0,-0.6597
2025-05-19 07:18:11,MORNING BID AMERICAS-U.S. credit grating,Finnhub,https://finnhub.io/api/news?id=e0eb0c12dc6ccf6d61211439abb622b7116ed255e6337cc2f4a2087569ec47a6,0.043,0.699,0.258,0.7269
2025-05-19 07:00:00,Trade War Fails To End Civilization,SeekingAlpha,https://finnhub.io/api/news?id=42f9fc36438f975e17e41a5b4c0786d7d664a85632e66afb0f733483a91c6915,0.147,0.525,0.328,0.8074
2025-05-19 04:41:22,"Tariffs, surprise downgrade will weigh on market",Yahoo,https://finnhub.io/api/news?id=95c9de0b1b1eb1cdd7dcbe7f6990286173dca183166b4b28dd16975f5b85990c,0.077,0.816,0.107,0.1531
2025-05-19 04:00:00,AP Top Financial News at 6:33 a.m. EDT,Yahoo,https://finnhub.io/api/news?id=ab2e9bc661b719340113092a592d8fe5ba7b1f4cea6902c79482275ecb646306,0.145,0.773,0.082,-0.34
2025-05-19 04:00:00,AP Top Extended Financial Headlines at 6:33 a.m. EDT,Yahoo,https://finnhub.io/api/news?id=98e49aff0ac268b84c678aecaf95c480ff445e334542b5148bcca2e06fc8111e,0.097,0.852,0.051,-0.3818
2025-05-19 03:25:14,FLQL: Multi-Factor Vs. Single Factors,SeekingAlpha,https://finnhub.io/api/news?id=49378a38da8b32d672f3bafed22ed31f182419f9216d3277db29ec935e7a0d2d,0.0,0.912,0.088,0.34
2025-05-19 02:14:59,"Trump to carry out tariff threats if nations don't negotiate in 'good faith,' Bessent says",Yahoo,https://finnhub.io/api/news?id=ad446c667a8da51dfa057df30adb9bdcfb29c82af563fb368c475676e5eb73fd,0.113,0.792,0.095,-0.1311
2025-05-19 00:19:29,Walmart warns of upcoming price hikes amid tariff pressures,Yahoo,https://finnhub.io/api/news?id=953be7022d5773ab98f700e4d259c66aea61193093012e41f8fb46bc1024be7e,0.162,0.838,0.0,-0.6124
2025-05-18 23:56:08,Trump to act on tariffs if nations don't show 'good faith' - Bessent,Finnhub,https://finnhub.io/api/news?id=c3f4d41d472d70854e224ef66f825a998287e9a2b471023866b2b42071023967,0.238,0.674,0.089,-0.7746
2025-05-18 22:15:00,"Walmart, Sam’s Club and the Walmart Foundation Commit $750,000 to Support Tornado Relief Efforts",Yahoo,https://finnhub.io/api/news?id=aaf4dcbd968b45f8698e11cec0e0fb9526affc4c00497668fa9facf26d69e9b1,0.069,0.69,0.241,0.91
2025-05-18 21:41:09,President Trump Says Walmart Should 'Eat the Tariffs',Yahoo,https://finnhub.io/api/news?id=d7cc8fe8f9cb2344efd9248ee149bb35e726a5450672f7df51bc9153040d7852,0.0,1.0,0.0,0.0
2025-05-18 18:44:00,Prices are probably going up at Walmart. Watch for Target and other retailers to detail the tariff impact this week.,MarketWatch,https://finnhub.io/api/news?id=6452a4ec5873f3e1c251bc553a5625e0454952ec8df3cc9ed64c814072fccced,0.0,1.0,0.0,0.0
2025-05-18 18:20:52,President Trump lashes out at Walmart Inc. (WMT),Yahoo,https://finnhub.io/api/news?id=c440c09cee12ec5a6724d641c672770862a0c8670fda2891d3c5c30c810a9887,0.053,0.947,0.0,-0.5574
2025-05-18 16:17:00,Donald Trump Plays Walmart CEO,DowJones,https://finnhub.io/api/news?id=50c841c3745bc1a36fd54582c24dc7ded2a7ae012f0e491df6916e00457dde8e,0.0,0.667,0.333,0.4588
2025-05-18 16:15:53,Scott Bessent says tariff uncertainty is a tactic — otherwise countries ‘would play us in the negotiations’,Yahoo,https://finnhub.io/api/news?id=a008367fdcc060e66b935735ef61826cefecf1320bd59ed4005eb5323e5db25c,0.053,0.796,0.15,0.5267
2025-05-18 14:59:00,Bessent Dismisses Moody’s Downgrade as ‘Lagging’ Indicator,Yahoo,https://finnhub.io/api/news?id=c69c3fc309ce6313985d65dc2d757bb99d688665bfe0b45350ffb9ad17a79655,0.12,0.811,0.069,-0.3182
2025-05-18 14:53:27,"Trump's tariffs may mean Walmart shoppers pay more, his treasury chief acknowledges",Yahoo,https://finnhub.io/api/news?id=3b7a421cfc0af3e9ddb24ff32d1e9e55d5d84dd8d52892dfd7650a859c09cdc8,0.102,0.841,0.057,-0.575
2025-05-18 13:15:00,Bessent Calls Moody’s ‘Lagging Indicator’ of US Fiscal Health,Yahoo,https://finnhub.io/api/news?id=a6da5ad1c48c6809a51e4eafd651f2f646d768b2f47871e19ab44602e2d15c0d,0.103,0.819,0.078,-0.2732
2025-05-18 12:56:09,Money 101 for new college graduates,Finnhub,https://finnhub.io/api/news?id=fe41aae19d8cc7f776a4241a7b2d75d73c1fbf009b844db01dbfa6f56e3a66d6,0.0,0.874,0.126,0.6705
2025-05-18 12:47:00,"Actually, Walmart's Q1 Report Was Better Than It Seems",Yahoo,https://finnhub.io/api/news?id=0f2974d6139575028dda5d8cdfd6c394fb8030d2e915a5dc921707d8e306da15,0.095,0.762,0.143,0.1531
2025-05-18 09:49:07,US Treasury chief says he expects trade talks to yield some regional deals,Finnhub,https://finnhub.io/api/news?id=4fdd4863312b0a74f529d3b0098de43528d602c61d0152c8d8a2d43b8332f1a6,0.0,0.893,0.107,0.4404
2025-05-18 09:01:08,Wall St Week Ahead-Retailers set to give tariff view as US stock market roars back,Finnhub,https://finnhub.io/api/news?id=ea0bfa9941a08edd7507e0efc5ddc91fdd4bd319405fadcdbe196b448d3a54e2,0.0,1.0,0.0,0.0
2025-05-18 02:12:00,Trump to Walmart: Make less money,Yahoo,https://finnhub.io/api/news?id=d73fd565acd6413a004cdb9ba2595ed57d6613b1896d0dd13a8d1044c42862ec,0.194,0.806,0.0,-0.8126
2025-05-18 00:52:29,"Trump Lashes Out at Walmart, Says the Retailer Should ‘EAT THE TARIFFS’",Yahoo,https://finnhub.io/api/news?id=a65b315ac5ee2aa7d55c40569ab79201878d933c722d529ad21e4fbb251d61ff,0.066,0.934,0.0,-0.296
2025-05-17 21:31:00,Trump Attacks Walmart for Tariff-Related Price Increases,Yahoo,https://finnhub.io/api/news?id=b0bd5ffe30b3eea81488c775d74ecf92b0b26b060def4654622ee21780555a30,0.152,0.848,0.0,-0.6124
2025-05-17 20:00:00,‘Eat the tariffs’: Trump slams Walmart over warning to consumers — but the costs could still hit your wallet,Yahoo,https://finnhub.io/api/news?id=b208485144f4bed449283579e780292fb4d5b79f5009a134ca6ac46c709bf55b,0.035,0.904,0.061,0.3071
2025-05-17 17:28:00,"Trump Attacks Walmart, Tells Retailer to ‘Eat the Tariffs’ Instead of Raising Prices",Yahoo,https://finnhub.io/api/news?id=ace586f6b1925f2cc27314c1cbf8cbe84bd9d00e749b70ffacdeb3060afa88d3,0.16,0.772,0.068,-0.4767
2025-05-17 17:20:24,Trump tells Walmart to ‘eat the tariffs’ as retailer expects prices to increase,Yahoo,https://finnhub.io/api/news?id=e585976a275ed0b96d1b3604c6c073c83856f76f685215d1baf81c9736bc0a3d,0.0,0.927,0.073,0.3182
2025-05-17 17:18:07,Trump tells Walmart to 'eat the tariffs' instead of raising prices,Finnhub,https://finnhub.io/api/news?id=9bf79468fe90b8dd15b8f9590540047c9f6b106ece242b851b30e163de402dbe,0.033,0.967,0.0,-0.0772
2025-05-17 15:55:19,Trump warns Walmart: Don't raise prices due to my tariffs but do eat the costs from those taxes,Yahoo,https://finnhub.io/api/news?id=5c83b4f548b4bc1bc1a453e5d44ae100225057ee517dac05a8aba93e3e29835c,0.149,0.799,0.051,-0.8638
2025-05-17 15:51:26,"Walmart should 'eat the tariffs,' Trump says, after retailer warns of looming price hikes",Yahoo,https://finnhub.io/api/news?id=df721fb0dee9f5bb1e5febe570bf2aa6cc1009029ccbb783ff30e3b25131c895,0.097,0.903,0.0,-0.2263
2025-05-17 15:07:00,Walmart CEO has a harsh warning for customers,Yahoo,https://finnhub.io/api/news?id=931a55bf6f4daf2458ede0c1642619df4ce2a853e9420d973cb30ebb552baff2,0.325,0.675,0.0,-0.7717
2025-05-17 14:00:19,This week in Trumponomics: Everyday higher prices,Yahoo,https://finnhub.io/api/news?id=9b41dce534364eccbd911a573357688cecbc1033883cb460b6e57e078ee65b22,0.0,1.0,0.0,0.0
2025-05-17 12:00:35,Mark Cuban Sounds Alarm On Tariffs: Here's His 4 Word Warning To American Consumers,Benzinga,https://finnhub.io/api/news?id=25f26f67ed0584b7b4bb7212b0355da615ebca1a45261baac40c5dd3a9189bd9,0.286,0.714,0.0,-0.5859
2025-05-17 11:00:00,Grim Economic Outlook Overtakes Solid Earnings as Tariff Disruptions Surface,Yahoo,https://finnhub.io/api/news?id=f8c74e232ed0a34141c8f715c25002dae2bf60af16d927ec2836f51e8a5d3be2,0.134,0.772,0.094,-0.5719
2025-05-17 11:00:00,"Walmart's warning, Costco's gold bar craze, and Trump's retreat: Business news roundup",Yahoo,https://finnhub.io/api/news?id=e35d5c6c81670ad6ec02550ac2e8e4d71b4367df3846b59c71789a3e028080fb,0.096,0.791,0.113,0.1779
2025-05-17 09:42:00,Tariff Turmoil: Is Walmart's Stock Set to Slide?,Yahoo,https://finnhub.io/api/news?id=ca7604b61e5c360d7408027698a60572887e29598b9f267b645112de04d9c829,0.03,0.883,0.087,0.5023
2025-05-17 09:30:00,"In a Trade War, Walmart Lacks Some of Amazon’s Ammunition",Yahoo,https://finnhub.io/api/news?id=baccbee34b4e4452855a14f6595878eec3ebfc479553a62804be366776561c8c,0.044,0.901,0.055,0.4497
2025-05-17 08:05:00,Ride High But Stay Dry: Why I'm Accumulating Cash As The Market Rebounds,SeekingAlpha,https://finnhub.io/api/news?id=f9ebb371b74e316db520d0f606cbc9f06efd418fecbeeca9637ecb363fcdc141,0.0,0.97,0.03,0.0387
2025-05-17 02:30:00,The Trump Administration’s New ‘Big Star’ Could Make All the Difference for Markets,MarketWatch,https://finnhub.io/api/news?id=ccfe2a414e2984c4d43d8b4c7eb95af877b70f506bd3e526438697322d959a83,0.0,1.0,0.0,0.0
2025-05-17 02:15:00,Data Distortions And The Spirit Of 2020,SeekingAlpha,https://finnhub.io/api/news?id=8623e8f08fd4997c002dc52d0457cab53df9bc90e8ba147e334a078a31eecf36,0.0,0.779,0.221,0.1779
2025-05-17 00:42:00,"Retail Earnings Continue: Target, Home Depot on Deck",Yahoo,https://finnhub.io/api/news?id=92669e14490063e5adaa3c88d8df7123b3d51227b937bdefcdc4a89b70628c23,0.0,1.0,0.0,0.0
2025-05-16 21:50:00,Why Walmart Stock Topped the Market Today,Yahoo,https://finnhub.io/api/news?id=fa3f0850a901c44b45f01fd2bee6d5e6d952c20a7c22a488689e87b571152296,0.032,0.864,0.104,0.5647
2025-05-16 21:17:00,"The Score: UnitedHealth, Walmart, Coinbase Global and More Stocks That Moved on the Week’s News",Yahoo,https://finnhub.io/api/news?id=ae9dad02fea6edaf019904734d814b7d790b0461387eeaa8ed0059bf6c62170f,0.15,0.813,0.037,-0.886
2025-05-16 20:22:00,Walmart Stock Recovers as Analysts Affirm Their Confidence in the Retailer,Yahoo,https://finnhub.io/api/news?id=791a77f3adadf091c08a56e6cc63ca0dd725c5d539855b8a73e494af08e84425,0.0,0.841,0.159,0.6705
2025-05-16 18:14:00,The AI Trade Is Back—and That’s Good Enough for the Stock Market,MarketWatch,https://finnhub.io/api/news?id=8b302fca598b60c6ae78861e91fbe40e4b0a28d3e1997ce6f7bc20a77dbcf13c,0.0,0.791,0.209,0.7003
2025-05-16 16:50:44,National Legal and Policy Center Files an Exempt Solicitation Statement with Securities and Exchange Commission,Finnhub,https://finnhub.io/api/news?id=4e3cc6b47dae4362da41a6bca163904842ac1c0a4b72ee83125bc18d4db48e07,0.0,0.793,0.207,0.7351
2025-05-16 16:33:03,Walmart US Nearly Doubled Deliveries Made in Three Hours or Less,Yahoo,https://finnhub.io/api/news?id=96f1005526e9dacaedfa372f2d16bce2e801827699a9fa2c4eecbd72f080c648,0.0,0.848,0.152,0.6124
2025-05-16 16:02:00,Here's how consumers can 'get ahead' of tariff price hikes,Yahoo,https://finnhub.io/api/news?id=47bdaa23ecc53ad0aab16cbf9ef3f62d33b3c6961c06e11f5929ca812d68c8bd,0.034,0.935,0.031,-0.0516
2025-05-16 15:06:00,"UnitedHealth, 3M share gains lead Dow's 339-point climb",MarketWatch,https://finnhub.io/api/news?id=ca4f6f8c63a8b9a1f4ddadfad7cb049068c1df4120b01a9b24b8005db333d3fe,0.0,0.566,0.434,0.802
2025-05-16 14:42:00,"How Trump’s ‘Big, Beautiful Bill’ Could Spoil the Stock Market Party",MarketWatch,https://finnhub.io/api/news?id=d3b4c0cc04bb2c97837d837e6b2f3a715fce96af089d77b751ad802f331ece57,0.0,0.577,0.423,0.9217
2025-05-16 14:35:27,"Walmart Among 'Best Positioned' to Weather Tariff Impacts, RBC Says",Yahoo,https://finnhub.io/api/news?id=8322c908fe6db148b038ed6271b82abafd169e63b3cc9cac36bb3ebf32f496a9,0.0,0.732,0.268,0.8555
2025-05-16 14:16:00,ETFs in Focus Post Walmart Q1 Earnings,Yahoo,https://finnhub.io/api/news?id=87a0265f6e3fd7143f124c6a58f25406e8d897186a9eb38130e6035a717d9c46,0.081,0.81,0.109,0.1406
2025-05-16 13:38:41,Earnings season: Walmart price hikes could send signal to retailers,Yahoo,https://finnhub.io/api/news?id=bdbb4a9ab1631ada6f8cf4b7ad01e2fb46d90ca84093e0bf3d5387ea9ad3c4eb,0.036,0.922,0.043,0.25
2025-05-16 13:25:00,"UnitedHealth, 3M share gains lead Dow's 225-point climb",MarketWatch,https://finnhub.io/api/news?id=0d5c8500e4b3800b379689de3bf7cadb6683a17ba921b12db67f91286e9531f9,0.0,0.566,0.434,0.802
2025-05-16 13:23:00,"Stock Market News for May 16, 2025",Yahoo,https://finnhub.io/api/news?id=8fd036118c0448eb3037506f0cdaa68eb22c1d68f7527dafec13d3fda255a0f3,0.0,0.687,0.313,0.9371
2025-05-16 13:15:00,What to make of the stock market’s recovery,MarketWatch,https://finnhub.io/api/news?id=60fcc023af49d95954db9f1bfc7fccf98e5847fff9ef1b7bf01ec8158478f788,0.0,1.0,0.0,0.0
2025-05-16 12:48:27,Walmart helped keep America's prices low for decades. Now it's leading them higher,Yahoo,https://finnhub.io/api/news?id=55928194873807ed7f16fc2cd9aa84fcfa24489ac52db5d1af809bf0c494c706,0.052,0.924,0.023,-0.296
2025-05-16 12:47:00,How Should Investors Approach Walmart Stock Post Q1 Earnings?,Yahoo,https://finnhub.io/api/news?id=8a782cfb1aac8765a1ed5de4d60839521f5909a6a932a3f26a0f97fd11df88bd,0.0,0.744,0.256,0.765
2025-05-16 12:24:00,"Dow up 120 points on gains in shares of 3M, Nike",MarketWatch,https://finnhub.io/api/news?id=3d0f6aa9db6e6adc62805817899bbe7e254261394e57c8e1794505445d6ee6b7,0.0,0.662,0.338,0.802
2025-05-16 12:00:00,"Wall Street Roundup: UnitedHealth, Retail, Tech, And Tariffs",SeekingAlpha,https://finnhub.io/api/news?id=6997e037a797478c2c972d0f03040cae06cf7a733d5c1865f718afe2f20c6295,0.0,1.0,0.0,0.0
2025-05-16 11:36:15,Walmart’s revenue climbs in Q1 FY26 but net income dips,Yahoo,https://finnhub.io/api/news?id=f47861a4b138421dec7bfe299cb540b4d68de3f5a7d39097b1f44fbda3ea35a1,0.0,0.886,0.114,0.4497
2025-05-16 10:52:00,Walmart and Fed’s Warnings Are Red Flags. Why Markets Must Pay Attention.,Yahoo,https://finnhub.io/api/news?id=7180fa9a7998358f98e5bb54e188690d50267792f34823f81d0d6ca10604900f,0.139,0.861,0.0,-0.4588
2025-05-16 10:27:45,Walmart: Some doubts looming on the horizon,Finnhub,https://finnhub.io/api/news?id=3358e5f66482427923cc4aa2f4581a4496a0e51dbb32b082edfc97c079d50923,0.093,0.907,0.0,-0.4019
2025-05-16 10:08:42,Wall St Week Ahead: Retailers set to give tariff view as US stock market roars back,Yahoo,https://finnhub.io/api/news?id=65a831b08658c23d69b7fb04463f900978bc9d55509ac00fd44ed131d4e4f799,0.046,0.954,0.0,-0.6655
2025-05-16 10:00:00,Federal consumer watchdog drops lawsuit against Walmart,Yahoo,https://finnhub.io/api/news?id=29974e152a02cc5e921bc17b50f06a970f6063819379a36ad4ed41ef21b00df6,0.116,0.84,0.044,-0.2654
2025-05-16 09:30:50,There’s no denying it now: Tariffs are raising prices,Yahoo,https://finnhub.io/api/news?id=3c622d1e58b1cc4ac74d9fba590b66aa59c4d0c9ad7ad30a73853162b43e8fb3,0.0,0.797,0.203,0.4717
2025-05-16 09:00:00,5 Factors to Play Defensive Now: ETFs in Focus,Yahoo,https://finnhub.io/api/news?id=74034d7ef5a7f2c67f8d00dbe651b5d4d7dba46f5fd2aa680df2dcd98ce0a868,0.0,0.82,0.18,0.3818
2025-05-16 08:13:59,"Wall Street Poised To Open Higher After S&P 500's 4-Day Run: 'Sounds Like Powell Is Expecting More Frequent Bouts Of Stagflation,' Cautions Expert (CORRECTED)",Benzinga,https://finnhub.io/api/news?id=089c9236ed14b04550f0f5d79f4ea7796500531aa0d64af3e62ec2665bdabe2e,0.0,0.83,0.17,0.5423
2025-05-16 08:08:35,Dow Jones Futures Rise With Inflation Data Due; Tesla Rival Leads 5 Stocks Near Buy Points,DowJones,https://finnhub.io/api/news?id=1c9466e95d20bb296d32ff7bdba59dc1a910d7ba3e3ea34c6a8d10abe4f0f931,0.0,1.0,0.0,0.0
2025-05-16 12:00:00,Elite CEOs Don’t Need Earnings Guidance,Yahoo,https://finnhub.io/api/news?id=67eb10dfe46531da8864843d3a18c602ed0d42c483ab4f72b215d99965b55107,0.095,0.791,0.115,0.128
2025-05-16 07:05:32,Walmart Inc (WMT) Q1 2026 Earnings Call Highlights: Strong E-commerce Growth and Strategic ...,Yahoo,https://finnhub.io/api/news?id=20184086f5b5c30090db2cec1b68b866c2ba0725d573bf62112ec6276dea06ee,0.0,0.704,0.296,0.8807
2025-05-16 07:00:28,"Stock Market Soars On U.S.-China Tariff Cuts, Nvidia AI Chip News; UnitedHealth, Walmart Also In Focus: Weekly Review",DowJones,https://finnhub.io/api/news?id=01d18dbd553b9620f3105231b25c288e1e4b754d4435a42a68e16cbaa86c6125,0.115,0.885,0.0,-0.5267
2025-05-16 07:00:00,Walmart stakes its claim on convenience as tariffs loom,Yahoo,https://finnhub.io/api/news?id=9e9a382ff14829ad9793712165111525717b9ec947409d647c86477a69bd00dc,0.057,0.783,0.16,0.5267
2025-05-16 06:57:36,FirstCash Holdings: A Business Built To Last Through Good Times And Bad,SeekingAlpha,https://finnhub.io/api/news?id=e5b80d9e1f5b3620204bcf6b2fc824fc56e766dce9e5cfbd61114411b5e6c7b2,0.078,0.717,0.204,0.6808
2025-05-16 06:35:27,"Eko to Open Industry-First 'Capture Factory' in Bentonville, Arkansas to Enable the Future of AI-Powered Commerce",Finnhub,https://finnhub.io/api/news?id=899f28774fe5c4997ca825f604fe68a0cef5abe95afccf7e6cc5477cf0e08ba5,0.0,1.0,0.0,0.0
2025-05-16 05:19:27,WALMART : Gets a Buy rating from UBS,Finnhub,https://finnhub.io/api/news?id=412c7b09543e6ae7b57ad0070a77173c22f48d571b7121c4a9f0256d87ef3ba3,0.0,1.0,0.0,0.0
2025-05-16 04:31:31,"S&P 500 Settles Higher For Fourth Session Amid Surge In Tech Stocks: Investor Sentiment Slips, But Fear Index Stays In 'Greed' Zone",Benzinga,https://finnhub.io/api/news?id=85d1729b874d060cbaae2ea37ae48544238d88775092abf82c2ad5f649050c81,0.282,0.718,0.0,-0.8338
2025-05-16 03:45:56,Q1 2026 Walmart Inc Earnings Call,Yahoo,https://finnhub.io/api/news?id=d34ba93b502a8b6fe8f99e22d4b11ab718abb229655f13990c56f80228a4f23b,0.0,1.0,0.0,0.0
2025-05-16 02:54:15,WALMART : RBC keeps its Buy rating,Finnhub,https://finnhub.io/api/news?id=6888cdaa8bb0717267548ef27f8b190b95822fb0e5525af9fc29bc24c8e2679b,0.0,0.838,0.162,0.7506
2025-05-16 01:34:00,BlackRock Advantage Large Cap Core Fund Q1 2025 Commentary,SeekingAlpha,https://finnhub.io/api/news?id=5e1c61badd2b59a93f58c27c73183e0b26195944b2c243e2d9b6f3e023669d1e,0.0,0.787,0.213,0.7506
2025-05-16 01:00:00,Walmart’s Price Hikes Open Door to Increases From ‘Everybody Else’,Yahoo,https://finnhub.io/api/news?id=dc4b59121085793c003da4d0b15cc21207da096b98800e7ce675a62f9ccb8b0c,0.119,0.881,0.0,-0.5994
2025-05-16 00:57:13,PRESS DIGEST- Wall Street Journal - May 16,Finnhub,https://finnhub.io/api/news?id=aec86befc9e231320697e36c05e37067e36129001018097d00bb02f2a2b89af9,0.0,0.951,0.049,0.2023
2025-05-16 00:36:27,MORNING BID EUROPE-Trade-driven rally ends the week with a whimper,Finnhub,https://finnhub.io/api/news?id=f5d209d3acccbfdd51d3ddc5870d706a60e54ec7efd69aa81873bd95c9dd616d,0.0,1.0,0.0,0.0
2025-05-15 23:44:00,"Buy, Sell, or Hold Walmart Stock After Q1 Earnings?",Yahoo,https://finnhub.io/api/news?id=36f1d930c37174c0b0d7aafc3162407200cab69a19a97d04b4e60cf8d287a21d,0.06,0.887,0.053,-0.0818
2025-05-15 23:05:00,Floating Beats Flailing,SeekingAlpha,https://finnhub.io/api/news?id=5b86272debf77429c2ca5d896bd78eef7622d4b725e9c64f943075e28359d502,0.115,0.885,0.0,-0.3818
2025-05-15 22:47:35,Dow Jones Futures: One Last Step For Highly Bullish Trend; Tesla Rival Leads 5 Stocks Near Buy Points,DowJones,https://finnhub.io/api/news?id=8bd48c1e95afacd0dd3d03adda9215f81ddfb94b8020cf5aa619a9272636ac5f,0.0,1.0,0.0,0.0
2025-05-15 22:47:27,"Walmart, Mattel and other retailers to boost prices as trade war hits shoppers",Yahoo,https://finnhub.io/api/news?id=d8d3dc6353050692cf19334991180bf93c0cb77d09e6ad252bc1e0cd5cb8db1b,0.137,0.792,0.071,-0.3612
2025-05-15 22:31:50,Walmart Inc. (WMT) Q1 2026 Earnings Call Transcript,SeekingAlpha,https://finnhub.io/api/news?id=7d42c97dc4b27acc300dd552c5648099aa922248bceb9641e8eae30ba3243bc1,0.0,1.0,0.0,0.0
2025-05-15 22:22:25,Walmart Inc. 2026 Q1 - Results - Earnings Call Presentation,SeekingAlpha,https://finnhub.io/api/news?id=15ff35606afdd09eca8571f9055f5b0ec60a4283340abaa315771922699f936b,0.0,1.0,0.0,0.0
2025-05-15 20:38:05,Walmart : Transcript - Management Call (Transcript - Management Call Q1 2026),Finnhub,https://finnhub.io/api/news?id=444bb985a25044e1d484834023b1497863c2a5d35be451267af5ed3f3bbedf3b,0.0,1.0,0.0,0.0
2025-05-15 19:20:10,"Walmart price hikes a 'warning sign,' says CIO",Finnhub,https://finnhub.io/api/news?id=5d1133994e9d9eb42127b0dfb0a3859ca9bdee66db026daf9bc4d6daa9abd706,0.059,0.887,0.054,-0.0516
2025-05-15 18:28:54,Walmart Warns Price Increases Are Coming,Yahoo,https://finnhub.io/api/news?id=934736b5d0c6f114cf55ad25bc3d8342244c50d5da87292b09b1e5fd4a9ac79b,0.023,0.916,0.06,0.2263
2025-05-15 18:03:00,Kroger quietly shuts down service that Walmart dominates,Yahoo,https://finnhub.io/api/news?id=763247e4374555027a5674841503b4437274b1124386c376e428e38f997f1647,0.076,0.863,0.061,-0.0772
2025-05-15 17:48:19,Walmart (NYSE:WMT) Faces US$222 Million Verdict In Trade Secrets Dispute With Zest Labs,Yahoo,https://finnhub.io/api/news?id=3bdfd8018bc1c288b54acf978e83e74612d1eeaa39a4f8ecac05130a0f1b5c6e,0.037,0.771,0.192,0.8885
2025-05-15 17:05:00,Walmart Becomes Biggest Retailer Yet to Pass Through Tariff Price Increases,Yahoo,https://finnhub.io/api/news?id=ec69a727f9ed86c26a633c7029eaf17818deeac537791a6881f7bcd632fdf27e,0.0,0.942,0.058,0.2732
2025-05-15 16:21:10,Walmart Beats Q1 Estimates on E-Commerce Profit,Yahoo,https://finnhub.io/api/news?id=f1560cbf46df637188be5302e1fcb5d5cbbe15083cb05650b6322d79f07a9d68,0.057,0.818,0.125,0.3774
2025-05-15 16:20:35,"Nancy Tengler Trimmed Her Walmart Inc. (WMT) Position, Bought Several Big Tech Names",Yahoo,https://finnhub.io/api/news?id=e67f186173595e719225441f37594102cf5a0a720462e16a5bcb99bb5825fcea,0.0,0.969,0.031,0.296
2025-05-15 16:16:13,TREASURIES-US yields drop as signs of economic deceleration mount,Finnhub,https://finnhub.io/api/news?id=c581d935a5635a34a72603b68ebbd2cab4b199614eb606dab57c40538057ea47,0.055,0.897,0.047,-0.0772
2025-05-15 16:11:23,"Under a cloud of tariffs, Walmart is the latest retailer to announce price hikes",Yahoo,https://finnhub.io/api/news?id=c4de02e8feebd08b42b4eb733d7a993c425082a133410e738f84759241143fc7,0.0,1.0,0.0,0.0
2025-05-15 15:58:57,"Top Stock Movers Now: UnitedHealth Group, Walmart, Deere, and More",Yahoo,https://finnhub.io/api/news?id=54ce5dd62b8010a56ef80652d9a2a5c5cb7a7021597ee792a86da59e83f407b6,0.057,0.89,0.053,-0.0276
2025-05-15 15:56:00,Walmart warns price hikes are coming as earnings take a hit from tariffs,Yahoo,https://finnhub.io/api/news?id=243f2f28fe19f6cc12c582286eadd4b583d2eb11809f6a4038fba0427b096c7b,0.08,0.839,0.081,0.0387
2025-05-15 15:53:05,Walmart Says It Will Increase Prices on Some Goods Because of Tariffs,Yahoo,https://finnhub.io/api/news?id=f2e684a0cfa612b1d3e884944abbd7125ae6d610a3f2aa1588728e2579c114ff,0.0,0.935,0.065,0.3182
2025-05-15 15:49:00,BlackRock Sustainable Advantage Large Cap Core Fund Q1 2025 Commentary,SeekingAlpha,https://finnhub.io/api/news?id=807b75e324b13a6e7a9ebabeefc1be4ef60425bddc736c359517133941d6a512,0.0,0.797,0.203,0.7506
2025-05-15 15:37:00,Walmart Will Raise Prices Because of Tariffs. Everyone Else Will Too.,MarketWatch,https://finnhub.io/api/news?id=e41e872553bb9630c2504865207150fbe5e749a082e33944cca01b4464212839,0.0,1.0,0.0,0.0
2025-05-15 15:36:15,Top Midday Stories: Walmart to Raise Prices Due to Tariffs; UnitedHealth Under DOJ Investigation Over Possible Medicare Fraud,Yahoo,https://finnhub.io/api/news?id=2228d1ce03321ad255071e8bf038a4fd817b0f4e1ef543aa5c9bc8875c5cf5e1,0.145,0.811,0.044,-0.6249
2025-05-15 15:29:42,Why Walmart Is Down Today,Yahoo,https://finnhub.io/api/news?id=9f0640d0517dc9194a14121967cff9549cebbfb8d881a5517eb2ce58af9b026e,0.085,0.87,0.045,-0.3612
2025-05-15 15:29:24,Walmart Stock Slips After Retail Giant Warns of Tariff-Driven Price Increases,Yahoo,https://finnhub.io/api/news?id=e445d0a020fc0671aa424ff689d19d1652a6aa493d42b9e15829e129e3942afa,0.024,0.822,0.154,0.765
2025-05-15 15:25:00,PPI Declined More Than Expected,Yahoo,https://finnhub.io/api/news?id=a31634acc528b2fe8ad3174eb96d306160ca5f3bcc5de4251b3c7e3e745bb521,0.0,1.0,0.0,0.0
2025-05-15 15:16:15,Trump tariffs set to unleash double-digit price increases in some Walmart departments: CFO,Yahoo,https://finnhub.io/api/news?id=4d9a53709acd3c3d32b259df1ae7fa3f0689a67bb6fae31465688cb8bbc4e009,0.046,0.954,0.0,-0.1027
2025-05-15 15:16:00,"Walmart Q1 Earnings Beat Estimates, E-Commerce Growth Supports Sales",Yahoo,https://finnhub.io/api/news?id=96ce1e757cac6737f733466587c48a4d48a04232d0fbdbb529aabd62f651b7c4,0.0,0.647,0.353,0.8316
2025-05-15 15:11:00,Walmart Stock Drops After Earnings. Where It Will Raise Prices—and Where It Won’t.,Yahoo,https://finnhub.io/api/news?id=9d3975134eefdd7f66b97773832a1be495eff00597c48fb36811e25fd2acd04d,0.0,0.882,0.118,0.8402
2025-05-15 15:06:04,"Walmart warns of price hikes, Dick's $2.4B Foot Locker deal",Yahoo,https://finnhub.io/api/news?id=7eb721d4bf0c74755f2dbac2a85d84bde615fbf02ef2f97c28257c9ea5275b54,0.016,0.937,0.047,0.3818
2025-05-15 15:00:56,Walmart: Tariff Commentary Diverting Attention From Growth Deceleration,SeekingAlpha,https://finnhub.io/api/news?id=bf5744fe502c1606007a8fbeb340b97683cf9dcf0a49ac661d6fc58bbbdce7a4,0.113,0.744,0.143,0.2732
2025-05-15 14:57:40,Walmart could see 'double-digit price increases' from tariffs: CFO,Yahoo,https://finnhub.io/api/news?id=8d829a11eb6ae5f92dd05a3fd541200aabbac2188413f5b17b7d11136e264a98,0.048,0.906,0.046,0.1832
2025-05-15 14:44:00,BlackRock Advantage Large Cap Value Fund Q1 2025 Commentary,SeekingAlpha,https://finnhub.io/api/news?id=636687f96a6f49e35fc16b255020b7d73958babc06e264c45012435f096ca5f9,0.0,0.614,0.386,0.5267
2025-05-15 14:22:35,Walmart shoppers to face price hikes as Trump tariffs hit,Finnhub,https://finnhub.io/api/news?id=1704e5fda61efa20c854e31bc7f639750a4c80b027554293d6a7d7d1f9e39766,0.0,1.0,0.0,0.0
2025-05-15 14:08:02,US reports lackluster retail sales as tariffs start to dampen demand,Finnhub,https://finnhub.io/api/news?id=b6cad7e5373fc016f830d5611578f335221ecb72065d79c52b8d2117c1827c19,0.037,0.896,0.067,0.296
2025-05-15 13:57:10,Walmart warns of higher prices as Trump tariffs start to bite,Finnhub,https://finnhub.io/api/news?id=dcb809e6cfcf1cef788289714cd0764c3ee0f6fbfac4a76c69a7bdf1c805195d,0.072,0.883,0.045,-0.0772
2025-05-15 13:39:28,Dow gets a lift as Walmart trims losses,MarketWatch,https://finnhub.io/api/news?id=a8319a7357e631961438ea8365a88262766d3a6acbc464b53593d95a81c9a424,0.278,0.722,0.0,-0.6597
2025-05-15 12:40:13,WALMART : Receives a Buy rating from DZ Bank,Finnhub,https://finnhub.io/api/news?id=ff16fb19481bbe940422126ab8a90603f25b9b6e03aaa57d1f621f03cd1a3f5a,0.0,0.904,0.096,0.5574
2025-05-15 11:56:12,US retail sales rise slightly as tariffs start to curb demand,Finnhub,https://finnhub.io/api/news?id=b50aa65e4b31000daa8d9213921b6fd97dbf25923bfe191b84493f3eb806cdb0,0.037,0.896,0.067,0.296
2025-05-15 11:55:00,Wall Street Lunch: Walmart Rings Warning Bell On Tariffs,SeekingAlpha,https://finnhub.io/api/news?id=bf036f41908e62c76f7850ab49ee73990da92cca27a3585422b769530121f0db,0.072,0.809,0.12,0.3802
2025-05-15 11:41:35,"Dow, S&P 500 shake off early losses as midday approaches",MarketWatch,https://finnhub.io/api/news?id=2cb913ccb6dfc04800d73cde835e5ada9fa26c9e628d2003ee915a61261aa4b3,0.355,0.645,0.0,-0.7783
2025-05-15 11:38:27,"Walmart Inc. Reports Earnings Results for the First Quarter Ended April 30, 2025",Finnhub,https://finnhub.io/api/news?id=92e6f8585edb05d60abb41152fd390520381444180153cda56dff3cb6171ac87,0.0,1.0,0.0,0.0
2025-05-15 11:17:32,"Walmart Tops Q1 Profit Estimates, Affirms Full-Year Forecasts",Yahoo,https://finnhub.io/api/news?id=82fdf4d172f3ac3d9acd2bd021f6225ff36569da0f2b6a4093f79895e83d5a5b,0.0,0.662,0.338,0.9231
2025-05-15 11:10:53,Walmart (NYSE:WMT) Reports Q1 In Line With Expectations,Yahoo,https://finnhub.io/api/news?id=68276e382dffcf3537093bc8b7014da581085ec20fd5cdb637a3b501f7fb6c34,0.0,0.917,0.083,0.6249
2025-05-15 11:10:06,Walmart says it will raise prices due to tariff costs after posting solid first quarter sales,Yahoo,https://finnhub.io/api/news?id=ac733966bb9cc6108a836cfdecff3e65c04ac64c24c1dc1893d3667b4ca3e8bd,0.055,0.818,0.127,0.7426
2025-05-15 11:09:00,Walmart Stock Rises as  Earnings Top Estimates,Yahoo,https://finnhub.io/api/news?id=3723adbada50829a07edf1ab900a5f78b2468166f4769b1d9db210f1313d0efb,0.0,0.937,0.063,0.4588
2025-05-15 11:07:49,"Walmart warns of higher prices, withholds second-quarter profit guidance",Yahoo,https://finnhub.io/api/news?id=753552163fc0dc2c15eec104da1287a70c126a1762db59de7791d8614e1ef0af,0.082,0.786,0.132,0.7506
2025-05-15 11:05:26,Walmart First-Quarter 2026 Financial Results: Just the Numbers,Yahoo,https://finnhub.io/api/news?id=fe4b33d344d6c800e9550d533eefe38b0394cb258492ed002911cc356789e7e3,0.0,1.0,0.0,0.0
2025-05-15 11:05:07,Walmart: Fiscal Q1 Earnings Snapshot,Yahoo,https://finnhub.io/api/news?id=baf51928812a23f66106938f0238bf884709a6f49af9fe7704ef08a1633d1d8c,0.0,0.809,0.191,0.743
2025-05-15 11:03:54,Walmart posts mixed Q1 results as the retailer remains cautious about Q2 amid Trump tariffs,Yahoo,https://finnhub.io/api/news?id=885d450871b572cbca386ba9b6c7c377c114792cecbd6f84046c128874f7d3cd,0.041,0.959,0.0,-0.1027
2025-05-15 11:02:29,Walmart says it must raise prices due to tariff costs after posting solid first quarter sales,Yahoo,https://finnhub.io/api/news?id=b3b170d5543bbbf7003ced4f947d7a50e2d122713c10eafcd0f9290b2d7faea6,0.0,0.904,0.096,0.296
2025-05-15 11:02:00,"Walmart reports revenue of 2.5%, up 4.0% in constant currency (cc) with operating income growing of 4.3%, or 3.0% adjusted (cc)",Yahoo,https://finnhub.io/api/news?id=0eccb4a720f1ba17bd20e6694311ec33464f01047bc1cc68d6d27aef83a181e9,0.0,0.943,0.057,0.1779
2025-05-15 10:59:42,"Stock Market Today: Walmart Falls Hard As Dow Jones Cools Off; Alibaba, CoreWeave Hammered On Earnings (Live Coverage)",DowJones,https://finnhub.io/api/news?id=9e1dfa61308928cb45d83566472eb0c14a0850276959008aeb5bcea2b259e4d8,0.076,0.924,0.0,-0.2023
2025-05-15 10:48:55,Walmart faces $222m verdict for Zest Labs’ trade secrets theft,Yahoo,https://finnhub.io/api/news?id=6130453c1c23ceb5eed7c0c9c9b8b5a88d8593d66b71de3e4b1faaf37180e62c,0.0,0.935,0.065,0.1531
2025-05-15 10:39:00,"These Stocks Are Moving the Most Today: UnitedHealth, Foot Locker, Alibaba, Super Micro, Apple, CoreWeave, Cisco, Walmart, and More",Yahoo,https://finnhub.io/api/news?id=3f4a236a2fcb53f9c22684eb8c4491d2a3b4cc7acd0496bb732cb66671af60a5,0.121,0.756,0.123,0.0258
2025-05-15 10:33:00,Walmart’s CEO says Americans should brace for higher prices,MarketWatch,https://finnhub.io/api/news?id=28e03f3f068d43e37fc827418df49900e639290460573d205fe00556c5551f99,0.0,1.0,0.0,0.0
2025-05-15 10:32:33,Morning Bid: Another won bites the dust,Yahoo,https://finnhub.io/api/news?id=79ea4408a0df5061985ea1301fdd4abef616a2a9c64d178e3a5e23d8c9338140,0.065,0.779,0.156,0.9182
2025-05-15 10:26:00,Trump Says India Has Offered No Tariffs; EU Wants a Better Deal Than What the U.K. Got,MarketWatch,https://finnhub.io/api/news?id=c2703dd4e0251a31dc03cf4926ed8dccbbb2fbf4df148410ce0c47da8974dcee,0.109,0.746,0.144,0.34
2025-05-15 10:18:25,"Trending tickers: Boeing, Cisco, Foot Locker, ITV and Aviva",Yahoo,https://finnhub.io/api/news?id=73e3a9a878297b804eafb9a248bbe9973223b45dc85cb4257efb59929bc2f1a1,0.0,1.0,0.0,0.0
2025-05-15 10:14:06,Consumer-staples sector is climbing despite Walmart's weakness,MarketWatch,https://finnhub.io/api/news?id=107e770cf2bea2c3111ae98bb9915cd5155740a48a80c5846035de8022a428c1,0.0,0.72,0.28,0.5667
2025-05-15 10:10:23,Dow Tumbles 150 Points; Walmart Earnings Top Views,Benzinga,https://finnhub.io/api/news?id=2567cb7384a1e5ad578af34b4aaec8c324a5fea3792d4ee14b04121b64f10b69,0.0,0.795,0.205,0.2023
2025-05-15 09:51:21,Dow Jones Falls On Powell Warning; UnitedHealth Plunges On Criminal Probe,DowJones,https://finnhub.io/api/news?id=43db1e6350cacf769bb46e02c5bf5f2cec9d31265978d021a6919bf820698d5d,0.392,0.608,0.0,-0.891
2025-05-15 09:47:00,"Dow down nearly 175 points on losses for UnitedHealth, Walmart stocks",MarketWatch,https://finnhub.io/api/news?id=9ebf2c804414f065522ea88c2f90ad7acf91eddaf513214bb8eb015c451d69d2,0.213,0.787,0.0,-0.6597
2025-05-15 09:45:00,"Walmart Posts Strong Earnings, Warns Tariffs Will Bring Higher Prices and ‘Substantial Uncertainty’",MarketWatch,https://finnhub.io/api/news?id=b9009af5c1b7ea142fc33af07e313fdec0c1ee06a5df24cbab07695779193e77,0.089,0.701,0.21,0.7003
2025-05-15 09:39:00,"These Stocks Are Moving the Most Today: UnitedHealth, Walmart, Foot Locker, Alibaba, Apple, CoreWeave, Cisco, Deere, and More",MarketWatch,https://finnhub.io/api/news?id=474f431b49c2530b9c4c6aa9ecc90e4e0101ca12d52b8a62ef8822acbd0831c3,0.0,1.0,0.0,0.0
2025-05-15 09:36:13,Walmart CEO Says Larger Tariffs On China Have The Biggest Impact,Finnhub,https://finnhub.io/api/news?id=8c25664f4a39f059a48b37d81210b28ac080d25407c7df14ce4a81ff49e82f29,0.0,0.934,0.066,0.4278
2025-05-15 09:31:05,"Walmart Delivers Strong Sales, Warns of Price Increases",Finnhub,https://finnhub.io/api/news?id=59cb6fc41b84af21deb76e941717820f75b9769d52a5db58dcd03b7eecf36fd4,0.026,0.926,0.047,0.2382
2025-05-15 09:28:22,WALMART : UBS keeps its Buy rating,Finnhub,https://finnhub.io/api/news?id=f4eb66b2294cca5128d3037c62c5ebfab7d73f3b71c79c91d90e1d12fb2b5c05,0.0,0.862,0.138,0.5859
2025-05-15 09:28:14,WALMART : JP Morgan reaffirms its Buy rating,Finnhub,https://finnhub.io/api/news?id=cd9ec792129f7e7f08954d05f177bf75e2dc5affcbca2de669441337eb3fca26,0.0,0.753,0.247,0.8345
2025-05-15 09:27:16,WALMART : RBC reiterates its Buy rating,Finnhub,https://finnhub.io/api/news?id=b263df50dd979e3ccfb1536ef236a12477bd942df64f2e1a19c985c45c0490c2,0.0,0.89,0.11,0.5574
2025-05-15 09:07:06,"Walmart Doesn't Alter Annual Outlook Yet, CEO Says 'All Tariffs Create Cost Pressures But China Has Biggest Impact'",Benzinga,https://finnhub.io/api/news?id=b3fdb009d9e103be05a8ca5d222bcedd07563e11bf1a1268040081f686d0304f,0.028,0.889,0.083,0.5106
2025-05-15 08:41:15,Retailers rush to save US summer shopping season,Finnhub,https://finnhub.io/api/news?id=f936f7cf64c1f570cb19a80843496377536ea034cf4265ac65cbce06d599cb73,0.0,0.858,0.142,0.6486
2025-05-15 08:32:48,"Walmart warns of higher prices due to tariffs, holds off on second-quarter guidance",Finnhub,https://finnhub.io/api/news?id=d43a259b874448f9a024c78a4439cfe013e12d75c24d0df38b8e65cc59547451,0.033,0.967,0.0,-0.1027
2025-05-15 08:15:00,Walmart Plans to Raise Prices Because of Tariffs,DowJones,https://finnhub.io/api/news?id=d6fff4a8d8118824327b4ac1e02f8c6439f271bb644a898d840fc596e412ca08,0.0,1.0,0.0,0.0
2025-05-15 08:05:06,"Dow Jones Futures Fall As UnitedHealth Dives On Probe; Walmart Rises, CoreWeave Tumbles",DowJones,https://finnhub.io/api/news?id=e53e962144dfee55d28ce5496312b9b88c2b3ee83a978928117cb70e1a8fdbf6,0.0,1.0,0.0,0.0
2025-05-15 08:01:00,Walmart Is Preparing to Welcome Its Next Customer: The AI Shopping Agent,DowJones,https://finnhub.io/api/news?id=79048b9f7eadcfdd599cea4df164950475b47ad54cdeff6f3a6f88ef274cadee,0.0,0.786,0.214,0.7184
2025-05-15 07:31:00,"S&P 500 Futures Drop in Premarket Trading; Dick's Sporting Goods, Elanco Animal Health Lag",MarketWatch,https://finnhub.io/api/news?id=40772744a3be06725c07ccf5dfc3aadd7e66871ba52fabdee34afe5414bfcfd7,0.273,0.727,0.0,-0.7906
2025-05-15 07:09:14,Walmart : Unit Count & Square Footage (Unit Count & Square Footage Q1 2026),Finnhub,https://finnhub.io/api/news?id=ce25a6734e999f17b28e9a99517e8b03ddc619942f5ad73ddd5d1b28cd07f4dc,0.0,1.0,0.0,0.0
2025-05-15 07:07:17,Walmart : 13-Week Comparable Sales (13-Week Comparable Sales Q1 2026),Finnhub,https://finnhub.io/api/news?id=aa707fdb16d20cbe1c18b166bbc973c2cc517a1a9725bb621fbfaafd45ef22d8,0.0,0.901,0.099,0.4754
2025-05-15 07:05:09,Walmart : Earnings Terminology (Earnings Terminology Q1 2026),Finnhub,https://finnhub.io/api/news?id=41042cf9f7e9a17c397c0ab6217ab21211360053b8e13f15e7f7d98589635975,0.0,0.878,0.122,0.5106
2025-05-15 07:05:09,Walmart : Presentation (Presentation Q1 2026),Finnhub,https://finnhub.io/api/news?id=b5ed20c590bfdf28d4257a4bae9289e041016174c0a62a0857023c653273908f,0.0,1.0,0.0,0.0
2025-05-15 07:05:07,"Walmart Q1 Revenue USD 165,600 Million",Finnhub,https://finnhub.io/api/news?id=98b5e52b582f7aa250c9cce1b20d573ff65c2ebb6d3bc64b28d482a82833112b,0.0,1.0,0.0,0.0
2025-05-15 07:04:30,Walmart CFO Says Price Hikes From Tariffs Could Start Later This Month- CNBC,Finnhub,https://finnhub.io/api/news?id=9177772ea0775b39a74e649642520be2beab6cd288545947ba067ee51b5472ce,0.0,1.0,0.0,0.0
2025-05-15 05:42:14,"US Stocks Likely To Open Lower After S&P 500's Three-Day Winning Streak: '...Many Uncertainties Remain,' Says Expert",Benzinga,https://finnhub.io/api/news?id=995025c1f84c31d83e756b163b229df85503cc3cac43b5f6b2d79b5e18bd6eab,0.194,0.733,0.073,-0.5574
2025-05-15 05:32:56,Walmart and Applied Materials headline earnings slate,MarketWatch,https://finnhub.io/api/news?id=17005b4190c5eae7da815eff167797eb0a6ec5eb1dd35be7fa650b3c252374f9,0.0,1.0,0.0,0.0
2025-05-15 04:33:10,"Morning Bid: As euphoria ebbs, Powell on deck",Yahoo,https://finnhub.io/api/news?id=ef2dd835cf201eec2237deabbc918a95e8c6e390d493171eef8e260e5f06c815,0.065,0.807,0.128,0.8658
2025-05-28 20:44:17,Walmart Targets $200 Billion International Sales by 2028,Yahoo,https://finnhub.io/api/news?id=53edefef88fbe3720b2ab8b7f06670052ad71b3dc8a904c034935d6ff457b0d2,0.0,1.0,0.0,0.0
2025-05-28 17:53:53,Macy's joins retail giants warning of price hikes as tariffs weigh,Yahoo,https://finnhub.io/api/news?id=05b3f5d0944257af84f26d785ec5406611c23a83bfb40cc04541e80f5415a171,0.128,0.771,0.101,-0.25
2025-05-28 17:02:25,"Walmart Inc. (WMT) Is The Insurmountable Wall In Retail, Says Jim Cramer",Yahoo,https://finnhub.io/api/news?id=fda124e395a85a8d26d7100c7ce6e85a7adc74f3597c8cd24c2a2786c22cdae1,0.0,0.91,0.09,0.7579
2025-05-28 14:46:32,"Fox News Host Roasts Trump's Mornings: 'Wake Up, Watch Cable News, Create Chaos, Watch The Futures Tank'",Yahoo,https://finnhub.io/api/news?id=94d3cc5def1461e0f383b7e457e5ef792e82f96de343b934e67cb0c256d49fa1,0.129,0.789,0.082,-0.6549
2025-05-28 14:00:00,Walmart Is Helping Medicare Advantage Customers Seamlessly Use Their Supplemental Health Benefits for Everyday Wellness Purchases,Yahoo,https://finnhub.io/api/news?id=df715928d89c5fa8f4affacc6811393b222c02ce50184098d7a062c7b476177a,0.0,0.759,0.241,0.967
2025-05-28 13:05:43,Walmart Inc. Unveils New Digital Innovations,Finnhub,https://finnhub.io/api/news?id=fe502202cbe09b6c3e368d3e935130a3afd45edebfa785be225f9b6dae3d0543,0.0,0.804,0.196,0.743
2025-05-28 11:04:47,Walmart Inc. (WMT) Presents at Bernstein 41st Annual Strategic Decisions Conference (Transcript),SeekingAlpha,https://finnhub.io/api/news?id=6f83b084efc02fa2b696fe87f5de714c952c095ced8e2cece90f750c338d8dc6,0.0,1.0,0.0,0.0
2025-05-28 11:00:02,"Walmart, Target and other companies warn about growing consumer boycotts",Yahoo,https://finnhub.io/api/news?id=55721f4abc15246972ba7b9e233cdc7b2578743064e1f6e062ca1ad1aa8054ee,0.359,0.588,0.053,-0.836
2025-05-28 10:24:00,E.l.f. Cosmetics to raise prices by $1,Yahoo,https://finnhub.io/api/news?id=7defaf4519b86ebe60b3b1510be300366e751498f0fb10d4543d955584de36da,0.0,1.0,0.0,0.0
2025-05-28 09:25:12,Dollar General: A Strong Turnaround Story That Could Double In Price,SeekingAlpha,https://finnhub.io/api/news?id=c4a1d05876d818dafad11b2302ebfcf0616571c8f317145eb591ba5c7a8d8e91,0.0,0.752,0.248,0.5106
2025-05-28 09:20:27,"Transcript : Walmart Inc. Presents at Bernstein 41st Annual Strategic Decisions Conference 2025, May-28-2025 08",Finnhub,https://finnhub.io/api/news?id=1fadb7d959427f45de32c6973579abe819cffe35b3b3cb3998d00fc594768f84,0.0,0.869,0.131,0.7096
2025-05-28 09:00:00,"Walmart, Ford, and more companies raising prices because of tariffs",Yahoo,https://finnhub.io/api/news?id=f3637dd350180a40db6ec7e128a5d4e27a0bea3de0c60cd7a82529fd4a0c2765,0.107,0.893,0.0,-0.34
2025-05-28 01:45:00,Retail Roundup: Several Preliminary Earnings Announcements Alongside Macro Uncertainty,SeekingAlpha,https://finnhub.io/api/news?id=f8f593e0b54c6342befb33253cb5d4f2aa4d3c246a74ba1e5ed3fc4860c600da,0.187,0.813,0.0,-0.4404
2025-05-27 22:15:08,Best Dividend Aristocrats For June 2025,SeekingAlpha,https://finnhub.io/api/news?id=6ee1dcf91ffbd2bdde319f8234879fe63c615bdeedf7461a4dbb0c871beb6455,0.0,0.799,0.201,0.6757
2025-05-27 21:41:11,Trump Wants Retailers To 'Eat' Cost Of Tariffs. Do They Have The Appetite?,Yahoo,https://finnhub.io/api/news?id=610e72419ee864f1256d1383bec5f9c8c5220389159914424abc7c1d8a125912,0.067,0.933,0.0,-0.2869
2025-05-27 17:33:00,Walmart's Warning; Money Tips for 2025 Grads,Yahoo,https://finnhub.io/api/news?id=a1040ff3a26001266d404ef0a29ce636cc75bd3b681d08179a8392312f013371,0.094,0.906,0.0,-0.34
2025-05-27 16:31:00,"Walmart Inc. stock rises Tuesday, still underperforms market",MarketWatch,https://finnhub.io/api/news?id=d94d74c930b1a5b0f71bfa4eef6ed4233e5954bf60b7727bccf3fc991f5d7082,0.0,1.0,0.0,0.0
2025-05-27 16:08:00,There Is No (Convenient) Alternative,Yahoo,https://finnhub.io/api/news?id=09414dac438a3961544ec3f12746c74100eed92e80d0667498f4c965f966a8c1,0.125,0.678,0.197,0.6249
2025-05-27 15:30:00,Cucumber recall spreads to Walmart stores as salmonella outbreak sickens dozens across 15 states: Update,Yahoo,https://finnhub.io/api/news?id=1039b7399bece300fda2832110c245965a391f96fe788ae6069ad0c548563349,0.076,0.865,0.059,-0.1779
2025-05-23 12:14:16,"Trump Trade War Jolts Apple, Europe And S&P 500 With Latest Tariff Twist",DowJones,https://finnhub.io/api/news?id=0e1cfc428f6476c6185be937c6cbdf193b4c117dc95afd91a147ff87dac65677,0.245,0.755,0.0,-0.8316
2025-05-27 12:17:00,"""If Walmart Is Under Pressure to Raise Prices, It's Going to Have Broader Effects on the Economy.""",Yahoo,https://finnhub.io/api/news?id=1e9c86634f6e19f5e0d57b55faa2bc457266253fc96d379c93aa63adee1df05b,0.124,0.876,0.0,-0.7579
2025-05-27 12:00:26,Is Amazon Stock A Buy? Tech Giant's Shares Rebound After Trump Tariff Cut,Yahoo,https://finnhub.io/api/news?id=20245583061346ffc881d418e346778352a8c383670db5cc690170bf42335d99,0.052,0.744,0.203,0.6249
2025-05-27 09:14:00,Target Stock Looks Cheap but It May Be a Bargain Today for a Much Better Reason,Yahoo,https://finnhub.io/api/news?id=2480b84ccfa1d2ee40272bc29ea0f009f4e03eb725a407d3fa8e18b28dc3db7f,0.038,0.768,0.194,0.9349
2025-05-27 07:20:00,Attention Dividend Investors: 4 Stocks To Build Your Own Income Factory,SeekingAlpha,https://finnhub.io/api/news?id=556d3c781ea93b8c0bd8093e690b2617b77440a1b66e1e6f45b4e44a1a512381,0.0,1.0,0.0,0.0
2025-05-27 00:30:00,Lazard Managed Equity Volatility Portfolio Q1 2025 Commentary,SeekingAlpha,https://finnhub.io/api/news?id=c3b309b095d6329cb51d8d085774dc394cbe090d05bac9b4431e895bfe656da4,0.0,1.0,0.0,0.0
2025-05-26 15:46:00,Walmart vs. Target: Which Retail Giant is Poised to Outperform?,Yahoo,https://finnhub.io/api/news?id=d1d5359eaef25d9dd553458c2e5c6f5df9874a377a6846b878ffbc27d996b9d4,0.178,0.703,0.119,-0.296
2025-05-26 13:45:00,Best Stock to Buy Right Now: Walmart vs. Dollar General,Yahoo,https://finnhub.io/api/news?id=a291c9ddada269ba7a121fddf5b3c9214e2d992fa5bcb8569109c95a236265aa,0.043,0.781,0.176,0.8271
2025-05-26 09:00:00,"Walmart, Costco, and even Dollar General are getting into the gas station business",Yahoo,https://finnhub.io/api/news?id=7f9fd601b663b507aa13f47fa6ba0af80610d8b9a4c3d7bb0b8fc3b8d5105570,0.0,0.921,0.079,0.7334
2025-05-26 08:30:00,Better Buy: Walmart vs. Target Stock,Yahoo,https://finnhub.io/api/news?id=d86662ceea35b59d4323ad6dc2f8614ba67e053b86887bf22400e79e0abf0e1d,0.05,0.75,0.2,0.7506
2025-05-26 04:40:01,3 Profitable Stocks in Hot Water,Yahoo,https://finnhub.io/api/news?id=671b8c7948602a1abf2d71751380b99125748fd906fa2e19d4dc14812baaa6fb,0.056,0.664,0.28,0.8689
2025-05-25 22:28:00,e.l.f. Beauty Q4 Preview: The Only Bullish Catalyst I Am Waiting To See,SeekingAlpha,https://finnhub.io/api/news?id=d3da00a4ae570a01f39f23ece8b65b524a04444d6b7c9a53fca7fa5db1ee02b3,0.0,0.674,0.326,0.9382
2025-05-25 11:00:55,"Walmart to Cut Around 1,500 Corporate Jobs in Restructuring Drive",Yahoo,https://finnhub.io/api/news?id=c6d94d72fbc828821eff671d7aac070343982a898b9d3b3df01bfa3b88e91e59,0.06,0.904,0.036,-0.1779
2025-05-25 10:05:00,Target's Market Share Is Slipping -- Time to Buy the Dip or Stay Away?,Yahoo,https://finnhub.io/api/news?id=1eac5da034646e922532b35c900322b98cceb907189d5a29b4c040f93ae9b016,0.139,0.799,0.062,-0.6707
2025-05-24 18:31:00,Target (TGT) Maintains Dividend King Status Despite Brutal Market,Yahoo,https://finnhub.io/api/news?id=d57be7eeab68b2b77df36c6b647f53e48728c74a3b6d31999564f3e5fd48107c,0.051,0.777,0.172,0.8795
2025-05-24 17:33:00,Donald Trump Tells Walmart (WMT) to ‘Eat the Tariffs’,Yahoo,https://finnhub.io/api/news?id=3de1b5614bb030229e1db75c7b35ff3d2bcd94354be2a6dd04d1a9fa3d72d9da,0.0,0.977,0.023,0.2648
2025-05-24 15:27:00,Here's Why Walmart Continues to Crush the S&P 500 (and if the Dividend Stock Is a Buy Now),Yahoo,https://finnhub.io/api/news?id=2ed2140eae88c7515b841ee72c2e93d75d528d3fcbcc52bf7565950f918d5194,0.016,0.79,0.194,0.9571
2025-05-24 13:00:50,These companies will raise prices because of Trump’s tariffs,Yahoo,https://finnhub.io/api/news?id=da68d10746698d5b0101e9889c12a5e31d8ac3d7f858c50310eb0a5f9f874149,0.0,1.0,0.0,0.0
2025-05-24 11:00:00,"Target's red flag, Walmart vs. Trump, and Elon Musk vs. Bill Gates: Business news roundup",Yahoo,https://finnhub.io/api/news?id=98c3375009207f2e38f9d8bab81e2f9d7a88d7b3fac03dc7e47fb3158f02ae39,0.04,0.818,0.142,0.7269
2025-05-24 07:00:00,Retailers Are Giving Mixed Messages on Prices. What Will s Really Happen at Checkout.,Yahoo,https://finnhub.io/api/news?id=545851a12a8f661e2beaa1ebd1618a1ded3b3936a225d325dcf6fb9f6d512d60,0.066,0.865,0.069,0.0258
2025-05-24 03:00:00,Retailers Are Giving Mixed Messages on Prices. What Will Really Happen at Checkout.,MarketWatch,https://finnhub.io/api/news?id=9440a9476eac5d2d97bb493f8bb34967a2323620ea4a5b2bfad7766990412dde,0.0,0.833,0.167,0.5859
2025-05-23 21:30:00,How to play retail stocks: 3 winners vs. 3 losers in the space,Yahoo,https://finnhub.io/api/news?id=a06ff598413f06e4308583be0cc9cf266cf681160aafceef258c21af0d30f8e2,0.077,0.813,0.109,0.5456
2025-05-23 20:59:23,"Trump Threatens EU, Smartphones as Tariff Rhetoric Escalates",Yahoo,https://finnhub.io/api/news?id=eac7308328e8802d9a51a2a235a161a62369f0c9837d07ae714668ed8fac299c,0.121,0.853,0.025,-0.8625
2025-05-23 18:55:00,"Walmart, Kroger and Others Recall Certain Cucumbers, Related Products",MarketWatch,https://finnhub.io/api/news?id=53f314af09d72713715c5147b02335c0d1d433873ceb05fd1d8f3d6c8204d3b7,0.0,0.792,0.208,0.4939
2025-05-23 15:50:00,The Retail Accounting Method Walmart Says Will Drive Investors Crazy,Yahoo,https://finnhub.io/api/news?id=b0dbc94e0c521dca7f8be11bb75bd39849c802f673c54eb82954850d63b7de86,0.074,0.926,0.0,-0.34
2025-05-23 15:18:49,Trump threatens Apple with tariffs. He has been making such threats since 2016.,Yahoo,https://finnhub.io/api/news?id=79210fefdfbbfe2d5b0a842cba0b6f71b9f49f6414f1041b90cb532723cc7a66,0.238,0.762,0.0,-0.9081
2025-05-23 14:45:00,"Wall Street Roundup: Retail Earnings, Reddit Volatility, AI Momentum",SeekingAlpha,https://finnhub.io/api/news?id=bf0db67d57f32a208ef8cb262c470d857ad4c36c44603710a02c9ff67ed3cddc,0.0,1.0,0.0,0.0
2025-05-23 13:14:33,Trump's FTC walks away from Microsoft-Activision merger fight started by Biden,Yahoo,https://finnhub.io/api/news?id=b398746d061c11b196413c3d9acb5068487dbdebb82b1f1e1a68718247de122a,0.067,0.933,0.0,-0.3818
2025-05-23 12:17:46,"Trump Targets EU, Apple With Tariff Threats: ETFs Could Feel The Heat",Benzinga,https://finnhub.io/api/news?id=38c715cf5dec6de1a5871f9d0b47ad801cbc43f1aa8086d540189df2d84761dd,0.272,0.664,0.064,-0.8934
2025-05-23 11:30:25,Trump tariffs: Which companies will raise prices vs. eat the cost,Yahoo,https://finnhub.io/api/news?id=f99db4345c0e723f495efa361fca93276fd7a89e9e1d9b8e8bcd80ec3828ff24,0.058,0.908,0.034,-0.197
2025-05-23 11:00:50,Walmart got an angry message from Trump on tariffs. Then Home Depot and Target downplayed them,Yahoo,https://finnhub.io/api/news?id=e563745839a96b1ea50f258ebe7c57bb15e571d0f95226b6b5b4a73f7bc491d4,0.113,0.836,0.051,-0.4891
2025-05-23 10:20:00,Lazard International Equity Advantage Portfolio Q1 2025 Commentary,SeekingAlpha,https://finnhub.io/api/news?id=1b3631d86dad5d7d0ecd1956897ad09d04ae0736d086b8de21cd33350ad8c3dc,0.0,0.857,0.143,0.4588
2025-05-23 09:23:16,"Trump's Kinder, Gentler Trade War Just Jolted Apple, EU And The S&P 500",DowJones,https://finnhub.io/api/news?id=5220bf9ef27cca96e6e04027c822107839a36c53d086e2a45a1cd6cbd475904d,0.2,0.513,0.287,0.34
2025-05-23 08:25:00,Worried About Tariffs? Home Depot Says It Won't Raise Prices.,Yahoo,https://finnhub.io/api/news?id=43be7bd94818c7ba02228d9ed0c0ce422c3ea782939e14184f75aecf822c4dc3,0.022,0.951,0.027,0.09
2025-05-23 08:15:00,Avoid These Dividend Disasters Before It's Too Late,SeekingAlpha,https://finnhub.io/api/news?id=06f5132fd06871c86e03ce9e35c01302e51d62f73f23db7548979c66058e5bb5,0.295,0.568,0.138,-0.802
2025-05-23 06:00:00,Memorial Day may be your last chance to get a deal on these products before tariff shortages and price hikes hit,MarketWatch,https://finnhub.io/api/news?id=381f59cd0136eeb27573d2be22d9d31adea6252346e4cc30403f96b896f5cebd,0.071,0.841,0.088,0.2023
2025-05-22 23:57:26,Build 2025 Chaos: Walmart Inc. (WMT)’s Powerful AI Tool ‘MyAssistant’ Unintentionally Revealed By MSFT,Yahoo,https://finnhub.io/api/news?id=e1132462d081501ae836ea3e3d01d59535b39bcb13164b16c67069f3b4529179,0.111,0.745,0.144,0.2023
2025-05-22 20:44:53,Target’s troubles leave analysts most negative since 2018,Yahoo,https://finnhub.io/api/news?id=c5b92a1bb91df4f1794042ed44ee2cc4ad3d7e0ecce72ed9001269c5eb0242f1,0.175,0.772,0.053,-0.9099
2025-05-22 20:22:27,Walmart joins layoff wave amid economic and global strains,Yahoo,https://finnhub.io/api/news?id=e5ba377fa3d2059ab97c92604ae23d9039df4ea667ce9274a46c8c7a76a112e3,0.139,0.861,0.0,-0.7893
2025-05-22 19:05:00,FTC dismisses unfair-price lawsuit against PepsiCo that was filed by Biden administration,MarketWatch,https://finnhub.io/api/news?id=e00224ce0ecc9d06cd88137c0021483872fed889e0a5cbbc6d1b07da29761714,0.147,0.853,0.0,-0.4215
2025-05-22 18:11:00,"Walmart is cutting about 1,500 corporate jobs",Yahoo,https://finnhub.io/api/news?id=ca306fb3fc9695cdda394427ef7dbab0e7e2d34753c2d7a61de31d873d0473c1,0.036,0.964,0.0,-0.128
2025-05-22 18:00:00,Consumer Stocks Have Taken It on the Chin. Buy These 8.,Yahoo,https://finnhub.io/api/news?id=f8e14311a50ab450f589db4cf0d7862d3165ae1ace0ed53b1bb3757f2249566e,0.0,0.948,0.052,0.4767
2025-05-22 17:43:07,FTC drops case against Pepsi alleging price discrimination,Finnhub,https://finnhub.io/api/news?id=3704019c17c93a6e482065b65de65f60bf001c0c821fe5a2b1831e182153d4dc,0.045,0.88,0.075,0.2732
2025-05-22 17:07:03,Inside Walmart’s massive new headquarters that is making job seekers 3 times more likely to relocate to Arkansas,Yahoo,https://finnhub.io/api/news?id=d7833bf30b48b8afb785ecacccf30acc24564e31516c0f5edeb6ea9d0feedfa2,0.0,0.897,0.103,0.5423
2025-05-22 15:41:21,Why Target must 'differentiate' itself from Walmart to succeed,Yahoo,https://finnhub.io/api/news?id=43f538fd4100d4341c8217ffa244e164d4c6a9facda717cfac00c9db5029e501,0.038,0.938,0.024,-0.0387
2025-05-22 15:19:12,Analysis-Walmart vs Target: tariffs highlight growing divide in fortunes,Yahoo,https://finnhub.io/api/news?id=0d631f99f34878537903ba0cee93204f5963a1e17fcd6edfef3faab90351e5bb,0.029,0.922,0.049,0.1779
2025-05-22 15:15:00,"Walmart layoffs: Memo cites rapid technological changes as 1,500 corporate workers lose their jobs",Yahoo,https://finnhub.io/api/news?id=593f08d8f128f67234c933d5c39b65f9877e90ef54714fc4aba844ee0dc1876b,0.083,0.917,0.0,-0.4019
2025-05-22 14:53:20,"Walmart to cut about 1,500 corporate jobs",Yahoo,https://finnhub.io/api/news?id=fafa03b60d8fa1b2f0100eb8b194dfc25c97d9781f274dc4edde48f4bf3d4fe0,0.222,0.778,0.0,-0.7184
2025-05-22 14:43:09,Walmart to Cut Jobs as It Focuses on 'Future of Retail',Yahoo,https://finnhub.io/api/news?id=db5ab2b617d91710d14f0239921e3af17eb6e743d695dfaec1d3c779ff4ead38,0.08,0.92,0.0,-0.2732
2025-05-22 13:17:00,"Zacks Earnings Trends Highlights: Target, Walmart and TJX",Yahoo,https://finnhub.io/api/news?id=75c22f1a594e93764877035563a3e94c7e5b8ffdd7b0b581a5248d8d1d85777a,0.0,1.0,0.0,0.0
2025-05-22 12:54:00,"Walmart cuts 1,500 jobs in US retail, global tech teams",Yahoo,https://finnhub.io/api/news?id=077ab26424d5b05d8394d80e45823d6a1329ed4d91ce237f372a3673370aa27e,0.125,0.783,0.092,-0.0352
2025-05-22 12:00:00,Walmart shakes up US ad division to keep pace with technological change,Yahoo,https://finnhub.io/api/news?id=bcd8236d9ddcc96618042d9d9fc0509c87443953a46d2ef0b3386dcb29d4fc9e,0.0,0.923,0.077,0.3818
2025-05-22 11:54:18,Apple's Biggest Risk Isn't Competition--It's The Consumer,SeekingAlpha,https://finnhub.io/api/news?id=630082dae3cc19f81019c7aaf49916c00da0b25efb7a1844e3efbc41a32da615,0.2,0.657,0.144,-0.0772
2025-05-22 11:50:17,"The Tariff ""Pause"" Won't Last: Here's Why",SeekingAlpha,https://finnhub.io/api/news?id=b5b59af71c7a08e474fdfcd3d4a4e7d369afeb16f1676d96d8fa21304c9017df,0.164,0.794,0.042,-0.7371
2025-05-22 11:00:21,"Costco Wholesale Corporation (NASDAQ:COST) Is The Only One That Can Compete With Walmart, Says Jim Cramer",Yahoo,https://finnhub.io/api/news?id=b7a7297c6b6990036d1eb1133af4a52b65a20564f08c49d567091d2dc2d8a936,0.0,0.97,0.03,0.296
2025-05-22 11:00:12,"Walmart Inc. (NYSE:WMT): “No One Can Compete With Them,” Says Jim Cramer",Yahoo,https://finnhub.io/api/news?id=5dc96480d7a70c405b031d0084f5ca32fae87e0d3babe54550f8247756eab208,0.0,0.968,0.032,0.296
2025-05-22 10:45:28,Kevin O'Leary Pushes Back On Trump's Call For Retailers To 'Eat The Tariffs': 'That's Not Going To Happen' — Warns Of Shared Pain As Walmart Raises Prices,Yahoo,https://finnhub.io/api/news?id=d34be732be6bc9fa51931f64c378a422a5856c8ffe98d2eada29eb66f509f33c,0.151,0.788,0.06,-0.836
2025-05-22 09:02:58,Target Q1 2025: The Kmart Warning Signs Are Hard To Ignore,SeekingAlpha,https://finnhub.io/api/news?id=3218c27135d95035ea7f0829c0dd975eabc9b5a3356c94db708ad7828b94b1f8,0.262,0.683,0.055,-0.7964
2025-05-22 03:15:09,Walmart to cut jobs in push to simplify business,Finnhub,https://finnhub.io/api/news?id=3d526d23f6fc80367a19af1d9e896ece5f40a0200abc6beaa6fe943eaba5c2f2,0.102,0.898,0.0,-0.4939
2025-05-22 00:08:00,"Walmart to Cut 1,500 Corporate Jobs in Restructuring",Yahoo,https://finnhub.io/api/news?id=e7c4c7bf193495abbf92898d3145109918a38c7a7a15f884037dbc4bb15bf3a7,0.08,0.92,0.0,-0.2732
2025-05-21 23:39:13,VDC: Hold And Wait For A Better Gauge On Economic Direction,SeekingAlpha,https://finnhub.io/api/news?id=cc690b35d1b5ab5afcd1f20a50cb2336ff661788c73302d9adf6558c9d058089,0.0,0.775,0.225,0.4404
2025-05-21 23:35:00,Walmart Earnings Summary: Tariffs Not As Critical As Long-Term Flywheel Improvements,SeekingAlpha,https://finnhub.io/api/news?id=56abacf6ec6568a1fc51db6841da9fb344dfb81532625e11edd71d271af048f9,0.0,0.679,0.321,0.5043
2025-05-21 22:50:00,A Closer Look at Retail Earnings,Yahoo,https://finnhub.io/api/news?id=609fccd4831bfed4aae2bdead9dc061ed272a1e8272a6b78586f13c46a14544e,0.0,1.0,0.0,0.0
2025-05-21 22:50:00,President Trump Thinks Walmart Can Absorb the Impact of Tariffs. Can It?,Yahoo,https://finnhub.io/api/news?id=e5f1b93507b643ed2b38f42760278a09666d082cb9cc034fc36eef039e2b051a,0.046,0.871,0.083,0.3737
2025-05-21 21:31:13,"Chuck Schumer Slams Trump Over Rising Prices, Says Walmart's Transparency Exposes 'Economic Reality' of Tariffs: 'He Made This Mess'",Yahoo,https://finnhub.io/api/news?id=047f07c6b619e0327ad9068de2d3f749612fa93bb75b72d2be278cbdb32823a5,0.093,0.89,0.017,-0.783
2025-05-21 21:12:41,Walmart plans job cuts in restructuring push to simplify operations,Yahoo,https://finnhub.io/api/news?id=0c3b6dba7f1ad704d10a969e66a623a25b73564a3e43f0261a61c185d1c0836b,0.036,0.964,0.0,-0.296
2025-05-21 20:46:00,Weak Auction of Government Debt Jolts Markets,Yahoo,https://finnhub.io/api/news?id=a094778b7e1ef2046863dd2a2a5fc7ace6c16670a19ed203754bdfec1414f413,0.154,0.805,0.04,-0.8807
2025-05-21 20:14:38,Trump's playbook if he wants companies to take on tariff costs,Yahoo,https://finnhub.io/api/news?id=358218a80e414db5ca071ac1422eb8830956945be0ec71ff5b665bbe982ef99d,0.066,0.905,0.029,-0.3134
2025-05-21 19:05:20,Walmart Prices Are Rising. Here Are the Products That Could Cost You More,Yahoo,https://finnhub.io/api/news?id=a5b7fcb9fb404bc4b1f9572eab510b5ebea432cd591133db97ed24f065aa400c,0.0,1.0,0.0,0.0
2025-05-21 18:36:00,"Along with price hikes, here’s how else Walmart might maintain margins while navigating tariffs",MarketWatch,https://finnhub.io/api/news?id=8574ccccfed8d0bfffee2ab6a4deb13eb1aaa1772ff6dd5a4dbca135a3c63d3d,0.0,1.0,0.0,0.0
2025-05-21 18:31:35,DEI boycott 'played a role' in Target's Q1 sales slump as foot traffic declined,Yahoo,https://finnhub.io/api/news?id=d0077329d4221653115d632464b6e61bcae98277bb568c157b4c75a63d9f16d5,0.216,0.743,0.041,-0.8074
2025-05-21 17:57:04,Walmart plans job cuts in restructuring push to lower expenses,Finnhub,https://finnhub.io/api/news?id=d6951acd73d8e8d4b138a2ea4886a029811cc43dcea8fac60ce0696682d24051,0.204,0.796,0.0,-0.7717
2025-05-21 17:33:18,"Target CEO Under Pressure as Boycott, Tariffs Hit Sales",Yahoo,https://finnhub.io/api/news?id=19bcb03b31a6ca1f02a21ed460ca304b788294432a9aba644af33311a7c3225c,0.111,0.797,0.092,-0.1779
2025-05-21 17:23:20,"Amazon CEO says customer demand, prices steady despite tariffs",Yahoo,https://finnhub.io/api/news?id=576b22630f30858db0465261ba5b5435905f1c2f6704490548ae66e0e1986d49,0.017,0.885,0.099,0.743
2025-05-21 17:23:10,"Walmart to cut 1,500 jobs to lower expenses, WSJ reports",Finnhub,https://finnhub.io/api/news?id=9dcf83932fbe7748d2baf13e3615649ec30de1c648cf68e13c96016b9a9d1487,0.147,0.828,0.025,-0.6486
2025-05-21 17:13:09,"Walmart to cut 1,500 jobs, the Wall Street Journal reports",Finnhub,https://finnhub.io/api/news?id=58396bba5323f1eee03f94e1e3127dbf8ba640401f4b68a63c504492b74404ea,0.138,0.839,0.024,-0.6486
2025-05-21 17:03:07,"Walmart To Cut 1,500 Jobs - WSJ",Finnhub,https://finnhub.io/api/news?id=7369841c121a28383f7752ad1762657bb2e1252684dba1acc721e1fbe1f02fef,0.19,0.81,0.0,-0.6037
2025-05-21 16:57:20,"Retail ETFs Rattle As Tariffs, Yields, Consumer Caution Pressure Big-Box Stocks",Benzinga,https://finnhub.io/api/news?id=e2a490b00d9d2ec667fa5b445d15e9af570071e93cb5487311a6178887f31917,0.161,0.733,0.105,-0.3182
2025-05-21 16:00:00,Guess What? Tariffs Are Starting To Hurt The U.S. Consumers,SeekingAlpha,https://finnhub.io/api/news?id=861752a11a7c9474f58bcf3bb5561f2fd74fd5e29d631a1d274a7ee0f54a484c,0.179,0.821,0.0,-0.7269
2025-05-21 15:27:00,"Tariff uncertainty, DEI backlash hurt Target’s results. Price increases are ‘the very last resort,’ CEO says.",MarketWatch,https://finnhub.io/api/news?id=6606bd95663eddf019a2a63c45526cb26241751c9b521feca10a6970f622f529,0.293,0.707,0.0,-0.891
2025-05-21 15:15:00,Lowe’s Earnings Beat Expectations. It Isn’t the Only Reason the Stock Is Rising.,Yahoo,https://finnhub.io/api/news?id=c60a55f81f9cdf34f3a2bb3b54b1f666f1160bb9815bb0b1f1d4f28cad075952,0.0,0.903,0.097,0.4404
2025-05-21 15:11:26,Target Stock Drops After Retailer Flags Waning Consumer Confidence,Yahoo,https://finnhub.io/api/news?id=cf2c8b55b920a53c43e7810b8e14ffecc7af8d86d7e90b17ded56d0d2d3408d3,0.0,0.895,0.105,0.6705
2025-05-21 14:45:00,Target just sent up a giant red flag about the U.S. consumer,Yahoo,https://finnhub.io/api/news?id=4c19a8b978e712709cc2039ea9690bf83cf9f30e4b1404486186452a6ea2e643,0.042,0.81,0.148,0.7269
2025-05-21 14:42:12,Bank Remains Bullish on Walmart Inc (WMT) Despite Tariffs,Yahoo,https://finnhub.io/api/news?id=a68f0e4a2790e743569aa8dee6e6b6185fc9681d9043c2e03a8770482666ace9,0.032,0.746,0.221,0.9287
2025-05-21 13:55:38,Commentary: Target CEO signals potential successor as retailer battles through hosts of struggles,Yahoo,https://finnhub.io/api/news?id=afa11d1c230ad61c22b3f9d4009fb2cdff600ade9358020ed4ee6edd62279570,0.142,0.806,0.053,-0.4939
2025-05-21 13:40:06,Target stock's post-earnings slump is 'justified.' Here's why.,Yahoo,https://finnhub.io/api/news?id=2fde46c127fa0129cdb5158befb43499e1bfbfc4b06cbe00d788ba5ad5b52d29,0.056,0.881,0.063,0.1531
2025-05-21 13:38:47,Target is falling behind Walmart. Here's why.,Yahoo,https://finnhub.io/api/news?id=7a52f77815f86c8c79cbd9b66a8dd1cd1593d45bc02082d540b1f0b922e133a8,0.063,0.906,0.031,-0.1779
2025-05-21 13:12:28,Target’s problems are escalating,Yahoo,https://finnhub.io/api/news?id=810c8dca5332cd74baf2c3b55c9a1ae18ba4eab98ca2a2a4a17a819927e79013,0.173,0.712,0.115,-0.1796
2025-05-21 11:51:11,S&P 500 Home Improvement Retailers Stick By 2025 Outlooks Despite Tariff Uncertainties,Yahoo,https://finnhub.io/api/news?id=ff15ef6c4ed1f67e502dd3bcef91fbbd5480a73828b3b1d6fdc5817a18cc8aa2,0.0,0.848,0.152,0.6169
2025-05-21 11:00:39,Target again falls behind Walmart as the tale of 2 retailers continues in 2025,Yahoo,https://finnhub.io/api/news?id=74e1b4006dc73292fc519f2695c0b0f0a0cc2a73795cf2513080e9d474779355,0.0,0.8,0.2,0.6124
2025-05-21 10:55:20,Home Depot: Dodges The President's Ire But Not The U.S. Consumer,SeekingAlpha,https://finnhub.io/api/news?id=3cb8db5f643793dfc84472e555fce0f0eb25f2cc8a09ccb6179038127c7729dd,0.0,0.955,0.045,0.1154
2025-05-21 10:35:12,"Target cuts annual forecasts as tariff pressure mounts, demand slows further",Yahoo,https://finnhub.io/api/news?id=8dc35753dba0b1f33beaf5d6455acde5f19d912a9e15b2b968ca99edf9d35a2a,0.179,0.677,0.144,-0.5994
2025-05-21 10:30:38,"Target badly misses on earnings, slashes guidance as it battles DEI backlash and reinvigorated Walmart",Yahoo,https://finnhub.io/api/news?id=07f6f32512935f2b4d8e802168fb23beb97c6dd3bd0168fb3d67b33f789ff886,0.356,0.559,0.085,-0.802
2025-05-21 10:15:00,Is Walmart Stock a Buy After Tough Tariff Talk?,Yahoo,https://finnhub.io/api/news?id=5ebd1c9f20254d9498c7cc1441e6fbee23e91f7e9b29ae7d628f8f6d689ceca9,0.157,0.843,0.0,-0.802
2025-05-21 09:03:00,Target Failed Its Latest Earnings Test. Its Stock Is Paying the Price.,MarketWatch,https://finnhub.io/api/news?id=698279b37a8e86041077ca5cde7331f54bae0e3e1be080d570f2cfad981f345d,0.231,0.769,0.0,-0.765
2025-05-21 08:30:00,Understanding VYM: A Dividend ETF Built For Income Stability,SeekingAlpha,https://finnhub.io/api/news?id=24f3a27fa68af66e488320680b37be0cf6798eefb3b7cc12096d9fb0cdaa1d8e,0.0,1.0,0.0,0.0
2025-05-21 08:00:06,What Trump could do if he's serious about trying to make companies 'eat' tariff price hikes,Yahoo,https://finnhub.io/api/news?id=e09e875601c2e7ef9c577f3f27bbd2060a09483c082f205006465065fcffe8ba,0.028,0.972,0.0,-0.0772
2025-05-21 07:30:00,Wary of Market Complacency? ETF Strategies to Play,Yahoo,https://finnhub.io/api/news?id=c8de9eb4e36f297751bdf025b8094d86613368110aaa2dcd183feb30cf90ec47,0.129,0.798,0.074,-0.2023
2025-05-21 01:51:01,Best Dividend Kings - May 2025,SeekingAlpha,https://finnhub.io/api/news?id=783cf3a9b25bba76f793a8bcb80d813359f7ffa3eae279f58b34b03c0b343593,0.0,0.898,0.102,0.3818
2025-05-31 21:26:00,Home Depot (HD) Eyes Stock Market Payoff With Contrarian Tariff Strategy,Yahoo,https://finnhub.io/api/news?id=c8465311c39208cd004b6fa1c069ce574ad76754d48760760c9269dce56e64c4,0.039,0.848,0.114,0.7906
2025-05-31 11:00:00,"Tourism's perfect storm, Walmart and Costco's gas stations, and Musk leaves DOGE: Business news roundup",Yahoo,https://finnhub.io/api/news?id=d8c0b778a0d2c16d812a4507371efa69de0da5baa7bd5550372525c9dd6402e8,0.072,0.884,0.044,-0.5483
2025-05-31 09:00:00,The Reason Even Retailers That Raise Prices Want to Keep Your Grocery Bills Down,Yahoo,https://finnhub.io/api/news?id=cf24b348d67d6205df97404b8ca08e096b93751bf150b6da8771907e902aa7dd,0.0,0.825,0.175,0.7184
2025-05-31 08:05:00,The Simple Path To Dividend Wealth (What I'm Buying),SeekingAlpha,https://finnhub.io/api/news?id=914005730afecca438b8afc2c5c28b4794999f3317f01df5aafcb67fd7ce2201,0.0,0.714,0.286,0.4939
2025-05-30 23:22:00,"Walmart Is a Must-Own Consumer Stock, Says Analyst. Plus, Motorola, Portillo’s, and More.",Yahoo,https://finnhub.io/api/news?id=cf74dab612345a19a5b33219b3bcdb8e836b9b79b2491f748e889b7ec7cb9620,0.0,0.936,0.064,0.5709
2025-05-30 15:42:01,Costco takes a page from rival Sam’s Club to speed up checkout in its warehouses with ‘Scan & Pay’,Yahoo,https://finnhub.io/api/news?id=45d45d33c1750f4de488237409a698020f5f46d016b11a96dbe660163641a77b,0.0,0.955,0.045,0.128
2025-05-30 15:32:28,What Trump's 'golden share' in US Steel has in common with his plan to 'watch' Walmart,Yahoo,https://finnhub.io/api/news?id=599344598873e0ec5198c324a48edd4ca89d4d4d66b2d68f6ace7f1b91d46942,0.0,0.916,0.084,0.5267
2025-05-30 15:18:00,"Walmart, Amgen share gains contribute to Dow's 100-point jump",MarketWatch,https://finnhub.io/api/news?id=db9284df799e3c0bf7268912c87b1357554d8dfda3bfc07d844a888d02940ff0,0.0,0.603,0.397,0.802
2025-05-30 13:30:00,3 Reasons to Buy Walmart Stock Like There's No Tomorrow,Yahoo,https://finnhub.io/api/news?id=ea2ca0562cc215b94835a2d6e010457166f92317677e95c85e0c65a6874f4f74,0.038,0.741,0.221,0.891
2025-05-30 12:31:00,Ulta Beauty Stock Is Rising. Earnings Strength Was More Than Cosmetic.,MarketWatch,https://finnhub.io/api/news?id=752a9d9af4f008c28be0617dbb5ae6a335b0d47c0ddf353f046e6cadea266e46,0.0,0.562,0.438,0.9325
2025-05-30 12:15:00,This Absurdly Cheap Retail Stock Has Shrunk to Just 5% of Walmart's Value,Yahoo,https://finnhub.io/api/news?id=121c8c966b1ddbb6d8c91f7dfe525e0968dc436f2ce23ef59f1c3b44e7e01ac5,0.049,0.795,0.157,0.7843
2025-05-30 11:40:04,"Costco Defies Tariff Shifts With Higher Profit, Lower Prices",Yahoo,https://finnhub.io/api/news?id=64e0b729aeb8acac173de21880198ec9eab33746bfc76a39ab740b6e4a807ab7,0.044,0.813,0.142,0.8402
2025-05-30 10:05:00,3 USA-Based Stocks That Can Be Great Buys Amid Tariff Risks,Yahoo,https://finnhub.io/api/news?id=8a6ce93d72a5ab458dde76e3a1405a37a118986c540a9e632d76d27b3c3e8c88,0.102,0.762,0.136,0.7003
2025-05-30 05:00:00,Target at the Tipping Point: What It Needs to Do Now,Yahoo,https://finnhub.io/api/news?id=03ae273e03af728817025a8cab1d1e8fd5a910894276c589ebbb257970821aec,0.122,0.878,0.0,-0.5106
2025-05-30 01:24:44,Wall Street Roundup: The Fog Of Tariffs,SeekingAlpha,https://finnhub.io/api/news?id=4c2297fdb06e871f3c102acfc149dd1e8457126dbc6be2d4f3a274c65f2b107b,0.118,0.882,0.0,-0.34
2025-05-29 20:53:50,Tracking Ray Dalio's Bridgewater Associates 13F Portfolio - Q1 2025 Update,SeekingAlpha,https://finnhub.io/api/news?id=065e3ec67a0a852f8de27f888c48bbc88870b963b8035abf2eaab07f900ec8b7,0.0,0.947,0.053,0.2023
2025-05-29 19:20:03,WMT Q1 Earnings Call: Margin Expansion Offsets Revenue Miss as Walmart Navigates Tariff Headwinds,Yahoo,https://finnhub.io/api/news?id=487e105693aeaeb091fa410c1199c24b8081b6f3eeb0378093cf78fd760fdbb0,0.073,0.885,0.042,-0.1531
2025-05-29 17:48:45,Walmart (NYSE:WMT) Partners With NationsBenefits To Enhance Health And Wellness Shopping Experience,Yahoo,https://finnhub.io/api/news?id=8ce91cd3450ff33589b2ba4a755f2c99255c69a36af45acf253e8a1978f025dc,0.0,0.907,0.093,0.7717
2025-05-29 16:37:00,This week in 5 numbers: Gen Z opts for skilled trades,Yahoo,https://finnhub.io/api/news?id=15143cee672565afeead271de214a4381daea28c60210996d1dda18a11daa0b8,0.0,0.861,0.139,0.6705
2025-05-29 13:50:25,Walmart's®? World-First Pha-Lined Paper Cups and Lids for Hot Beverages Now Available At Walmart,Finnhub,https://finnhub.io/api/news?id=e281139eb3f643d826e68941b27d5939fd3aa79c02949e1a4026d263b5007e38,0.0,0.926,0.074,0.504
2025-05-29 12:41:00,Walmart links healthcare with grocery shopping,Yahoo,https://finnhub.io/api/news?id=1d0fcbf67af9e1a9c3f8f0162cca7a35a5e30015572f4e606cedf17a6786bf0b,0.0,0.767,0.233,0.743
2025-05-29 11:49:02,3 Reasons I'm Buying Nvidia After Earnings And So Should You,SeekingAlpha,https://finnhub.io/api/news?id=498c90884b3c637e4576ee3cebb1cfdfb9c350dd05b870837cbd70744115ea70,0.0,0.879,0.121,0.5267
2025-05-29 11:46:31,Wienerschnitzel to open six restaurants in Walmart US stores,Yahoo,https://finnhub.io/api/news?id=8e50dc08cfa422b1ec2bff49464f20abb93068014fa81566edd8d1d4496e46eb,0.0,0.855,0.145,0.34
2025-05-29 09:00:31,Inflation-weary Americans queue for toilet paper and cheap Bordeaux,Yahoo,https://finnhub.io/api/news?id=dd8584754169f5cb83b8f859b401e3277f6aa70c0d232c8c31214972d0e1b8ac,0.0,0.921,0.079,0.3612
2025-05-29 08:36:15,"Nationsbenefits and Walmart Are Revolutionizing Health Plan Member Engagement with Technology, Retail and Nutrition Integrations",Finnhub,https://finnhub.io/api/news?id=13ee54b614493558aedb4b03ea1e5f151f09b40771a04693c81e29062ebb653d,0.0,0.874,0.126,0.6808
