publishedDate,title,source,url,neg,neu,pos,compound,trading_date
2025-04-10 22:19:03,"Columbia Sportswear, Under Armour, Carter's, Disney, and Warner Bros. Discovery Stocks Trade Down, What You Need To Know",Yahoo,https://finnhub.io/api/news?id=0e668995869d0805718b00aabaae5fcb004588187676c274b956eb01fcc81e7d,0.0,0.928,0.072,0.6249,2025-04-11
2025-04-10 20:18:10,"Nike, Disney, Novavax: Trending Tickers",Yahoo,https://finnhub.io/api/news?id=a4dc2209174bf93a4b9e5b4d48d55901190fdaec13a30bb9d3da6892b3e026e8,0.089,0.863,0.048,-0.1477,2025-04-11
2025-04-10 19:09:34,China Just Canceled Hollywood--And Wall Street Should Pay Attention,Yahoo,https://finnhub.io/api/news?id=c10a0496601f8a6cbcc1eae0d85fb654cf6834bbfd913645cdd58a18a0382dad,0.117,0.772,0.111,-0.0516,2025-04-11
2025-04-10 18:39:00,Disney and Warner Bros. Stocks Are Sinking. China Is Cutting U.S. Film Imports.,Yahoo,https://finnhub.io/api/news?id=2ae1787137a7b49dcb5282a7073154bb4bcb40068dbcc75cc221cb9838a8dbf0,0.046,0.954,0.0,-0.128,2025-04-11
2025-04-10 18:09:21,"Oil falls, China tensions weigh on Apple, Disney: Market Minute",Yahoo,https://finnhub.io/api/news?id=dd7c13da954204560b24473e6435c3b0b643657100594e9f41707e3ac89bd490,0.133,0.841,0.026,-0.7906,2025-04-11
2025-04-10 16:53:00,Forget the Market Roller Coaster. Theme-Park Stocks Could Be a Tariff Beater,Yahoo,https://finnhub.io/api/news?id=565d9b5d27fb5a9cc9bde3c37a20957198343cc9b505dd1bc7f1f815974b8b07,0.181,0.819,0.0,-0.743,2025-04-11
2025-04-10 16:21:35,Jim Cramer Says Hold Tight: Disney (DIS) Could Drop to $70 or Rally to $90,Yahoo,https://finnhub.io/api/news?id=0f4aeb59e2550a2d48def67d7c4ea3d86f65de66c198e32b3d6fa3d0f4b5f12f,0.076,0.924,0.0,-0.5574,2025-04-11
2025-04-10 15:56:00,"Nike, Chevron share losses lead Dow's 975-point drop",MarketWatch,https://finnhub.io/api/news?id=e756302da60c247d8f9067abfecffefe4a5280b58c3c56cc93dd4defcfda12ec,0.4,0.417,0.183,-0.6369,2025-04-10
2025-04-10 14:54:00,"Nike, Chevron share losses lead Dow's 1,087-point fall",MarketWatch,https://finnhub.io/api/news?id=2f5e8206353e86a1f742917ec8f228c4acaf4750f4118caeb463c6183fc65f2f,0.248,0.55,0.202,-0.25,2025-04-10
2025-04-10 13:53:00,"Nike, Chevron share losses contribute to Dow's 1300-point fall",MarketWatch,https://finnhub.io/api/news?id=62368362a27e39e0707487fdf0d891adbec81cc05599abc2a8839b8cb8994905,0.227,0.588,0.185,-0.25,2025-04-10
2025-04-10 12:52:00,"Nike, Walt Disney share losses contribute to Dow's 1,586-point drop",MarketWatch,https://finnhub.io/api/news?id=df74ceed051e2331115204d88735d30e0f63520fef0a282ad8bae10e0fcab182,0.343,0.5,0.157,-0.6369,2025-04-10
2025-04-10 12:30:32,Shares of companies within the broader communication services sector are trading lower as stocks pull back after surging Wednesday following President Trump's tariff pause announcement.,Benzinga,https://finnhub.io/api/news?id=217cce56706f18f1903dfcdce07212c0d087c888afccf880a4db02fcbfec534a,0.08,0.839,0.08,0.0,2025-04-10
2025-04-10 11:54:15,China Limits Hollywood Films as Trade War Escalates to Services,Yahoo,https://finnhub.io/api/news?id=8a147b33ff0ef5c102829aaf09c9b63b0e3e134c935980085e5f26ed23a7c028,0.145,0.815,0.04,-0.9169,2025-04-10
2025-04-10 11:50:00,"Nike, Walt Disney share losses lead Dow's 1400-point fall",MarketWatch,https://finnhub.io/api/news?id=b5c555fc63aa1ce927867f503185a268a45bcf4ae42e0a38fb12c2be6b9b1745,0.227,0.588,0.185,-0.25,2025-04-10
2025-04-10 10:49:00,"Dow's 965-point fall led by losses in shares of Nike, Walt Disney",MarketWatch,https://finnhub.io/api/news?id=ed1114ab348ff3cb99d44dd0876c0bb61ea6436575b3bf4cc9de9e75ba4b58d3,0.181,0.671,0.148,-0.25,2025-04-10
2025-04-10 09:49:00,"Nike, American Express share losses contribute to Dow's 720-point fall",MarketWatch,https://finnhub.io/api/news?id=e1915284c9b94a27c3c61ece42fb4ab7b35837955b3bb2b1238e5be92fc7ce66,0.209,0.62,0.171,-0.25,2025-04-10
2025-04-10 07:51:00,"The Dow Crashed 4,260 Points in 3 Days: Here Are 3 Dow Stocks That Make for No-Brainer Buys Right Now",Yahoo,https://finnhub.io/api/news?id=caa6e3dd0ea82ed9b394bbe11207ee6c5cd1e794631180e5774741e48174d8db,0.0,1.0,0.0,0.0,2025-04-10
2025-04-09 13:32:22,Why The Walt Disney Company (DIS) is Among the Best Cruise Stocks to Buy According to Hedge Funds,Yahoo,https://finnhub.io/api/news?id=be214a8959fcfd5b41881a0b0b11be613b039277b199afc817b97513a956bd96,0.0,0.849,0.151,0.9274,2025-04-09
2025-04-09 13:21:00,Warner Bros.’ ‘A Minecraft Movie’ Smashes Box Office,MarketWatch,https://finnhub.io/api/news?id=2108fef356858904938fe078842ed1df11f0f003d8287a52bab62fa392f98606,0.0,1.0,0.0,0.0,2025-04-09
2025-04-09 13:04:32,ClearBridge Value Strategy Initiated a Position in The Walt Disney Company (DIS) in Q1. Here’s Why,Yahoo,https://finnhub.io/api/news?id=ce454f3fbb947ef27b3bd3c6cc575a9ef72e44f5559f21cd9a90bba73fcd5129,0.031,0.826,0.143,0.7845,2025-04-09
2025-04-09 13:00:12,The Walt Disney Company (DIS) is Attracting Investor Attention: Here is What You Should Know,Yahoo,https://finnhub.io/api/news?id=28001e54f1264d27137dc2188ae2361531b4fd31d7ac3964328ff1f16d182011,0.0,0.833,0.167,0.7351,2025-04-09
2025-04-09 09:46:00,2 Incredible Stocks I'm Buying in the Stock Market Downturn,Yahoo,https://finnhub.io/api/news?id=4b1ffc5ae3e255fb7e2e9bb7fbb8efd5a14f357053cf6ede280c6ef179376255,0.036,0.828,0.136,0.8966,2025-04-09
2025-04-09 07:28:09,"China May Hit US Where It Hurts Amid Trump's Tariff War — Services Trade In Crosshairs, With Walt Disney, IMAX And Warner Bros. Discovery In Focus",Benzinga,https://finnhub.io/api/news?id=c178477e2d5e2ac1c0d8f371c77e80347928933de1a7ee1e7297fed43096ff14,0.173,0.792,0.035,-0.9042,2025-04-09
2025-04-09 07:06:00,Trump Stock Market Crash: 3 Surefire Stocks That Are Too Cheap to Pass Up,Yahoo,https://finnhub.io/api/news?id=bce96f1019a21aecdaa3c9dcfc24f4438f795cd76446a7aaf4e8b12af09c35e1,0.086,0.818,0.095,0.1027,2025-04-09
2025-04-08 18:53:17,Is The Walt Disney Company (DIS) the Best Stock to Buy According to Billionaire Steve Cohen?,Yahoo,https://finnhub.io/api/news?id=5111d115cf114891599d4ce8821c6d93562ee4a03794d04a4d5eee210aba401b,0.0,0.82,0.18,0.9423,2025-04-09
2025-04-08 16:35:00,Walt Disney Co. stock outperforms competitors despite losses on the day,MarketWatch,https://finnhub.io/api/news?id=6f7c2816b792b1e70d94dd338b90fb0d1c26cac918f3be2532828c940fcf7e67,0.0,0.816,0.184,0.5448,2025-04-09
2025-04-08 13:45:07,Here's Why Walt Disney (DIS) is a Strong Growth Stock,Yahoo,https://finnhub.io/api/news?id=ddeb1a98e03468ac548a4e8993ab92e975a2195da871d9bb1b4eac080a484372,0.06,0.687,0.253,0.7906,2025-04-08
2025-04-08 13:39:01,"In Uncertain Times, This Is What I Am Doing With Stocks I Own: Comcast, Disney, And Alphabet",SeekingAlpha,https://finnhub.io/api/news?id=b2d0e5fa4ac5abb936a22a9873b2941fbb4dfff9c3c089f4438025a062f6178d,0.051,0.828,0.122,0.4767,2025-04-08
2025-04-08 12:28:32,Netflix replaces Walt Disney as Top Pick at Morgan Stanley,Yahoo,https://finnhub.io/api/news?id=08b1add49449edb1e1d00883f989e7df9795cb841fe484361af5004ae7522de1,0.0,0.819,0.181,0.6597,2025-04-08
2025-04-08 11:00:00,Why Amazon is doubling down on movie theaters,Yahoo,https://finnhub.io/api/news?id=5b6c32d496f7d85300077e7ef2756a8a352f205872b9b2f272b9e4ef03b1aa11,0.0,0.841,0.159,0.6705,2025-04-08
2025-04-08 09:16:00,"Top 10 Trending Stocks On WallStreetBets As Of April 8, 2025 (Via Swaggy Stocks)",Benzinga,https://finnhub.io/api/news?id=811a9a4c7d9d81c70f38f589c5d8467f7e0cce8652ffcfbf6e46e8791ddf6312,0.0,0.899,0.101,0.2023,2025-04-08
2025-04-08 07:15:00,Recession-Proofing Your Portfolio,SeekingAlpha,https://finnhub.io/api/news?id=2ab752356c3f58c4231fd378b6a8bad0c06f7634cd29b3b9df9021a06d80764f,0.0,1.0,0.0,0.0,2025-04-08
2025-04-07 21:45:15,Walt Disney (DIS) Registers a Bigger Fall Than the Market: Important Facts to Note,Yahoo,https://finnhub.io/api/news?id=3eae0980eef29bf24eb2fb7e0d488bd98bc5f0297cc9bcc88268adc66de1c5b9,0.0,0.952,0.048,0.2023,2025-04-08
2025-04-07 19:00:00,Disney's Content Pipeline Impresses: Time to Hold the Stock for Value?,Yahoo,https://finnhub.io/api/news?id=b0770246c16137c564818205845cad2d1ed24c0c6d9f5bf5a15d932c163e9b9b,0.0,0.766,0.234,0.8294,2025-04-08
2025-04-07 17:33:48,Disney heiress says any billionaire who can’t manage to share their wealth is ‘kind of a sociopath’,Yahoo,https://finnhub.io/api/news?id=7c7e91588ca988092700db34ecd33fdca19f93f990d2b49510dc0562b61eb71a,0.0,0.723,0.277,0.8885,2025-04-08
2025-04-07 16:10:10,Why Disney (DIS) Could Beat Earnings Estimates Again,Yahoo,https://finnhub.io/api/news?id=5ba6a70ff1e16156e62e8881f79d3a65d8b5391a0ac6a174e605b8bbb4293161,0.0,0.863,0.137,0.6597,2025-04-08
2025-04-07 16:06:00,TMUS 5G Streamlines Disney Movies' Production Process: Stock to Gain?,Yahoo,https://finnhub.io/api/news?id=001873ffe98dc70d1e9719d4adce33d9d01504ab43907bafcd6fead13aabc327,0.0,0.866,0.134,0.5267,2025-04-08
2025-04-07 13:40:10,Why Walt Disney (DIS) is a Top Value Stock for the Long-Term,Yahoo,https://finnhub.io/api/news?id=f29d142c7e5253abd42c74c5f99e49c768a9d4f1cf064a905bc52aea38e34e36,0.0,0.652,0.348,0.9337,2025-04-07
2025-04-07 13:00:09,These 2 Consumer Discretionary Stocks Could Beat Earnings: Why They Should Be on Your Radar,Yahoo,https://finnhub.io/api/news?id=972430b811c0c3c26eda9024e909955a345b929abd9eea3ad2eb03293f88e97a,0.0,0.835,0.165,0.6705,2025-04-07
2025-04-06 20:53:01,The Walt Disney Company (DIS): Among the Best Beginner Stocks,Yahoo,https://finnhub.io/api/news?id=b357621f5bf71f970ffe506d1342bed10056b7eced6239911dacb610717dfcc9,0.047,0.781,0.172,0.8658,2025-04-07
2025-04-06 11:00:00,Inside the top-secret area of Disney World that theme park visitors and cast members never see,Yahoo,https://finnhub.io/api/news?id=78ac1100896196501ed0a172b20e56bfc1ae387396525503930c9be7ec3d0aec,0.0,1.0,0.0,0.0,2025-04-07
2025-04-06 04:54:53,Disney: How ESPN Can Be A Game-Changer (Upgrade To Strong Buy),SeekingAlpha,https://finnhub.io/api/news?id=cb71bf1361acf0b2fa7b4770abc896d73050e101f89dd2bc806ab569aa10e85e,0.0,0.782,0.218,0.8481,2025-04-07
2025-04-05 16:20:23,Now Streaming: Amazon’s film strategy hits the big-screen,Yahoo,https://finnhub.io/api/news?id=593e69e88c2cec428ae7fe11aef9f13eca9ae20c07f614b22bdc4b61f187080f,0.0,0.901,0.099,0.7804,2025-04-07
2025-04-05 10:32:00,This Stock Has More Than Doubled Already in 2025. Is It a Buy?,Yahoo,https://finnhub.io/api/news?id=76cc36d20ebe046d5f6c774cdb2a1529c81bdd7c980de9c055b94ce00a58ea75,0.023,0.864,0.113,0.7782,2025-04-07
2025-04-18 21:53:51,Is The Walt Disney Company (DIS) the Best Metaverse Stock to Invest in?,Yahoo,https://finnhub.io/api/news?id=efd916db17691052286c21f1d06ee9d70170be603c12a4ed95035c68b39ad0f8,0.0,0.84,0.16,0.9274,2025-04-21
2025-04-18 10:05:00,Reel Relief: Escaping Economic Angst At The Movies,SeekingAlpha,https://finnhub.io/api/news?id=fb43a9e64a1e176d7ded80694133ad91c4549b1537fa94b20c66a7e98be7a261,0.0,0.583,0.417,0.5106,2025-04-21
2025-04-17 19:39:21,Netflix: Stock Price Jumps On Earnings Beat But Free Cash Flow Still Lags,SeekingAlpha,https://finnhub.io/api/news?id=af62a9eea001d349c5e1086d3c88a9dede279c9639e2bd7d4443d94ab5565c49,0.174,0.588,0.238,0.296,2025-04-21
2025-04-17 17:26:47,Walt Disney (NYSE:DIS) Expands Disney+ Reach Via Whale TV Deal In Brazil And Panama,Yahoo,https://finnhub.io/api/news?id=99fc0d0e3de62bcd62e7cbebb1b5e6a376dea400ccf5c9aee83f0c88a770f600,0.026,0.813,0.161,0.8758,2025-04-21
2025-04-17 16:35:00,Walt Disney Co. stock outperforms competitors on strong trading day,MarketWatch,https://finnhub.io/api/news?id=bb15dd2738004a96f2bf25e2f0e23effc44328dbd4dea21d72874a71a97ff169,0.0,0.732,0.268,0.765,2025-04-21
2025-04-17 12:24:07,The Trade Desk: The Generational Buying Opportunity Is Here (Rating Upgrade),SeekingAlpha,https://finnhub.io/api/news?id=3ef7441bcf227dc71609f894e8d42c02d117e93f1b050d42735beccb81cae462,0.037,0.824,0.14,0.6705,2025-04-17
2025-04-17 11:05:00,3 Reasons to Buy Disney Stock Like There's No Tomorrow,Yahoo,https://finnhub.io/api/news?id=7de624de4e97f3a3cd60453c38a52fa518c59c3c6e3f5f61985ee9ef1a0f62bc,0.081,0.801,0.118,0.4767,2025-04-17
2025-04-17 10:00:11,Disney's parks are its economic engine. Tariffs could put a damper on it,Yahoo,https://finnhub.io/api/news?id=5d244348c7056225071dd3b476d63c68dca3680a7732c848e7762311374286d4,0.072,0.898,0.031,-0.3804,2025-04-17
2025-04-16 13:30:00,"NVIDIA Corp., Amgen share losses contribute to Dow's 300-point drop",MarketWatch,https://finnhub.io/api/news?id=758e8519124734f31818743bfa6519241d65321cf331d529704c97b743c88892,0.343,0.5,0.157,-0.6369,2025-04-16
2025-04-16 11:37:00,Analyst turns heads with Disney stock price target reboot,Yahoo,https://finnhub.io/api/news?id=c54afc585c09704918998f98913d39acefa873b1d5a958c187c3c59a44b2c55d,0.0,0.879,0.121,0.296,2025-04-16
2025-04-16 10:04:31,"Tariffs, recession fears cast pall over US media earnings",Yahoo,https://finnhub.io/api/news?id=8664e11a5bca326c828593519f67d4daa178cf3b5eb980447817fce2324c4f19,0.232,0.725,0.044,-0.9678,2025-04-16
2025-04-16 09:14:48,"Television could go the way of newspapers if the US economy tips into recession, analyst warns",Yahoo,https://finnhub.io/api/news?id=4b711f8f9c0714da209d796b4cf4dd54f821bdb82cca77ce0ed22989785eac5e,0.206,0.794,0.0,-0.8807,2025-04-16
2025-04-16 07:29:00,AMC to reap the rewards as ‘A Minecraft Movie’ energizes moviegoers,MarketWatch,https://finnhub.io/api/news?id=4709c4526b1ec313514b933f082ec23cdd4129ae918641030fb1b70f158b9f2b,0.0,0.592,0.408,0.9081,2025-04-16
2025-04-15 19:45:00,"Netflix Earnings Preview: Everyone's Bullish, But Tough Compares In 2025",SeekingAlpha,https://finnhub.io/api/news?id=7bab6cb56c0157d4a01b1528faa0f3715271d15bb394b5e49e8539c1319c12c0,0.163,0.837,0.0,-0.1901,2025-04-16
2025-04-15 19:08:17,"Walt Disney Likely to Maintain Earnings Guidance Despite Macro Uncertainty, UBS Says",Yahoo,https://finnhub.io/api/news?id=79974eeb66fbdb1e6c100a8599c944494ef2e670ef3318bd33e9c267f1c5eeb3,0.0,0.932,0.068,0.2584,2025-04-16
2025-04-15 19:00:00,Netflix vs. Disney: Which Streaming Giant is a Stronger Stock Pick?,Yahoo,https://finnhub.io/api/news?id=5a9c62bb58e102e1e9184b3c757508e10b650184a72c8d70db2d86266927f36d,0.0,0.81,0.19,0.7003,2025-04-16
2025-04-15 15:59:00,Disney Stock Is Having a Brutal Year. Why Trump’s Trade War Could Make It Worse.,Yahoo,https://finnhub.io/api/news?id=729ab4bf513b00a6ebe2816e0ae3df5f8d743fa3c21fcbe047eae24cc8ff09b1,0.358,0.642,0.0,-0.9493,2025-04-15
2025-04-15 15:59:00,Disney Has Had a Brutal 2025. Why Trump’s Trade War Could Make It Worse.,Yahoo,https://finnhub.io/api/news?id=1276fa52486ff2454d5fd2a32f31cdb33d637083f559041d4dd56a397c612f24,0.365,0.635,0.0,-0.9493,2025-04-15
2025-04-15 10:53:00,Netflix Stock Leads the S&P 500. The Company Has Its Sights on the $1 Trillion Club.,MarketWatch,https://finnhub.io/api/news?id=3163c75492181e4c1654728ee0ae2567b1b94370d1749bfea346ba683f6e1841,0.0,1.0,0.0,0.0,2025-04-15
2025-04-15 10:00:00,3 Reasons to Buy Fubo Stock Like There's No Tomorrow,Yahoo,https://finnhub.io/api/news?id=d4aaa4966483f342f93994b29b891a9f0272377af2e8a7d80f4e997e8d32b9b9,0.043,0.699,0.258,0.8402,2025-04-15
2025-04-15 09:00:00,fuboTV Overcame The Odds,SeekingAlpha,https://finnhub.io/api/news?id=6a243d9d19cc6eb3eb65667043a159155b6e953aca29c5f116aecc00f3ef215d,0.0,1.0,0.0,0.0,2025-04-15
2025-04-14 22:30:00,"'Where Is the Shame?' — Disney Heiress Calls Out Elon Musk and Trump, Says Billionaires Who Can't Live on $999 Million Are 'Kind of Sociopaths'",Yahoo,https://finnhub.io/api/news?id=bb49316ee8f89e5ed42340ecec135458458960f045485d2228b547f5a27a9aad,0.027,0.903,0.07,0.5919,2025-04-15
2025-04-14 21:45:17,Walt Disney (DIS) Stock Sinks As Market Gains: What You Should Know,Yahoo,https://finnhub.io/api/news?id=e71ee4eaa2d4d6236e49aac57f3eb8ed41578a0effecf40ecf0c50343c170ac5,0.0,0.926,0.074,0.34,2025-04-15
2025-04-14 19:30:54,Is Walt Disney Company (DIS) the Best Bargain Stock to Buy in May?,Yahoo,https://finnhub.io/api/news?id=9bc0058415cf4d3992efa4a528466ef96b6207d3b6ad6c82b9e548e9bd4cce44,0.045,0.74,0.215,0.9349,2025-04-15
2025-04-14 14:12:05,Walt Disney : Disneyland Paris Shares Latest Updates about its Unprecedented Transformatio…Disneyland Paris Shares Latest Updates about its Unprecedented Transformation,Finnhub,https://finnhub.io/api/news?id=71358ea8286ea1b372d10684ddbf9c3e41933cb23520aeb27fc718fd65b141b3,0.0,0.751,0.249,0.9168,2025-04-14
2025-04-14 13:02:18,Comcast: Something Epic Is Coming,SeekingAlpha,https://finnhub.io/api/news?id=fbf9a01987b76e2ede49d0f526b672ea100e390b857342479eba54078a96d2cd,0.0,1.0,0.0,0.0,2025-04-14
2025-04-14 11:39:57,Disney: Trading In The 80s Range Might Open 'Windows',SeekingAlpha,https://finnhub.io/api/news?id=6a56af529604de41c01ac479f6224e93b20734510dd69d9adce0bee9dd7e9508,0.0,1.0,0.0,0.0,2025-04-14
2025-04-13 21:50:06,Is The Walt Disney Company (DIS) the Best Kid-Friendly Stock to Buy According to Billionaires?,Yahoo,https://finnhub.io/api/news?id=421390abacafd0bef85df50b80889402c9fc3f1a1bd523003f76ccffa2a6909f,0.0,0.844,0.156,0.9274,2025-04-14
2025-04-13 15:45:00,Call it a blockbuster: ‘A Minecraft Movie’ stomps to $80.6 million in second weekend,MarketWatch,https://finnhub.io/api/news?id=c844120ce339402bc4bd3d71bfb0525fecdf2d0f16b0e1a6dc047312be695459,0.0,0.769,0.231,0.8316,2025-04-14
2025-04-13 09:00:00,Netflix Q1 Preview: Ad-Tier Faces Its Biggest Test Yet (Rating Downgrade),SeekingAlpha,https://finnhub.io/api/news?id=e41672857fff0073685d8b7e25a5202fe6b8277b975d6145a5dbbb95a5522652,0.0,1.0,0.0,0.0,2025-04-14
2025-04-12 07:14:00,"Is FuboTV: A Buy, Sell, or Hold in 2025?",Yahoo,https://finnhub.io/api/news?id=81c49c7eeef5c69a4ad353cd87f9d45bfc24fc41b7d09cddafeee7f16d53cdc7,0.0,0.92,0.08,0.6072,2025-04-14
2025-04-11 13:00:10,How to Boost Your Portfolio with Top Consumer Discretionary Stocks Set to Beat Earnings,Yahoo,https://finnhub.io/api/news?id=09e1d800d47acb1308f0bbe0f50f61f00dbc3504c4f779bd81ae6ab89fb8117c,0.0,0.691,0.309,0.8885,2025-04-11
2025-04-11 10:53:00,"Dow's 119-point drop led by losses for shares of Salesforce, Home Depot",MarketWatch,https://finnhub.io/api/news?id=7b9853033e303304d4215640bc1ebaf088395b22b6278992774d5c080b25481a,0.3,0.562,0.138,-0.6369,2025-04-11
2025-04-11 05:08:28,"Hollywood Becomes Collateral Damage In Trump Tariff War As China Slashes Film Imports, Says US Actions Will Inevitably Reduce 'Favorability' Towards American Films",Benzinga,https://finnhub.io/api/news?id=c3c80603aa5e03ebffbb33da0ffee2d8bdc408fceb6a5d41c50a764956e38d12,0.237,0.763,0.0,-0.8885,2025-04-11
2025-04-11 03:47:06,Trump Shrugs Off China's Cutback On US Films Amid Ongoing Tariff Tensions: 'I've Heard Of Worse Things',Benzinga,https://finnhub.io/api/news?id=8aaad4de70d6b1325590d6229c7922b6d7ce64a3c945a0568b1b6fde350c5d5d,0.248,0.752,0.0,-0.8807,2025-04-11
2025-04-26 22:28:00,Where Will FuboTV Stock Be in 3 Years?,Yahoo,https://finnhub.io/api/news?id=fbe53c268b5ddb8dee89a178818182f03647af14d5799cd070fb9aa3900f58b5,0.052,0.912,0.036,-0.2732,2025-04-28
2025-04-26 16:46:01,Now Streaming: Analysts boost Netflix targets after Q1 beat,Yahoo,https://finnhub.io/api/news?id=efb2330c02243ceb9838d30bcc87db25cbcded5de9497613f627e0e4402be96c,0.0,0.857,0.143,0.8788,2025-04-28
2025-04-26 09:02:58,Warner Bros. Discovery: More Difficulties Ahead But Buy Rating Seems Justified,SeekingAlpha,https://finnhub.io/api/news?id=80291565f66f208adf6dc83e0d8c153c2f23bf051e33390b45ee9009e044aaff,0.145,0.646,0.208,0.649,2025-04-28
2025-04-25 20:38:27,Walt Disney Company (DIS): Among Billionaire Steve Cohen’s Large-Cap Stock Picks With Huge Upside Potential,Yahoo,https://finnhub.io/api/news?id=23edbdb39a3edd701a6e8e5d46cd3e1e13f5d1885efc1483fe9495fb83f4c7e0,0.0,0.908,0.092,0.7096,2025-04-28
2025-04-25 20:22:08,Is Walt Disney Co. (NYSE:DIS) the Most Promising Stock According to Analysts?,Yahoo,https://finnhub.io/api/news?id=29f67636dadc6e837e7a4e985c9c634776d774fbc94fc69f95d696ef56f6a7fa,0.0,0.882,0.118,0.8265,2025-04-28
2025-04-25 09:47:00,Charter Stock Jumps After Earnings. What’s Impressing Wall Street.,MarketWatch,https://finnhub.io/api/news?id=42b585cdf94fa45d80a8eabf8a35f6c4ecd0de7777aa168fc8cb996722d3ca69,0.0,0.696,0.304,0.7906,2025-04-25
2025-04-25 09:06:39,Media Stocks Q4 In Review: fuboTV (NYSE:FUBO) Vs Peers,Yahoo,https://finnhub.io/api/news?id=a72322f4403c4475d108cd1a8e5633fb29470e0f980aee4238ef3afe976aeec8,0.0,0.943,0.057,0.4404,2025-04-25
2025-04-25 09:03:50,A Look Back at Media Stocks’ Q4 Earnings: Warner Bros. Discovery (NASDAQ:WBD) Vs The Rest Of The Pack,Yahoo,https://finnhub.io/api/news?id=d8353e9810ea50ac78ac82a317bb2ad2b6c78d03f3857bc0db613f80c82fa70c,0.026,0.917,0.057,0.4391,2025-04-25
2025-04-25 07:30:00,Disney Looking For Summer 'Thunder' Prior To Seasonal Earnings,SeekingAlpha,https://finnhub.io/api/news?id=c85dc8be531d3ffc08657c752a36037f161455c282c5e7ee079490f6ffbac75b,0.0,1.0,0.0,0.0,2025-04-25
2025-04-25 07:02:00,Up Nearly 90% in a Year: Is Netflix Stock Still Worth Buying?,Yahoo,https://finnhub.io/api/news?id=c742213f5cd680753d035127439cc0a9a8af7a5c0c78fe13086d0ccc8327243c,0.0,0.789,0.211,0.5859,2025-04-25
2025-04-24 15:16:04,"Justice Department looking into Disney, FuboTV deal, Bloomberg reports",Yahoo,https://finnhub.io/api/news?id=1b0b6c1976d86a04562f30ef8eeb5177cd042ad614cf15d100ab75e7db135094,0.0,0.884,0.116,0.8779,2025-04-24
2025-04-24 13:45:07,Why This 1 Growth Stock Could Be a Great Addition to Your Portfolio,Yahoo,https://finnhub.io/api/news?id=667fb56ebda06f3bac31fa53f460c13f8e71f59109626fb40a22be96526f815a,0.055,0.697,0.249,0.8316,2025-04-24
2025-04-24 12:33:00,Best Stock to Buy Right Now: FuboTV vs. Netflix,Yahoo,https://finnhub.io/api/news?id=abab9123bcd5552c815fe94c8851ddc411fe96177fdd1f29c5a918aab64de60c,0.0,0.841,0.159,0.8689,2025-04-24
2025-04-24 12:30:00,"Dow's 379-point rally highlighted by gains for Salesforce, Caterpillar shares",MarketWatch,https://finnhub.io/api/news?id=6c4592a229ba8bb6b141b0a1a7415df6b386470b3bb53cd695a0b64d7a38b376,0.0,0.635,0.365,0.802,2025-04-24
2025-04-24 11:28:00,Hasbro’s stock rallies as toy maker ups its revenue forecast for ‘Wizards of the Coast’,MarketWatch,https://finnhub.io/api/news?id=ee0cb7802042bc59e57e8aa42b3adaafb531a6af4eebc43d08cc798b35d4d6b7,0.0,1.0,0.0,0.0,2025-04-24
2025-04-24 11:20:00,"Dow's 269-point rally highlighted by gains for Salesforce, Caterpillar stocks",MarketWatch,https://finnhub.io/api/news?id=c55f40e10a6b188de0f5f44a2929fd72b46fe9a272f9e38154898396abdda6d3,0.0,0.789,0.211,0.5859,2025-04-24
2025-04-24 11:01:00,These Were the 3 Worst-Performing Stocks in the Dow Jones Industrial Average in March 2025,Yahoo,https://finnhub.io/api/news?id=6a76118fcca3b981412352099b092d058e8eef0ea7aa4af959dd6a110a671787,0.073,0.885,0.042,-0.34,2025-04-24
2025-04-24 10:19:00,"Dow's 100-point rally led by gains for Salesforce, Walt Disney stocks",MarketWatch,https://finnhub.io/api/news?id=64c5465169bc868b324be933780e086b19b297888b00295d3823c7a751490921,0.0,0.806,0.194,0.5859,2025-04-24
2025-04-24 09:34:45,Jenga And Monopoly Maker Hasbro CFO Says Cost Savings And Margin Growth Will Offset Tariff Impact,Benzinga,https://finnhub.io/api/news?id=faa2e837db8aae8c7e35cf5865232df86041866f84fdcc57a57e3d154ceea75f,0.045,0.755,0.199,0.8481,2025-04-24
2025-04-24 07:33:12,Apple: Earnings Could Deliver A Big Upset As International Business Tumbles,SeekingAlpha,https://finnhub.io/api/news?id=480a185f22288ef0d8a875056e9e5f31f5c056b98bf437e0e564af6c98e86bb3,0.142,0.789,0.068,-0.4215,2025-04-24
2025-04-24 06:57:05,Is Cinemark's Stock Rally Due For A Cool-Down?,SeekingAlpha,https://finnhub.io/api/news?id=afb28d279392a2b9b11f2d767246772f2ab04cdb834018f00e0ecaf1368a3c08,0.125,0.753,0.122,-0.2732,2025-04-24
2025-04-23 22:15:40,Is Walt Disney Company (DIS) the Best Stock to Buy and Hold for 20 Years?,Yahoo,https://finnhub.io/api/news?id=b39cdff3b5f0452f6fbceebd07571a85f415ccef09b9700712506eed6e8ad2b3,0.018,0.828,0.153,0.9201,2025-04-24
2025-04-23 16:32:35,Fubo shares dip on reported DOJ probe into Disney deal,Yahoo,https://finnhub.io/api/news?id=fd6d02eee796238487fbac869bc929a942d59c1a174b698c237cac1d9fd4da8b,0.0,0.887,0.113,0.7783,2025-04-24
2025-04-23 16:16:53,"Vertiv earnings beat, DOJ & Disney–fuboTV deal, Novavax COVID shot",Yahoo,https://finnhub.io/api/news?id=8e7df6bf95ba874e86a27db0581c097ff461de8d6488d4a3dfda7bfce65ec262,0.012,0.855,0.133,0.936,2025-04-24
2025-04-23 16:07:33,Is Walt Disney Co. (NYSE:DIS) the Best Stock Under $100 to Buy According to Hedge Funds?,Yahoo,https://finnhub.io/api/news?id=b4509b6f31925dfb9eeddef5376838d5292d0cd5eb1f746e6daeb6652c270b9b,0.0,0.893,0.107,0.8555,2025-04-24
2025-04-23 16:02:15,DOJ Probes Disney-FuboTV Deal Over Competition Concerns,Yahoo,https://finnhub.io/api/news?id=a6cd244050b3108594bda28854c5a206d07b600ed81c7a64f6435e81148cb85a,0.027,0.859,0.114,0.7964,2025-04-24
2025-04-23 13:40:09,Here's Why Walt Disney (DIS) is a Strong Value Stock,Yahoo,https://finnhub.io/api/news?id=be74e49626e84adadc96155a74faa252afd23f69e7a7b3f5d0c56447968107ba,0.0,0.617,0.383,0.9485,2025-04-23
2025-04-23 11:39:56,"DOJ probing Disney-FuboTV deal over competition concerns, Bloomberg News reports",Finnhub,https://finnhub.io/api/news?id=becf93c3b218b6196b73f877d47def5789d9a85019d590c99425e0cedc30a890,0.0,0.92,0.08,0.5267,2025-04-23
2025-04-23 10:46:49,36-Year-Old With $253K In Stocks Says 'Need Some Direction' – Only Gets $4.2K Dividends And Reddit Is Losing It Over His Holdings,Benzinga,https://finnhub.io/api/news?id=b54db52e3fb0f00043dfc01ada23042d20f5ffd2524b96fcf7f9436787f2a08d,0.073,0.847,0.079,0.0772,2025-04-23
2025-04-23 09:54:00,Warner Bros. Stock Rises. Max Follows Netflix With Password  Crackdown.,MarketWatch,https://finnhub.io/api/news?id=7bf16390b60ad1ebc989c92b8a81fcbd30aa2bce3922845a8b430e41dd4ca0b3,0.0,1.0,0.0,0.0,2025-04-23
2025-04-22 22:30:57,"Charlie Munger Was Asked If Disney Was Still a Good Investment: 'They Once Owned the World, Now It's a Bloodbath — Welcome to Human Life'",Yahoo,https://finnhub.io/api/news?id=b3de1ea557191465f9f6bd833abb5e8d9cfc5db1be5dbc1e6b9ba8cbf5ea43a6,0.085,0.786,0.129,0.4051,2025-04-23
2025-04-22 19:25:38,Netflix Shares Climb 6% as Wall Street Seeks Shelter in Chaos,Yahoo,https://finnhub.io/api/news?id=d1c2612461fe8492374be1e2410e01e712ea2bd6c17e295c41e5f5423988a674,0.162,0.742,0.096,-0.3612,2025-04-23
2025-04-22 16:34:00,"Walt Disney Co. stock rises Tuesday, still underperforms market",MarketWatch,https://finnhub.io/api/news?id=ff85532695719b40bd2ab94ec61244b802323da10842de75596b0bb47482c31c,0.0,1.0,0.0,0.0,2025-04-23
2025-04-22 14:44:30,Is The Walt Disney Company (DIS) the Cheap Blue Chip Stock to Buy According to Hedge Funds?,Yahoo,https://finnhub.io/api/news?id=2d8a807b719aec3c1d8cc70c6c7a8491aafbe3ff99971df5bee3a48604057719,0.023,0.949,0.028,0.1027,2025-04-22
2025-04-22 13:33:21,Stock Market Today: Stocks bounce back with Tesla report on deck,Yahoo,https://finnhub.io/api/news?id=1b67a2756b0236671efb240e4e66def636880a9056a31208434dae72d07eea61,0.095,0.905,0.0,-0.2263,2025-04-22
2025-04-22 11:10:00,Prediction: This Will Be the First Entertainment Stock to Reach a $1 Trillion Valuation (Hint: It's Not Disney),Yahoo,https://finnhub.io/api/news?id=44d22feb57a1a348f34d732a76c17632e6d55c281d0dff9eb60763a8ab762342,0.0,0.891,0.109,0.4404,2025-04-22
2025-04-22 00:03:17,Wolfe Research Upgrades Walt Disney (DIS),Fintel,https://finnhub.io/api/news?id=94e5db182010c0ad728c7aa423a57f2385cd1f25e3913c94a402c8f1e9a2f1c8,0.0,1.0,0.0,0.0,2025-04-22
2025-04-21 21:45:32,Walt Disney (DIS) Stock Moves -0.96%: What You Should Know,Yahoo,https://finnhub.io/api/news?id=c4c9332643ac3753309317d7a4cb0c54603091000b016dabb80f08976fcf6e13,0.0,1.0,0.0,0.0,2025-04-22
2025-04-21 20:36:24,Jim Cramer Says He Still Loves Walt Disney (DIS) Stock,Yahoo,https://finnhub.io/api/news?id=2b3e25bc2799688f6b950a08cda6a4048f1a3b60a565f44787d62278239c01c4,0.044,0.904,0.052,0.1531,2025-04-22
2025-04-21 18:39:00,"Disney Stock Is Worth Buying. Don’t Sweat the Recession Risk, Analyst Says.",Yahoo,https://finnhub.io/api/news?id=a8836bbcc74c2dadb971886b1f9ad6ae7981589ef37f26da1d730146b17c308f,0.173,0.719,0.107,-0.6808,2025-04-22
2025-04-21 15:41:46,"Salesforce, Disney, Spotify: Wall Street upgrades & downgrades",Yahoo,https://finnhub.io/api/news?id=d8af3c30bd84715946dc866acb677daa2b978e301bcc7cc2f7a4c24f5697c088,0.019,0.929,0.052,0.5563,2025-04-21
2025-04-21 13:00:13,Is Most-Watched Stock The Walt Disney Company (DIS) Worth Betting on Now?,Yahoo,https://finnhub.io/api/news?id=32928fc4138596161c9712da258d7ea0f2bf8f768db2db044c66e058030cb3c1,0.0,0.846,0.154,0.6124,2025-04-21
2025-04-21 12:06:06,"Star Wars Highlights TV, New Movie With Ryan Gosling, Fortnite Collab: Will The Force Be With Disney Stock?",Benzinga,https://finnhub.io/api/news?id=0d80491062e1e4ed4c56668239f036adb5d984614b462ae1e6d9adc7c34fba48,0.171,0.829,0.0,-0.802,2025-04-21
2025-04-21 02:59:49,Disney: Opportunity Knocks - Upgrade To Buy,SeekingAlpha,https://finnhub.io/api/news?id=79bd6fd5269cb90a1b454758e00e0876f251adc866c400ac9aa31b0ed296ba29,0.0,0.682,0.318,0.4215,2025-04-21
2025-04-20 21:53:31,Magnificent-7. What Stock Should We Add To Make It The Excellent-8?,SeekingAlpha,https://finnhub.io/api/news?id=7ae577a83fb0f095ca70fc698fe61c0199e3714fe710fd95798ebdbc000ae9a8,0.0,1.0,0.0,0.0,2025-04-21
2025-04-20 12:30:00,"3 Great Stocks Warren Buffett Probably Can't Buy, But You Can",Yahoo,https://finnhub.io/api/news?id=63f21da15e64166f7d2571b436fae71313c9e8c1792c18fe4f2aeffbdd9d32d7,0.0,0.794,0.206,0.714,2025-04-21
2025-05-04 21:48:48,The Walt Disney Company (DIS): Among Unknown Billionaire Phill Gross’ Stock Picks with Huge Upside Potential,Yahoo,https://finnhub.io/api/news?id=3afa99e943fa6e99b10cf6da710231eef492bbe0644cbab790fe61e12824a685,0.04,0.872,0.088,0.4215,2025-05-05
2025-05-04 15:34:00,"Wall Street’s second-quarter outlook sours, with bigger-than-normal forecast cuts",MarketWatch,https://finnhub.io/api/news?id=32287055b76f8259659a2bc3e7c85b12c1e19a1e8c02405f136b26eaf4723352,0.216,0.784,0.0,-0.5267,2025-05-05
2025-05-04 15:26:00,Marvel’s malaise continues with lukewarm opening weekend for ‘Thunderbolts’,MarketWatch,https://finnhub.io/api/news?id=215008d6b33f032f525d9f82a183fd23addb1dd2a03ecfd042a09039157cf3a2,0.0,1.0,0.0,0.0,2025-05-05
2025-05-04 14:42:00,Disney’s Marvel Takes Top Spot at Weekend Box Office,MarketWatch,https://finnhub.io/api/news?id=93a3c68e9c2b752f3148a9aa74f187e976ca0e92920d4a8ec9b8707779f0fa35,0.0,0.603,0.397,0.802,2025-05-05
2025-05-04 14:30:57,'Thunderbolts' kicks off moviegoing summer with $162 million worldwide,Finnhub,https://finnhub.io/api/news?id=37181662f7aa19fce285a9216f285ea66ffb6a962bfd85f1aa2e609f4b9f219b,0.0,0.899,0.101,0.5267,2025-05-05
2025-05-04 14:12:04,'Thunderbolts' kicks off the summer movie season with $76 million at the box office,Finnhub,https://finnhub.io/api/news?id=a7b1b31f726dd8c3b98aa6bb507b1b5520660c19443f8ca26147bbfdf0d576a1,0.0,0.909,0.091,0.5267,2025-05-05
2025-05-04 12:30:00,5 Dates for Disney Stock Investors to Circle in May,Yahoo,https://finnhub.io/api/news?id=dca310e32116fe1411dfa0d2aa8cf9119695fafeb2c8c06c2b11a9149a928a6f,0.0,0.926,0.074,0.4215,2025-05-05
2025-05-04 12:00:08,"Disney, Ford, AMD: Earnings to Watch This Week",Yahoo,https://finnhub.io/api/news?id=093d60f8df88c5d7c5326511dec960c790d243f42defd83d7e5dd214551269b8,0.0,0.937,0.063,0.5859,2025-05-05
2025-05-04 11:48:25,"'Thunderbolts' kicks off US, Canada summer box office with $76 million",Finnhub,https://finnhub.io/api/news?id=223dbab2176d11543a487ba9d79c813646deed48fb691a4bcf446f4e85e29c47,0.0,0.93,0.07,0.4215,2025-05-05
2025-05-04 11:18:23,'Thunderbolts' kicks off domestic summer box office with $76 million,Finnhub,https://finnhub.io/api/news?id=0843af710e61d2600c88bcfdd35de083925180c434d21c0869d4a8252bd14275,0.0,0.928,0.072,0.4215,2025-05-05
2025-05-04 11:00:00,What Analysts Think of Disney Stock Ahead of Earnings,Yahoo,https://finnhub.io/api/news?id=370861fdbbdacc8937b4f0da9994f3d36a42e99ff0339ffc680f1ace91573971,0.0,0.928,0.072,0.4215,2025-05-05
2025-05-04 08:30:00,fuboTV's Plunge Could Offer Cheap Tickets To A Great Show,SeekingAlpha,https://finnhub.io/api/news?id=094d92751683fd6ff4d04752f780ebfa46e6cd8fa5a8142bb0a8be5d3c40cf96,0.151,0.693,0.156,0.0454,2025-05-05
2025-05-04 07:42:09,Wall Street Week Ahead,SeekingAlpha,https://finnhub.io/api/news?id=36968a481799fe4bea0c03f9ce3d226c6ad6513a89996ea72a443d1ba2f43fcd,0.0,1.0,0.0,0.0,2025-05-05
2025-05-04 05:00:12,How the world’s only patented plantable pencil has sold millions,Yahoo,https://finnhub.io/api/news?id=2dea99a7edc4e3f87abf4a72a78cd4af9776c7700891908d3e24ccde555829c8,0.0,1.0,0.0,0.0,2025-05-05
2025-05-03 12:00:22,Is There Now An Opportunity In The Walt Disney Company (NYSE:DIS)?,Yahoo,https://finnhub.io/api/news?id=c43912859bff15e8b52caad022ef37005eb453d326be9de128487899755362a7,0.0,0.73,0.27,0.8402,2025-05-05
2025-05-03 11:00:00,"Ford, Disney, And AMD To Report Results Next Week",SeekingAlpha,https://finnhub.io/api/news?id=47f428b3ae3e5bd59c6b4bf372f7c14a9d31a5bca8ec40110fe7faf659ca295d,0.0,1.0,0.0,0.0,2025-05-05
2025-05-03 09:46:37,Dogs Of The Dow Chase May's 'Safer' Buy,SeekingAlpha,https://finnhub.io/api/news?id=350e7769b702ab011e6e05a8a775d6afbeec758c10f0e5378d06981688951dc9,0.0,0.833,0.167,0.7184,2025-05-05
2025-05-03 08:35:00,Here's Why Disney's Recent Box Office Bombs Really Shouldn't Matter Much to Investors,Yahoo,https://finnhub.io/api/news?id=f90434836f9f6cd76906ca0acb402da01d26884b99638154a84184b5e55e8280,0.046,0.954,0.0,-0.0906,2025-05-05
2025-05-03 00:00:00,Disney Wanted More From Marvel. Now It Wants Less.,Yahoo,https://finnhub.io/api/news?id=73252a3a3f0e20a055b6dcd2bc9edf4c05639245476ff8f296d0f28b9c14e7a7,0.046,0.814,0.14,0.868,2025-05-05
2025-05-03 00:00:00,Even Marvel Knows Its Movies and Shows Need to Be Better,Yahoo,https://finnhub.io/api/news?id=ca3639cc72f3d790d444b7869352768d46e8f92d5b466fff23b9ec1784305472,0.044,0.796,0.16,0.908,2025-05-05
2025-05-02 23:00:00,"Auto tariffs, Berkshire earnings, Fed meeting: What to Watch",Yahoo,https://finnhub.io/api/news?id=7946774881228cb06a87dd5f7936dcd92cb8864603b285f2c15152977406b89a,0.026,0.974,0.0,-0.1725,2025-05-05
2025-05-02 18:12:00,Netflix Is Eating Disney’s Lunch. How to Bring Back the Magic.,Yahoo,https://finnhub.io/api/news?id=fb6fb8bb5f10eff9f66b4fad9da6a97c72a8be516aa0e5d2714e17752eae669c,0.0,0.776,0.224,0.7579,2025-05-05
2025-05-02 17:06:47,"FuboTV Guides for Revenue, Subscriber Declines in Second Quarter; Shares Tumble",Yahoo,https://finnhub.io/api/news?id=4d051184722dc140b14d73c8c2fdf67135449015fd2a537d967bdddfac4cb903,0.061,0.813,0.126,0.1901,2025-05-05
2025-05-02 16:11:23,FuboTV Stock Is Crashing Today. Here's Why.,Yahoo,https://finnhub.io/api/news?id=d71e0050ab398e603bae909a9c784c7cce66585cc044274d070399f26452bf76,0.099,0.806,0.095,-0.0258,2025-05-05
2025-05-02 15:37:00,3 Reasons Why I Bought More Disney and Comcast Stock Last Week,Yahoo,https://finnhub.io/api/news?id=fc2a27543cf0aebfb51c4c473e8713705a34129928b62b330b25391b6533fb2d,0.0,0.866,0.134,0.4767,2025-05-02
2025-05-02 13:20:00,Earnings Dilute Tariff Concerns,SeekingAlpha,https://finnhub.io/api/news?id=7a6ae604f33a1b09a0e02790c9e37889cb568fa2d8b7c9d2623900cd74d0099f,0.0,0.851,0.149,0.2716,2025-05-02
2025-05-02 13:15:19,Ahead of Disney (DIS) Q2 Earnings: Get Ready With Wall Street Estimates for Key Metrics,Yahoo,https://finnhub.io/api/news?id=ae8dc89afcf5411d521654e267320a92429152489f780911b4ff3514952de0d9,0.0,0.918,0.082,0.5106,2025-05-02
2025-05-02 13:00:12,Is Trending Stock The Walt Disney Company (DIS) a Buy Now?,Yahoo,https://finnhub.io/api/news?id=71110ab588d43780a4c520767bce60b67796a0fb27728c29d46b641aa10817de,0.0,0.878,0.122,0.6486,2025-05-02
2025-05-02 12:25:52,"Stocks to watch next week: Berkshire Hathaway, Palantir, TSMC, Novo Nordisk and JD Wetherspoon",Yahoo,https://finnhub.io/api/news?id=6972fbb4d45d8239b376ee04e76ba55e3e616c8f0d5c178ac63973418d2dd5d2,0.0,1.0,0.0,0.0,2025-05-02
2025-04-30 14:50:00,"Here’s what’s worth streaming in May 2025 on Netflix, Max, Hulu, Disney+ and more",MarketWatch,https://finnhub.io/api/news?id=0aefb9c281a81ac2c3f61664e8bd0bb943d70965948657a69fd12d3b2dba27a9,0.0,0.865,0.135,0.4703,2025-04-30
2025-05-02 11:03:09,'Advertisers Plan Cuts to TV Advertising As Economic Worries Mount' - The Information,Benzinga,https://finnhub.io/api/news?id=426f1b87d43cc87eef3b16322709736913b29122eef804685342cc81eb401ef8,0.294,0.706,0.0,-0.6124,2025-05-02
2025-05-02 09:45:00,"Nike, NVIDIA Corp. share gains lead Dow's 450-point rally",MarketWatch,https://finnhub.io/api/news?id=aaa6f502df4ff1c11b5165668d6be6b9a365b2974d38e12f3cccfe733c24a63b,0.0,0.603,0.397,0.802,2025-05-02
2025-05-01 14:01:38,Analysts Estimate Paramount Global-B (PARA) to Report a Decline in Earnings: What to Look Out for,Yahoo,https://finnhub.io/api/news?id=6d420632f6c0036ad799c5f9f0ab3ee36fbccd90770ee4fbf6efc578f2985adb,0.0,0.958,0.042,0.2263,2025-05-01
2025-05-01 11:45:00,ClearBridge Value Fund Q1 2025 Commentary,SeekingAlpha,https://finnhub.io/api/news?id=815603c58a6c60981789c59d688117925b6bf46711f610c0d1b153b4d8eb742b,0.0,0.698,0.302,0.8442,2025-05-01
2025-04-30 18:25:32,Is The Walt Disney Company (DIS) the Best Dow Stock for the Next 12 Months?,Yahoo,https://finnhub.io/api/news?id=f1ee387412b45a3064e8ba513c4589c87d3aada9f5642ce9c85ff1e75b257a4e,0.094,0.76,0.145,0.6597,2025-05-01
2025-04-30 14:01:21,Earnings Preview: Walt Disney (DIS) Q2 Earnings Expected to Decline,Yahoo,https://finnhub.io/api/news?id=626dfa0838f95ce6005ac18f57487dfc507c2fb8fc9e49a8b5478d689fa7843b,0.0,0.95,0.05,0.2263,2025-04-30
2025-04-30 13:02:04,"The Walt Disney Company to Participate in the MoffettNathanson Media, Internet & Communications Conference",Finnhub,https://finnhub.io/api/news?id=e8affb4d1839be833742475f5b9991b2037be313902c49e7cc391dc32d7d72d0,0.0,1.0,0.0,0.0,2025-04-30
2025-04-30 13:00:00,"Transcript : The Walt Disney Company Presents at MoffettNathanson 2025 Media, Internet & Communications Conference, May-14-2025 09",Finnhub,https://finnhub.io/api/news?id=35051f59390dcbf4fbff5909819aec99308be4e7efac562f92a35b154b362aa5,0.0,0.889,0.111,0.6825,2025-04-30
2025-04-30 00:18:14,Is Walt Disney Company (DIS) the Worst-Performing Blue Chip Stock So Far in 2025?,Yahoo,https://finnhub.io/api/news?id=7e44b0e90c25b080127f44ace86e834d2d0828f2a33e4aa8e59c9d47c9c161c2,0.067,0.933,0.0,-0.5994,2025-04-30
2025-04-29 13:57:00,"Dow's 375-point rally led by gains for Sherwin-Williams Co., Honeywell shares",MarketWatch,https://finnhub.io/api/news?id=9a11fd64c292d36c252da572c892f93c1e7821d789a9f8a656c7666949da282d,0.0,0.662,0.338,0.802,2025-04-29
2025-04-29 13:30:07,Is Disney (DIS) a Buy as Wall Street Analysts Look Optimistic?,Yahoo,https://finnhub.io/api/news?id=95a0fba8512c2b749ec0a3011661a48b71e7709ba85633461d5d0c5ac3b900cc,0.047,0.825,0.129,0.5204,2025-04-29
2025-04-29 13:19:07,‘Star Wars: Tales of the Underworld’ Premieres Exclusively in Fo…‘Star Wars,Finnhub,https://finnhub.io/api/news?id=ff045b66b43e92b25c750aea8d2b092c5a4c0bdf2832d177612d525d814a2d01,0.23,0.77,0.0,-0.9014,2025-04-29
2025-04-29 09:45:00,"Dow up 125 points on gains for Sherwin-Williams Co., Honeywell shares",MarketWatch,https://finnhub.io/api/news?id=45cd770616bf94d971e0a1d6d69f4351bdfdcf794842a90b51203356ef4de88a,0.0,0.662,0.338,0.802,2025-04-29
2025-04-29 08:30:00,ClearBridge Global Value Improvers Strategy Q1 2025 Commentary,SeekingAlpha,https://finnhub.io/api/news?id=4777d1093e87a14df62c8046130e86746a78550592dfcc51a616b39754e74653,0.0,0.561,0.439,0.5719,2025-04-29
2025-04-28 22:51:44,The Walt Disney Company (DIS): Among Billionaire Israel Englander’s Stock Picks with Huge Upside Potential,Yahoo,https://finnhub.io/api/news?id=cf142c6cdb7232e766adfb7657b5552fb230807015c96ca40d42ea771dc21242,0.0,0.909,0.091,0.7096,2025-04-29
2025-04-28 21:45:16,Walt Disney (DIS) Stock Drops Despite Market Gains: Important Facts to Note,Yahoo,https://finnhub.io/api/news?id=7da233086981659dddc2556939d157ecc1cdb8ae414b6eb9ac1398cd9af3d178,0.099,0.901,0.0,-0.3875,2025-04-29
2025-04-28 14:11:00,The future of streaming television is starting to look an awful lot like cable TV,MarketWatch,https://finnhub.io/api/news?id=c09df82fac38a9a70422a2d8d11e129388064b19df2652b72d17211b940af555,0.162,0.703,0.135,-0.25,2025-04-28
2025-04-28 14:00:00,"The Walt Disney Company Launches Inaugural, Company-Wide ""Disney Week of Wishes"" Campaign to Celebrate World Wish Day With Make-A-Wish",Yahoo,https://finnhub.io/api/news?id=356a8b047e461cd32b0d8cff72b4c424539deddf09e735576111fbccb014e1f3,0.0,0.767,0.233,0.9735,2025-04-28
2025-04-28 11:15:00,These 3 Dow Stocks Are Set to Soar in 2025 and Beyond,Yahoo,https://finnhub.io/api/news?id=4da870e609c1c3b538e447fc002a0e3c941179900997adecb4fdd50b9c494b25,0.0,0.83,0.17,0.5994,2025-04-28
2025-04-28 10:04:03,"The Walt Disney Company Launches Inaugural, Company-Wide “Disney Week of Wishes” Campaign to Celebrate World Wish Day With Make-A-Wish",Finnhub,https://finnhub.io/api/news?id=a4a20b8fbd86577c11b5a8de89042281f7dd044767ea968bead865211c6b9dd5,0.0,0.713,0.287,0.9136,2025-04-28
2025-04-28 09:05:00,Netflix's Tariff Teflon: Is The New Run-Up A Sign To Get In Or Get Out?,SeekingAlpha,https://finnhub.io/api/news?id=9d924571cbed6b3470e5dc1878390effd97c55bf425473b8bc04fff828e93380,0.111,0.819,0.07,-0.431,2025-04-28
2025-04-27 15:32:00,‘An absolute phenomenon’: Little drop-off as Ryan Coogler’s ‘Sinners’ tops box office again,MarketWatch,https://finnhub.io/api/news?id=609a2094e55e2129e485975bac2789df9f18b4cb01b4bd2124598bb9271d88bd,0.0,0.784,0.216,0.765,2025-04-28
2025-04-27 14:23:25,Jim Cramer Says The Walt Disney Company (DIS) ‘Just Has Been A One-way Trip To The Danger Zone Since Nelson Peltz Was No Longer Involved’,Yahoo,https://finnhub.io/api/news?id=21b1ed6358cea3d2e6f5946a317ca0ade05e571ec8dad224354508f3bc6b990f,0.1,0.9,0.0,-0.8316,2025-04-28
2025-04-27 13:43:00,Prediction: Disney Will Beat the Market. Here's Why,Yahoo,https://finnhub.io/api/news?id=66755444a216ab76688305914eeec0661345461f72bd5aa67832a3a79f5b9f5f,0.0,0.972,0.028,0.2716,2025-04-28
2025-04-27 12:41:41,"Disney+'s solid content portfolio, including nearly 700 movies, is a key growth driver.",Yahoo,https://finnhub.io/api/news?id=ccfebf08c0eb85438b08a9adbb922f0df04ef8d88446f18cdc71a872d28bb43b,0.0,0.625,0.375,0.9081,2025-04-28
2025-05-12 17:45:08,"Jon Voight, Hollywood coalition asks Trump to consider tax incentives",Finnhub,https://finnhub.io/api/news?id=56b070c1abd5986081c37e18f542a63813edd13e34cf32e8b79aaab2c86bc898,0.0,0.883,0.117,0.5994,2025-05-13
2025-05-12 17:21:00,Checking In on the Latest From Disney and Uber,Yahoo,https://finnhub.io/api/news?id=0f64e06ab86e47e491c315f26d1f7945c4a5919dfd6276ce94503f571ddabe4f,0.0,0.96,0.04,0.0772,2025-05-13
2025-05-12 16:30:00,Disney ETFs in Focus Post Q2 Earnings,Yahoo,https://finnhub.io/api/news?id=795d1a892a7cccfe235607d70d84336b5c9b0596bdad612cbf57def383863e1f,0.111,0.889,0.0,-0.4588,2025-05-13
2025-05-12 16:00:08,Disney (DIS) Upgraded to Buy: Here's What You Should Know,Yahoo,https://finnhub.io/api/news?id=26b6da7d30212d2ee69b51f221e3d117dd2f193e5112e3b2b409761c2bbb482f,0.0,0.829,0.171,0.7506,2025-05-13
2025-05-12 16:00:00,1 Stock Up 90% This Year to Buy and Hold for 10 Years,Yahoo,https://finnhub.io/api/news?id=5c2271aa8f304367e90123ffb09b6c388e5cda6efa6114774ee12735421f2c50,0.0,0.876,0.124,0.7269,2025-05-13
2025-05-12 14:24:00,"The Zacks Analyst Blog Highlights Disney, Gilead Sciences, Eaton and Maui Land & Pineapple",Yahoo,https://finnhub.io/api/news?id=80cdb666f570d0675eb29b1ef8e0fc43861b559232088819e47abdfc13de2403,0.0,1.0,0.0,0.0,2025-05-12
2025-05-12 13:50:22,Shares of companies within the broader communication services sector are trading higher amid overall market strength after the US and China agreed to a temporary reduction in most tariffs on each other's goods.,Benzinga,https://finnhub.io/api/news?id=51692de7da464ed347ff5731abb0907d995d73023d409d5601eb0dbdabdf6eb2,0.0,0.8,0.2,0.7579,2025-05-12
2025-05-12 13:40:12,Why This 1 Value Stock Could Be a Great Addition to Your Portfolio,Yahoo,https://finnhub.io/api/news?id=6b20f269077ff93e18b079856578d35a62cc220dc796416ffff2b8ec0ba2d798,0.0,0.752,0.248,0.872,2025-05-12
2025-05-12 13:30:03,Why Walt Disney (DIS) is a Top Stock for the Long-Term,Yahoo,https://finnhub.io/api/news?id=7f6a3dae341d53e770eb7f2d4a2b384b984f8edc90644a14ccc2e944e52866d7,0.0,0.693,0.307,0.9062,2025-05-12
2025-05-12 12:44:00,3 Stocks With Upgraded Broker Ratings to Navigate Market Uncertainties,Yahoo,https://finnhub.io/api/news?id=ec93c75972c991ccc37388aad37fc5fd39b584c27f971d6a0ad6269d2effebe4,0.065,0.867,0.068,0.0258,2025-05-12
2025-05-12 11:48:42,"Disney Store to open new pop-up store at Westfield, UK",Yahoo,https://finnhub.io/api/news?id=e74fffe0af509f67671debf950e696c8139a6b0f9a7f75f7de5ebf8730190b41,0.0,0.949,0.051,0.128,2025-05-12
2025-05-12 09:14:16,The Walt Disney Company Is Currently Cheap Enough To Buy,SeekingAlpha,https://finnhub.io/api/news?id=a10d40ce00e8b4459038a18bf356473a6ed7f83b458d8229010cc77edf11597c,0.0,0.69,0.31,0.9169,2025-05-12
2025-05-11 16:14:00,‘Thunderbolts’ and ‘Sinners’ maintain their box-office dominance,MarketWatch,https://finnhub.io/api/news?id=cc91f10138fbb0a21aeaaf04bee33c4f2243c5216732224590a92f3dd83e0724,0.0,0.769,0.231,0.3818,2025-05-12
2025-05-11 08:56:20,Disney: Why Option Collars Are Highly Underrated For Retail Investors,SeekingAlpha,https://finnhub.io/api/news?id=0ae3879a35171c1f69e51830527ff05504a6bc9b48ed883bd1bd1370bc379ad6,0.056,0.667,0.277,0.8074,2025-05-12
2025-05-11 08:45:18,"The Trade Desk, Walt Disney, And Hims & Hers Health Are Among Top 11 Large-Cap Gainers Last Week (May 5-May 9): Are The Others In Your Portfolio?",Benzinga,https://finnhub.io/api/news?id=f450a7e9d7bb31ef1fb9f72dc5611b185b69b04204131ee30afe44c61d30f68b,0.0,0.963,0.037,0.2023,2025-05-12
2025-05-11 08:12:00,Disney Stock Is Finally Back in Action. Will new Tariffs Derail It?,Yahoo,https://finnhub.io/api/news?id=8df039dec464cd56897bb379d862661fe09be600873545095cfaf5a0bc2e5888,0.096,0.789,0.114,0.1027,2025-05-12
2025-05-10 09:30:00,Is Disney World on the Cheap Still Any Fun?,Yahoo,https://finnhub.io/api/news?id=426170910f142fede19340267e17760c3cabcdc73aeef81c3d10d73af0315667,0.0,0.856,0.144,0.5719,2025-05-12
2025-05-09 21:10:00,"The Score: Disney, Berkshire Hathaway, Ford and More Stocks That Defined the Week",Yahoo,https://finnhub.io/api/news?id=cb26b3e733bfced24aa9850e7a0e0e646850f9542e1765f2f5cb71c62b9b8b08,0.0,0.862,0.138,0.8689,2025-05-12
2025-05-09 21:00:00,"Top Analyst Reports for Walt Disney, Gilead Sciences & Eaton",Yahoo,https://finnhub.io/api/news?id=33027b30f385da15860199f4bce962e30997ee0f5798792221fbad0ea2ab47ec,0.0,0.923,0.077,0.4404,2025-05-12
2025-05-09 18:35:11,FTC hits pause on 'click to cancel' rule,Finnhub,https://finnhub.io/api/news?id=ac70c43ece04dadee6307436030a4de997967e60b4692fc1b8b201dc00a23ae2,0.087,0.85,0.063,-0.0258,2025-05-12
2025-05-09 17:24:58,Walt Disney (NYSE:DIS) Unveils Middle East's First Theme Park Resort With Dazzling Celebration,Yahoo,https://finnhub.io/api/news?id=bc953d0f0db0c973db158627a0c769b188bbebf161f351f4e096de7661d5af1b,0.0,0.735,0.265,0.9758,2025-05-12
2025-05-09 14:48:00,Optimistic With An Asterisk,SeekingAlpha,https://finnhub.io/api/news?id=0f71d32f673d655cf168160b049bbfbc9cb9a5518162f480baf8e6b669b7eeed,0.0,0.839,0.161,0.3182,2025-05-09
2025-05-09 14:30:00,7 Things Comcast's Epic Universe Needs to Fix Before May 22,Yahoo,https://finnhub.io/api/news?id=1c352e3f101c29b8d4aa825678bf454271b84aeea3c5d5fb46ad729d2ae705c4,0.0,0.918,0.082,0.3612,2025-05-09
2025-05-09 13:50:10,Here's Why Walt Disney (DIS) is a Strong Momentum Stock,Yahoo,https://finnhub.io/api/news?id=5b158c74a3eb3e061c824135e3182dca738329440cf64a88521db856446c2e3b,0.063,0.747,0.19,0.6597,2025-05-09
2025-05-09 13:35:25,10 Communication Services Stocks Whale Activity In Today's Session,Benzinga,https://finnhub.io/api/news?id=1406ddcdaa1c5fc6c47f7dd5a8fdd3a52882ecfb3b173c2d3043775f5885f4bc,0.0,1.0,0.0,0.0,2025-05-09
2025-05-09 12:12:51,Was Jim Cramer Right About The Walt Disney Company (DIS)?,Yahoo,https://finnhub.io/api/news?id=9ef828f5fa6e1734f0b5c2d2520b17e0c09337810eaf1881cc87086421fb8567,0.091,0.909,0.0,-0.7645,2025-05-09
2025-05-09 11:00:14,Disney CEO Bob Iger delivers new magic for investors,Yahoo,https://finnhub.io/api/news?id=0e23ed5bf0b0e3e7b38e67e2aad30b57b73ca5d9755b3bf326247f0a9571d6b9,0.0,0.855,0.145,0.7269,2025-05-09
2025-05-09 00:36:26,"Disney's New Abu Dhabi Theme Park Will Be 'Authentically Disney And Distinctly Emirati,' CEO Bob Iger Says",Yahoo,https://finnhub.io/api/news?id=c2d515eb14acfc458ea209ebc14e85f4f89288e522829025f7e046d14fcdfa25,0.0,0.916,0.084,0.8126,2025-05-09
2025-05-08 15:52:19,Warner Bros Discovery stock leaps on continued speculation of company split,Yahoo,https://finnhub.io/api/news?id=6b7141ea75923eccad084168944ced5ac2b53c42f2e29c8eb3f5dee2292dcb2d,0.0,0.944,0.056,0.296,2025-05-08
2025-05-08 15:22:00,"Boeing, Walt Disney share gains contribute to Dow's 550-point rally",MarketWatch,https://finnhub.io/api/news?id=f0adf66690b4a5ea8d242c39b4f9e933b621f0707966fdf1c8e57122d7fec8b4,0.0,0.635,0.365,0.802,2025-05-08
2025-05-08 15:13:59,"Walt Disney's Fiscal Q2 Revenue Beat Expectations on Parks, ESPN Strength, Morgan Stanley Says",Yahoo,https://finnhub.io/api/news?id=d6b7753dd291d9031d7f591893c4c52eb6b7269c3a6c0946140f275246a3096d,0.048,0.767,0.185,0.6486,2025-05-08
2025-05-08 15:06:11,Disney's Magic Is Spreading,SeekingAlpha,https://finnhub.io/api/news?id=cb4ae45cf81df0df7e484c0581f50a3827dc2299c45644bf5459c62c6457ac22,0.0,0.912,0.088,0.3818,2025-05-08
2025-05-08 14:00:00,"Dow up nearly 450 points on gains for Boeing, Walt Disney stocks",MarketWatch,https://finnhub.io/api/news?id=c0fea8451ecb582e61888ca2a0c12b6268d3e8abc367ec4d1c71a1a3b9eac1c6,0.0,0.821,0.179,0.5859,2025-05-08
2025-05-08 13:52:50,Warner Bros. Subscribers Outpace Disney; Shares Rise On Results,Yahoo,https://finnhub.io/api/news?id=fb6f0f80f4d6a95a6073a10fa9cb51d8e7e7951f7bc41024fd9e350f950d5a6d,0.0,0.885,0.115,0.3612,2025-05-08
2025-05-08 13:31:00,"Company News for May 8, 2025",Yahoo,https://finnhub.io/api/news?id=87ba7242e7e1961506d8c9ddd0526641c89b69383de94fa9bc311e05d9160f65,0.0,1.0,0.0,0.0,2025-05-08
2025-05-08 13:26:07,"Bank stocks rally, with Goldman among the Dow’s top performers",MarketWatch,https://finnhub.io/api/news?id=11e3bd6edf582ba408c5c9c24d94399437c1cb1f820df01b0f36ba0b3b9d7a6e,0.0,0.833,0.167,0.3818,2025-05-08
2025-05-08 12:48:39,White Men in the Minority as US Boardrooms Enter New Era,Yahoo,https://finnhub.io/api/news?id=4fa4dbdad52909b6af33baccd3051cdd331bcb07da57d0c1ebd6fc807d633188,0.133,0.842,0.025,-0.8625,2025-05-08
2025-05-08 12:32:00,Invesco Dividend Income Fund Q1 2025 Commentary,SeekingAlpha,https://finnhub.io/api/news?id=0cdb7deddc9ccbb54d971cd971231977205e5a43f99a9e9d6e1f3f3d0a09afc7,0.0,0.836,0.164,0.6908,2025-05-08
2025-05-08 12:00:00,"Dow's 550-point rally led by gains for Boeing, Goldman Sachs shares",MarketWatch,https://finnhub.io/api/news?id=b950c8b047002843841dbdaeaa97c610af4ee8ac40cdc83f622c145e18e0cb15,0.0,0.662,0.338,0.802,2025-05-08
2025-05-08 10:59:00,"Dow's 100-point rally highlighted by gains for Walt Disney, Goldman Sachs stocks",MarketWatch,https://finnhub.io/api/news?id=b7d0fa6ac4bce28824279b6d2ada25430d348b9b78cc6bd37007e9a2cec8780f,0.0,0.821,0.179,0.5859,2025-05-08
2025-05-08 10:51:00,Why going to Disney’s Abu Dhabi theme park may actually be cheaper than visiting Disney World in Orlando,MarketWatch,https://finnhub.io/api/news?id=b2ccf6cffc1a12b295b7505ebe5b81e772412d81a8f37eb0e014f9a645861433,0.0,1.0,0.0,0.0,2025-05-08
2025-05-08 10:42:00,Why Fed’s Powell Needs to Pay Close Attention to First Trade Deal,Yahoo,https://finnhub.io/api/news?id=46e5e873a665c52f34944914238ec40ae21a244e8853e1a3041582cdb236bb6b,0.127,0.831,0.042,-0.3612,2025-05-08
2025-05-08 10:35:00,Invesco Diversified Dividend Fund Q1 2025 Commentary,SeekingAlpha,https://finnhub.io/api/news?id=f8b0e2a820238b332cff6ac7c28b956a71194708aa4edc710fa887190471b21e,0.08,0.764,0.156,0.3182,2025-05-08
2025-05-08 10:13:36,"Trending tickers: Alphabet, Nvidia, Disney, Puma and Next",Yahoo,https://finnhub.io/api/news?id=d69d26c6b754b91e3864471989185afa0935f2d6252955352b29f28c23ea30f7,0.0,1.0,0.0,0.0,2025-05-08
2025-05-08 09:48:00,Inside Disney’s ad playbook as streaming becomes ‘core growth platform’,Yahoo,https://finnhub.io/api/news?id=c2f6fd3160f715ee0a8e45e9435c5f7fb19ef8f453f01fd67e6534a906856df6,0.0,0.871,0.129,0.5574,2025-05-08
2025-05-08 09:45:00,"Dow rallies 212 points on gains in shares of Walt Disney, Goldman Sachs",MarketWatch,https://finnhub.io/api/news?id=d35e274cf3a7cc94a4441f7701d840f6c2fa2117dbe44e6ccf0376a22e086142,0.0,0.705,0.295,0.802,2025-05-08
2025-05-08 09:30:00,Disney Makes It Official: The Middle East Is the New Theme-Park Hot Spot,Yahoo,https://finnhub.io/api/news?id=2d72f4dec6150c8ea885d8e1405a8ff6e1d581ae6f5006e07ea32a431da82c7c,0.0,0.909,0.091,0.4215,2025-05-08
2025-05-08 09:23:00,Disney Is Back on Top With Strong Earnings and Plans for Abu Dhabi Park,MarketWatch,https://finnhub.io/api/news?id=c8a0856b0267783e76e39193a1661e0ac96cb002ede34ee204ed98c85b80106b,0.0,0.702,0.298,0.8481,2025-05-08
2025-05-08 07:40:26,Ambani's Reliance pulls trademark application for codename of Pakistan strikes,Finnhub,https://finnhub.io/api/news?id=d535ac3608f2aea644f10c1d3689192489335dbe566093b04ec518bc39f85a98,0.118,0.802,0.08,-0.1531,2025-05-08
2025-05-08 07:15:37,The Walt Disney Co (DIS) Q2 2025 Earnings Call Highlights: Strong Financial Performance and ...,Yahoo,https://finnhub.io/api/news?id=736b48bf43bb5ee2aa00931b4e51452686b412e3b0ecbc5f1707134f10faf23b,0.026,0.857,0.117,0.6573,2025-05-08
2025-05-08 06:14:53,"US Stocks Likely To Open Higher After Two Days Of Advance: 'Market Has Found Its Balance,' Says Expert Citing S&P 500's Technical Analysis",Benzinga,https://finnhub.io/api/news?id=c75451d48fa96529e79fd2674a7c81f7a12f172f7e9c6da4dfb3074c79bcd7be,0.0,1.0,0.0,0.0,2025-05-08
2025-05-08 05:48:21,Why Walt Disney Company (DIS) Skyrocketed On Wednesday,Yahoo,https://finnhub.io/api/news?id=2b3d5c60cb33489a9fb988f21f5231f4dcab5c91d9cc89c663d34b0fe464e814,0.0,0.951,0.049,0.5106,2025-05-08
2025-05-08 05:30:00,The New Theme Park Hot Spot: The Middle East,DowJones,https://finnhub.io/api/news?id=4d8f9773d06350f47d942597fd31e12b6f658a00950ca9bfc9359fd895dae1d8,0.0,1.0,0.0,0.0,2025-05-08
2025-05-08 03:27:41,"Dow Surges Over 250 Points Following Fed Decision: Investor Sentiment Improves, Fear Index In 'Greed' Zone",Benzinga,https://finnhub.io/api/news?id=a66948d5700075e058a87733bf6bad6c2fd4940f1321fc84df9988cc20626592,0.272,0.599,0.129,-0.4767,2025-05-08
2025-05-08 03:11:20,Q2 2025 Walt Disney Co Earnings Call,Yahoo,https://finnhub.io/api/news?id=bc0f36b7ae7496e7f5bc19393c769d0a3922b1d4391203fa8878069602f5bbbc,0.0,1.0,0.0,0.0,2025-05-08
2025-05-07 21:19:14,"S&P 500 Gains & Losses Today: Stocks Gain in Volatile Session as Markets React to Fed Meeting, Trump Trade Comments",Yahoo,https://finnhub.io/api/news?id=d3727110ee7bcf2d7843e7ebe533ff77fb6730503d9cc041df9c54212de60b5c,0.048,0.85,0.103,0.4767,2025-05-08
2025-05-07 21:18:44,Why Disney's parks & streaming are so important for earnings,Yahoo,https://finnhub.io/api/news?id=0ac9e4ebe4e94735e28464045951a8b6831af72ae5bf635e5446fe8b314280aa,0.034,0.868,0.098,0.7168,2025-05-08
2025-05-07 20:55:00,Disney vs. Netflix: Which media giant has the higher valuation?,Yahoo,https://finnhub.io/api/news?id=5a4b8935b8847fb753f0972e7ac8609a77d2f55c5836b488596345d077ccbb77,0.015,0.931,0.053,0.5094,2025-05-08
2025-05-07 20:35:50,"Disney Stock Soars On Results, Disney+ Growth, New Abu Dhabi Theme Park",Yahoo,https://finnhub.io/api/news?id=f422734ac75f7547cad575f0519b0a2609852924250559956c0b66648a7be254,0.0,0.827,0.173,0.6908,2025-05-08
2025-05-07 20:23:30,"Disney lifts profit outlook after delivering solid parks, streaming results",Yahoo,https://finnhub.io/api/news?id=21ef6f2c2a00e03cbc953fa6aea0865481a3b02a7ee29522c4e268cb23aefa1e,0.0,0.824,0.176,0.5423,2025-05-08
2025-05-07 20:22:53,NEW YORK MARKET CLOSE: Shares rise on US-China talks; Fed holds rates,Fintel,https://finnhub.io/api/news?id=16a51bba8910437da53ee9cf194d71a4e46ee95ac26d1b2611514a9f71b19c17,0.0,0.833,0.167,0.296,2025-05-08
2025-05-07 20:05:23,"Stock market today: Dow, S&P 500, Nasdaq rise as Fed holds rates steady, Powell sticks to 'wait and see'",Yahoo,https://finnhub.io/api/news?id=9789a012849a214d8220db02bbed5371aa50ebb90965e8678569f770a2a13c4a,0.059,0.941,0.0,-0.296,2025-05-08
2025-05-07 18:49:02,Is The Walt Disney Company (DIS) the Best Dow Stock?,Yahoo,https://finnhub.io/api/news?id=437bfcce3fa07fea9152ec5de685483b78d1aad937a01e272040e9b4ddf90e2b,0.052,0.777,0.171,0.8519,2025-05-08
2025-05-07 18:46:00,Disney Stock Soars After Earnings. Why It’s All About Abu Dhabi and Theme Parks.,Yahoo,https://finnhub.io/api/news?id=f80a913500d025ece7710d30a17217d987be81f6e392280d92d81bce175f4f48,0.0,1.0,0.0,0.0,2025-05-08
2025-05-07 18:00:55,Sector Update: Consumer Stocks Higher in Afternoon Trading,Yahoo,https://finnhub.io/api/news?id=e830aa8e3aba2e9ec0dd10255032769cc3b6e11fdfa44c50f1329413399f1018,0.0,1.0,0.0,0.0,2025-05-08
2025-05-07 17:58:06,Communications Services Down After Fed Statement -- Communications Services Roundup,Finnhub,https://finnhub.io/api/news?id=380dbafca7f83518763acb3a23326f7e2e3ca1ff9fdf9fb3c6981dc0f2e53cc8,0.06,0.875,0.065,0.0516,2025-05-08
2025-05-07 17:49:29,Why Is Disney (DIS) Stock Rocketing Higher Today,Yahoo,https://finnhub.io/api/news?id=878777469b1aede86432fd04f5e9443bd207546d65a18ad0fe68a29f8ffcbe80,0.035,0.818,0.147,0.8532,2025-05-08
2025-05-07 17:48:55,Equities Mostly Higher Ahead of Fed Decision; Disney Jumps,Yahoo,https://finnhub.io/api/news?id=67205b5eb95631aa97c3e556e036883925ce3b170cc72ee5c8ab8c2c22f0a5bc,0.0,1.0,0.0,0.0,2025-05-08
2025-05-07 17:45:32,"Walt Disney (NYSE:DIS) Reports Strong Q2 Earnings With US$3,275 Million Net Income Turnaround",Yahoo,https://finnhub.io/api/news?id=c2c88ae8ecc5a9252970a3d84e2a13718ed41b63a339be4a26a8d672e1bc2865,0.0,0.744,0.256,0.9756,2025-05-08
2025-05-07 17:34:26,Disney's Bold Abu Dhabi Park Gamble -- But Can It Handle Its Huge Debt Pile?,Yahoo,https://finnhub.io/api/news?id=ccc9e9988734e898b38a597402fb1b30e34584d76dcc5bc15f1eedc89f44a56f,0.233,0.526,0.241,0.09,2025-05-08
2025-05-07 17:25:00,"Wall Street Lunch: Fed Holds Rates, In No Hurry To Cut",SeekingAlpha,https://finnhub.io/api/news?id=eadb27b2acfd831279857b041f641992154c16d20eecc421c6bd1455da85bf3c,0.268,0.684,0.049,-0.8807,2025-05-08
2025-05-07 16:00:02,Disney’s Tariff Resilience Is a Surprise — Heard on the Street,Yahoo,https://finnhub.io/api/news?id=837695358e97991634c84ba3f38bb552d4af9b3b1ae631e0c61ff7e7e2ff7d23,0.031,0.794,0.175,0.8555,2025-05-08
2025-05-07 15:54:33,Walt Disney Shares Climb After Blowing Past Earnings and Subscriber Targets,Yahoo,https://finnhub.io/api/news?id=011c240b60cc0cc5c127bdb098ff26ea0fdff89c6bcde070dd05a8514293c946,0.0,0.794,0.206,0.5267,2025-05-07
2025-05-07 15:51:00,"Disney Q2 Earnings Surpass Estimates, Revenues Increase Y/Y",Yahoo,https://finnhub.io/api/news?id=874fb6ffa086c9ac09d8ea691f5c59aca7195a997f9d33893f88a50ff5ad3730,0.0,0.7,0.3,0.7717,2025-05-07
2025-05-07 15:37:00,"Disney Q2: Abu Dhabi, Subscriber Growth, And A May Blockbuster",SeekingAlpha,https://finnhub.io/api/news?id=d3aa87228a8cff87849b20340a0aa05eff70e564ff04bc2c61e8a39ed57eabe4,0.0,0.73,0.27,0.8779,2025-05-07
2025-05-07 14:58:00,"Dow up 350 points on gains in Walt Disney, Honeywell shares",MarketWatch,https://finnhub.io/api/news?id=ee0a93b7dbd5e528027e36813a1f53b04188926074b3064774b8dbd9721405aa,0.0,0.662,0.338,0.802,2025-05-07
2025-05-07 12:11:00,"These Stocks Are Moving the Most Today: Alphabet, Super Micro, Marvell, Disney, Uber, Arista, Sarepta, Charles River, and More",MarketWatch,https://finnhub.io/api/news?id=b822fde992068df5d25aa2cfe930bb97f60a6b479afa196cbaf72baabeb49ad1,0.0,0.812,0.188,0.8529,2025-05-07
2025-05-07 13:57:00,"Dow rallies nearly 200 points on gains in Walt Disney, Honeywell shares",MarketWatch,https://finnhub.io/api/news?id=040293936fff13f6e5c8a103e0f96efba84ecda18a0b31433675fdb23407f543,0.0,0.685,0.315,0.802,2025-05-07
2025-05-07 13:33:11,WALT DISNEY COMPANY (THE) : DZ Bank remains its Buy rating,Finnhub,https://finnhub.io/api/news?id=bba0d440a9df9bcded4f0448e1eb9d2a84b989022a80e140e460bddcb1289ee4,0.0,0.878,0.122,0.5574,2025-05-07
2025-05-07 12:56:00,"Walt Disney, Honeywell share gains contribute to Dow's 362-point climb",MarketWatch,https://finnhub.io/api/news?id=0ad1882b8df45bb943de75d7951e7046be281d14d49b7188a894326ba3d58c0f,0.0,0.635,0.365,0.802,2025-05-07
2025-05-07 12:49:39,"Wall Street Mixed Ahead Of Fed Meeting, Alphabet Sinks: What's Driving Markets Wednesday?",Benzinga,https://finnhub.io/api/news?id=dc7e91e6991400faed6b471c0a6fb491ddcf0e521fa81ae76b0abc4877da2d16,0.032,0.968,0.0,-0.1027,2025-05-07
2025-05-07 11:55:00,"Walt Disney, Honeywell share gains lead Dow's 229-point jump",MarketWatch,https://finnhub.io/api/news?id=7906426674410f9f6f8829909f5b11308e4716d94b4fd5b10a9172f74ee09756,0.0,0.603,0.397,0.802,2025-05-07
2025-05-07 11:22:30,Disney shares rise as half-year profit more than doubles,Fintel,https://finnhub.io/api/news?id=be777236c3012fc4a4ef44c9360a5733c4bae74ddee4066ee229dd567c2c6496,0.0,0.579,0.421,0.6249,2025-05-07
2025-05-07 11:00:12,Consumer discretionary and communication services stocks are lifting the S&P 500,MarketWatch,https://finnhub.io/api/news?id=94a67fe985532d93b7dc921ad5cf77373ced21475fb348430a541b8f488f8db3,0.0,1.0,0.0,0.0,2025-05-07
2025-05-07 10:54:51,A channel of good news for Disney,Finnhub,https://finnhub.io/api/news?id=f3dfa7098c47328684dd2a0ca2c7253152ea90e9fbc1041a6db7b7d3fada4720,0.051,0.762,0.187,0.7096,2025-05-07
2025-05-07 10:54:00,"Walt Disney, Nike share gains lead Dow's 119-point jump",MarketWatch,https://finnhub.io/api/news?id=cd56656be1ed2f038d9dce6495df172909d1c8810fb19ec68e0a41959275d9be,0.0,0.603,0.397,0.802,2025-05-07
2025-05-07 10:42:24,The Walt Disney Company (DIS) Q2 2025 Earnings Call Transcript,SeekingAlpha,https://finnhub.io/api/news?id=52ea8dfc895c76b7bc8557dd8f31e80dccd570c3e4541df341fd3ded72729a9b,0.0,0.955,0.045,0.128,2025-05-07
2025-05-07 10:10:28,"Rockwell Automation Posts Better-Than-Expected Earnings, Joins Oscar Health, Charles River Laboratories, Walt Disney, Voya Financial And Other Big Stocks Moving Higher On Wednesday",Benzinga,https://finnhub.io/api/news?id=e606ab4bdad1e4bf701834aeb6c34c6310d068c3f8c59b4e699feab12a180e17,0.0,1.0,0.0,0.0,2025-05-07
2025-05-07 09:47:40,Dow Surges 150 Points; Disney Posts Upbeat Q2 Results,Benzinga,https://finnhub.io/api/news?id=265b0a73935c803a9a6d02e2ab95de45e1bc7fcc0b2792b6e60c3ee604182c0e,0.0,1.0,0.0,0.0,2025-05-07
2025-05-07 09:45:00,"Walt Disney, Honeywell share gains lead Dow's 234-point jump",MarketWatch,https://finnhub.io/api/news?id=c2c99c34aa611e0624e222e413bd057fb500e922cf13fdeeab89f72571a7a260,0.0,0.603,0.397,0.802,2025-05-07
2025-05-07 09:40:08,Wall Street opens higher as China shores up its economy ahead of trade talks with the US,Finnhub,https://finnhub.io/api/news?id=bc9605f726797cf76d68d5b73baed7bc137309f90e01db14e34bd1d218c30617,0.0,0.967,0.033,0.2023,2025-05-07
2025-05-07 09:38:00,Disney Plans New Theme Park in Abu Dhabi,DowJones,https://finnhub.io/api/news?id=6a7d8b88cb08e025a42a6a96e21f7b5af7eafe0228a1648959a1e2e61660f058,0.0,1.0,0.0,0.0,2025-05-07
2025-05-07 09:36:35,"Disney earnings soar on resilient streaming, US parks revenue",Finnhub,https://finnhub.io/api/news?id=e159481256d6cdb1bd050ef9e1decb54bc8040e529f48cebaa230bf98a3dc64d,0.0,0.932,0.068,0.34,2025-05-07
2025-05-07 09:36:00,Walt Disney announces plans for Middle East theme park but sees uncertainty ahead,MarketWatch,https://finnhub.io/api/news?id=7ed6ac5ed6fef90c740ab06aa3fb97a34623d598cdbeeedcaa19fcfbcc8be284,0.205,0.795,0.0,-0.7351,2025-05-07
2025-05-07 09:15:08,Disney Earnings Q2 2025: CEO Bob Iger Remarks on Company’s ‘Excellent Fi…Disney Earnings Q2 2025,Finnhub,https://finnhub.io/api/news?id=daa583ff564f7046812fdc6a005721a8b523282d3ebd500c783e4bec2d5314e0,0.0,1.0,0.0,0.0,2025-05-07
2025-05-07 09:12:10,"Disney Beats Estimates, Boosts Profit Forecast on Parks, Streaming",Finnhub,https://finnhub.io/api/news?id=6022a3401c44a363db673fdbc8569e65923b1fa324ea3fbfc4ef389f853b3177,0.0,0.822,0.178,0.7783,2025-05-07
2025-05-07 08:21:20,Disney Tariffs Announced With Respect To And By Certain U.S. Trading Partners Currently Expected To Have A Modest Impact On Results In Near Term,Finnhub,https://finnhub.io/api/news?id=724652d34b3c581b84a763d6b08c475336e9a4030b2e794690abbb21831c3cf9,0.0,0.839,0.161,0.8415,2025-05-07
2025-05-07 08:14:04,"The Walt Disney Company and Miral Announce Plans for Disney Theme Park and Resort on Yas Island, Abu Dhabi",Finnhub,https://finnhub.io/api/news?id=0426a598f9ddd6571aa64bbb8e36936c337326c7145a7774425c7c2bde734f9a,0.0,0.837,0.163,0.7184,2025-05-07
2025-05-07 08:02:11,"Disney, Miral announce plans for new Disney theme park in Abu Dhabi",Finnhub,https://finnhub.io/api/news?id=f3b8d32f4c93122c72de920bdb59505cb03c5f433921edb7c3703aaff746a791,0.0,0.933,0.067,0.4215,2025-05-07
2025-05-07 07:33:14,US stock futures up on China trade de-escalation hopes; Fed decision awaited,Finnhub,https://finnhub.io/api/news?id=617c72e44ca76f80b774d977df7c4dc508de9e008b60e28d2ee3ae7d3285aa38,0.103,0.716,0.181,0.6908,2025-05-07
2025-05-07 07:30:00,"S&P 500 Futures Rise in Premarket Trading; Sarepta Therapeutics, OneStream Lag",MarketWatch,https://finnhub.io/api/news?id=bb0566056341a596744eef55f290b1830842d126d001fc76010e3cbd2f35116d,0.194,0.806,0.0,-0.5859,2025-05-07
2025-05-07 07:28:32,"Disney beats earnings forecasts on boost from streaming, US parks",Finnhub,https://finnhub.io/api/news?id=c9730dce1d9b44cd48a43de3d48ddd3b268779d3452fcae9d2f80a42f522e043,0.0,0.885,0.115,0.5859,2025-05-07
2025-05-07 07:13:34,Walt Disney : Reports Second Quarter Earnings for Fiscal 2025,Finnhub,https://finnhub.io/api/news?id=4b08849085c576893c7fb6b1076effb46373a6e2430828050d088ea1ad803670,0.0,1.0,0.0,0.0,2025-05-07
2025-05-07 07:03:30,Disney: Fiscal Q2 Earnings Snapshot,Finnhub,https://finnhub.io/api/news?id=750bef050a8cea6b909c3b9ca978778c5e32f4af9e6bed98de2e7fd81328ada8,0.0,1.0,0.0,0.0,2025-05-07
2025-05-07 06:57:10,US parks and streaming propel Disney earnings above forecasts,Finnhub,https://finnhub.io/api/news?id=96354578022e3cacefa7e109322478316926a8c054a5114f150f9764f15f73bc,0.0,0.946,0.054,0.2732,2025-05-07
2025-05-07 06:51:03,The Walt Disney Company Reports Second Quarter and Six Months Earnings for Fiscal 2025,Finnhub,https://finnhub.io/api/news?id=18758d8ae17e464939cb23ff9b355f3cc4e5b3e70cb318d028bc8f3716f00299,0.0,0.952,0.048,0.2732,2025-05-07
2025-05-07 06:50:00,"The Walt Disney Company Reports Earnings Results for the Second Quarter and Six Months Ended March 29, 2025",Finnhub,https://finnhub.io/api/news?id=18c05aa9ffd69a0bbe25276228ef8f02619fe2df43a88bc00701301aa43d44ab,0.0,1.0,0.0,0.0,2025-05-07
2025-05-07 06:16:39,"US Stocks Likely To Open Higher Ahead Of Fed's Verdict On Interest Rates: 'A Short Bout Of Stagflation Is Likely,' Says Expert",Benzinga,https://finnhub.io/api/news?id=ce9730d47e0afbe804068f79649af194ba00cd3199fbcbc0c97b1cc525267ada,0.0,0.901,0.099,0.5574,2025-05-07
2025-05-07 05:05:01,"Uber, Disney, Arm and AppLovin among big raft of earnings",MarketWatch,https://finnhub.io/api/news?id=b4837c26f6f53bcb1557f8542623f9b8ef0277db82caa6d7b856408deb7de9eb,0.0,1.0,0.0,0.0,2025-05-07
2025-05-07 04:33:08,"Earnings Scheduled For May 7, 2025",Benzinga,https://finnhub.io/api/news?id=8b06ffa8fa1ed41061e8f92ec2dd71fbc354a7c40744a6149f9f92ac8a3e9935,0.0,1.0,0.0,0.0,2025-05-07
2025-05-07 03:28:22,"Walt Disney, Uber Technologies And 3 Stocks To Watch Heading Into Wednesday",Benzinga,https://finnhub.io/api/news?id=4ed82686872265dcc89370675757a70d0ab0b92be046f482fbd330eec098d9f9,0.0,1.0,0.0,0.0,2025-05-07
2025-05-07 02:28:00,Fidelity Select Communication Services Portfolio Q1 2025 Review,SeekingAlpha,https://finnhub.io/api/news?id=f0027776e4229d721a9e3ad664198e877e55dd6745529b258e24c3747d38129d,0.0,0.905,0.095,0.296,2025-05-07
2025-05-06 20:25:51,Disney Q2 earnings preview: Top themes to watch,Yahoo,https://finnhub.io/api/news?id=6d3763e4d4b67a7294fbbf816400d045f4d1d112f323e98c38a055a70a37e706,0.042,0.931,0.028,0.0314,2025-05-07
2025-05-06 19:29:28,"Disney earnings preview: Investors eye park updates as macro uncertainties, rising competition cloud outlook",Yahoo,https://finnhub.io/api/news?id=7a280e344dbdeb135d87d2b28e360f6c8ed6a190644a97a2a2d931aeff94285a,0.082,0.918,0.0,-0.34,2025-05-07
2025-05-06 17:55:00,Big Tech Lets Investors Know What's Going On,Yahoo,https://finnhub.io/api/news?id=7bb3200381ab3c3e855f2172c274587b8f5e11aa14d511f71e858058c98ab6fd,0.055,0.883,0.062,0.1027,2025-05-07
2025-05-06 16:16:50,"Disney Stock: Q1 Results Due, Is Disney A Winner Or Loser Under Trump's Film-Tariff Plan?",DowJones,https://finnhub.io/api/news?id=70dd5b8a8744b31de38ff44086d7fc6fc6cb9c0bf9ed286826ab1b50b175c42c,0.167,0.638,0.195,0.2869,2025-05-07
2025-05-06 15:10:39,Morgan Stanley says tariff on movies could reduce companies’ earnings power,Yahoo,https://finnhub.io/api/news?id=ddd8a8dd991f8959f21822f34d052bfe2d01276f0c520da33895bb865ce2883b,0.021,0.955,0.023,0.0516,2025-05-06
2025-05-06 15:10:18,"Tariffs on films may end up hurting industry, says Barclays",Yahoo,https://finnhub.io/api/news?id=8d1209290d436f6555f5a8e5c37f21d539acc559ceb3cfe0e6042bda7106677c,0.112,0.859,0.029,-0.8007,2025-05-06
2025-05-06 14:20:58,Movie studio stocks slide after Trump proposes new foreign film tariff,Yahoo,https://finnhub.io/api/news?id=674d12282888edac0b134ef66c0ab4b8b31690d8265d19ea30284e1ee3f3e0d5,0.022,0.919,0.059,0.5574,2025-05-06
2025-05-06 14:15:00,Disney Stock Has a Lot to Prove This Week,Yahoo,https://finnhub.io/api/news?id=88135582ae92cd5c059c18b067c53a1929c4af0eb47989305fc260de9d659470,0.081,0.849,0.069,-0.0772,2025-05-06
2025-05-06 11:19:00,Disney Stock Is Struggling. Why Theme-Park Earnings Will Be Key for Any Rebound.,Yahoo,https://finnhub.io/api/news?id=ee8fd874e1ef3f5acad368591f4b153d16da1589723cd60dd320b1017163f520,0.168,0.779,0.054,-0.5719,2025-05-06
2025-05-06 09:28:00,Wall Street Sits Out The Sequel,SeekingAlpha,https://finnhub.io/api/news?id=3381cbe00a68adca62d4623e6977361d4241e87095f64f22e260f650ad7af3f7,0.0,0.906,0.094,0.4404,2025-05-06
2025-05-06 07:05:14,Disney (DIS) Q1 Earnings: What To Expect,Yahoo,https://finnhub.io/api/news?id=07e9bf8fc7ef3effd3d3e12b6c5b313dec9c9fe2c6bdaa2bccf05b3deb7be6b9,0.0,0.903,0.097,0.4215,2025-05-06
2025-05-05 23:16:00,Disney Earnings: A Closer Look,Yahoo,https://finnhub.io/api/news?id=5d5070ec186bb55192c134e5f26a8d1c2e6aab9786d34a03fd2da595eee99714,0.0,1.0,0.0,0.0,2025-05-06
2025-05-05 20:35:38,Trump floats declaring natl. emergency to save US film industry,Yahoo,https://finnhub.io/api/news?id=5e301614048c8c6f76283211d6efe839c30b2295dc78a8bc1d5e8d3b0275fdf1,0.088,0.815,0.097,0.2551,2025-05-06
2025-05-05 16:01:54,"Netflix, Warner Bros. stocks slide as Trump threatens 100% tariff on foreign-made films",Yahoo,https://finnhub.io/api/news?id=a7bef8f20580ab0a76acdd2d11d3f64ebd8fce6c378094b4254e624110ea71bd,0.082,0.918,0.0,-0.3818,2025-05-06
2025-05-05 19:44:09,"For Netflix, the Mere Threat of Tariffs is Bad Enough",Yahoo,https://finnhub.io/api/news?id=fef3b631b133105036fdb6eeba0a4f6b5cbdfe44a7504b6f643d2656fe464fde,0.091,0.844,0.066,-0.5267,2025-05-06
2025-05-05 18:38:51,Disney Q2 Earnings Preview: Growth Opportunity Or Growth Trap?,SeekingAlpha,https://finnhub.io/api/news?id=a1e028c751c114ccda215c381021fe9dca6b4eea13e6ee7e23d0acc21f385cd8,0.051,0.773,0.177,0.6908,2025-05-06
2025-05-05 18:03:48,"'Trump Ambassador Jon Voight Unveils His Plan to ""Make Hollywood Great Again""'- The Hollywood Reporter",Benzinga,https://finnhub.io/api/news?id=33e554436886be402474f1f510f2bc5bd92710307db1abbd91585022925adce1,0.0,0.785,0.215,0.6249,2025-05-06
2025-05-05 17:28:00,Movie-Tariff Plan Rattles Media Stocks. The Fine Print Will Be Critical.,MarketWatch,https://finnhub.io/api/news?id=e37a084bed58c18f626ed3b656e388f0d9c8c05a4d9adc7ab0450ce3190267f7,0.176,0.687,0.137,-0.25,2025-05-06
2025-05-05 17:19:00,"Netflix, Disney, and Warner Bros. stock prices fall after Trump threatens tariffs on foreign-made movies",Yahoo,https://finnhub.io/api/news?id=4667e37ee94c0518c8605fc21a708d5fb63f8435ac55ba07e7ff28846fd8de97,0.066,0.934,0.0,-0.3818,2025-05-06
2025-05-05 16:59:31,"Media, Streaming Stocks Fall as Trump Proposes 100% Tariffs on Foreign-Made Movies",Yahoo,https://finnhub.io/api/news?id=1c0a212b96ca60d76c64cad11c4038fd782d4d33797ddd72fcbaf45bf3b5e17e,0.0,0.922,0.078,0.296,2025-05-06
2025-05-05 16:57:47,"FuboTV's Margin Gains, NFL Bundle Plan Keep Analyst Bullish Despite Subscriber Dip",Benzinga,https://finnhub.io/api/news?id=c5d7006c7e831fdc7a774ebabd3ad4ecbbd2c6ffe07598401be5f7fa7d4a9c19,0.041,0.822,0.137,0.5423,2025-05-06
2025-05-05 16:45:46,Watch These Disney Stock Price Levels Ahead of Entertainment Giant's Earnings Report,Yahoo,https://finnhub.io/api/news?id=c29ceaa1f3a47814cf5941a267e722342c08e4ea3c49f68967844a93a6c1e854,0.0,0.8,0.2,0.8591,2025-05-06
2025-05-05 16:16:50,Trump Threat To Tax Foreign-Made Movies Hits Netflix; How Would It Work?,Yahoo,https://finnhub.io/api/news?id=ddd6bd26fdca3818c6d2d89652d6dac49f36a1a00d414938883d590b47113815,0.306,0.694,0.0,-0.8625,2025-05-06
2025-05-05 15:56:00,Trump's 100% film tariff: What this means for the movie industry,Yahoo,https://finnhub.io/api/news?id=0fbf523e92c30bbcdd596ea18ca99fc46cc3932e482c7bf27447bb9a614331f9,0.046,0.857,0.098,0.6666,2025-05-05
2025-05-05 15:16:34,Preventing Hollywood's 'very fast death' could become Trump's 9th national emergency,Yahoo,https://finnhub.io/api/news?id=b4e511483491b133de68c389cc37aac9d959d45feb4555c47230fa250ba4c5b4,0.186,0.814,0.0,-0.8583,2025-05-05
2025-05-05 15:16:06,"Film tariffs, On Semiconductor earnings, Skechers to go private",Yahoo,https://finnhub.io/api/news?id=6d7319e73c098592ea68b61cce8fbf0755391569f98fdb0455930f11d750fe63,0.022,0.865,0.113,0.8009,2025-05-05
2025-05-05 14:39:55,How tariffs on foreign-made films would affect Disney,Yahoo,https://finnhub.io/api/news?id=b9e283febfda5cf8c03ccab6235b8df65f4a90f8607a1d7f2ee5f1ff6400f191,0.0,1.0,0.0,0.0,2025-05-05
2025-05-05 14:39:52,"Netflix, Disney stocks slide as Trump threatens 100% tariff on foreign-made films",Yahoo,https://finnhub.io/api/news?id=ca168790a6b1c8adb7b37545b0257e7bf53b8b01dfbf6f7a03a559bc0d7ae1aa,0.085,0.915,0.0,-0.3818,2025-05-05
2025-05-05 14:37:07,Stocks Halt Rally Amid Lingering Trade-War Risks: Markets Wrap,Yahoo,https://finnhub.io/api/news?id=04be182811bd300db0dccd2ef9d02f1ce0f89ff262072857c234ae821325cd4f,0.134,0.837,0.029,-0.8479,2025-05-05
2025-05-05 14:22:00,Is Starbucks Serving Up Promise or Peril?,Yahoo,https://finnhub.io/api/news?id=bd042cafa306a6ab3f3515c6b8f0ad3d5d45f2d0787c128ffc79abd106e70b2a,0.058,0.726,0.216,0.7184,2025-05-05
2025-05-05 13:46:36,"Netflix, Other Movie Stocks Fall After Trump Threatens Tariffs on Foreign-Made Films",Yahoo,https://finnhub.io/api/news?id=006384c95c1a8b9319cedc662a5b68217936cfb706b37acaa200d37506df418b,0.072,0.853,0.075,0.0516,2025-05-05
2025-05-05 13:42:19,"Movie tariffs, Tyson Foods, United Airlines: Trending Tickers",Yahoo,https://finnhub.io/api/news?id=f06ecfc5e7d8284a3cc95b2ce97410f554324e5a01aae81fe6f83d681af7ef2e,0.076,0.835,0.09,0.3818,2025-05-05
2025-05-05 13:11:32,"Trump Wants 'Movies Made In America Again': Here's What Tariffs On Films Could Mean For Disney, Netflix Stock",Benzinga,https://finnhub.io/api/news?id=031a40a8322f8f8c6a8fef966433045ece6496d21af253004d0199cbe8e74aeb,0.067,0.933,0.0,-0.3818,2025-05-05
2025-05-05 12:54:00,Wall Street Lunch: Tariffs For Tinseltown,SeekingAlpha,https://finnhub.io/api/news?id=bb37805a5cd88800e2aa731ec70ef592d368551f252712738d30de8746017230,0.0,0.889,0.111,0.3612,2025-05-05
2025-05-05 11:40:52,"Netflix, Media Stocks Drop After Trump Orders Tariffs on Foreign-Made Films",Yahoo,https://finnhub.io/api/news?id=6d25a8880d8a125742505822efb5d746da16d50b65d4a58cbaa994493e49336c,0.052,0.893,0.055,0.0258,2025-05-05
2025-05-05 11:33:07,"'White House Says ""No Final Decisions"" Have Been Made on Movie Tariffs, Still ""Exploring All Options""'- Hollywood Reporter",Benzinga,https://finnhub.io/api/news?id=94c87ac8c6ff8e6438bf3c8f7c1191a638aca0d33f547c9771ab79704dd126b7,0.0,1.0,0.0,0.0,2025-05-05
2025-05-05 11:23:01,5 Things to Know Before the Stock Market Opens Monday,Yahoo,https://finnhub.io/api/news?id=ab3aba9b5817cfc2c0acb9936401be1bf3204ec9093029b5c08b48e90b5a052c,0.0,1.0,0.0,0.0,2025-05-05
2025-05-05 11:02:00,"Disney's Q2 Earnings Coming Up: Time to Buy, Sell or Hold the Stock?",Yahoo,https://finnhub.io/api/news?id=e5becf7e34e36f2cd4b5d093bb4a0392bd58b23b941edfc13a286a4a6a6ec93b,0.0,1.0,0.0,0.0,2025-05-05
2025-05-05 10:49:00,Buffett Bows Out at a Period of Peak Uncertainty for Markets,Yahoo,https://finnhub.io/api/news?id=6d56481513bd2da531ff7d538d8835e6a0ca2e95a6cbafe7f72b791637858896,0.13,0.87,0.0,-0.5423,2025-05-05
2025-05-05 09:45:00,"Dow's 175-point drop led by losses for shares of Chevron, Apple",MarketWatch,https://finnhub.io/api/news?id=7c6587893e1c42f7dccd58999392ceae863d063f4f7506e8567bb3602b838e80,0.32,0.533,0.147,-0.6369,2025-05-05
2025-05-05 09:13:00,"Tariff News: A Trade Deal May Come This Week, Report Says",MarketWatch,https://finnhub.io/api/news?id=c77c25e5c0e6514ee098f41f1aa2cfb88a919554d3b53481a4b8ea17f59c9c0f,0.0,1.0,0.0,0.0,2025-05-05
2025-05-05 08:57:40,US media stocks fall as Trump threatens 100% tariff on foreign-made films,Finnhub,https://finnhub.io/api/news?id=fb43d490120b46cff42578d432838cfad7dd027d63fbba725ee390880e23d0c1,0.061,0.939,0.0,-0.3818,2025-05-05
2025-05-05 07:36:14,Trump tariff order on movies leaves film industry flummoxed,Finnhub,https://finnhub.io/api/news?id=d4f1a38dd0dd9781fcd4fa69cd1b07a59f067d74858efc9bb35caf3831d3f7fb,0.054,0.882,0.063,0.1027,2025-05-05
2025-05-05 07:07:09,"Shares of Hollywood Studios, Streamers Fall After Trump's Film-Tariff Proposal",Finnhub,https://finnhub.io/api/news?id=0a14f2e684c6f6af930ad643968ce7ab0c41d358ce0a23b28b246e7087bc133f,0.134,0.764,0.102,-0.34,2025-05-05
2025-05-05 05:52:10,US stock futures fall after Trump's new tariffs at start of Fed-decision week,Finnhub,https://finnhub.io/api/news?id=1072dae8c9e78ef354b73045cb3dd59714c8521b6f6edb16771eb15d628d2ff7,0.114,0.886,0.0,-0.6124,2025-05-05
2025-05-05 02:42:02,"Palantir, AMD, Disney top the week's earnings",Yahoo,https://finnhub.io/api/news?id=3c7461fdf175d0cb42e55258be0d668f953417a23efab675bce064e492737b10,0.0,0.899,0.101,0.2023,2025-05-05
2025-05-05 00:09:08,Trump orders 100% tariff on foreign-made movies to save 'dying' Hollywood,Finnhub,https://finnhub.io/api/news?id=562d3e9ce5cfbc9cdfe94746e08f24c8d7d3af8f6e9cc2d3cdf3a028a64e65ad,0.09,0.793,0.118,0.0828,2025-05-05
2025-05-20 21:00:00,Why Disney’s ‘Lilo & Stitch’ Is Set to Beat ‘Mission: Impossible’ at the Box Office,DowJones,https://finnhub.io/api/news?id=d804ad70d7e7a930ef98433d9967946f9500abec77e8a44b5e24797fad4f8a05,0.0,1.0,0.0,0.0,2025-05-21
2025-05-20 13:01:37,"CNBC Halftime Report Final Trades: 3M Company, Stifel Financial, The Walt Disney Company, Truist Financial",Benzinga,https://finnhub.io/api/news?id=4c9e2999df520b29ed306016816d2c6228d4a730944ff0f24f914f9ff44b4c87,0.0,1.0,0.0,0.0,2025-05-20
2025-05-20 13:00:00,Buy 3 Wide Moat Stocks With Double-Digit Near-Term Upside Potential,Yahoo,https://finnhub.io/api/news?id=fec77c22380bd244a356b44f86bf5723038e3432268bfc65601a8814eb95290b,0.0,0.864,0.136,0.5106,2025-05-20
2025-05-20 10:01:00,Disney and Formula 1® Unveil Collaboration with Disney's Mickey & Friends Launching in 2026,Yahoo,https://finnhub.io/api/news?id=9f2a6762ac98e056f742306bd793c86613b1aabcdbbf90cd938099824be73e75,0.0,0.827,0.173,0.5859,2025-05-20
2025-05-20 04:39:06,3 Mega-Cap Stocks with Mounting Challenges,Yahoo,https://finnhub.io/api/news?id=9c045496dffb701e0c74997d9b9e82c5cbbad52d471b2527dec3cabf6d772f99,0.107,0.785,0.108,-0.233,2025-05-20
2025-05-20 00:24:11,"New Japan theme park aims to tap tourism boom, become springboard to Asian markets",Finnhub,https://finnhub.io/api/news?id=a3e6a5fd9719bb5c0fd8dfc045db8894c91698aa038cf863ec66f55cb572b6a6,0.0,0.907,0.093,0.5574,2025-05-20
2025-05-19 20:11:28,"Walt Disney : Disney and Formula 1® Announce Collaboration with Disney’s Mickey …Disney and Formula 1® Announce Collaboration with Disney’s Mickey & Friends, Launching in 2026",Finnhub,https://finnhub.io/api/news?id=b00444f1ceecf63c8232447fb05f8137a89f75a6773554418f38fbfc757b04cb,0.0,0.809,0.191,0.9184,2025-05-20
2025-05-19 15:10:00,Why These 4 Women-Run Companies Deserve a Spot in Your Portfolio?,Yahoo,https://finnhub.io/api/news?id=08726826c1e5b78c8eb83aaab65430660ea48a900c69f1b5ae46809f3e66f8b2,0.0,1.0,0.0,0.0,2025-05-19
2025-05-19 08:53:54,Disney: Bull Case (Parks & IP) Vs. Bear Case (Price Action),SeekingAlpha,https://finnhub.io/api/news?id=01f71e86a3d62b18990ea0a24ea5923a0bc726fac201eedf0112f2fb9d37efb5,0.034,0.696,0.27,0.8165,2025-05-19
2025-05-19 04:39:41,3 Cash-Producing Stocks in the Doghouse,Yahoo,https://finnhub.io/api/news?id=a2212a9e6c3fc0d0bfd5ac1804fa156e2fd22fe96059d29346b84c4043546940,0.148,0.664,0.188,0.4215,2025-05-19
2025-05-18 17:28:00,Warner Bros. continues hot streak as ‘Final Destination: Bloodlines’ tops box office,MarketWatch,https://finnhub.io/api/news?id=d5fe6de55c11eb47f6679ff5e7cdcbfb9e16a204997434d53718132b271512e5,0.0,0.769,0.231,0.765,2025-05-19
2025-05-18 13:25:49,Model Portfolio For Capital Appreciation: May 2025,SeekingAlpha,https://finnhub.io/api/news?id=29e68c6a874f383bf720d101b9bbdde6f819a96418934ffe8a8abff486120174,0.0,0.836,0.164,0.7096,2025-05-19
2025-05-18 10:58:13,Jim Cramer Notes The Walt Disney (DIS) “Reported a Terrific Quarter”,Yahoo,https://finnhub.io/api/news?id=4f717b173097b3fcc2b14a884973abbb487d68f4fddc885a43ed1422c7cb52b0,0.078,0.879,0.043,-0.3818,2025-05-19
2025-05-18 10:50:00,Should You Buy Disney Stock in May and Hold for 5 Years?,Yahoo,https://finnhub.io/api/news?id=d06f49265b1c9ff9e22362684ad493c0b8547fe43b061d9b70b214333b8e40e7,0.0,0.848,0.152,0.8934,2025-05-19
2025-05-18 05:59:05,Still Doubting Disney? Facts Speak,SeekingAlpha,https://finnhub.io/api/news?id=ce8abf68e4f00be71e9b72f42a9770c1aa8d0e4c81330df0ba5b13b4604e6421,0.068,0.538,0.394,0.8885,2025-05-19
2025-05-17 08:25:00,Walt Disney Just Delivered a Knockout Punch to This Already Struggling Industry,Yahoo,https://finnhub.io/api/news?id=a3e3c264899a0209b1c6ca4cd257d1a4ad25cb03af16d4c293d147bb8c3b2c4e,0.16,0.747,0.092,-0.4767,2025-05-19
2025-05-16 13:30:10,Is It Worth Investing in Disney (DIS) Based on Wall Street's Bullish Views?,Yahoo,https://finnhub.io/api/news?id=00a8e8a0da0bf076a315dbb01715799c32a67143ae3e73b191f4b36df015b34c,0.0,0.839,0.161,0.8205,2025-05-16
2025-05-16 12:07:44,Mark Cuban Bids Farewell To 'Shark Tank': How To Watch Finale And What's Next For Hit Show,Benzinga,https://finnhub.io/api/news?id=7b071c31eb9d5c4b348379f19179b25873dde9fd13a318b8243fb6f6080a035f,0.058,0.867,0.076,0.25,2025-05-16
2025-05-16 10:34:00,Old Navy launches Americana collab with Disney,Yahoo,https://finnhub.io/api/news?id=e28a1b661d825a4c39e6e35202838d1466c3f2fc6ffdeaf50822523cd9d62778,0.0,1.0,0.0,0.0,2025-05-16
2025-05-16 07:06:13,"Rocket Companies Soars 6% In Friday Premarket As Activist Investor ValueAct Reveals New Position, Calls RKT A 'Sleeping Giant' In Early Innings",Benzinga,https://finnhub.io/api/news?id=dcedeb03e4aff790168fd05ffc28ef28227bc43a187e2c27dc9e8f5bf5dac84e,0.0,0.897,0.103,0.5719,2025-05-16
2025-05-15 13:17:00,Who will pay for ESPN’s new $29.99 streaming service?,MarketWatch,https://finnhub.io/api/news?id=fbdec6db27b6fc350d4c568fe77dfaf968905761dad94267edbdfc2125bf7acc,0.165,0.835,0.0,-0.2869,2025-05-15
2025-05-15 10:44:28,Sturdy Streaming Numbers Indicate a Turnaround at Walt Disney (DIS),Yahoo,https://finnhub.io/api/news?id=0305e7b646a4e02a4cbaee164caeb3280238d10ac77d0d87c3874ed7fa3265ec,0.031,0.75,0.219,0.9465,2025-05-15
2025-05-15 10:08:00,"Zacks Industry Outlook Highlights Disney, Atlanta Braves and Madison Square Garden Entertainment",Yahoo,https://finnhub.io/api/news?id=87af8e577416012c48dce2a07cf1122b9606b8aba3dfbd69807a42f13b75d717,0.0,0.678,0.322,0.886,2025-05-15
2025-05-15 04:04:30,Jumbo takings for hit Indonesian animated film raise hopes for fledgling industry,Finnhub,https://finnhub.io/api/news?id=432e38da15c2510e8a912e0941846760272837c1c717d524914fc53adca70317,0.0,0.821,0.179,0.796,2025-05-15
2025-05-15 03:31:48,Media Stocks Q1 Highlights: News Corp (NASDAQ:NWSA),Yahoo,https://finnhub.io/api/news?id=b29868cd34f6c81b9e4929f50391eadbf653247c315ba6c3bff8461f7d11615f,0.0,0.942,0.058,0.4404,2025-05-15
2025-05-14 19:11:24,Disney parks boss Josh D'Amaro touts Mouse House bona fides as succession chatter rages,Yahoo,https://finnhub.io/api/news?id=117d44cea31c323806cd2e1082bd86d9d65d5c86c7fdc9e334aa45776ef6b96c,0.105,0.802,0.093,-0.128,2025-05-15
2025-05-14 15:51:11,"The Walt Disney Company (DIS) MoffettNathanson 2025 Media, Internet & Communications Conference Call Transcript",SeekingAlpha,https://finnhub.io/api/news?id=291e0064549ebb37e2dd36c641f88232948f1329990d2a2e56d9ba4955842dd0,0.0,1.0,0.0,0.0,2025-05-14
2025-05-14 15:20:52,"ESPN announces new direct-to-consumer offering, plans start at $11.99/month",Yahoo,https://finnhub.io/api/news?id=9d5f3ecda76b9f52906c8d9a28fb4c36a177826dc77c315a76f6303787ffd04c,0.0,0.943,0.057,0.6486,2025-05-14
2025-05-14 12:01:18,"If You Invested $10K In Walt Disney Stock 10 Years Ago, How Much Would You Have Now?",Yahoo,https://finnhub.io/api/news?id=3fa5d71b23a690cddd3499dacc7188df48f65f02688c95e5ea710a749a5b8313,0.0,0.87,0.13,0.7783,2025-05-14
2025-05-13 21:00:00,Boomerang CEOs Know ‘Where Everything’s Buried.’ So Why Are Second Acts So Hard?,DowJones,https://finnhub.io/api/news?id=e9af2f03cc6beedcfed01375de5bf2dda1ea774408c10b37dd341545b11caf10,0.146,0.854,0.0,-0.4753,2025-05-14
2025-05-13 20:13:52,Howard Levitt: Snow White and the limits of free speech in the workplace,Yahoo,https://finnhub.io/api/news?id=bd07e451d8e307852c045c33c8f2ca85583ec8de73d3813d655477beac3c366e,0.0,0.795,0.205,0.8176,2025-05-14
2025-05-13 18:34:15,New ESPN DTC Streaming Service to Cost $30 a Month,Yahoo,https://finnhub.io/api/news?id=154565a41e87f15565018276950691cdeea91f7ca95708eb14288a93e913b631,0.0,1.0,0.0,0.0,2025-05-14
2025-05-13 18:05:06,10 Advertising & Media Stocks That Could Tank If Recession Hits,Yahoo,https://finnhub.io/api/news?id=452ec6229abf13e6892e228bfdebf4b73ebdd22ca13d387cbf561fbe79d2054b,0.174,0.809,0.017,-0.8957,2025-05-14
2025-05-13 17:02:00,ESPN’s New Streaming Service Will Cost $29.99 a Month,Yahoo,https://finnhub.io/api/news?id=80395e14ca8a7f9d8fb25a325be35167bb4555f90161e8b7b71f8fc57475c536,0.0,1.0,0.0,0.0,2025-05-14
2025-05-13 16:45:06,Here is Why Growth Investors Should Buy Disney (DIS) Now,Yahoo,https://finnhub.io/api/news?id=d83c1d07ea1e5ee5016b1deac1d30a795d05936e69fd297865ebd26804959540,0.0,0.736,0.264,0.7003,2025-05-14
2025-05-13 16:22:00,Disney’s ESPN to Roll Out Unlimited Sports Streaming. Here’s What It Will Cost.,Yahoo,https://finnhub.io/api/news?id=333ed49a5d90178a4ed6067759f48c75e7fd475b24b354dcfd457fa27cee5418,0.062,0.937,0.0,-0.296,2025-05-14
2025-05-13 16:10:20,"Big Tech commits $80B, ESPN streaming, Microsoft layoffs",Yahoo,https://finnhub.io/api/news?id=71cecb1fbcbf0199f1ed7f58d840f6c834e15aaaaed17c4af165fa8b53f3ec50,0.018,0.929,0.053,0.2263,2025-05-14
2025-05-13 14:48:07,Disney's new streaming service ESPN to cost $29.99 per month,Yahoo,https://finnhub.io/api/news?id=12388c269670ec3bcbd695fa584649765f148eefb6e0ffa02246cdaa2c6c0e16,0.0,1.0,0.0,0.0,2025-05-13
2025-05-13 14:01:00,Will ESPN’s new streaming service spell the end for cable television?,MarketWatch,https://finnhub.io/api/news?id=b8d3721986723deabc67fb639428c48d40ea29a45d651e4029b4667c64faa2b3,0.0,1.0,0.0,0.0,2025-05-13
2025-05-13 13:45:08,Are You a Growth Investor? This 1 Stock Could Be the Perfect Pick,Yahoo,https://finnhub.io/api/news?id=773228936d9786c3973ae2e5d079c1ff9465bb99ad85eeab35d95c92f2e9aee6,0.0,0.755,0.245,0.8658,2025-05-13
2025-05-13 13:00:12,Here is What to Know Beyond Why The Walt Disney Company (DIS) is a Trending Stock,Yahoo,https://finnhub.io/api/news?id=4764c1026f9d6ce2ac26c3205414582e54887df0f76cdabad3fc0fb34c0c9f77,0.0,0.89,0.11,0.6486,2025-05-13
2025-05-13 12:24:00,3 Reasons Why Disney Stock May Be a Smart Buy After Q2 Earnings Beat,Yahoo,https://finnhub.io/api/news?id=5fca3944a578072e1c87331a9b390ab9e2f6cca2e4a875789978665fc9870666,0.0,0.699,0.301,0.9217,2025-05-13
2025-05-13 10:49:07,Disney's ESPN streaming service to cost $29.99 a month,Finnhub,https://finnhub.io/api/news?id=5c9b4373775038492fb3dbb5f919680ba3bb6784ede5552ab38bbe8f3443537b,0.0,1.0,0.0,0.0,2025-05-13
2025-05-13 02:10:00,A Better-Than-Expected Q1 Earnings Season Wraps Up With The Retailers,SeekingAlpha,https://finnhub.io/api/news?id=4df2a310168afecbdf14df4a79abcf89919e3e58eb684fbd11faacc47cc6ae59,0.0,1.0,0.0,0.0,2025-05-13
2025-05-28 13:40:10,Are You a Value Investor? This 1 Stock Could Be the Perfect Pick,Yahoo,https://finnhub.io/api/news?id=08f6e1e7e167b260c22b3ab7036857c976d35144a154391998a5cc5f151b1111,0.055,0.701,0.244,0.8205,2025-05-28
2025-05-28 11:18:00,Pick 5 Buyer-Focused Stocks as Consumer Confidence Rebounds in May,Yahoo,https://finnhub.io/api/news?id=fac085cb6a1aee5e9d87f1483c4a93341446dbcd88c2e5090a283ecaab18e4d6,0.0,0.775,0.225,0.8126,2025-05-28
2025-05-28 03:51:01,Disney: Yet Another Blockbuster,SeekingAlpha,https://finnhub.io/api/news?id=78dc01689f3e2d34d0bd1306f5d9275a12c1ea60b2054022061040d12f9ae00f,0.0,0.704,0.296,0.8779,2025-05-28
2025-05-27 19:52:57,Sector Update: Consumer Stocks Higher in Late Afternoon Trading,Yahoo,https://finnhub.io/api/news?id=fe87b2a867bab33cb5e1234b67449d923fd3cef3cc9fb50df211d926b551c153,0.0,1.0,0.0,0.0,2025-05-28
2025-05-27 16:01:00,AMC Leads Movie Theater Stocks to Big Gains After a Stellar Box Office Weekend,MarketWatch,https://finnhub.io/api/news?id=1a513b2f7d626d1eede23b87f143b154afcbef03a22a59f7d869777b3b1a70c6,0.0,0.844,0.156,0.5859,2025-05-28
2025-05-27 15:48:08,AMC’s stock heads for its best month since height of the meme-stock frenzy,MarketWatch,https://finnhub.io/api/news?id=2cd5cb08ab645934b0b6ff448e96d2841f41a2abacfe759b49afefb167159249,0.131,0.629,0.24,0.7003,2025-05-27
2025-05-27 15:37:00,3 Surprising Stocks That Have More Than Doubled in 2025,Yahoo,https://finnhub.io/api/news?id=d2476a1c94f1df5dd73714b191a12c18463e5a689e1949206ebefa01109b1996,0.07,0.873,0.057,-0.1164,2025-05-27
2025-05-27 14:33:35,Disney's 'Lilo & Stitch' Drives Record Memorial Day Weekend for Domestic Box Office,Yahoo,https://finnhub.io/api/news?id=0ede892900d75b4fea710c1d1d4a9f28a917ebb6a3379302bab048e0a2e46431,0.0,1.0,0.0,0.0,2025-05-27
2025-05-27 14:31:52,"AMC Announces Record-Breaking Memorial Day Numbers, Thanks to 'Lilo & Stitch'",Yahoo,https://finnhub.io/api/news?id=711ea95da9fa40bb0cf86eb62eba5977813310b72e5814e59198a9f25f616797,0.0,0.846,0.154,0.6249,2025-05-27
2025-05-27 14:14:00,5 High ROE Stocks to Buy as Markets Tumble on Soaring Bond Yields,Yahoo,https://finnhub.io/api/news?id=64aa1980b20ede1d809ee92ccd06214eeef3f7853031aa102c14dde99b412f2b,0.074,0.926,0.0,-0.4019,2025-05-27
2025-05-27 14:01:00,"Dow's 732-point rally highlighted by gains for Nike, NVIDIA Corp. stocks",MarketWatch,https://finnhub.io/api/news?id=e824425e6c83dbf0d993048720109fcc3570a58b7c0bd3b3c06e67256f18fff7,0.0,0.806,0.194,0.5859,2025-05-27
2025-05-27 13:14:00,Which S&P 500 Move Matters?,Yahoo,https://finnhub.io/api/news?id=1ea05e49d6ee1e3702263f4c8b4ca31361467d40cca92436552dc98c858afe49,0.062,0.915,0.023,-0.4215,2025-05-27
2025-05-27 06:48:00,"There’s a New Trump Tariff Trade Set to Overshadow Nvidia Earnings, Inflation Data",MarketWatch,https://finnhub.io/api/news?id=d71c6aa21df9910bcb3c4e4ecb97a74c02f710ce153d8fd2ca0115927406e961,0.0,1.0,0.0,0.0,2025-05-27
2025-05-27 04:24:27,Lilo & Stitch and Mission Impossible propel box office to record high for Memorial Day,Finnhub,https://finnhub.io/api/news?id=c4ad717d5751701409b080245fd6a1a541b7648000d7573df612a5c67426e548,0.0,0.877,0.123,0.5994,2025-05-27
2025-05-27 00:39:34,Disney Has Underperformed Cash Over Past Decade: Trump's Isolationist Policies Won't Help,SeekingAlpha,https://finnhub.io/api/news?id=c13a87b876c1bd660f30e80b023e40e132fd48842a33775ee1f10571ecb807b4,0.109,0.802,0.089,-0.2163,2025-05-27
2025-05-26 15:01:00,‘Lilo & Stitch’ blows past ‘Mission: Impossible’ in blockbuster holiday weekend,MarketWatch,https://finnhub.io/api/news?id=78f3016228071865164c91edc172f30aa8fad49bbbdc051375baff0900bf7ef3,0.0,0.577,0.423,0.9217,2025-05-27
2025-05-26 14:01:33,Does The Walt Disney Company (DIS) Offer an Attractive Risk/Reward Potential?,Yahoo,https://finnhub.io/api/news?id=6c562dc04c1a4691a651d09523d1d191e2abbecc173d28e1cbd88aaf1df46fc1,0.0,0.925,0.075,0.6486,2025-05-27
2025-05-26 13:00:11,Investors Heavily Search The Walt Disney Company (DIS): Here is What You Need to Know,Yahoo,https://finnhub.io/api/news?id=9a5caabe681b09b0542dd2401938e2af4fb8029ebf6ae4f8bbd9b19a10c0d4e6,0.0,0.9,0.1,0.4767,2025-05-27
2025-05-26 11:55:11,"'Lilo & Stitch,' 'Mission: Impossible' boost movie box office to record",Finnhub,https://finnhub.io/api/news?id=c91543508c6ec6c18653a79a8869a20428951765887201207b2fb97802c6f621,0.0,0.891,0.109,0.6124,2025-05-27
2025-05-26 11:55:11,Disney's 'Lilo & Stitch' leads record box office over US Memorial Day weekend,Finnhub,https://finnhub.io/api/news?id=26da2c9231403289818b1bc277143bd666d6cff3489e386bb0486caecbe1d71e,0.0,0.936,0.064,0.4215,2025-05-27
2025-05-26 11:25:08,Disney's 'Lilo & Stitch' leads US Memorial Day weekend box office,Finnhub,https://finnhub.io/api/news?id=71bf24e36dc6ba6c825192c33ec25aa3f5705906ede7a05a9c2a193760c59eca,0.0,0.931,0.069,0.4215,2025-05-27
2025-05-26 08:11:00,3 Dividend Stocks to Double Up on Right Now,Yahoo,https://finnhub.io/api/news?id=d66d49cd28bd67f3d37328763cd09f097a32f7fd55bfb767167353a63e38af5e,0.053,0.947,0.0,-0.1027,2025-05-27
2025-05-26 03:34:55,Media Stocks Q1 In Review: Warner Bros. Discovery (NASDAQ:WBD) Vs Peers,Yahoo,https://finnhub.io/api/news?id=14e95687a71ab150d34e3c48641a3bd76716866e68d90c3b74911fcd5be0f443,0.0,1.0,0.0,0.0,2025-05-27
2025-05-25 15:04:00,Hollywood Notches Record Memorial Day Weekend at Box Office,MarketWatch,https://finnhub.io/api/news?id=05da0bb075515dcf3baa24d0cc897a6926bf6132bc7136cd79b78001f4b7d552,0.0,1.0,0.0,0.0,2025-05-27
2025-05-25 11:52:05,"'Lilo & Stitch,' 'Mission: Impossible' rack up nearly $500 million in ticket sales",Finnhub,https://finnhub.io/api/news?id=f6120f9cfba193f0579e7cc6443edee060ea05a9e7939fc5ad3b93cfb652e624,0.0,1.0,0.0,0.0,2025-05-27
2025-05-25 11:45:08,"'Lilo & Stitch,' 'Mission: Impossible' wrack up nearly $500 million in ticket sales",Finnhub,https://finnhub.io/api/news?id=d75f2d6c3b9d977dbd632f8cd85270ad576d6706a38db1f4f077ed55047dc13a,0.0,1.0,0.0,0.0,2025-05-27
2025-05-24 09:50:55,"Disney files suit against YouTube for poaching executive, Bloomberg reports",Yahoo,https://finnhub.io/api/news?id=73df4e8ec804fd2dde05a9b7ebc80417392cc136492426c5c9e69a81d7a0a738,0.049,0.951,0.0,-0.4767,2025-05-27
2025-05-23 15:51:00,"Salesforce, Apple share losses contribute to Dow's 261-point drop",MarketWatch,https://finnhub.io/api/news?id=622111e6fa95bf25dd23a4e4d013e45f062aee6f2c4d0a126b158f3d59328c45,0.369,0.462,0.169,-0.6369,2025-05-23
2025-05-23 13:30:04,Walt Disney (DIS) Boasts Earnings & Price Momentum: Should You Buy?,Yahoo,https://finnhub.io/api/news?id=28b753ba56abfb2abcebcbaf531c65345135dfb55eac9f56d8e7990735e3d1ac,0.065,0.827,0.108,0.3527,2025-05-23
2025-05-23 13:17:00,"Dow's 150-point fall led by losses in shares of Apple, Nike",MarketWatch,https://finnhub.io/api/news?id=6473d8398991be030fc012e25af842e68378d115c5c514e787dd261169110ed1,0.194,0.647,0.158,-0.25,2025-05-23
2025-05-23 09:45:00,"Apple, Nike share losses contribute to Dow's 385-point drop",MarketWatch,https://finnhub.io/api/news?id=65cb4001637fd6e61b0b752c7a3fc95b12deb33c83d1fac0cd975a56ab3a912e,0.369,0.462,0.169,-0.6369,2025-05-23
2025-05-23 06:34:45,Wall Street Breakfast Podcast: Banking Titans In Early Talks For Shared Stablecoin,SeekingAlpha,https://finnhub.io/api/news?id=249ac65fbe345d013aa42704ab9257570500734b2387be3fb071d29f417442ea,0.111,0.833,0.056,-0.34,2025-05-23
2025-05-23 03:31:46,Disney (NYSE:DIS): Strongest Q1 Results from the Media Group,Yahoo,https://finnhub.io/api/news?id=f552989e15c815337c7096d248017f69aa31abacae25702404426521c1d8647d,0.0,0.912,0.088,0.4404,2025-05-23
2025-05-22 23:31:45,Disney Taps Formula 1's Global Fanbase To Supercharge Brand Reach Among Young Viewers,Yahoo,https://finnhub.io/api/news?id=5f324efcfede9b9faee89edcd6ac6253dfbb2254a117ab5de0cdfb300c6caa8a,0.0,0.895,0.105,0.875,2025-05-23
2025-05-22 22:06:02,Disney seeks to stop YouTube from hiring veteran to oversee sports and media,Yahoo,https://finnhub.io/api/news?id=2d3af8e9cc89d96dd63b5f8daee2d1eb5934b0beef436d2dde74c38b98c984fd,0.121,0.838,0.041,-0.6369,2025-05-23
2025-05-22 20:20:17,Disney delays next two Marvel 'Avengers' movies,Finnhub,https://finnhub.io/api/news?id=32db081b0e82aff55b95ade1f42d71ea33505695015ba5fa10ee257049cc02e4,0.139,0.695,0.166,0.2732,2025-05-23
2025-05-22 20:10:15,Ryan Reynolds’ MNTN Shares Rise 65% After $187 Million IPO,Yahoo,https://finnhub.io/api/news?id=d0c4a8ca75d2bb49f5f7a48fd08396fb731fffb25d579663d241cfac8aa34d45,0.122,0.808,0.07,-0.802,2025-05-23
2025-05-22 19:53:35,AT&T CEO on potential Trump DEI pressure for $5.75B deal: 'We don't have to roll back anything',Yahoo,https://finnhub.io/api/news?id=990bd2b606c5f5a2cbd8a9788dc0ed792cc3e3aa6da3e588f21f2f20b79f2a2f,0.076,0.924,0.0,-0.4215,2025-05-23
2025-05-22 17:45:00,"Universal launches new Epic Universe park, a $7B expansion",Yahoo,https://finnhub.io/api/news?id=207c2da81c4d082fb7b453759b5f252011db1b2d4a50a6a9ee2576da1e178a0b,0.0,0.893,0.107,0.7902,2025-05-23
2025-05-22 16:40:16,Is Comcast's Epic Universe Ready to Take on Disney?,Yahoo,https://finnhub.io/api/news?id=d9a6f3e9948df5a3543f5d5606935a9757c01e5b10fd6d37a1e85d1c56596732,0.0,0.709,0.291,0.802,2025-05-23
2025-05-22 16:27:45,The Walt Disney Company: Why Insiders Have Been Selling Around $110,SeekingAlpha,https://finnhub.io/api/news?id=f3b45fdabbc25fc6a80664d12a56390c5fd668d9134ce714ed12fd0a2ca85121,0.0,1.0,0.0,0.0,2025-05-23
2025-05-22 15:40:07,DIS vs. PSO: Which Stock Is the Better Value Option?,Yahoo,https://finnhub.io/api/news?id=67c854ccb9ffe59e4ab49c18724a069803d471f5b1ed3c5e6e08f7ddc8471f09,0.0,0.593,0.407,0.8738,2025-05-22
2025-05-22 14:48:00,Disney vs. Warner Bros. Discovery: Which Media Titan is a Stronger Pick?,Yahoo,https://finnhub.io/api/news?id=d99ab4b48724bce583405a8fcc9465b0f20bae5d9c033a8673142b083deef0f9,0.0,0.667,0.333,0.9186,2025-05-22
2025-05-22 12:00:28,Update: Market Chatter: Walt Disney Furloughs Venezuelan Workers After Supreme Court Ruling,Yahoo,https://finnhub.io/api/news?id=0f5127dd5c257b5752239c27c452d8f6541692b7654eafb9e41175171eb406f7,0.0,0.878,0.122,0.5574,2025-05-22
2025-05-22 07:30:00,Disney: Why You Shouldn't Sleep On 'Stitch',SeekingAlpha,https://finnhub.io/api/news?id=b97630ee0e47e26828ec5c5a29afe3f3c60f8df1a072101cf75770234b941bcd,0.0,0.922,0.078,0.4019,2025-05-22
2025-05-22 07:26:17,Universal takes on Disney with its new Epic Universe park,Finnhub,https://finnhub.io/api/news?id=f74c0dc4625690ab8d401047b078b5cf9eb2298e00516967f71a3f175a4737c3,0.0,1.0,0.0,0.0,2025-05-22
2025-05-22 05:30:00,Universal’s $7 Billion Theme Park Sparks Arms Race With Disney,DowJones,https://finnhub.io/api/news?id=59ab3eac6568232b73b9fd5dc816572fd6cfad53b139a8eebd8ca11670dd3d44,0.0,1.0,0.0,0.0,2025-05-22
2025-05-21 21:41:17,Disney Suspends Venezuelan Workers on Supreme Court Ruling,Yahoo,https://finnhub.io/api/news?id=58771355ac2b607725560e58dd995eb9c14b838911ec5af059dfd9dc53785ff1,0.029,0.848,0.123,0.8225,2025-05-22
2025-05-21 16:25:31,Game On: Take-Two reports mixed Q4 earnings results,Yahoo,https://finnhub.io/api/news?id=3ce7f5a61b1f33970fbd4e147b6cfe3f3a64a21a1d9ae720ac51b98e104b1650,0.099,0.838,0.062,-0.5574,2025-05-22
2025-05-21 15:45:20,Magnite price target raised to $24 from $20 at Craig-Hallum,Yahoo,https://finnhub.io/api/news?id=fc73d5855f0dd7656fdee5dee66648771d26728572837e52c0c3eabb98cbdd8f,0.04,0.82,0.14,0.765,2025-05-21
2025-05-21 13:55:38,Commentary: Target CEO signals potential successor as retailer battles through hosts of struggles,Yahoo,https://finnhub.io/api/news?id=afa11d1c230ad61c22b3f9d4009fb2cdff600ade9358020ed4ee6edd62279570,0.142,0.806,0.053,-0.4939,2025-05-21
2025-05-21 13:08:00,"The Zacks Analyst Blog Highlights Pfizer, Coca-Cola and The Walt Disney",Yahoo,https://finnhub.io/api/news?id=0864d71f80b794effd3b7f6b6906181584a455bcf06529084efe84501b7bb5f9,0.0,0.93,0.07,0.2023,2025-05-21
2025-05-21 10:16:01,Universal’s new Epic Universe park challenges Disney in Florida,Yahoo,https://finnhub.io/api/news?id=13baa30fa2424a46f4b5d0834b7d6405f13ce01b49541db0e01ea35da148ea77,0.024,0.918,0.058,0.4588,2025-05-21
2025-05-21 09:04:00,"Flights, Gas Are Cheaper for Summer. Travel Hacks to Save Even More.",MarketWatch,https://finnhub.io/api/news?id=003d4a61e9b599fd7f7c3d104d87037972b67790f9578ee5531492368ff97538,0.0,0.775,0.225,0.7506,2025-05-21
2025-05-21 08:34:18,Loeb's Third Point Investors to become holding company with acquisition,Finnhub,https://finnhub.io/api/news?id=68d666400ba4410856e1453dc8fa61ec3d4579081b22ad00857c0f4425955e1e,0.081,0.919,0.0,-0.4404,2025-05-21
2025-05-21 08:32:35,"Disney, Stifel Financial, Truist Financial And An Industrial Stock: CNBC's 'Final Trades'",Benzinga,https://finnhub.io/api/news?id=1062dba4ebfa270367a5a42a01824ee9e0e9afdef65ddacbbac4cc2f9d1215ae,0.0,1.0,0.0,0.0,2025-05-21
2025-05-21 07:07:10,"If You Must Buy A Mag7 Company, Choose Google",SeekingAlpha,https://finnhub.io/api/news?id=ae1f10038b580aa846099f4dcd20b791008ca54823397734bc78dfb06a73a6e9,0.069,0.931,0.0,-0.1027,2025-05-21
2025-05-21 06:02:07,Universal's new Epic Universe park challenges Disney in Florida,Finnhub,https://finnhub.io/api/news?id=be771948062ae438abfcc8fe70a506ba92942b99e1f90501a7a82e7d0fc8b75e,0.059,0.907,0.035,-0.2263,2025-05-21
2025-05-21 02:01:24,Loeb's Third Point Investors Ltd to become holding company with acquisition,Finnhub,https://finnhub.io/api/news?id=c80c6c0da2a325147c3bfbbf957e8fb03639546ddbc2888b23b8533ee99ea404,0.079,0.921,0.0,-0.4404,2025-05-21
2025-05-21 01:00:00,‘Lilo & Stitch’ Transforms From Underdog to Top Disney Franchise,Yahoo,https://finnhub.io/api/news?id=9343e1f878838738425fd5fc22d7a2e5b882636eae108c48623fcbbc42172ca5,0.0,0.891,0.109,0.4215,2025-05-21
2025-05-30 15:07:12,"Dogs Of The Dow Chase June's ""Safer"" Buy -- Verizon",SeekingAlpha,https://finnhub.io/api/news?id=44d976ba7db3be633e540e5f641994b1f0a1556bead691a6bf5497cf05703d46,0.0,0.899,0.101,0.5574,2025-05-30
2025-05-30 14:00:18,Taylor Swift gains control of her music catalog,Finnhub,https://finnhub.io/api/news?id=03ea03c1aacc96cfa5f9b6a1d5cbe0dd40c7b9e0c61df76c4f400f08fb4e154b,0.06,0.795,0.146,0.4404,2025-05-30
2025-05-30 13:50:09,Why This 1 Momentum Stock Could Be a Great Addition to Your Portfolio,Yahoo,https://finnhub.io/api/news?id=160c9e2d50faf2b8af035d7abe4b40d16b6ecc4d596a575ee2e0e0d2289c121a,0.057,0.751,0.192,0.7351,2025-05-30
2025-05-30 08:16:00,Here’s what’s worth streaming in June 2025 as ‘The Bear’ and ‘Squid Game’ return,MarketWatch,https://finnhub.io/api/news?id=fdf4a8ec24d63f09445d9f1b8e1b38794904dd002ceddea1baf335a51ec40b85,0.0,0.872,0.128,0.4215,2025-05-30
2025-05-30 05:21:51,The Walt Disney Company (DIS): A Bull Case Theory,Yahoo,https://finnhub.io/api/news?id=ad945cde98c747a4cc8f7489c8a037c59543755d7f369de200bf1da2cbeeabae,0.0,0.934,0.066,0.5574,2025-05-30
2025-05-29 19:38:06,Walt Disney : 2024 SSI Report,Finnhub,https://finnhub.io/api/news?id=8197b34451e40633fdf00b4d28442819d1d2527d58a69731bc458ce302149e12,0.0,1.0,0.0,0.0,2025-05-30
2025-05-29 15:04:00,Some premium travel perks are losing their luster. Here’s which ones are still worth it.,MarketWatch,https://finnhub.io/api/news?id=842efe41950d48dbeaf4b2febc30d693745de2b9229bcd00156640b5d840b8ba,0.149,0.743,0.109,-0.34,2025-05-29
2025-05-29 13:45:07,Why Walt Disney (DIS) is a Top Growth Stock for the Long-Term,Yahoo,https://finnhub.io/api/news?id=b5ce10b8ad9a6fe67fa5f14d692f9660076e61e41f06cd422c999151ce5b12bd,0.0,0.784,0.216,0.7783,2025-05-29
2025-05-29 13:44:07,Walt Disney : Disney Launches Always-On Perks Program with Exclusive Offers Designed for …Disney Launches Always-On Perks Program with Exclusive Offers Designed for Subscribers,Finnhub,https://finnhub.io/api/news?id=82894ca7987541c80b90062ea51eb0a8053fd1afb771b7de5986fc8b47948809,0.053,0.811,0.136,0.3328,2025-05-29
2025-05-29 10:53:00,"The Zacks Analyst Blog Highlights Netflix, Disney, Charter Communications, Roku and Roblox",Yahoo,https://finnhub.io/api/news?id=22d6c0d7643de2f2debf5f8583f71936d740cb9161f70685d50c7addc7fe77b6,0.0,0.824,0.176,0.765,2025-05-29
2025-05-29 06:16:00,TCW Relative Value Large Cap Fund Q1 2025 Commentary,SeekingAlpha,https://finnhub.io/api/news?id=5c468935eeed3302bc71bba57bfa5156ce86a0236039f8631a3606ccf4ffbbaa,0.0,0.769,0.231,0.34,2025-05-29
2025-05-29 00:48:25,Disney Is Turning Into A Bull Mouse,SeekingAlpha,https://finnhub.io/api/news?id=b6d965b6726e58430c146f57b679dba53f12eb207500b833a152288cc2fa7ee9,0.0,1.0,0.0,0.0,2025-05-29
