publishedDate,title,source,url,neg,neu,pos,compound
2025-04-09 22:41:00,"Is Amazon Stock a Buy, Sell, or Hold in 2025?",Yahoo,https://finnhub.io/api/news?id=365a81d898dce2c87321de01309262a66e82aa9f0b4c2c62ba020cf66fb54b8f,0.021,0.794,0.185,0.9049
2025-04-09 22:35:31,"Exclusive-Chinese sellers on Amazon to hike prices or exit US as tariffs soar, association says",Finnhub,https://finnhub.io/api/news?id=3a65bbeaffb6f36ec991a9fa5d875a45832d2daf30fdaa381c82aa2416c7cc71,0.0,0.931,0.069,0.34
2025-04-09 22:10:00,The Stock Market Has Crashed: My Top 5 Dirt Cheap Tech Stocks to Buy Now,Yahoo,https://finnhub.io/api/news?id=199f201cee01d446b8ae8210b04f673072dc2f5cb05adda1f63411a254da70fb,0.088,0.862,0.049,-0.4882
2025-04-09 21:26:29,Jim Cramer Sees Major Supply Chain Risks for Amazon.com (AMZN) Amid China Tariff Standoff,Yahoo,https://finnhub.io/api/news?id=51286cc3768ab4d707591e56b27f9d5912f0530b8271f5bd64e2bf408d62b504,0.08,0.92,0.0,-0.5945
2025-04-09 20:50:01,Bad weather scrubs Amazon's launch of first Kuiper internet satellites,Finnhub,https://finnhub.io/api/news?id=c116720d6249b7d9c28386a3d132dc44a18a09ffe2467ee2106a6305e95982e2,0.199,0.7,0.102,-0.6486
2025-04-09 20:48:03,"Amazon Pulls Plug on Some China Orders, Footing Vendors with Tariff Bill",Yahoo,https://finnhub.io/api/news?id=2a26777ef0a3b88a83c3d8c59c35e10f221048077af6ccec0e57c1b24d74bf5f,0.0,0.886,0.114,0.409
2025-04-09 20:31:45,US stocks stage historic rally as Trump's 90-day pause takes worst case scenario 'off the table',Yahoo,https://finnhub.io/api/news?id=9992118b32f4b057af44980a3370f646f96e9678f78b6314770b6c8e41d7757c,0.175,0.825,0.0,-0.7783
2025-04-09 20:30:42,"Marjorie Taylor Greene Buys The Dip: Congresswoman Purchases Shares Of Apple, Amazon, Nike And More Following Tariff-Related Sell-Off",Yahoo,https://finnhub.io/api/news?id=20ec138190b002b073442349c05cd9342189d86cdfe1c722d2c0fa61af2362ba,0.0,0.934,0.066,0.4404
2025-04-09 20:23:09,"A $5 million Idaho company that sells on Amazon shows how China tariffs will crush ‘Main Street’ U.S. firms — while Chinese rivals, and Amazon, will be fine",Yahoo,https://finnhub.io/api/news?id=2c01280cb6fb71540a99f0830e422e677326e41f23d0d1ec60c93cdb3c1ed476,0.075,0.776,0.149,0.4215
2025-04-09 20:01:45,"Amazon Cuts Off China Orders, Leaving Vendors to Absorb Tariff Blow",Yahoo,https://finnhub.io/api/news?id=41ae163661a4daf3e9b95ae531a7df43ba77bfa4160f40eac677191ae90bbb15,0.072,0.817,0.111,0.0516
2025-04-09 20:00:00,"1 ""Magnificent Seven"" Stock to Buy Hand Over Fist in the Nasdaq Bear Market",Yahoo,https://finnhub.io/api/news?id=4001ea80f5111868994853f7ffb4e530c2096eea2787c44cc15481e874b59aa6,0.0,0.694,0.306,0.9001
2025-04-09 19:29:14,The tech world aggressively backed Trump. It couldn't stop his tariffs.,Yahoo,https://finnhub.io/api/news?id=ab4fc22b7222b05c738fee786e1927eefef184cb795d7d24bc1edcecf319668c,0.07,0.836,0.094,0.0372
2025-04-09 19:06:04,Bank of America Sees Opportunities for Amazon Amid Tariff Uncertainty,Yahoo,https://finnhub.io/api/news?id=f31a10e03f2fa5bff71ac5d7788c465368786d065997cc9523a908d58c1683f8,0.066,0.74,0.194,0.6597
2025-04-09 18:41:00,Amazon.com (AMZN) Price Target Trimmed but AWS Growth Keeps Analysts Bullish,Yahoo,https://finnhub.io/api/news?id=aa3166a1fae70b7d248999ae539f542964493e79d6797d810482458c59aae1d5,0.047,0.905,0.047,0.0
2025-04-09 18:18:32,Amazon is Cancelling Some Merchandise Orders from China,Yahoo,https://finnhub.io/api/news?id=ebe2640d800ad8ce67640b1a32cd6b9ac6c24b5bc657ccdec4933703431595cd,0.056,0.869,0.075,0.0772
2025-04-09 17:48:54,Amazon Just Canceled Millions in Asia Orders--What They're Not Telling You Will Rattle Markets,Yahoo,https://finnhub.io/api/news?id=29238ca5b8464cd5f2352c38099c29877f5898c59f9d0d0f52da86ba57330ac9,0.12,0.831,0.049,-0.3612
2025-04-09 17:42:06,Amazon.com (NasdaqGS:AMZN) Unveils AI Innovations With Groundbreaking Voice And Wine Management Solutions,Yahoo,https://finnhub.io/api/news?id=b539ace217c521fe15465be537d0ae1750c34a51733a7d4e7651e657c2a1f49c,0.051,0.842,0.107,0.6249
2025-04-09 17:36:00,Amazon’s Risks From Tariffs Go Beyond E-Commerce. Why Wall Street Still Likes the Stock.,Yahoo,https://finnhub.io/api/news?id=d2e9e9754164719824f9b453e4820bb84973ef6f05c241c2d6e2d429ecc68c1d,0.041,0.793,0.166,0.8898
2025-04-09 17:27:32,"Amazon Cancels Orders From China After Steep Tariffs, Plans $15B U.S. Expansion",Yahoo,https://finnhub.io/api/news?id=45c656b1f4e27553a310047af1f7404caa84885c86e6778fcbe012b999c8e208,0.075,0.791,0.134,0.128
2025-04-09 17:11:00,Amazon already appears to be cutting back as tariffs kick in,Yahoo,https://finnhub.io/api/news?id=208f895aab6fd1cf8b6d555b41fb5c70f2fc60968dbf3b2f75c18ec56bdf26f7,0.108,0.823,0.068,-0.4588
2025-04-09 16:46:00,"Dow Jones Futures: Stocks Surge On Trump Tariff Rollback; Tesla, Nvidia Spike, Palantir Eyes Entry",DowJones,https://finnhub.io/api/news?id=3e2d5acc63ffefed93b32f85ec64335fe77c7fabf03dbd726a35e909b1b68cd8,0.0,1.0,0.0,0.0
2025-04-09 16:11:05,"US importers, whip-sawed by tariff uncertainty, move to sidelines",Finnhub,https://finnhub.io/api/news?id=82d55a016b08d66fec670e8e50a1ad6c26a01dd2a82c371bba5b04c03412cdfc,0.174,0.826,0.0,-0.765
2025-04-09 15:43:28,Two Banks Lower Their Price Targets on Amazon (AMZN) Stock,Yahoo,https://finnhub.io/api/news?id=bbb54dd043b5927766d9259f2363e0d64158682246bd2a46d19d3da6d1a4b9bf,0.07,0.852,0.078,0.1451
2025-04-09 15:16:29,Nvidia Just Got Too Cheap,SeekingAlpha,https://finnhub.io/api/news?id=c265210ca395036d3eff2b8eda0d74cb5cda57d11f5e6b40f0cccdfe697dfd98,0.075,0.925,0.0,-0.2732
2025-04-09 15:00:00,"Dow's 2125-point surge highlighted by gains for NVIDIA Corp., Boeing shares",MarketWatch,https://finnhub.io/api/news?id=172fe8639d681474d9bd919466e4a4b63700536fdd811a7ffffb3668b87b9395,0.0,0.662,0.338,0.802
2025-04-09 14:11:00,1 Growth Stock Down 20% to Buy Right Now,Yahoo,https://finnhub.io/api/news?id=10f2e8df7a480109d4f2a7a2a1f44d9d12fc26a5ccf840e935204e6670eb934c,0.087,0.77,0.143,0.5423
2025-04-09 14:09:15,"Amazon.com considers $15 billion warehouse expansion plan, Bloomberg News reports",Yahoo,https://finnhub.io/api/news?id=e048edb651922a40bff94a1a01b04ca38d76aa5c8031fc8c7a97421258623c18,0.0,0.974,0.026,0.0258
2025-04-09 13:35:36,9 Consumer Discretionary Stocks Whale Activity In Today's Session,Benzinga,https://finnhub.io/api/news?id=fffeb54b92729e2aa64e4fea144c6af1e6c2a02543d20d2634a6993b54c74e46,0.0,1.0,0.0,0.0
2025-04-09 13:33:06,Cathie Wood Doubled Down On This China Stock Prior To Trump Tariffs Taking Effect,Yahoo,https://finnhub.io/api/news?id=9fbab3080cac1e8a058b01b880a55ff65dec5084e629ff05b195ff1052ce6724,0.0,1.0,0.0,0.0
2025-04-09 13:11:31,Short Sellers Mint $159 Billion Profit in 6 Days as Stocks Sink,Yahoo,https://finnhub.io/api/news?id=8ab5ee105ac9796511f87513d0b736e27af48dad5e77be88472c36a32ad993b0,0.037,0.856,0.107,0.7425
2025-04-09 11:32:36,Is Amazon.com (AMZN) Poised to Deliver Years of Solid Revenue Growth and Margin Expansion?,Yahoo,https://finnhub.io/api/news?id=24b6e91fa949b9a7123a5a1c2073e0df9d153df4fe1236489ec9b1510f0d4ff3,0.0,0.822,0.178,0.8979
2025-04-09 11:25:11,"Amazon.com Seeking Partners for Warehouse Expansion Plan, Sources Tell Bloomberg",Finnhub,https://finnhub.io/api/news?id=77ae408ec6ef3b2c01841c67465a4075ab13f572b510afbd8d2a16225fd044a5,0.0,0.972,0.028,0.0258
2025-04-09 11:00:25,"Musk, Zuckerberg and Bezos have lost $80 billion of net worth since Trump’s ‘Liberation Day’",Yahoo,https://finnhub.io/api/news?id=3480f030aaf8bde1688e32fb7577f7db4a4459e61eb693c5b54d1e6be6d435f1,0.064,0.884,0.052,-0.1027
2025-04-09 10:45:00,Quantum Computing Is a Hot Topic in the Artificial Intelligence Sector. But Which Stocks Will Still be Around Decades From Now?,Yahoo,https://finnhub.io/api/news?id=86d59c82508884d0f2448f6798f35edb7bcf34e5f620ac08d40570ebd4f951de,0.0,0.782,0.218,0.8752
2025-04-09 10:32:00,Stock Market Crash: Here's 1 High-Dividend Stock That Could Be a Steal Right Now,Yahoo,https://finnhub.io/api/news?id=a86d2c0835e88bdafb75971ef3311af79eadfb28cc9e7fdcc93370f72ca7bf27,0.077,0.853,0.07,0.2831
2025-04-09 10:23:42,"Amazon considers $15 billion warehouse expansion plan, Bloomberg News reports",Finnhub,https://finnhub.io/api/news?id=b04f4865d4c00620540a85cef0c5a6e3fa3f622b77a80dd61b48857c6f22ea41,0.0,0.958,0.042,0.1779
2025-04-09 10:14:28,"Best credit card deals of the week, 9 April",Yahoo,https://finnhub.io/api/news?id=47eef590a7aac4af1e258989addda712f68fc2f3118fb8e063260b5569083105,0.0,0.396,0.604,0.9716
2025-04-09 09:40:00,Stock Market Sell-Off: The 3 Best Stocks to Buy Right Now,Yahoo,https://finnhub.io/api/news?id=42f9a540815645590464f2b649ec345fbc109b6049461050a03d423b7be9c4c9,0.093,0.789,0.118,0.2263
2025-04-09 09:30:00,Tariffs Are Coming for the AI Boom,Yahoo,https://finnhub.io/api/news?id=de9d322baa2b788c2b0bc83c8761ede3e8d3d6b4ed03460b47d5554eb2a79c50,0.03,0.896,0.074,0.4767
2025-04-09 09:21:31,"Dow Jones Futures Pare Losses On U.S.-China Trade War; Apple, Nvidia, Tesla Rally",DowJones,https://finnhub.io/api/news?id=c439379b764e892458794f07941ad6801f918839a72603371ccb5bd2d1be6ce8,0.375,0.625,0.0,-0.9217
2025-04-09 09:18:54,"Top 10 Trending Stocks On WallStreetBets As Of April 9, 2025 (Via Swaggy Stocks)",Benzinga,https://finnhub.io/api/news?id=489be2289852084e5e531c242bd734ce5ebfc42a0c8435e60a40259c23bea4d2,0.0,0.899,0.101,0.2023
2025-04-09 09:10:21,2 Reasons to Like AMZN and 1 to Stay Skeptical,Yahoo,https://finnhub.io/api/news?id=06f7943dfa7ddb49d1dd15ac170676395f1fd6e1309eadaa444912b489f0dc59,0.13,0.713,0.157,0.0258
2025-04-09 08:47:06,Amazon.com To $255? Here Are 10 Top Analyst Forecasts For Wednesday,Benzinga,https://finnhub.io/api/news?id=6ef9b6fd764484427fcbd96deb2ce024dcf8fecb287181536d1c5cb0d30e7428,0.0,0.847,0.153,0.2023
2025-04-09 08:30:00,Warren Buffett and 8 Other Billionaires Have $8.5 Billion Invested in This Incredible Stock,Yahoo,https://finnhub.io/api/news?id=48b3b6c3a981e9f1fe6fc20fa3682aedf104d3522cd6fe79476b3aa827d348e2,0.0,0.661,0.339,0.8957
2025-04-09 08:15:00,Could Buying Amazon Stock Today Set You Up For Life?,Yahoo,https://finnhub.io/api/news?id=a89a8e31618c422ba35261442f1e87bd092120455660ba6ed22cddff45d8e1b1,0.0,0.829,0.171,0.5187
2025-04-09 08:00:49,This Billionaire At Trump's Inauguration Is Losing The Most Money,DowJones,https://finnhub.io/api/news?id=11e1398f24f5643f3f38c82fc8f20c659c69ca31966081eabbe1a4b2feb7f907,0.224,0.776,0.0,-0.6369
2025-04-09 08:00:00,Client Update February 2025: A New Year,SeekingAlpha,https://finnhub.io/api/news?id=2add1af658e317edd3d9a3b8b82d84eafd6af57d4ceb89f5e3cea879a3c3492a,0.0,1.0,0.0,0.0
2025-04-09 08:00:00,Stock Market Crash: 3 Tech Stocks You Can Buy and Hold for the Next Decade,Yahoo,https://finnhub.io/api/news?id=68d7af5234608163c8d3eeadf65dc8f369ab560328de53e693e0c02ae0d7f1f8,0.095,0.871,0.034,-0.5423
2025-04-09 06:46:25,Wall Street Breakfast Podcast: Easter Spending To Hop To $23.6B Despite Uncertainty,SeekingAlpha,https://finnhub.io/api/news?id=25806df4760050d75402b5728b82968a84c21d6d2cb755a9fad8905ebafbf29c,0.0,0.844,0.156,0.2584
2025-04-09 06:46:00,AI Agents Could Transform Enterprise Spending,SeekingAlpha,https://finnhub.io/api/news?id=8ff3c44a3eca439c235a474ed4f592b14d7065ea055fa48dad544bfd25af80b4,0.0,0.917,0.083,0.2023
2025-04-09 05:55:00,ClearBridge Appreciation Strategy Q1 2025 Commentary,SeekingAlpha,https://finnhub.io/api/news?id=083f158d4301c89c95f0620eb374801f3c24c5ea5191a271a05948cd419529b0,0.0,0.784,0.216,0.765
2025-04-09 05:53:59,"US Stocks Futures Trade Mixed Ahead Of Opening Bell: 'Preserve Capital In Conditions Of High Uncertainty,' Says Expert",Benzinga,https://finnhub.io/api/news?id=18f85ab94f0bc696dd06f8137fb9905bb5e1e821ce5c54fe207787a4036ba398,0.057,0.885,0.057,0.0
2025-04-09 05:40:00,ClearBridge Global Growth Strategy Q1 2025 Commentary,SeekingAlpha,https://finnhub.io/api/news?id=7d34102d44b898665644c314af3136e5c6d933ec19214224955ab36b39f01452,0.0,0.698,0.302,0.3818
2025-04-09 03:48:02,"Dow Dips Over 300 Points As US-China Trade Tensions Escalate: Apple, Tesla, Nvidia, Amazon Decline, Greed Index Remains In 'Extreme Fear' Zone",Benzinga,https://finnhub.io/api/news?id=b1333595cfad4d5a45b8f973c79a6b24c94280f153083d6d9d75bb403fbd1660,0.17,0.668,0.162,-0.3384
2025-04-09 01:29:37,"Jim Cramer Says Amazon.com, Inc. (AMZN) Has “Pricing Power” – Calls Out ‘Mistaken Trading’ on Tariff Fears",Yahoo,https://finnhub.io/api/news?id=3496bdf3b8d80a984fffdbc26db5952997c00ef6a8e2e4c8586106a161ee1e5b,0.037,0.963,0.0,-0.4215
2025-04-09 01:00:00,Prediction: This Artificial Intelligence (AI) Stock Will Be Worth More Than Nvidia in 2030,Yahoo,https://finnhub.io/api/news?id=967e89e8f1820ea1e0e68b650b3107db4beece2ea4549d45d021fafaf7d85113,0.06,0.704,0.236,0.7389
2025-04-08 22:30:38,"Mark Cuban Predicts Tariffs Will Make Things 'Ugly For Amazon, But Incredible for American Sellers' — But Some Point Out They All Source From China",Yahoo,https://finnhub.io/api/news?id=a764c4b7f2e37d8cf1489bc2e7112706ce5067be1db29d48a45020d2459cdb19,0.136,0.817,0.046,-0.9279
2025-04-08 22:11:46,"Is Amazon.com, Inc. (AMZN) the Best Stock to Buy According to Billionaire Steve Cohen?",Yahoo,https://finnhub.io/api/news?id=78c7e5de6f98d36a22039b3873da9967fbe4deb50b44ab9402968d6a10905893,0.0,0.816,0.184,0.9423
2025-04-08 22:05:40,"Cathie Wood Loads Up On $18.2 Million Worth Of Nvidia Stock, Adds $5.8 Million Worth Of Amazon Shares To Her Shopping Cart Amid Trump Tariff Upheaval",Benzinga,https://finnhub.io/api/news?id=6cd11e6f1712fd8d8ae2fc09f61af307b118e9373fe7215cd3a54b7da141396d,0.0,0.713,0.287,0.9022
2025-04-08 21:41:53,Trump's 104% Tariff On Chinese Imports Sends Stock Futures Plunging — Dow Falls Over 500 Points,Benzinga,https://finnhub.io/api/news?id=233897815c2f4ee3b4384ee8825786da1f7c8f54fa2c668190e0a1254b0bbfc9,0.032,0.878,0.091,0.5209
2025-04-08 13:47:50,Cathie Wood Buys Two Dow Giants And This China Stock Before Market Bounce,Yahoo,https://finnhub.io/api/news?id=52a0003614e6eecbc0f34f64e8d994ac7bba24136e88cdee2a64b30187361d8d,0.0,1.0,0.0,0.0
2025-04-08 19:00:00,Alibaba vs. Amazon: Which E-Commerce Titan is Best Stock Pick?,Yahoo,https://finnhub.io/api/news?id=de5799745f97422b475fac71438119d1a2178fb361f62d9724b9ecc42edd493b,0.05,0.616,0.333,0.9081
2025-04-08 18:08:24,"Meta, Amazon Stock Price Targets Cut By Analyst. Here's How Wall Street Views Tech Giants' Tariff Risk.",Yahoo,https://finnhub.io/api/news?id=98fc3f75a7887cc4beaa5193d04c9d8e1cb4fbeb8c643dbc958b168d976e02b0,0.246,0.68,0.075,-0.7783
2025-04-08 18:05:52,"Is Amazon.com, Inc. (AMZN) the Best Big Data Stock to Buy According to Analysts?",Yahoo,https://finnhub.io/api/news?id=5551252f9b240425bf2f754c47f92b6dae7031558fef9aa052c444d6060d04b8,0.0,0.816,0.184,0.9423
2025-04-08 18:00:00,"Building A $100,000 Dividend Portfolio: Enhancing SCHD With April's Top High-Yield Picks",SeekingAlpha,https://finnhub.io/api/news?id=306a992842aae5d6149230ab59ff4971d480f95ddae7c596fbb018078e5d5dd3,0.0,0.776,0.224,0.8176
2025-04-08 17:31:56,How IBM Soared 13% While Markets Sank in Q1 2025,Yahoo,https://finnhub.io/api/news?id=130a00af32b3d88e1755725e3aeae21db92741a2c009c1896be1149e6b7ffb60,0.056,0.773,0.17,0.7073
2025-04-08 16:48:26,"Trump Unleashes 'Beautiful Clean Coal' Policies As Wall Street Tanks, S&P 500 Hits 1-Year Low",Benzinga,https://finnhub.io/api/news?id=3444e921d408062c7ff3901b27b97d618bf78c3f56b9dac7c828d203a619f719,0.115,0.67,0.215,0.6369
2025-04-08 16:30:10,"JPMorgan Cuts Its Price Targets on Many Internet Names, Including META and AMZN",Yahoo,https://finnhub.io/api/news?id=d80bfd74e73b17e9b3ffb1fed399394c681fc47a1655040c0c3be57fb80dffe3,0.109,0.835,0.057,-0.4417
2025-04-08 16:27:16,Magnificent Seven Stocks Waver,Yahoo,https://finnhub.io/api/news?id=ea5862e3cbdd4582dd4dcc0462e3189992bcd6cafcf9a2ced8fab173781f02e1,0.031,0.785,0.184,0.9062
2025-04-08 15:48:11,"Well-Known Investor Buys More AMZN, UBER, Starts Position in RKT",Yahoo,https://finnhub.io/api/news?id=8fddc2bc26002d584fd9b4f0130e79d3f4d3f227ae6b4ae39ae54261fc7bc4e4,0.0,0.868,0.132,0.8126
2025-04-08 15:40:00,"Stressful Markets, But Lots Of Opportunities In Tech",SeekingAlpha,https://finnhub.io/api/news?id=512f0fac91cd57e8758eade6442e956f95339d69b018c44cf8cc32d1716c9105,0.177,0.708,0.115,-0.2144
2025-04-08 15:15:50,Keep Calm And Carry On: Top 5 AI Stocks For April 2025,SeekingAlpha,https://finnhub.io/api/news?id=939deac577ec404bd57236c2aebd6486957c61b0249a8ff7565e0e85720c8dfb,0.0,0.709,0.291,0.4767
2025-04-08 14:35:00,"If Tariff Deals Happen, These Stocks Could Pop",MarketWatch,https://finnhub.io/api/news?id=baad8182ea811ada4fb2c314c2055a34ba8696500cde7111915c4c53c4d64834,0.0,1.0,0.0,0.0
2025-04-08 14:08:42,"Investor Says AMZN, TSLA Have “Incredibly Bright” Futures",Yahoo,https://finnhub.io/api/news?id=04ba5b9e9c56a5a6b2b93258e617bd86d72614a9a170f0fb64162314c9a920df,0.0,0.974,0.026,0.1779
2025-04-08 13:47:00,"Affirm Stock Is a Buy, TD Cowen Says. Why ‘Heavyweight Partners’ Amazon and Shopify Make the Difference.",MarketWatch,https://finnhub.io/api/news?id=afe7831885450cfe42d65ecc2150d397ade457a352edc7a74d2f208efcb9d9c5,0.0,0.904,0.096,0.34
2025-04-08 13:00:00,Introducing Amazon Nova Sonic: A New Gen AI Model for Building Voice Applications and Agents,Yahoo,https://finnhub.io/api/news?id=83bc552dcfa8bc69671b48f04137eba463b2ace1c2b1f16d5e530426bb7329e6,0.0,0.909,0.091,0.7351
2025-04-08 12:54:02,Magnificent 7 tariff-fueled losses top $2 trillion,Yahoo,https://finnhub.io/api/news?id=c42475e1fe4289132e1c9a9ae18b525d08e5f42cc2818fb1588e8e5c0736e973,0.19,0.561,0.25,0.6249
2025-04-08 12:33:00,All of Retail Wants a Tariff Playbook. Walmart Could Deliver.,MarketWatch,https://finnhub.io/api/news?id=09a32defad9b9d1c1772f7a68b0ca58417b8d00f7d15234bccef9065c9bbf06e,0.0,1.0,0.0,0.0
2025-04-08 11:54:48,Nokia Inks 5-Year Deal with Fibrus To Strengthen Network Security And Analytics,Benzinga,https://finnhub.io/api/news?id=90d891d250da50bed097257ce793db9d15d8c6bb01af3945824832453c28ebd6,0.037,0.617,0.346,0.8885
2025-04-08 11:38:00,"The Best Warren Buffett Stocks to Buy With $1,000 Right Now",Yahoo,https://finnhub.io/api/news?id=f09a325a254045e05a7bdec99058d74c711b3c9625a2dc151b558777d75b1d04,0.0,0.81,0.19,0.9578
2025-04-08 10:57:00,"UnitedHealth, NVIDIA Corp. share gains lead Dow's 1,012-point surge",MarketWatch,https://finnhub.io/api/news?id=b769a40bcfc13f38898cc39eda9251c42cf459d32b1584d4800bed2e40fc5391,0.0,0.603,0.397,0.802
2025-04-08 10:45:18,"Trump's 'Reciprocal' Tariff Threat Wipes Out Nearly $1.8 Trillion From Magnificent 7, Dan Ives Warns It Could Set US Tech Back A Decade: 'Investors Know Math And The Sad Reality'",Yahoo,https://finnhub.io/api/news?id=fce16839e026e573d47cbaef47fda2fa06c1959d143379e14752be8582dbfbc9,0.103,0.822,0.074,-0.296
2025-04-08 10:30:00,"Down 55%, Should You Buy the Dip on IonQ Stock?",Yahoo,https://finnhub.io/api/news?id=b4c3995fa1a68d38c2ce95189dbb795490ffde26a484e9221bfa434dc6e031fe,0.026,0.858,0.116,0.7184
2025-04-08 08:23:22,"Dow Jones Futures Jump 1,200 Points On Trump Tariff News; Apple, Nvidia, Tesla Rally",DowJones,https://finnhub.io/api/news?id=3a89532cde2a828769dc7634a2d873eef772be9c52427a243557d5e532546247,0.0,1.0,0.0,0.0
2025-04-08 09:41:00,Stock Market Crash: Here Are 5 Stocks Down 27% or More I'd Buy Right Now,Yahoo,https://finnhub.io/api/news?id=52b8ad363201ec4943ce3f58abba38299b18771190792de172b3871ffd67d70a,0.051,0.889,0.06,0.2023
2025-04-08 09:30:00,Microsoft: I Was Wrong (Rating Downgrade),SeekingAlpha,https://finnhub.io/api/news?id=0fe640be7e52ac269798cc2e51a7b3366412207e39578b4efcfb9fd1c4c2c5af,0.383,0.617,0.0,-0.4767
2025-04-08 08:00:53,8 charts show the dramatic fallout from Trump’s 'Liberation Day' announcement,Yahoo,https://finnhub.io/api/news?id=24a5700da4c528110aa31e0f6a494e5dc3de9b6816b33757b4fde22bc273af8d,0.122,0.878,0.0,-0.5994
2025-04-08 07:15:00,Recession-Proofing Your Portfolio,SeekingAlpha,https://finnhub.io/api/news?id=2ab752356c3f58c4231fd378b6a8bad0c06f7634cd29b3b9df9021a06d80764f,0.0,1.0,0.0,0.0
2025-04-08 06:01:00,Thornburg Summit Fund Q4 2024 Commentary,SeekingAlpha,https://finnhub.io/api/news?id=0f3aca3933eb89bfa291d41a74c52adf0dc80359f2e04e37edfd3c9baf71ba50,0.0,0.937,0.062,0.296
2025-04-08 05:25:32,"Wall Street Eyes Recovery As S&P 500, Nasdaq Futures Rise After Trump's Tariff-Driven Selloff Wipes Out $9 Trillion In Six Weeks",Benzinga,https://finnhub.io/api/news?id=3c12275a6edf0ef6a84d7337952c026e17a84d4b3d3e4d4dd0491f32cd22e57e,0.0,1.0,0.0,0.0
2025-04-08 05:02:00,Jeff Bezos and Lauren Sanchez wedding to take place on 417-foot yacht—here’s where they’ll park it,MarketWatch,https://finnhub.io/api/news?id=cb9266d3b098e103a84726ff1d975fc6762a54d23a2f04480ca0ce6f57f7b2f9,0.0,1.0,0.0,0.0
2025-04-08 03:00:00,Amazon Buying TikTok Is a Long Shot. It Would Also Be a Game Changer.,MarketWatch,https://finnhub.io/api/news?id=c453f598773824c3597ebc251ce929ce029d7c69c15556eb45525098ba1735f4,0.0,0.884,0.116,0.34
2025-04-08 00:08:40,Bear Market History Can Inform Us About What To Do Next,SeekingAlpha,https://finnhub.io/api/news?id=64f1fe8de1cf89a543c9fc5a24e10fff642b5655f801128e5ce78e209cb3bfb7,0.0,0.95,0.05,0.2023
2025-04-07 17:16:53,The Ideal Anti-Tariff Investment: TJX Companies,SeekingAlpha,https://finnhub.io/api/news?id=1f690dd6e588c04019a9e8372b539ef12abcdba5ab86400b4a0a7cc0400fe641,0.038,0.776,0.186,0.6983
2025-04-07 16:00:00,Trump's Tariffs Topple Tech Stocks. Here's What Amazon Investors Should Know,Yahoo,https://finnhub.io/api/news?id=7d500c1fd0c6ac070e5567a6babae225570029f055823cff361db2a499342544,0.077,0.818,0.105,0.2263
2025-04-07 14:03:05,One chart shows how much optimism has been wiped out of the 'Magnificent 7' because of Trump tariffs,Yahoo,https://finnhub.io/api/news?id=b45cbaca9d2fe7970a5f9f11035a2e0b6947995a97a04be06d12dec6369b6825,0.073,0.612,0.315,0.8648
2025-04-07 13:39:20,'Magnificent 7' stocks continue getting hammered as Trump tariffs drag markets lower,Yahoo,https://finnhub.io/api/news?id=a75618165797c0aa97bd3b91179449e4785ad65181c49a8ea8334bd85b285f7a,0.108,0.686,0.206,0.6908
2025-04-07 13:35:17,10 Consumer Discretionary Stocks With Whale Alerts In Today's Session,Benzinga,https://finnhub.io/api/news?id=a7e44a3b83ce9068bc30b6ab54d5cafa69595351ba3771329b7c761205cf0527,0.0,1.0,0.0,0.0
2025-04-07 13:00:00,Amazon airline prioritizes bigger aircraft to handle third-party cargo,Yahoo,https://finnhub.io/api/news?id=f7c30caaae862e83c5fe68d2d83126b91d7a71795b31b8e9a09ec9dd074cc550,0.0,0.898,0.102,0.4767
2025-04-07 12:54:01,'I find it impossible to catch my bearings': Yahoo Finance community reacts to Trump tariff stock market plunge,Yahoo,https://finnhub.io/api/news?id=bc4f3650a1e20e9d8b3adfbdea6f9013b14dd80680c6236e81f64d9f4acb6145,0.128,0.838,0.034,-0.7269
2025-04-07 12:42:20,Nebius: The Neocloud Built For The AI Era,SeekingAlpha,https://finnhub.io/api/news?id=32618c08dbf9da3dc646eb873993ce49d66d54833f7525052ca820773713a1b7,0.0,0.84,0.16,0.6908
2025-04-07 12:30:00,When Will the Ultra-Low-Cost Vanguard Growth ETF Return to Its Previous Highs?,Yahoo,https://finnhub.io/api/news?id=31cc8b74286cbe0f8e2d14d8e910d2eb3c45fa2d8f7252307929d089edcd42b8,0.033,0.769,0.198,0.9217
2025-04-07 11:30:00,Cathie Wood Goes Bargain Hunting: 3 Stocks She Just Bought,Yahoo,https://finnhub.io/api/news?id=61f056968f4bef79f2e8c8066e0ffb24d003345e57586b7058b64c169b67c501,0.0,0.728,0.272,0.7269
2025-04-07 10:35:00,Amazon pilots AI app feature that can buy items from third-party sites,Yahoo,https://finnhub.io/api/news?id=39640bfe72c9101d0aca4a7523cbab0d513e0de4421d18846cf478f1f9f1986c,0.0,0.888,0.112,0.34
2025-04-07 10:30:00,"Down 25% From Its All-Time High, Is Amazon a Buy Right Now?",Yahoo,https://finnhub.io/api/news?id=c6cf49a17e02f6c7ca75b6c6f9766edd50090920803f66175c6134514df765d9,0.031,0.831,0.138,0.5286
2025-04-07 10:10:44,Markets Tumble as Three-Day Selloff Wipes Out $9.5 Trillion,Yahoo,https://finnhub.io/api/news?id=0a44b2cb60357a8e93749af9b3e2bea0d935c27efcf1d0d11c45c090df840ed8,0.077,0.891,0.032,-0.4404
2025-04-07 10:00:22,Grocers have the meats,Yahoo,https://finnhub.io/api/news?id=588eab9c0d4e7582c5b8bdfc2ff02d2545d2e134cf21ff462311183212ad5dc4,0.0,0.781,0.219,0.8458
2025-04-07 09:35:00,"Apple’s stock is the latest to see a ‘death cross,’ and it won’t be the last",MarketWatch,https://finnhub.io/api/news?id=0ef3af5a6cc7689f86fdc3b9abd092bf0e92874350556612ae42604350af4fa9,0.0,1.0,0.0,0.0
2025-04-07 09:31:20,"Dow Jones Plunges 1,100 Points On Trump Tariffs; Apple, Nvidia, Tesla Sell Off",DowJones,https://finnhub.io/api/news?id=15f3f8c670201be06629454b29829c9972b85c6f457033624cdf548a2189cfed,0.0,1.0,0.0,0.0
2025-04-07 09:14:53,"Cathie Wood Undeterred By Trump Tariffs, Sinks $9 Million Into This Dow Giant",DowJones,https://finnhub.io/api/news?id=31708560ca331f753eedcef957a925cf97095235b81e29a9b459c9ef9eb36c46,0.0,1.0,0.0,0.0
2025-04-07 09:00:00,"Amazon: Trade War Or Not, I Can't Wait To Buy More",SeekingAlpha,https://finnhub.io/api/news?id=055578e68bc71c573468b23f89d81002b1ff6f66237095498409a3a3c7f59dfb,0.267,0.616,0.116,-0.4939
2025-04-07 08:20:00,Apple Stock Falls Again. How the Rest of the Mag 7 Are Trading.,MarketWatch,https://finnhub.io/api/news?id=845758c069eb2826089d9608b4d080af06e2343bf18af3ba0ea1108c0e1dc049,0.0,1.0,0.0,0.0
2025-04-07 07:15:00,S&P 500's Next Stop: Recession,SeekingAlpha,https://finnhub.io/api/news?id=58dae7209892244f36ee7dc48e0bad71e1d7836aa72c2d45847d46ae64c7c0ed,0.179,0.821,0.0,-0.6124
2025-04-07 06:37:24,Goldman Sachs Raises Risk Of Recession to 45%: Jefferies Calls Tariffs a 'Free Hall Pass' For Tech Giants To Reset Their Goals,Benzinga,https://finnhub.io/api/news?id=a3bbabf0bcf1490bf1fed0ff127dc679f9d52fa56fe204cde10df079969f7f80,0.151,0.784,0.065,-0.5267
2025-04-07 06:15:00,ClearBridge Large Cap Growth Strategy Q1 2025 Commentary,SeekingAlpha,https://finnhub.io/api/news?id=80be56a32d96216effee072c15bb219513bdd6dfb22e03ea35104072819c70db,0.0,0.782,0.218,0.7783
2025-04-07 05:43:39,US Stock Futures Drop Following Massive Tariff-Induced Selloff: Experts Warn Of A Brewing 'Great Depression-Like' Pattern,Benzinga,https://finnhub.io/api/news?id=cf47357eff09006fbf4aa9aee56569c3d9121ea359f47029b89bbe4e47a57877,0.177,0.737,0.086,-0.3182
2025-04-07 05:00:17,Working from home is turning into 'return to the office or lose your bonus',Yahoo,https://finnhub.io/api/news?id=90d2ed6faeedab70dd7864e063fb5f33551fae70f4f7d46e05ec5188eb5cd173,0.066,0.85,0.085,0.2023
2025-04-06 23:54:21,Cathie Wood buys $9 million of tumbling tech stock amid tariff crash,Yahoo,https://finnhub.io/api/news?id=6a6e0c6fc019b7901000b52806d33774ca217d7bba4e967e150db6740aa30b09,0.13,0.87,0.0,-0.4019
2025-04-06 23:08:14,I Buy These 4 Stocks To Weather Trump's Tariffs,SeekingAlpha,https://finnhub.io/api/news?id=179f666887a0f3a98154eaff6add4aadad7f4da76db2049c01bf89d5c4fbd9fa,0.0,1.0,0.0,0.0
2025-04-06 21:15:00,What Does Trump's Tariff Hike Mean for Consumer Goods Investors?,Yahoo,https://finnhub.io/api/news?id=fbfa1b3e6df2421ebbb1d4f19b0c9d27202424d2577006ed12e9d3804717efe8,0.041,0.959,0.0,-0.5267
2025-04-06 19:15:00,History Says the Best Time to Buy Stocks May Be Coming,Yahoo,https://finnhub.io/api/news?id=03c745be7f3b043abceffdd4b295d28e79d7ab9580b62902afddd4958e5a9bfc,0.148,0.787,0.065,-0.6369
2025-04-06 17:15:59,Amazon.com (NasdaqGS:AMZN) Slips 11% Over The Week Amid Tariff Concerns,Yahoo,https://finnhub.io/api/news?id=8267c240cff98515ca232d427fa536482832268cc557777cb3aafb849a909326,0.068,0.86,0.072,-0.1689
2025-04-06 17:03:00,Warner Bros.’ ‘A Minecraft Movie’ Smashes Box Office,MarketWatch,https://finnhub.io/api/news?id=519f5c4791af6b441f458fab9fd48ffe95b023f5a023f1d3449663cc800f816b,0.0,1.0,0.0,0.0
2025-04-06 14:41:13,Trump Tariff News: Treasury Secretary Bessent Dismisses Recession Fears,DowJones,https://finnhub.io/api/news?id=ca9fac25e9f4f91b22e3a58ef08f3f9f0e9e823a69645d57e5fb7836e6945e2d,0.418,0.448,0.134,-0.8225
2025-04-06 14:15:00,3 Top Bargain Tech Stocks Ready for the Next Bull Run,Yahoo,https://finnhub.io/api/news?id=a937610152401e2db2e70ead06586e2a12972cbb0b0e6d46899d637b7eb28ab1,0.083,0.757,0.16,0.5434
2025-04-06 11:00:00,"Warren Buffett Stands Tall In 2025 As Elon Musk, Jeff Bezos And Mark Zuckerberg Bleed Billions In Net Worth: 'Oracle Of Omaha' Emerges As Lone Gainer Among Top Billionaires Amid Market Rout",Benzinga,https://finnhub.io/api/news?id=837997fff5f44f4be0e76a11a51217791d0717abd2fcec40ddb6e57aaf22671a,0.184,0.681,0.135,-0.6249
2025-04-06 10:50:49,Amazon's Pullback Paves the Way for a Strong Buy,Yahoo,https://finnhub.io/api/news?id=4c34f9fa933a01619de0f8a951992b19dfa564c5ed0d5b78a131744b3eccdfb7,0.0,0.672,0.328,0.8074
2025-04-06 10:30:06,5 big analyst AI moves: Chip stocks at risk due to tariffs; ASML downgraded,Yahoo,https://finnhub.io/api/news?id=7134647ac21a387d2643720445981c87498f74b5c15c4ed1f920a0ad0258196d,0.06,0.852,0.088,0.25
2025-04-06 10:25:00,2 No-Brainer Artificial Intelligence (AI) Stocks Owned by Warren Buffett Right Now,Yahoo,https://finnhub.io/api/news?id=e300fce470a546838a3e2753caf88261c15825caaedc720c09d38448603ecf77,0.04,0.858,0.102,0.7096
2025-04-06 09:30:00,Behind The Wheel Of Uncertainty: Why Tesla's Troubled Deliveries And Valuation Raise Red Flags,SeekingAlpha,https://finnhub.io/api/news?id=536a57b78f5099291a3889c5ed165a7609545906af67930d0f11d4ffd2181a72,0.31,0.69,0.0,-0.6597
2025-04-06 09:25:00,2 Soaring Stocks to Hold for the Next 20 Years,Yahoo,https://finnhub.io/api/news?id=ae0fec2fb182e18305d937fc3dbba33dad605ccb29f8603e2c9526e92f56a89b,0.0,0.928,0.072,0.1779
2025-04-06 09:00:00,QQQ: Look Past The Tariff Damage As Investors Aren't Foolish,SeekingAlpha,https://finnhub.io/api/news?id=6f5303330822ac2decac2c50d7ca8b1838be903b301b4ffacc351116acb70cc5,0.246,0.615,0.139,-0.3369
2025-04-06 08:19:00,1 Growth Stock Down 25% to Buy Right Now,Yahoo,https://finnhub.io/api/news?id=3162a6b77011702f28196805d715c091f4e5a92361b646a17b4718a416a3aa62,0.042,0.777,0.181,0.836
2025-04-05 23:33:21,CII: Looking Like A Tempting Opportunity,SeekingAlpha,https://finnhub.io/api/news?id=461eee98ef8654f33cdee6754f76dd567cd6a3fed5c10d65144aaf0537e95a31,0.0,0.741,0.259,0.8316
2025-04-05 22:51:00,"China Hit With 54% ""Reciprocal Tariff"" Rate Following Trump Address. 3 Things Pinduoduo Stock Investors Should Know",Yahoo,https://finnhub.io/api/news?id=7c3c0650bef4af69606522008652a8d679d2b76d410c1859d6902d6441159086,0.113,0.861,0.026,-0.7972
2025-04-05 22:14:00,4 Growth Stocks Down 20% or More to Buy Right Now,Yahoo,https://finnhub.io/api/news?id=187e558498bca91cd493272f456e4adee07eed647dc15a00bc12274afc998435,0.022,0.747,0.231,0.9666
2025-04-05 22:03:00,3 Top Buffett Stocks to Buy and Hold for the Next 20 Years,Yahoo,https://finnhub.io/api/news?id=31a158b9dea50bb90d15f87422cd480464919a65e08375f0b09670dc1b9a720f,0.0,0.786,0.214,0.9287
2025-04-05 17:26:11,Amazon.com (NasdaqGS:AMZN) Eyes TikTok Acquisition Amid Weekly Price Drop Of 11%,Yahoo,https://finnhub.io/api/news?id=b0e4fcd1d98679438054da5fd5acfb94171d611df1964dfda8bb48f90d4aa3f7,0.129,0.802,0.069,-0.7003
2025-04-05 16:20:23,Now Streaming: Amazon’s film strategy hits the big-screen,Yahoo,https://finnhub.io/api/news?id=593e69e88c2cec428ae7fe11aef9f13eca9ae20c07f614b22bdc4b61f187080f,0.0,0.901,0.099,0.7804
2025-04-05 15:01:28,Amazon.com (AMZN) Introduces Nova Act AI Agent to Compete in Browser-Based Automation Race,Yahoo,https://finnhub.io/api/news?id=9bc2a01d112074747c8df0f7572085e0a2719720a25701352735518249eee631,0.0,0.949,0.051,0.3818
2025-04-05 15:00:00,U.S.-Stock Funds Have a Quarter to Forget,Yahoo,https://finnhub.io/api/news?id=727a5f35d93542bd9e3b6415f73631e866fd45fc6229df5ed05f4abbcaaad972,0.054,0.85,0.096,0.3612
2025-04-05 14:30:17,$74 Billion Wiped Out Since Tariff Declaration — See How Much The Billionaires Lost,Benzinga,https://finnhub.io/api/news?id=b21e81cf3e8dc5add32c9a0298dadbbafecf515e72937b126d3334076f798103,0.054,0.827,0.118,0.4019
2025-04-05 14:17:00,Amazon directly targets Nvidia with bold new strategy,Yahoo,https://finnhub.io/api/news?id=77c8c53c9ffada701ceee8884ba338e4695d6bec83d988a17c5d92c45743f9b3,0.0,0.724,0.276,0.6249
2025-04-05 14:00:00,Should You Forget Amazon? Why These Unstoppable Stocks Are Better Buys,Yahoo,https://finnhub.io/api/news?id=554f21d1bdd43833b1e4ec20b345d2aa19f873084f036072925a2e04f4fe2c1c,0.088,0.645,0.266,0.7528
2025-04-05 13:03:02,Nvidia Partner Hon Hai’s Sales Jump 24% on AI Demand,Yahoo,https://finnhub.io/api/news?id=d86046260ded650c023058fbf6387abcf2437414f877fe1846b34f4573ddc410,0.076,0.855,0.069,0.1027
2025-04-05 13:00:00,"Nvidia's bad day, Microsoft's AI plans, Amazon's TikTok play, and Intel's future: Tech news roundup",Yahoo,https://finnhub.io/api/news?id=4d6038a5924813d7acf661f5d271ef3b6a44379d8a7be20326109900afc2e7aa,0.044,0.875,0.081,0.2263
2025-04-05 12:53:00,Billionaire Paul Tudor Jones Trimmed His Position in Nvidia and Is Piling Into 2 Turnaround Tech Stocks,Yahoo,https://finnhub.io/api/news?id=f94b9c100af60553340be6eea56cd0229bd60404695411e967c96704decbb929,0.0,1.0,0.0,0.0
2025-04-05 11:07:00,"Boeing Space Joint Venture to Launch 12 Times in 2025, and Double That in 2026",Yahoo,https://finnhub.io/api/news?id=0dfe1fd359c4aff048d3d7b075032666dfe91d0b43c787da7177960125b015ca,0.0,0.904,0.096,0.4728
2025-04-05 09:23:00,This E-Commerce Stock Could Be the Best Investment of the Decade,Yahoo,https://finnhub.io/api/news?id=3489b18343b9bdf1e77fb72778b2f5774636f6579278197d5de9c459bb109aed,0.0,0.794,0.206,0.7753
2025-04-05 09:20:00,Should You Buy the 44% Dip on Arm Holdings?,Yahoo,https://finnhub.io/api/news?id=91aba8979ac797836633964fc4755b9d67ec91939cc334fd11a26ceee3567f4f,0.051,0.859,0.09,0.3421
2025-04-05 09:07:00,3 No-Brainer Warren Buffett Stocks to Buy Right Now,Yahoo,https://finnhub.io/api/news?id=11e2b800f7f174568ef6ffad8faec8be876e58d239e7e467434951106e991b7e,0.072,0.807,0.121,0.4019
2025-04-05 08:35:00,"The Best Stocks to Invest $1,000 in Right Now",Yahoo,https://finnhub.io/api/news?id=365c61007ea07eaf80e47afc3e70e60c03a1dd2e956c5cd0915d7d94a4f0438f,0.051,0.546,0.403,0.9124
2025-04-05 07:40:00,President Trump's Tariffs Have Arrived. 3 Things to Do to Protect Your Portfolio.,Yahoo,https://finnhub.io/api/news?id=a7e9372bb8772744c17aa65127384af9c3ec8bca9c100c58bea7f41aed131f06,0.022,0.951,0.027,0.1027
2025-04-05 07:25:00,Where Will Walmart Stock Be in 1 Year?,Yahoo,https://finnhub.io/api/news?id=f9f77186aef2905e2cba64cf97455a6342360c85709c00a163671fdc2b9eecf6,0.0,0.821,0.179,0.5719
2025-04-05 07:00:00,U.S. stocks aren’t a screaming buy just yet — but we’re getting close. Here’s what to watch.,MarketWatch,https://finnhub.io/api/news?id=c4de6db5d8bb20a0646b034250c224c9bce2aedb64be9a39daaf4d98e59e97c8,0.14,0.86,0.0,-0.6369
2025-04-05 02:35:00,Back To Google,SeekingAlpha,https://finnhub.io/api/news?id=ebadf9ff3f03e2e2027d912a064661ae8970282422f06aaa22b493fa7f32a955,0.0,1.0,0.0,0.0
2025-04-17 18:49:36,"Is Amazon.com, Inc. (AMZN) the Least Risky Internet Stock To Invest In?",Yahoo,https://finnhub.io/api/news?id=4972081caee2c5807408d4ba52c4c4366c37126d1df7e962a16d7e81149194ee,0.0,0.9,0.1,0.6259
2025-04-17 18:21:39,UnitedHealth stock is crushing the Dow. Here's the math behind the slide.,Yahoo,https://finnhub.io/api/news?id=3bc857832ccc4b9aa7a6a88082fdb41991f5c7a059f5330057527e8841fd2fd8,0.076,0.856,0.067,-0.0772
2025-04-17 17:16:02,Amazon.com (NasdaqGS:AMZN) Partners With Clario To Enhance AI-Powered Life Sciences Data Processing,Yahoo,https://finnhub.io/api/news?id=f2213575f4cc6d9520f6ff1b137b14570ffe4e6740b8d49cfdb5798db8830cf3,0.012,0.871,0.117,0.8547
2025-04-17 17:02:17,Amazon.com (AMZN) Advances Project Kuiper as AI & Cloud Prospects Remain Strong,Yahoo,https://finnhub.io/api/news?id=1e162154444e3e7d7e010563d142f0876d73205204f1e11b66ddf9960725dc35,0.0,0.923,0.077,0.6705
2025-04-17 16:40:13,Amazon com : will share its Q1 2025 earnings on May 1,Finnhub,https://finnhub.io/api/news?id=b823fc8606ec2827b7b3c357286e47cdbb9255911c6ca9222805104a70ecf382,0.0,0.891,0.109,0.5574
2025-04-17 16:22:09,"Amazon com : Payarc, AWS Collaborate to Enhance Payment Processing Operations with AI",Finnhub,https://finnhub.io/api/news?id=6bf4c7dc34c533acdf4a525b56b54263018520a5674cf7ad4b24df1d9575d9a3,0.0,0.742,0.258,0.8893
2025-04-17 16:03:04,Amazon.com to Webcast First Quarter 2025 Financial Results Conference Call,Finnhub,https://finnhub.io/api/news?id=711249e390d9208f9155030297d4d18c957983f56e3e475103616d10708e96c7,0.0,1.0,0.0,0.0
2025-04-17 13:51:21,Dow Faces Historic Divergence From S&P After UnitedHealth Plunge,Yahoo,https://finnhub.io/api/news?id=a8995c2c5da7fe2c46ac81baa3df48de02e9cea38b48121a0e969f965c9e26fb,0.0,0.951,0.049,0.6369
2025-04-17 13:45:06,Here's Why Amazon (AMZN) is a Strong Growth Stock,Yahoo,https://finnhub.io/api/news?id=c58bfac746ac7b87ccc562e1264a159fee98dd684a4f0b43ffde5ecc27b07bb8,0.061,0.637,0.302,0.8271
2025-04-17 12:46:03,Tariff Tsunami Leaves Amazon Stock (AMZN) Trading at a Discount,Yahoo,https://finnhub.io/api/news?id=71b1b85d0b5f2036c98bf3d0872afbec519a6a3a43845defc5b16fc3d6a56e75,0.071,0.82,0.109,0.4404
2025-04-17 12:37:35,Latest News In E-Commerce - Chinese Platform Surges Fueled By AI-Driven Customer Engagement,Yahoo,https://finnhub.io/api/news?id=ffcaab54bafdd292b5705a87c2e72f32520ddedf2d97280bf54ef40b9104a743,0.0,0.624,0.376,0.9886
2025-04-17 12:24:07,The Trade Desk: The Generational Buying Opportunity Is Here (Rating Upgrade),SeekingAlpha,https://finnhub.io/api/news?id=3ef7441bcf227dc71609f894e8d42c02d117e93f1b050d42735beccb81cae462,0.037,0.824,0.14,0.6705
2025-04-17 12:08:08,Is Amazon.com (AMZN) The Best American Tech Stock to Buy Now?,Yahoo,https://finnhub.io/api/news?id=28fe04520119d7799edf9dec2d72176ad46759d024b832ef35e1e84a4eb33c0c,0.0,0.853,0.147,0.9001
2025-04-17 12:00:00,MAGS' Selloff Is Here - Fundamentals Remain Robust No Matter The Tariffs,SeekingAlpha,https://finnhub.io/api/news?id=7c8b54193b63120805c65ed751cb7c61e044c430b8b77a431fab0d0ff7b9c843,0.08,0.742,0.178,0.3239
2025-04-17 10:39:00,Trump's Tariffs: 2 Growth Stocks That Are No-Brainer Buys on the Dip,Yahoo,https://finnhub.io/api/news?id=d404dad05579970ba7be6a78d9fc87e4a18f9dc2b07a5429b6db17d5ef61f2da,0.0,0.912,0.088,0.6461
2025-04-17 10:37:12,Amazon com : CEO Andy Jassy shares 3 reasons he’s still at Amazon after 28 years,Finnhub,https://finnhub.io/api/news?id=eb78d5f54c521ea86d9e7b731b0269ca36437b99d7cac2c75ec28ed400a8a8dc,0.0,0.863,0.137,0.6486
2025-04-17 10:37:11,Amazon com : CEO Andy Jassy reveals one thing that ‘disproportionately matters’ for every business,Finnhub,https://finnhub.io/api/news?id=fff31e4c1a7797d05c4dc9dec1b278cf722a1cb346d14b73047a202a95b6938c,0.0,0.865,0.135,0.5499
2025-04-17 08:47:00,History Suggests Now Could Be a Smart Time to Buy Amazon Stock,Yahoo,https://finnhub.io/api/news?id=be18c448a82cf5d1c23d0ef8cf6912c5e1a40909223d717e9cfdc31dab327fda,0.0,0.823,0.177,0.8658
2025-04-17 06:57:53,Rivian Delivers Vehicles To HelloFresh In First Non-Amazon Deal After Ending Its Exclusive Partnership,Benzinga,https://finnhub.io/api/news?id=aa73f2c85f1d2b8ecfb9a1dcfd7c1c0f55b2f1af12b31bb2cba34ffdc6e8c86d,0.0,0.788,0.212,0.765
2025-04-17 04:10:06,AmazonSellerAgency: Empowering Sellers to Navigate the Amazon Marketplace,Finnhub,https://finnhub.io/api/news?id=42a2f7f55a6d8c2626d7ada4949c4341d341469644d5951865e16b431d671d0f,0.0,0.741,0.259,0.7783
2025-04-17 00:30:00,Franklin DynaTech Fund Q1 2025 Commentary,SeekingAlpha,https://finnhub.io/api/news?id=2ae7c4aa6a2cba58deb299d1da2263fe44fe4feedd375eb43653db08eeb41660,0.0,1.0,0.0,0.0
2025-04-17 00:02:20,"Amazon Downgrade: Forget Tariffs And Recession, There's Bigger Risk That Investors Must Consider",SeekingAlpha,https://finnhub.io/api/news?id=32ba66a11f64a1842a78b0c0ea719a811b943d97b1866a0c00d8ae5e8de0070c,0.389,0.514,0.097,-0.6249
2025-04-16 21:23:30,Is PDD Holdings Inc. (PDD) The Dirt Cheap Stock To Invest In Now?,Yahoo,https://finnhub.io/api/news?id=0f1abefc74f609a3cdb499be34176e2ec890b83fcf959b06d35e5ece2a03474b,0.098,0.902,0.0,-0.7351
2025-04-16 20:24:31,Nvidia's $5.5B charge: 'Nobody' should be 'surprised',Yahoo,https://finnhub.io/api/news?id=5949b10a370dc816999a53f29a8e9a7940b9ccf07e3bdd4536b7e737ac286023,0.046,0.911,0.043,-0.0717
2025-04-16 19:21:00,Big Tech’s China Risks Go Far Beyond Nvidia,Yahoo,https://finnhub.io/api/news?id=a44b4d3f894b9c5afe111184a412047259a248db45d2d7ad9a29351b9c03fd09,0.142,0.81,0.049,-0.4129
2025-04-16 19:01:19,Is Amazon.com Inc. (NASDAQ:AMZN) the Best Machine Learning Stock to Buy Now?,Yahoo,https://finnhub.io/api/news?id=e21d5914d11b4186f6f7db13076ad88df4ad7dc0a5b35cef830df6503c6590d4,0.0,0.817,0.183,0.936
2025-04-16 17:24:13,Amazon.com (NasdaqGS:AMZN) Powers Innovations With AWS Through AI And Video Solutions,Yahoo,https://finnhub.io/api/news?id=b06a43f42228ae523a041c29b14fdd24f2113ecb0f04d597e9a37ffa3f86822b,0.0,0.798,0.202,0.926
2025-04-16 17:03:24,Analysts Cut Amazon Price Targets With First-Quarter Report Due Soon,DowJones,https://finnhub.io/api/news?id=0ea408aed77fea339b358797c8daeae4e865c9ae0c2cbbe98ec684f253220d2c,0.178,0.678,0.144,-0.2023
2025-04-16 15:59:03,What Makes Amazon.com (AMZN) a Fundamentally Strong Company?,Yahoo,https://finnhub.io/api/news?id=7d44af7fbbc747c655d0ceb55b497352920b475aa81e26c384c71e9de72cdd25,0.0,0.825,0.175,0.8885
2025-04-16 15:32:00,"NVIDIA Corp., Amgen share losses contribute to Dow's 886-point drop",MarketWatch,https://finnhub.io/api/news?id=644ba8ceb10c50bbcbab539aeb085c3a11215723d88b727bfe9ad52d8121171c,0.343,0.5,0.157,-0.6369
2025-04-16 15:05:45,Celestica price target lowered to $120 from $150 at CIBC,Yahoo,https://finnhub.io/api/news?id=93ddb5ddb39152804df0613a28007a9f1b25469a0ec6da62285d7f8554ad4f17,0.032,0.863,0.105,0.791
2025-04-16 14:33:38,"After surge to record highs, gold overtakes 'Magnificent 7' as the most crowded trade on Wall Street",Yahoo,https://finnhub.io/api/news?id=fedccbc7f1e49db6b06d740aa40f8d2505b065e4c805fc66119d8fbe45bb60c1,0.0,0.785,0.215,0.8625
2025-04-16 14:31:00,"NVIDIA Corp., Amgen share losses lead Dow's 589-point fall",MarketWatch,https://finnhub.io/api/news?id=43a6487aed377c101ee648a29ff21206ff65e99d0fb66949121b4c4467f7b6be,0.227,0.588,0.185,-0.25
2025-04-16 18:13:00,"Wall Street’s 12 favorite stocks could soar as much as 54% over the next year, analysts say",Yahoo,https://finnhub.io/api/news?id=606e7d7c81901f0796e95bbc75fcbd5c4274c48ce3306b7759732712c2388c4a,0.0,0.919,0.081,0.4588
2025-04-16 14:00:00,Trade Union Federation Suggests ‘Amazon Tax’ to Counter Trump Tariffs on EU,Yahoo,https://finnhub.io/api/news?id=a49519d73fd043785c025df87b5536631e1d7fbb621ddbe0461c691fbe5be3ff,0.12,0.675,0.205,0.4588
2025-04-16 13:45:27,Is Amazon.com Inc. (NASDAQ:AMZN) a Reddit Stock with High Potential?,Yahoo,https://finnhub.io/api/news?id=06b1a2ef597afa111d188b52c4fdf1072c88e7adbc510545d4aa2413d0791696,0.0,0.953,0.047,0.4939
2025-04-16 11:22:29,The Dividend ETF That Just Woke Up And Why Investors Are Watching Closely,Benzinga,https://finnhub.io/api/news?id=e6b7f51d86ac78b9d1a1d90bfeeefa162c45c1872625dae67468bed75c62d0f6,0.052,0.843,0.105,0.3182
2025-04-16 11:10:00,Should You Buy Amazon Stock Right Now and Hold for the Next 20 Years?,Yahoo,https://finnhub.io/api/news?id=c54decd746c0c6d2e6e38ae20c4baf52fd9a04fc5b66b9173665e485cd6a278e,0.0,0.903,0.097,0.5362
2025-04-16 10:30:00,2 Growth Stocks Down 20% or More to Buy Right Now,Yahoo,https://finnhub.io/api/news?id=3469fac8b4c2a5c080b5d8d5f15944429b951e15b800c8f5139ab3e67a2b430d,0.055,0.741,0.204,0.875
2025-04-16 09:46:08,Middle Coast Investing Q1 2025 Letter: Before And After The Liberation Day Crash,SeekingAlpha,https://finnhub.io/api/news?id=baac02df78d8a85efa4698c2c53ae2ad0c1273bfabffa0d4460d5e4537ca72c0,0.184,0.816,0.0,-0.4019
2025-04-16 09:34:01,"Best credit card deals of the week, 16 April",Yahoo,https://finnhub.io/api/news?id=570faef8ed8ffd0b427f72635f5df272c644c031d87d4198612f25684c32919f,0.0,0.396,0.604,0.9716
2025-04-16 09:14:48,"Television could go the way of newspapers if the US economy tips into recession, analyst warns",Yahoo,https://finnhub.io/api/news?id=4b711f8f9c0714da209d796b4cf4dd54f821bdb82cca77ce0ed22989785eac5e,0.206,0.794,0.0,-0.8807
2025-04-16 03:14:38,"Amazon's Aggressive Price Cuts Hurt Sephora's US Sales, Says LVMH CFO Cecile Cabanis: 'We Try To Avoid This Technique'",Benzinga,https://finnhub.io/api/news?id=81cc3e6a283f9cd3df6e5abafcfde52e1330e621472f2f9dedf2037617f6c405,0.307,0.628,0.065,-0.8126
2025-04-15 21:50:00,Parnassus Value Select ETF Q1 2025 Commentary,SeekingAlpha,https://finnhub.io/api/news?id=2e31897592ea1dc508c320a8c41d17a62678f4ebcf905c5bf8468843de7fae7b,0.0,0.714,0.286,0.34
2025-04-15 19:45:00,"Netflix Earnings Preview: Everyone's Bullish, But Tough Compares In 2025",SeekingAlpha,https://finnhub.io/api/news?id=7bab6cb56c0157d4a01b1528faa0f3715271d15bb394b5e49e8539c1319c12c0,0.163,0.837,0.0,-0.1901
2025-04-15 19:03:00,"Amazon.com, Inc. (AMZN) – “Amazon vs. China”: Jim Cramer Warns of a Coming Stock Shortage",Yahoo,https://finnhub.io/api/news?id=7830f7b250d214d1657217d62928e8e93c03840f0973f6ef14a06f14e82b687c,0.088,0.912,0.0,-0.6808
2025-04-15 18:41:12,"Trump Ally Marjorie Taylor Greene Bought Tesla, Amazon, Blackstone Before Rally",Yahoo,https://finnhub.io/api/news?id=d2bda347e04e62748e3b364ab40899661701bea8aa1020bd9cccfba968f095ca,0.056,0.888,0.056,-0.25
2025-04-15 18:39:39,"Analyst revamps Snowflake, Salesforce stock price targets",Yahoo,https://finnhub.io/api/news?id=fb0b740180fb433996053f2ce51f33c04121bd94912d5a56542d9fb639d9c7c8,0.0,1.0,0.0,0.0
2025-04-15 18:39:11,'Minecraft' Box Office Success Could See More Adaptations: Elon Musk Wants This Video Game Movie Next,Benzinga,https://finnhub.io/api/news?id=d689c3e77ef791ac8c0c46c313eee6df16d8d8cb40535f14dff773f75847ce9d,0.0,0.81,0.19,0.8176
2025-04-15 17:59:38,Amazon Q1 Preview: Macro Noise Masks Structural Efficiency Gains (Rating Upgrade),SeekingAlpha,https://finnhub.io/api/news?id=a894062bcb3f60246a561fa47859b7b170c41b1f29c5505ee41ac4a1ad08c823,0.0,0.548,0.452,0.6808
2025-04-15 17:37:32,Anthropic forms a new team to grow its AWS business,Yahoo,https://finnhub.io/api/news?id=c30aa7d8399cee9cfde93d9877e252d3a1b0f69956ec2f935ab90f0884f8bce5,0.0,0.982,0.018,0.1779
2025-04-15 17:17:48,"Amazon.com, Inc. (AMZN): Hit by Macro Fears, Still a Top Buy",Yahoo,https://finnhub.io/api/news?id=f4d00abd2c028e7605405179d0df070f6cfed6bcbc0e2fe0b7f9818a433bef3a,0.089,0.859,0.053,-0.3818
2025-04-15 17:05:45,Binance among crypto exchanges hit by Amazon Web Services outage,Yahoo,https://finnhub.io/api/news?id=602489839a8c3a6932711bdad6a07bc67b7589eef6781fd0175bce638266ebca,0.0,0.925,0.075,0.1779
2025-04-15 16:57:22,Amazon Shareholders Question Company Over Quebec Facility Closures,Yahoo,https://finnhub.io/api/news?id=f43ffe9a1365fbaa51fbc3ddc206d160cc5f2e411d52728b4da333f6fbadab16,0.0,0.888,0.112,0.34
2025-04-15 16:14:30,Amazon Asks Its Sellers About Tariff Impacts,Yahoo,https://finnhub.io/api/news?id=696ddd03bbbdb0416dcc974d686f98b04b326a1bf3a5a53f3d5bd52c819c364e,0.0,0.941,0.059,0.5574
2025-04-15 14:51:58,Wall Street Sours On Chipotle: Here Are ETFs Caught In The Crossfire,Benzinga,https://finnhub.io/api/news?id=85cfa4ed60270d7cae2d82688a9cd59817d4d2f1a1302db1592fa77f07b53b35,0.08,0.799,0.121,0.4404
2025-04-15 14:22:00,"Every Purchase Matters, With Fair Trade USA's Paul Rice",Yahoo,https://finnhub.io/api/news?id=fff40a68f32dbe798710d3f4dd4951b99efd6a45791b4951d6bb71488f5e63a2,0.026,0.746,0.227,0.9606
2025-04-15 13:53:00,"Dow drops 100 points on losses in shares of Nike, Amazon.com Inc.",MarketWatch,https://finnhub.io/api/news?id=09b3e3d2452e427f27f08c287fef37f797bdbd93976115fd45f60596d0bf4210,0.181,0.671,0.148,-0.25
2025-04-15 13:49:00,Parnassus Core Select ETF Q1 2025 Commentary,SeekingAlpha,https://finnhub.io/api/news?id=61e7ce955a49f8b139bda4a2fad3e2d3964f77602af33173277cac5786f3296c,0.0,1.0,0.0,0.0
2025-04-15 13:30:40,"Bezos Bets Big: Slate Auto Quietly Raises $111M Series A To Build $25K EV Truck, Eyes 2026 Launch In Indianapolis",Benzinga,https://finnhub.io/api/news?id=19964ea1e0581fbefe1b21b1c11a9c8c5b4b63e9c957bebf49f9b0fc8b522d77,0.0,1.0,0.0,0.0
2025-04-15 13:00:33,Amazon Faces An Existential Crisis In Google Gemini (Rating Downgrade),SeekingAlpha,https://finnhub.io/api/news?id=060221565fd4bc18d537cdb8da6607e692f21e24de717c4174b7b95a87396e79,0.297,0.58,0.123,-0.5267
2025-04-15 12:34:17,Amazon.com (AMZN) Sold Off in Q1 Along with Peers,Yahoo,https://finnhub.io/api/news?id=dc7209fdb9e34a24826c5d93b2fdf18427e303514a2bca160ead877fa3ffdd24,0.056,0.863,0.081,0.4228
2025-04-15 11:37:00,Albertsons Stock Drops After Earnings. It’s About the Outlook.,MarketWatch,https://finnhub.io/api/news?id=aec82b3d9e93ef3890f48747809af9e1162136c9b14d34a759a33bc0c1041509,0.0,1.0,0.0,0.0
2025-04-15 10:48:00,"As beauty continues to grow, TikTok Shop and Amazon will gain share",Yahoo,https://finnhub.io/api/news?id=53f08c69b5be6f8ea0ed9320a6e959450226e39ee66ec90bdc7edf34aa370fcf,0.0,0.636,0.364,0.9313
2025-04-15 10:05:00,3 Stocks That Could Be Easy Wealth Builders,Yahoo,https://finnhub.io/api/news?id=44706398355703bb3a3aebb3559262e062bc5846cdc214cf236934e7df9ee879,0.0,0.689,0.311,0.9022
2025-04-15 09:04:29,"Exclusive: Argent's New ETFs Are Not Chasing AI Or Meme Stocks, Here's What They're Buying Instead",Benzinga,https://finnhub.io/api/news?id=2966eb546100cda2dc8f236485c3c37ffd003a0e1f955cbab773f1acfbfd16da,0.0,0.855,0.145,0.6486
2025-04-15 08:45:00,Stock Market Whiplash: 3 Growth Stocks That Are No-Brainer Buys on the Bounce,Yahoo,https://finnhub.io/api/news?id=d23d7d9dfdd5c1f43faac1ebae2b1dd11bac568361f5f4df0bc53d748853b3f9,0.05,0.808,0.143,0.8126
2025-04-15 08:00:33,How This Simple Indicator Revealed True Strength In Amazon Stock,DowJones,https://finnhub.io/api/news?id=f5f89310ef3a8c617d1b916df94fe160b196479b4f7e79e6fe12595fa70e2997,0.0,0.476,0.524,0.9246
2025-04-15 07:25:52,Amazon: What ROIC Of AWS Says About The Stock's Perceived Fair Value,SeekingAlpha,https://finnhub.io/api/news?id=eddee7c9de7f0a5a6634b3833668db5f7b4554d8b510cbb081999439373f0a86,0.0,0.612,0.388,0.9337
2025-04-15 04:00:14,"Amazon com : The Amazon Book Sale is back April 23-28 with thousands of deals across books, select devices, and memberships",Finnhub,https://finnhub.io/api/news?id=f7e2790e3e18f814b7bf368699cdab19d1fc51c529873f25b20ff2badf3d081b,0.0,0.787,0.213,0.91
2025-04-15 00:24:29,Ford: Rapid Downward EPS Revisions Can Become A Self-Fulfilling Prophecy,SeekingAlpha,https://finnhub.io/api/news?id=bb60581a4fd873bebe6b2c2a59bd7a18949c2a4827a7f0c47dc1a68da81bb685,0.0,1.0,0.0,0.0
2025-04-14 21:45:17,Amazon (AMZN) Stock Sinks As Market Gains: Here's Why,Yahoo,https://finnhub.io/api/news?id=68a9265d84f1094ab278e4b974b5f2eaf9de7c3075b5534b7a2f7ec03401bc51,0.0,0.823,0.177,0.5859
2025-04-14 21:01:43,"34-Year-Old Making $3,400 a Month in Dividends Shares His Top 7 Stocks — 'Be Lucky and Save Relentlessly'",Benzinga,https://finnhub.io/api/news?id=58f5cf98e2c207585b93b24789040e12a0ceaaa816816457a46a3748ea689028,0.0,0.583,0.417,0.8402
2025-04-14 20:11:09,Space race investing: What to know about the growing sector,Yahoo,https://finnhub.io/api/news?id=da6d0ac8c700f277ef997cd632b1de9313ce65c5f044daf438fd615bc9c56ba6,0.0,0.912,0.088,0.6486
2025-04-14 18:27:41,"Bullish Notes Issued on Amazon (AMZN), JPMorgan (JPM)",Yahoo,https://finnhub.io/api/news?id=6bf4ffdc0f2a12963a4e645e099bfd9c55667c8cc076c309015d79ea8c1c0e09,0.029,0.793,0.178,0.8271
2025-04-14 17:33:00,Analysts reboot Amazon stock price targets on tariff trauma,Yahoo,https://finnhub.io/api/news?id=12a01fdfccf825e71d7ca52592dd1fedbae8b0f71ed6712990675eceda5f776a,0.125,0.625,0.25,0.2023
2025-04-14 16:48:00,"Reddit, Pinterest, and Other Stocks That Look Like Better Buys Than the Mag 7",MarketWatch,https://finnhub.io/api/news?id=f3d07668fba37212f0b22b6df8665ae058774dbfcb88e003dc572c6f2b63626d,0.0,0.69,0.31,0.8689
2025-04-14 16:16:42,"Top Stock Picker Is Bullish on WMT, AMZN",Yahoo,https://finnhub.io/api/news?id=894cbcedae6179b46274eb39f3a550a2ad11d3f607ab791cfe5efab05825b005,0.0,0.92,0.08,0.6597
2025-04-14 15:09:35,A Peer Comparison For Walmart: Valuation Keeps It A Hold,SeekingAlpha,https://finnhub.io/api/news?id=cceac6bc039578f8cc09b2499e122ca50382ff2391bd85b411592bb9176759d6,0.0,1.0,0.0,0.0
2025-04-14 14:09:00,Meta’s Antitrust Trial Begins Today. Why It’s So Important.,MarketWatch,https://finnhub.io/api/news?id=1b8c365999c8986b709f9a09d9c48b84ef59a96929be9f9a7530ab1bf3727e35,0.0,0.772,0.228,0.5765
2025-04-14 13:28:00,Saga Partners H2 2024 Investor Letter,SeekingAlpha,https://finnhub.io/api/news?id=693be45bfa0edc4d392f7b5baa95fd8952f6cf1d8880252beda8190e7666a023,0.0,1.0,0.0,0.0
2025-04-14 13:10:33,Wall Street Pulls Back After Early Gains As Tariff Uncertainties Persist: What's Driving Markets Monday?,Benzinga,https://finnhub.io/api/news?id=dce839d5eb570f55556b588ce35c3761cf5e35ddf2c6c29d0ecbe28601561909,0.106,0.714,0.18,0.6931
2025-04-14 13:04:06,Amazon com : CEO Andy Jassy shares how asking ‘why’ helps power ’s innovation,Finnhub,https://finnhub.io/api/news?id=df3dfa6fc49099e15b4c80243b04d58acff56807357278f4dff4f3576d432145,0.0,0.736,0.264,0.8934
2025-04-14 13:04:06,Amazon com : CEO Andy Jassy shares 7 ways Amazon strives to operate like ‘the world's largest startup',Finnhub,https://finnhub.io/api/news?id=bd40cbfa1939ef5aefc5bd8e0381232e3a02a15adfad42ab327e3ad8eb7cd43b,0.0,0.717,0.283,0.9118
2025-04-14 13:04:06,Amazon com : CEO Andy Jassy shares how AI will reinvent ‘virtually every customer experience we know’,Finnhub,https://finnhub.io/api/news?id=2dce28214424669bf182e61783b66d5faaef4c92f1ebaa142fdea5214db05ac4,0.0,0.894,0.106,0.5574
2025-04-14 12:54:23,Apple leads tech stocks higher on Trump's temporary tech tariff reprieve,Yahoo,https://finnhub.io/api/news?id=44febe897346cf1c053012358e4a6fd3af3bfe3e1b6677353011c9eb4965ab97,0.0,0.821,0.179,0.802
2025-04-14 12:52:35,Citi cuts internet stock targets amid tariffs and softer macro,Yahoo,https://finnhub.io/api/news?id=518df1d6440acc0748f4d3c81bbb6fd816d6fa5f90a48b48c6bb54b9aaf80e51,0.226,0.774,0.0,-0.8655
2025-04-14 12:10:22,Amazon Q1 Earnings Preview: Cheaper Than Walmart,SeekingAlpha,https://finnhub.io/api/news?id=f3cb8513802241acc682bc44e0ec7dfc2ee79582583e3a755ee595cc094bf347,0.0,0.779,0.221,0.1779
2025-04-14 11:45:43,Young Banker Holding $58K Portfolio Sees Red – 'Reallocate Into VOO Or Hold On To It And Ride It Out?' – Reddit Explodes,Benzinga,https://finnhub.io/api/news?id=7a3bcfac51c3c0933a59246fd5573ed73a2c898340ef92939e2fa45260bda79c,0.0,0.946,0.054,0.2382
2025-04-14 11:33:20,Safran and AWS Announce Strategic Collaboration to Accelerate Innovation in the Aeronautics Industry,Finnhub,https://finnhub.io/api/news?id=07dba616f74948670a96a9c541ae419dbd8e4347537adbf80717115111604c65,0.0,0.879,0.121,0.5859
2025-04-14 11:26:00,Distillate Capital Q1 2025 Letter To Investors,SeekingAlpha,https://finnhub.io/api/news?id=6b0c0b9f146a2738378fd6c1ffc149108197ce56a0f1b136dbe5854217b12d88,0.0,1.0,0.0,0.0
2025-04-14 11:01:17,Recent Filing Shows That Rep. Scott Franklin Bought Over $16K Worth of Novo Nordisk Stock,Benzinga,https://finnhub.io/api/news?id=032977179f914b1c9bb09bedcf65fc2894856bea450d96d479e0c08e08035e68,0.0,0.881,0.119,0.2263
2025-04-14 10:01:20,Kaufland Marketplace to to France and Italy,Finnhub,https://finnhub.io/api/news?id=294956cf3a92da77b182260709854927b0d65567c7a2f9309bd152dbf8b8d675,0.0,0.95,0.05,0.2023
2025-04-14 09:47:02,"Dow Jones Surges 500 Points On Trump Tariff News; Apple, Nvidia, Tesla Rally",DowJones,https://finnhub.io/api/news?id=949debc0bb34e46204dbc7d79b8ea4cd46bd71cc32a56b4b3350550940749adc,0.0,1.0,0.0,0.0
2025-04-14 09:36:45,Amazon's Q2 Guidance Could Catch The Street Off Guard,SeekingAlpha,https://finnhub.io/api/news?id=ffcc960ccc32099394faa470422bf104ff2b96f18b9459b365332ea18d1374f6,0.0,1.0,0.0,0.0
2025-04-14 09:30:00,Inside Nebius's Secret GPU Strategy,SeekingAlpha,https://finnhub.io/api/news?id=f21f07239b49224c99d5bef43ee315c55b91acba6fdff1703888c8d349d9bc10,0.0,1.0,0.0,0.0
2025-04-14 09:22:34,"Top 10 Trending Stocks On WallStreetBets As Of April 14, 2025 (Via Swaggy Stocks)",Benzinga,https://finnhub.io/api/news?id=646c39d9ffe3d22b3622be1670ee390defbbb478550d8bee0580661ba8d2b19d,0.0,0.886,0.114,0.2023
2025-04-14 09:15:00,Trump Just Folded On Tariffs For The Second Time: Why I Am Bullish On U.S. Treasuries,SeekingAlpha,https://finnhub.io/api/news?id=fe1a11ad1768c5ced673bc380ef46d0d5e9bdc0c95b1eaa6bd6f2cc614384a9e,0.0,0.888,0.112,0.2263
2025-04-14 08:51:00,"3 Beaten-Down ""Magnificent Seven"" Stocks to Buy and Hold",Yahoo,https://finnhub.io/api/news?id=af429e0d8e6b9216f26c5ec7aaf84d95d6d61e528ffc3632722d7919de3236f9,0.0,0.867,0.133,0.802
2025-04-14 08:41:06,Avoiding Losses Is The Name Of The Game,SeekingAlpha,https://finnhub.io/api/news?id=fb12bcd5e434aa92b7947b9ec3cf0ba2eaabc84e1527a3a8aeedf152a30cd5f2,0.251,0.659,0.09,-0.743
2025-04-14 08:00:00,Oracle Corporation: Investors Should Be More Bullish After Shares Fall,SeekingAlpha,https://finnhub.io/api/news?id=d7fa67824a66e8d3177ab2973b611a96fd3ff2d0ee16626d4355350852d9ec75,0.0,0.738,0.262,0.8387
2025-04-14 08:00:00,Amazon's Retail May Be Vulnerable - Its Cloud Business Is Not,SeekingAlpha,https://finnhub.io/api/news?id=bf0a0424827c076f6ff89050b2153b10cbc126d22c8b33607e3eb86ab90db1b9,0.077,0.793,0.129,0.5076
2025-04-14 06:36:18,"Jeff Bezos-Backed Slate Auto To Take On Elon Musk's Tesla, Rivian With Budget EV Pickup: Report",Benzinga,https://finnhub.io/api/news?id=4c8193bfa9b4ce4928e55adebd58ba94875a43eb9b0646d6349c8ad5ce2c90aa,0.0,0.971,0.029,0.0258
2025-04-14 00:45:55,“Screw the Chinese or Get Screwed!” – Jim Cramer’s Bold Amazon.com (AMZN) Take,Yahoo,https://finnhub.io/api/news?id=c110a8a244bd4e97bec1756edc634389a83379c93c5acef0e271408456d9dde5,0.048,0.917,0.036,-0.2244
2025-04-13 22:45:00,Amazon and Alphabet Bet Big on AI. Why History Says It's Time to Buy Both Stocks,Yahoo,https://finnhub.io/api/news?id=038b8eecc0cad28eafcce6cd0fbe376f51432a5d715204bd3ade66cdef6fb3ed,0.0,0.937,0.063,0.5023
2025-04-13 21:19:33,"Alphabet May Become The Largest Company In The World, Here's How",SeekingAlpha,https://finnhub.io/api/news?id=b437efb93217ac04155848658e9974d3560f198ebeb0fddd8ceaa26ad44e1648,0.0,0.968,0.032,0.0772
2025-04-13 17:57:59,"Amazon.com (AMZN) Bets $8B on Anthropic, Expands AI in AWS & Shopping",Yahoo,https://finnhub.io/api/news?id=46004a32b18cbc15a0c68fc9fac1a2be6c87c91a3def3583d15389a8faaef1c7,0.0,0.796,0.204,0.9442
2025-04-13 16:19:00,ClearBridge Large Cap Growth ESG Strategy Q1 2025 Commentary,SeekingAlpha,https://finnhub.io/api/news?id=9dce9a7e0cb758c599555c55ee64d26c6885c4334e8b06c537fed55dc1ed5daf,0.0,0.776,0.224,0.7783
2025-04-13 16:00:00,"Don't Worry, AI Investors, the Artificial Intelligence Boom Is Still on -- But There Are Rising Dangers for Nvidia",Yahoo,https://finnhub.io/api/news?id=ed24f15e8470e81cc64119880456a3567974028f03534ee75e4071fa665ff7a7,0.037,0.816,0.147,0.8946
2025-04-13 14:12:47,DJD: Dividend And Value In Mega Caps,SeekingAlpha,https://finnhub.io/api/news?id=3814e8985460c1a7daafd9627c1aa365e76705ede58ad1cd79cffc47239cd0a2,0.0,0.705,0.295,0.872
2025-04-13 13:15:00,ClearBridge Appreciation ESG Strategy Q1 2025 Commentary,SeekingAlpha,https://finnhub.io/api/news?id=e1482822139534b3cf52f21a40eba7b71687da970c3c2ff83e4d40f14f065caa,0.0,0.736,0.264,0.8271
2025-04-13 12:50:01,Low Earth Orbit Satellites Are The Future; Telesat Is A Speculative Player,SeekingAlpha,https://finnhub.io/api/news?id=6f4ba1433a6f2456c9e21d60ee09937f6fd0c2ad17c698bb4bd6b480e5534351,0.058,0.904,0.038,-0.1779
2025-04-13 12:15:00,Nasdaq Bear Market: 2 No-Brainer Stocks to Buy Right Now,Yahoo,https://finnhub.io/api/news?id=28a19a672d36c6cf16b5587b21a678a2edfd5aa40cf618ae7d5d2065444592c8,0.0,0.987,0.013,0.1027
2025-04-13 09:30:26,"Software Engineer Making $9,000 a Month in Dividends Shares Portfolio, Says He 'YOLO'd Tech Stocks in IRA'",Benzinga,https://finnhub.io/api/news?id=bdfd48d1f25d5ebcef79099937d354ec26a069d6622101457146a19c7d2f5aae,0.0,0.879,0.121,0.296
2025-04-13 09:00:00,Netflix Q1 Preview: Ad-Tier Faces Its Biggest Test Yet (Rating Downgrade),SeekingAlpha,https://finnhub.io/api/news?id=e41672857fff0073685d8b7e25a5202fe6b8277b975d6145a5dbbb95a5522652,0.0,1.0,0.0,0.0
2025-04-13 08:35:00,4 Monster Stocks to Hold for the Next 10 Years,Yahoo,https://finnhub.io/api/news?id=0069263e86b49bd6e2506f45d7669c0bb5915f3c3de1fd0b296560fa63e5a2c7,0.0,0.792,0.208,0.9652
2025-04-13 07:25:00,Amazon Could Beat Tesla to This Massive Market. Are Investors Missing Something?,Yahoo,https://finnhub.io/api/news?id=a843918e50f9bbe44b9aaed1d61a49e77192d3f624e5a791a9557025b83e9346,0.129,0.807,0.064,-0.7941
2025-04-13 05:30:00,Amazon Wants to Keep Prices Low. One Seller’s Tariff Woes Show Why It’s Hard,DowJones,https://finnhub.io/api/news?id=31e8a621f3509624a702cddf4777d7d0ae4caa7165567c99dfc50868e2a86d44,0.354,0.552,0.094,-0.8126
2025-04-13 04:21:21,Tariffs Take Aim At Amazon: Navigating 'Liberation Day' Shock,SeekingAlpha,https://finnhub.io/api/news?id=06e75178b6ebf98af3164eda556092dc622b40033e1ce66029497b3b68e7573c,0.145,0.756,0.099,-0.3818
2025-04-13 02:00:00,Here’s Savvy Advice on What to Do With Tech Stocks Now,MarketWatch,https://finnhub.io/api/news?id=9a99fc2396d0e4b0075116e53312e9e7f1628bee9a5c364d1bb0d02d0a81be28,0.0,1.0,0.0,0.0
2025-04-12 22:10:00,Here's How Artificial Intelligence (AI) Is Driving Profit Growth for These 2 Tech Stocks,Yahoo,https://finnhub.io/api/news?id=55445953bbe53da1006d312270d8e97d37c2da4045d9001115661acf7ab95c6c,0.0,0.749,0.251,0.9701
2025-04-12 18:04:58,Exclusive: Chinese suppliers are offering U.S. Amazon sellers a tariff solution—but it’s not legal,Yahoo,https://finnhub.io/api/news?id=b0ebaf3a975be1ba82210ab325564c5e95ec0f0a6c568a49c4dbb33b9263d4b4,0.116,0.77,0.114,-0.2663
2025-04-12 16:10:35,"Amazon.com, Inc. (AMZN): Amazon Maintains AI Focus Despite Tariff Pressure and Price Target Trim",Yahoo,https://finnhub.io/api/news?id=635dfae9022d491bc4d2fa352cc36ae0709ae32b06944109ee8aa2c645aedd9f,0.033,0.918,0.049,0.0485
2025-04-12 14:00:19,Mark Zuckerberg's empire at stake as Meta prepares to battle Trump's antitrust cops in court,Yahoo,https://finnhub.io/api/news?id=55f2d5976866b96d1bd1a65933e4714cb3f4b0134d7b61549dd1178b47bc1edf,0.088,0.861,0.051,-0.296
2025-04-12 13:00:00,"Trade tiffs in Trump-world, Amazon cuts back, and McDonald's lemonade: Business news roundup",Yahoo,https://finnhub.io/api/news?id=32b4cae387d949c0498a1decc0631e8258bda44954a80051483e59f5ecb928a3,0.074,0.87,0.057,-0.128
2025-04-12 13:00:00,"Apple's 'complete disaster,' Microsoft's tariff uncertainty, and Amazon's vibe: Tech news roundup",Yahoo,https://finnhub.io/api/news?id=fa7b7abc721f86031794f8bec4e9e42e73517fe86949d6bb534e1297ab69a5f1,0.206,0.794,0.0,-0.7579
2025-04-12 12:39:08,Is Amazon.com Inc. (NASDAQ:AMZN) the Best Tech Stock to Buy For Long-Term Investment?,Yahoo,https://finnhub.io/api/news?id=20ea08c536e3b63637be6042841f5ac3144fe9ee7bb821e9f1f72a0b781114a0,0.0,0.889,0.111,0.8555
2025-04-12 12:00:05,'Global diversification is back' as US exceptionalism fades,Yahoo,https://finnhub.io/api/news?id=454860e7dc0dc7f18960f1583184ddfd69655d29340afa185749ec311bdbb981,0.032,0.868,0.1,0.7732
2025-04-12 11:49:00,Want to Invest in Quantum Computing? 3 Stocks That Are Great Buys Right Now,Yahoo,https://finnhub.io/api/news?id=974400b10fa72ede92abf09e62c7009e903b9ff7c96fc6a0808a2a7f3b6e7cf7,0.0,0.788,0.212,0.8582
2025-04-12 11:30:57,"Meet Walmart heir Steuart Walton, the most powerful board member you’ve never heard of",Yahoo,https://finnhub.io/api/news?id=6f361ac0394166fe7c88461e0a813444bb14fd67af52f221fbe6a25828bca876,0.0,0.909,0.091,0.6353
2025-04-12 11:28:56,"Meet Walmart heir Steuart Walton, who will lead a new era for the retailer",Yahoo,https://finnhub.io/api/news?id=e87fb60b9e0b425eca528926f99df7fce8597135d7281ccdb6eb9de18e9131ef,0.021,0.943,0.036,0.128
2025-04-12 09:50:00,2 Reasons to Avoid Amazon Stock as Tariffs Escalate,Yahoo,https://finnhub.io/api/news?id=7cf1b9e707e83370326bbf52fb7810d1e49826e228f355f70b6b6d7340f95386,0.1,0.87,0.03,-0.7897
2025-04-12 08:25:00,"5 Cheap, Leading AI Stocks That Are Screaming Buys in April",Yahoo,https://finnhub.io/api/news?id=fa6ab86fbb47b6276650c666dc3aa599f629bd09253e092ac84c3b60c5f7206c,0.055,0.866,0.079,0.34
2025-04-12 08:05:00,7 Quality Dividend Stocks I'm Buying As Tariff Risks Remain,SeekingAlpha,https://finnhub.io/api/news?id=1c5d5d7971edfc3e5f7ee56bff19e55db9bf60ed86bf190ae24d84acf6221a5b,0.189,0.811,0.0,-0.2732
2025-04-12 08:01:20,"Benzinga Bulls And Bears: Apple, Nike, US Steel — And The Markets Ride Out Ongoing Volatility",Benzinga,https://finnhub.io/api/news?id=6ff1a8b08e0f022412db2dc2306b5472be61abf228c617b3dac269f3ad0c9eef,0.0,0.837,0.163,0.7184
2025-04-12 08:01:00,Warren Buffett Owns 2 Artificial Intelligence (AI) Stocks That Wall Street Says Could Soar Up to 50%,Yahoo,https://finnhub.io/api/news?id=0188aa1f01ec85a95c261e40b0c9c0b03e3214aeb9961398fa626c2ca7ee2866,0.0,0.747,0.253,0.9652
2025-04-12 07:32:00,This Growth Stock Could Be the Best Investment of the Decade,Yahoo,https://finnhub.io/api/news?id=0ec43c581bccea741181b38f6bb5f32fc31f3845d477491ae42909e8a495ca9e,0.0,0.657,0.343,0.8555
2025-04-12 06:08:58,Tariff Panic? Why I'm Buying More Microsoft While Others Sell,SeekingAlpha,https://finnhub.io/api/news?id=e1faf76d944afb070c7366ed911f1b5e7ab6d29a8477ba3a3cef3ffb0e3ece0c,0.268,0.732,0.0,-0.5106
2025-04-12 05:47:25,5 Key Investment Trends To Watch For The Next Decade,SeekingAlpha,https://finnhub.io/api/news?id=5f1c35104f03d7603b4f8aacc4a4d057adaabe6f0ff56355ead1941caff35a52,0.0,1.0,0.0,0.0
2025-04-12 02:35:00,Deep Dive Into Amazon's 2024 Shareholder Letter,SeekingAlpha,https://finnhub.io/api/news?id=5d78b4a6effef263d070e87b7c293a701e617c0b6ea851e4fdeee54616501250,0.0,0.851,0.149,0.4939
2025-04-11 20:59:56,Is Amazon.com Inc. (NASDAQ:AMZN) a NASDAQ Stock with the Highest Upside Potential?,Yahoo,https://finnhub.io/api/news?id=3f9c362920fce9374a6ee27d6b2146bd67b78d0331bac3df1217c94bed9a7479,0.0,0.968,0.032,0.296
2025-04-11 19:48:00,Art Is in a Bear Market. A Trade War Won’t Help.,MarketWatch,https://finnhub.io/api/news?id=1131c7ebd25bfae75ed43d91cd28397c1a8464345c1a525b9112c764b5afe74f,0.25,0.577,0.173,-0.5267
2025-04-11 17:55:13,Chinese Electronics Firm Anker Raises Prices on Amazon,Yahoo,https://finnhub.io/api/news?id=bf6210eb9573c1a3a06a280e9c43c70efb5173f705bf62144ee0e02c698d639a,0.0,0.911,0.089,0.5719
2025-04-11 17:17:43,Amazon Turns Challenges Into Opportunities: Why I Am Buying,SeekingAlpha,https://finnhub.io/api/news?id=417203c6c6c195b6bab6294640a3127f21a76ca4f91af09e83aca01f2fa0aa1b,0.0,0.517,0.483,0.5574
2025-04-11 17:15:26,Amazon.com (NasdaqGS:AMZN) Powers EHR Data Revolution With OMNY Health Partnership,Yahoo,https://finnhub.io/api/news?id=b34cc3313f9beab50d68f7e2e54fd6ac318b340672a0116402d1a75a13df57e2,0.0,0.883,0.117,0.8481
2025-04-11 16:39:43,Amazon Stock Breaks Nine-Week Skid As Wall Street Debates Tariff Hit,Yahoo,https://finnhub.io/api/news?id=96dcc23de843f7996dfa52f07095fdf773f791c8b8effd4a6a130e81856e0cee,0.032,0.814,0.154,0.7845
2025-04-11 16:39:43,Amazon Stock Set To Break Nine-Week Skid As Wall Street Debates Tariff Hit,Yahoo,https://finnhub.io/api/news?id=a7ae4539bd8cd65b4f3bd192716f6a5b0731064599671c00671a56a6eb55374d,0.077,0.767,0.156,0.1779
2025-04-11 16:37:00,Amazon makes harsh move amid major customer concern,Yahoo,https://finnhub.io/api/news?id=b71da82a5b893ceadc6e34573af1de38191cdfeed1614fd13c8829fa17041252,0.245,0.623,0.132,-0.5994
2025-04-11 16:25:35,"Is Amazon.com, Inc. (AMZN) the Top Tech Stock to Buy According to Billionaire Ken Fisher?",Yahoo,https://finnhub.io/api/news?id=3b9c39df589f874f942c89fe570f99d1038abdf06ccbcaec61ded242665efc0c,0.0,0.895,0.105,0.7096
2025-04-11 16:08:54,"Amazon CEO Andy Jassy says after nearly 30 years at the company, one trait separates those who see their career thrive: a high ‘WhyQ’",Yahoo,https://finnhub.io/api/news?id=0529d16e12f626529b41962dcc97c40fd459e6ee08698eaac00dbf0fe05e9b27,0.0,0.936,0.064,0.34
2025-04-11 16:05:29,"Prada to acquire Versace, CarMax reports mixed Q4 results: Morning Buzz",Yahoo,https://finnhub.io/api/news?id=d4ad8d6061a012b3811e7bb20b75355b6afb9bb2180fbb1a177516c32b0101a9,0.092,0.881,0.027,-0.5742
2025-04-11 16:04:05,Consumer confidence craters as recession fears grow,Yahoo,https://finnhub.io/api/news?id=d910793a6bf6f5937b9cca59f69e63d05938af8b3c59f66e86cc19007fa5db58,0.395,0.372,0.233,-0.5413
2025-04-11 15:28:48,Alphabet: A Safe Bet In A Stagflation Scenario,SeekingAlpha,https://finnhub.io/api/news?id=36cc327a9c591a8c065bf3e5902cf5c30e0eb08d413851d38683a24ace4fbe81,0.0,0.707,0.293,0.4404
2025-04-11 15:09:02,Will Amazon.com (AMZN) Offer an Attractive Risk-Adjusted Return for a Longer-Term Investment Horizon?,Yahoo,https://finnhub.io/api/news?id=8dd9ca209a75daf12f0394209606b694f4e7fa699aa684315b5a3bbad7933e54,0.0,0.915,0.085,0.7351
2025-04-11 13:00:14,"Investors Heavily Search Amazon.com, Inc. (AMZN): Here is What You Need to Know",Yahoo,https://finnhub.io/api/news?id=06b99181b65e7bec93240a0fa158c37699b4408fafc486a74d51f1d025e112f3,0.068,0.845,0.087,-0.0516
2025-04-11 12:36:25,Amazon com : Safran and AWS Announce Strategic Collaboration to Accelerate Innovation in the Aeronautics Industry,Finnhub,https://finnhub.io/api/news?id=935e26d6b0746205b03ac1cbecb39e92c896052649b6fc752a9c880aed97b9bb,0.0,0.857,0.143,0.6705
2025-04-11 12:30:00,Oakmark Global Select Fund Q1 2025 Commentary,SeekingAlpha,https://finnhub.io/api/news?id=c2f67391898c019b4e1eb56b53f2a8998036e02f5c6c8f39deb727c00689b63e,0.0,1.0,0.0,0.0
2025-04-11 12:28:00,Amazon.com (AMZN) Faces Tariff Trouble – Cloud Concerns Grow as BofA Trims Target,Yahoo,https://finnhub.io/api/news?id=a4b0b3932ead97ac53193bdaf77ef8a7aa0001a8d3d3c87285633da6985bb22f,0.09,0.91,0.0,-0.765
2025-04-11 12:20:00,2 No-Brainer Warren Buffett Stocks to Buy Right Now,Yahoo,https://finnhub.io/api/news?id=5b4dea76685840402d18c7e2f1f5b2ea35bb1666467a78f8476368b37c32b4d1,0.055,0.878,0.068,0.2718
2025-04-11 11:16:29,"Trump’s tariff shift still has markets, industry groups panicked",Yahoo,https://finnhub.io/api/news?id=effceb73467d79d36b8bd72bee3947d6b94382c5f604e28880389e76f49068ce,0.137,0.824,0.04,-0.8516
2025-04-11 11:00:00,Nasdaq Bear Market: 3 No-Brainer Artificial Intelligence (AI) Stocks to Buy in April,Yahoo,https://finnhub.io/api/news?id=2031a0b4c6c72c6cc36a2cb10dcb8d579eb3faf0a2f70e3d545e618422e850a5,0.08,0.88,0.04,-0.4659
2025-04-11 11:00:00,Amazon launches LTL service in US,Yahoo,https://finnhub.io/api/news?id=06dcfb884b01e33b19e4462205f98dcf7b7487a780bf20aac90f4fa2cd985f02,0.081,0.847,0.072,-0.0516
2025-04-11 10:30:00,"Got $1,000? 2 No-Brainer Warren Buffett Stocks to Buy Right Now.",Yahoo,https://finnhub.io/api/news?id=7879da6151e1b1443685410f8f11cc88ff8ef8e581079ab2e397d58d97d21d3a,0.0,0.833,0.167,0.8622
2025-04-11 09:53:00,Nvidia Stock Rises. It Shrugs Off Worries Over Tariffs and Rival Chips.,MarketWatch,https://finnhub.io/api/news?id=667604ab89cf505cf0bec9e10dbade5c95ac891f9285c61d99fb91d7f587c7e2,0.203,0.797,0.0,-0.6808
2025-04-11 09:09:05,Chinese electronics company Anker starts raising prices on Amazon,Yahoo,https://finnhub.io/api/news?id=bcf20742082b731dded131494f9388423c77cc23c156dcc390158f20c559a84b,0.0,0.961,0.039,0.4588
2025-04-11 08:20:00,My 2 Favorite Stocks to Buy Right Now,Yahoo,https://finnhub.io/api/news?id=f23181f7aed7f6c7fedb1f4880b90c0e22422d5f747a9a420f72f2612e2a6302,0.087,0.817,0.096,0.203
2025-04-11 08:00:00,Andy Jassy’s shareholder letter highlights his quest to resurrect the startup that Amazon once was,Yahoo,https://finnhub.io/api/news?id=b2144162074a2610f62dbef6cb0ec7aee6be0be54bd1fc226f6faf65997a4692,0.0,0.952,0.048,0.1779
2025-04-11 07:06:00,"China Calls Trump Tariffs Standoff a Joke. Tesla, Apple, Stock Markets Aren’t Laughing and 5 Other Things to Know Today.",MarketWatch,https://finnhub.io/api/news?id=8dd9d349be8d6676fca54aa3eb65b202baaf7bac4848b10d154aaa2630a4fdc6,0.0,0.769,0.231,0.8689
2025-04-11 07:01:32,Chinese traders shy away from Amazon U.S.,Finnhub,https://finnhub.io/api/news?id=b58d38e8893be477f7b957708c955bcd183291be59480e4f952224e19f42aaba,0.099,0.822,0.08,-0.2023
2025-04-11 06:49:54,"Amazon-backed More Retail plans India IPO next year, betting on its hybrid model",Yahoo,https://finnhub.io/api/news?id=d48ab02d746278c9c3df85868b6dbb20c1da98299d56934aecd447305d8a4c45,0.0,0.943,0.057,0.7269
2025-04-10 22:35:00,Optimism Burns Off On Reentry To Economic Doubt,SeekingAlpha,https://finnhub.io/api/news?id=0b86718ffe36486454056a9201ff2cb77792c305daabc2866a62883fbc7959b9,0.208,0.5,0.292,0.25
2025-04-10 21:03:42,Amazon launches inbound-only LTL service,Yahoo,https://finnhub.io/api/news?id=3ee4525cbecd13f6cafe3c64773a3c66c33a450db3de7e9f28b2ee3e83f83f99,0.0,0.884,0.116,0.4767
2025-04-10 21:02:13,Retailer Five Below Cancels Orders Amid US-China Trade War,Yahoo,https://finnhub.io/api/news?id=8bcad4a368b574e2b8e7a7276068135063c11f393abe26b52767b5c6cbb37276,0.116,0.884,0.0,-0.8834
2025-04-10 21:01:00,"British Columbia to Axe US Contracts, Pushing Back in Trade Spat",Yahoo,https://finnhub.io/api/news?id=c206a146bc2106b7cb1c8ed721adcecaf1cc108eb2c6b0665a9c63afaae07b0b,0.016,0.914,0.07,0.6908
2025-04-10 21:00:35,"Amazon.com (AMZN): Tariffs, Stockouts, and Why Jim Cramer Still Believes",Yahoo,https://finnhub.io/api/news?id=c179d3bd45d7085780b85945da647dfc1e4a58837fda6a58e7271b9935d2c899,0.048,0.952,0.0,-0.5106
2025-04-10 20:08:14,"FedEx, UPS lose parcel market share to big retailers, smaller couriers",Yahoo,https://finnhub.io/api/news?id=803aaaf8961640cd60af9af894a03f70d21a981872cc1830bdf53c3a5accff4a,0.08,0.736,0.184,0.7269
2025-04-10 19:46:16,Jassy Says He Wants Amazon to Be Like a Startup,Yahoo,https://finnhub.io/api/news?id=b61604b1e53db208143fea55646eb566761f692cae40cc6a2d2e61910f5cda2d,0.0,0.829,0.171,0.7713
2025-04-10 19:18:54,Amazon CEO Denies Company Made Bid for TikTok U.S. Unit,Yahoo,https://finnhub.io/api/news?id=89b6fd0c50e0c8685f7d74dc015600692d1fcd13ab383c98b0a1a878b71fdb77,0.069,0.833,0.098,-0.0516
2025-04-10 18:39:09,"Amazon (AMZN) Price Target Slashed by Investment Bank, But Bullish Outlook Maintained",Yahoo,https://finnhub.io/api/news?id=0d27e474030c2669500b8eb33bb0f69d11d2f5a13df87fd38d4d75b6778b32ce,0.098,0.829,0.073,-0.4404
2025-04-10 18:33:00,Analysts send strong message on Amazon stock amid turmoil,Yahoo,https://finnhub.io/api/news?id=42eaeddfd860fccb65b956d446f00be6c2862dd264801c834823c273e7131f13,0.211,0.625,0.164,-0.34
2025-04-10 18:09:06,"Amazon CEO Maps Out $75B AI Vision, Eyes Future With Kuiper and Alexa+",Yahoo,https://finnhub.io/api/news?id=b01dc32cb7dc85e0b70c7d02c18982edf2eabf4fb50d7c630461fbbb10c8a5c6,0.0,0.814,0.186,0.6597
2025-04-10 18:03:25,Jim Cramer on Amazon.com (AMZN): “A Lot Of Mistaken Trading”,Yahoo,https://finnhub.io/api/news?id=b49cc7ffb89ab905ccb9016705d9344337386c39698dda0c49597a1eda9cf6d6,0.037,0.963,0.0,-0.3612
2025-04-10 17:31:04,"Capri aims to revive Michael Kors with lower prices, Amazon e-commerce sales",Yahoo,https://finnhub.io/api/news?id=40f253cc93936cc10fb6b5d41b514e62d4ae6ae25e41947e12a8052f457c3e9a,0.032,0.92,0.048,0.25
2025-04-10 17:19:12,Big Tech Sticks to AI Spending Plans Despite Tariffs—For Now,Yahoo,https://finnhub.io/api/news?id=372cc5794de8b955c8e2a92c0964ef161ba5a8e29b33db2c4d60009ccf376077,0.033,0.831,0.136,0.7533
2025-04-10 17:19:02,"Amazon Begins Launch of Satellite Internet Network, Eyes Long-Term Growth",Yahoo,https://finnhub.io/api/news?id=c15c656d4cdc4f25978698cef8e29e8377f36977e7c8a05972ce3d6c8e363449,0.074,0.775,0.151,0.296
2025-04-10 17:15:24,Amazon.com (NasdaqGS:AMZN) Partners With OMNY Health To Advance EHR Data Access Through AWS,Yahoo,https://finnhub.io/api/news?id=9d32bf95347a98f3d1a793611567904572a3dc77dfc042f705346a0266d26660,0.019,0.882,0.099,0.6506
2025-04-10 17:08:51,Mag 7 market cap value surged on tariff pause news,Yahoo,https://finnhub.io/api/news?id=f750267b019b90d543853466e0bd750d0855bc71685119b6770e39f8b345a636,0.0,0.924,0.076,0.7906
2025-04-10 17:02:48,"Amazon Is Going All In on AI. Jassy Says Others Should, Too.",Yahoo,https://finnhub.io/api/news?id=63b2fd89a7bf4f4050b3123bf8188bbca5a7c2ffbedbd51ccaff1b8ccd55ea10,0.0,0.78,0.22,0.6369
2025-04-10 16:40:10,"Jim Cramer Says: “Amazon (AMZN) Has All the Cards – It’s a Steal, Frankly”",Yahoo,https://finnhub.io/api/news?id=e2d6e1087958cc25570347993f6268261258e0699cbeb04a87dd971a03b56fa8,0.086,0.914,0.0,-0.7506
2025-04-10 16:34:00,"Apple, Nvidia, Meta, and more Magnificent 7 stocks slide as the Nasdaq rally kicks into reverse",Yahoo,https://finnhub.io/api/news?id=8b35ad0335bb127e20138e8ceb5bdf924a543d50b5738bb7073ecadc2a4a95cd,0.0,0.874,0.126,0.7089
2025-04-10 16:31:13,Amazon Just Flipped the AI Switch -- And It's About to Change Everything,Yahoo,https://finnhub.io/api/news?id=c796a41f9cded7a5c4cc3d54538cdda78b9f18f0df820203d3e036aa74d68d54,0.0,0.946,0.054,0.1779
2025-04-10 15:30:00,Harbor Mid Cap Value Fund Q4 2024 Commentary,SeekingAlpha,https://finnhub.io/api/news?id=c641fbb5af096e14d02db6cb15aa59cf2865db40883254d9c95f8e7d11676f44,0.0,0.745,0.255,0.34
2025-04-10 15:30:00,Get diversified: 'Mag 7 will no longer be the Mag 7' in 5 years,Yahoo,https://finnhub.io/api/news?id=646a81f5169b632b113568ad4389dd616f249786c4587f9f785b7eb568735b80,0.017,0.857,0.126,0.891
2025-04-10 15:06:56,Tariffs Are Coming -- And Amazon Shoppers Are About to Pay the Price,Yahoo,https://finnhub.io/api/news?id=6de71c6bc21972fc0dc4b0662162f17f52edfe747f002b0224461d3d88453649,0.042,0.906,0.051,0.0772
2025-04-10 15:02:31,Tesla Rally? Don't Be Fooled - $42 Is In Sight,SeekingAlpha,https://finnhub.io/api/news?id=f10b6ee91c454d3aee0438589f48c30a8a96889875a5501ffc997c9ec7af890b,0.0,0.805,0.195,0.2924
2025-04-10 14:54:10,"Tesla in Saudi Arabia, TSM sales, Amazon CEO: Trending Tickers",Yahoo,https://finnhub.io/api/news?id=6e5c2fe27581458c3ec8c924381b00273f55ac8750f67a407067c707128483be,0.0,0.941,0.059,0.5423
2025-04-10 14:49:41,The Medium-Term Impact Of Tariffs On The Technology Sector,SeekingAlpha,https://finnhub.io/api/news?id=ad828c92fd62b5ed49bdaf848c1441259d2fd4aea6a403858de718a2e10f8e7f,0.0,0.935,0.065,0.3612
2025-04-10 14:39:02,"Amazon, Wayfair, Pinterest Win Analyst Backing Due To Tariff Pause, Supply Chain Relief, Discretionary Spend Recovery",Benzinga,https://finnhub.io/api/news?id=7867f2e8e8ba3380a5890f25047c885fd683d353461ac1cedda77af8a6ce0731,0.0,0.702,0.298,0.9322
2025-04-10 14:29:00,"Amazon needs to stay 'the world's largest startup,' CEO says",Yahoo,https://finnhub.io/api/news?id=ebd46a39d85bde9b1183e8b1fe51cc8061f0bdcab21d6ca72579a5c66c34ba9b,0.029,0.859,0.113,0.5267
2025-04-10 14:25:36,"Andy Jassy asked Amazon employees to call out all the red tape at the company and received almost 1,000 replies",Yahoo,https://finnhub.io/api/news?id=cba49b52745c8aa569e20a8e781116683e5751a8135f79d5225de09c939e8806,0.0,0.898,0.102,0.34
2025-04-10 14:25:00,Amazon CEO: AI is Key to Staying ‘Competitive’ as Company Takes On Nvidia,Yahoo,https://finnhub.io/api/news?id=e6481b72748539d8bac3c3446e38d9bb7fa755b562d45aeb27a5afcdff30035a,0.0,0.946,0.054,0.1779
2025-04-10 14:15:19,"Expect Amazon prices to rise because of tariffs, CEO says",Yahoo,https://finnhub.io/api/news?id=0e4d59628c98f4907066e134df5c02fb96f7f017ff2d5523cc2f2bce05cd838e,0.112,0.749,0.138,-0.2732
2025-04-10 13:51:00,Amazon CEO Says Generative AI Will Reinvent Every Customer Experience,Yahoo,https://finnhub.io/api/news?id=5c2aab184cbacf72d7d01e164b416d23f4635a372c43d1b7f67a69a84134acbd,0.0,0.955,0.045,0.1779
2025-04-10 13:46:00,Trump's Tariff Pause Triggers Epic Rally: How to Play Mag 7 Now,Yahoo,https://finnhub.io/api/news?id=09361f0a30fe0107ec0f68c31af4b83bfa0092f811da79e8d7c20c69670ffb1d,0.0,0.725,0.275,0.8555
2025-04-10 13:45:00,"Down 20% This Year, Here Are 3 Reasons Why I'm Still Loading Up on Amazon Stock",Yahoo,https://finnhub.io/api/news?id=d49f146e3099ddf3c8e8676ad925d9ea7fbe5883f1c0fa1c3145d6c223c1c164,0.02,0.936,0.045,0.0703
2025-04-10 13:14:32,What should investors do after Trump's tariff U-turn?,Yahoo,https://finnhub.io/api/news?id=5a817f8780df1e68682bc1540d1c7fd69551bcf9d578cf076e36442af0f6d273,0.0,1.0,0.0,0.0
2025-04-10 13:10:00,Wall Street Lunch: Amazon Sellers May Pass Tariff Costs To Consumers - CEO,SeekingAlpha,https://finnhub.io/api/news?id=7215a3eac43123d1287460e1797541528dfc2f02760a9c09d82e665a2c0b7131,0.0,0.876,0.124,0.1779
2025-04-10 13:05:43,"Amazon Is Working to Keep Prices Low, CEO Says",Yahoo,https://finnhub.io/api/news?id=fb201591e165b0f609ca496726937610cc87be290ac71bc42a6d16b801a62843,0.077,0.881,0.042,-0.4404
2025-04-10 12:53:00,3 Signs AI Demand Remains Strong Amid Tariff Uncertainty,MarketWatch,https://finnhub.io/api/news?id=5806dc28604622536cf6ab11519ae469a7c0bea06c1664af843bcf8e5b243052,0.295,0.455,0.25,0.2023
2025-04-10 12:52:00,"Nike, Walt Disney share losses contribute to Dow's 1,586-point drop",MarketWatch,https://finnhub.io/api/news?id=df74ceed051e2331115204d88735d30e0f63520fef0a282ad8bae10e0fcab182,0.343,0.5,0.157,-0.6369
2025-04-10 12:49:24,Amazon's China Problem Is Massive -- And Massively Overblown,SeekingAlpha,https://finnhub.io/api/news?id=04d53f0b9d7bef39ea3f5b4eaf781940af9f295c4d6859aef707172aba32cc2d,0.252,0.748,0.0,-0.4019
2025-04-10 12:46:13,QQQ: I Have Been Waiting For A Drop Like This,SeekingAlpha,https://finnhub.io/api/news?id=dc5c4aa9b26ac5e0b891768c545b8382da973c1a6362aa9114f40ca27995964f,0.04,0.691,0.269,0.836
2025-04-10 12:45:14,"Wall Street Tumbles, Dollar Crashes, Gold Hits Record Highs As Inflation Cools More Than Predicted: What's Driving Markets Thursday",Benzinga,https://finnhub.io/api/news?id=17cd4c5b66ea29ada954dc61b80eca8bd525061d7af53f1932610eabc5e58df9,0.109,0.891,0.0,-0.4118
2025-04-10 12:43:20,Amazon Leader Defends 'Investing Aggressively' On Generative AI In Shareholder Letter,Yahoo,https://finnhub.io/api/news?id=582e0094e4c6ff94dcc6bea0e610610bb87ac448f6286f377f6022d23ee270c8,0.141,0.752,0.107,-0.2732
2025-04-10 12:41:56,Google Cloud vs. Amazon’s AWS: The Cloud Face-Off You Can’t Ignore,Yahoo,https://finnhub.io/api/news?id=81ebeeb4ff465a491f2d7617faf16d043d5a3e90be4821c8c04be1aa4ea4649d,0.069,0.857,0.074,0.128
2025-04-10 12:39:27,This Week In E-Commerce - AI Drives Transformation Across Global Commerce Landscape,Yahoo,https://finnhub.io/api/news?id=f3656de1dd2da40c1fbd3e936467a4bb2b98bc4041bb1b208323b52ad93f6f9c,0.0,0.925,0.075,0.6369
2025-04-10 12:32:00,ESG Still Matters. 3 Defensive Stocks That Make the Grade.,MarketWatch,https://finnhub.io/api/news?id=2f1105f3dfcd5cd644f0a1d01686600ce5c74026d15ec6b06e9ba489a1ec1115,0.0,0.784,0.216,0.1027
2025-04-10 12:30:00,"Tariffs Are Crushing These 2 Stocks, but Long-Term Investors Could Get an Amazing Bargain",Yahoo,https://finnhub.io/api/news?id=467f0936b6cb7954612cd9b01c79fbcbd0fba19c66b651183a94c53649e2780a,0.07,0.648,0.283,0.9568
2025-04-10 12:30:00,AI-Powered Service Robots Redefine Hospitality as Industry Innovators Lead the Charge,Yahoo,https://finnhub.io/api/news?id=3b345ab817ab261b337b74519b38e7086cf647b964a4755144061b2ab8b460e6,0.047,0.861,0.092,0.5719
2025-04-10 12:16:17,Amazon.com (AMZN)’s Nova Sonic Transforms AI Speech with Emotion and Timing,Yahoo,https://finnhub.io/api/news?id=11f783f760e4579b24f668ed47c0988dbe4a39acf2221ab164d1d0f2e4eae7ad,0.0,0.969,0.031,0.2732
2025-04-10 11:41:32,Crisis Creates Opportunity: My Top Picks In The Current Selloff,SeekingAlpha,https://finnhub.io/api/news?id=3428a0113593abe43fee1dbffd7143f8e52e055967ba55882fb021da7c933994,0.089,0.607,0.304,0.784
2025-04-10 11:15:00,2 Artificial Intelligence (AI) Stocks Poised for Big Gains in the Next 5 Years,Yahoo,https://finnhub.io/api/news?id=6d8abf2a27928b6c579d36c9c079d2bcb0e75f925996b2b05a9085e1cfde271c,0.019,0.755,0.225,0.9442
2025-04-10 11:13:00,Harbor Capital Factor U.S. Large Cap ETF Q4 2024 Commentary,SeekingAlpha,https://finnhub.io/api/news?id=d513c95f6496914a3dbc2eb9f9d0b1f3e3ebba81993138c72ceab7f04b45ca60,0.0,1.0,0.0,0.0
2025-04-10 11:09:53,Amazon CEO sets out AI investment mission in annual shareholder letter,Yahoo,https://finnhub.io/api/news?id=ebb96770a581f672bf2a4015dd84b53631debdc35f9030fe79f5746768a31e89,0.0,0.828,0.172,0.9451
2025-04-10 10:53:01,"Market Chatter: Amazon Sellers Brace for Price Hikes, Shift Focus Away From US Amid Tariff Pressures",Yahoo,https://finnhub.io/api/news?id=5f7651f9df8f50df8e33da923243c328649b21bf0996db89b625ba8d0e81d4c9,0.061,0.789,0.15,0.34
2025-04-10 10:45:00,2 Growth Stocks to Buy and Hold Forever,Yahoo,https://finnhub.io/api/news?id=b4c44a9d1830356956a01885a9881154537ac93ae32d13655b3d58ef6451b59f,0.041,0.738,0.221,0.9366
2025-04-10 10:39:00,Harbor Dividend Growth Leaders ETF Q4 2024 Commentary,SeekingAlpha,https://finnhub.io/api/news?id=4e4e7ace0952f54374a9a311db1fd617812c541c75ac31706ebafdbff6f351a3,0.0,0.729,0.271,0.3818
2025-04-10 09:38:10,"Top 10 Trending Stocks On WallStreetBets As Of April 10, 2025 (Via Swaggy Stocks)",Benzinga,https://finnhub.io/api/news?id=9e558cbca1f111de6651ae5b6523ed9e4af652d5453b669707b7840055664a6e,0.0,0.899,0.101,0.2023
2025-04-10 09:34:51,"Faced with Washington, Chinese exporters are looking for a way out",Finnhub,https://finnhub.io/api/news?id=356110c683df8d8964c54a2f19efe69e57cd435be69103d7eef9b758e5b37b48,0.115,0.771,0.115,0.0
2025-04-10 09:24:12,Alphabet To $185? Here Are 10 Top Analyst Forecasts For Thursday,Benzinga,https://finnhub.io/api/news?id=76e77b09de20a8bef64cbcbef3bcfb409bf2661facf7cfd1c26a899fb0c307fc,0.0,0.847,0.153,0.2023
2025-04-10 09:15:00,4 Artificial Intelligence Stocks You Can Buy and Hold for the Next Decade,Yahoo,https://finnhub.io/api/news?id=c058fda61d5c533afaadb1dd8610a0e85026d3742cfe31a6cd084cfeadd49392,0.0,0.815,0.185,0.7096
2025-04-10 09:14:00,This fund manager isn’t big on ‘Mag 7’ tech stocks. But he likes these ‘Mag 2.’,MarketWatch,https://finnhub.io/api/news?id=f6212c4724c5bf241a3aa8f351ca2f004a13c25905b10c69adf4714d5dd42cec,0.0,0.802,0.198,0.8126
2025-04-10 09:00:00,Trump is already slowing global trade as companies pause orders,Yahoo,https://finnhub.io/api/news?id=60bb5dc0f9f2b0b1b24f48bccf1dacde722ce76f108a21c4f6b2a441888ff482,0.069,0.901,0.029,-0.6187
2025-04-10 08:50:00,Cathie Wood Goes Bargain Hunting in the Market Crash. 2 AI Stocks She Just Bought.,Yahoo,https://finnhub.io/api/news?id=61a042c84c207f54fefff6b8613461ed1fffa5be494742c6dcc06d3819e96532,0.023,0.876,0.101,0.7351
2025-04-10 08:45:00,Nvidia rules the AI chip market. Here’s what Amazon’s CEO wants to do about that.,MarketWatch,https://finnhub.io/api/news?id=c751ef7f670b8dd6dd9b84e5fa83a591bf64cc0907b2f239c2c3000e2eb62678,0.0,1.0,0.0,0.0
2025-04-10 08:10:00,Harbor Long-Term Growers ETF Q4 2024 Commentary,SeekingAlpha,https://finnhub.io/api/news?id=173fbd7b23fced2ec3e98b940b9ea88a5d7b0263c2a1d891a5af41eb92fdfb67,0.0,1.0,0.0,0.0
2025-04-10 07:52:00,We're About to Find Out the Answer to Warren Buffett's Pointed Question About Trump's Tariffs. Here Are 3 Stocks to Buy Depending on What That Answer Is.,Yahoo,https://finnhub.io/api/news?id=138b8e7300fc164da53a20cc358507d8320bc673abe7ecc9062462b7cec975c3,0.067,0.904,0.029,-0.5207
2025-04-10 07:05:13,Wall Street Breakfast Podcast: TSMC Revenue Surges On Pre-Tariff Rush,SeekingAlpha,https://finnhub.io/api/news?id=967998a960e0c6c81e186978a6c83238c57473ddb31a33991e6aa84eab6e477f,0.0,1.0,0.0,0.0
2025-04-10 07:04:19,Amazon CEO : Gen AI Will Reinvent Every Customer Experience,Finnhub,https://finnhub.io/api/news?id=c85db7b011bab9634097c0ef2ac993945d0827a3326dc72579e3bfd1742ddd1e,0.0,0.96,0.04,0.1779
2025-04-10 06:48:00,Amazon CEO: Gen AI Will Reinvent Every Customer Experience,MarketWatch,https://finnhub.io/api/news?id=2fd3a7f6e408552a0a7dd628b99991b38413a47700a5e0438b9a62925c9ef47c,0.0,0.825,0.175,0.34
2025-04-10 06:15:09,Amazon com : CEO Andy Jassy’s 2024 Letter to Shareholders,Finnhub,https://finnhub.io/api/news?id=217244cc8ed8cdabd2c7562d174ec430715ae7d8f96359558ca8ba63f92091ad,0.0,0.759,0.241,0.8555
2025-04-26 00:00:00,Tech Workers Are Just Like the Rest of Us: Miserable at Work,Yahoo,https://finnhub.io/api/news?id=014c5a0dc7b717dbd5b9f3ca0a1e136abd49f3b0d1714a6fe540a256b962805a,0.079,0.817,0.104,-0.0
2025-04-25 23:59:00,"S&P 500 Earnings: Updating Q2 '25 EPS Trends, Q1 '25 Earnings Look Great",SeekingAlpha,https://finnhub.io/api/news?id=5e86b7b8e6e72e19850533c6f239c2de3572d138747ae50b4d2ab710a1c5f430,0.057,0.775,0.167,0.6597
2025-04-25 23:00:00,"Mag 7 earnings, PCE data, April jobs report: What to Watch",Yahoo,https://finnhub.io/api/news?id=59c61d12412778543bf0ca19db22486da6131fde64f982e54d339d6cd0278926,0.015,0.906,0.079,0.7522
2025-04-25 22:45:34,DoorDash and Deliveroo on Brink of Marriage,Yahoo,https://finnhub.io/api/news?id=6e8374cd5f9efe7d2c7000243ed6aebc7f656696922ef79b8a68e59692467335,0.0,1.0,0.0,0.0
2025-04-25 22:27:31,"Amazon.com, Inc. (AMZN): One of the Most Promising Stocks According to Analysts",Yahoo,https://finnhub.io/api/news?id=77deb2a6fe5b2981d3f426a8bf08163889f5d7dbd51cafac566a07f064c5093e,0.0,0.882,0.118,0.8265
2025-04-25 21:45:14,Amazon (AMZN) Surpasses Market Returns: Some Facts Worth Knowing,Yahoo,https://finnhub.io/api/news?id=5f9fe2e4e3966a394ed46d95e8b6f9feee8e4888674413a950db9be45cb09d63,0.0,0.819,0.181,0.5106
2025-04-25 21:38:47,"How to play Microsoft, Amazon earnings using options",Yahoo,https://finnhub.io/api/news?id=9bf3ae780b139ca63995bc99c1a2e60583b6db3b3102adc183480118ca067525,0.016,0.756,0.228,0.9518
2025-04-25 21:30:13,"Investing Action Plan: Apple, Amazon, Pfizer, Caterpillar And Sparring With The Fed",Yahoo,https://finnhub.io/api/news?id=81f932e90cda346b57f62177a36ac775642c63c04439731b917b66e0910e505c,0.102,0.809,0.089,-0.3612
2025-04-25 21:19:00,Mag 7 Earnings Preview: What Can Investors Expect?,Yahoo,https://finnhub.io/api/news?id=bf8071961301fb4d9f077dc891840b4b32033c78fb649f9cc789f270442e1739,0.0,0.829,0.171,0.8577
2025-04-25 20:45:00,Stocks Claw Back Most of April’s Tariff Losses,Yahoo,https://finnhub.io/api/news?id=7d07eff50871fbea56937de8356788c1c2fd12c636a7ecdce244ad57a2b9332b,0.03,0.948,0.021,-0.2023
2025-04-25 20:34:06,"Is Amazon.com, Inc. (AMZN) the Best Stock to Invest in for Long Term?",Yahoo,https://finnhub.io/api/news?id=378aa0a709540eaa8ed21d41b55b80fd5fd09260d782f5dd6d7b33ce108eb38f,0.0,0.84,0.16,0.9274
2025-04-25 20:05:00,Amazon’s book sale crashes Independent Bookstore Day—and readers are pushing back,Yahoo,https://finnhub.io/api/news?id=229875493a0a253f78988e741641a541ce4e0d8afbe1fe4adb80bfac4bc5312e,0.088,0.912,0.0,-0.4404
2025-04-25 19:56:21,Tariff uncertainty creeps into tech earnings,Yahoo,https://finnhub.io/api/news?id=74cba4a3ec7eb128079cd94763c2ff969e5ec72cc9989f25d4d340d01a6f64b3,0.146,0.854,0.0,-0.34
2025-04-25 16:08:25,QQQ: Nasdaq 100 Is Still A Bubble - Sell,SeekingAlpha,https://finnhub.io/api/news?id=de978dde57dbc9260845d12f628076cf2a8ee1cb666566f0d37da0c7d08fb874,0.0,1.0,0.0,0.0
2025-04-25 15:59:36,Intel: Credit Likely To Be Junk Within Five Quarters,SeekingAlpha,https://finnhub.io/api/news?id=9fc5a99153830e1458787e812cc45ace7c398249c7fcbf4c6b7f89644f64aadd,0.0,0.957,0.043,0.2023
2025-04-25 15:25:37,What Wall Street is saying about Alphabet ahead of earnings,Yahoo,https://finnhub.io/api/news?id=0e49522b5a5e4c8931ce068284c435ab16aab0753eed14a3e19aed3c57c84397,0.0,0.974,0.026,0.34
2025-04-25 15:07:12,Amazon Q1 Earnings Preview: What to Expect From Upcoming Report,Yahoo,https://finnhub.io/api/news?id=cd2b584fc4dfb7656f1893b13f15a45ab65d57b8c9fb7b30a1e15ef3ab5f552b,0.082,0.681,0.237,0.5106
2025-04-25 14:39:22,Big Tech ETF rallies Friday to accelerate strong weekly advance,MarketWatch,https://finnhub.io/api/news?id=2ae32e98caa83db2ae8cf7dc39c1b04b7c3ef61f7d23f56ad16f1c7be6a8371e,0.0,0.732,0.268,0.765
2025-04-25 14:36:12,Amazon infuses $40m into Indian payments arm,Yahoo,https://finnhub.io/api/news?id=746ae7fe50387d180f85475ce40868a77bffdb08494ef57dc9749038083034d6,0.0,0.943,0.057,0.1779
2025-04-25 14:32:16,"Why Amazon, Spotify, & Netflix are this expert's top stock picks",Yahoo,https://finnhub.io/api/news?id=7acfc530bdbd785825ea63d1b53fc19cfe0a10c613b15b354c8d65656937a1e0,0.0,0.879,0.121,0.7351
2025-04-25 14:05:00,Earnings Dominating But Don't Sleep On Economic Data,SeekingAlpha,https://finnhub.io/api/news?id=ac09231e566caaa6b2229e3eeaf5f1acfdd5f8ed4f77322f937e5f54ebd72f90,0.164,0.71,0.125,-0.2617
2025-04-25 13:37:44,"Procter & Gamble: I'd Love To Own It, But It Needs To Fall Further And Yield Over 3% (Rating Downgrade)",SeekingAlpha,https://finnhub.io/api/news?id=f28d614e3cd77635571ba125f81f743f383e36692a5f2e69afc4e8719ac67b4e,0.0,0.867,0.133,0.7935
2025-04-25 13:37:00,2 Magnificent Stocks Near 52-Week Lows,Yahoo,https://finnhub.io/api/news?id=b9fe94728b4d03fff86573a7371c54b3a7cac741627b5c9a982cc46e28bb200d,0.06,0.662,0.278,0.765
2025-04-25 12:57:15,PayPal Vs. Adyen: Consumer Wallet Vs. Enterprise Stack -- Which Should You Own?,SeekingAlpha,https://finnhub.io/api/news?id=2419215b96963796dcf0a0e7d2a0029bcb20d2b61e804092cdd9b80ede6f50e2,0.0,0.818,0.182,0.8158
2025-04-25 12:40:20,"You Might Not See Waymo Coming, But I Do: Maintaining Alphabet With A Buy",SeekingAlpha,https://finnhub.io/api/news?id=e0c0f39e2de301120cea24203342bc8feb29697141e1e8afdc14721defb17643,0.0,0.922,0.078,0.5267
2025-04-25 12:00:00,2 Top Stocks You Can Buy Now With $500,Yahoo,https://finnhub.io/api/news?id=635bcc251cb923a2d77e049731c8895ea258d85ebc98e29b68a036954e1993ea,0.04,0.852,0.108,0.4588
2025-04-25 11:34:47,"Amazon: Ignore The Noise, This Stock Is Ridiculously Cheap (Rating Upgrade)",SeekingAlpha,https://finnhub.io/api/news?id=169bec5d7a8696116a1ac76982ee8f14e012be1e2b20dcca609d45688e3e8629,0.145,0.679,0.176,0.1027
2025-04-25 11:03:21,Are Magnificent 7 stocks still worth the hype? Here's how readers voted,Yahoo,https://finnhub.io/api/news?id=79d7138a0013bbcc374ff9cd6c2492b1978fc3c194c8ac0bad241c51d2c32361,0.0,0.672,0.328,0.9042
2025-04-25 10:54:32,"S&P 500, Magnificent 7 Hit Resistance: Analyst Warns Of More Pain Before Gain",Benzinga,https://finnhub.io/api/news?id=13d9b9b863c6aad0849d6277e03f3275d5670934a165915292b858f8ff76aa19,0.173,0.62,0.207,0.3758
2025-04-25 10:43:53,Nvidia: AI Floodgates Are About To Open,SeekingAlpha,https://finnhub.io/api/news?id=178835a8dc0d2c107bb197e9698ea17de36182f6ffadd24a9a99e975264b542b,0.046,0.954,0.0,-0.128
2025-04-25 10:16:29,Amazon or Alphabet: Top Analyst Selects the Superior Tech Stock to Buy Ahead of Earnings,Yahoo,https://finnhub.io/api/news?id=389cf3993ead1b9106a3ee72691407c034267bae1bc8046e283340c7425bd228,0.055,0.853,0.093,0.5574
2025-04-25 08:47:00,Is Amazon a Better Stock to Buy Right Now Than Costco? The Answer Might Surprise You.,Yahoo,https://finnhub.io/api/news?id=d313190df34733459975e1fd2257c0a7880af87a2ddef917b538b890ea84b0a7,0.045,0.784,0.17,0.7239
2025-04-25 08:32:00,2 Ways Tariffs Could Impact Amazon's Business,Yahoo,https://finnhub.io/api/news?id=59ee7db20eac256cd76f4d57a77ae3fe77077b9fbfee2526c0eda642200ebd49,0.0,0.898,0.102,0.1779
2025-04-25 07:32:00,Will Tariffs Help or Hurt Amazon's Business?,Yahoo,https://finnhub.io/api/news?id=59bb8a392c2f8deee9a5446a8d7de15449d699d5307e40e0b4651cfc85bd160d,0.064,0.771,0.165,0.8251
2025-04-25 07:20:00,Google Gives Stock Markets Hope of a Big Tech Comeback and 5 Other Things to Know Today,MarketWatch,https://finnhub.io/api/news?id=fa40c7df7fac86466e69804f89e401fd7e532ebaca891b039de856e915e01e0b,0.0,0.847,0.153,0.7003
2025-04-25 05:00:19,"Stocks to watch next week: Apple, Microsoft, Shell, HSBC, Lloyds and AstraZeneca",Yahoo,https://finnhub.io/api/news?id=ca9edd4559b6c0357af687f6e1cde0db5177f361a0cc944c63fa7a6a219797cd,0.0,1.0,0.0,0.0
2025-04-25 04:08:13,Amazon Japan ordered to pay 35 mil. yen for allowing listing of fakes,Finnhub,https://finnhub.io/api/news?id=60ef5894cacf552f44b6ec07bca36ce0bbb4ca99473b1a36922bad8fa7e25034,0.296,0.675,0.029,-0.9246
2025-04-25 03:35:21,"Jim Cramer Stays Bullish On Data Centers, Says If Trump Tariffs Eases, These AI Stocks 'Will Fly Again' Despite Wall Street Doubts",Benzinga,https://finnhub.io/api/news?id=c7cb0fd5b55d8b910b478b00574b17d00675772db9f62e49ad8d6da0e8af57d5,0.127,0.675,0.198,0.5248
2025-04-25 02:36:28,Jeff Bezos' Final CEO Letter Isn't Just About Amazon — It Is A Clarion Call For Resisting Normality: 'The World Wants You To Be Typical...Don't Let It Happen',Yahoo,https://finnhub.io/api/news?id=a976d14fcd1fbbed421c1976890c5f11d6f39f64988e080b76bbaefdf9938333,0.035,0.891,0.073,0.6577
2025-04-25 02:21:41,Slate: Introducing the Bezos-backed EV pickup for the masses,Yahoo,https://finnhub.io/api/news?id=54fa0e8f8aaa3b9102bd56b4c99ad212d038780fb21a1b097e50d41fcdfc123f,0.0,1.0,0.0,0.0
2025-04-24 22:19:00,The Market and Fed Chair Powell,Yahoo,https://finnhub.io/api/news?id=afc051cd91592c4932741e48882c8fefec58f970ff2687f209902a32c0141a86,0.0,0.756,0.244,0.6369
2025-04-24 21:16:56,"Amazon.com (AMZN): Short-Term Shivers, Long-Term Gains?",Yahoo,https://finnhub.io/api/news?id=270aa579e6f6c8304d302163316478b72b3a49f22c3566beeb0fdee670ea023a,0.0,0.962,0.038,0.34
2025-04-24 21:10:08,"Tariffs Weigh on Trucking Giants Old Dominion, Knight-Swift and TFI",Yahoo,https://finnhub.io/api/news?id=d4120611db1301979c64b9d0bcfcf5f55f626e8c8089d993988bc246d1c31f51,0.137,0.863,0.0,-0.5574
2025-04-24 20:18:42,"Tech stocks climb as Nvidia, Amazon reject claims of AI buildout slowdown",Yahoo,https://finnhub.io/api/news?id=7c2590587d46482f693bea6e76e41c19db66acc9bda154678f4f4deae6f768df,0.051,0.796,0.153,0.8176
2025-04-24 19:55:11,Apple to Strip Secret Robotics Unit From AI Chief Weeks After Moving Siri,Yahoo,https://finnhub.io/api/news?id=cc88411905b52bbabdda5842b0d50f8f3826e1f0afbca39233d6c6531ead771a,0.026,0.852,0.123,0.8519
2025-04-24 18:10:43,Nasdaq Launches Eqlipse Platform As Part of Modernization Blueprint for Global Markets,Yahoo,https://finnhub.io/api/news?id=1b2dce5688aac16258b60da556c8397ddd2ef13fc3f0a17ba15e097d8f190387,0.0,1.0,0.0,0.0
2025-04-24 18:00:00,"Alphabet Q1: Beat And Dividend Raise, The Best Mag 7 Value By A Long Shot",SeekingAlpha,https://finnhub.io/api/news?id=fa8e22cafb2697983c7c91e1024a6a0badf6d644ff87644e095641e73206f40e,0.0,0.651,0.349,0.9531
2025-04-24 17:50:00,The stock market is looking oversold as earnings season gets underway,MarketWatch,https://finnhub.io/api/news?id=1d6893d8927d7f197ac032b10a66ff665f2cbd6db225ae9187f54b1e69d5669e,0.0,1.0,0.0,0.0
2025-04-24 17:29:50,Amazon.com (NasdaqGS:AMZN) Expands AWS Collaboration With Softchoice Targeting SMBs In 2025,Yahoo,https://finnhub.io/api/news?id=e757ad46a6f05f81d21e865ef54d6538785c55d4fce5c5f462f9accc75c0c8c0,0.013,0.861,0.126,0.8225
2025-04-24 17:00:12,"Chesapeake Utilities: Good Growth Prospects, But Very Richly Valued",SeekingAlpha,https://finnhub.io/api/news?id=9281b63bbc2ebbf9e896dbcb1eb9548d7b8fa25b04ce7ebf166f9d6057a76ee1,0.0,0.554,0.446,0.959
2025-04-24 16:39:46,Hold Your Horses On Nvidia: Why Long-Term Risks Temper The AI Euphoria,SeekingAlpha,https://finnhub.io/api/news?id=22e234df0fa0da0439e248f3d4d9b3e9051a5f172c96afc9fdb6473ba50bcbfe,0.159,0.683,0.157,0.2263
2025-04-24 16:32:52,Newsom Says California Is Now the World’s Fourth-Biggest Economy,Yahoo,https://finnhub.io/api/news?id=c7fe01e486abcfbea6019ef92459d3558d7e4bcf0bedab7721fd8e47595bc106,0.028,0.873,0.099,0.7351
2025-04-24 15:56:58,"Amazon, Microsoft, Google Set to Ride AI Wave Through Market Uncertainty",Yahoo,https://finnhub.io/api/news?id=04efb123d6088df9a1c2476b6acb871d324a85e44c2e558be5b450ebf8a5ad13,0.101,0.756,0.143,0.0
2025-04-24 15:30:53,Whirlpool CEO: 'Call me pro tariff',Yahoo,https://finnhub.io/api/news?id=6a1455e1c8248f230a6b4ea1af9c2053f81f51ae3bac8bc415d635acbb327c4d,0.0,0.886,0.114,0.4019
2025-04-24 15:11:00,Should You Buy Amazon Stock Before April 29?,Yahoo,https://finnhub.io/api/news?id=ffbf52407a1bb1adb5988ad89a2f2d3a372b19772a662b04c12443ce1015353c,0.115,0.806,0.079,-0.5859
2025-04-24 14:42:00,"Salesforce, Caterpillar share gains lead Dow's 480-point rally",MarketWatch,https://finnhub.io/api/news?id=c2bdec0145e581d759429f17a85688a0a63a304bf369d3ac0ed487c559eefd94,0.0,0.566,0.434,0.802
2025-04-24 14:01:35,Amazon (AMZN) Earnings Expected to Grow: What to Know Ahead of Next Week's Release,Yahoo,https://finnhub.io/api/news?id=1d7333060d6780193e963a27385a377ca60808552071835d206794b799093760,0.0,0.878,0.122,0.5106
2025-04-24 13:35:17,10 Consumer Discretionary Stocks Whale Activity In Today's Session,Benzinga,https://finnhub.io/api/news?id=1e419706a99f9147400f4e6fbafd3f45b6a2b49c0320b8b3d7c8d98c3c52865f,0.0,1.0,0.0,0.0
2025-04-24 13:31:00,Top Cloud Computing Stocks to Bet on for Healthy Returns,Yahoo,https://finnhub.io/api/news?id=43dd6c6a4a2774e173e3bbf9faafee7a4a5c2a7fe4e94f77bfbe117c0cf80dd3,0.0,0.824,0.176,0.5423
2025-04-24 12:37:39,E-Commerce Update - Saudi Arabia's Digital Shift Drives Robust Market Growth,Yahoo,https://finnhub.io/api/news?id=dd99a253deb338818751d8b737f98ffdad85c7fb1f1c64ca4bd0ce84a3616b9d,0.0,0.775,0.225,0.9485
2025-04-24 11:52:04,Norway’s $1.7 Trillion Fund to Keep Buying US Stocks After Loss,Yahoo,https://finnhub.io/api/news?id=4104962883d5f139a085db121ee7d9d507a6b54ffe930322bf8185f7774c26a3,0.091,0.798,0.111,0.4767
2025-04-24 10:59:58,Why the stock market's problem isn't only about tariffs,MarketWatch,https://finnhub.io/api/news?id=84732cbbdae77e080631addb6012bf00dd849a4d7ede172f6ceb442a0df1a4fb,0.252,0.748,0.0,-0.6597
2025-04-24 10:59:00,"BAI: Not An Encouraging Start For An AI Portfolio, But Still Very Much A Buy",SeekingAlpha,https://finnhub.io/api/news?id=1fa787c77de64df920fd54a5dc06deb5c3002273bee8c94aa3c8cad72cddf3dd,0.097,0.79,0.113,0.193
2025-04-24 10:57:10,"Jim Cramer on Amazon.com, Inc. (AMZN): ‘Still Spending, But Tariff Impact Remains Unclear’",Yahoo,https://finnhub.io/api/news?id=a7429321990aba964ff63f8f28f92d726a86260dda892a88e93c8f4e5a0d04e3,0.0,1.0,0.0,0.0
2025-04-24 10:40:00,Here's How Waymo's Robotaxi Momentum Will Pay Off For Google Stock,DowJones,https://finnhub.io/api/news?id=2b08a74846b451c2ecf3d81126e157d690c0598c610180b2ac5fa7f0e682952e,0.123,0.877,0.0,-0.2023
2025-04-24 10:12:00,AWS Just Delivered Great News for Nvidia Shareholders,Yahoo,https://finnhub.io/api/news?id=483736b7f88767c5272b79b79e73aad02da4b823b95ad9133e7b7db979c9c4b0,0.08,0.86,0.06,-0.2973
2025-04-24 09:55:55,AI Play Vertiv Soars On Strong Earnings,SeekingAlpha,https://finnhub.io/api/news?id=247dc2dc2b17180dbcaea27ad1de49c542f43dcbbc144a1b2a341edd197e4d73,0.037,0.65,0.312,0.875
2025-04-24 09:27:05,Concerns about AI spending by 'Magnificent Seven' aren't going away: DB,MarketWatch,https://finnhub.io/api/news?id=c0725b32b916049c36a72cbd8479b4e58337c353a9cacd57dc0072928a1131b2,0.0,0.719,0.281,0.8316
2025-04-24 09:15:00,Amazon Stock Is Down 28%. Should You Buy the Dip Before May 1?,Yahoo,https://finnhub.io/api/news?id=48f25b8fb4516757e241c9c4c822f51c4d4a82087757c9e58db7394ce8a373ce,0.044,0.835,0.121,0.3182
2025-04-24 08:09:00,3 No-Brainer Artificial Intelligence (AI) Stocks to Buy Right Now,Yahoo,https://finnhub.io/api/news?id=11b3b8bcb663cc5f63bbff2a42c6eb8b5273a8c1a4c77145d36e694d2c964db8,0.099,0.782,0.119,0.1779
2025-04-24 07:33:12,Apple: Earnings Could Deliver A Big Upset As International Business Tumbles,SeekingAlpha,https://finnhub.io/api/news?id=480a185f22288ef0d8a875056e9e5f31f5c056b98bf437e0e564af6c98e86bb3,0.142,0.789,0.068,-0.4215
2025-04-24 06:56:02,Amazon: A 10% Weaker Dollar Could Improve Bullish Target,SeekingAlpha,https://finnhub.io/api/news?id=c78e9886e421e342621129e4fa99ee62eb2b55b84323dacb78fdd02c0c13ac9f,0.215,0.444,0.341,0.1779
2025-04-24 06:23:25,Nvidia supplier SK Hynix warns of turbulence from US tariffs,Yahoo,https://finnhub.io/api/news?id=c7051b81be08813529fed00eb1ebb40f2f9c21640c55c541ba351f3c8adbfd81,0.087,0.787,0.126,0.5817
2025-04-24 06:00:00,The £35bn Amazon rival chasing Britain in the middle of a trade war,Yahoo,https://finnhub.io/api/news?id=5677f17d8440bb7b69a164af87c39c25fe645750c9ae844709aa013430959edc,0.094,0.865,0.041,-0.4939
2025-04-24 03:31:21,"US Pressures India To Open Its $125 Billion E-commerce Market To Amazon, Walmart: Report",Yahoo,https://finnhub.io/api/news?id=17cfa95c5065a6e84fcdfbe1c1a02a11055d2d496253a478be00b3704a6be303,0.039,0.805,0.156,0.7184
2025-04-24 02:55:35,‘Just Walk Out’: customer feedback forces Amazon U-turn,Yahoo,https://finnhub.io/api/news?id=09cb8954f22bc4fc0f9beb9f669400dcfcc5991841ccd4364c350fee3ae72952,0.0,0.756,0.244,0.7506
2025-04-24 02:00:00,Google Earnings Arrive With the Company Facing Both AI and Legal Threats,MarketWatch,https://finnhub.io/api/news?id=f1568328e38ea65db88f352b9acfd20413fa5f63d41fde20b8b9912803c69201,0.196,0.699,0.105,-0.5574
2025-04-23 22:07:37,"Is Amazon.com, Inc. (AMZN) the Best Stock to Buy and Hold for 20 Years?",Yahoo,https://finnhub.io/api/news?id=758c63ccfb4860fbf2de10fcd723b4037ad7bd281b50b0d5f2341cf9c57347aa,0.018,0.826,0.155,0.9201
2025-04-23 22:00:00,3 Artificial Intelligence (AI) Stocks That Could Soar in the Second Half of 2025,Yahoo,https://finnhub.io/api/news?id=4df6b50651085430a29e511f68d694e596c233c0f97268bba71dfc27c3dc2575,0.063,0.808,0.129,0.6543
2025-04-23 21:55:27,Positioning your portfolio amid trade uncertainty: 3 stock picks,Yahoo,https://finnhub.io/api/news?id=117ad7ddd3a9eedc37cc360961b20ed9f25d05f6ac12e331c2e6d43b1695b944,0.077,0.875,0.048,0.0314
2025-04-23 21:54:01,How to use option to play Amazon amid tariffs and earnings,Yahoo,https://finnhub.io/api/news?id=e6c9b7d2e25ee336c273e6b67dd75490779e7a15be25e274c7ddcd6ea66ac367,0.017,0.887,0.096,0.6929
2025-04-23 21:10:39,"Is Amazon.com, Inc. (AMZN) the Best Stock to Buy According to Marjorie Taylor Greene?",Yahoo,https://finnhub.io/api/news?id=8317c6834bd3ec835c6916eed81cae7fa58b62c50e1262c1c851d349018e93ba,0.0,0.809,0.191,0.9485
2025-04-23 20:10:30,Traders Fixated on What Companies Spend More Than Earn,Yahoo,https://finnhub.io/api/news?id=37c57dec3b3d1adc70383510d5198d34ff15527a61198021c41778f1a6ec4246,0.027,0.86,0.113,0.7845
2025-04-23 19:48:44,"Mag 7 rallies, Vertiv surges, solar downgraded: Trending Tickers",Yahoo,https://finnhub.io/api/news?id=afeecc3ecff0902544faf7fd55adb9d7420dbe4b72392b7e512f7306cef5a842,0.011,0.912,0.078,0.8527
2025-04-23 19:43:18,"Market shook, LTL carrier Old Dominion isn’t",Yahoo,https://finnhub.io/api/news?id=09efb9c3edaf3b868d6c6c2116dee63e7cc7043184cc912b974333cbcb443b0c,0.064,0.886,0.05,0.1027
2025-04-23 19:20:27,Google to report first quarter earnings as investors look for signs of trade war impact,Yahoo,https://finnhub.io/api/news?id=f786cb1c298086a2e8aac61876520b32e5f3e4ffef02102f79eb7b58b47ea102,0.122,0.878,0.0,-0.5994
2025-04-23 19:07:58,Amazon Scrambles to Catch Up on Satellite Launches as Deadline Looms,Yahoo,https://finnhub.io/api/news?id=7e26ee234193f4b85b9d8bbed321a13af5f3cbebe2354ea11138fb69433e6ad6,0.055,0.828,0.117,0.2023
2025-04-23 18:31:28,"AMZN Poised to Benefit from Market Share Gains, New Businesses, Analyst Says",Yahoo,https://finnhub.io/api/news?id=c322409d66146db1e5efa7237666719b121a5371e1376db4fdb18b0d271f4767,0.026,0.756,0.218,0.9217
2025-04-23 17:17:27,"Big Tech relief rally, Intel's pre-earnings surge, OpenAI & Oklo",Yahoo,https://finnhub.io/api/news?id=0b47b391e414e1cade4cc87ea8a87cbafae79b00ac6ca2b9d0cf124e2405e815,0.021,0.922,0.057,0.5574
2025-04-23 17:03:07,"Is Amazon.com, Inc. (AMZN) the Best Nancy Pelosi Stock To Invest In Now?",Yahoo,https://finnhub.io/api/news?id=8fb0da66595c288cca52731d2bdd850c69778b09a00153a39c209aea4454aa4e,0.0,0.84,0.16,0.9274
2025-04-23 16:47:00,Why Amazon Stock Is Bouncing Up Today,Yahoo,https://finnhub.io/api/news?id=8c46580e4eb050f7d613ecab42181eb8e6dc0c01f5d00845770b5b48e6983f2a,0.072,0.837,0.092,-0.0865
2025-04-23 16:00:16,Big Tech earnings kick off as tariff uncertainty continues to roil markets,Yahoo,https://finnhub.io/api/news?id=d68512ed9b3fe8866557fe822a874492ce96262ccab014b0da119f318975c9c8,0.198,0.755,0.047,-0.7003
2025-04-23 15:36:08,Chipotle Isn't So Hot Ahead Of Earnings: Will ETFs Push The Plate Away?,Benzinga,https://finnhub.io/api/news?id=4c21322deb3b3be6029bf7a40c5584c673534b054fd7f09854d5006ce8816569,0.103,0.897,0.0,-0.3527
2025-04-23 15:19:00,"Dow up 350 points on gains for shares of Boeing, Amazon.com Inc.",MarketWatch,https://finnhub.io/api/news?id=434d4ef938d65a6076740f66dd18ef4605a31907a68dea3274e4cfaf3719a54a,0.0,0.685,0.315,0.802
2025-04-23 14:58:37,Exclusive: Amazon is no longer penalizing some top sellers for raising prices aggressively amid U.S.-China tariff war,Yahoo,https://finnhub.io/api/news?id=4b054266e7985fbcd9dbeb674b6834687d891fb42d78a1fbeed175581d81c2b0,0.188,0.621,0.191,-0.431
2025-04-23 14:34:27,'Magnificent 7' tech stocks surge as Trump hints at China tariff reprieve,Yahoo,https://finnhub.io/api/news?id=7ca69cdb3190edc94fc5414fbb3e3c16fbbb1fd68dc296c3335e623450893dae,0.077,0.812,0.111,0.1779
2025-04-23 14:32:20,Amazon Stock Rallies Past Key Level On Hopes For Trump Easing China Tariffs,Yahoo,https://finnhub.io/api/news?id=6ce645c810a0671e6fc64e6f98c5961155eeb4397fda479918535ec8bf313b70,0.084,0.835,0.081,-0.503
2025-04-23 14:30:00,Wall Street Lunch: Bessent Comments On China Tariffs,SeekingAlpha,https://finnhub.io/api/news?id=e7ea83e080f16c21c176159e721c5c7fd7205b37567f23db5202d27b2d3f878b,0.0,1.0,0.0,0.0
2025-04-23 14:18:00,"Dow rallies nearly 550 points on gains in shares of Boeing, Amazon.com Inc.",MarketWatch,https://finnhub.io/api/news?id=a3cb08a06aed5b717156e2e05a75871a23ba9da15043356c78021671851adf5c,0.0,0.705,0.295,0.802
2025-04-23 14:00:00,"Got $3,000? 3 Artificial Intelligence (AI) Stocks to Buy and Hold for the Long Term",Yahoo,https://finnhub.io/api/news?id=4a856490e81da7f9c4ea74932d4bbd47dc5b450d0cff0ada995ccb387c29a13c,0.0,0.884,0.116,0.836
2025-04-23 14:00:00,"Here’s How Big the AI Revolution Really Is, in Four Charts",Yahoo,https://finnhub.io/api/news?id=5fcaa584e25b92cc81df296c857f4a2a5b518a0767285f68eaadd9ef6381f6ab,0.075,0.925,0.0,-0.3818
2025-04-23 13:17:00,"Dow's 669-point rally highlighted by gains in shares of Boeing, NVIDIA Corp.",MarketWatch,https://finnhub.io/api/news?id=6705f144a5c7e6d9c14da2a8f200c89a121d2135fb2f599031ed316b71d3dd7d,0.0,0.685,0.315,0.802
2025-04-23 13:11:00,"Is Amazon the Smartest Growth Stock to Buy in April With $2,000?",Yahoo,https://finnhub.io/api/news?id=ca9ed80ff9f12985d75c1c43d25db26f516a8b730a8b9c800e43b75330ff3456,0.0,0.737,0.263,0.9565
2025-04-23 12:09:47,What to expect from Mag 7 company earnings in light of Trump tariff turmoil,Yahoo,https://finnhub.io/api/news?id=98961d5ea2e16f43b50cf3386670e51b0e901e3ab5391bea7b393b6cc9080694,0.072,0.867,0.061,-0.1027
2025-04-23 12:01:00,"Dow up 568 points on gains for shares of Boeing, Amazon.com Inc.",MarketWatch,https://finnhub.io/api/news?id=6ef1ec7ae3500ff86c1fc9f1dfe53439120db454909e7a3ff1664d583384c2d6,0.0,0.685,0.315,0.802
2025-04-23 11:35:00,Stock Market Sell-Off: The Best Warren Buffett Stock to Buy Now,Yahoo,https://finnhub.io/api/news?id=66dbc448331ab066304b21af7200f40e4e9582bf698e1c5803b065c61c506916,0.031,0.715,0.253,0.9564
2025-04-23 11:00:00,"Boeing, Amazon.com Inc. share gains contribute to Dow's 850-point surge",MarketWatch,https://finnhub.io/api/news?id=cfa6cbf28ab0e0761ef04d9f62506cfee46eca6033bcefad8a11e1776c71495f,0.0,0.635,0.365,0.802
2025-04-23 10:30:00,2 Tech Stocks That Could Help Set You Up for Life,Yahoo,https://finnhub.io/api/news?id=4f395b7fb870090e86a12e556ecbecf276aba46abab85a6691d76c76be6ec2cc,0.074,0.84,0.086,0.25
2025-04-23 10:00:00,3 No-Brainer Stocks to Buy and Hold for the Next Decade,Yahoo,https://finnhub.io/api/news?id=7e14ad85126c1ef79914c0f656db5fd6ace606cb08473e9a0e0a12d2b6a8a4d6,0.0,1.0,0.0,0.0
2025-04-23 09:59:23,Tesla To $303? Here Are 10 Top Analyst Forecasts For Wednesday,Benzinga,https://finnhub.io/api/news?id=9ce5f9d0a94e37fa5a2b07687cbe1fae2fb54eb13965a797bc25f29c46b71acc,0.0,0.847,0.153,0.2023
2025-04-23 09:45:00,"Dow soars nearly 1050 points on gains for Amazon.com Inc., Boeing shares",MarketWatch,https://finnhub.io/api/news?id=2ff137c0a6eba3d0bdeee648ae71b3d4b98aa783cd1944e645544e78bced519b,0.0,0.685,0.315,0.802
2025-04-23 09:20:00,Vanguard ETF Plunges 18% in 2025. Here's Why It's a Buy Right Now.,Yahoo,https://finnhub.io/api/news?id=0a0ac7049f108dbc56b2b68cb8895bd8ca39e1cb4ed3f55a1fdb6666c2a4cfe5,0.0,0.902,0.098,0.6124
2025-04-23 09:20:00,The Ithaka Group's Top Contributors And Detractors For Q1 2025,SeekingAlpha,https://finnhub.io/api/news?id=15e6c482df0c5efdcafe9062d0cfc21158c2e5aef42e28e2de819d3c05316b75,0.0,0.833,0.167,0.2023
2025-04-23 09:13:00,1 No-Brainer Artificial Intelligence (AI) ETF to Confidently Buy With $30 in 2025,Yahoo,https://finnhub.io/api/news?id=6b8433edc7d3c557d097ab33c074683f4fcb24d7ffbb916889606600a6116fe0,0.108,0.73,0.162,0.7151
2025-04-23 09:10:00,Polen Focus Growth Portfolio Q1 2025 Commentary,SeekingAlpha,https://finnhub.io/api/news?id=c04a2e189437aa14ee5196a62e1771aeac71d0437b10bfd1f20b731be320ef8e,0.0,0.698,0.302,0.3818
2025-04-23 09:05:00,The Ithaka Group Q1 2025 Commentary,SeekingAlpha,https://finnhub.io/api/news?id=05d3a414160810b61e927072d27fe0aa78b65e1132c54968758e195c92b98227,0.0,1.0,0.0,0.0
2025-04-23 09:00:00,Max Streaming Service Builds Momentum by Dropping ‘More Is Better’ Approach,DowJones,https://finnhub.io/api/news?id=e020cbba0966346649420ee105f226523b33acfdde23f66b541a3d4fb3304eeb,0.0,1.0,0.0,0.0
2025-04-23 08:40:00,Polen Global Growth Portfolio Q1 2025 Commentary,SeekingAlpha,https://finnhub.io/api/news?id=cd7f1b50aba2e060166309a404e8d989fdc67a296de85b97ff9ff6a6f773bddb,0.0,0.698,0.302,0.3818
2025-04-23 08:00:00,Prediction: 2 AI Stocks Will Be Worth More Than Apple Stock in 2026,Yahoo,https://finnhub.io/api/news?id=fe0177679e6a4f48c92ab8767bb76176d78de831d852a5d08d17d04148c41757,0.065,0.771,0.165,0.5563
2025-04-23 08:00:00,10-Year Anniversary Letter: The Rowan Street Story,SeekingAlpha,https://finnhub.io/api/news?id=e7a5cfb82ce1643687ce5a74135d45c7c53f5352dda7c918560cac8587dd17ea,0.0,1.0,0.0,0.0
2025-04-23 07:18:00,"Cloud Price Quarterly: New Services, Regions And Prices To Kick Off The Year",SeekingAlpha,https://finnhub.io/api/news?id=02ced7a2a500151e1923de8987dcd1dcb8d1db1f9d82627ec3e8bb68251c0e66,0.0,1.0,0.0,0.0
2025-04-23 07:03:00,2 Oversold Industrial Powerhouses Long-Term Dividend Investors Should Consider,SeekingAlpha,https://finnhub.io/api/news?id=f68239818a3a0988064f3a90f4ea346671a02ef4bb4103ee32abebe4699b9204,0.0,1.0,0.0,0.0
2025-04-23 04:40:00,Oakmark Global All Cap Strategy Q1 2025 Commentary,SeekingAlpha,https://finnhub.io/api/news?id=499b98efe6b2a662b3937bc4a5dbb388baeb05aac449dd1c29b9d782df5c1b02,0.0,1.0,0.0,0.0
2025-04-23 04:34:03,Chinese Blue Chips: Caution Advised Ahead Of Delisting Rumors,SeekingAlpha,https://finnhub.io/api/news?id=57ccd32a2a1f3a8a801811ada0619bf56c68abbbddbeb8ab005ea702ac0f5d72,0.0,1.0,0.0,0.0
2025-04-23 03:00:00,Tech Earnings Kick Off Soon. Here Are the 3 Most Important Things to Watch.,MarketWatch,https://finnhub.io/api/news?id=e5aea376a859e8d3ac35904e9d9be8ab81bd168cf5ce9d47a0e6422ab7cf457e,0.0,0.861,0.139,0.4915
2025-04-23 01:10:00,34.4% of Warren Buffett's $265 Billion Portfolio Is Invested in 4 Artificial Intelligence (AI) Stocks,Yahoo,https://finnhub.io/api/news?id=a3851241127478a1fee69b7e33dd32f0b4577a13a1530c51d5ad3ff45a470329,0.0,0.913,0.087,0.7351
2025-04-22 23:57:47,Marvell Is Stuck Between Amazon And A Hard Place,SeekingAlpha,https://finnhub.io/api/news?id=bc70f745d68ebf2f18ad198a92c675447b542d9b6126ea33753ddfcb5c80207f,0.306,0.541,0.153,-0.1779
2025-04-22 21:48:34,Amazon Jumped Today -- Is the Stock a Buy Right Now?,Yahoo,https://finnhub.io/api/news?id=a746c25819e74aa8f777a89f6254621e9f95fbc3f48a01f9f3a71a9c03371d69,0.0,0.824,0.176,0.8176
2025-04-22 21:30:29,Instagram’s Systrom Says Zuckerberg Saw App’s Growth as ‘Threat’,Yahoo,https://finnhub.io/api/news?id=d960005cf7426e931b21099a3c231d35d3b02434d18be7c7a8fc228b149409aa,0.039,0.823,0.138,0.7964
2025-04-22 20:29:00,This analyst downgraded Amazon ahead of Q1 earnings. Here's why.,Yahoo,https://finnhub.io/api/news?id=ed9f0e5454b698151509f4b4d71f6024fa074af44c0771eb5d3afc5958ccba03,0.074,0.82,0.106,0.6022
2025-04-22 20:05:21,"Cloud Infrastructure Growth Could Cool This Year Despite AI Excitement, Analyst Says",Yahoo,https://finnhub.io/api/news?id=8c4225491f4b38016267e2417377eb83338276cd6b1bff97bd8939d8a47e50e5,0.231,0.587,0.182,-0.4614
2025-04-22 19:11:29,"Amazon, Netflix, FTAI Aviation, and Tesla Shares Are Soaring, What You Need To Know",Yahoo,https://finnhub.io/api/news?id=7a56861a8cb2988d7bc842d49f2566109bfb280242800d94195577467537c633,0.048,0.707,0.245,0.8176
2025-04-22 17:59:00,"Why Shares of Amazon, Walmart, and Home Depot Are Rebounding Today",Yahoo,https://finnhub.io/api/news?id=a98f6e9f3ae7c888ed0c0786347e18ada933e763a04d666105613afc487629df,0.0,0.767,0.233,0.9441
2025-04-22 17:45:00,"NewsOut Launches Weekly Video Press Release Coverage on Tesla, Amazon, Apple, NVIDIA, and Microsoft",Yahoo,https://finnhub.io/api/news?id=835d5ee8e5e9838fd08e8fab13488ea31415915968b1a88d78d05954171829f4,0.0,0.914,0.086,0.5984
2025-04-22 17:37:44,Amazon's Secretive GPU Strategy Pays Off as AI Demand Surges,Yahoo,https://finnhub.io/api/news?id=471dd186e0ad2ad7d8e5de7d631516268a451b897e634026d042854651af9eb2,0.107,0.893,0.0,-0.25
2025-04-22 17:33:00,Retail Is Tough. Amazon and Walmart Stock Can Both Win in a Downturn.,Yahoo,https://finnhub.io/api/news?id=274cfa9a8b2301d9449f5a63f9cfbe9b9700eaf2c91d07d9067dae403d4d6175,0.069,0.827,0.105,0.5574
2025-04-22 17:17:08,Amazon.com (NasdaqGS:AMZN) Embraces Flexible Cloud Pricing While Facing Emission Disclosure Vote,Yahoo,https://finnhub.io/api/news?id=815f39239a6f27ce8f99d9b5ccc926a3be70de7864ea2f20720549e1b3c7a1b2,0.0,0.938,0.062,0.5423
2025-04-22 17:00:39,"Stocks to Watch Tuesday: First Solar, 3M, Equifax, Tesla",Yahoo,https://finnhub.io/api/news?id=d0af2a96ee6d3fce8fbf2993e82241dd1d8420aa2fba29571fbabe960c0bbc42,0.039,0.881,0.08,0.4215
2025-04-22 15:58:04,"Check out the teaser to ‘Ballard,’ a ‘Bosch: Legacy’ spin-off, coming to Prime Video",Finnhub,https://finnhub.io/api/news?id=c2e4c747ad482003d7c391bf51a9d8b6f41361322f43aadf15850a096ae81739,0.085,0.915,0.0,-0.4588
2025-04-22 15:53:00,"Earnings might not revive markets, analyst says. Here’s the one thing that could.",MarketWatch,https://finnhub.io/api/news?id=5cc9edd2a9c66185ee9d889a6262de273bfaf5ae034040013deecc7ef014903a,0.145,0.855,0.0,-0.4717
2025-04-22 15:45:00,Amazon’s stock is cheap relative to Walmart’s. Why investors are making a mistake in their flight to safety.,MarketWatch,https://finnhub.io/api/news?id=7ec8a65457c0e477a912ba7d99fbeea5ba14837f22a333d8db1c845f5d384fb0,0.113,0.755,0.132,0.2023
2025-04-22 15:01:20,Amazon.com (AMZN) Downgraded to ‘Outperform’ as Street ‘Underestimating EBIT Pressures’ Through 2026,Yahoo,https://finnhub.io/api/news?id=2342474e32e7c5c6d296b5889b0c7a1d0e12b10af27d09db3acf0bdfff190c20,0.051,0.855,0.094,0.4781
2025-04-22 14:55:06,Marvell: You Should Really Thank Mr. Market (Rating Upgrade),SeekingAlpha,https://finnhub.io/api/news?id=233411a09c7d5b68e8e94f88d29f65a9adcbab4a5e37e43afce492fec00855f6,0.0,0.741,0.259,0.4201
2025-04-22 14:42:27,Update: Market Chatter: Amazon Under Pressure From NLRB to Negotiate With Teamsters in San Francisco,Yahoo,https://finnhub.io/api/news?id=4cb4d64449374afbeead7f95005d1d0c5ad2a0801b69f04075f337867e262c90,0.07,0.823,0.108,0.0516
2025-04-22 14:39:52,Jefferies Sees Amazon Cloud Strength Holding as Tariffs Pressure Forecast,Yahoo,https://finnhub.io/api/news?id=bfbb4131e2ad38d65c4c35c2b9f24f03a07c8349719cb4a62d3626301f6f99a6,0.138,0.705,0.157,0.1531
2025-04-22 14:34:24,"'Wild, lumpy, volatile': Wall Street initiates coverage on CoreWeave stock after rocky public debut",Yahoo,https://finnhub.io/api/news?id=9329b28d84e21a54cf79eb8e54f886fbc1fa731346d927c4fe904b4f9c67e8ba,0.0,1.0,0.0,0.0
2025-04-22 14:29:58,Amazon and Microsoft Tap the Brakes on Data Center Deals Amid Power Demands,Yahoo,https://finnhub.io/api/news?id=a3caec5059e121302d6ec0d25c7ec85d6e819cc66ac5f4fbc739e33f82359275,0.0,0.888,0.112,0.34
2025-04-22 14:20:00,Wall Street Lunch: Tariffs Take Center Stage In Earning Reports,SeekingAlpha,https://finnhub.io/api/news?id=303a45a4bed15855a242dd5b08b292e1eba0d5529bbbd1205bbc2646a057717e,0.0,0.865,0.135,0.6124
2025-04-22 14:15:00,Amazon and Walmart Stocks Are Casualties of Trump’s Tariffs. Here’s a Way They Could Benefit.,Yahoo,https://finnhub.io/api/news?id=971dd346bf25b6835b6c52f2f0394d87f24c778cfaf1efabd3ead6844b905dae,0.0,0.65,0.35,0.9201
2025-04-22 13:30:00,Should You Buy Alphabet Stock Before April 24?,Yahoo,https://finnhub.io/api/news?id=db3fb3575777e851e1943e9aa6542b492c8a9a7f601438aff24e9d5b84a130b6,0.0,0.94,0.06,0.2023
2025-04-22 13:15:00,"Dow soars 800 points on gains for shares of 3M, Amazon.com Inc.",MarketWatch,https://finnhub.io/api/news?id=aa98bdaf3b6bdffa6fad3c2ed1ed38c544bde5725cfd111b1adec2d5079ffe45,0.0,0.685,0.315,0.802
2025-04-22 13:13:01,"Amazon.com, Inc. (AMZN) Price Target Cut to $235 on Cloud Demand Uncertainty, Long-Term AWS Potential Remains",Yahoo,https://finnhub.io/api/news?id=f4eb7e30b1bb7adf13116331680d0646e3f320ecf5b4c77f3b8f76d79590d67b,0.106,0.894,0.0,-0.7351
2025-04-22 12:00:00,Patient Capital Management Q1 2025 Investment Review,SeekingAlpha,https://finnhub.io/api/news?id=d10dfd478c6312329a10aad0df3cf488f63b69e6695e106005298423803f9736,0.0,1.0,0.0,0.0
2025-04-22 11:59:00,"Dow's 917-point surge led by gains for shares of 3M, Travelers",MarketWatch,https://finnhub.io/api/news?id=3c532cece32ca5153cae1723c73ff041b4555c0fd8a0278af2cd74f6d25e9e9f,0.0,0.662,0.338,0.802
2025-04-22 11:56:08,Why Verizon's Q1 2025 Outperformance Is The Last Hurrah,SeekingAlpha,https://finnhub.io/api/news?id=f534c84a6f6012f19e269bcff25f0182ae2854d04fca8ae283223b74a31006ce,0.0,0.69,0.31,0.5574
2025-04-22 11:33:00,Stock Market Sell-Off: 3 Stocks That Wall Street Thinks Can Rally Roughly 40% Over the Next 12 Months,Yahoo,https://finnhub.io/api/news?id=1b2b737e2f1fbfc4bb81ab0be1f7c0211c571ee43cc5bb6c8f2f4549f24e53a2,0.0,1.0,0.0,0.0
2025-04-22 11:20:00,Patient Capital Management Q1 2025 Commentary,SeekingAlpha,https://finnhub.io/api/news?id=6c2ab59b274781b1680b0829702b5dfc23cb1399fda7943a3a9981db07bbbab8,0.0,1.0,0.0,0.0
2025-04-22 11:20:00,3 Reasons to Buy Amazon Stock Like There's No Tomorrow,Yahoo,https://finnhub.io/api/news?id=88ebc81c034550e38a72e6cbddb961755444f80fb00087bea7bb370a4fdaf52d,0.131,0.735,0.134,0.0289
2025-04-22 11:15:00,"Got $5,000? 3 Tech Stocks to Buy and Hold for the Long Term",Yahoo,https://finnhub.io/api/news?id=e6d71d1be564b2e7db20a7e59858d20c37bfa8a9a82e48342fa47679951b2d73,0.0,0.917,0.083,0.5849
2025-04-22 11:01:00,Nvidia Stock Gains. Amazon May Not Be Cutting AI Spending After All.,MarketWatch,https://finnhub.io/api/news?id=b0dea57b09c5794d2437b56a923c1486d4d4aad530c391c86237dabe9c2b56bc,0.0,0.622,0.378,0.787
2025-04-22 10:47:00,"Dow's 767-point surge highlighted by gains for 3M, Amazon.com Inc. shares",MarketWatch,https://finnhub.io/api/news?id=addcf174c177707defcbbb555647cda5ba6f8d1d83f84ed31c40bfc7bf783346,0.0,0.662,0.338,0.802
2025-04-22 10:47:00,"3M, Amazon.com Inc. share gains contribute to Dow's 769-point surge",MarketWatch,https://finnhub.io/api/news?id=2596ee1d15d1ded2ae8091379c0d83835b3fb10204cef306f5fdd9033295babc,0.0,0.635,0.365,0.802
2025-04-22 10:15:00,3 Millionaire-Maker Artificial Intelligence (AI) Stocks to Buy Now,Yahoo,https://finnhub.io/api/news?id=5c67a2ab092d3c3c109422300edb612f0239cc721f83d266ed2c7353d52fc00c,0.0,0.916,0.084,0.6486
2025-04-22 09:45:00,"Dow's 575-point rally led by gains in 3M, Goldman Sachs stocks",MarketWatch,https://finnhub.io/api/news?id=180281d5559106373b7c1b0339f69dbd280fba3df9275afbc5f7ac08bbc95677,0.0,0.806,0.194,0.5859
2025-04-22 07:15:00,"Amazon Stock Tumbled 30%, It's Time To Load Up",SeekingAlpha,https://finnhub.io/api/news?id=47a9b74070b28db4c59f2cabc6da27d889cd94bc95dcab148aaf54c83d699a78,0.0,0.825,0.175,0.1779
2025-04-22 07:08:21,Is PDD Holdings Inc. (PDD) the Best Internet Retail Stock to Buy According to Analysts?,Yahoo,https://finnhub.io/api/news?id=114720709eb5c568b2f1bdaa29ab1814692398a03cec5701dc1e8998a8058cf7,0.0,0.844,0.156,0.9274
2025-04-22 06:46:00,Trump’s Powell Attack Put Stock Markets on Fed Alert. There’s Plenty More to Worry About and 5 Other Things to Know Today.,MarketWatch,https://finnhub.io/api/news?id=3c5ebe00ac96a649faff7862d317ba7749b406fa2f7b9de4848f03063de03ce0,0.228,0.691,0.08,-0.8464
2025-04-22 06:03:19,"Is Amazon.com, Inc. (AMZN) the Best Stock to Buy According to Billionaire Chris Rokos?",Yahoo,https://finnhub.io/api/news?id=10a4e2669c93aa61a75d45114b31256d9abf7616e28c3c022f125fe06e311851,0.0,0.805,0.195,0.9516
2025-04-22 05:52:38,"US Stocks Likely To Open Higher Amid Trump's Preemptive Rate Cut Call:  Earnings Are Starting To Reflect This 'Uncertainty,' Says Expert",Benzinga,https://finnhub.io/api/news?id=18393b044c3c1a29091a3afcfc3bb94e9c9543548bcb622c065702288cc26e90,0.116,0.884,0.0,-0.5927
2025-04-22 05:44:05,University of Groningen: How do you arm yourself against the power of Big Tech?,Finnhub,https://finnhub.io/api/news?id=fbcd4430438ca1ffd0c2009434753118d388abf40760688e18bf27c2a363c403,0.0,0.955,0.045,0.3313
2025-04-22 05:28:29,Amazon: Potential Leadership In AI With All Its Consequences,SeekingAlpha,https://finnhub.io/api/news?id=6687475ec34b2212bff983a799d6914433204cafa3785bfea891dce40b906c1a,0.0,0.825,0.175,0.1779
2025-04-22 04:14:18,"India under tariff pressure to give Amazon and Walmart full market access, FT reports",Yahoo,https://finnhub.io/api/news?id=ac2e71a1932d722f1bf47afa8f94ade2327f83617a64ec9cb7e4c3e5cb0af036,0.015,0.918,0.067,0.4118
2025-04-22 03:53:05,Delegate Unveils Solutions to Common Fulfillment Challenges Facing Modern E-commerce Brands,Finnhub,https://finnhub.io/api/news?id=fb2adeb9f4dbd443ce04f2fd8fd66d2df910de052388528f37fcd566c4bf970e,0.0,0.863,0.137,0.5719
2025-04-21 23:34:41,United Parcel Service Offers A Compelling Valuation,SeekingAlpha,https://finnhub.io/api/news?id=6acc904a63472eb32776c073739dfbfded515bff8db6f80038af5bacb0dfce12,0.0,0.515,0.485,0.5719
2025-04-21 22:03:11,"Amazon has halted some data center leasing talks, Wells Fargo analysts say",Yahoo,https://finnhub.io/api/news?id=99c7b1ac66384413a20f18c77aa8214989fe860cdb9530e7a06eb2cb6e2e07d8,0.03,0.819,0.15,0.91
2025-04-21 21:21:47,Investment Manager Says Amazon.com (AMZN) Has ‘Pretty Interesting’ Valuation,Yahoo,https://finnhub.io/api/news?id=537f823deb414725332793d222559299c1c086be4759279892588d5035696af2,0.0,1.0,0.0,0.0
2025-04-21 21:03:37,What to know about Trump's record-setting inauguration fund,Yahoo,https://finnhub.io/api/news?id=b3b74f508299dde78d2d93822d88de918c628784533f6152c6b6bce6252b1d79,0.029,0.953,0.018,0.0056
2025-04-21 19:52:24,"Amazon, Salesforce, Uber: Trending tickers",Yahoo,https://finnhub.io/api/news?id=5ceec9dd99fb801fdefd647ca6df932fabfcad12ba215b3fae4f584d43745553,0.045,0.845,0.11,0.6826
2025-04-21 19:08:38,Amazon Stock Slips After Price Target Cut on China Tariff Warnings,Yahoo,https://finnhub.io/api/news?id=8ac9e409f0966de0e13ba58680e76bae649dda6371f4897252d732968d2570ca,0.268,0.684,0.048,-0.7717
2025-04-21 18:52:30,Why Bank of America Remains Bullish on Amazon (AMZN) Stock,Yahoo,https://finnhub.io/api/news?id=8b50e74e6c50223967ecfac5d776586c4debcb0bf545b1dd191813ee0dcf92b4,0.0,0.831,0.169,0.8481
2025-04-21 18:18:47,Amazon Pushes Vendors on Price Hikes,Yahoo,https://finnhub.io/api/news?id=d53bd373715768e4fc9838127ae28be1ee7532a8d280f82ebd33f31f0123c313,0.014,0.803,0.183,0.9196
2025-04-21 18:01:38,Amazon Stock Gets a Downgrade as Tariff Worries Weigh on Its Shares,Yahoo,https://finnhub.io/api/news?id=88bf1702916ed1b7f4021970f456dcf8257f746635a5ca026e4f9f3a1921a140,0.125,0.653,0.222,0.34
2025-04-21 17:12:08,Amazon.com Inc. (AMZN): Among Billionaire Rob Citrone’s Top Stock Picks,Yahoo,https://finnhub.io/api/news?id=7236bd71afa5e0f5818cbada9b673f118a01eaad625908f12f294d3e82bcac2e,0.183,0.749,0.069,-0.9001
2025-04-21 17:07:31,Out Of The Shadows: How Sphere's Vegas Juggernaut Can Crush Its RSN Drag,SeekingAlpha,https://finnhub.io/api/news?id=af89060cc2dee3b6194e6830d434988f51637480694aa6d167800528035188fd,0.241,0.759,0.0,-0.3612
2025-04-21 16:36:37,"Stock Market Today: Dow Jones Dives After Trump Does This; Netflix Tests Entry, Bill Ackman Stock Skids (Live Coverage)",DowJones,https://finnhub.io/api/news?id=21820786e167ade39ab67fe1a999b4852a288a2a0289c58ffafd4d3719d62ff9,0.0,1.0,0.0,0.0
2025-04-21 16:21:43,Amazon Stock Downgraded From Strong Buy Call On Tariff Risks,DowJones,https://finnhub.io/api/news?id=c1a7fab118d584f0b485fc28a6e1bbb079d5c4ea38529cb96193cab2e2fca109,0.149,0.496,0.355,0.7003
2025-04-21 16:18:55,"Amazon, Alphabet, and Super Micro Shares Are Falling, What You Need To Know",Yahoo,https://finnhub.io/api/news?id=361cc2d3f2a05b37486160e28e6069377d1a7db98eeba2a4b32297152d339f37,0.142,0.666,0.192,0.5859
2025-04-21 16:09:42,"Chicken, crypto and Nvidia: The companies that helped Trump’s inauguration shatter fundraising records",Yahoo,https://finnhub.io/api/news?id=254377ba4ebee8b1577b47874b863bd183453450265106debf7cb5fe210046aa,0.0,1.0,0.0,0.0
2025-04-21 15:53:54,Shares of companies within the broader consumer discretionary sector are trading lower amid overall market weakness and investor concerns over deteriorating trade relationships.,Benzinga,https://finnhub.io/api/news?id=1900be4d56ac5b26a0a2d8a8973b0bb1341deb2dd7cc7363a87789fae12ed8f2,0.184,0.735,0.081,-0.4215
2025-04-21 15:44:22,"Big Tech ETF posts big drop, as Tesla sees steep slide",MarketWatch,https://finnhub.io/api/news?id=46eadbbbe4fc8e960cfc1f75a8cd0e56e84f33a735e6adc31010b9d3996e0486,0.174,0.826,0.0,-0.4939
2025-04-21 14:47:47,"Amazon stock falls as Raymond James downgrades shares, citing tariff headwinds and 'limited' AI monetization",Yahoo,https://finnhub.io/api/news?id=b39edc76525e5deb5dc78f19f472a3bda007076489b08617b9c3eb6a1005b447,0.043,0.705,0.252,0.802
2025-04-21 14:08:49,Investment Bank Downgrades AMZN on Earnings Pressures,Yahoo,https://finnhub.io/api/news?id=3bd799db375d544599888d48259d913d30c44a6f21126ac06d0dcb8b6c10440c,0.141,0.789,0.069,-0.6369
2025-04-21 14:00:00,"How To Build A $500,000 Dividend Portfolio That Could Yield 18.35% In 20 Years",SeekingAlpha,https://finnhub.io/api/news?id=8e6e3fa32e40da513514f0f565d1f27638b2825a954a29a44461dbeec46ac129,0.0,1.0,0.0,0.0
2025-04-21 13:43:00,Amazon Stock Gets a Downgrade Because Tariffs on China Hurt in 2 Ways,Yahoo,https://finnhub.io/api/news?id=2bb3b0e49f4129a3b32be67194e533774768c11d36087b90f2e82f9d2116f1cb,0.248,0.704,0.048,-0.7964
2025-04-21 13:39:26,Nvidia investors balk at beaten down valuation as risks mount,Yahoo,https://finnhub.io/api/news?id=d87fbab12dde2fdee2f40f3baa1f732793b2782e5dfca4bf00329aa82b1d1707,0.109,0.786,0.106,-0.0772
2025-04-21 13:36:22,"Amazon downgraded, Netflix upgraded: Wall Street's top analyst calls",Yahoo,https://finnhub.io/api/news?id=9abf7ac086a5015313343a3e926db09ffdf22f7303b9985a696df8319464f7b4,0.0,0.667,0.333,0.6124
2025-04-21 12:08:40,Harbor's TEC ETF Banks On Breakthroughs Over Balance Sheets,Benzinga,https://finnhub.io/api/news?id=9e2a9d36b8bff31cbeb47aafa9dde0f8dbbe89c07dc5796e9992906839e08202,0.0,0.845,0.155,0.6705
2025-04-21 11:05:34,SoundHound AI: R&D Disadvantage Against Giants Makes Tech Edge Unsustainable,SeekingAlpha,https://finnhub.io/api/news?id=e6499d06038d14cb05fc6c6ee589859e2c534f7e8a2d2c58974768aa87ca129d,0.237,0.763,0.0,-0.4215
2025-04-21 09:57:41,"Dow Jones Slides 550 Points On China Trade Warning; Nvidia, Tesla Sell Off",DowJones,https://finnhub.io/api/news?id=f5f0c5d1a590d581041fd36456907e1b1739e85ccead8cce1f949f5edb84b9d9,0.167,0.833,0.0,-0.5859
2025-04-21 09:15:00,Buy Amazon Stock Before It Explodes From Q1 Results,SeekingAlpha,https://finnhub.io/api/news?id=cfbb5af490ff5519ddbde5004a2470c920b8a1de1f3e37b23ab56b2954fcdba6,0.0,0.825,0.175,0.1779
2025-04-21 08:23:44,This Salesforce Analyst Turns Bearish; Here Are Top 5 Downgrades For Monday,Benzinga,https://finnhub.io/api/news?id=8ccaadfa100011da6f39a112f0f1dd1e915af39cee8198096760c05fe84e86f5,0.0,0.859,0.141,0.2023
2025-04-21 08:10:00,3 No-Brainer Artificial Intelligence (AI) Stocks to Buy Before Earnings Season Heats Up,Yahoo,https://finnhub.io/api/news?id=fb6b7627f9a69c8fb6263ae9f8b212fc6de4c8574e5d71bc5d5f6aa15420bfd7,0.062,0.794,0.144,0.8173
2025-04-21 03:25:24,Alphabet: Logic Could Overcome Fear In Upcoming Earnings,SeekingAlpha,https://finnhub.io/api/news?id=49d82b962fc0682ba39d52cd0954295e797a25b5b3c99675317439ddb7eb3455,0.314,0.686,0.0,-0.4939
2025-04-21 03:10:32,Trump Raised Record $239 Million for Inaugural Festivities,Yahoo,https://finnhub.io/api/news?id=132216cd01ac673fe6326c8cd6cbaa8c7134a886554c449cc94a8232508d1cee,0.0,0.942,0.058,0.5574
2025-04-21 02:10:06,Agent 007 – Mission Amazon': Jeff Bezos Buys The Rights To Ian Fleming's Character,Finnhub,https://finnhub.io/api/news?id=e6e505641d5ebb50b8296df581b6a7e6b2f1b564d3f594098eef8d2a48908739,0.0,0.85,0.15,0.8074
2025-04-21 01:01:17,QYLD: Why A High Nasdaq 100 Volatility Index Is A Good Thing,SeekingAlpha,https://finnhub.io/api/news?id=35427befa0d7728187f7e8293817cf8ddeaea9046490134ac839e0f4302b3bb8,0.0,0.791,0.209,0.4404
2025-04-21 00:30:39,"Big Tech's ""Magnificent Seven"" heads into earnings season reeling from Trump turbulence",Yahoo,https://finnhub.io/api/news?id=7524b3275602ba36fcfe0e86be24dbfc2db103feb293d0f3d9e02ea2008815bb,0.036,0.88,0.084,0.7579
2025-04-20 21:53:31,Magnificent-7. What Stock Should We Add To Make It The Excellent-8?,SeekingAlpha,https://finnhub.io/api/news?id=7ae577a83fb0f095ca70fc698fe61c0199e3714fe710fd95798ebdbc000ae9a8,0.0,1.0,0.0,0.0
2025-04-20 14:33:00,Amazon makes urgent move to avoid US-China trade war impact,Yahoo,https://finnhub.io/api/news?id=4a69075bec33f1d16ab00270af213fd2d0e21596bbc2c59ded70fdf42925a2ad,0.229,0.639,0.132,-0.5574
2025-04-20 14:15:00,2 Top Buffett Stocks to Buy and Hold for the Long Haul,Yahoo,https://finnhub.io/api/news?id=7764fab3dd9f8619105b0579e29162de0ff195a9664c46897c603bc8b2245571,0.04,0.94,0.02,-0.34
2025-04-20 14:00:32,Jeff Bezos Reportedly Just Sold His Seattle Mansion For A Record-Breaking $63 Million,Yahoo,https://finnhub.io/api/news?id=be36575b6dfe8dd9e0662f5cb92ea595483f27a634cef9f71908457dc3bbac4c,0.0,0.914,0.086,0.6249
2025-04-20 11:55:00,Amazon Stock Sell-Off: Should You Buy the Dip?,Yahoo,https://finnhub.io/api/news?id=00e8759145e5b85d45618b266dd60106b3d178f4d8e63784ef586474108891eb,0.0,0.911,0.089,0.6486
2025-04-20 10:53:00,Tariff Turmoil: One Artificial Intelligence (AI) Stock Down 26% to Buy Hand Over Fist Right Now,Yahoo,https://finnhub.io/api/news?id=c240bdb81a101174c01524ba3903fa1f5c93f638d05135afe12f6a40af36bf36,0.079,0.723,0.198,0.5859
2025-04-20 09:48:19,"Tesla's FSD Deployment, Kodiak Robotics' SPAC Merger, And Rivian's New Deal: This Week In Mobility",Benzinga,https://finnhub.io/api/news?id=ad9880a2f6dc8a491255c5cc945c62e4587af70a6405bddcbc4dc9f973279b47,0.0,1.0,0.0,0.0
2025-04-20 09:45:00,MercadoLibre Stock Will Likely Stand Out Amid Tariff Pressures. Here's Why.,Yahoo,https://finnhub.io/api/news?id=a4db9a9a1615167d7e689c07301421f0d12dd10ac614b3973f66c3ca2d9a6dec,0.12,0.819,0.061,-0.5423
2025-04-20 09:30:00,"Invest In 6 Funds For A Potential $5,000 Monthly Income",SeekingAlpha,https://finnhub.io/api/news?id=19d78225aaa1a3a8abc48990b856c01e944b0efbb03b9d6b9bc1bc40bef81d64,0.0,1.0,0.0,0.0
2025-04-20 09:15:00,"Selling America, Buying Europe - My Picks",SeekingAlpha,https://finnhub.io/api/news?id=58194e6d71d5409933effd38aaf6120f6a1062adef614dc8ae47a2ce8df31280,0.0,1.0,0.0,0.0
2025-04-20 09:00:00,Tesla and Alphabet Report This Week. They'll Set the Tone for Big Tech Earnings,Yahoo,https://finnhub.io/api/news?id=d239c943a6baf63425b2ff0f2d1bf26a92ac1413fcd4157a75af52ec5d558560,0.0,0.929,0.071,0.5994
2025-04-20 08:42:00,"If I Could Buy Only 1 Warren Buffett Stock Amid the Stock Market Chaos, This Would Be It",Yahoo,https://finnhub.io/api/news?id=43cfd59618986626234a0e24775f0bb7e02968108e8018bb36df8f0cec5987fb,0.059,0.783,0.158,0.7351
2025-04-20 04:03:39,"I Liked Pinterest At $30, But I Like It More At $25",SeekingAlpha,https://finnhub.io/api/news?id=45e332ae327e31a765e4e4e171558991fba5380bb6592f55d0c04d0034b8f4f0,0.0,0.66,0.34,0.631
2025-04-20 03:45:47,"Shopify: Moving Fast, But Investors May Not Be Prepared For Things To Break",SeekingAlpha,https://finnhub.io/api/news?id=9bbbdae7cef3acfb5a32c31889640280aec635ce9b5d13b681a7d838505d1fd0,0.143,0.857,0.0,-0.2498
2025-04-20 02:00:00,Merion Road Capital Q1 2025 Investor Letter,SeekingAlpha,https://finnhub.io/api/news?id=ce4c9fe2e645a7d8cc209f2a2528e62bd351d373742288249d91838e905eed2d,0.0,1.0,0.0,0.0
2025-04-19 15:15:27,Why Amazon.com (AMZN) Is the Best Blue Chip Stock to Buy According to Billionaires,Yahoo,https://finnhub.io/api/news?id=9bc5eacce203688cdbfbc1e2b319af2997a8f0d05574082f2b8cc2c020635007,0.047,0.8,0.153,0.8658
2025-04-19 12:45:00,Prediction: 1 Stock That Will Be Worth More Than Nvidia 5 Years From Now,Yahoo,https://finnhub.io/api/news?id=f69ad97c0e50731dbb4ee801650d7a01ca3d9cca50f3a30fbd77ea3cc058837c,0.0,0.792,0.208,0.9665
2025-04-19 11:38:13,GAM: Tech Exposure Could Mean Short-Term Pain,SeekingAlpha,https://finnhub.io/api/news?id=4b1fd8ecc8bbc14cd467d1415a08b3dde2dc248c22111fd11ca84fd64fa880d5,0.355,0.645,0.0,-0.5106
2025-04-19 11:00:00,"Tesla, Google To Report Earnings As Investors Watch Out For Consumer Confidence, Jobless Claims",SeekingAlpha,https://finnhub.io/api/news?id=c4e734181f72f20824c12732588a34fe750eb12ceb4ae4a5574c9745da3ff1fe,0.0,0.798,0.202,0.5106
2025-04-19 11:00:00,"Tesla, Amazon To Report Earnings As Investors Watch Out For Consumer Confidence, Jobless Claims",SeekingAlpha,https://finnhub.io/api/news?id=9036e6d1a12f4396d163545683e97983a5269f3e7f92fc863f14c5422010d3f3,0.0,0.706,0.294,0.6124
2025-04-19 10:15:00,"This ""Magnificent Seven"" Stock Is Trading Near Its Most Prime Valuation in a Decade, and Cathie Wood Just Bought the Dip",Yahoo,https://finnhub.io/api/news?id=3423119b773b5c053efc4a71c1ad07ff8c994588a80a8c9a202d3579de917ff2,0.0,0.813,0.187,0.8316
2025-04-19 09:10:00,Could Buying Nu Holdings Stock Today Set You Up for Life?,Yahoo,https://finnhub.io/api/news?id=365676c84d7bda22799f56321dcc2d7a4e09b544af5946cdd3edf390d8254b39,0.0,0.928,0.072,0.1779
2025-04-19 09:00:00,Warning: These REITs Are A Dumpster Fire In 2025,SeekingAlpha,https://finnhub.io/api/news?id=34beed62c5ebc182a4074ba9ea69db7a3ce8ae89e1412112e769e348d3572639,0.354,0.604,0.042,-0.8981
2025-04-19 07:44:40,What Moved Markets This Week,SeekingAlpha,https://finnhub.io/api/news?id=08c44b8ae67341e26dd2423b7c1a73e23d1bf8f72ed4602deb28cdbabca685b9,0.0,1.0,0.0,0.0
2025-04-19 07:05:00,My Highest Conviction Buy Right Now That I Am Buying Hand-Over-Fist,SeekingAlpha,https://finnhub.io/api/news?id=ebcac534890db0c9bb6090f5c33bfbed514f4578c962e304834b2646852b5524,0.0,1.0,0.0,0.0
2025-04-19 00:25:28,"Meta seeks help to pay LLM training costs for Llama, The Information reports",Yahoo,https://finnhub.io/api/news?id=a11e1881d5450640f9f5bcd31dee0cc439e2afc015087491b0d5bc601259dc1b,0.014,0.886,0.1,0.8126
2025-04-18 21:10:51,Is Amazon.com (AMZN) the Best NASDAQ Stock to Buy So Far in 2025?,Yahoo,https://finnhub.io/api/news?id=fcc49d7666bee73ef8eb5249935304f0ec474faffe96f5339a2a087ff27d17e5,0.0,0.889,0.111,0.8555
2025-04-18 15:46:46,"170 Million Users At Stake: Tim Stokely's Zoop Makes Last-Minute TikTok Bid, Promising Creators 'The Lion's Share' Of Ad Revenue",Yahoo,https://finnhub.io/api/news?id=54d61fda52b6b722faaeb289c41bdfcc38cd9565543d2cc8ed6bd2283f163a47,0.0,0.909,0.091,0.8074
2025-04-18 15:46:00,Tech’s Problems in China Are Getting Worse. These Companies Are Most at Risk.,Yahoo,https://finnhub.io/api/news?id=3173df0809c82992b2d07a5af7089110cac31a27e55fd5b80ff9722387f792dd,0.362,0.603,0.034,-0.9462
2025-05-03 09:57:00,Big Tech showed it won’t back down on AI spending. Some on Wall Street are still wary.,MarketWatch,https://finnhub.io/api/news?id=c9337a0fc8434043eb79c7bc1307163fe0d76534e678e0dd9fb49f706b7be46e,0.0,1.0,0.0,0.0
2025-05-03 09:46:37,Dogs Of The Dow Chase May's 'Safer' Buy,SeekingAlpha,https://finnhub.io/api/news?id=350e7769b702ab011e6e05a8a775d6afbeec758c10f0e5378d06981688951dc9,0.0,0.833,0.167,0.7184
2025-05-03 01:47:00,"Safe Haven In Uncertain Times, Year Three",SeekingAlpha,https://finnhub.io/api/news?id=2b74f6bdc63327694ca22ad8d815ce5b0d32cecb81d56f89ea41780c3e5032ad,0.057,0.651,0.292,0.8402
2025-05-02 22:09:00,"Earnings Remain Resilient, but Outlook Softens",Yahoo,https://finnhub.io/api/news?id=6537b97b1dbe5868ea893dabcf170874eb1649919a8d36fab0b75057acd12e00,0.109,0.891,0.0,-0.4215
2025-05-02 21:40:48,PDD Holdings Inc. (PDD): Among the Best NASDAQ Stocks to Buy According to Billionaires,Yahoo,https://finnhub.io/api/news?id=09daf517b9dde3afe7aca054f909ab9e3998be3fc3282f015bc8680875a4e9f4,0.0,0.842,0.158,0.9274
2025-05-02 20:43:00,The AI Trade Is Showing New Signs of Life. What We Learned From Big Tech Earnings.,Yahoo,https://finnhub.io/api/news?id=f6fc3abc5fa7809acf280a8065cd7b931c51d6e0d366fc9a0ca5bdfaef3a386c,0.0,0.894,0.106,0.5574
2025-05-02 20:28:00,"These Stocks Moved the Most Today: Apple, Amazon, Block, Take-Two, Dexcom, MicroStrategy, Duolingo, Roku, and More",Yahoo,https://finnhub.io/api/news?id=7b0110f3549d1bbc591f7d257891987969caf0cc2b06f220174bb3e21364b38f,0.181,0.707,0.112,-0.5918
2025-05-02 20:13:12,Stock Market Today: Dow Jones Gains More Than 500 Points; Spotify Hits A Buy Point (Live Coverage),Yahoo,https://finnhub.io/api/news?id=680a2e3c2b724b04f0ca4c81d96e2d3fb3d73e3381c9472cf43ff1aaa7ee8f9f,0.0,0.852,0.148,0.91
2025-05-02 19:50:51,Apple has tariff problems its Big Tech peers do not,Yahoo,https://finnhub.io/api/news?id=d64f7e9a74b080f0360a46c3ade15796fc99a60defbf7cf1e81e647576ab5ba0,0.292,0.708,0.0,-0.7184
2025-05-02 19:44:33,Amazon Prepares for Tougher Business Climate,Yahoo,https://finnhub.io/api/news?id=e121bf35e4f8a17bbc23b49bbaca93b03fecaffc29438d0dd41e4d0c2f78b80b,0.0,0.826,0.174,0.7003
2025-05-02 19:39:49,Nvidia CEO Jensen Huang gets first salary boost in 10 years,Yahoo,https://finnhub.io/api/news?id=f9af177220c360406e649e1672fa69c3b3e89b13389722261a3450dba01a45bd,0.0,0.954,0.046,0.2144
2025-05-02 19:10:11,Is Amazon.com (AMZN) the Best NASDAQ Stock to Buy According to Billionaires?,Yahoo,https://finnhub.io/api/news?id=0b0402f2d0a6033ad5735489459173b2e0d70d31a622fb63d41a2564b7162c1e,0.0,0.838,0.162,0.9274
2025-05-02 19:00:00,"Amazon Q1 Earnings Beat Estimates, Stock Falls on Mixed Guidance",Yahoo,https://finnhub.io/api/news?id=e150c2ed41cca90edf6854bf7c1fd54791204e6af96752ee068ea14c03aa762f,0.0,0.793,0.207,0.7845
2025-05-02 18:21:01,Amazon Launches Its Homegrown Starlink Competitor — But Will It Boost Profits?,Yahoo,https://finnhub.io/api/news?id=eb1464326613213f4e077c6322b14b750a28a5ada6fed34b143f9a4dc3daea83,0.0,0.673,0.327,0.9032
2025-05-02 18:00:00,US exceptionalism trade is 'still in play': May investing tips,Yahoo,https://finnhub.io/api/news?id=1eee355e23cf0c466a9648cb886c550b7bbe75d9ed050f521f8a11a87bb6b07d,0.021,0.806,0.173,0.9441
2025-05-02 17:58:00,Jeff Bezos is planning to sell billions worth of Amazon stock,Yahoo,https://finnhub.io/api/news?id=c3ceb2972dfe083f597c56d14a67f6c115d263de43233b17f9b504b72e6130bc,0.0,0.806,0.194,0.6124
2025-05-02 17:47:23,"Apple, Anthropic Team Up to Build AI-Powered ‘Vibe-Coding’ Platform",Yahoo,https://finnhub.io/api/news?id=cb7ace3891ca545fe1723fc442a7ae818c8d0786e619eaa006a1ab1651907867,0.047,0.92,0.033,-0.0772
2025-05-02 17:34:42,Amazon Founder Bezos to Sell 25 Million Shares Worth $4.8 Billion,Yahoo,https://finnhub.io/api/news?id=2ef4ce4b9286afc6b7a11a5f82a2be4bc7973d7f5dc0b1b9235bdf275224b173,0.0,0.608,0.392,0.7703
2025-05-02 17:29:55,"Amazon.com Boosts Several Positives but Challenges Also Remain, RBC Analysts Say",Yahoo,https://finnhub.io/api/news?id=33e10e82fa53c41cad77799cb94d4bc633186532013ff71d6a886ed09f1947e2,0.0,0.58,0.42,0.9144
2025-05-02 17:29:25,Amazon CEO Andy Jassy plays up his retail rivals’ worst nightmare: Trump’s tariffs may actually strengthen Amazon,Yahoo,https://finnhub.io/api/news?id=b355b4cf24b914b2329d345fa72bf8199642214ac7c4c44aa9453d54af1e0c05,0.162,0.565,0.273,0.1361
2025-05-02 17:29:25,"Amazon Shares Slip as Q2 Outlook Disappoints, Tariff Worries Resurface",Yahoo,https://finnhub.io/api/news?id=fee531dd9a6acb562143f4e9b254d0da1302ddde36ed981a5bc158f1cdee0b65,0.325,0.447,0.228,-0.5267
2025-05-02 17:23:11,Amazon.com (NasdaqGS:AMZN) Reports Q1 Revenue of US$156 Billion and Raises Q2 Guidance,Yahoo,https://finnhub.io/api/news?id=7df2ead91c8ce0f86892819aaedb745c9e12a3d3be7d2aafba173980951fba06,0.028,0.768,0.204,0.9313
2025-05-02 17:16:00,What Apple Earnings Reveal About Trump’s Trade War,Yahoo,https://finnhub.io/api/news?id=84742a8c422d1bf08a2c7e05d94dcbf227e422171383648a665a4d713fcc1424,0.105,0.836,0.059,-0.4019
2025-05-02 17:03:32,Anthropic To Buy Back Employee Shares At $61.5 Billion Valuation - The Information,Finnhub,https://finnhub.io/api/news?id=c8a79dfe26037fc5df19d1b0871eaa02c34586b9a29ff02b8ff571e691f030c7,0.0,0.858,0.142,0.6289
2025-05-02 16:42:17,Amazon Confirmed Cloud Computing Growth Is Here To Stay,SeekingAlpha,https://finnhub.io/api/news?id=49cbe425c5a8df3c0df16cf0787be1a3e7805c6d33018def9a329b68b485fe3d,0.047,0.748,0.204,0.6486
2025-05-02 16:06:49,"Wall Street Fully Recoups Tariff-Led Losses, Economy Contracts In First Quarter Yet April Payrolls Remain Strong: This Week In Markets",Benzinga,https://finnhub.io/api/news?id=90dfdfe71a69e03a3896c387ce9d763e66bf02c89ce00ebb304b3b4ca57826b7,0.122,0.742,0.136,0.0865
2025-05-02 15:39:23,Amazon: Trainium 2 GPU Is Gaining Adoption,SeekingAlpha,https://finnhub.io/api/news?id=9d8231e1a3a3139939addb49950846b038a96b88e6c8694c77b418a56f63d446,0.0,0.615,0.385,0.9313
2025-05-02 15:02:00,Temu and Shein Will Feel ‘De Minimis’ Pain. So Will These U.S. Companies.,MarketWatch,https://finnhub.io/api/news?id=44d7bc2619c1e4dca78a4553b33518d887db85757796949ecc8e783099be271a,0.216,0.784,0.0,-0.765
2025-05-02 13:49:00,The Dow jumps 450 points as a strong jobs report has Trump calling for interest rate cuts again,Yahoo,https://finnhub.io/api/news?id=aac8b6fb5db8c731af8290d46fa8676d025fab74c7f534b572859ef7cf8d9475,0.027,0.762,0.211,0.9287
2025-05-02 13:34:06,"TSX futures positive on calming trade tensions, positive U.S. jobs report",Yahoo,https://finnhub.io/api/news?id=21ba47833aa381e100873c608e581dfa57892d2971cef137be458e4b9732674e,0.071,0.675,0.254,0.9153
2025-05-02 13:33:23,Amazon Braces for Tougher Business Climate as US Tariffs Hit,Yahoo,https://finnhub.io/api/news?id=a3012583071b729693d3507ea3f27d3fa69339eb5673471fa4c7d381cde3c4ac,0.073,0.874,0.054,-0.4215
2025-05-02 13:20:00,Earnings Dilute Tariff Concerns,SeekingAlpha,https://finnhub.io/api/news?id=7a6ae604f33a1b09a0e02790c9e37889cb568fa2d8b7c9d2623900cd74d0099f,0.0,0.851,0.149,0.2716
2025-05-02 13:07:36,"Jobs report, China trade, Apple & Amazon earnings: 3 Things",Yahoo,https://finnhub.io/api/news?id=54111f6008a8ef0626f95797f393efd28b38a01519eda387cded50ea87f24ce2,0.0,0.963,0.037,0.34
2025-05-02 12:54:32,Why Amazon Leader Says Tech Giant Could Gain Market Share From Tariff 'Uncertainty',Yahoo,https://finnhub.io/api/news?id=3e19a11fee2c1daffc8d8869cc02ad3ce991213bca07f5e57e14236184c61756,0.06,0.575,0.365,0.8807
2025-05-02 12:43:14,"China Shipping Loophole Closed by Trump, Raising Prices for US Consumers",Yahoo,https://finnhub.io/api/news?id=482b03056f4ffd0f20d3a1bcbf21ffc2ba050277696f128092d47d354621e170,0.069,0.917,0.015,-0.6369
2025-05-02 12:41:02,"Amazon Guides Q2 Softly, Analysts Unfazed",Yahoo,https://finnhub.io/api/news?id=dd20a5b5d27bdfad5e8dbdfab0cef02efddbe0ac5295f55863f3a5f88ae34c33,0.072,0.59,0.338,0.7351
2025-05-02 12:21:19,Dow Jones Rises As China Says It's 'Evaluating' U.S. Trade Talks. Apple Falls On Earnings.,Yahoo,https://finnhub.io/api/news?id=a985cd57b070e3c5d6eccc55d428901de8e39192a52b7b04a8fb5ff04c5f9308,0.0,1.0,0.0,0.0
2025-05-02 12:16:10,Amazon (AMZN) Puts $4 Billion Behind Faster Delivery for Small-Town America,Yahoo,https://finnhub.io/api/news?id=b9309d559c295065dd5448f21a78dffeb90fb3a367763b31ed9603368ca02d04,0.0,0.934,0.066,0.1779
2025-05-02 12:14:27,Q1 2025 Amazon.com Inc Earnings Call,Yahoo,https://finnhub.io/api/news?id=a533093cc9c94e4153970abe51b3597db8c5c7178b07658550f35cb09d633732,0.0,1.0,0.0,0.0
2025-05-02 12:12:08,"Wall Street Eyes 9th Straight Day Of Gains, Apple Falls As Chinese Sales Disappoint: What's Driving Markets Friday?",Benzinga,https://finnhub.io/api/news?id=9603bbe16675c9f6ce1b7dc63ac5ba8d608a9ee055051a6f2a071442af81399c,0.051,0.768,0.182,0.7184
2025-05-02 12:04:40,5 Things to Know Before the Stock Market Opens,Yahoo,https://finnhub.io/api/news?id=2a76e2110e6ead8f779500928088df646b6a6263b590a6b74705edbeeadb8b16,0.0,1.0,0.0,0.0
2025-05-02 11:50:00,Amazon Web Services' Slowdown Overshadows Earnings -- Market Talk,MarketWatch,https://finnhub.io/api/news?id=99b20e4d9f89a5147d177dc47c9749500dbb03866924200cf37e52cfbdf70bb0,0.0,0.825,0.175,0.34
2025-05-02 11:49:35,Why I Think Apple Is Currently The Least Interesting Of The FAANG Stocks,SeekingAlpha,https://finnhub.io/api/news?id=c042429feb5173ddec53555dc9175d992424dc6a428d3ff152008eb597d33527,0.093,0.794,0.113,0.2363
2025-05-02 11:49:20,"Stock Market Powers Higher On Microsoft, Meta, Trump Tariff Hopes: Weekly Review",DowJones,https://finnhub.io/api/news?id=9f5f362adbf16a020efc77bd1eaf1eeec496317e918ee9f3e63df187be8b77bb,0.0,0.797,0.203,0.6808
2025-05-02 11:39:00,"These Stocks Are Moving the Most Today: Apple, Amazon, Block, Take-Two, Dexcom, MicroStrategy, Duolingo, Roku, and More",MarketWatch,https://finnhub.io/api/news?id=b9375fc0d6e789269d442e9ebe4cc8c4543203e7ff9f8bdec0ea7f809fc75ea3,0.146,0.755,0.099,-0.4353
2025-05-02 11:37:06,"EXCLUSIVE: April's 20 Most-Searched Tickers On Benzinga Pro — Where Do Tesla, Apple, Palantir, Nvidia Stocks Rank?",Benzinga,https://finnhub.io/api/news?id=c0a02d7d149e72e045684049cb34985558b5301940e08350a1dae53bced74a24,0.0,0.953,0.047,0.3034
2025-05-02 11:34:00,Ukraine’s Minerals Won’t Help AI and Tech Companies for Years,MarketWatch,https://finnhub.io/api/news?id=47ffb783fb57fc3ffa7ba606ce7321ced8ccad68db1dd2c92f494a0072c2879e,0.0,0.769,0.231,0.6597
2025-05-02 11:30:00,A Major Market Disruption Is Likely Coming,SeekingAlpha,https://finnhub.io/api/news?id=61af25477e7d847bfa3ffd92a339bcce297bdfff7f8fd6b7bbe869ba8f472ab9,0.124,0.799,0.077,-0.1918
2025-05-02 11:15:00,"The Market Rally Is Strong, This Would Send It Stratospheric. And 5 Other Things to Know Today.",Yahoo,https://finnhub.io/api/news?id=a638ca39293bf561e1289b8dbddaaecb22c0d295eda986062caa08b39339d62f,0.051,0.876,0.073,0.0129
2025-05-02 10:43:27,Amazon: Q1 Earnings Did Not Deserve A SellOff - Buying Opportunity,SeekingAlpha,https://finnhub.io/api/news?id=b983fde0cbd41c861c8b6f68fabbc529e27321cd1cd02e2bbef9f39a96bae0a0,0.094,0.782,0.123,-0.2023
2025-05-02 10:40:00,Jeff Bezos to Sell 25 Million Amazon Shares. They’re Worth $4.7 Billion.,MarketWatch,https://finnhub.io/api/news?id=2614de5832701f9b5402d73c19e523269add3741d6e05de30c2eb6860d2654d4,0.0,0.608,0.392,0.8225
2025-05-02 10:37:12,Stock Market Today: Dow Jones Soars 400 Points On Strong Jobs Report; Palantir Stock Jumps Ahead Of Results (Live Coverage),DowJones,https://finnhub.io/api/news?id=3c78b8fc397a222acdef1bfabb308a961e38cc7a828e78ea768e8707eaea5c42,0.0,0.852,0.148,0.765
2025-05-02 10:10:00,The Friday Checkout: Kroger turns to TikTok for private label inspiration,Yahoo,https://finnhub.io/api/news?id=76ddd4ee573cb3d38ffc3803cb2cb226ccc8daf6b4bff2f5201451321cf473fd,0.0,0.765,0.235,0.8074
2025-05-02 10:07:41,"Magnificent Seven ETF hanging in there even as Amazon, Apple slide",MarketWatch,https://finnhub.io/api/news?id=79a7dd78edc9dae02533a810290170a6d124d51ee6aec684943f6e5c726e4bac,0.0,0.616,0.384,0.8807
2025-05-02 10:00:06,Tech investing playbook: Evolution of Big Tech dominance,Yahoo,https://finnhub.io/api/news?id=6384f2f2445bfac33f20c2348d4ada8073c52996f22ac834c03b1a3a2992cde8,0.0,0.862,0.138,0.8718
2025-05-02 09:55:00,Nvidia Stock Rises. It Just Got This Amazon AI Boost.,MarketWatch,https://finnhub.io/api/news?id=caa84f686fa7874cd3ced21a43dfc2a5dbc0f2012995c7617b31a8b5f5dbff6a,0.0,0.636,0.364,0.7992
2025-05-02 09:44:43,"EU antitrust regulators to decide on SES, Intelsat deal by June 10",Finnhub,https://finnhub.io/api/news?id=4440a0936ba299bc23edfa542a1fd2ed821c631c0377d10967654517bd4febfc,0.0,0.938,0.062,0.3818
2025-05-02 09:44:10,Gold Heads for First Back-To-Back Weekly Losses This Year,Yahoo,https://finnhub.io/api/news?id=dc5325504580c3d442c180e630e44c994dd5d7116198c672a4dd12dc37ce878b,0.156,0.773,0.071,-0.8201
2025-05-02 09:35:14,AMAZON COM INC : Jefferies reiterates its Buy rating,Finnhub,https://finnhub.io/api/news?id=53612307768abc97c63e632682ed2a24515d338171cc45addf810064bfd72256,0.0,0.816,0.184,0.7378
2025-05-02 09:34:11,Dow Jones Rallies On Surprise Jobs Report; Apple Dives On Earnings,DowJones,https://finnhub.io/api/news?id=f32d532635e95dc570b544259c0557fd89fe9bacc5046d42872783b09d1cbaca,0.0,0.826,0.174,0.4939
2025-05-02 09:30:00,What Big Tech Has Going for It in the Trade War,Yahoo,https://finnhub.io/api/news?id=1f17577fa93253bfafa914bee090d8f8ed9524e31994927bb63f27c9fc7c55c1,0.15,0.85,0.0,-0.5267
2025-05-02 09:30:00,Third Point Q1 2025 Investor Letter,SeekingAlpha,https://finnhub.io/api/news?id=e36652d432fc28686fd6596530058249713b320c1d42120f99201fe7069bafd1,0.0,0.951,0.049,0.1027
2025-05-02 09:15:00,Amazon: Buy The Uncertainty After Earnings,SeekingAlpha,https://finnhub.io/api/news?id=e8bc868730e173533779292d3bbed40085260dad6ff4d883a84c664c45f0e513,0.072,0.806,0.122,0.1779
2025-05-02 09:00:21,Amazon’s Q1 FY25 revenue up 10% as consumer demand surges,Yahoo,https://finnhub.io/api/news?id=cfd0ba8aed69643818dd9d26bfb63b9080f5385b3fec41858ced4950a154682b,0.071,0.849,0.08,0.0516
2025-05-02 08:51:34,"Trending tickers: Apple, Amazon, Reddit, Airbnb and Standard Chartered",Yahoo,https://finnhub.io/api/news?id=2895f701bcf192168777da054b8add956121eb61b5171b27de1b4932a93d8cb7,0.0,0.918,0.082,0.1779
2025-05-02 08:51:00,Members of Congress Are Buying These 4 Warren Buffett Stocks. Should You?,Yahoo,https://finnhub.io/api/news?id=ec6c1cb7905bf7a0d63b93c2a4a96fc0f631768fd33128a6ed71ab5942a5d6ab,0.0,0.82,0.18,0.8481
2025-05-02 08:23:15,AMAZON COM INC : Gets a Buy rating from DZ Bank,Finnhub,https://finnhub.io/api/news?id=8b162e0eab66183e5ba214b4017b41a259611c7b759b5d2e90675ef01b3fe29a,0.0,0.806,0.194,0.7213
2025-05-02 08:04:30,"Block, Atlassian, Apple, Roku, Amazon And Other Big Stocks Moving Lower In Friday's Pre-Market Session",Benzinga,https://finnhub.io/api/news?id=a92b7eb68b122c053fbeca29747bca9c14c20aac333cc4794f1097dcd304cc9c,0.271,0.638,0.09,-0.5267
2025-05-02 08:01:14,AMAZON COM INC : RBC remains its Buy rating,Finnhub,https://finnhub.io/api/news?id=41b3d7f4554658a42d19bd80950365b4b57182963f0aea87173157bca1c41d6f,0.0,0.941,0.059,0.347
2025-05-02 07:21:15,AMAZON COM INC : JP Morgan maintains a Buy rating,Finnhub,https://finnhub.io/api/news?id=641d1a8ba4f5cdc84a34d0e76970981d0af70f6081401a15b72a15dfa1af209f,0.0,0.774,0.226,0.8779
2025-05-02 07:19:27,Amazon.com Inc (AMZN) Q1 2025 Earnings Call Highlights: Strong Revenue Growth and AWS Expansion ...,Yahoo,https://finnhub.io/api/news?id=f6ced93d9c371d35fbf9ac3f3d1e238aeab383d7c1b33d0ae1ba7705eb84fbbd,0.053,0.658,0.289,0.8689
2025-05-02 06:53:26,"Wall Street Breakfast Podcast: Amazon Tops Expectations, Issues Cautious Outlook",SeekingAlpha,https://finnhub.io/api/news?id=f304db1ee2fc32d7dd1c78e402418af33cbeacca2957150ad827278c33ed22a7,0.104,0.522,0.373,0.5574
2025-05-02 06:39:37,Astera Labs Heating Up The AI Connectivity Market (Rating Upgrade),SeekingAlpha,https://finnhub.io/api/news?id=259b8e49321f9b4a38332505278fddae93919686bf3a05464ed7ddd194c62f89,0.0,0.865,0.135,0.6124
2025-05-02 06:37:14,AMAZON COM INC : Goldman Sachs reaffirms its Buy rating,Finnhub,https://finnhub.io/api/news?id=fcc8d00bc29a8d8e5694d6c811ede094f0a39ca6e020ec2d0315993beae68f14,0.0,0.925,0.075,0.347
2025-05-02 06:10:13,AMAZON COM INC : UBS gives a Buy rating,Finnhub,https://finnhub.io/api/news?id=1a2cecacc7f7e08935d515e20353729b56c79c6fe9821c87633e379a4816aa79,0.0,0.82,0.18,0.7378
2025-05-02 05:59:28,'De minimis': the trade perk Trump ended as part of China tariffs,Finnhub,https://finnhub.io/api/news?id=9eafda5bfa57bcb2c0210632addebdb6d17ccb59bdf860f7c8ab8f919d4b12c4,0.0,1.0,0.0,0.0
2025-05-02 05:17:16,"Premarket movers: Apple, Amazon.com, Block, Roku, Reddit",MarketWatch,https://finnhub.io/api/news?id=0695d4db90050cab31e9005d316514b94b6e2780f84265a9406d9d0980bfc725,0.326,0.674,0.0,-0.7003
2025-05-02 05:17:11,Amazon: cloud slowdown disappoints investors,Finnhub,https://finnhub.io/api/news?id=55c775e4845f08da15bc822dc68c347523be5d53b5f0bc7964dcb11c27688137,0.059,0.773,0.168,0.5859
2025-05-02 05:02:12,Why Twilio Shares Are Trading Higher By Over 9%; Here Are 20 Stocks Moving Premarket,Benzinga,https://finnhub.io/api/news?id=5297babb8d0887dfc3e045259126396712a75e65e09dd739cf18c3aa32900caa,0.0,0.864,0.136,0.296
2025-05-02 04:49:27,"Amazon sellers are stocking up in the face of tariffs, but it's a short-term fix",Finnhub,https://finnhub.io/api/news?id=2c966e5810bec1ffabae2f82edd9acfad2067ecdd5504a469fd78b0266363401,0.0,0.855,0.145,0.7003
2025-05-02 03:04:25,Amazon: Q1 EPS up 62%,Finnhub,https://finnhub.io/api/news?id=4d442086e097a5f2ce8b57cb519e5b785a7e2375f07682a598c7364b1369c5a8,0.0,0.865,0.135,0.5574
2025-05-02 02:45:00,Amazon Q1 2025 Update,SeekingAlpha,https://finnhub.io/api/news?id=fae693dea933baad85c5baa3a926e6af18f394a8b32a134f740c5573151cb7a6,0.0,0.936,0.064,0.1779
2025-05-02 02:34:11,Amazon shares listed in Frankfurt rise 1.6% day after results,Finnhub,https://finnhub.io/api/news?id=427f38709aa6f2885710a93823d59adaa8b81c921a118320c27d53ee8baa6a68,0.0,0.736,0.264,0.8126
2025-05-02 02:11:09,The Appearance Of The Liability Of Intermediary Service Providers Enabling Electronic Commerce For Defective Goods Under Different Legal Systems,Finnhub,https://finnhub.io/api/news?id=cee250a9f656e6b5ca64d627424d72ca289a43e8ff77990194e4820adb566ddd,0.094,0.876,0.03,-0.4939
2025-05-01 23:00:19,"Dow Jones Futures Rise As China Says It's 'Evaluating' U.S. Trade Talks. Amazon, Apple Fall On Earnings.",DowJones,https://finnhub.io/api/news?id=c3b43a7723008c049faba309d3c63bdcc69667750c0d03f985189157049417f5,0.0,0.904,0.096,0.34
2025-05-01 19:46:26,Amazon com : Q1 2025 AMZN Earnings Release,Finnhub,https://finnhub.io/api/news?id=2720fea2f652e24bc5ea959baaa029c5d7654c642a8ce489158438b9076b1fec,0.0,0.946,0.054,0.1779
2025-05-01 19:46:24,Amazon com : Q1 2025 Webcast Slides,Finnhub,https://finnhub.io/api/news?id=c6619887354e09c0bb643b3b66e3627ebb1d616299673677c9bd2ea0126e060e,0.075,0.873,0.051,-0.2023
2025-05-01 19:04:03,"Amazon.com, Inc. (AMZN) Q1 2025 Earnings Call Transcript",SeekingAlpha,https://finnhub.io/api/news?id=b9a5b250cc351e4a364412e5bec0cc497fdee6df5afc8538899747b8d2d4077a,0.0,1.0,0.0,0.0
2025-04-30 14:50:00,"Here’s what’s worth streaming in May 2025 on Netflix, Max, Hulu, Disney+ and more",MarketWatch,https://finnhub.io/api/news?id=0aefb9c281a81ac2c3f61664e8bd0bb943d70965948657a69fd12d3b2dba27a9,0.0,0.865,0.135,0.4703
2025-05-01 18:21:00,Amazon Shares Drop on Tariff Concerns Despite Strong Quarter,DowJones,https://finnhub.io/api/news?id=07291b47b6a3e30d184bcacf08d6537bf014dbc67a2de429a87e03f5b04e6942,0.409,0.367,0.224,-0.6152
2025-05-01 18:14:13,"Amazon's outlook could be worse, analyst says",MarketWatch,https://finnhub.io/api/news?id=30a3ca18fce7c00c50c0d36cb33d1a3a494db3a24dede6e96c1954221307641a,0.341,0.659,0.0,-0.7351
2025-05-01 18:02:49,"Amazon Earnings Beat But Stock Falls On Mixed Guidance, Slight Cloud Miss",DowJones,https://finnhub.io/api/news?id=6372675ca8518e43b8a30710fe099b8f82c43e57f8bee4d88e11259cd29d5267,0.114,0.77,0.116,0.0102
2025-05-01 18:00:36,"Amazon: Q1 Earnings Beat, Weak Guidance, Tariff Threat--Is It A Buy?",SeekingAlpha,https://finnhub.io/api/news?id=cadfe52b25dbc881d5eed2fdff07696ed31fc9aed99bce670ab8753f66199153,0.048,0.765,0.186,0.6808
2025-05-01 17:52:44,"Analyst sees possible short-term 'choppiness,' longer-term expansion for Amazon",MarketWatch,https://finnhub.io/api/news?id=b5feed1ecc70d8e9910023dbaaed212067bb38828454dbcad93e2a11c810c77b,0.0,0.825,0.175,0.34
2025-05-01 17:45:23,Amazon says it's 'maniacally' focused on lower prices,MarketWatch,https://finnhub.io/api/news?id=ca3cbcfd752b2a9345b396dedd55ba6d83d69425132fa9083b52338fcd061094,0.371,0.303,0.326,-0.296
2025-05-01 17:40:17,Amazon Sinks on Outlook Miss | Closing Bell,Finnhub,https://finnhub.io/api/news?id=003d2fd79cf0d0c6281f52b7bc3a43eef30c150e464e15d267cf74fc1c21a439,0.043,0.858,0.099,0.2732
2025-05-01 17:39:51,"Amazon cloud revenue, income forecast disappoint, shares slide",Finnhub,https://finnhub.io/api/news?id=06cc8ccc5723979de4f5281c77de8e9ee92a3cfb3ed8123814d53ce038674497,0.145,0.64,0.214,0.2023
2025-05-01 17:39:29,"Amazon's AI, capacity, supply chains",MarketWatch,https://finnhub.io/api/news?id=06a307ba6ef19d86a26464ae41aa4bd09fcb1b1b9b0af5ef9ac2f009448f9c51,0.0,1.0,0.0,0.0
2025-05-01 17:39:21,Amazon CEO Jassy says the price of AI inferencing 'needs to come down',MarketWatch,https://finnhub.io/api/news?id=342edf49d958ab0d7b56076644f97be98fa12c83510cd1907bb6d278f1bab924,0.0,0.876,0.124,0.34
2025-05-01 17:30:00,Amazon Reports Strong Earnings. Stock Falls on Slight AWS Cloud Miss.,MarketWatch,https://finnhub.io/api/news?id=f12eedc6ddea0fc623cc6e7a5b55c78e5592f60b9488dd3abd254db283895e6b,0.093,0.558,0.349,0.8088
2025-05-01 17:27:35,Amazon is spending a lot more on property and equipment than it was a year ago,MarketWatch,https://finnhub.io/api/news?id=9d384bf3385598448cad4df459f175b54ea319fad87fa3ac8d7b7d0fd7d114bf,0.0,0.898,0.102,0.34
2025-05-01 17:18:12,Amazon's Profit Forecast Misses Estimates,Finnhub,https://finnhub.io/api/news?id=bfc0e97c4d7b9f23dae09a3847657fcb9754b112da38ff8fdc894423622b6da2,0.048,0.761,0.19,0.6808
2025-05-01 17:13:30,"Amazon's stock drops and bounces after earnings, and repeat",MarketWatch,https://finnhub.io/api/news?id=b9c7c960bd79850f4e98b316bcc2ac8e297fc1865630974ddd3582ba594f8b49,0.0,1.0,0.0,0.0
2025-05-01 17:13:22,Amazon CEO Jassy: 'We haven't seen any attenuation of demand yet.',MarketWatch,https://finnhub.io/api/news?id=8e52f2faf445d05bbd6f70b83e46a828861b06414c6ab0e64a9589e05c3a2af0,0.123,0.738,0.139,0.1027
2025-05-01 17:06:03,"Amazon cloud revenue, income forecast disappoint, sees quarterly sales above estimates",Finnhub,https://finnhub.io/api/news?id=a4f9e0f9b023cd32c97f3d2a011293e099e5fb9ddf69fa71395982483fa3b4ca,0.133,0.761,0.106,-0.25
2025-05-01 17:03:19,"Amazon posts solid first quarter earnings growth, but outlook is tempered by tariff uncertainty",Finnhub,https://finnhub.io/api/news?id=a48dd29bfd6b3baac56c58e6c1a673af80e976f4036ed8d55a3b5b895414e1e6,0.159,0.649,0.192,-0.0516
2025-05-01 16:58:10,"Amazon.com, Inc. 2025 Q1 - Results - Earnings Call Presentation",SeekingAlpha,https://finnhub.io/api/news?id=db50d08c351df85e4fecf519213655701206a2264723d4cad5dffb3e3c6eda51,0.0,1.0,0.0,0.0
2025-05-01 16:54:00,Amazon sees biggest sales growth in its ad services business,MarketWatch,https://finnhub.io/api/news?id=67a7aa661f2f55813df3aeca0e721af5f6743cbf214bef6b6850564c6a3b4788,0.0,0.65,0.35,0.765
2025-05-01 16:51:24,Microsoft: The Return Of Azure (Rating Upgrade),SeekingAlpha,https://finnhub.io/api/news?id=dcad785425132178fc94c79a1d754e289d53491f07166318c9afa27db8fd181f,0.0,0.861,0.139,0.6124
2025-05-01 16:43:02,"Amazon's North America sales top forecasts, but reliance on the region dips",MarketWatch,https://finnhub.io/api/news?id=8d3d4ec3e965ea126c97130a88743c68bdc42e43503d803f5fa115d42f4d4012,0.0,0.859,0.141,0.3818
2025-05-01 16:37:14,"Amazon cloud growth lags, sees quarterly revenue above estimates",Finnhub,https://finnhub.io/api/news?id=85629fab87b95df4edd84b8f9c14e2c97a386c4f74de26af6c4d110047f98525,0.164,0.619,0.217,0.296
2025-05-01 16:35:28,"Amazon's profitability improves as costs rise, but by less than sales",MarketWatch,https://finnhub.io/api/news?id=9811bc9a8a0c6de8cdb2b91c6a5d7132ca3a1ae8797723aebf0775f3dc3ac827,0.0,0.647,0.353,0.8316
2025-05-01 16:28:26,Amazon's service sales growth was more than double that of product sales,MarketWatch,https://finnhub.io/api/news?id=cc87bb86b8c9b14256bc7545472c5bea072152d67cf092e71512f56b8a128df1,0.0,0.809,0.191,0.6369
2025-05-01 16:24:50,"AWS revenue growth slows, misses expectations again",MarketWatch,https://finnhub.io/api/news?id=28b36d664d8390a62984e2cb8f4f002da1636c9b0899de039357e77b805f018d,0.2,0.526,0.274,0.34
2025-05-01 16:16:00,Amazon Calls Trump’s Bluff,DowJones,https://finnhub.io/api/news?id=1661ddf40597a3758d9d4c0f584ff7f086e152b422faf439037255844943ded2,0.0,0.638,0.362,0.34
2025-05-01 16:15:33,"Amazon's outlook for income falls a bit shy, and the stock falls",MarketWatch,https://finnhub.io/api/news?id=d98eb031330f13a7629ff3cf91b69c6d8c77929fb76dee1e6988ffcbcc96d2ec,0.154,0.846,0.0,-0.4588
2025-05-01 16:10:57,"Amazon forecasts quarterly revenue above estimates, cloud growth lags",Finnhub,https://finnhub.io/api/news?id=9c9b270ac915fd6bc1e5b3ae68d01002dd5bb1cacc149bd087210e4318f36c8b,0.096,0.722,0.182,0.4767
2025-05-01 16:09:14,Amazon: Q1 Earnings Snapshot,Finnhub,https://finnhub.io/api/news?id=d5be7184038ba11d678b2c2514ef10f9d5fda6fc1a48d68ea6f917ce8320f499,0.0,0.815,0.185,0.7003
2025-05-01 16:09:03,Amazon.com Announces First Quarter Results,Finnhub,https://finnhub.io/api/news?id=3052c93c9b49d495a174533d5bafa348f252da19b95f61f8557c2414bad7937b,0.0,0.942,0.058,0.2732
2025-05-01 16:08:11,"Amazon extends streak of profit beats, as revenue also tops",MarketWatch,https://finnhub.io/api/news?id=5a9db10abc3864dff2732a630993dfaae2c3ff8e4b8890c7c052f7119eebf4d7,0.0,0.39,0.61,0.9413
2025-05-01 16:05:23,Amazon forecasts quarterly revenue largely above estimates,Finnhub,https://finnhub.io/api/news?id=be6d3e784eb85585cc436b784dd511818fd8347850b988a4f5cd249de4967f8a,0.067,0.81,0.123,0.25
2025-05-01 16:01:00,"Transcript : Amazon.com, Inc., Q1 2025 Earnings Call, May 01, 2025",Finnhub,https://finnhub.io/api/news?id=b09841f5f27d17dec9e8eb55fc2616c7227ef8819587cc03da5fd77801d44a32,0.0,0.792,0.208,0.8126
2025-05-01 15:30:02,Amazon's China exposure is hard to unpack — but it's likely huge,MarketWatch,https://finnhub.io/api/news?id=f4c22ecf184d35277003fff6aeeb245fc6bcec66d839e929adf8480ba5d961ee,0.098,0.697,0.206,0.6249
2025-05-01 15:28:39,HSBC cuts UPS rating as ’tariffs overshadow self-help’,Yahoo,https://finnhub.io/api/news?id=f6358772d536c7aed7bc92ffbae41b9d3524b6264ca709b29383b8c0464cd692,0.111,0.755,0.135,0.2263
2025-05-01 15:13:17,Amazon Earnings On Deck. Did Microsoft's Strong Results Raise The Bar For Cloud Growth?,Yahoo,https://finnhub.io/api/news?id=d63a69656fe8289dd4821e50581534200811f48a832e3df036ab62c1ba0df4d4,0.0,0.607,0.393,0.9349
2025-05-01 15:07:24,Amazon: What historical trends say about post-earnings trading,Yahoo,https://finnhub.io/api/news?id=3c12b95214ca4e5a42a1906c1c4a09b0d2c76c1d7aec1bcc6fc2b605946d617a,0.0,0.954,0.046,0.34
2025-05-01 15:00:02,Why Raymond James is feeling cautious about Amazon's earnings in the near future,MarketWatch,https://finnhub.io/api/news?id=e612c082f1a8dd23e2dafbb42e4475017ad9e073f83bb392ed026e6b52263947,0.101,0.791,0.108,0.0516
2025-05-01 14:53:06,Megacap tech once again a 'safety trade',MarketWatch,https://finnhub.io/api/news?id=2217a30f48bb95b7f54f14f13628b0959a4b3064ec9b167fab9dfed7211b023e,0.0,0.682,0.318,0.6808
2025-05-01 14:42:26,"Wall Street Eyes 8th Positive Day As S&P 500 Recoups Tariff-Led Losses, Bitcoin Rallies To $97,000: What's Driving Markets Thursday? (CORRECTED)",Benzinga,https://finnhub.io/api/news?id=279bec13c8b9b2c09b4384ddf2fca92b71caaaf06e3f5ac9c8599a59a7f36b28,0.07,0.836,0.094,0.2263
2025-05-01 14:00:00,"Got $3,000? 2 Hypergrowth Stocks Down Over 25% to Buy and Hold for the Long Term",Yahoo,https://finnhub.io/api/news?id=6fc3580655d1ae74ab0f5be4f2a71db88f7f7e0a1f3e2630a39cef204273b506,0.0,0.928,0.072,0.1779
2025-05-01 13:52:54,"Amazon.com, Inc. (AMZN): Jim Cramer Questions the Downgrade — “Too Much Value to Ignore?”",Yahoo,https://finnhub.io/api/news?id=2bfe67dbf75c24b77733cc99a6de4d20d7dfb0ee2339d07b9a66b8099cafdef1,0.0,0.966,0.034,0.34
2025-05-01 13:34:42,"Magnificent Seven Stocks: Nvidia, Tesla Rally; Meta, Microsoft Surge On Earnings",DowJones,https://finnhub.io/api/news?id=f6ec37a8c952097bb411a9c5065fc13496873b47494f09961e7687193fa3f35d,0.0,0.719,0.281,0.8316
2025-05-01 13:11:42,"Big Tech earnings, Amazon & Apple, Tesla denies search: 3 Things",Yahoo,https://finnhub.io/api/news?id=53ce1beb2341d01b70e975d9b05c63a3a6a91ea890dfbd6e6fe0ebad519b7559,0.048,0.89,0.062,0.1531
2025-05-01 12:37:42,E-Commerce Update - AI-Powered Payments Revolutionize Global Commerce,Yahoo,https://finnhub.io/api/news?id=fece654febf5500e47775ef791798fb3ee61ac16a874ee48ce2cce1da627f125,0.016,0.846,0.138,0.8639
2025-05-01 12:34:20,Nasdaq Plan Will Bring Zero-Day Option Boom Closer to Single Stocks,Yahoo,https://finnhub.io/api/news?id=c862b15385b5f8134adc542c4c0af2fbc25e6c001c71ca973b240af623540704,0.023,0.915,0.062,0.4215
2025-05-01 11:30:07,Amazon to invest $4bn to expand US rural delivery network,Yahoo,https://finnhub.io/api/news?id=a057854c29f8a42ae0af8b5a6cceaea57e96f91b0fa81e3db290e254e3779923,0.0,0.852,0.148,0.4588
2025-05-01 11:05:00,3 Reasons Amazon Stock Is Still a Top Artificial Intelligence Buy Right Now,Yahoo,https://finnhub.io/api/news?id=56508e51430e29f7d864ac8b898ed5005e01d168f97da610e5ce57c374fa9bcc,0.0,0.746,0.254,0.9371
2025-05-01 10:45:50,Amazon not planning to show added tariff costs next to online product listings,Yahoo,https://finnhub.io/api/news?id=abfcb5f0451c3990164e1145aaf9b182a34a7d378e1988148275ac52ec1eb8d5,0.072,0.844,0.084,-0.128
2025-05-01 10:30:00,"What a White House-Amazon kerfuffle says about tariffs, prices and talking to customers",Yahoo,https://finnhub.io/api/news?id=ee43b55ca29a420f08b12393400f6ef8be9db54e2d1f77afcafca3c3512f1a4c,0.0,0.824,0.176,0.8294
2025-05-01 10:12:46,"Trending tickers: Microsoft, Meta, Nvidia, Tesla and Rolls-Royce",Yahoo,https://finnhub.io/api/news?id=061757f68dcfd6375d4978a4b29fe2ad6cc602dd6e3f943cb633680a3918a3a9,0.0,1.0,0.0,0.0
2025-05-01 10:10:49,"Big Tech's fortunes diverge as AI powers cloud, tariffs hit consumer electronics",Yahoo,https://finnhub.io/api/news?id=7ca051b66d499f738c8afb8f3adac63429f51b9918de8568df14354c5852e4c8,0.109,0.791,0.1,0.204
2025-05-01 09:45:00,Here's How Tariffs Could Affect This Industry Giant. Should Investors Be Worried?,Yahoo,https://finnhub.io/api/news?id=5c5c6853bbc4ccdd1d154632760a4abaed10a1704cfe21cea8e9bd2355d56401,0.058,0.897,0.045,-0.128
2025-05-01 09:32:30,"Is Amazon.com, Inc. (AMZN) the Best Augmented Reality Stock to Buy According to Hedge Funds?",Yahoo,https://finnhub.io/api/news?id=491f6eab3a919ff0ab528a9ff51444599742b57405db50da0abca2d347611d87,0.0,0.81,0.19,0.9493
2025-05-01 09:31:00,Should You Buy the Invesco QQQ ETF During the Nasdaq Bear Market? Here's What History Says,Yahoo,https://finnhub.io/api/news?id=17d8614e55e22c421b66368294b1c0edec5bb348fe82d13f4c6802ef9374b9b8,0.028,0.865,0.106,0.7717
2025-05-01 08:50:00,Zacks Investment Ideas feature highlights: Apple and Amazon,Yahoo,https://finnhub.io/api/news?id=5b64edaeb5a98f0e10d2a6f1a53eeb4e1d718c686690d759c0b63f20e91c8688,0.0,0.833,0.167,0.34
2025-05-01 07:46:40,UPS Stock Has Upside Despite Recession Fears,SeekingAlpha,https://finnhub.io/api/news?id=227b5037ed226be3889ff7e2301b5e8ba33533428d59939b1ef7a89495911850,0.054,0.638,0.308,0.8542
2025-05-01 04:51:23,"Alphabet: The Bull Case, Backed By Down-To-Earth Projections",SeekingAlpha,https://finnhub.io/api/news?id=5f9e893e0cc8767d8e5435e6d7dedaa2da0fd035997cda92c20d10d2b49e5a71,0.056,0.83,0.114,0.223
2025-05-01 04:32:37,"Earnings Scheduled For May 1, 2025",Benzinga,https://finnhub.io/api/news?id=690d0b92596afcc9f436adc38555e82090b27aadf0b4d7b9d8ad296d306adbfc,0.0,1.0,0.0,0.0
2025-05-01 03:07:53,Dow Gains Over 100 Points On Wednesday But Records Loss For Third Straight Month: Greed Index Remains In 'Fear' Zone,Benzinga,https://finnhub.io/api/news?id=764f55ed8ea0f718a154fcf92fa1faf2f97e98a6bb4cc15cfd1c72efd2af4c92,0.362,0.503,0.136,-0.8294
2025-05-01 02:55:46,Billionaire Jeff Bezos Ate a Can of Pillsbury Biscuits Every Morning Until His Wife Stepped In — 'I Had Never Read a Nutrition Label in My Life',Yahoo,https://finnhub.io/api/news?id=71e04e066984d7a226625129b6a76831413b0e26ef62da1a720e44166ae0d4f0,0.0,0.956,0.044,0.4404
2025-05-01 00:30:48,"Amazon launches Nova Premier, its most capable AI model yet",Yahoo,https://finnhub.io/api/news?id=f606becdcfa406be59638e79566fba00319a2de7b8eae623aa01d1693f6a2658,0.0,0.819,0.181,0.9259
2025-04-30 23:50:00,Franklin Global Equity Fund Q1 2025 Commentary,SeekingAlpha,https://finnhub.io/api/news?id=add304a3ab757e79b9ad0319825662e9fcf86ab08aa9fe55c09c3b0c156d77d8,0.0,1.0,0.0,0.0
2025-04-30 23:39:21,"Amazon.com, Inc. (AMZN): Will AI Spending Cuts Signal Recession? Citi Sticks With Its Buy Call",Yahoo,https://finnhub.io/api/news?id=fc764e7ce30a014ae1ccfa0585a5d226e5a64fce6686bbd57a54797d480f2847,0.068,0.932,0.0,-0.6124
2025-04-30 23:00:52,"Amazon and Apple earnings coverage, Eli Lilly: What to Watch",Yahoo,https://finnhub.io/api/news?id=df2b9307b9d5d0e211a07c09f4c5130fc294ec295df18da85e79cbabe9ceb01d,0.035,0.907,0.058,0.4256
2025-04-30 22:13:00,Amazon Plans to Invest $4 Billion by 2026 to Speed Up Deliveries in Rural America,Yahoo,https://finnhub.io/api/news?id=c07dad525c5d4212b4413faa98c131e19be7ea6a2f1111dacfffd648f7047040,0.0,0.902,0.098,0.6705
2025-04-30 21:02:00,"Top Stock Reports for Amazon.com, Johnson & Johnson & Cisco Systems",Yahoo,https://finnhub.io/api/news?id=c093f1335c7912e26ecda027ce068191992e96550f94d1685875a269a6a5c236,0.0,0.913,0.087,0.4404
2025-04-30 20:54:25,Amazon Plans to Build Dozens of US Warehouses in Rural Expansion,Yahoo,https://finnhub.io/api/news?id=56861eb1cef96cefdb3bd67e8706b4aa92705ecdcaa46b56800ff5d034a91aaa,0.024,0.942,0.035,0.0258
2025-04-30 20:42:29,Longtime Investor Has Been “Selectively Adding” to His Mag 7 Holdings,Yahoo,https://finnhub.io/api/news?id=ebd70a6f8f2d0baf51c706d20a9b1c0b5b0e6937a62d80dbded3a46d6e083b1e,0.041,0.959,0.0,-0.4215
2025-04-30 20:20:06,"Stock Market Today: Dow, S&P 500 Turn It Around As Soft Inflation Report Trumps Economic Contraction (Live Coverage)",Yahoo,https://finnhub.io/api/news?id=7a2e1bb1211852a32d1ecd4b7c8090c0c1c316d5dba29ae048954170a5f735c4,0.0,0.909,0.091,0.5994
2025-04-30 20:00:15,"Microsoft (MSFT), Amazon (AMZN), Meta Platforms (META) to Keep Getting Boosts From the AI Revolution, Renowned Analyst Says",Yahoo,https://finnhub.io/api/news?id=073a010f02b5e774b8507f06a88e016f7c1703f046e13d8371c818946e7cb6c9,0.0,0.869,0.131,0.8126
2025-04-30 19:40:00,Amazon Stock Retreats Ahead of Thursday's Earnings,Yahoo,https://finnhub.io/api/news?id=2091257fd7132fd0eb4eb3ca114d0886f7c52f47c75f46a7adbec48f3d333194,0.0,0.849,0.151,0.4404
2025-04-30 18:45:00,Meta: An Exceptional Q1 2025 That Spreads Optimism Across The Markets (Upgrade),SeekingAlpha,https://finnhub.io/api/news?id=3d1f01b248f434df2921828675376d6ddd99d85a9bbc926ae6fe9b5d37addce7,0.0,0.759,0.241,0.5423
2025-04-30 18:33:00,"Amazon, Ford, Temu, and 7 other companies raising prices because of tariffs",Yahoo,https://finnhub.io/api/news?id=2fe3aea99d18e326731f31fe5781558d392f49ff26097198c557c5a786122ac3,0.066,0.782,0.151,0.4588
2025-04-30 18:27:32,Trump's 145% China Tariffs Spark Seller Backlash As Amazon Prime Day 2025 Faces Pullouts And Discount Cuts: Report,Yahoo,https://finnhub.io/api/news?id=87e0126457b4387bcbe0d2e5ee9ddbf7a62bb00cfc71ad9ac69e44f018835432,0.036,0.848,0.116,0.4404
2025-04-30 18:25:43,Is Amazon.com Inc. (AMZN) the Best Dow Stock for the Next 12 Months?,Yahoo,https://finnhub.io/api/news?id=fa869b7f2a845c05f579bc42ec16ac918a6c0a7a0ed1c4329117b8887bf16065,0.097,0.755,0.149,0.6597
2025-04-30 17:38:37,"Why Amazon, Meta Platforms, and Alphabet Slumped on Wednesday",Yahoo,https://finnhub.io/api/news?id=36f802b9ee95522bba1e61745b78b70f2dfbf43e078951f305f3201019e0d6a2,0.075,0.747,0.178,0.3612
2025-04-30 17:30:53,Nvidia gets rare sell rating as Seaport says AI fully priced in,Yahoo,https://finnhub.io/api/news?id=7e105cce87fb0ec63dad6a96a663106b1a1b752fb91b4cd4f69a08154fe3d801,0.047,0.87,0.083,0.5574
2025-04-30 17:20:18,Amazon.com (NasdaqGS:AMZN) Partners With Korbyt to Revolutionize Digital Signage Solutions,Yahoo,https://finnhub.io/api/news?id=6466d61ffc34b48f3552fd6dc596322795cb9b29683613c901793958e445e7cf,0.0,0.826,0.174,0.8807
2025-04-30 17:01:59,Amazon to invest $4 billion to expand rural delivery network in US,Finnhub,https://finnhub.io/api/news?id=32461e7916a7e7fbc8d4cec4dc46cdc1fbf02995ea36834609bfe6436a2f49bf,0.031,0.837,0.132,0.5859
2025-04-30 16:46:28,"Amazon com : investment in small towns across the country to expand delivery network, will total $4B by the end of 2026",Finnhub,https://finnhub.io/api/news?id=ead965fd87b7ac9dff7723fc6078b01ad7bbc196b69eee2854cdece6af7f753e,0.0,0.773,0.227,0.9201
2025-04-30 16:45:33,Update: Market Chatter: Grindr Using Amazon's Bedrock for New AI-Powered Product Features,Yahoo,https://finnhub.io/api/news?id=53af98ddf416b9d338997b098b68f46925fe41376775f065e9aaf3e8f0d80675,0.0,0.936,0.064,0.1779
2025-04-30 16:43:11,Amazon Investing Over $4 Billion To Expand Our Rural Delivery Network,Finnhub,https://finnhub.io/api/news?id=66d9dd92d7a3fdf69d8441b2d5f7be8565c6b5ac244b6b5fd792f092ec39f8f2,0.0,0.708,0.292,0.8159
2025-04-30 16:00:50,"Temu and Shein customers in the US are reeling, but they say they have no other choice",Yahoo,https://finnhub.io/api/news?id=ad88b8126199ee65e1d5acc9b296be9201810dde48e589da6a9a3228b8d89465,0.068,0.846,0.086,0.1901
2025-04-30 15:20:32,"Amazon.com, Inc. (AMZN): Among Billionaire Cliff Asness’ Stock Picks with Huge Upside Potential",Yahoo,https://finnhub.io/api/news?id=728021d3b95dc29978a8aac0fdf6128cfba8520e1f17a4a2b33b6f322dd8fa2e,0.0,0.907,0.093,0.7096
2025-04-30 11:47:00,"Dow's 237-point fall led by losses in Chevron, Amazon.com Inc. stocks",MarketWatch,https://finnhub.io/api/news?id=8f5db8bb05f279b315d175cf3df51eee27a83b72c60e0b3c17a7da160779d936,0.213,0.787,0.0,-0.6597
2025-04-30 11:35:06,"Stock Market Today: Dow Jones Plunges On Surprise GDP; Nvidia, Tesla Dive As Super Micro Crashes (Live Coverage)",DowJones,https://finnhub.io/api/news?id=e1179fa3561e5563ebf90d474db0791e233ce2d12b11f12b0cb6b3ef09a60e5d,0.0,0.727,0.273,0.9001
2025-04-30 11:13:25,Super Micro Computer Results Suggest Nvidia Will Miss Q2 Outlook: Strong Sell,SeekingAlpha,https://finnhub.io/api/news?id=ddc9bfa5fa8a4c36b3c7538a60ca4ab64dd42823dda3b2339bd87571dfc2c636,0.159,0.69,0.151,0.3818
2025-04-30 10:46:00,"Dow drops nearly 450 points on losses in shares of Amazon.com Inc., Nike",MarketWatch,https://finnhub.io/api/news?id=9fe743e469fa3e0676239462836e200a28292f33e954787c5d2c99c49c92fa70,0.17,0.692,0.138,-0.25
2025-04-30 10:28:20,Amazon is not planning to break out tariff costs online as White House attacks potential move,Finnhub,https://finnhub.io/api/news?id=c4f3248b46cfa160e76628abb572579073a8d6fe508b4043adffde8082cdb49f,0.053,0.884,0.063,-0.128
2025-04-30 10:15:00,The Davenport Core Leaders Fund Q1 2025 Commentary,SeekingAlpha,https://finnhub.io/api/news?id=30cbbdae87c9b1b956e51ece59c8a96cf5c63ad9d62c5732ec1a96c345d1f8cc,0.0,1.0,0.0,0.0
2025-04-30 10:08:14,No messing around with customs duties at Amazon,Finnhub,https://finnhub.io/api/news?id=8c1ce0d2ac185f87e5a7085ea1052366f25fa12d2b6e6d12dfe6724ae5f6d219,0.163,0.764,0.072,-0.6486
2025-04-30 09:53:23,"Waymo, Toyota Announce Partnership Exploring 'Personally Owned Vehicles'",DowJones,https://finnhub.io/api/news?id=51ea6d95b3bb5cd77bf443b3e18e3acc59902579686fff3efa8122f1720e3fe1,0.0,1.0,0.0,0.0
2025-04-30 09:45:00,"Nike, Amazon.com Inc. share losses contribute to Dow's 650-point drop",MarketWatch,https://finnhub.io/api/news?id=50ef0844d99f076e1545463dbb61a4899a4701de9126ad2f36eea95cc337a0b9,0.343,0.5,0.157,-0.6369
2025-04-30 09:30:50,Trump’s temper has CEOs running scared. They’re missing a huge opportunity,Yahoo,https://finnhub.io/api/news?id=64e1fa9f5bc271445964e1e3f08b95bb77d30cac0a4f470d48c95150e1032bfe,0.146,0.787,0.067,-0.6124
2025-04-30 09:30:14,White House criticizes Amazon over possible tariff listing at prices,Finnhub,https://finnhub.io/api/news?id=81c8d8ab25b2f3ea7844506ff98db68d714d6871c3317241dba3c5ac08a20702,0.168,0.795,0.037,-0.7003
2025-04-30 09:26:23,White House attacks Amazon after possible listing of tariffs on product prices,Finnhub,https://finnhub.io/api/news?id=8fb00312fc0e649a150931ae02c51035dfabff5556a02933975831ea807e88d4,0.057,0.784,0.159,0.4939
2025-04-30 09:24:17,"Brits could soon be paying up to Â£21 more for Â£135 trainers as UK reviews duties on cheap imports, says Parcelhero",Finnhub,https://finnhub.io/api/news?id=606577413514c78ba88bd0b7cd053e7478d30bfe78b395130bd408e09c2599a5,0.035,0.85,0.115,0.5859
2025-04-30 09:22:09,"Is Amazon.com, Inc. (AMZN) Among The Best Warren Buffett Stock Picks For Beginners?",Yahoo,https://finnhub.io/api/news?id=be9d1b98683ad60e52eb5640f9b4a4892d9008aabc37464d1100feeec24c0246,0.0,0.804,0.196,0.9501
2025-04-30 09:15:24,"Top 10 Trending Stocks On WallStreetBets As Of April 30, 2025 (Via Swaggy Stocks)",Benzinga,https://finnhub.io/api/news?id=7bdc1692e710acbfb237497d7ee465789623ebb8e20d84b14b44415503e52091,0.0,0.899,0.101,0.2023
2025-04-30 09:00:00,"Zacks Investment Ideas feature highlights: Amazon, Microsoft and Alphabet",Yahoo,https://finnhub.io/api/news?id=cb3445b89156ec2a84ee3e3c538c09b85f14b36fa19078b285f1d1542c2cc90b,0.0,0.848,0.152,0.34
2025-04-30 08:12:26,Traders bracing with four ‘Magnificent Seven’ companies set to deliver earnings and guidance,MarketWatch,https://finnhub.io/api/news?id=7847fe9f6070dbbb8756659ab266db73453931ce45a8136c1e7fd85a046b57cc,0.0,1.0,0.0,0.0
2025-04-30 08:10:00,Should Investors Worry About Nvidia's Future in China?,Yahoo,https://finnhub.io/api/news?id=80f9e9a851a9944e847ce8d4aa40bee3bbb1119b841b98a031877882318d4c74,0.034,0.879,0.087,0.3612
2025-04-30 07:35:10,"Big Price Hikes Mean Americans Pay For Trump's Tariffs, Not China",Finnhub,https://finnhub.io/api/news?id=cdea36f13034609397dff33a8622e927fb7eac145b9c1b29c0e4acaf4d881472,0.03,0.934,0.036,0.0772
2025-04-30 07:30:00,Amazon could emerge stronger from tariffs. But earnings will show how much pain that requires.,MarketWatch,https://finnhub.io/api/news?id=7b8c3930559724ded409f9a93839aa57b8c30f0ccb5a58902584593c1a40311d,0.214,0.578,0.207,-0.5106
2025-04-30 07:28:30,Is Amazon.com (AMZN) The Stock That Should Double in 3 Years?,Yahoo,https://finnhub.io/api/news?id=42459982cbe12e9672fb9e3b0004b3744e4e00e09d81f5fc7be333e77baf3dbb,0.0,0.964,0.036,0.3612
2025-04-30 07:05:17,What To Expect From Amazon’s (AMZN) Q1 Earnings,Yahoo,https://finnhub.io/api/news?id=97835328de0862b80715f21e50e12d18948ac0b64d9094640226956b207c189b,0.0,0.941,0.059,0.1779
2025-04-30 04:21:20,Q1 2025 United Parcel Service Inc Earnings Call,Yahoo,https://finnhub.io/api/news?id=c64f3dc928e9acf985c05c95c70a8bd57202d5a3e8e5ea266945104d516fb21f,0.0,0.714,0.286,0.6808
2025-04-30 01:23:00,Mark Cuban Thinks Continued Tariffs Spell Trouble for Amazon. Time to Buy This Amazon Dip or Bail Out?,Yahoo,https://finnhub.io/api/news?id=54ebbccaa751885092b350a01e5470cf7956e53047c7a37b58c602dc3cc3a6b8,0.064,0.805,0.131,0.4357
2025-04-30 00:33:00,"Amazon makes bold move that the White House hates, then walks it back",Yahoo,https://finnhub.io/api/news?id=edca5590bd4dae5b1ed3da1ef78b3b11491aeffc10d35226f1ff542c5c65819f,0.165,0.621,0.214,0.1531
2025-04-29 23:15:07,"Amazon could actually benefit from Trump's tariffs, analyst says",Yahoo,https://finnhub.io/api/news?id=41326678b4ece6fc99a1c84dba761996935929a996972eb53c6ed827ddaae07c,0.045,0.858,0.097,0.5106
2025-04-29 22:56:59,White House Pushed Job Cuts at Agency That’s Clashed With Musk,Yahoo,https://finnhub.io/api/news?id=53524c266e08cadb06dddd9208bfbff1a61f26fc49d43f829cf1f165ede967f4,0.076,0.924,0.0,-0.7003
2025-04-29 21:34:29,Amazon to report first quarter earnings following White House tariff dustup,Yahoo,https://finnhub.io/api/news?id=68ab1984db4738ad66b665fcce57915f381cb2fde8647d21e9c19c25431beab9,0.0,0.928,0.072,0.34
2025-04-29 21:30:00,Franklin Growth Fund Q1 2025 Commentary,SeekingAlpha,https://finnhub.io/api/news?id=a091628b0a27d1cf98991f0b43e4b870ee995ccbc62e3a1b6d1eb96ddc3bf609,0.0,0.809,0.191,0.6369
2025-04-29 20:46:00,Trump Touts Economic Wins in Detroit Speech. Americans Aren’t Buying It.,MarketWatch,https://finnhub.io/api/news?id=894f4c2b17060051d215b00750f8b1016c97b3f546e01d577e2de7b7bbc65944,0.08,0.652,0.268,0.802
2025-04-29 20:38:00,Amazon Rules Out Displaying Tariff Impact After White House Attack,Yahoo,https://finnhub.io/api/news?id=e9a93e52014386c1be909fd116cc2ee8aed35dcee7d1a39ce5ac4dad72ed2be6,0.248,0.698,0.054,-0.7269
2025-04-29 20:35:35,UPS to eliminate 20K jobs as Amazon decoupling accelerates,Yahoo,https://finnhub.io/api/news?id=8fb6586862c53f53bb0b310507adcde52ae395bf4c9d74f39c96053d0634f759,0.0,0.882,0.118,0.4767
2025-04-29 20:33:27,"UPS (UPS) to Cut 20,000 Jobs, Citing Amazon Volume Drop and Tariff Pressures",Yahoo,https://finnhub.io/api/news?id=78140f82ff016cc98ccbbc306f1993990d2cc336f70aeaa9340701b19d5b8e2d,0.332,0.543,0.125,-0.6705
2025-04-29 20:25:00,Buy the dip in Amazon or Apple Stock as Earnings Approach?,Yahoo,https://finnhub.io/api/news?id=07fb8fd73d3e278ad8543e5c6e0db1fb9eff73d76c8ba014cc04b03b04d4cf32,0.0,0.864,0.136,0.5859
2025-04-29 20:11:56,"Stock market today: Dow extends longest win streak of 2025 as S&P 500, Nasdaq climb after latest tariff relief",Yahoo,https://finnhub.io/api/news?id=82914d1595dd9a3c8510db9c7dbe109e58ddaa6ccd4a73b964970b23126f0d63,0.0,0.819,0.181,0.8126
2025-04-29 14:52:11,Stock Market Today: Dow Jones Shows Leadership As Nasdaq Hangs On; Amazon Takes Heat From White House (Live Coverage),Yahoo,https://finnhub.io/api/news?id=5ef5465f64dccf63acb417618425be46bccfdbac0a4c2d4e1328b7e404f29e54,0.054,0.905,0.042,-0.128
2025-04-29 18:14:32,10th Man Report: Here's Why Markets Are Going To Sink This Week,SeekingAlpha,https://finnhub.io/api/news?id=f768a3a4c866bd85a7a979ac76858983b8a770400998f783d8d0e26c00a53261,0.0,0.91,0.09,0.5688
2025-04-29 18:09:00,"What options trading is telling us now about Amazon, Apple, Meta and Microsoft earnings",MarketWatch,https://finnhub.io/api/news?id=c926bc3736b29e03d77ddc96a86699d656aad7afd5ad90561501e62729bee014,0.0,0.884,0.116,0.34
2025-04-29 17:48:00,Trump vs. Amazon’s Brilliant Tariff Idea,DowJones,https://finnhub.io/api/news?id=93afc9992af0c53a56cb35852997e97c2d48e098a81cdec28721ba67606a39f8,0.0,0.568,0.432,0.8225
2025-04-29 16:31:19,Amazon is not planning to show added tariff costs next to its online product listings,Yahoo,https://finnhub.io/api/news?id=7a5f2802eb2a5a8cdabf1f5e3fcc7ff6e11511c1657c3395f15691b65eebab03,0.05,0.869,0.082,0.296
2025-04-29 16:30:00,"UPS Will Fire 20,000 Workers. It Isn’t Why You Think.",MarketWatch,https://finnhub.io/api/news?id=946ec784b9391d2309d8eb4ac9a6555696dcdd89673d08dc1af0b674f538db4f,0.211,0.789,0.0,-0.5859
2025-04-29 16:24:57,"UPS Slashes 20,000 Jobs as it Weans Off Amazon",Yahoo,https://finnhub.io/api/news?id=39b4dbdfceeb1232ddeab85e564806267b5cdbb9164b0bb3be575a1d995f0eff,0.055,0.892,0.052,-0.0258
2025-04-29 16:12:07,Jeff Bezos Says An Employee 'Looked At Me Like I Was the Stupidest Person They'd Ever Seen' — Then Offered A Simple Idea That Changed Amazon,Yahoo,https://finnhub.io/api/news?id=900f951af66f96405879e35c11f401cacff548236c59bb0b4bd74e1a613c00bf,0.082,0.778,0.14,0.743
2025-04-29 10:52:11,"Stock Market Today: Dow Jones Leads As Nasdaq Lags; Spotify Sinks, Telehealth Name Soars On Partnership (Live Coverage)",DowJones,https://finnhub.io/api/news?id=8b034c6699bf6907f8c1ac6caefcc48650002949f576deecb4bf70e670e34761,0.128,0.872,0.0,-0.6124
2025-04-29 15:58:21,Top Midday Stories: Amazon Says Listing Tariff Pricing Never Considered for Main Site; Novo Nordisk Partners With Hims on Wegovy,Yahoo,https://finnhub.io/api/news?id=47736823d384dbb5e8b833e23d31997ba990e94fca8cfa5dcce55f1268987038,0.0,0.911,0.089,0.3612
2025-04-29 15:58:00,Amazon Denies Tariff Report That White House Called ‘Hostile and Political’,MarketWatch,https://finnhub.io/api/news?id=d6917c2fc3fc34a770206209689e870963e0e0a0a9a105fb3faa7c90beff3233,0.207,0.667,0.126,-0.4939
2025-04-29 15:35:50,Stocks Rise as Fed-Cut Wagers Sink Treasury Yields: Markets Wrap,Yahoo,https://finnhub.io/api/news?id=2c4d84389ee86c8067f0533b13f3bcb74e185204785293d014dbb5c0dac45697,0.077,0.861,0.063,-0.3182
2025-04-29 15:30:00,Amazon says it won’t show how tariffs are impacting prices. Why that’s a good sign.,MarketWatch,https://finnhub.io/api/news?id=d537f3d391b6434fdb30b4e111d75e4655cec81e7fc30276667c9ce16475d31e,0.0,0.739,0.261,0.802
2025-04-29 15:08:56,Amazon denies it planned to disclose cost of US tariffs on its website,Finnhub,https://finnhub.io/api/news?id=83a0b0308f7a205deb1018573562e86e0d4b7d91ed4bd7c9a244ff5ff1859c50,0.139,0.794,0.067,-0.5574
2025-04-29 15:05:00,AI infrastructure buildout is 'modern space race': Clayco CEO,Yahoo,https://finnhub.io/api/news?id=a86e8f5fd4411d3245bdb740cc73a7dafe38cbf27b718ee4620485212f2cc9e8,0.0,0.948,0.052,0.4939
2025-04-29 14:51:00,Amazon Wants to Be a Satellite-Internet Powerhouse. It Has a Long Way to Go.,Yahoo,https://finnhub.io/api/news?id=d9538c8889bfeb01cc429f8ab422dc7fd94fdf917729ffa9b0f6e773be700cf5,0.0,0.963,0.037,0.09
2025-04-29 14:47:51,"Market Chatter: Apple Sales Data Sought by Indian Agency Amid Probe on Amazon, Flipkart",Yahoo,https://finnhub.io/api/news?id=0d775fa584010f7b3c970941801961acc5a375f5a5cea5ac04c18c24f5f832c2,0.0,0.941,0.059,0.1779
2025-04-29 14:40:30,"Honeywell outlook, Adidas, Amazon & Trump: Trending Tickers",Yahoo,https://finnhub.io/api/news?id=e15aa02f2e73a309757c4398e1d33fcf5cee48c7e82c216ce629b99416a52397,0.042,0.898,0.06,0.2495
2025-04-29 14:33:10,White House blasts Amazon for 'hostile and political' tariff move,Yahoo,https://finnhub.io/api/news?id=b0e54d412cb18f0616ac65bc7aec094a8ce5d5b4895eaaee5ec416b540ff9ef2,0.063,0.854,0.083,-0.0516
2025-04-29 14:22:58,Amazon in White House crosshairs over report of displaying tariff costs,Finnhub,https://finnhub.io/api/news?id=fcd2d634fee9941be16e6ec63fdc0f073df75036b20498551b1e4011ee846c3e,0.11,0.835,0.055,-0.5719
2025-04-29 14:22:00,White House Blasts Amazon on Report It Will Publish Tariff Hit to Products. The Stock Drops.,Yahoo,https://finnhub.io/api/news?id=3444408a3e84afdfe534a092c97e12ab1d3423ed2db15d858f559fb731770333,0.069,0.909,0.022,-0.5719
2025-04-29 14:21:00,Retail Giants Manage to Keep a Lid on Prices but Warn It Can’t Last,Yahoo,https://finnhub.io/api/news?id=168665b356ceb08a30d355f5b6be5b09bfb6206727df7a8ae5979b826daf1fe4,0.049,0.951,0.0,-0.1531
