publishedDate,title,source,url,neg,neu,pos,compound,trading_date
2025-04-09 23:17:00,Surprising China news sends Nvidia stock surging,Yahoo,https://finnhub.io/api/news?id=13b018a9ec9b2427dd21a50ed4a2fca8811e3eb4bc0cd28e0ab9981a8c7d1e70,0.0,0.877,0.123,0.2732,2025-04-10
2025-04-09 22:19:46,"Trump Pauses Plans to Curb Nvidia H20 Chip Sales to Chinese Firms, Report Says",Yahoo,https://finnhub.io/api/news?id=547eaf1ace9f40f5774bd3f39a6f5c004396a45c4c907a6f184425bea6e53cca,0.075,0.925,0.0,-0.3818,2025-04-10
2025-04-09 22:10:00,The Stock Market Has Crashed: My Top 5 Dirt Cheap Tech Stocks to Buy Now,Yahoo,https://finnhub.io/api/news?id=199f201cee01d446b8ae8210b04f673072dc2f5cb05adda1f63411a254da70fb,0.088,0.862,0.049,-0.4882,2025-04-10
2025-04-09 21:44:00,Nvidia and AMD just helped the chip sector to its best day ever,MarketWatch,https://finnhub.io/api/news?id=c5a659c5102a4f2ac387891ff9fd66a777b5d47784e1ee5647d8a2d5c0d55e8c,0.0,0.741,0.259,0.8555,2025-04-10
2025-04-09 21:28:00,Chip Stocks Are Going Wild. When to Buy Them.,Yahoo,https://finnhub.io/api/news?id=bc1ffdea2819cbcea593fb0875b7ac67cc544e19104d51d08da91b9a6c02464c,0.0,1.0,0.0,0.0,2025-04-10
2025-04-09 21:07:20,Nvidia's H20 AI chips may be spared from export controls — for now,Yahoo,https://finnhub.io/api/news?id=50480d76a6a2b7239932c378f97513fc683fc29a7d70f0f82125f3e3d8e2f569,0.04,0.889,0.071,0.5095,2025-04-10
2025-04-09 20:55:07,Trump administration eases on Nvidia H20 chip crackdown,Yahoo,https://finnhub.io/api/news?id=46d0bae793d51341d381e1170c85d18a0902ee4d321b0c2f08be971addbc9b16,0.03,0.918,0.052,0.4445,2025-04-10
2025-04-09 20:54:00,Tariffs Are Still Coming for the AI Boom,Yahoo,https://finnhub.io/api/news?id=a98fd724b8fba154420410e938fa329de1abf9935bc54032034e82dd42bde2b0,0.185,0.815,0.0,-0.9307,2025-04-10
2025-04-09 20:34:00,"These Stocks Moved the Most Today: Walmart, Apple, Tesla, Delta, Bristol Myers, Nvidia, Ford, and More",Yahoo,https://finnhub.io/api/news?id=e1138bafe793d239afa4116059479c20699906654ce124e06fc49e964f7d8f16,0.0,0.948,0.052,0.296,2025-04-10
2025-04-09 20:31:45,US stocks stage historic rally as Trump's 90-day pause takes worst case scenario 'off the table',Yahoo,https://finnhub.io/api/news?id=9992118b32f4b057af44980a3370f646f96e9678f78b6314770b6c8e41d7757c,0.175,0.825,0.0,-0.7783,2025-04-10
2025-04-09 20:24:03,"Tesla, Nvidia Lead Magnificent 7 Stocks Higher as Tech Drives Broad Relief Rally",Yahoo,https://finnhub.io/api/news?id=0df5b927e57a67fc0c404123ef4ac49180078d8d7a73820b63cc0c904f222acd,0.0,0.717,0.283,0.9451,2025-04-10
2025-04-09 20:20:27,Trump Administration Drops Nvidia H20 Export Ban After CEO's Mar-a-Lago Dinner,Yahoo,https://finnhub.io/api/news?id=73c255390447f9f5f8f41bb330d85c995bfdf321ad13df12eb6edfbbbb045c5b,0.13,0.83,0.04,-0.5423,2025-04-10
2025-04-09 19:29:14,The tech world aggressively backed Trump. It couldn't stop his tariffs.,Yahoo,https://finnhub.io/api/news?id=ab4fc22b7222b05c738fee786e1927eefef184cb795d7d24bc1edcecf319668c,0.07,0.836,0.094,0.0372,2025-04-10
2025-04-09 19:00:00,"CTSH Expands Clientele With OMRON Deal: Buy, Sell or Hold the Stock?",Yahoo,https://finnhub.io/api/news?id=01927b41f7958d0d1467320ae5138d2fb687486a4f2cafa6adfb0d84bfceb806,0.0,0.828,0.172,0.5859,2025-04-10
2025-04-09 18:27:06,Why Nvidia Stock Is Skyrocketing Today,Yahoo,https://finnhub.io/api/news?id=f51f6bc52901479eda11616885d1c06af93950977f1ca2f8c3eb83ca09d096ff,0.0,0.967,0.033,0.296,2025-04-10
2025-04-09 18:20:39,Tariff Pause Sends Tech Stocks Soaring,Yahoo,https://finnhub.io/api/news?id=c04c0a748a5e2e861c79a23be071680940a01acb80e7a00720c22bd284a62410,0.0,0.699,0.301,0.9153,2025-04-10
2025-04-09 18:19:43,"Chip stocks, small caps, 10-year Treasury: Market Minute",Yahoo,https://finnhub.io/api/news?id=8f142066d4bb8345b99a0308e8af9e3ba4252c92bd4fe5d3b8046e2b8f2c2b66,0.017,0.902,0.081,0.5133,2025-04-10
2025-04-09 18:15:06,Why Is Nvidia (NVDA) Stock Rocketing Higher Today,Yahoo,https://finnhub.io/api/news?id=a8cbdfddf82dd8d2973bba222ea35cc663cf9966675ea3d7c74820812cf8313c,0.052,0.837,0.111,0.6369,2025-04-10
2025-04-09 17:24:21,Investment Bank Cuts NVDA Price Target But Remains Bullish on the Name,Yahoo,https://finnhub.io/api/news?id=febb363963e9b81c58acca80ea97cc16f60290225e9c66e683d15989fe5a0e69,0.04,0.721,0.24,0.9636,2025-04-10
2025-04-09 17:08:56,Nvidia Stock Is Marching Higher Again. Is It Time to Buy?,Yahoo,https://finnhub.io/api/news?id=0d289501d8fdeb60352c8b6f68f7fffff74867e6fd555e8c8724d9ea06211bed,0.051,0.83,0.119,0.6486,2025-04-10
2025-04-09 16:46:00,"Dow Jones Futures: Stocks Surge On Trump Tariff Rollback; Tesla, Nvidia Spike, Palantir Eyes Entry",DowJones,https://finnhub.io/api/news?id=3e2d5acc63ffefed93b32f85ec64335fe77c7fabf03dbd726a35e909b1b68cd8,0.0,1.0,0.0,0.0,2025-04-10
2025-04-09 16:29:00,Wall Street Lunch: Trump Yields To Bond Market,SeekingAlpha,https://finnhub.io/api/news?id=8c5f88c29c7fe99ef52239884b5417119601b7096209ea511c47e911f85c5631,0.066,0.934,0.0,-0.3818,2025-04-10
2025-04-09 15:23:47,Nvidia: Get Out While You Still Can,SeekingAlpha,https://finnhub.io/api/news?id=c3f18fec28b05638e3819d80d5f320debf7a7f65275bfdd6729146ac3c15c6c0,0.176,0.755,0.069,-0.34,2025-04-09
2025-04-09 15:16:29,Nvidia Just Got Too Cheap,SeekingAlpha,https://finnhub.io/api/news?id=c265210ca395036d3eff2b8eda0d74cb5cda57d11f5e6b40f0cccdfe697dfd98,0.075,0.925,0.0,-0.2732,2025-04-09
2025-04-09 15:03:02,"Nvidia: 2025 Should Be Strong, But Demand Could Drop In The Years After",SeekingAlpha,https://finnhub.io/api/news?id=efe0ce8a68da9ece71b0b14d57177c516d2193a4d267c695e489714d6ef8bef5,0.103,0.704,0.192,0.5859,2025-04-09
2025-04-09 15:00:00,"Dow's 2125-point surge highlighted by gains for NVIDIA Corp., Boeing shares",MarketWatch,https://finnhub.io/api/news?id=172fe8639d681474d9bd919466e4a4b63700536fdd811a7ffffb3668b87b9395,0.0,0.662,0.338,0.802,2025-04-09
2025-04-09 14:45:00,Magnificent Seven to add more than $1 trillion in value after Trump pauses some tariffs,Finnhub,https://finnhub.io/api/news?id=c4bf8097bed666969485a29313f68d3a926b5997d8435f186cacf081a44b8f8f,0.035,0.603,0.362,0.9618,2025-04-09
2025-04-09 14:40:19,Nvidia: Tariffs Have Strengthened My Conviction (Rating Upgrade To Strong Buy),SeekingAlpha,https://finnhub.io/api/news?id=9db7ce7cfe2567e6192bb0a020716013dd5bd8e45beb6008ded52159168b04bc,0.0,0.84,0.16,0.7269,2025-04-09
2025-04-09 14:20:55,NVIDIA (NVDA) Gets Tariff Exemption – But Jim Cramer Still Sees Order Declines Ahead,Yahoo,https://finnhub.io/api/news?id=69e3aa8871009fcd0da2639e542c3b06957ba49ed8eee306ba7ecbc11b33fe65,0.059,0.941,0.0,-0.5023,2025-04-09
2025-04-09 14:06:08,YieldMax's New ETF Taps Into Semiconductor Power With Weekly Income Promise,Benzinga,https://finnhub.io/api/news?id=9bfa3f6733037930593bfd85616cf788535af55ede29e14f0c288f699b4b4219,0.0,0.913,0.087,0.3182,2025-04-09
2025-04-09 13:59:00,"NVIDIA Corp., Boeing share gains lead Dow's nearly 2450-point surge",MarketWatch,https://finnhub.io/api/news?id=e58b84b1aa7d6aa73706ec4ef3469b56d3a8a2ca08ebb2c939e31e238bf45545,0.0,0.635,0.365,0.802,2025-04-09
2025-04-09 13:54:00,Here's 1 Nasdaq ETF to Consider Even as the Index Enters Into a Bear Market,Yahoo,https://finnhub.io/api/news?id=633d8af1cd8c4ce299e607a0f61e48c8ba2e9149c89bfb2a0134b7f12f1d1065,0.0,0.958,0.042,0.4404,2025-04-09
2025-04-09 13:46:09,"Shares of companies in the broader technology sector are trading higher after President Trump issued a 90-day pause on reciprocal tariffs for all countries except China, which is restoring investor confidence.",Benzinga,https://finnhub.io/api/news?id=717c67fc405cdef28315b413851ad718a10f5199b54fb048bb6529f1696da953,0.0,0.784,0.216,0.7717,2025-04-09
2025-04-09 13:46:00,Tesla Underdelivers,Yahoo,https://finnhub.io/api/news?id=038284b73fc30c3605a4441ff1dd60ecdd59dd1097642a32f38ed74d02d75ab4,0.0,1.0,0.0,0.0,2025-04-09
2025-04-09 13:42:12,"Trump Administration Pausing H20 Chip Restriction Plans, NPR Says",Finnhub,https://finnhub.io/api/news?id=502e048e3ece81a7ed94b98e06c3775ed66f73e7bd81fefbe7fc01b38f35d794,0.055,0.945,0.0,-0.2732,2025-04-09
2025-04-09 13:33:06,Cathie Wood Doubled Down On This China Stock Prior To Trump Tariffs Taking Effect,Yahoo,https://finnhub.io/api/news?id=9fbab3080cac1e8a058b01b880a55ff65dec5084e629ff05b195ff1052ce6724,0.0,1.0,0.0,0.0,2025-04-09
2025-04-09 13:28:18,"Veteran Investor Sings the Praises of Nvidia (NVDA), JPMorgan (JPM)",Yahoo,https://finnhub.io/api/news?id=b65ad90aa734fdaa5ce6cde7cd7272fd4e33c1be3af3f25564d96b355b7396fa,0.0,0.907,0.093,0.765,2025-04-09
2025-04-09 13:19:16,Trump tariffs should be reworked but not withdrawn: Veteran economist,Yahoo,https://finnhub.io/api/news?id=2eba6e3a2efc97f752166684996ffb38f3ade96774e8bd7ba7dad82f172b6124,0.0,0.839,0.161,0.5927,2025-04-09
2025-04-09 13:14:59,Shares of chip stocks are trading higher amid overall market volatility as investors assess ongoing trade tensions and recent market weakness.,Benzinga,https://finnhub.io/api/news?id=315d8d2aca23ad351b637857c94957315f6cc531e9f1c0457f8cf4d736282399,0.214,0.7,0.086,-0.5106,2025-04-09
2025-04-09 13:11:31,Short Sellers Mint $159 Billion Profit in 6 Days as Stocks Sink,Yahoo,https://finnhub.io/api/news?id=8ab5ee105ac9796511f87513d0b736e27af48dad5e77be88472c36a32ad993b0,0.037,0.856,0.107,0.7425,2025-04-09
2025-04-09 13:02:37,"Trump administration backs off Nvidia's H20 chip crackdown after Mar-a-Lago dinner, NPR reports",Finnhub,https://finnhub.io/api/news?id=cdc3a9c38354adc2cb4674ce97b7398efc3b45faf769a3818f18542362a4a8a0,0.026,0.974,0.0,-0.0516,2025-04-09
2025-04-09 12:58:00,"Apple, Walmart share gains lead Dow's 325-point jump",MarketWatch,https://finnhub.io/api/news?id=03eb637b8c5be11f9baec3c0b9d7f5ea41132066aef6a63c370e9646a381dccd,0.0,0.566,0.434,0.802,2025-04-09
2025-04-09 12:30:00,Mar Vista Global Quality Strategy Q1 2025 Commentary,SeekingAlpha,https://finnhub.io/api/news?id=fbb523c3836e7da2fa57bbb4595fa54050d26e89b6228e38809696f9e07dcbef,0.0,1.0,0.0,0.0,2025-04-09
2025-04-09 12:28:57,Trump's economy still hasn't shaken the faith of teens,Yahoo,https://finnhub.io/api/news?id=d3c6d447bd9fb03a1f550a29e180c07f7fb473e4abc70dc2ad50e9001cb4d720,0.077,0.796,0.127,0.1255,2025-04-09
2025-04-09 12:18:59,Using A Bear Call Spread Is One Way To Trade Nvidia Stock,DowJones,https://finnhub.io/api/news?id=128d623787cc793544d0cb2fef9d0d2be9ea1642d50f78019b77889159ad94d5,0.0,1.0,0.0,0.0,2025-04-09
2025-04-09 12:00:26,Trump Tariffs Spark 'Demand Destruction' Concern For Electronics,DowJones,https://finnhub.io/api/news?id=4c6e63cb56b450927115a24841f66313ca7502d436a5b7dd02de92a236c1eaa7,0.43,0.413,0.157,-0.765,2025-04-09
2025-04-09 12:00:00,Is Nvidia's Artificial Intelligence (AI) Business Recession-Resistant?,Yahoo,https://finnhub.io/api/news?id=69601bc8e42e8ec8129697bd010a37dcc1d1ee09b267e3fdacf6cb2a5431dae5,0.0,0.806,0.194,0.9062,2025-04-09
2025-04-09 11:38:02,This Week In AI Chips - LPL Financial Enhances AI Strategy With Key Executive Appointment,Yahoo,https://finnhub.io/api/news?id=2d98c85287c0a8a2da4e964378785b15725329865ebf89b3686899ea27fd76c1,0.0,0.886,0.114,0.8591,2025-04-09
2025-04-09 11:23:00,"Down 61%, Should You Buy the Dip on Rigetti Computing?",Yahoo,https://finnhub.io/api/news?id=5509e88381e42de0f380f08774a03ba2fb2fc50133048032fee5187fa127beed,0.129,0.805,0.066,-0.3939,2025-04-09
2025-04-09 10:45:00,Mar Vista U.S. Quality Premier Strategy Q1 2025 Commentary,SeekingAlpha,https://finnhub.io/api/news?id=5d1db2072218b3c756c5f54e504f1e2464d1f3287819271d6c4ab907ca089d76,0.0,1.0,0.0,0.0,2025-04-09
2025-04-09 10:45:00,Quantum Computing Is a Hot Topic in the Artificial Intelligence Sector. But Which Stocks Will Still be Around Decades From Now?,Yahoo,https://finnhub.io/api/news?id=86d59c82508884d0f2448f6798f35edb7bcf34e5f620ac08d40570ebd4f951de,0.0,0.782,0.218,0.8752,2025-04-09
2025-04-09 10:38:00,"The Zacks Analyst Blog Highlights Apple, NVIDIA and Broadcom",Yahoo,https://finnhub.io/api/news?id=76f66d81899a7edb6b993f875260774e80fb0f2f8b483a03c5c373c4d285fd67,0.0,1.0,0.0,0.0,2025-04-09
2025-04-09 10:23:23,"Google Cloud News: Ironwood Processor, AI Gemini Models, Global Network",DowJones,https://finnhub.io/api/news?id=6475e0ff12353dae41a8fc8e8dfa0d5dc4d11f4f729264b7fed8ee2abcd60c0b,0.0,1.0,0.0,0.0,2025-04-09
2025-04-09 10:23:00,Nvidia Stock Gains as Tariffs Take Effect. Cathie Wood Is Scooping Up Shares.,MarketWatch,https://finnhub.io/api/news?id=3a4e1986ffb453c3bcb33a2051f529abe41edb693bbde73ba7d843c52bf9fcc7,0.0,0.705,0.295,0.802,2025-04-09
2025-04-09 10:00:00,Large cryptocurrencies mixed as Dogecoin climbs,MarketWatch,https://finnhub.io/api/news?id=900f60dec6f07dc6a2523bc9e477246f57ff1c3f0946ae69024ebecb667000ce,0.0,1.0,0.0,0.0,2025-04-09
2025-04-09 10:00:00,Mar Vista U.S. Quality Q1 2025 Commentary,SeekingAlpha,https://finnhub.io/api/news?id=b402e3eb56d62b2c08f6e8b6787df9601c844b1dc0d698ca3b0f64f247e58a17,0.0,1.0,0.0,0.0,2025-04-09
2025-04-09 09:59:13,A diminished ‘Magnificent 7’ tests Big Tech’s role in the market: Morning Brief,Yahoo,https://finnhub.io/api/news?id=0dabadbb9516a390770604ac1733650b9e1d8540e5b01e4352701f761274334b,0.06,0.914,0.026,-0.34,2025-04-09
2025-04-09 09:55:00,"Got $3,000? 2 Artificial Intelligence (AI) Stocks to Buy and Hold for the Long Term",Yahoo,https://finnhub.io/api/news?id=5ff882471b8a1d9de9748eba50e44500d6ba70eac8704ac98ea6a6ee57adb1e1,0.0,0.875,0.125,0.8402,2025-04-09
2025-04-09 09:50:00,"These Stocks Are Moving the Most Today: Walmart, Pfizer, Apple, Tesla, Delta, Peabody Energy, Nvidia, Ford, and More",MarketWatch,https://finnhub.io/api/news?id=94607a5e4439c6970c94078ebb32a977bf0c847faa5958925d5f73c8fe070b2f,0.0,0.89,0.11,0.4939,2025-04-09
2025-04-09 09:45:43,Nvidia Stock: A Strong Buy Amidst Tariff Wars (Rating Upgrade),SeekingAlpha,https://finnhub.io/api/news?id=1ab4c12a75758aef0aec185a6249043540f2333b37b3e992d1c4f41c4b3d188e,0.081,0.699,0.22,0.7308,2025-04-09
2025-04-09 09:30:00,Tariffs Are Coming for the AI Boom,Yahoo,https://finnhub.io/api/news?id=de9d322baa2b788c2b0bc83c8761ede3e8d3d6b4ed03460b47d5554eb2a79c50,0.03,0.896,0.074,0.4767,2025-04-09
2025-04-09 09:25:00,"Nvidia Has Generated 21,000% Returns in 10 Years. Here's How Well the S&P 500's Second-Best-Performing Stock Has Done",Yahoo,https://finnhub.io/api/news?id=b21b66fb29c26483a15f52e39e1b55c17b7e7d1a5f2070e3b50d7794e98a6550,0.021,0.913,0.066,0.5849,2025-04-09
2025-04-09 09:21:31,"Dow Jones Futures Pare Losses On U.S.-China Trade War; Apple, Nvidia, Tesla Rally",DowJones,https://finnhub.io/api/news?id=c439379b764e892458794f07941ad6801f918839a72603371ccb5bd2d1be6ce8,0.375,0.625,0.0,-0.9217,2025-04-09
2025-04-09 09:21:00,"These Stocks Are Moving the Most Today: Apple, Microsoft, Tesla, Peabody Energy, Nvidia, Cal-Maine, and Delta",Yahoo,https://finnhub.io/api/news?id=6b57b74d00a8d358bec5111cd9192bd00f0dceb9718b3d0042b2aacec8b3dc8f,0.0,0.781,0.219,0.9342,2025-04-09
2025-04-09 09:18:54,"Top 10 Trending Stocks On WallStreetBets As Of April 9, 2025 (Via Swaggy Stocks)",Benzinga,https://finnhub.io/api/news?id=489be2289852084e5e531c242bd734ce5ebfc42a0c8435e60a40259c23bea4d2,0.0,0.899,0.101,0.2023,2025-04-09
2025-04-09 09:12:56,Here's Where Bridgewater Is Placing Its Bets As Ray Dalio Warns Of 'Once-In-A-Lifetime' Breakdown,Benzinga,https://finnhub.io/api/news?id=f01033f1b2ed5681008c9ed160d02a66e70a23d4b1b5f0463ff2573bdd8ebb78,0.143,0.713,0.145,0.0284,2025-04-09
2025-04-09 08:55:00,Where Will Nvidia Stock Be in 3 Years?,Yahoo,https://finnhub.io/api/news?id=f27da894610ce8f037dd6f89e5fcfe0c131ac1fecef8089489e4c922e7ee57a0,0.014,0.845,0.141,0.8591,2025-04-09
2025-04-09 08:52:31,Behind the Curtain of the AI Revolution,Yahoo,https://finnhub.io/api/news?id=4726dfa938ec7abeab7fd23c6f16db648377ba5bbe3b526cc7ed9c6bc747a131,0.0,1.0,0.0,0.0,2025-04-09
2025-04-09 08:40:00,The Nasdaq Just Moved From a Correction to a Bear Market. Here's How Long It Could Last.,Yahoo,https://finnhub.io/api/news?id=eef5b10d357a32ca3d7a25a5b2850b0e8b2cf5a2e40f8fdb7139cc1e073dd333,0.03,0.97,0.0,-0.4019,2025-04-09
2025-04-09 08:19:00,Prediction: This Relentless Vanguard ETF Will Beat the S&P 500 Again in 2025,Yahoo,https://finnhub.io/api/news?id=8521aaf32eb14da909faa9905e2eb272efc987a2754df02513169184cc6eb6a8,0.028,0.817,0.155,0.8555,2025-04-09
2025-04-09 08:00:00,Client Update February 2025: A New Year,SeekingAlpha,https://finnhub.io/api/news?id=2add1af658e317edd3d9a3b8b82d84eafd6af57d4ceb89f5e3cea879a3c3492a,0.0,1.0,0.0,0.0,2025-04-09
2025-04-09 08:00:00,Stock Market Crash: 3 Tech Stocks You Can Buy and Hold for the Next Decade,Yahoo,https://finnhub.io/api/news?id=68d7af5234608163c8d3eeadf65dc8f369ab560328de53e693e0c02ae0d7f1f8,0.095,0.871,0.034,-0.5423,2025-04-09
2025-04-09 07:58:00,Nvidia Stock Falls as Tariffs Take Effect. Cathie Wood Is Scooping Up Shares.,Yahoo,https://finnhub.io/api/news?id=1ef4cc481f863ac7a4b3d18ffca72ffc338879c2cca96ff5a7141eb604e85513,0.039,0.802,0.159,0.7184,2025-04-09
2025-04-09 07:51:00,Nvidia and Palantir Are Down 37% and 41% From Their Respective All-Time High -- but It Isn't Time to Buy Just Yet,Yahoo,https://finnhub.io/api/news?id=3ca0025886e90be6388e121e9d6e60fcfe6c8a9778bfe52a9228f9f82f49ad37,0.0,0.75,0.25,0.8847,2025-04-09
2025-04-09 07:31:00,Best AI Stock to Buy Now: Nvidia vs. Palantir Technologies,Yahoo,https://finnhub.io/api/news?id=7daa4ee619c2a5d477ddc09b15bc84dc95a76412437f276561119f93da53ca38,0.038,0.799,0.163,0.8074,2025-04-09
2025-04-09 05:55:00,ClearBridge Appreciation Strategy Q1 2025 Commentary,SeekingAlpha,https://finnhub.io/api/news?id=083f158d4301c89c95f0620eb374801f3c24c5ea5191a271a05948cd419529b0,0.0,0.784,0.216,0.765,2025-04-09
2025-04-09 05:53:59,"US Stocks Futures Trade Mixed Ahead Of Opening Bell: 'Preserve Capital In Conditions Of High Uncertainty,' Says Expert",Benzinga,https://finnhub.io/api/news?id=18f85ab94f0bc696dd06f8137fb9905bb5e1e821ce5c54fe207787a4036ba398,0.057,0.885,0.057,0.0,2025-04-09
2025-04-09 05:40:00,ClearBridge Global Growth Strategy Q1 2025 Commentary,SeekingAlpha,https://finnhub.io/api/news?id=7d34102d44b898665644c314af3136e5c6d933ec19214224955ab36b39f01452,0.0,0.698,0.302,0.3818,2025-04-09
2025-04-09 04:49:37,"Nvidia: Too Much Fear, Strong Buy",SeekingAlpha,https://finnhub.io/api/news?id=d51ffe9535c973f5bf384c52d059e796dee1158dabd9957a3161644efc2c115a,0.305,0.381,0.314,0.0258,2025-04-09
2025-04-09 04:10:50,"Nvidia Hasn't Bottomed, But It's A Buy Nonetheless (Technical Analysis)(Rating Upgrade)",SeekingAlpha,https://finnhub.io/api/news?id=9815191887924bc19912f9adb86453e592816139a725980462212d009037a80c,0.111,0.889,0.0,-0.6297,2025-04-09
2025-04-09 03:48:02,"Dow Dips Over 300 Points As US-China Trade Tensions Escalate: Apple, Tesla, Nvidia, Amazon Decline, Greed Index Remains In 'Extreme Fear' Zone",Benzinga,https://finnhub.io/api/news?id=b1333595cfad4d5a45b8f973c79a6b24c94280f153083d6d9d75bb403fbd1660,0.17,0.668,0.162,-0.3384,2025-04-09
2025-04-09 01:00:00,Prediction: This Artificial Intelligence (AI) Stock Will Be Worth More Than Nvidia in 2030,Yahoo,https://finnhub.io/api/news?id=967e89e8f1820ea1e0e68b650b3107db4beece2ea4549d45d021fafaf7d85113,0.06,0.704,0.236,0.7389,2025-04-09
2025-04-08 22:37:00,Cathie Wood buys $15 million of tumbling megacap AI stock,Yahoo,https://finnhub.io/api/news?id=db88e805f4732d2c34d3b22cdc8325b03781fa8fe90fcefa6ebb086d09073654,0.0,1.0,0.0,0.0,2025-04-09
2025-04-08 22:05:40,"Cathie Wood Loads Up On $18.2 Million Worth Of Nvidia Stock, Adds $5.8 Million Worth Of Amazon Shares To Her Shopping Cart Amid Trump Tariff Upheaval",Benzinga,https://finnhub.io/api/news?id=6cd11e6f1712fd8d8ae2fc09f61af307b118e9373fe7215cd3a54b7da141396d,0.0,0.713,0.287,0.9022,2025-04-09
2025-04-08 21:45:16,Nvidia (NVDA) Stock Moves -1.37%: What You Should Know,Yahoo,https://finnhub.io/api/news?id=296258e4c5860025f1ccb2bd8f13af02fc025406ad74b79294840a6fb3562c29,0.0,1.0,0.0,0.0,2025-04-09
2025-04-08 20:32:00,"These Stocks Moved the Most Today: Apple, Nvidia, Broadcom, Humana, CVS, Tesla, Super Micro, Marvell, and More",Yahoo,https://finnhub.io/api/news?id=cb7640f64282c4b3271792b9933ac44de69e0e071461958b8d33d86822ad4780,0.0,0.861,0.139,0.8126,2025-04-09
2025-04-08 13:47:50,Cathie Wood Buys Two Dow Giants And This China Stock Before Market Bounce,Yahoo,https://finnhub.io/api/news?id=52a0003614e6eecbc0f34f64e8d994ac7bba24136e88cdee2a64b30187361d8d,0.0,1.0,0.0,0.0,2025-04-08
2025-04-08 19:57:36,How Rigetti's 2024 Quantum Dreams Turned Into 2025 Nightmares,Yahoo,https://finnhub.io/api/news?id=eb62f051e3b1a2e58c580a9e191b411c5f0ed4f9431cdb53956728bcdcac2926,0.046,0.759,0.195,0.7096,2025-04-09
2024-08-05 14:51:42,"Magnificent Seven Stocks Roiled: Nvidia Plunges On AI Chip Delay; Apple, Tesla Dive",Yahoo,https://finnhub.io/api/news?id=6264206311288f6909f43f3bc1eef793b6f3ca7a8bd3c552c611802093f1eb32,0.108,0.804,0.088,0.0772,2025-03-03
2025-04-08 19:03:00,"Tesla, Amazon, and Apple forfeit gains after fleeting Magnificent 7 stock rally",Yahoo,https://finnhub.io/api/news?id=dc7fb610b864a4838ec319cd46bb5ce70456bc93d3ba1dcdda2c306b4bd11c37,0.0,0.841,0.159,0.8555,2025-04-09
2025-04-08 19:00:00,Dell Technologies vs HPE: Which AI Server Stock Has Greater Upside?,Yahoo,https://finnhub.io/api/news?id=8add256f5931f559f7972125652476921b22af61072cb1774a8e23115a9e7faa,0.0,0.852,0.148,0.6597,2025-04-09
2025-04-08 18:43:30,"KeyBanc Downgrades AMD, Sees Nvidia Strength as AI and Tariff Trends Diverge",Yahoo,https://finnhub.io/api/news?id=87a189f3cd7fab7b9ec9b6621e359c5c0d81433ce1860e9ab7d2881d8b9e1d42,0.066,0.752,0.182,0.5719,2025-04-09
2025-04-08 18:31:39,Is NVIDIA Corporation (NVDA) the Best Stock to Buy According to Billionaire Steve Cohen?,Yahoo,https://finnhub.io/api/news?id=71f077128b3f57413d693709b49b28acceca1a1ae65c3a89078d5bb96993aeb9,0.0,0.816,0.184,0.9423,2025-04-09
2025-04-08 18:27:43,Nvidia Just Bought the Startup Renting Out Its Own Chips--Here's Why That's a Power Play,Yahoo,https://finnhub.io/api/news?id=7b35d57ff9f02233d177f9397185c84457e8388e6f008ea8e8f2e8e3ad254ae3,0.08,0.852,0.068,0.1531,2025-04-09
2025-04-08 17:24:15,Why Nvidia Stock Is Jumping Today,Yahoo,https://finnhub.io/api/news?id=25d2fb5ab9136d0aac40dd5dfae4841cd4ff614656d8d1d58732441e6b08e4a7,0.0,0.829,0.171,0.8591,2025-04-09
2025-04-08 16:48:26,"Trump Unleashes 'Beautiful Clean Coal' Policies As Wall Street Tanks, S&P 500 Hits 1-Year Low",Benzinga,https://finnhub.io/api/news?id=3444e921d408062c7ff3901b27b97d618bf78c3f56b9dac7c828d203a619f719,0.115,0.67,0.215,0.6369,2025-04-09
2025-04-08 16:38:27,Stock Market Today: Indexes Negative As Stocks Gyrate; Investors Unsteady As Tariffs Set To Begin (Live Coverage),DowJones,https://finnhub.io/api/news?id=a1710378cc9be6762708778aeac604cfff114dedf46117f0164c3edc8eb21b5a,0.188,0.812,0.0,-0.8126,2025-04-09
2025-04-08 15:55:00,3 Stocks That Cathie Wood Is Buying During the Stock Market Sell-Off,Yahoo,https://finnhub.io/api/news?id=f93c54ad75b34e0c09345744cc8994126115a1ec6897d6d40a2f75c5891fb6f2,0.055,0.856,0.089,0.25,2025-04-08
2025-04-08 15:43:00,"Trump’s China tariffs are a ‘Category 5 price storm’ for U.S. consumers, warns analyst Dan Ives",MarketWatch,https://finnhub.io/api/news?id=fb6ebcaaa158b686b7c5c354ff77f1268d4447b28c1f99bfe931376259f62fb2,0.085,0.915,0.0,-0.2023,2025-04-08
2025-04-08 15:41:00,Top 3D Printing Stocks to Build Your Portfolios for Solid Returns,Yahoo,https://finnhub.io/api/news?id=527dd8beda91bb7a28f219f9302dd2f02153779000c80d701ea842f5a8190e0b,0.0,0.86,0.14,0.5719,2025-04-08
2025-04-08 15:40:00,"Stressful Markets, But Lots Of Opportunities In Tech",SeekingAlpha,https://finnhub.io/api/news?id=512f0fac91cd57e8758eade6442e956f95339d69b018c44cf8cc32d1716c9105,0.177,0.708,0.115,-0.2144,2025-04-08
2025-04-08 15:20:00,Cathie Wood is finally back to buying Nvidia’s stock for her flagship ETF,MarketWatch,https://finnhub.io/api/news?id=4f761489e04b3f330dfcdea560062dfe2a0ae68f7a962cbe31948af0c55b5703,0.0,0.896,0.104,0.2023,2025-04-08
2025-04-08 15:01:08,AMD stock catches a downgrade as concerns about China and tariffs heat up,Yahoo,https://finnhub.io/api/news?id=cfda0f14582399e235b81bf85ec863903123231fbbad8ea3a4f5eac0e6db30c2,0.104,0.896,0.0,-0.4215,2025-04-08
2025-04-08 14:57:06,Why Tower Semiconductor’s (TSEM) Stock Meltdown Makes it a Buy,Yahoo,https://finnhub.io/api/news?id=009ba66e09ebae5dd6690c082962fa213706b19194af78f08e3dad44534825f6,0.064,0.849,0.087,0.4767,2025-04-08
2025-04-08 14:50:00,Nvidia Stock Rises Above $100. Now It Just Needs to Stay There.,Yahoo,https://finnhub.io/api/news?id=a71a27edae18d21dc95636aa61c98e52a0c2ab9fc8bd85d3aeb87327176ca625,0.0,1.0,0.0,0.0,2025-04-08
2025-04-08 14:44:58,"NVIDIA Speeds Up Meta's Llama 4 AI Models With Blackwell GPUs, Hitting 40,000 Tokens Per Second",Yahoo,https://finnhub.io/api/news?id=6f957911e498c3495fbf697d55d2c84c19320c721ed634e61bd9d71ecf965798,0.0,1.0,0.0,0.0,2025-04-08
2025-04-08 14:16:33,Trump Tariff Strategy Creates 'Self-Inflicted Market Debacle': Analyst,Benzinga,https://finnhub.io/api/news?id=e2740c7300a2dd221ff16f7a7b779177d07838ab5be27563b5c54bddf6a9da5a,0.198,0.744,0.058,-0.6249,2025-04-08
2025-04-08 14:09:00,"Dow's 125-point rally led by gains for shares of UnitedHealth, Boeing",MarketWatch,https://finnhub.io/api/news?id=f1a9c1feb84e86c10e70245473041274a0e6fd5be8e6894bb84402274c7ed51b,0.0,0.662,0.338,0.802,2025-04-08
2025-04-08 13:08:00,"UnitedHealth, JPMorgan Chase share gains contribute to Dow's nearly 250-point climb",MarketWatch,https://finnhub.io/api/news?id=a228e4d5fa0648d86dd7fb217188ed92fa72700306163a99993b69032e26a66c,0.0,0.662,0.338,0.802,2025-04-08
2025-04-08 12:43:00,Emerging Markets: Policy Uncertainty Tempers A Strong Start To 2025,SeekingAlpha,https://finnhub.io/api/news?id=74f9817dea8bb548fd910abab886cda0d8fd53fe31a8666ed8f9a9a6fd856eac,0.313,0.467,0.22,-0.1027,2025-04-08
2025-04-08 12:12:00,"TSMC May Be Somewhat Tariff-Proof, Says Analyst",MarketWatch,https://finnhub.io/api/news?id=2ac45bf43a2aacbd73a194e2d4dfdd7f0aa6eff0487512b3c3aa5527bb29f2b4,0.0,1.0,0.0,0.0,2025-04-08
2025-04-08 12:07:00,"Dow's 900-point surge highlighted by gains in shares of UnitedHealth, Boeing",MarketWatch,https://finnhub.io/api/news?id=572b560cb7487eb18da6d62ba71d9821efe23adcc129a95b706c456d597df415,0.0,0.662,0.338,0.802,2025-04-08
2025-04-08 11:15:00,Oakmark International Equity Market Q1 2025 Commentary,SeekingAlpha,https://finnhub.io/api/news?id=018db646a146b445af7fc77926561e48db6169cc2609569fde25b2d8942b1da5,0.0,1.0,0.0,0.0,2025-04-08
2025-04-08 11:07:00,21 stocks that Wall Street analysts now think are bargains in this year’s worst-performing sector,MarketWatch,https://finnhub.io/api/news?id=3708c56ab9850f8db2b5c9b07419c2d6caf8c0113b9658acaf48adabb0069462,0.0,1.0,0.0,0.0,2025-04-08
2025-04-08 10:57:00,"UnitedHealth, NVIDIA Corp. share gains lead Dow's 1,012-point surge",MarketWatch,https://finnhub.io/api/news?id=b769a40bcfc13f38898cc39eda9251c42cf459d32b1584d4800bed2e40fc5391,0.0,0.603,0.397,0.802,2025-04-08
2025-04-08 10:38:00,Broadcom Stock Rises on Buyback Plan. Why Other Companies Could Follow.,MarketWatch,https://finnhub.io/api/news?id=37227cebdbaffd1d3f73c3da1ace36da676726fecbf0f7db53347a1a47b93a99,0.0,1.0,0.0,0.0,2025-04-08
2025-04-08 10:37:05,"Marvell Technology, Nvidia, Tesla, Apple And Other Big Stocks Moving Higher On Tuesday",Benzinga,https://finnhub.io/api/news?id=779417e405f76d2bf23c8f74020da7ff87d9a1015c1407a98c61209848b597cf,0.0,1.0,0.0,0.0,2025-04-08
2025-04-08 10:33:14,Why The Market Is Wrong On Nvidia: Initiating The Stock With A Buy Under $100,SeekingAlpha,https://finnhub.io/api/news?id=8866a78ac5ba6afea551ee75a5a4bde6cfe30c63fffaf09c248f761e62012aa7,0.066,0.872,0.062,-0.0516,2025-04-08
2025-04-08 10:00:00,"Most large cryptocurrencies rise on Avalanche, Cardano increases",MarketWatch,https://finnhub.io/api/news?id=92a18e121c158041beffeb92f34742d75d1894278af3d5aca1d143683640e8a6,0.0,1.0,0.0,0.0,2025-04-08
2025-04-08 08:23:22,"Dow Jones Futures Jump 1,200 Points On Trump Tariff News; Apple, Nvidia, Tesla Rally",DowJones,https://finnhub.io/api/news?id=3a89532cde2a828769dc7634a2d873eef772be9c52427a243557d5e532546247,0.0,1.0,0.0,0.0,2025-04-08
2025-04-08 09:45:00,"Dow's 1150-point surge led by gains in UnitedHealth, NVIDIA Corp. stocks",MarketWatch,https://finnhub.io/api/news?id=73429578853febe1414dc24db30dcd6f8edba0cad330b3da67da009e6c54919f,0.0,0.806,0.194,0.5859,2025-04-08
2025-04-08 09:40:21,Approaching Nvidia In Stoic Calm: Fourth Valuation Update,SeekingAlpha,https://finnhub.io/api/news?id=459a25c86ed6152973b5196a0e772f570d63ae11457a4cb1e76560b70baaf115,0.0,0.924,0.076,0.3182,2025-04-08
2025-04-08 09:30:00,Microsoft: I Was Wrong (Rating Downgrade),SeekingAlpha,https://finnhub.io/api/news?id=0fe640be7e52ac269798cc2e51a7b3366412207e39578b4efcfb9fd1c4c2c5af,0.383,0.617,0.0,-0.4767,2025-04-08
2025-04-08 09:16:00,"Top 10 Trending Stocks On WallStreetBets As Of April 8, 2025 (Via Swaggy Stocks)",Benzinga,https://finnhub.io/api/news?id=811a9a4c7d9d81c70f38f589c5d8467f7e0cce8652ffcfbf6e46e8791ddf6312,0.0,0.899,0.101,0.2023,2025-04-08
2025-04-08 09:09:05,Nvidia: What To Look For,SeekingAlpha,https://finnhub.io/api/news?id=1e187aa8a957108c2a1bfc3e6f32299894db79c9758ea54d97eb05d446b7f6b5,0.0,0.712,0.288,0.8442,2025-04-08
2025-04-08 09:07:56,"EXCLUSIVE: Nvidia May Be The Face Of AI But The Valuation Story Is Getting Complicated, Says Expert",Benzinga,https://finnhub.io/api/news?id=337ca0686d0aa6f4276c49f8a3764c954e9e268522cde58abe2383067f725312,0.066,0.894,0.04,-0.2578,2025-04-08
2025-04-08 07:58:00,Advanced Micro Devices Stock Gets a Downgrade. Nvidia and Intel Are Part of the Problem.,MarketWatch,https://finnhub.io/api/news?id=ecfaa2cf48ae9095dde6e32e1a1f3270251a56ff7bddb3df2839a45d8cd00491,0.153,0.734,0.113,-0.34,2025-04-08
2025-04-08 07:31:00,"These Stocks Are Moving the Most Today: Apple, Nvidia, Broadcom, CVS, Humana, Super Micro, Tesla, Marvell, and More",MarketWatch,https://finnhub.io/api/news?id=dc39f0f03a77a5e064d75e5b361395f7cf5ee68b9122e0e53a2da8c827472d0b,0.0,0.813,0.187,0.8316,2025-04-08
2025-04-08 07:15:00,Recession-Proofing Your Portfolio,SeekingAlpha,https://finnhub.io/api/news?id=2ab752356c3f58c4231fd378b6a8bad0c06f7634cd29b3b9df9021a06d80764f,0.0,1.0,0.0,0.0,2025-04-08
2025-04-08 07:00:00,"As DEI Fades at Tech Firms, Women Are Still Uncommon in the Executive Suite",MarketWatch,https://finnhub.io/api/news?id=5403ea82bf57db6b1d2040f06367e51a8a933281578851b2c0811772acbf71db,0.0,1.0,0.0,0.0,2025-04-08
2025-04-08 06:46:03,Wall Street Breakfast Podcast: Medicare Bump Lifts Insurers,SeekingAlpha,https://finnhub.io/api/news?id=abb2fcabf250c2062b106f09d6fc03187cf89e536df0a4d7366987d47639e0f7,0.064,0.887,0.049,-0.1531,2025-04-08
2025-04-08 06:01:00,Thornburg Summit Fund Q4 2024 Commentary,SeekingAlpha,https://finnhub.io/api/news?id=0f3aca3933eb89bfa291d41a74c52adf0dc80359f2e04e37edfd3c9baf71ba50,0.0,0.937,0.062,0.296,2025-04-08
2025-04-08 05:25:32,"Wall Street Eyes Recovery As S&P 500, Nasdaq Futures Rise After Trump's Tariff-Driven Selloff Wipes Out $9 Trillion In Six Weeks",Benzinga,https://finnhub.io/api/news?id=3c12275a6edf0ef6a84d7337952c026e17a84d4b3d3e4d4dd0491f32cd22e57e,0.0,1.0,0.0,0.0,2025-04-08
2025-04-08 04:51:00,Nvidia Stock Tests $100 Mark. Here’s What Wall Street Is Saying.,MarketWatch,https://finnhub.io/api/news?id=e8d92ec1048f695a1ba1ecdb4da2aed7cbf59486a51de2599c5e7521808acf02,0.0,1.0,0.0,0.0,2025-04-08
2025-04-08 02:23:17,Himax Technologies: A Stock On Sale Despite Many Catalysts,SeekingAlpha,https://finnhub.io/api/news?id=a03fcf8c9ae4ebdf48acc5c06c3fd6e27c2140b752ced4ae158506b92398014a,0.052,0.765,0.183,0.743,2025-04-08
2025-04-08 00:08:40,Bear Market History Can Inform Us About What To Do Next,SeekingAlpha,https://finnhub.io/api/news?id=64f1fe8de1cf89a543c9fc5a24e10fff642b5655f801128e5ce78e209cb3bfb7,0.0,0.95,0.05,0.2023,2025-04-08
2025-04-07 21:24:56,Chips Under Pressure: How Tariffs Test Nvidia's Global Strategy,SeekingAlpha,https://finnhub.io/api/news?id=f9ceb74251cd8f132377273e6c9f4907fb8235fc9174b4be0ee0d2d03a3fc060,0.172,0.721,0.107,-0.4215,2025-04-08
2025-04-07 18:52:26,"Dow Jones Futures: Trump Tariffs Trigger Extreme Stock Market Volatility; Apple, Nvidia, Tesla Are Big Movers",DowJones,https://finnhub.io/api/news?id=39cc56da2a5bbc592ae1f92f8c2019df8de38e2316b293b223764738995872cb,0.0,1.0,0.0,0.0,2025-04-08
2025-04-07 17:48:03,"Nvidia, Semiconductor Stocks Attempt Rebound After Tariff Tumble",Yahoo,https://finnhub.io/api/news?id=649536e6588d78a9cf735a71b34c4bdfce863a63e489d40136709a99e078de70,0.056,0.944,0.0,-0.1531,2025-04-08
2025-04-07 16:45:00,"Apple Takes the Biggest Hit of the ""Magnificent Seven"" in Response to Trump Tariffs",Yahoo,https://finnhub.io/api/news?id=9ab3eaacb3d3e7b8e58e031ce185d941e89c0978b4de0c8e52ba5a17414c8f03,0.104,0.824,0.072,-0.2732,2025-04-08
2025-04-07 16:22:00,Should You Buy Marvell Stock After a 30% Dip in a Month?,Yahoo,https://finnhub.io/api/news?id=156b80b22e0a99f731fbf5c1d409f4bef517e6ca1058ab6867af9b50967c9fc1,0.0,0.771,0.229,0.836,2025-04-08
2025-04-07 16:19:02,Are Nvidia's AI datacenter products subject to tariffs?,Yahoo,https://finnhub.io/api/news?id=0d896f1384e9685224fef0cc38daaedf9ef3898828ae8aba5e09f3f1881d01ed,0.05,0.79,0.16,0.6486,2025-04-08
2025-04-07 15:27:08,Nvidia Shares Drop 15% on Tariff Fears; Analyst Sees Possible Loophole,Yahoo,https://finnhub.io/api/news?id=81f20df0cd53d856a7394816538eaa97edcd9258135f509c86654b3e27ad645c,0.197,0.676,0.127,-0.3612,2025-04-07
2025-04-07 15:24:02,"Buying Opportunities, Including NVDA, Are Starting to Arise, Veteran Investor Says",Yahoo,https://finnhub.io/api/news?id=1f9bbc8d4f62dad4e2dbd42ea6c59a8c2e760567a347b8d86c42f644458a3603,0.0,0.816,0.184,0.9186,2025-04-07
2025-04-07 15:23:22,Nvidia Reverses Higher Despite Global Supply Chain Risk Amid Trump Tariffs; Is Nvidia A Sell Now?,Yahoo,https://finnhub.io/api/news?id=811fef1e733279cc701378384b0e805d03464ec7c85b014a2aeb52c8a41e2417,0.032,0.944,0.024,-0.168,2025-04-07
2025-04-07 15:22:00,Nvidia Stock Is Swinging Wildly Today. Should Investors Jump In?,Yahoo,https://finnhub.io/api/news?id=d55ab353cd62af0343edd16b2a3b1e884b290c003e8ecfb873d517bc35b32961,0.029,0.868,0.103,0.6597,2025-04-07
2025-04-07 15:13:00,Nvidia Stock Rises Amid Uncertainty Over Trump’s Tariffs,Yahoo,https://finnhub.io/api/news?id=2e9ec59189229ea7a339483c270da81dd10b6fe9a262d75907c685c57482813f,0.037,0.929,0.035,-0.0258,2025-04-07
2025-04-07 14:53:59,Stock market racing to price in a 'lost year' for corporate profits,Yahoo,https://finnhub.io/api/news?id=3d2596a37eb98553056ed8381bf4f7b874f5000b1ee003ac78d618f3d068b3d6,0.079,0.722,0.199,0.5423,2025-04-07
2025-04-07 14:33:40,Ives: Investors With Long-Term Horizons Should Buy Nvidia (NVDA) Stock,Yahoo,https://finnhub.io/api/news?id=e8e8aa1d1601b21ce7c91a04d5f728b96e3fd79eecdb8b03449947f4b0eee171,0.0,0.965,0.035,0.3252,2025-04-07
2025-04-07 14:16:00,‘The Thinking Machine’ Review: From Denny’s to Dominance,DowJones,https://finnhub.io/api/news?id=fa4fbaaf6aa572fe30f88e73a3ddbb2fe99ef811415bf02f1491d6b6e8b23b8d,0.0,0.795,0.205,0.3818,2025-04-07
2025-04-07 14:08:24,"Shares of chip stocks are trading higher amid overall market volatility. Stocks across sectors have been volatile on Monday, with tech stocks rebounding following earlier weakness.",Benzinga,https://finnhub.io/api/news?id=02b3024751a186d06e574b58d0c282b37cd6a23adeb8ba62235eaf5bd276831e,0.097,0.828,0.076,-0.1531,2025-04-07
2025-04-07 14:03:05,One chart shows how much optimism has been wiped out of the 'Magnificent 7' because of Trump tariffs,Yahoo,https://finnhub.io/api/news?id=b45cbaca9d2fe7970a5f9f11035a2e0b6947995a97a04be06d12dec6369b6825,0.073,0.612,0.315,0.8648,2025-04-07
2025-04-07 13:39:20,'Magnificent 7' stocks continue getting hammered as Trump tariffs drag markets lower,Yahoo,https://finnhub.io/api/news?id=a75618165797c0aa97bd3b91179449e4785ad65181c49a8ea8334bd85b285f7a,0.108,0.686,0.206,0.6908,2025-04-07
2025-04-07 13:32:53,"Nvidia Stock Is Oversold, Here's Why",SeekingAlpha,https://finnhub.io/api/news?id=60e9c6f513a8967e3e782713de90cfa2a3d2c845fe7d70b8ba074c3ae5233a0d,0.048,0.664,0.288,0.8945,2025-04-07
2025-04-07 13:29:08,3 things that must happen to get bullish about stocks again: JPMorgan,Yahoo,https://finnhub.io/api/news?id=d280b0a7b2c7c65254deac0882b3ba05fae347d25dad3c47484236c1ab415a43,0.0,0.895,0.105,0.5106,2025-04-07
2025-04-07 13:10:16,Broadcom: Trade War Risks And ASIC Competition,SeekingAlpha,https://finnhub.io/api/news?id=49c9eb10b6e82c743a8c12ce9a355fdb2e9aa8a857d3160079c42e4c0e183703,0.263,0.695,0.042,-0.836,2025-04-07
2025-04-07 13:01:00,Welcome To The International Year Of Quantum Science And Technology,SeekingAlpha,https://finnhub.io/api/news?id=5d622cce8c4d760d6ff50ca34cc926ea337d4007583daaa15c3affa2c5c6c5de,0.0,0.885,0.115,0.4588,2025-04-07
2025-04-07 13:00:15,Investors Heavily Search NVIDIA Corporation (NVDA): Here is What You Need to Know,Yahoo,https://finnhub.io/api/news?id=b42df518189b077352c7b3cf0fae3e2e59121e63c51fc8f21e80c0b41e7098df,0.0,0.895,0.105,0.4767,2025-04-07
2025-04-07 12:58:00,"These Stocks Are Moving the Most Today: Apple, Tesla, GM, JPMorgan, Nvidia, MicroStrategy, Alibaba, Lilly, and More",Yahoo,https://finnhub.io/api/news?id=40476202a94a7d91bf9fd9dd8b66736f451b531769515ff7b4fc9947a87a5da9,0.137,0.819,0.044,-0.6378,2025-04-07
2025-04-07 12:42:20,Nebius: The Neocloud Built For The AI Era,SeekingAlpha,https://finnhub.io/api/news?id=32618c08dbf9da3dc646eb873993ce49d66d54833f7525052ca820773713a1b7,0.0,0.84,0.16,0.6908,2025-04-07
2025-04-07 12:30:42,"Nvidia: AI Vs. Trump, This Time It's Different",SeekingAlpha,https://finnhub.io/api/news?id=782c84657169788be06a8260c57f9b296c5f54427fed81068cc1d4a9ee1d33fd,0.058,0.879,0.063,0.0516,2025-04-07
2025-04-07 12:30:00,When Will the Ultra-Low-Cost Vanguard Growth ETF Return to Its Previous Highs?,Yahoo,https://finnhub.io/api/news?id=31cc8b74286cbe0f8e2d14d8e910d2eb3c45fa2d8f7252307929d089edcd42b8,0.033,0.769,0.198,0.9217,2025-04-07
2025-04-07 11:42:00,Tech Stocks Have Suffered Market Shocks Before. What History Says Happens Next.,MarketWatch,https://finnhub.io/api/news?id=7fc292e9d220da9e158486d2f43069629836cf28d8785b0900190953a52e4b43,0.367,0.633,0.0,-0.891,2025-04-07
2025-04-07 11:30:00,Palm Valley Capital Fund Q1 2025 Commentary,SeekingAlpha,https://finnhub.io/api/news?id=3dddc0d27958a9eff576c26363b87494ebfccb991ab3d1da1f10fb3d332d6f7d,0.0,0.942,0.058,0.2732,2025-04-07
2025-04-07 11:29:41,"NVIDIA: Bears, Beats, Blackwell",SeekingAlpha,https://finnhub.io/api/news?id=15ba56cef183d6a231b2e0f0c81b9dfceb2e930c06f21db52620142c9c026a17,0.0,1.0,0.0,0.0,2025-04-07
2025-04-07 11:07:32,AI Chips Today - Articul8 Transforms Supply Chains With AI-Powered Industrial Solutions,Yahoo,https://finnhub.io/api/news?id=06fc40a3b2e80907a1ddebf225b9d704323885377c5ec1d09cb32293e474f8ab,0.0,0.852,0.148,0.8689,2025-04-07
2025-04-07 10:00:00,XRP leads decreases as large cryptocurrencies start mixed,MarketWatch,https://finnhub.io/api/news?id=109b433c781ce3a438ee8e7916a10b8e36bbd9b9cadad20308bc575375ba31cb,0.0,1.0,0.0,0.0,2025-04-07
2025-04-07 09:47:00,Zacks Investment Ideas feature highlights: Netflix and NVIDIA,Yahoo,https://finnhub.io/api/news?id=f8861703177c6ceb939a049bff6b9803035e298cac0ec34662aa7c416cfabb5a,0.0,1.0,0.0,0.0,2025-04-07
2025-04-07 09:45:00,"Dow's nearly 1600-point fall led by losses for shares of NVIDIA Corp., Caterpillar",MarketWatch,https://finnhub.io/api/news?id=c8d0d7cf8692e0c4303dcd72a03f63680722f45b0b562a2aed5e025b377bba41,0.17,0.692,0.138,-0.25,2025-04-07
2025-04-07 09:36:00,Zacks Investment Ideas feature highlights: Palantir and NVIDIA,Yahoo,https://finnhub.io/api/news?id=55d3a1fe49babedffee7b1f016f0758cbeaff3d8301842f6c8ee8a5cfb3c66f9,0.0,1.0,0.0,0.0,2025-04-07
2025-04-07 09:35:00,"Apple’s stock is the latest to see a ‘death cross,’ and it won’t be the last",MarketWatch,https://finnhub.io/api/news?id=0ef3af5a6cc7689f86fdc3b9abd092bf0e92874350556612ae42604350af4fa9,0.0,1.0,0.0,0.0,2025-04-07
2025-04-07 09:33:00,Nvidia’s stock is getting hit hard — but here’s one analyst’s silver lining,MarketWatch,https://finnhub.io/api/news?id=6fb32370bf12e7675696de99f9683960f6db982393269693047c47e9ff3f85d6,0.104,0.896,0.0,-0.2023,2025-04-07
2025-04-07 09:31:20,"Dow Jones Plunges 1,100 Points On Trump Tariffs; Apple, Nvidia, Tesla Sell Off",DowJones,https://finnhub.io/api/news?id=15f3f8c670201be06629454b29829c9972b85c6f457033624cdf548a2189cfed,0.0,1.0,0.0,0.0,2025-04-07
2025-04-07 08:15:31,"Tesla, Apple, Nvidia And Other Big Stocks Moving Lower In Monday's Pre-Market Session",Benzinga,https://finnhub.io/api/news?id=72128273f2e17220fd23f77281f7dfa14ff5a4ca3e71b1f90ed410719fe2aa8e,0.155,0.845,0.0,-0.296,2025-04-07
2025-04-07 08:14:15,"Dow Jones Futures Tumble, But Off Lows As Trump Tariff Bear Market Continues",DowJones,https://finnhub.io/api/news?id=318fa3769f81118bf38d650d644370bafa87b50bb3492821a683b58c7229669d,0.155,0.845,0.0,-0.5267,2025-04-07
2025-04-07 08:12:00,"Dan Ives Calls Import Tariffs ""Armageddon."" Should You Really Buy Tech Stocks Now?",Yahoo,https://finnhub.io/api/news?id=70b47d6513eac14d3c42bcd99b56d76ed069269ef70ca214dfd64a232683ce5f,0.0,0.846,0.154,0.8968,2025-04-07
2025-04-07 07:47:16,Chip Stocks Plunge as Tariff Rout Intensifies,Finnhub,https://finnhub.io/api/news?id=a6bea139e03d7a7eaff33d4a1a9563bcef542ff50c11798273924f364258ba07,0.121,0.817,0.062,-0.34,2025-04-07
2025-04-07 07:15:00,S&P 500's Next Stop: Recession,SeekingAlpha,https://finnhub.io/api/news?id=58dae7209892244f36ee7dc48e0bad71e1d7836aa72c2d45847d46ae64c7c0ed,0.179,0.821,0.0,-0.6124,2025-04-07
2025-04-07 06:15:00,ClearBridge Large Cap Growth Strategy Q1 2025 Commentary,SeekingAlpha,https://finnhub.io/api/news?id=80be56a32d96216effee072c15bb219513bdd6dfb22e03ea35104072819c70db,0.0,0.782,0.218,0.7783,2025-04-07
2025-04-07 06:00:00,This Startup Says It Can Reshape How Companies Do R&D. Tech Luminaries Agree.,DowJones,https://finnhub.io/api/news?id=add6c343a9bc97f90368a15f65668d28806b6708a858987f3aa64f56c927bde9,0.0,0.828,0.172,0.6124,2025-04-07
2025-04-07 05:43:39,US Stock Futures Drop Following Massive Tariff-Induced Selloff: Experts Warn Of A Brewing 'Great Depression-Like' Pattern,Benzinga,https://finnhub.io/api/news?id=cf47357eff09006fbf4aa9aee56569c3d9121ea359f47029b89bbe4e47a57877,0.177,0.737,0.086,-0.3182,2025-04-07
2025-04-07 05:04:28,"Dow Nosedives Over 2,200 Points As Apple, Tesla, Nvidia Plummet: Investor Sentiment Dips Further, Greed Index Remains In 'Extreme Fear' Zone",Benzinga,https://finnhub.io/api/news?id=8e4d766b364bc9ac0ea31276b972e4b81d8c5ae9f7242db05f5bbc41ede33027,0.246,0.754,0.0,-0.7346,2025-04-07
2025-04-06 23:20:14,Jim Cramer on CoreWeave (CRWV): ‘To Say NVIDIA Created Them Is Not True – That’s My Problem With This Note’,Yahoo,https://finnhub.io/api/news?id=2aeec4a7dfbb4b3c5f7f2f758c4dc86dbd1835e993301f374df22dd88c583d33,0.063,0.912,0.025,-0.4646,2025-04-07
2025-04-06 21:17:52,"Policy Chaos Powering Panic Selling, Stay Long. Here's Why",SeekingAlpha,https://finnhub.io/api/news?id=66047ce4140bfcbcf138424425544488b5b2c337383fc5ffb77ef6b924a18913,0.15,0.621,0.23,0.4082,2025-04-07
2025-04-06 19:35:00,Better Artificial Intelligence Stock: Palantir vs. Nvidia,Yahoo,https://finnhub.io/api/news?id=fb34514dc0b2819ac095f865657da0c420080bce8e7bcf82fa1f8bad02e66879,0.0,0.785,0.215,0.8935,2025-04-07
2025-04-06 18:03:00,Bank of America gives eye-popping Nvidia stock forecast amid tariffs,Yahoo,https://finnhub.io/api/news?id=99c81700a341eebd865b9cc134f5e839031079d1af415198972323778903686f,0.14,0.86,0.0,-0.5994,2025-04-07
2025-04-06 17:22:13,NVIDIA (NasdaqGS:NVDA) Falls 14% This Week Amid Unveiling Of AI Data Platform,Yahoo,https://finnhub.io/api/news?id=6b86190afbcf73427cf2bdd0b1d6a85e5f5e0cc4748e91266920d7911eb508b2,0.024,0.904,0.072,0.4767,2025-04-07
2025-04-06 16:05:00,Prediction: Taiwan Semiconductor Manufacturing Will Soar Over the Next 5 Years. Here's 1 Reason Why.,Yahoo,https://finnhub.io/api/news?id=d00f1e9163a12ea26ac6ea307bb0e619368d4462887eb0a5623ef5efeb9677b9,0.0,0.925,0.075,0.6124,2025-04-07
2025-04-06 14:45:00,1 Magnificent Artificial Intelligence (AI) Stock Down 25% to Buy Hand Over Fist Before April 17,Yahoo,https://finnhub.io/api/news?id=1358f413902a1a921401a1c2e2abe943a6e41da6bbb73de4c1013636e54f708c,0.091,0.744,0.165,0.8625,2025-04-07
2025-04-06 14:41:13,Trump Tariff News: Treasury Secretary Bessent Dismisses Recession Fears,DowJones,https://finnhub.io/api/news?id=ca9fac25e9f4f91b22e3a58ef08f3f9f0e9e823a69645d57e5fb7836e6945e2d,0.418,0.448,0.134,-0.8225,2025-04-07
2025-04-06 14:15:00,3 Top Bargain Tech Stocks Ready for the Next Bull Run,Yahoo,https://finnhub.io/api/news?id=a937610152401e2db2e70ead06586e2a12972cbb0b0e6d46899d637b7eb28ab1,0.083,0.757,0.16,0.5434,2025-04-07
2025-04-06 13:35:48,AI Stocks Face 'Show Me' Moment. Next Phase In AI Model Battle Underway.,Yahoo,https://finnhub.io/api/news?id=774fed91ef5d2d4c04e2635846005a4a39a6263f973f62e1ef8a1956f9e905d6,0.064,0.758,0.178,0.6908,2025-04-07
2025-04-06 13:13:00,Is This Artificial Intelligence IPO a Buy?,Yahoo,https://finnhub.io/api/news?id=86a581cc9b0cf7b8cc9b53f3dc89c4c89abc84c391750241fe30fdb61fce706c,0.0,0.868,0.132,0.8519,2025-04-07
2025-04-06 13:00:00,Pay Close Attention to This Crucial Revenue Source for Artificial Intelligence (AI) Giant IBM,Yahoo,https://finnhub.io/api/news?id=7d6fe573b02f836f5ec80cb131f1d6d3b02487586fd99cfcf81a0f66f429542d,0.091,0.824,0.085,0.2023,2025-04-07
2025-04-06 11:45:00,Market Turmoil: 3 Stocks to Steady Any Portfolio,Yahoo,https://finnhub.io/api/news?id=dadb954b04129e8d9f1b6dbc429df04f79f25f794d211eae53aa642de584a640,0.111,0.874,0.015,-0.8038,2025-04-07
2025-04-06 11:30:00,5 Brilliant AI Stocks That Billionaire Chase Coleman Is Betting Big On,Yahoo,https://finnhub.io/api/news?id=dceeffba5ffe1dea8eba0f2e79f7f5dc87553564ca60b15b17abe5e4f0328cdc,0.0,0.841,0.159,0.9413,2025-04-07
2025-04-06 11:15:00,1 Artificial Intelligence (AI) Stock That I Just Bought on the Dip,Yahoo,https://finnhub.io/api/news?id=89ef302a06db62ace61fc6a8d609aac57612ad4bb2ed6b31c281156501d3748a,0.043,0.839,0.117,0.6743,2025-04-07
2025-04-06 11:00:44,"In One Of The Worst Week, These Large Cap Stocks Emerged As Winners (Mar 31-Apr 4): Are These In Your Portfolio?",Benzinga,https://finnhub.io/api/news?id=c5603143f71b0de5af93e58eb1882b5f3e651992d2a9a36b9e98f2beec8eb920,0.075,0.836,0.089,-0.0516,2025-04-07
2025-04-06 11:00:00,Nvidia: Don't Buy Dip As Slower Data Center Expansion May Be Tip Of Bearish Iceberg,SeekingAlpha,https://finnhub.io/api/news?id=d3534899967212efacfbea3dc9ca020a30d6f46bb3039383404a2c35673e5d47,0.0,0.914,0.086,0.5106,2025-04-07
2025-04-06 10:30:00,The Impact Of Tariffs On Chipmakers,SeekingAlpha,https://finnhub.io/api/news?id=e9b6cfd8bde5d942e19b12f9757ba533d664e346a4ebc9dc2f40c4abbfe7735b,0.059,0.871,0.07,0.079,2025-04-07
2025-04-06 09:50:00,Nvidia: Bargain At 2020 Valuation,SeekingAlpha,https://finnhub.io/api/news?id=0ea3b415f40d52bf3fe4e78729cadecb86fb46030fbaf073c19363c77a714986,0.0,0.85,0.15,0.6249,2025-04-07
2025-04-06 09:30:00,Behind The Wheel Of Uncertainty: Why Tesla's Troubled Deliveries And Valuation Raise Red Flags,SeekingAlpha,https://finnhub.io/api/news?id=536a57b78f5099291a3889c5ed165a7609545906af67930d0f11d4ffd2181a72,0.31,0.69,0.0,-0.6597,2025-04-07
2025-04-06 09:00:00,QQQ: Look Past The Tariff Damage As Investors Aren't Foolish,SeekingAlpha,https://finnhub.io/api/news?id=6f5303330822ac2decac2c50d7ca8b1838be903b301b4ffacc351116acb70cc5,0.246,0.615,0.139,-0.3369,2025-04-07
2025-04-06 08:45:00,The Thin Skull Rule: Trump Tariffs To Blame For Market Crash?,SeekingAlpha,https://finnhub.io/api/news?id=81816a3850e4cdc7c4735fd602f7b5ea266d1812932e11f200ef82bf531c56d3,0.362,0.638,0.0,-0.6249,2025-04-07
2025-04-06 06:30:00,AMD Vs. Nvidia: AMD Has Significantly Better Growth Prospects Post 2028,SeekingAlpha,https://finnhub.io/api/news?id=65c8da79746f080e11f24fd9207a1bfee84e8eaf8a6ed14353fb7519713c4fd6,0.0,0.57,0.43,0.9545,2025-04-07
2025-04-06 04:28:45,"Nvidia: Beware Of Chip Tariffs On The Horizon, But Buy Fearlessly",SeekingAlpha,https://finnhub.io/api/news?id=c8ee895d4c033f317129d5a4fa7e8cd59e302badb89645dbac737461e6261362,0.0,0.791,0.209,0.3919,2025-04-07
2025-04-05 23:33:21,CII: Looking Like A Tempting Opportunity,SeekingAlpha,https://finnhub.io/api/news?id=461eee98ef8654f33cdee6754f76dd567cd6a3fed5c10d65144aaf0537e95a31,0.0,0.741,0.259,0.8316,2025-04-07
2025-04-05 22:11:55,"Jim Cramer Tells Fans to Hold Nvidia (NVDA), But Not Buy: ‘It’s a Long Knives Moment’",Yahoo,https://finnhub.io/api/news?id=1bd943a6b32b9053dd7cf453c22b7ff72f980cb37b720c69b07f1a156a7e861b,0.0,1.0,0.0,0.0,2025-04-07
2025-04-05 22:03:00,3 Top Buffett Stocks to Buy and Hold for the Next 20 Years,Yahoo,https://finnhub.io/api/news?id=31a158b9dea50bb90d15f87422cd480464919a65e08375f0b09670dc1b9a720f,0.0,0.786,0.214,0.9287,2025-04-07
2025-04-05 18:30:53,"Apple, Nvidia Among Tech Giants Hit Hard in Stock Market Selloff",Yahoo,https://finnhub.io/api/news?id=cf46961b7613cb704cb9b8cf010d285df24202e5873b8fd9a8013f6bc7ed77f5,0.025,0.901,0.074,0.6901,2025-04-07
2025-04-05 17:31:17,NVIDIA (NasdaqGS:NVDA) Sees 14% Weekly Fall Amid Bear Market Concerns,Yahoo,https://finnhub.io/api/news?id=04364ee22fb686ed9f386023dcbb005bceab05d1126ef00a5282c440caa03429,0.044,0.894,0.062,0.3624,2025-04-07
2025-04-05 15:07:36,NVIDIA (NVDA) Backed by Analysts for Sustained AI Momentum and Product Cycles,Yahoo,https://finnhub.io/api/news?id=0e918dfdf81195429894b59b3204612442101523c84391a8543ef1e4fda71b58,0.0,0.933,0.067,0.4019,2025-04-07
2025-04-05 15:00:00,The Complicated Relationship Between Consumer Sentiment and Stocks,Yahoo,https://finnhub.io/api/news?id=dc828952aff64eac496563802d50c7dc186cc7afabc88611a0a8f460df0fc00c,0.076,0.794,0.13,0.3612,2025-04-07
2025-04-05 15:00:00,U.S.-Stock Funds Have a Quarter to Forget,Yahoo,https://finnhub.io/api/news?id=727a5f35d93542bd9e3b6415f73631e866fd45fc6229df5ed05f4abbcaaad972,0.054,0.85,0.096,0.3612,2025-04-07
2025-04-05 14:32:00,Which Nasdaq Sell-Off Stock Is Cheaper: Palo Alto Networks or Nvidia?,Yahoo,https://finnhub.io/api/news?id=f5d5d6d3ea419ad1c874b3b107668f0ac5806fb9c04f3e35cd20a141ba48aeec,0.031,0.887,0.083,0.5154,2025-04-07
2025-04-05 14:17:00,Amazon directly targets Nvidia with bold new strategy,Yahoo,https://finnhub.io/api/news?id=77c8c53c9ffada701ceee8884ba338e4695d6bec83d988a17c5d92c45743f9b3,0.0,0.724,0.276,0.6249,2025-04-07
2025-04-05 13:03:02,Nvidia Partner Hon Hai’s Sales Jump 24% on AI Demand,Yahoo,https://finnhub.io/api/news?id=d86046260ded650c023058fbf6387abcf2437414f877fe1846b34f4573ddc410,0.076,0.855,0.069,0.1027,2025-04-07
2025-04-05 13:00:00,"Nvidia's bad day, Microsoft's AI plans, Amazon's TikTok play, and Intel's future: Tech news roundup",Yahoo,https://finnhub.io/api/news?id=4d6038a5924813d7acf661f5d271ef3b6a44379d8a7be20326109900afc2e7aa,0.044,0.875,0.081,0.2263,2025-04-07
2025-04-05 13:00:00,How Trump’s Tariffs Will Affect Corporate Earnings,Yahoo,https://finnhub.io/api/news?id=c88ebbbdd411ee53e43f33bf4e7aadd74efe3242556d6f2f44638a1760d225b5,0.0,0.892,0.108,0.5574,2025-04-07
2025-04-05 12:53:00,Billionaire Paul Tudor Jones Trimmed His Position in Nvidia and Is Piling Into 2 Turnaround Tech Stocks,Yahoo,https://finnhub.io/api/news?id=f94b9c100af60553340be6eea56cd0229bd60404695411e967c96704decbb929,0.0,1.0,0.0,0.0,2025-04-07
2025-04-05 11:53:00,3 Artificial Intelligence (AI) Stocks to Buy During the Stock Market Downturn,Yahoo,https://finnhub.io/api/news?id=2842fd4b4c808e8cd45c5387d0d0549e97195b94875eabffb5e84455df701e2d,0.035,0.836,0.129,0.7506,2025-04-07
2025-04-05 10:18:55,Donald Trump Pulls Plug on Nvidia’s (NVDA) Bullish Nirvana,Yahoo,https://finnhub.io/api/news?id=8547b935b47a4ec6ed0f2b45d7c7057ebec120c51e91a9529cd7e737ebb1d21c,0.09,0.765,0.145,0.6798,2025-04-07
2025-04-05 10:15:00,"Prediction: This Unstoppable AI Stock Will Be the Top Performing ""Magnificent Seven"" Stock of 2025",Yahoo,https://finnhub.io/api/news?id=ad649513b2ad6df4c7494790a6937b425f2310c0d69e9849c43b29904a8783cc,0.076,0.692,0.232,0.9413,2025-04-07
2025-04-05 10:00:24,'Nowhere to hide.'  How Apple and others in Silicon Valley are bracing for Trump tariffs,Yahoo,https://finnhub.io/api/news?id=34412678d4cc50481e13d112cf1f8904837c6091cc3c17cad1004a55c325eab6,0.082,0.821,0.097,-0.0982,2025-04-07
2025-04-05 09:33:00,2 Top Artificial Intelligence (AI) Stocks Ready for a Bull Run,Yahoo,https://finnhub.io/api/news?id=6d33ccbae632a5b751af12de573a4c64ef73a84098cbffce2e22aebd1ad6e6d8,0.027,0.753,0.221,0.9321,2025-04-07
2025-04-05 09:31:52,Dell Technologies Stock: This Capitulation May Be Your Chance,SeekingAlpha,https://finnhub.io/api/news?id=daa88d2bb04e45be7e287c3c1c3daa4c205c7e84b309cc7d6b0dcd2a713c80cd,0.0,0.758,0.242,0.8481,2025-04-07
2025-04-05 09:29:00,Where Will Nvidia Stock Be in 10 Years?,Yahoo,https://finnhub.io/api/news?id=74eca53366e7c7dd1becd688ca876cab8075d410cf70d6e64a0dca8775b5ed0b,0.022,0.832,0.147,0.8537,2025-04-07
2025-04-05 09:20:00,Should You Buy the 44% Dip on Arm Holdings?,Yahoo,https://finnhub.io/api/news?id=91aba8979ac797836633964fc4755b9d67ec91939cc334fd11a26ceee3567f4f,0.051,0.859,0.09,0.3421,2025-04-07
2025-04-05 08:35:00,"The Best Stocks to Invest $1,000 in Right Now",Yahoo,https://finnhub.io/api/news?id=365c61007ea07eaf80e47afc3e70e60c03a1dd2e956c5cd0915d7d94a4f0438f,0.051,0.546,0.403,0.9124,2025-04-07
2025-04-05 08:12:00,A Key Stock Valuation Metric Just Made a Decidedly Clear Move. History Says This Happens Next.,Yahoo,https://finnhub.io/api/news?id=7b4e0a79a08dccf20e9a7e19974c891108fd30370522f86462710c0655160e11,0.07,0.785,0.144,0.788,2025-04-07
2025-04-05 08:05:00,6 Dividend Growth Stocks I'm Buying As Tariffs Crush The Economy,SeekingAlpha,https://finnhub.io/api/news?id=20845704eab695cae3aac7f5c3f614fe6129cd173c6453dea4338a2c23048daf,0.041,0.825,0.134,0.5574,2025-04-07
2025-04-05 08:00:00,Should you buy the dip in tech? Veterans of the dot-com era share 5 ways to find winners.,MarketWatch,https://finnhub.io/api/news?id=f9e7960141280078455c69b792d166cf2802290ef72eddf5a9f6755d3f58727b,0.0,0.745,0.255,0.8738,2025-04-07
2025-04-05 00:50:00,"Markets Weekly Outlook - FOMC Minutes, Tariff Developments And Inflation Ahead",SeekingAlpha,https://finnhub.io/api/news?id=c39666271d05c06b96a9e94bfbf628205ee87250ad6f4d6e0452a867403fcc89,0.0,1.0,0.0,0.0,2025-04-07
2025-04-17 22:52:03,AMD Warns On China License Issue,SeekingAlpha,https://finnhub.io/api/news?id=496c733ce30165c96840ab5900a2f3090de2d96dc8577a3eed3f1722e7033755,0.04,0.96,0.0,-0.1027,2025-04-21
2025-04-17 20:00:00,AMD: China AI Hiccup,SeekingAlpha,https://finnhub.io/api/news?id=c4833d8a047e4c375fc73da8311e2af608ed405c698411711f69729f8c218c10,0.0,1.0,0.0,0.0,2025-04-21
2025-04-17 19:09:00,How Nvidia Plays Export Whack-a-Mole,DowJones,https://finnhub.io/api/news?id=6b853971437ed49bca3591d875286ed3f0a04edbb547376d57d132a9baf8592f,0.0,0.667,0.333,0.4588,2025-04-21
2025-04-17 17:46:45,History Is About To Repeat Itself: Another AMD 2022 Rally May Be Incoming,SeekingAlpha,https://finnhub.io/api/news?id=4393a0ae68f7a8f02ae3f3bc7169e2c352b0f785382b106e853a4ad230b7edc7,0.0,1.0,0.0,0.0,2025-04-21
2025-04-17 17:19:53,NVIDIA (NasdaqGS:NVDA) Accelerates AI Innovations In SMEs And Smart Cities,Yahoo,https://finnhub.io/api/news?id=c161c18aa43baf65bde9c5d0db5490be2bcc6932a4d690371d1d4efae3344c10,0.033,0.879,0.088,0.5962,2025-04-21
2025-04-17 17:02:11,Jim Cramer Says NVIDIA (NVDA) Can’t Be Owned Like Before: “You Have to Trim”,Yahoo,https://finnhub.io/api/news?id=d50e3a0540db5ef0ac38054b62da1fd20920aabc88fbb7c68dbaaefa6a5a1f3f,0.105,0.863,0.033,-0.6705,2025-04-21
2025-04-17 16:54:00,The Chip Industry Has Too Many Eggs in the AI Basket,Yahoo,https://finnhub.io/api/news?id=7d2c4c508f503a977ea8fabff6c719fb5f8a25571f09161e44da23c1cd653ccd,0.053,0.872,0.075,0.296,2025-04-21
2025-04-17 16:45:46,"Top Stock Movers Now: UnitedHealth, Nvidia, Eli Lilly and More",Yahoo,https://finnhub.io/api/news?id=365a9d7a258d0c5a74e7c579c6f7ee816a4bc66a9cfc7968cad6760ef16bcb0a,0.0,0.895,0.105,0.4588,2025-04-21
2025-04-17 16:38:53,"Why New China Chip Export Curbs Could Affect Far More Than Just Nvidia, AMD",Yahoo,https://finnhub.io/api/news?id=7e9aa58270a255b9cae2419541f6cc90f8eb86b272fe48d22234864c1aeac9c9,0.147,0.853,0.0,-0.6705,2025-04-21
2025-04-17 16:37:00,"Dow Industrials Fall, Capping Another Tough Week on Wall Street",DowJones,https://finnhub.io/api/news?id=8d7c8d6d2c5ae975adee1a47a2f5269f2387502bf3f31d6b38eaffd68407dc0d,0.143,0.857,0.0,-0.25,2025-04-21
2025-04-17 16:05:43,"Nvidia, AMD see charges due to new China export rules: Morning Buzz",Yahoo,https://finnhub.io/api/news?id=da11f04c8fa8eaca81b7dd10a88026ed187eac0b7141285e5a503b22b9dca27a,0.152,0.827,0.021,-0.8885,2025-04-21
2025-04-17 16:04:22,"Nvidia stock falls again, market cap losses top $250 billion after Trump administration's new export controls",Yahoo,https://finnhub.io/api/news?id=e8173004560ff4993b453669d9f7c72f0ccbef8d504df89ffecfc9ae01206087,0.128,0.829,0.043,-0.5574,2025-04-21
2025-04-17 15:54:14,"Top Midday Stories: Google Found Liable on 3 of 4 Counts in Antitrust Case; UnitedHealth Shares Tumble on Revenue Miss, Guidance Cut",Yahoo,https://finnhub.io/api/news?id=c2acec449d3c2391563c089cc76924033cc72bc794c17c46e4f366b89457e106,0.089,0.815,0.096,0.0772,2025-04-17
2025-04-17 15:33:36,"Nvidia & AMD sell-off, Hertz extends gains: Trending Tickers",Yahoo,https://finnhub.io/api/news?id=30caf490fbe011b33ca4c62725807f96f7bba246b030e0276ad70e8ce0f40442,0.026,0.816,0.158,0.8955,2025-04-17
2025-04-17 15:29:20,"It’s a Good Time to Buy GOOG and MSFT, Veteran Investor Says",Yahoo,https://finnhub.io/api/news?id=c92419d6ab8137c38bf2780ab18caec12d46531aa8d0f113c9697a29203151f4,0.028,0.848,0.124,0.8069,2025-04-17
2025-04-17 15:12:17,Nvidia's CEO went to China and promised to 'unswervingly serve the Chinese market',Yahoo,https://finnhub.io/api/news?id=400c367f92a794b8cfb5cb3c8cbc0346ed2f23bc529b99b90114a19a66cef8e5,0.055,0.897,0.048,-0.1027,2025-04-17
2025-04-17 15:11:27,Nvidia's Top Exec in Beijing Amid Rising U.S.-China Chip Tensions,Yahoo,https://finnhub.io/api/news?id=0ca4490797a466f153ad986bf02323f98d9416673b78999b2d8a6170e4d6ceb2,0.29,0.651,0.059,-0.7964,2025-04-17
2025-04-17 15:10:43,Trump Trade: Nvidia sees Q1 charges of $5.5B due to H20 restrictions,Yahoo,https://finnhub.io/api/news?id=8ab79e8d26a6c24f3c6a5158949d3e189315f813df527c7dce672dbbb9885647,0.022,0.96,0.019,-0.0772,2025-04-17
2025-04-17 15:00:00,Better Artificial Intelligence (AI) Stock: Alphabet vs. Nvidia,Yahoo,https://finnhub.io/api/news?id=d4abb00f21060a2f9aa626d3e0a62d14946590efce7a337d3a0be7ab7e0170dc,0.0,0.815,0.185,0.9118,2025-04-17
2025-04-17 14:55:25,"Negative Signs Are Mounting for NVDA, Veteran Investor Says",Yahoo,https://finnhub.io/api/news?id=e1a5bdacf65fedfa6c75065248f0da0415e6105bfca2d43a935511d26195e08b,0.127,0.873,0.0,-0.7845,2025-04-17
2025-04-17 14:52:00,Nvidia Stock Falls for a Second Straight Day. Shares Are Down 30% From Their High.,Yahoo,https://finnhub.io/api/news?id=58dcf37968ed150e0737889ffc2992db7d06934e5669034cb289f4788e2ed77f,0.0,0.915,0.085,0.6124,2025-04-17
2025-04-17 14:14:43,Palantir Stock: The Breakthrough That Changes Everything,SeekingAlpha,https://finnhub.io/api/news?id=f0d5129d72c47cdd79484d1e90c177ec5deea087509b5ae77969154252ac7106,0.0,1.0,0.0,0.0,2025-04-17
2025-04-17 13:47:59,OpenAI And SoftBank's Stargate Considers Major UK Investment To Fuel AI Growth,Benzinga,https://finnhub.io/api/news?id=d3d1824a8ef4b12d7feab3d53a774d903d70d11d0b3175eda01afd65b5c48857,0.0,0.862,0.138,0.6486,2025-04-17
2025-04-17 12:38:38,"This chip stock ’is clearly the most popular long’, Citi says (not Nvidia)",Yahoo,https://finnhub.io/api/news?id=cd448bf92cd73c55cc8327ab2d40ff6c8055a21a45966d450b4f8b9761f09870,0.0,0.826,0.174,0.7645,2025-04-17
2025-04-17 12:38:02,Nvidia and AMD targets cut at UBS on newly issued licensing requirements,Yahoo,https://finnhub.io/api/news?id=941071393a389f1febe648c2d88c7310cb7795568da22ee36febe99577c3e7b6,0.161,0.839,0.0,-0.743,2025-04-17
2025-04-17 12:20:34,Stock Futures Trim Gains as Trump Rebukes Powell: Markets Wrap,Yahoo,https://finnhub.io/api/news?id=4ef73ea9758b746944ed40fa2b75effb485866db9f45389957d5906ec7764cb3,0.075,0.81,0.115,0.5994,2025-04-17
2025-04-17 12:16:36,5 Things to Know Before the Stock Market Opens,Yahoo,https://finnhub.io/api/news?id=06e9f1084fe3a8e078e29dc8d8326ae93c90633148195a0f3880bf78e09bda75,0.0,1.0,0.0,0.0,2025-04-17
2025-04-17 12:10:00,"Nvidia's New Mainstream Graphics Cards Look Good, but Price Is a Wildcard",Yahoo,https://finnhub.io/api/news?id=54c6dea4255f377e4085bd930d82f7394bd28e8ea0cf20b3989c9baf9d505cf1,0.017,0.914,0.068,0.5089,2025-04-17
2025-04-17 12:00:00,MAGS' Selloff Is Here - Fundamentals Remain Robust No Matter The Tariffs,SeekingAlpha,https://finnhub.io/api/news?id=7c8b54193b63120805c65ed751cb7c61e044c430b8b77a431fab0d0ff7b9c843,0.08,0.742,0.178,0.3239,2025-04-17
2025-04-17 12:00:00,China-U.S. Trade War Heats Up: Nvidia A New Bargaining Chip?,SeekingAlpha,https://finnhub.io/api/news?id=ae8505bfa3877f94f7b5ad2b52905669b2580c40a17d8c905ee87c14fc253ee3,0.151,0.849,0.0,-0.765,2025-04-17
2025-04-17 11:50:33,Several Headwinds Impacted Nvidia Corporation’s (NVDA) Performance in Q1,Yahoo,https://finnhub.io/api/news?id=3f37ca7e9d45e0ce7598072cd2f69a9bb4f994d99073d523c9cba98eebc9c5c1,0.0,0.869,0.131,0.802,2025-04-17
2025-04-17 11:50:00,U.S. Tries to Crush China’s AI Ambitions With Chips Crackdown,Yahoo,https://finnhub.io/api/news?id=8d9cb02b877733b52ae259d3cc17aed643daa1e644fef774a215d5ad72f3f5ef,0.114,0.757,0.13,0.1531,2025-04-17
2025-04-17 11:43:11,"Top 10 Trending Stocks On WallStreetBets As Of April 17, 2025 (Via Swaggy Stocks)",Benzinga,https://finnhub.io/api/news?id=1bff739620bff3cc5daefa0aaa8efe8f111cdc8d6daa8285852e595ca0952cb7,0.0,0.899,0.101,0.2023,2025-04-17
2025-04-17 11:34:33,Nvidia: Building The Heavens And The Earth (Rating Upgrade),SeekingAlpha,https://finnhub.io/api/news?id=08a5a07383303cd6594f4fce9a7b84ab51a4a6becf92e421dd172f60638d55af,0.0,0.748,0.252,0.4019,2025-04-17
2025-04-17 11:30:00,2 Top Quantum Computing Stocks to Buy in April,Yahoo,https://finnhub.io/api/news?id=4825eb7ad2b863e63d30cba41982b565b3262852cb9ca7f16b0c5adb713a2613,0.027,0.906,0.067,0.3612,2025-04-17
2025-04-17 11:29:45,"NVDL: Trump's Chip Restriction Is An Opportunity, NVDA Washed Out (Rating Upgrade)",SeekingAlpha,https://finnhub.io/api/news?id=9e5fddb95fdc78a79909c73910c92b2c2d5a94fff76999616d4d52ece63ef451,0.046,0.893,0.061,0.1779,2025-04-17
2025-04-17 10:28:00,"These Stocks Are Moving the Most Today: UnitedHealth, Nvidia, TSMC, Tesla, Alcoa, Netflix, and More",Yahoo,https://finnhub.io/api/news?id=40d834efc3289047dc2519fc30df60a58538c1744a15149d79c058fe23e16aac,0.092,0.831,0.077,-0.0,2025-04-17
2025-04-17 10:26:00,"AMD, Micron, Broadcom Stocks Fall. The Chip Fallout Continues.",MarketWatch,https://finnhub.io/api/news?id=8c7cc9c5f4569dc1944d268107cec9b774d83732dfd00e6a28444e50ae123a86,0.0,1.0,0.0,0.0,2025-04-17
2025-04-17 10:22:14,"TSMC Q1: Excellent Results, Strong Buy (Rating Upgrade)",SeekingAlpha,https://finnhub.io/api/news?id=86b31c32f8af8976763e0b3b44981401597b8f4fddc7305517efc5ea7daab974,0.084,0.663,0.253,0.836,2025-04-17
2025-04-17 10:00:15,"S&P, Nasdaq futures rise after selloff; UnitedHealth plunges after forecast cut",Yahoo,https://finnhub.io/api/news?id=5cf7c4bd74a7ff826b7d72d1d6289195230682e636d7af525dd1b0db31ce85f2,0.095,0.841,0.064,-0.4404,2025-04-17
2025-04-17 10:00:00,"Most large cryptocurrencies rise on Avalanche, Sui increases",MarketWatch,https://finnhub.io/api/news?id=d1f03b3cd5f80933dbc374317eac023b8b06baa686bedea90ef0f62334c44bce,0.0,1.0,0.0,0.0,2025-04-17
2025-04-17 09:59:00,Tesla Stock Wobbles. Wall Street Is Making a ‘Grave Error.’,MarketWatch,https://finnhub.io/api/news?id=7ba23087a37e1e7146bc7da54c7df4bde2a55f32f6810aebeeee35593c2c9e19,0.0,1.0,0.0,0.0,2025-04-17
2025-04-17 09:52:00,Dow Jones Dives 500 Points On UnitedHealth Crash; Trump Calls For Powell's Exit,DowJones,https://finnhub.io/api/news?id=7fa39e359ad7faac4a490950ffb6207352d52cdbd65b7fbbc83368b2d52da8a9,0.184,0.816,0.0,-0.6597,2025-04-17
2025-04-17 09:51:00,"These Stocks Are Moving the Most Today: UnitedHealth, Nvidia, TSMC, Lilly, Amex, D.R. Horton, Schwab, Netflix, Hertz, and More",MarketWatch,https://finnhub.io/api/news?id=42472d5b3f1950fa36f0a7ad8b30b2f6275b3f28dfd952477297c2c2959f0689,0.0,1.0,0.0,0.0,2025-04-17
2025-04-17 09:45:32,Jensen Huang Praised By Trump: Nvidia 'Wouldn't Be Doing' $500 Billion AI Infrastructure Commitment Without Tariffs,Yahoo,https://finnhub.io/api/news?id=77f7a9a3c6dadd711941f7f40ef83ce5794404adddea682610712123f9d73464,0.0,0.728,0.272,0.9413,2025-04-17
2025-04-17 09:45:00,"UnitedHealth, Amgen share losses lead Dow's nearly 500-point drop",MarketWatch,https://finnhub.io/api/news?id=4a255a242c947d7c353642a943ad32b11970b2c637e676482efd657f86025bb8,0.369,0.462,0.169,-0.6369,2025-04-17
2025-04-17 09:35:00,What Is an AI Supercomputer and Why Is Trump Talking About It?,Yahoo,https://finnhub.io/api/news?id=af58a3f52e9c24537a794a800c91c149f25fe02e42647d69032d7cc39dca191a,0.0,0.9,0.1,0.4767,2025-04-17
2025-04-17 09:34:00,Nvidia Stock Rises. Why the Chip Maker’s Getting a TSMC Boost.,Yahoo,https://finnhub.io/api/news?id=7138d05205e6dea9be7ef22b323e1b21e21bd049c0bfed8b501602f4db3e6567,0.0,0.845,0.155,0.7003,2025-04-17
2025-04-17 09:26:26,S&P 500: How Bad Could It Get? The Ultimate Worst-Case Scenario,SeekingAlpha,https://finnhub.io/api/news?id=f4d22bb502598f85c1e0d4460bee5509f97e126f5ed0d6ba082f466c78449582,0.259,0.741,0.0,-0.5423,2025-04-17
2025-04-17 09:26:21,TSMC Q1 2025 Earnings Silence Tariff Doubts,SeekingAlpha,https://finnhub.io/api/news?id=6e12b57870009d468d6c55f46e796185722a59dacfaa58234ba2192093c25e0e,0.268,0.732,0.0,-0.296,2025-04-17
2025-04-17 09:22:00,Stock Market Watching Trump-Meloni Meeting. Is Musk's U.S.-E.U. 'Zero Tariffs' Plan On The Table?,DowJones,https://finnhub.io/api/news?id=d7bb13ec45a811197896288f0eed979cf13dcbcf2884e8a7eb7abf7d5281e8dc,0.0,1.0,0.0,0.0,2025-04-17
2025-04-17 09:10:05,TSMC And Nvidia: Powering The AI Capital Of The World,SeekingAlpha,https://finnhub.io/api/news?id=e4ed92115b1c84042d38e52b2f17822db6bc8f4dc2fa95db46ac3060c718738b,0.06,0.94,0.0,-0.2732,2025-04-17
2025-04-17 09:00:00,ASML Holding: Time To Buy Before The Market Rebounds,SeekingAlpha,https://finnhub.io/api/news?id=324a4b552bd3bdceb48ae478dadbe72990ecd2ecff0293ca07089d6b2bc8a6ab,0.0,1.0,0.0,0.0,2025-04-17
2025-04-17 08:51:00,TSMC Stock Jumps on Earnings Beat. Tariffs Aren’t a Drag for the Chip Maker—Yet.,MarketWatch,https://finnhub.io/api/news?id=ad6caa7ecaac0eea52085aeaab86a5ce508d34c130663a484f7ab8b701031f64,0.128,0.872,0.0,-0.4215,2025-04-17
2025-04-17 08:44:00,Nvidia's H20 Chip at the Heart of the U.S. and China Tech Showdown,Yahoo,https://finnhub.io/api/news?id=9e4f3116c86f28310809a052eb1e0b3a23f96751fee1b392fcb77ae223284f15,0.081,0.832,0.087,0.0772,2025-04-17
2025-04-17 08:34:48,"Broadcom, Marvell, Synopsys: The Chips That Might Not Crumble In The Coming Storm",Benzinga,https://finnhub.io/api/news?id=e060d03357f450c4322f9c6e4ab9d8d04429465131d1094cd3d2b71252e37f78,0.161,0.756,0.083,-0.4767,2025-04-17
2025-04-17 08:19:47,Dow Jones Futures Dive On UnitedHealth; Trump Says Powell 'Termination Cannot Come Fast Enough',DowJones,https://finnhub.io/api/news?id=b98ab81884e0062214fddae6fe80f639d2e083e037b5f20d09615a07accf888d,0.0,1.0,0.0,0.0,2025-04-17
2025-04-17 08:10:00,My Dividend Stock Portfolio: New All-Time Dividend Record In March - 100 Holdings With 15 Buys,SeekingAlpha,https://finnhub.io/api/news?id=3583de69a5b9294d49cfc850c02d9e183a0af145eb6a1cde6d77ee1e1a833ab0,0.0,1.0,0.0,0.0,2025-04-17
2025-04-17 07:39:24,"Nvidia CEO stresses importance of China market in Beijing visit, Chinese state media reports",Yahoo,https://finnhub.io/api/news?id=594f9c618e8207cf8a16c9819679c2f2ac3b7aaff71b6f3e76e9a090f082d3ec,0.084,0.802,0.113,0.4005,2025-04-17
2025-04-17 07:23:00,TSMC Profit Surges as Earnings Beat. Trump Tariffs Aren’t a Drag for the Chip Maker Yet.,Yahoo,https://finnhub.io/api/news?id=4b653e15d9e16ddf437821f386e7146d06628dbef0416795b7cc00c1692f5772,0.139,0.791,0.07,-0.4404,2025-04-17
2025-04-17 07:05:00,Stock Markets Need a Tariffs Savior. Why Fed’s Powell Won’t Ride to the Rescue and 5 Other Things to Know Today.,MarketWatch,https://finnhub.io/api/news?id=914e02cb8ff982d27531e1b964e7ac5ca021cabd101daba8f05ff26c97f0c753,0.0,0.858,0.142,0.765,2025-04-17
2025-04-17 07:03:38,Video Recap: Tech Stocks Tumbled Wednesday After Nvidia Chip Curbs,Yahoo,https://finnhub.io/api/news?id=67405d09e96db64f22d22b76a333489b76f3fdfc49268989737f23609a0348ed,0.0,1.0,0.0,0.0,2025-04-17
2025-04-17 07:00:00,ClearBridge Select Strategy Q1 2025 Commentary,SeekingAlpha,https://finnhub.io/api/news?id=2322cba5402cd8b2b7530ae0cec3fb74a0aca46cc28f68bb570cc4a2a435b567,0.0,1.0,0.0,0.0,2025-04-17
2025-04-17 06:15:12,US Stocks Likely To Open Higher Ahead Of Festive Weekend: 'Current Equity Levels Offer An Attractive Entry Opportunity',Benzinga,https://finnhub.io/api/news?id=7623b21d79ec6a68d8928602eb7a6d72193d6ae4e3485383a940c05127b02cde,0.032,0.737,0.231,0.875,2025-04-17
2025-04-17 05:56:21,Nvidia leaves some Chinese customers in the dark about new restrictions.,Finnhub,https://finnhub.io/api/news?id=9cf1b63528df216a63690e6c76b882cd32e44a1e5ac7f572fa268b1910332846,0.053,0.883,0.064,0.128,2025-04-17
2025-04-17 05:56:20,Nvidia CEO Visits Beijing After Latest China Export Curb,Finnhub,https://finnhub.io/api/news?id=7990422dc54956b909344a2cfae494235f18a662d4cda80890a6748e848e4f18,0.0,1.0,0.0,0.0,2025-04-17
2025-04-17 05:53:35,A Cautious Opportunity Emerges For AMD Investors,SeekingAlpha,https://finnhub.io/api/news?id=91836baf3997cedae3c4c2bda4eecb9770222f578ca99c908c3259330e201897,0.152,0.543,0.304,0.34,2025-04-17
2025-04-17 05:45:10,"Hertz Global stock surges again after Ackman buys big stake, and other movers",MarketWatch,https://finnhub.io/api/news?id=51e33c7d4ef1fa9a26740e69e353571e0d0f86985fbb105bdabd89b74a135d3d,0.0,1.0,0.0,0.0,2025-04-17
2025-04-17 05:35:00,Jensen Huang is visiting China. The Nvidia CEO is caught in a trade war.,MarketWatch,https://finnhub.io/api/news?id=03222925bd5dfae3c4d9858303fcc524d2bda5b56a4ea40180946ec5e4589337,0.231,0.769,0.0,-0.8316,2025-04-17
2025-04-17 05:33:58,Nvidia Epitomizes Excellence: Upgrading To Strong Buy,SeekingAlpha,https://finnhub.io/api/news?id=5c0fb893d746baf47742dcfc858a7cc1a1222174fcebb2f4dc7873a53bbff826,0.0,0.602,0.398,0.9531,2025-04-17
2025-04-17 05:23:06,Ives: It's 'Scariest Time' Ever Seen for Tech Investors,Yahoo,https://finnhub.io/api/news?id=942cfe3d02c59ccf21fc1e144a9e7e5062b87bca72b5d5b0d097fdd17a3b4d02,0.016,0.962,0.023,0.1779,2025-04-17
2025-04-17 03:49:54,Watch These Nvidia Stock Price Levels as Chip Export Curb Set to Hit Earnings,Yahoo,https://finnhub.io/api/news?id=9170794494752e5ef125e33c7429694ce1747abe6d477720a351c1542a741f9e,0.0,0.956,0.044,0.296,2025-04-17
2025-04-17 03:41:40,"Nasdaq Dips 3% Amid Plunge In Nvidia, AMD: Greed Index Remains In 'Extreme Fear' Zone",Benzinga,https://finnhub.io/api/news?id=7b9dbcfca863286ffe7e5770bd4a57845de216c9356189c07f23cb128d349ab1,0.323,0.677,0.0,-0.7346,2025-04-17
2025-04-17 03:39:24,"Nvidia CEO Jensen Huang arrived in Beijing on Thursday, Chinese state media reports",Finnhub,https://finnhub.io/api/news?id=5b1095ee1ebdbb6409abdc2cd323ae881a73153364a0af6f35412a5f2138af59,0.0,1.0,0.0,0.0,2025-04-17
2025-04-17 02:33:58,Why NVIDIA Corporation (NVDA) Declined on Wednesday,Yahoo,https://finnhub.io/api/news?id=6ecadaf783b5ec15d177e6754719c909a3720e5ba5057aafce2fa91e064bb53c,0.0,1.0,0.0,0.0,2025-04-17
2025-04-17 00:30:00,Franklin DynaTech Fund Q1 2025 Commentary,SeekingAlpha,https://finnhub.io/api/news?id=2ae7c4aa6a2cba58deb299d1da2263fe44fe4feedd375eb43653db08eeb41660,0.0,1.0,0.0,0.0,2025-04-17
2025-04-16 23:11:23,Applied Digital: 3 Reasons We Think Now Is The Time To Buy,SeekingAlpha,https://finnhub.io/api/news?id=283dd072687be64879ad8b3c7196279589de2ddf9efe4aa1c844070817d67060,0.0,1.0,0.0,0.0,2025-04-17
2025-04-16 18:56:19,Wall St ends sharply lower; Powell sees growth slowing,Finnhub,https://finnhub.io/api/news?id=680383d310abd9751fa5eb200f328f54c41659c4f509ffa3e3bd325cdaf5fc82,0.164,0.775,0.061,-0.5267,2025-04-17
2025-04-16 18:26:00,Powell Didn’t Mince Words. Tariffs Will Be a Problem for the Fed.,MarketWatch,https://finnhub.io/api/news?id=72b4842d2d3c3feb2ea28d586b26daf7aa3677e734d00582d61b264b9f82f531,0.197,0.803,0.0,-0.6597,2025-04-17
2025-04-16 18:25:06,Chipwrecked: Nvidia's Export Ban Triggers ETF Meltdown (And One Big Winner),Benzinga,https://finnhub.io/api/news?id=2f3e736addcdd28f1af7789dd197fdbd21301881ccacfbbfabc7090a9c4dabe0,0.208,0.708,0.084,-0.6808,2025-04-17
2025-04-16 17:44:37,Indexes drop as Fed's Powell says growth appears to be slowing; Nvidia tumbles,Finnhub,https://finnhub.io/api/news?id=663098b040fce24b9ec3e3754e744c0290dda9e03042c60cdb39d220d2b759b1,0.16,0.791,0.049,-0.5994,2025-04-17
2025-04-16 17:36:35,Tech Slides on Chinese Nvidia Restrictions - Tech Roundup,Finnhub,https://finnhub.io/api/news?id=2ac606c989568a332c7b6f55579eda5edfd9d5f7b81d2a80da10da768a21f5a3,0.059,0.887,0.054,-0.0516,2025-04-17
2025-04-16 17:20:42,Nvidia: Headwinds Are Mounting - Sell,SeekingAlpha,https://finnhub.io/api/news?id=6578eb78a01608877e0a783a942cf77596b1d462f5ba4dbea0be090de29317df,0.0,1.0,0.0,0.0,2025-04-17
2025-04-16 17:14:00,"Alibaba’s stock is falling, and a development at Nvidia could be the reason",MarketWatch,https://finnhub.io/api/news?id=c1bc89e971e05011c9e5ad92b23a0d3af3a9f7cb1861507f20aae40bf038c6ce,0.118,0.882,0.0,-0.296,2025-04-17
2025-04-16 17:09:17,California's Newsom sues Trump administration to block tariffs,Finnhub,https://finnhub.io/api/news?id=0ce1965d1243a28b81fadc93159ac6cc1df468486fe703faa8f000858a5aafd7,0.123,0.877,0.0,-0.4939,2025-04-17
2025-04-16 17:07:00,"As Nvidia’s stock sinks on China setback, here’s Wall Street’s big question",MarketWatch,https://finnhub.io/api/news?id=64b3c16a7550b5428d5546316ee1dcf2afca9768aadf1dc6f6ee14b9dbebdd04,0.0,1.0,0.0,0.0,2025-04-17
2025-04-16 16:56:22,Nvidia Announces $6 Billion Hit In Upcoming Earnings After Trump China Curb; Is Nvidia A Sell Now?,Yahoo,https://finnhub.io/api/news?id=497f73b594b11085b64a7589218bf871b06b0b54f035615f770ad7f83cffed63,0.0,1.0,0.0,0.0,2025-04-17
2025-04-16 16:54:54,Don't expect a big increase in tech manufacturing in the US,Yahoo,https://finnhub.io/api/news?id=6af25018458a8e98f568f2e1b4f45ab47b8a5e3dcff00e157cfc1f04331b6583,0.012,0.867,0.121,0.8805,2025-04-17
2025-04-16 16:53:00,"Tech, Media & Telecom Roundup: Market Talk",DowJones,https://finnhub.io/api/news?id=77baa12de7b192cebd670c6060314f28c1d1fc5b0049f69bb9cbe94e89719605,0.0,1.0,0.0,0.0,2025-04-17
2025-04-16 16:46:00,Nvidia Stock Falls. It Got Bad News About Its H20 Chips From the Government.,MarketWatch,https://finnhub.io/api/news?id=3a6e235725f3318d637354947b67127734082c7a6ea0daa4f898b89b398890d3,0.212,0.788,0.0,-0.7906,2025-04-17
2025-04-16 16:43:00,"AMD, Micron, Broadcom Stocks Drop as U.S. Tightens Chip Export Rules",MarketWatch,https://finnhub.io/api/news?id=eed6a55c6b81742b05db5335a6ed9a1ba02592a72ee81324da5eecd335c3c6d9,0.174,0.826,0.0,-0.4939,2025-04-17
2025-04-16 16:37:50,US stocks drop after Nvidia warns over hit from controls on China exports,Yahoo,https://finnhub.io/api/news?id=b460bd683e487e7c521f6f4ee03a60cfc5b777e1ef80b42d545ca431da830750,0.071,0.779,0.149,0.6124,2025-04-17
2025-04-16 16:36:13,US Equity Indexes Slump After Nvidia Pushes Technology Sharply Lower,Yahoo,https://finnhub.io/api/news?id=1d9e347a692d1361011e418fa254aa045fcab3bd2de171357904eb262b9b573a,0.152,0.848,0.0,-0.5106,2025-04-17
2025-04-16 16:28:18,"Stock Market Today: Dow Jones Tumbles On Powell Comments; Trump Curbs Hit Mag 7, Warren Buffett Stock Rises (Live Coverage)",DowJones,https://finnhub.io/api/news?id=d2fda288c406cdf120db73a4a54acf3be028ccbd8795f8f3f27a84e2dedf1b30,0.0,1.0,0.0,0.0,2025-04-17
2025-04-16 16:22:50,Nvidia Stock Falls After Trump Essentially Blocks China AI Chip Sales,DowJones,https://finnhub.io/api/news?id=a81b0a91cd0c8cf907f389ffdbecb81a626b8642be4e7ab4171a08a8ac122ba1,0.16,0.84,0.0,-0.4215,2025-04-17
2025-04-16 16:21:42,"Magnificent Seven Stocks Sell Off: Nvidia Plunges; Apple, Tesla Slide",Yahoo,https://finnhub.io/api/news?id=e436d79d8cbef4bb8c289db9d61fd57ad65e04371b713a486a35e184d159a7ec,0.057,0.76,0.183,0.7964,2025-04-17
2025-04-16 16:18:39,"Top Stock Movers Now: Nvidia, ASML, Abbot Laboratories and More",Yahoo,https://finnhub.io/api/news?id=11ad71358d7689472b019ba7e0759d02c4da4aa98694ec2700c4a2f41e48bda2,0.081,0.867,0.052,-0.25,2025-04-17
2025-04-16 16:15:32,"Nvidia Could See Hit to Financials Amid Restrictions on Chip Exports to China, Morgan Stanley Says",Yahoo,https://finnhub.io/api/news?id=99bbde8ea52b74f91e6f4cd3c218a598c1035e91cb18cd70e3f6a1de24449970,0.067,0.933,0.0,-0.3182,2025-04-17
2025-04-16 16:14:32,Nvidia Stock — Once Again — Highlights The 8 'Secrets' Of Selling,Yahoo,https://finnhub.io/api/news?id=4b28685ab2d4a19cf889696f6928f78c04a5979660fcbcd6d641032b8a64bcf7,0.0,1.0,0.0,0.0,2025-04-17
2025-04-16 16:05:35,How to invest in Nvidia successfully during Trump tariff turmoil,Yahoo,https://finnhub.io/api/news?id=c21f645377a09788b47e3c0d3f43aaa58738a545005349b345b0764df4ec445e,0.066,0.797,0.137,0.3944,2025-04-17
2025-04-16 16:05:00,Nvidia and chip stocks drag down the Nasdaq as markets slip on trade war woes,Yahoo,https://finnhub.io/api/news?id=2f1550a3bffc2074b706f147889ce08161eb5bf2551da2253efefbbc7109988b,0.191,0.785,0.024,-0.9062,2025-04-17
2025-04-16 16:03:30,Why Nvidia (NVDA) Stock Is Down Today,Yahoo,https://finnhub.io/api/news?id=61ff6dfdbe843d767a23bc8006f6d257711bc5ca1e2887ae3972dd0100092efe,0.026,0.948,0.027,0.0258,2025-04-17
2025-04-16 16:03:00,"China Could Be Willing to Enter Trade Talks, Report Says. Here’s the Latest on Tariffs.",Yahoo,https://finnhub.io/api/news?id=a0ab5818e453dc27a7230e24d3dbc89fc4ee45927b765fc84381c04b1ee20524,0.158,0.842,0.0,-0.8074,2025-04-17
2025-04-16 16:01:39,"Fed Chief Jerome Powell Signals Trump Tariffs 'Tension' On Inflation, Growth; Dow Jones Tumbles",DowJones,https://finnhub.io/api/news?id=d44c539476eb6e05f6d8ea598f3b63f2c45d2d25850e442bd33e2a25e7951867,0.136,0.71,0.154,0.1531,2025-04-17
2025-04-16 16:00:36,"Wall Street ends sharply lower; Nvidia drops, Powell says growth appears to be slowing",Finnhub,https://finnhub.io/api/news?id=93e4440d83fada9f2501b65684301a6651cc427325c5c649fa939112abbcede7,0.159,0.793,0.048,-0.6124,2025-04-17
2025-04-16 16:00:03,Apple market cap falls back below $3 trillion as 'relief rally' fades amid new tariff uncertainty,Yahoo,https://finnhub.io/api/news?id=d4fac4115b6a777bf1886afa179ed57bbfdff9a0a7bb4987a67e03f9ff630149,0.055,0.874,0.071,0.1779,2025-04-17
2025-04-16 15:58:41,"Top Midday Stories: Nvidia, AMD Flag Looming Charges Tied to China Export Licenses; ASML Shares Fall on Sales Miss, Downbeat Guidance",Yahoo,https://finnhub.io/api/news?id=b7e59d18e063f8f1799fd2fe1333ff765db15f7a3287aa90a0ae991a9b480fd6,0.12,0.787,0.093,-0.0516,2025-04-16
2025-04-16 15:58:00,Nintendo Switch 2 Will Be a Mega Hit Despite Trump’s Tariffs. Here’s My Review.,MarketWatch,https://finnhub.io/api/news?id=c225471790d30fe0c69ed76fddff12eedaf20fc96bb34d393a494d2c98233b93,0.0,1.0,0.0,0.0,2025-04-16
2025-04-16 15:52:00,Newsom invokes Nvidia’s stock drop as Trump spars with China,MarketWatch,https://finnhub.io/api/news?id=7589aa8258c4f9dbffab4da15c7de2a5f126b08aeabf924aaf8ac4d9bbd40597,0.189,0.811,0.0,-0.4939,2025-04-16
2025-04-16 15:48:47,Export Ban Forces Nvidia to Write Off Billions in AI Chip Stock,Yahoo,https://finnhub.io/api/news?id=86342488cfa7768ec3ed403a4896143257e8232f691a3c3f2465361554e28044,0.231,0.769,0.0,-0.802,2025-04-16
2025-04-16 15:39:51,Why Shares of Nvidia Are Sinking Today,Yahoo,https://finnhub.io/api/news?id=2a2ed1f601f376b06b827ed106d826630614247be8b15212507fbc6fa0d10862,0.024,0.886,0.09,0.6133,2025-04-16
2025-04-16 15:32:00,"NVIDIA Corp., Amgen share losses contribute to Dow's 886-point drop",MarketWatch,https://finnhub.io/api/news?id=644ba8ceb10c50bbcbab539aeb085c3a11215723d88b727bfe9ad52d8121171c,0.343,0.5,0.157,-0.6369,2025-04-16
2025-04-16 15:30:48,"$155B Tech Bloodbath: Nvidia Banned, ASML Bombs, and AI Hype Hits a Wall",Yahoo,https://finnhub.io/api/news?id=dcc7c10bce7f11794b9359f478a00b2a2bde6899b2fa4a35dc26f183de17c64d,0.26,0.69,0.05,-0.836,2025-04-16
2025-04-16 15:30:01,Is NVIDIA Corporation (NVDA) The Best American Tech Stock To Buy Now?,Yahoo,https://finnhub.io/api/news?id=c144f8524a0ac0f2253e1bdeb90d0069369ebc5323e47e09217f8e6770ed019d,0.0,0.855,0.145,0.9001,2025-04-16
2025-04-16 15:26:00,"These Stocks Are Moving the Most Today: Nvidia, AMD, ASML, United, Tesla, Abbott Labs, Travelers, Interactive Brokers, and More",Yahoo,https://finnhub.io/api/news?id=d4d6774e438ddce117be19f3fcffd1c813a49c48ecf8343da00aa1d72131dc00,0.075,0.886,0.039,-0.3612,2025-04-16
2025-04-16 14:44:04,"US mulls penalties to block DeepSeek from buying American technology, NYT reports",Finnhub,https://finnhub.io/api/news?id=7ebd137d5d0ff66bd2870e219d4d412bf8a6ccd719ca83cbd4599abbaf95702c,0.129,0.871,0.0,-0.7003,2025-04-16
2025-04-16 13:35:12,10 Information Technology Stocks Whale Activity In Today's Session,Benzinga,https://finnhub.io/api/news?id=261c61d34937224da7c69ed2c3cd66469ea397d21fc489c842f50301e6a236dd,0.0,1.0,0.0,0.0,2025-04-16
2025-04-16 12:40:59,Forget The Tariffs: 3 Chip Stocks To Buy Now,SeekingAlpha,https://finnhub.io/api/news?id=6856fd4c97d5340b547e11220cb2883095b95d469ab84d0116fefa712785c389,0.192,0.808,0.0,-0.2263,2025-04-16
2025-04-16 12:29:13,"Wall St tumbles, Nvidia slumps after new US chip export controls",Finnhub,https://finnhub.io/api/news?id=437c1c1c16a33f9cc8e1c794d1da9ab566eac4b37eb1c78314ff6bba6da646dd,0.091,0.909,0.0,-0.4939,2025-04-16
2025-04-16 12:23:43,"Nvidia Drags Wall Street Down, Gold Defies Gravity Ahead Of Powell Remarks: What's Driving Markets Wednesday?",Benzinga,https://finnhub.io/api/news?id=f2a9193237e5b7b4c264555df95508d38f6474badf3c3f06ee1d46441888a40d,0.138,0.862,0.0,-0.6204,2025-04-16
2025-04-16 11:55:00,Wall Street Lunch: Retail Sales Defy Expectations Amid Consumer Confidence Distress,SeekingAlpha,https://finnhub.io/api/news?id=25044deedf05a43e270a38e3074dfa5733bc664f84332ebac8bbb05a2ecdcc60,0.073,0.697,0.231,0.5789,2025-04-16
2025-04-16 11:22:29,The Dividend ETF That Just Woke Up And Why Investors Are Watching Closely,Benzinga,https://finnhub.io/api/news?id=e6b7f51d86ac78b9d1a1d90bfeeefa162c45c1872625dae67468bed75c62d0f6,0.052,0.843,0.105,0.3182,2025-04-16
2025-04-16 10:19:16,"Wall St tumbles, Nvidia drops after new US chip export curbs",Finnhub,https://finnhub.io/api/news?id=9aaefb7841643ad26cdc70c9e4a9a8374e98cb78c8fcb63ea152229c512abb9d,0.091,0.909,0.0,-0.4939,2025-04-16
2025-04-16 10:16:30,It'll Just Get Worse For Nvidia: Downgrading To Strong Sell,SeekingAlpha,https://finnhub.io/api/news?id=a92efa5c303b1a6ece88898eab16a2f2f421a091bda0c9c6e34193fdaace2f92,0.215,0.556,0.229,0.0516,2025-04-16
2025-04-16 10:12:10,"Shares skid as Nvidia hurt by US chip-sale curbs, gold hits record",Finnhub,https://finnhub.io/api/news?id=2cbf267799de17940c859a59c201322f63376649e8c809e6917e7fbb3801fa5b,0.118,0.793,0.089,-0.34,2025-04-16
2025-04-16 10:07:00,Nvidia Is Now the Biggest U.S.-China Bargaining Chip,DowJones,https://finnhub.io/api/news?id=0aa8dbd8beb27800482eee50b293c00d9a2850d8c7d75105e41b7a7309d29d8a,0.0,1.0,0.0,0.0,2025-04-16
2025-04-16 10:02:00,Chip Shares Tumble After Nvidia Discloses Export Restrictions,DowJones,https://finnhub.io/api/news?id=e392dcbd09b266d249fb49bf8674a0ebc564a84d2fd5d95b7375bfc02f3efee2,0.0,0.761,0.239,0.5267,2025-04-16
2025-04-16 09:55:31,Dow Jones Slides 300 Points As Nvidia Plunges On AI Chip Warning,DowJones,https://finnhub.io/api/news?id=8fbd7ce6d6ee9bc9685c65b2b4a868cda576b698a7568f763381e4bc2f39e2f0,0.179,0.821,0.0,-0.5859,2025-04-16
2025-04-16 09:49:32,The Fed Can't Save This One: Why Bonds May Break The Stock Market In 2025,SeekingAlpha,https://finnhub.io/api/news?id=a4ba004a70d7a1a8287c5f167cc82d35f7b493acb03a67ec720537382f6a8c66,0.158,0.842,0.0,-0.3875,2025-04-16
2025-04-16 09:41:45,Nvidia To $160? Here Are 10 Top Analyst Forecasts For Wednesday,Benzinga,https://finnhub.io/api/news?id=1ed795e8fb6de4693169f125bf4fad7d041c6d4725518d2ff53164a2a7f27d83,0.0,0.847,0.153,0.2023,2025-04-16
2025-04-16 09:35:32,"Wall Street falls, Nvidia drops after new US chip export curbs",Finnhub,https://finnhub.io/api/news?id=e435d78885ca40b3d646a3b8bf32a96f0009b15333a8d56b29313038b1fbde90,0.048,0.952,0.0,-0.2732,2025-04-16
2025-04-16 09:35:23,"US stock futures drop, Nvidia tumbles on new curbs on chip exports to China",Yahoo,https://finnhub.io/api/news?id=a93d6af5a6a58c3ba103dcd5f62b309edad2560089efceb7f282b6807d73efbc,0.062,0.846,0.092,0.4576,2025-04-16
2025-04-16 09:32:00,Should You Buy Advanced Micro Devices (AMD) Stock Before May 6?,Yahoo,https://finnhub.io/api/news?id=654238e4e1beda3c01245c2ef9db7d94e07b08ff0be7ee2d7e1fe977d1f0aaca,0.0,0.82,0.18,0.936,2025-04-16
2025-04-16 09:23:01,Oil Futures Turn Higher as China Signals It’s Open to US Talks,Yahoo,https://finnhub.io/api/news?id=35c6a014eba86840f958de00275095cd40b7134adb55ea90ec446742bb4cdee3,0.054,0.886,0.06,-0.1027,2025-04-16
2025-04-16 09:21:54,"Futures slip, Nvidia falls on new U.S. chip restrictions - what’s moving markets",Yahoo,https://finnhub.io/api/news?id=28623323b44694aac6f1b7bc3db095e633887cbdaec532c48838252ab67c3d86,0.0,0.942,0.058,0.6486,2025-04-16
2025-04-16 09:20:24,"Retail Sales Jump Most In Two Years In Rush To Buy Autos, iPhones Before Trump Tariffs; S&P 500 Futures Fall (Live Coverage)",DowJones,https://finnhub.io/api/news?id=0afac34df7d63f32e70da3d28ed87eb24d1ac9395b04429cb7e6d2dc3ebc3aba,0.0,1.0,0.0,0.0,2025-04-16
2025-04-16 09:19:39,Global Tech Stocks Drop as ASML Warning Adds to Nvidia Curbs,Yahoo,https://finnhub.io/api/news?id=16d33bf36cca978126af7a433fe176ce55a68f8a31619b2959fbb4ab90a67510,0.166,0.795,0.039,-0.9153,2025-04-16
2025-04-16 09:19:38,Global chipmakers feel the pinch of Trump's shifting trade policy,Finnhub,https://finnhub.io/api/news?id=8e91c9c581cd2cbdccd82e5eb2066a6efccc201b4dd4fc7b5d8ee60a7a66cd44,0.0,0.941,0.059,0.3182,2025-04-16
2025-04-16 09:17:20,Stock Futures Drop as Nvidia Charge Reignites Tariff Fears,Yahoo,https://finnhub.io/api/news?id=4918bf252abae49f4e56870421c20d9c984bd35abde430642db5fd475efd9be6,0.13,0.83,0.04,-0.8658,2025-04-16
2025-04-16 09:17:11,"Top 10 Trending Stocks On WallStreetBets As Of April 16, 2025 (Via Swaggy Stocks)",Benzinga,https://finnhub.io/api/news?id=c013b1222cc44d22a034b94947955c4332dea00f9dc004b47e7fedf3f0231775,0.0,0.899,0.101,0.2023,2025-04-16
2025-04-16 09:15:00,3 Leading Tech Stocks to Buy in 2025,Yahoo,https://finnhub.io/api/news?id=81e2acc7c68e93af72ff29f4ea96d7ad038cfd9c55416e9ad0cf33a2dc42b864,0.0,0.906,0.094,0.8555,2025-04-16
2025-04-16 09:03:29,Global tech stocks feel the pinch of Trump's shifting trade policy,Finnhub,https://finnhub.io/api/news?id=ddce8e359543d7260324c98e68811286bfaac94dc4c91be7e30acbfa3e4c9561,0.0,0.943,0.057,0.3182,2025-04-16
2025-04-16 09:01:47,Wall Street set for lower open; Nvidia drops after new US chip export curbs,Finnhub,https://finnhub.io/api/news?id=88a53c0d966069fac95639c3ce213ca44a9f5407a319e4257b7b2cd1de16e0f1,0.167,0.833,0.0,-0.7506,2025-04-16
2025-04-16 09:00:00,"TSMC: Tariffs Or Not, Why I'm Betting On The Foundry Leader",SeekingAlpha,https://finnhub.io/api/news?id=45a0aab8a6d8e017fd5f28e7042d307f578e4975e41d80c8ec1b1c5790a657bd,0.0,1.0,0.0,0.0,2025-04-16
2025-04-16 08:55:29,US Dollar Weakness Returns as Trade War Fears Hurt US Assets,Yahoo,https://finnhub.io/api/news?id=e6f453a03985edce0a4360c47a246901e06b407a94ee25e680f616e4bde7ef8a,0.257,0.664,0.08,-0.9565,2025-04-16
2025-04-16 08:52:05,"China open to talks if US shows respect, names point person",Yahoo,https://finnhub.io/api/news?id=061c81d91f5b7ea555af849b3ff2af2ded09843b7149905ee6fd3fa43e3e69d9,0.085,0.795,0.12,0.3597,2025-04-16
2025-04-16 08:38:00,Prediction: 2 Stocks That Will Be Worth More Than SoundHound AI 1 Year From Now,Yahoo,https://finnhub.io/api/news?id=615770885da91e51d12237fc707ae208c4336f56f49156f900da5515bf20dc29,0.0,0.936,0.064,0.2263,2025-04-16
2025-04-16 08:37:00,2 Growth Stocks Down 27% or More to Buy Right Now,Yahoo,https://finnhub.io/api/news?id=d4100e32d0f9430d694a9365988cdf98457148fca549bf60bf48f2be775c3717,0.061,0.674,0.266,0.9705,2025-04-16
2025-04-16 08:33:40,"Jim Cramer: NRG Up, Deluxe Out, Nvidia 'You Have To Trim'",Benzinga,https://finnhub.io/api/news?id=b3cfb0504842360870299ae6215a0a4e546ab11addc096b2052bfa3034a597d8,0.075,0.925,0.0,-0.3818,2025-04-16
2025-04-16 08:20:00,"The Zacks Analyst Blog ASML Holding, NVIDIA, Intel and Taiwan Semiconductor Manufacturing Company",Yahoo,https://finnhub.io/api/news?id=6550aaf7824c231de6741bb87db66325c9b571062cca7eb6d18d97be983163aa,0.0,1.0,0.0,0.0,2025-04-16
2025-04-16 08:11:13,"Chinese Shares End Mixed, Chip Stocks Gain Amid Rising U.S. Trade Tensions",Yahoo,https://finnhub.io/api/news?id=bc988b42cf5a0537fea290864736f39eecdd2a641b608e593849de3ff304d025,0.1,0.706,0.193,0.6124,2025-04-16
2025-04-16 08:07:00,"Down 17%, Is It Time to Buy the Dip on Nvidia Stock?",Yahoo,https://finnhub.io/api/news?id=8b23ebd32de0525791365bc90632c34cff2ef1553b4bb7e5eb951bd122a27dcd,0.034,0.914,0.053,0.296,2025-04-16
2025-04-16 07:51:55,"Nasdaq futures, Nvidia slide after new US curbs on chip exports to China",Finnhub,https://finnhub.io/api/news?id=f5539347eac3beb1ff0c524e19f31a64973d248952331c2c7ddb8d4865c96b93,0.048,0.952,0.0,-0.2732,2025-04-16
2025-04-16 07:18:44,European Stocks Fall as Nvidia Curbs Hurt Sentiment; ASML Drops,Yahoo,https://finnhub.io/api/news?id=5808d0badbeef69bcaaa3bb4eabd5b4e19efa82eba9fd645eb1ebf91df452b43,0.145,0.807,0.047,-0.8442,2025-04-16
2025-04-16 07:11:25,"Exclusive: Nvidia kept some China customers in the dark about new US chip clampdown, sources say",Yahoo,https://finnhub.io/api/news?id=0f6e617ec55af1eac5a413fa0426874a5f5f20aaab406aa84ab03e73603555ed,0.021,0.884,0.095,0.7348,2025-04-16
2025-04-16 07:06:00,3 Pricey Stocks Billionaire Money Managers Sold Ahead of Wall Street's Historic Volatility,Yahoo,https://finnhub.io/api/news?id=77fcec99db4dcae71236a10695e2d55700d6f0254457b3826150ee56d63ad516,0.073,0.806,0.121,0.2263,2025-04-16
2025-04-16 07:05:10,Wall Street Breakfast Podcast: Nvidia To Take $5.5B Hit On H20 Chip,SeekingAlpha,https://finnhub.io/api/news?id=ba1d69f7bafc988ac099fee64cd2558c9267e85ebf5ad87a0b2f51baa3488657,0.0,1.0,0.0,0.0,2025-04-16
2025-04-16 06:46:09,Nvidia To Take $5.5 Billion Charge Due To H20 China Export Curbs,DowJones,https://finnhub.io/api/news?id=a77eb53d91c145dd9b5f93b6fd061c8890c9923d05dc26f261dbde3c7f4f0bc0,0.0,1.0,0.0,0.0,2025-04-16
2025-04-16 06:46:07,Nvidia Shares Retreat on $5.5 Billion Charge from New Export Restrictions,Finnhub,https://finnhub.io/api/news?id=f08e2ce86f56342ba8ab5f05ed3d80185e4bc0f8dd5b0de84a4154cc13bf7597,0.0,0.828,0.172,0.743,2025-04-16
2025-04-16 05:47:41,"US Stock Likely To Open Lower As US-China Tariff War Continues: 'Valuations Are Now Looking More Compelling,' Says Expert",Benzinga,https://finnhub.io/api/news?id=9c79ff16210eec03be4fe157a2c2643a783573010cad1562ae2314e6b1bff4cd,0.179,0.774,0.047,-0.7275,2025-04-16
2025-04-16 05:44:33,Tech shares fall after Nvidia says new US controls on exports of AI chip will cost it $5.5 billion,Yahoo,https://finnhub.io/api/news?id=835ae64722d912a47f4108e3f854fa4adda66b73d17402c459f6cebdf98be974,0.015,0.86,0.125,0.9349,2025-04-16
2025-04-16 04:42:12,Global Markets Drop on Fears of Escalating U.S.-China Trade Tensions,Finnhub,https://finnhub.io/api/news?id=2948d810103183568332feb58919d1c4e7cfa08851b0142c57eaf004371d5c2e,0.246,0.689,0.065,-0.802,2025-04-16
2025-04-16 03:32:18,Asian Tech Stocks Fall as U.S. Moves to Tighten Chip Export Rules for China,Finnhub,https://finnhub.io/api/news?id=374e50937d1282013cea5ec23d17cc72ea05ababffb717f1d178fdb8c3b0bc8f,0.08,0.879,0.041,-0.4404,2025-04-16
2025-04-16 03:28:41,Nvidia's accounts weighed on by new US restrictions,Finnhub,https://finnhub.io/api/news?id=9264ba6d3d7ea75ddcfc9c25c34f0c533f814224330e4f633de59f815135b3a3,0.029,0.901,0.07,0.4215,2025-04-16
2025-04-16 03:25:36,NVIDIA Corporation (NVDA): Plans $500B AI Server Push in the U.S. with TSMC and Foxconn,Yahoo,https://finnhub.io/api/news?id=c86c28def31b36d450b5fccc275d18ca658de2d20fee9b984b4d85c3d58e28cf,0.033,0.967,0.0,-0.34,2025-04-16
2025-04-16 03:11:25,"Exclusive-Nvidia kept some China customers in the dark about new US chip clampdown, sources say",Finnhub,https://finnhub.io/api/news?id=98d630434b3443cbe23bdc5eae9a9f02be644bd0c7bc1ce989b5e0044369ba2d,0.0,0.914,0.086,0.5261,2025-04-16
2025-04-16 02:51:33,Nvidia faces $5.5 bln charge over US trade restrictions,Finnhub,https://finnhub.io/api/news?id=a43a30f12f041646d8956185f399ccaafac0b8b19fbaea70e483a003a77aba80,0.052,0.948,0.0,-0.2732,2025-04-16
2025-04-16 00:37:32,Markets wobble over US-China wrangling,Finnhub,https://finnhub.io/api/news?id=ddb12a2bd7344b14f6e350e93379d60e5215ea7f8f52a614345c0e53e88da7b0,0.083,0.917,0.0,-0.5994,2025-04-16
2025-04-15 23:28:05,Tokyo stocks fall in morning on weak chip issues,Finnhub,https://finnhub.io/api/news?id=4e5924a1ef7aeba5372d355d859253da2f26865325a148a56459e8b83ce3e27b,0.122,0.878,0.0,-0.6124,2025-04-16
2025-04-15 22:19:23,Nvidia Warns On China License Issue,SeekingAlpha,https://finnhub.io/api/news?id=6cecd72b3e44cc3218e2d3332b865e1e18b6967688a96158cdeaa01e9c03f0f8,0.032,0.756,0.212,0.8248,2025-04-16
2025-04-15 22:19:09,"US issues export licensing requirements for Nvidia, AMD chips to China",Finnhub,https://finnhub.io/api/news?id=107204270e72a3ca30ca9df1ad80c7e3b3094493415a684775f00d8a71034f6d,0.0,0.882,0.118,0.6369,2025-04-16
2025-04-15 21:28:05,TSMC Q1 Preview: Beating Trump's Tariffs,SeekingAlpha,https://finnhub.io/api/news?id=b90823424c5d2a02d8d51944cfe97b216c7afcf500248877c7388160fa70bc0b,0.144,0.763,0.093,-0.2023,2025-04-16
2025-04-15 19:27:52,Nvidia faces $5.5 billion charge as US restricts chip sales to China,Finnhub,https://finnhub.io/api/news?id=8c79b9d4cf4b6a25c494af3277f3e3a9a1d95b177a90ca412ce2a3327716eb79,0.125,0.813,0.062,-0.296,2025-04-16
2025-04-15 18:46:00,"Nvidia Says U.S. Implements Chip Export Restrictions to China, Warns of $5.5 Billion Charge",DowJones,https://finnhub.io/api/news?id=260e784e3a4f2c2c436f5ab3685b856f24fa808e34973ce94939283495a2ca5e,0.097,0.903,0.0,-0.2023,2025-04-16
2025-04-15 18:12:20,"Nvidia, Broadcom Lead Oppenheimer's Top Chip Picks as Earnings Season Kicks Off",Yahoo,https://finnhub.io/api/news?id=18b5512692053b0b068c222dd4314a3da5b2ca9d271f749a2c58a486c3a3bfc8,0.192,0.671,0.137,-0.1779,2025-04-16
2025-04-15 17:57:01,"Stock Market Today: Dow Jones, S&P 500 Give Up Gains; CrowdStrike And A Rocket Name Take Off (Live Coverage)",Yahoo,https://finnhub.io/api/news?id=4d1b31322fe1dd12f894812a0d7b84499eceb502305e203c8e6437bc409bba19,0.0,0.946,0.054,0.34,2025-04-16
2025-04-15 17:44:56,Nvidia to take up to $5.5 billion sales hit as US regulates sales of H20 chip in China,Finnhub,https://finnhub.io/api/news?id=dc39c225bfa82a2462fbe41e6c0f178ed2e0fdc62ebae0ce2e5986c36b914c42,0.037,0.909,0.054,0.2484,2025-04-16
2025-04-15 17:41:46,"Nvidia, Broadcom, and Marvell Lead Oppenheimer's Top Semiconductor  Picks",Yahoo,https://finnhub.io/api/news?id=d17dde41343d712b485955ac3c077f38f284d97c59802c1cbabe060eb9aa3eef,0.0,0.833,0.167,0.3818,2025-04-16
2025-04-15 17:39:43,Trump promises 'expedited' process for Nvidia's US supercomputer plans as Big Tech pledges top $1.6 trillion,Yahoo,https://finnhub.io/api/news?id=21172e22cf77e6bc4aaf1aece72de1764c1e59ded415d2ff9f0efcfd883c2420,0.0,0.885,0.115,0.5267,2025-04-16
2025-04-15 17:33:21,Nvidia expects up to $5.5 billion charge in first quarter,Finnhub,https://finnhub.io/api/news?id=831f76082add846d98a623b65f1c6da86d9d3e857f60e14ae33aaaa7bbecfca2,0.053,0.909,0.038,-0.1531,2025-04-16
2025-04-15 17:26:53,NVIDIA (NasdaqGS:NVDA) Unveils RTX 5060 GPUs And Expands AI Collaborations,Yahoo,https://finnhub.io/api/news?id=988989a3788480a66eedd1b936b02271a71eb8ea9627bf728d9f83bbd0fc4248,0.0,0.821,0.179,0.9062,2025-04-16
2025-04-15 17:21:54,"Advanced Micro Devices, Inc. (AMD): Faces China Risk and Nvidia’s Lead",Yahoo,https://finnhub.io/api/news?id=604e0903ac8a570ee96c3dc2c9f2c26195232ad212cc83fd68d06d91ed71455d,0.078,0.839,0.083,0.0772,2025-04-16
2025-04-15 17:15:00,2 Tech Stocks That Are Screaming Buys in April,Yahoo,https://finnhub.io/api/news?id=c3f958e53bc987f2df882bb1b36492a8e8838cfa088fe10d5be5879f417060a4,0.157,0.734,0.109,-0.4118,2025-04-16
2025-04-15 17:14:32,"NVIDIA Corporation (NVDA): Shielded from China Tariffs, Says BofA",Yahoo,https://finnhub.io/api/news?id=ad1bce3b60c1ddc69a8d82de0f14d22c99a0333e08af90900ae9aab0fd057181,0.053,0.917,0.03,-0.1531,2025-04-16
2025-04-15 17:03:53,Nvidia Launches GeForce RTX 5060 GPU With Game-Changing AI Features,Yahoo,https://finnhub.io/api/news?id=ecb73314703e0cc468e48f7f4ec4af1db37ee3a143fb3eca8679c479755581d1,0.0,1.0,0.0,0.0,2025-04-16
2025-04-15 17:00:00,Should You Brace for Mag-7 ETFs Before It's Too Late?,Yahoo,https://finnhub.io/api/news?id=dd536edbe06328d31654e0544c70e585bb02e20f891f79831b0f3ef23e4b806c,0.057,0.776,0.167,0.5859,2025-04-16
2025-04-15 16:16:16,Trump Could Target Chips for Tariffs,Yahoo,https://finnhub.io/api/news?id=31a33739e454c3059c40508a9db98a71a365f42a2bc21c7c8a1309eb5945b5ea,0.061,0.829,0.11,0.2732,2025-04-16
2025-04-15 15:44:25,Nvidia Plans to Build Up to $500 Billion in AI Servers in U.S. With TSMC and Other Partners,Yahoo,https://finnhub.io/api/news?id=9d3c7222449043ce7e3923c600105acbe2ae97f419259e014e87ccdfc76d0bca,0.0,1.0,0.0,0.0,2025-04-15
2025-04-15 15:21:13,"Nvidia, AI Chip Stocks Called 'Safest' Bets Heading Into Q1 Earnings Season",Yahoo,https://finnhub.io/api/news?id=b169e27d4ee7ddcf0a12a85d0557544ce748e9bb6b859bb74ad85000ea8672ca,0.034,0.785,0.181,0.765,2025-04-15
2025-04-15 15:05:00,Arista Networks vs. Cisco: Which Networking Stock is a Better Bet?,Yahoo,https://finnhub.io/api/news?id=17d1da232206a447e825c56364fd4b036f0ba94250b1e1579d0e875313a1ce25,0.0,0.799,0.201,0.7003,2025-04-15
2025-04-15 14:48:22,Nvidia Hits Key Level Amid Trump Probe; Is Nvidia A Buy Now?,Yahoo,https://finnhub.io/api/news?id=9fcc6b5f092f487c90b3e1b6a7f8a14f7e276c192c1ff0185cb19d91a6cfc720,0.0,0.958,0.042,0.3818,2025-04-15
2025-04-15 14:44:08,"Nvidia (NVDA) Is “Best Place to Hide Right Now,” Analyst Says",Yahoo,https://finnhub.io/api/news?id=fdc6c42faa0342094c1eaaf1e2c312f8dc10332df126aac9278e35f8b910ae94,0.046,0.857,0.097,0.6908,2025-04-15
2025-04-15 14:42:01,Stock Market Today: Dow Jones Climbs While S&P 500 Flashes This Warning; These Bank Names Rally On Earnings (Live Coverage),Yahoo,https://finnhub.io/api/news?id=0b459d1bcbd7e05746956f6fd6733594088857a2a00bf1d79579a0f019cbb236,0.06,0.888,0.052,-0.09,2025-04-15
2025-04-15 14:18:17,GOP Senators Go to War Over AI Chips: Will Washington Hand China the Upper Hand?,Yahoo,https://finnhub.io/api/news?id=b1cb56e10e03c5f8f3a01e8e82cf7a9b7f02b58bd153ba69c98d6f04607f6b02,0.097,0.744,0.159,0.3612,2025-04-15
2025-04-15 13:56:00,Nvidia Stock Rises. Trump Hails Chip Maker’s Commitment to ‘Golden Age.’,Yahoo,https://finnhub.io/api/news?id=6cdb966112afe9f99138e0706761ad1107e0f370bbf4f68bf125effafbd19dab,0.0,0.915,0.085,0.3818,2025-04-15
2025-04-15 13:49:00,Parnassus Core Select ETF Q1 2025 Commentary,SeekingAlpha,https://finnhub.io/api/news?id=61e7ce955a49f8b139bda4a2fad3e2d3964f77602af33173277cac5786f3296c,0.0,1.0,0.0,0.0,2025-04-15
2025-04-15 13:36:41,AI Crypto Tokens Nurse Losses as Nvidia Bearish Options Bets Cross the Tape,Yahoo,https://finnhub.io/api/news?id=8fba3420e5bee5a61e3e9ecf151d8a44331af558127b915d3e5e29fc0b7179ef,0.083,0.856,0.061,-0.1779,2025-04-15
2025-04-15 13:18:00,3 Crypto Stocks to Buy the Dip Before Bitcoin Regains Lost Ground,Yahoo,https://finnhub.io/api/news?id=25552a172715b447e604c8877881a8bd5d38f34795e6dbc99938106ca16a7aeb,0.068,0.71,0.222,0.6369,2025-04-15
2025-04-15 13:08:43,Is NVIDIA (NVDA) the Best Machine Learning Stock to Buy Now?,Yahoo,https://finnhub.io/api/news?id=80439d9e34b2f543f36e5a2bc69b18a943cb51900fbf4382e1414751b59c0f9c,0.0,0.815,0.185,0.936,2025-04-15
2025-04-15 13:00:00,"NVIDIA Blackwell GeForce RTX Arrives for Every Gamer, Starting at $299",Yahoo,https://finnhub.io/api/news?id=5e2864b0d593b5a42e529574d03468f85682a9058dbdeee48f20a2e91f9fa2aa,0.0,1.0,0.0,0.0,2025-04-15
2025-04-15 12:40:00,Were you interested in semiconductor stocks three months ago? Check them out now.,MarketWatch,https://finnhub.io/api/news?id=134c0c1da27d9518cb2a197fa32e24483ebe9ff24f0156ca4c7a650058f09156,0.0,0.806,0.194,0.6966,2025-04-15
2025-04-15 12:32:01,Stock Market Today: Dow Jones Lags While Netflix Leads S&P 500; These Names Break Out Of Similar Bases (Live Coverage),DowJones,https://finnhub.io/api/news?id=4c0efb9c31749add0c04f3a03880754f6befbc400d0ec270c686e72b6709215c,0.116,0.884,0.0,-0.6124,2025-04-15
2025-04-15 12:05:29,Trump issues surprising promise to Nvidia as U.S. AI race heats up,Yahoo,https://finnhub.io/api/news?id=286f6aa868ef3796ec25a3f0f40ee272dbeadfedbf5288b650cbe1fccaf7a449,0.0,0.843,0.157,0.6705,2025-04-15
2025-04-15 11:54:07,Trump Will Fast Track Permits for Nvidia's U.S. AI Buildout,Yahoo,https://finnhub.io/api/news?id=c67b4fca088c1a281296da66224efcaca5e96b486cae7ad52b7cee05779dc867,0.0,0.76,0.24,0.8925,2025-04-15
2025-04-15 11:45:54,Nvidia: Already On The Way Back Up After Tariffs Turmoil,SeekingAlpha,https://finnhub.io/api/news?id=f973ebfa3c2ba1707c7331ae1a15e5a579524d7f32e6ece2af7506f6ba49a5e7,0.217,0.783,0.0,-0.3612,2025-04-15
2025-04-15 11:44:00,"The Zacks Analyst Blog ServiceNow, Alphabet, NVIDIA and DXC",Yahoo,https://finnhub.io/api/news?id=1443e54e63f89c81dea805d9ed780ac0b1dca00c1b9c2b69fd934aa0e0353ccf,0.0,1.0,0.0,0.0,2025-04-15
2025-04-15 11:08:00,"The Zacks Analyst Blog Apple, NVIDIA, Advanced Micro Devices, Amazon.com and Alphabet",Yahoo,https://finnhub.io/api/news?id=8c236864dbe4481c4d73e4a7181052227c01fcd634e1292a9510e0d16fe16529,0.0,0.857,0.143,0.4588,2025-04-15
2025-04-15 10:54:00,Stock Markets Have Weathered the Trump Tariffs Storm. Don’t Be Fooled by a Lull and 4 Other Things to Know Today.,Yahoo,https://finnhub.io/api/news?id=898a0dc8698bde554f15ad6b1eaae0c1bbee73dfa7bd6cbd26077b405a501451,0.057,0.87,0.074,-0.0516,2025-04-15
2025-04-15 10:30:00,"Got $1,000? Here Are 2 Fantastic Stocks to Buy Right Now.",Yahoo,https://finnhub.io/api/news?id=f520703a338acc67e833963ba8b6d30ad837816eeea9cdc521185051c457d465,0.0,0.865,0.135,0.872,2025-04-15
2025-04-15 10:06:00,AMD to Make Chips at U.S. Site with TSMC. It’s the Latest Stock to Rev Up U.S. Manufacturing.,MarketWatch,https://finnhub.io/api/news?id=2dd4d5e8bc0dd367a99663897c4122b00b4a821e5b299165d41fa9202c04257e,0.0,1.0,0.0,0.0,2025-04-15
2025-04-15 10:00:42,The trade war uncovers new economies of scale: Morning Brief,Yahoo,https://finnhub.io/api/news?id=374445ee062228384d1d92bb71e564d467e9057aedaad22854d03186dbb43e9f,0.125,0.717,0.157,0.3071,2025-04-15
2025-04-15 10:00:00,Large cryptocurrencies mixed as Avalanche drops,MarketWatch,https://finnhub.io/api/news?id=1b203b058236e83f80b68b6b2ab4a4ea3652c65d08c3c496569514c1d14b3c0a,0.0,1.0,0.0,0.0,2025-04-15
2025-04-15 09:57:56,Intel: Overblown Optimism Meets Stark Reality,Yahoo,https://finnhub.io/api/news?id=578cceb996d63406ee7a87daaf246d955eed25bc8a83f4a45e3b1ef7e063ae62,0.0,0.844,0.156,0.5423,2025-04-15
2025-04-15 09:55:07,Telus Lays Out Plans for Two New AI Hubs in Canada,Finnhub,https://finnhub.io/api/news?id=c7415239405b90c62e1e3fb4e2c04484cbadf3376104b500200f3a1afada5eb0,0.0,0.941,0.059,0.3182,2025-04-15
2025-04-15 09:52:38,Dow Jones Rises After Key Economic Data; Bank Of America Jumps On Earnings,DowJones,https://finnhub.io/api/news?id=56a1fedcaaeb9b6aaeacf23b468243d05dc15d4248834c35b5e861a63b4f8e9f,0.0,1.0,0.0,0.0,2025-04-15
2025-04-15 09:36:50,Nvidia's Biggest Headache Comes In 30 Days,SeekingAlpha,https://finnhub.io/api/news?id=94c62c10c207975e78971c5db6e81ceacb474fbb35d1ec6c65bad561efb33e2f,0.076,0.924,0.0,-0.34,2025-04-15
2025-04-15 09:34:00,1 Spectacular Vanguard ETF to Buy With $550 During the Tech Bear Market,Yahoo,https://finnhub.io/api/news?id=f64391b6ac59575a90d565323048f0d566f2e36f9a4ffee3cb80b9a381eba1c6,0.093,0.874,0.033,-0.5267,2025-04-15
2025-04-15 09:20:45,"Top 10 Trending Stocks On WallStreetBets As Of April 15, 2025 (Via Swaggy Stocks)",Benzinga,https://finnhub.io/api/news?id=5a0cd5dd669486978204928597b9901e136de5dec36601eb19946ff63006a908,0.0,0.899,0.101,0.2023,2025-04-15
2025-04-15 08:39:56,Trump Hypes $500 Billion NVIDIA Investment In US AI Supercomputers: 'Golden Age Of America' Begins,Benzinga,https://finnhub.io/api/news?id=0cf51450a2208e6023eb77c0be30efe60c05345a6b502684971a0482a4fb6e53,0.0,1.0,0.0,0.0,2025-04-15
2025-04-15 06:33:44,Apple and Nvidia 'begin to make technical progress off the lows' - Fundstrat's Newton,MarketWatch,https://finnhub.io/api/news?id=18faea2d0ae1e0d25d8ba27d5c55b199809b47bd970500ef1ba77ba09ba3c52d,0.108,0.723,0.169,0.4588,2025-04-15
2025-04-14 23:14:00,Nvidia’s Made-in-the-U.S.A. Move Follows a Familiar Trump Pattern,Yahoo,https://finnhub.io/api/news?id=884be02094d3e55dd77185c6464f70c2a27e6d2a35bed75c78c5db6b64200325,0.0,0.914,0.086,0.8555,2025-04-15
2025-04-14 22:31:37,Apple and other tech stocks rebound after Trump offers more tariffs guidance,Yahoo,https://finnhub.io/api/news?id=2f2415079722914820f11f2c6a58dde9f5ab7692fa49724dc542841eac05c0bd,0.0,0.938,0.062,0.3612,2025-04-15
2025-04-14 21:45:15,Nvidia (NVDA) Stock Slides as Market Rises: Facts to Know Before You Trade,Yahoo,https://finnhub.io/api/news?id=018f48bd9ee01006381d1d76fe1a8e0bf64549d4176ee10e3ba38294d954a125,0.0,1.0,0.0,0.0,2025-04-15
2025-04-14 21:36:30,"Dow Jones Futures Fall: Trump Tariffs Spark Stock Market Rally; Netflix, Palantir, Spotify Lead Best Stocks To Watch",DowJones,https://finnhub.io/api/news?id=4280ef6ad3db79c06c719557dac69cc53158aacf5281787cc29b139eaa8261cf,0.0,0.724,0.276,0.9042,2025-04-15
2025-04-14 21:01:43,"34-Year-Old Making $3,400 a Month in Dividends Shares His Top 7 Stocks — 'Be Lucky and Save Relentlessly'",Benzinga,https://finnhub.io/api/news?id=58f5cf98e2c207585b93b24789040e12a0ceaaa816816457a46a3748ea689028,0.0,0.583,0.417,0.8402,2025-04-15
2025-04-14 20:40:33,Nvidia to Fully Build Supercomputers in the US,Yahoo,https://finnhub.io/api/news?id=5607f77d9feda5367507cb41d4bae8a68072b087a94647b60d7a95ca6dc4ac45,0.0,0.967,0.033,0.2263,2025-04-15
2025-04-14 20:35:00,Trump Claims Tariffs Responsible for Nvidia U.S. Manufacturing Announcement,Yahoo,https://finnhub.io/api/news?id=2d53dca9aa3f2dfd4aaeee00468cfb7a1ac5bc3bbc717229730e01a34c3c82db,0.0,0.935,0.065,0.3182,2025-04-15
2025-04-14 20:25:57,Why Nvidia's $500B AI build-out may not be 'smooth sailing',Yahoo,https://finnhub.io/api/news?id=eb40e8919a936110745163145519981a9cbc3b2e8089ab11eb035b261a7a243c,0.042,0.911,0.047,0.3362,2025-04-15
2025-04-14 20:16:00,"These Stocks Moved the Most Today: Apple, Dell, Nvidia, Tesla, Goldman, Intel, Palantir, GM, Ford, and More",Yahoo,https://finnhub.io/api/news?id=0da0c8b19b3ea17de4bb45e4209ca8ea151d62d39f6b6e0099cacdbed4c3d908,0.0,0.913,0.087,0.6764,2025-04-15
2025-04-14 20:02:02,Sector Update: Tech Stocks Gain Late Afternoon,Yahoo,https://finnhub.io/api/news?id=214a1e419b90669ac5b7b4239b8c98701743b1d207bfd2a19cd2f548a4753ed5,0.0,0.866,0.134,0.5267,2025-04-15
2025-04-14 19:28:16,Jim Cramer Urges NVIDIA (NVDA) Holders: “Don’t Be Shaken Out by Wall Street”,Yahoo,https://finnhub.io/api/news?id=056a1fc0c67308a2164980c880e7ade6d1689213ac70ba50ead95d8959c9f4c8,0.018,0.982,0.0,-0.0772,2025-04-15
2025-04-14 19:00:25,Report: Alphabet and Nvidia Bet Big on OpenAI Co-Founder's New AI Startup Valued at $32 Billion,Yahoo,https://finnhub.io/api/news?id=7748fcb914c9499bdbbf4efb8dd1cc1954ed669c9627262ca5e9303f4fdb30a3,0.0,0.838,0.162,0.7003,2025-04-15
2025-04-14 19:00:00,"Which Mag-7 Stock, Apple or NVIDIA, Should You Buy for Tariff Relief?",Yahoo,https://finnhub.io/api/news?id=995eb28760f64f9f292268bbc4775b03df31ed558b14724270a0847e7b008e5e,0.053,0.747,0.2,0.7269,2025-04-15
2025-04-14 19:00:00,ServiceNow Dips 26% Year to Date: Hold or Fold the NOW Stock?,Yahoo,https://finnhub.io/api/news?id=7434e06878156150ef70634cff5c27d3975afc007fccdf97ea141acaa26b903d,0.205,0.713,0.083,-0.6488,2025-04-15
2025-04-14 18:30:37,Nvidia Unveils Plan to Build Next-Gen AI Supercomputers Entirely on U.S. Soil,Yahoo,https://finnhub.io/api/news?id=191d756277ad7e6dc789991515180979f5f47a212a7882ed926d37f892699e06,0.0,0.871,0.129,0.4767,2025-04-15
2025-04-14 18:06:54,Sector Update: Tech Stocks Higher Monday Afternoon,Yahoo,https://finnhub.io/api/news?id=f4bac16c5b50d0a5f192f9bf74ab8e0c507f5707c3de8bab0694f2c4017b421c,0.0,1.0,0.0,0.0,2025-04-15
2025-04-25 21:00:00,Could Nvidia's Sales Drop 30% due to a Trade War Between the U.S. and China?,Yahoo,https://finnhub.io/api/news?id=ddbad1ef1f1de9a8cb84c9de5706eb63d02d85c2858029a68d81026d099f69d1,0.177,0.794,0.029,-0.9022,2025-04-28
2025-04-25 20:34:34,Is NVIDIA Corporation (NVDA) the Best Stock to Invest in for Long Term?,Yahoo,https://finnhub.io/api/news?id=5afbb72888837aff8053834034cf755adc5f31d7c2933417ef5ddca443ff492e,0.0,0.84,0.16,0.9274,2025-04-28
2025-04-25 20:32:42,"Stock Market Today: Nasdaq Jumps, Dow Jones Flat To End A Big Week; Apple Makes Huge Plan Amid Trump Tariff Threat (Live Coverage)",Yahoo,https://finnhub.io/api/news?id=de632ba0b1a328a8b2ee7361a74b94db9762414ac644d8544f002c6c4bb47d15,0.065,0.845,0.09,0.0772,2025-04-28
2025-04-25 20:00:00,"Pope Francis Modernized the Vatican’s Investment Program, With Some Caveats",MarketWatch,https://finnhub.io/api/news?id=6878dd29b7579adb0bff94026392dee3d2a5be1f4de3d1a3f76284f9af1a1883,0.0,1.0,0.0,0.0,2025-04-28
2025-04-25 19:43:18,Nvidia Stock Jumped Another 5% Today. Does It Have More Room to Run?,Yahoo,https://finnhub.io/api/news?id=5f45b608a90814e10faf875b446ee808c36c6bd546f40f8a8d0fee21c6660931,0.1,0.829,0.071,-0.1108,2025-04-28
2025-04-25 19:03:55,"Why a Cautious, Longtime Investor Is Rather Bullish on NVDA",Yahoo,https://finnhub.io/api/news?id=c1f622004a02067f3b19e9c82fe3d234ad84e13da9bfc422e432f58493f5bc35,0.041,0.912,0.048,0.3612,2025-04-28
2025-04-25 14:45:42,Stock Market Today: Dow Jones Dips With Trump Tariff Headlines In Focus; Google Spikes On Earnings,Yahoo,https://finnhub.io/api/news?id=2534f57b8ed734f1fff09a4299ce2ed95ae129351dafd81cbd4bd17ed22ca10c,0.056,0.884,0.061,0.0516,2025-04-25
2025-04-25 17:26:15,Construction Stock Argan Builds New Base; Nears Entry As Profits Surge 196%,Yahoo,https://finnhub.io/api/news?id=c9cb615dbd0f58aa41ed8e370f6d421a33a3cf6f466c4f55fd5d1eb20b9182c1,0.037,0.686,0.277,0.8689,2025-04-28
2025-04-25 16:30:50,"If You Invested $10K In Nvidia Stock 10 Years Ago, How Much Would You Have Now?",Yahoo,https://finnhub.io/api/news?id=14ceb5c395af3e3ce812c29c465aea32825eb4922c3b44ed7197ad53a5ee35ad,0.0,0.939,0.061,0.4486,2025-04-28
2025-04-25 16:08:25,QQQ: Nasdaq 100 Is Still A Bubble - Sell,SeekingAlpha,https://finnhub.io/api/news?id=de978dde57dbc9260845d12f628076cf2a8ee1cb666566f0d37da0c7d08fb874,0.0,1.0,0.0,0.0,2025-04-28
2025-04-25 16:00:32,Wall Street Shuffle: Game On For Nvidia And Tesla — And Game Over For These Stocks?,DowJones,https://finnhub.io/api/news?id=31511f34c2a18d4c324707a6aace106f74014164897d191b3d58b858818e0caa,0.0,1.0,0.0,0.0,2025-04-28
2025-04-25 15:59:36,Intel: Credit Likely To Be Junk Within Five Quarters,SeekingAlpha,https://finnhub.io/api/news?id=9fc5a99153830e1458787e812cc45ace7c398249c7fcbf4c6b7f89644f64aadd,0.0,0.957,0.043,0.2023,2025-04-25
2025-04-25 15:58:55,"Former Cisco CEO John Chambers on tariffs: Yes, Apple can make iPhones in the US",Yahoo,https://finnhub.io/api/news?id=6f56b00bde9aee51d162b2b4c78bec8f3d27d996a7e4c1a8d01f29fe913c828a,0.0,0.836,0.164,0.6486,2025-04-25
2025-04-25 15:42:43,Nvidia Shares Climb After Morgan Stanley Hikes 2027 Forecast on Soaring AI Demand,Yahoo,https://finnhub.io/api/news?id=91c1549a8d69a20250d5ddcf82585668a95ca056bd93b71f2d9fdcce96ab8b90,0.108,0.803,0.088,0.128,2025-04-25
2025-04-25 15:40:11,Intel Shifts to In-House AI Development Amid Competitive Pressure from Nvidia and Cloud Giants,Yahoo,https://finnhub.io/api/news?id=dab02254af5428b3c04cecbfaaf1e37e73ca36f902738673586ae3d61ed9bfcc,0.072,0.782,0.147,0.3182,2025-04-25
2025-04-25 15:17:10,"Forget Nvidia, ETFs Are Quietly Piling Into AMD — Do They Know Something We Don't?",Benzinga,https://finnhub.io/api/news?id=76ebe0fd1dfc6dabd0017212d2a61d676d79dc43e71e00a9301b82220cc81172,0.066,0.934,0.0,-0.2263,2025-04-25
2025-04-25 14:57:48,Nvidia Gets Forecast Upgrade as AI Inference Demand Surges Globally,Yahoo,https://finnhub.io/api/news?id=dfa060702b22face0d8faca0bf9b2d289d0ff79d6f14f72079ba86e518a60b37,0.101,0.842,0.057,-0.0772,2025-04-25
2025-04-25 14:43:00,Nvidia Stock Rises. What Alphabet and Intel Earnings Mean for the Chip Maker.,Yahoo,https://finnhub.io/api/news?id=1b9434aea3ab2cb5f05bfc3492bdefe69aa93b1d429bae3681a0346bf791a2c5,0.075,0.925,0.0,-0.3612,2025-04-25
2025-04-25 14:39:22,Big Tech ETF rallies Friday to accelerate strong weekly advance,MarketWatch,https://finnhub.io/api/news?id=2ae32e98caa83db2ae8cf7dc39c1b04b7c3ef61f7d23f56ad16f1c7be6a8371e,0.0,0.732,0.268,0.765,2025-04-25
2025-04-25 13:58:00,"This common worry about Nvidia is ‘laughable,’ Morgan Stanley says",MarketWatch,https://finnhub.io/api/news?id=f746630bb09b17b62620c0b8bff08eb154b83a2abba59015b84239a6b47f5bd0,0.244,0.756,0.0,-0.7003,2025-04-25
2025-04-25 13:45:00,Meet the Latest Supercharged AI Stock I Bought During the Stock Market Downturn,Yahoo,https://finnhub.io/api/news?id=925bd11bf6803bf811aa9fd99e9dff0731bbf96dc6e6a853374b59658742ba5a,0.059,0.893,0.048,0.0498,2025-04-25
2025-04-25 13:10:27,"Nvidia (NVDA) Will Benefit From Resolution of Trade War in the Medium Term, Veteran Analyst Says",Yahoo,https://finnhub.io/api/news?id=7aa7c61c95cc81f435ab27bdd6f346fb8d3da581f3649592443eb2cbe6a5974b,0.123,0.758,0.119,-0.3182,2025-04-25
2025-04-25 12:57:00,Super Micro Stock Gets a ‘Neutral’ Rating. Why Competition Is a Worry.,MarketWatch,https://finnhub.io/api/news?id=d4e7a72ea6b95a0564e68563a6880e4eeb7d07e90a9790b1b4f53eacffcdf11f,0.173,0.595,0.232,0.4588,2025-04-25
2025-04-25 12:40:20,"You Might Not See Waymo Coming, But I Do: Maintaining Alphabet With A Buy",SeekingAlpha,https://finnhub.io/api/news?id=e0c0f39e2de301120cea24203342bc8feb29697141e1e8afdc14721defb17643,0.0,0.922,0.078,0.5267,2025-04-25
2025-04-25 12:09:54,Alphabet: Cloud And Waymo Ready To Take Up The Growth Baton,SeekingAlpha,https://finnhub.io/api/news?id=59f62e449eff9069a049be4f5f4722e1e38e90df1c95bcfb8e4718c2b862152f,0.03,0.71,0.26,0.8548,2025-04-25
2025-04-25 12:00:00,2 Top Stocks You Can Buy Now With $500,Yahoo,https://finnhub.io/api/news?id=635bcc251cb923a2d77e049731c8895ea258d85ebc98e29b68a036954e1993ea,0.04,0.852,0.108,0.4588,2025-04-25
2025-04-25 11:45:00,Elon Musk Thinks Tesla Will Become the World's Most Valuable Company. Here's Why Its Stock Could Decline by 50% (or More) Instead,Yahoo,https://finnhub.io/api/news?id=0a55ea5dccec377fd567b51502f1e22131f5f91ec671a92b0741ff5a22550469,0.0,0.803,0.197,0.9686,2025-04-25
2025-04-25 11:42:00,Trump Tariffs Are Creating Chaos. Barry Ritholtz Says It’s Time to Embrace Your Inner Mr. Spock.,MarketWatch,https://finnhub.io/api/news?id=2b0ee4760c5a890788846564057b7e7dbfbfe36401d17bd792d4a9e119f770c6,0.175,0.613,0.212,-0.1027,2025-04-25
2025-04-25 11:37:34,AI Chips Today - Cerence AI Revolutionizing Automotive Interaction With New Partnership,Yahoo,https://finnhub.io/api/news?id=ea3e7a4f2f732dd60322ae22695ecfbcf43bd8f6e9c5c8475b87eddd3510fd29,0.0,0.836,0.164,0.9022,2025-04-25
2025-04-25 11:35:16,Mar Vista’s U.S. Quality Strategy Established a Position in NVIDIA (NVDA) Following a Pullback,Yahoo,https://finnhub.io/api/news?id=88ad9334d8e7a34f0508975f77c8a33ce55e37c040cbfb30bae3ecb470f373f8,0.16,0.84,0.0,-0.9153,2025-04-25
2025-04-25 11:15:00,NZS Capital Q1 2025 Shareholder Letter,SeekingAlpha,https://finnhub.io/api/news?id=68f36eaddc50cc61ff2ce3f56aa5bbee4e0e320d99f1b0ce1a1c9e28ff841989,0.104,0.808,0.088,-0.128,2025-04-25
2025-04-25 11:03:21,Are Magnificent 7 stocks still worth the hype? Here's how readers voted,Yahoo,https://finnhub.io/api/news?id=79d7138a0013bbcc374ff9cd6c2492b1978fc3c194c8ac0bad241c51d2c32361,0.0,0.672,0.328,0.9042,2025-04-25
2025-04-25 11:00:00,2 Unstoppable Stocks Destined to Achieve a $1 Trillion Valuation,Yahoo,https://finnhub.io/api/news?id=b28ca2be17cc692f2a858eac8a3db366f8fbd247a18e71b321f70d2e4c83804e,0.046,0.874,0.08,0.4939,2025-04-25
2025-04-25 10:54:32,"S&P 500, Magnificent 7 Hit Resistance: Analyst Warns Of More Pain Before Gain",Benzinga,https://finnhub.io/api/news?id=13d9b9b863c6aad0849d6277e03f3275d5670934a165915292b858f8ff76aa19,0.173,0.62,0.207,0.3758,2025-04-25
2025-04-25 10:43:53,Nvidia: AI Floodgates Are About To Open,SeekingAlpha,https://finnhub.io/api/news?id=178835a8dc0d2c107bb197e9698ea17de36182f6ffadd24a9a99e975264b542b,0.046,0.954,0.0,-0.128,2025-04-25
2025-04-25 10:20:00,President Donald Trump Just Dealt a Jarring Blow to Nvidia. Can the Artificial Intelligence (AI) Chip King Recover and Reclaim Its Previous Highs?,Yahoo,https://finnhub.io/api/news?id=8f1da85a0d73c60d862db322f7d070a9334663fbe28aedce1855988b4e0f1ea6,0.093,0.834,0.073,-0.4754,2025-04-25
2025-04-25 10:00:00,Large cryptocurrencies mixed as Tronix falls,MarketWatch,https://finnhub.io/api/news?id=1f82513718e5e03bc09aa1ac82945612591d877ebc4cb9b4a176122b6e3fd962,0.0,1.0,0.0,0.0,2025-04-25
2025-04-25 09:50:38,Nvidia's Stock Is Trading As If It's 2022 Again,SeekingAlpha,https://finnhub.io/api/news?id=be9af401b7b0ed4f331f30d45dfa47ec78ff8ca413cfc44eb606a05bfe3092f6,0.0,0.918,0.082,0.3818,2025-04-25
2025-04-25 08:20:10,Dow Jones Futures Fall Ahead Of Inflation Survey; Google Surges On Earnings,DowJones,https://finnhub.io/api/news?id=9d262246bc78d4d114890e2a719ec7f8a5f2b4f774a81a18b27f21c14fd38fd2,0.0,1.0,0.0,0.0,2025-04-25
2025-04-25 09:30:00,IBM Is Back. Now It Must Prove Its Mettle in AI.,Yahoo,https://finnhub.io/api/news?id=85d224251c98e316a4c3e08eb2fb93d6ff71ff82362cb86aa12ef34bac95c1b2,0.0,0.948,0.052,0.2144,2025-04-25
2025-04-25 08:57:00,2 Vanguard ETFs That Have Crushed the Market This Year,Yahoo,https://finnhub.io/api/news?id=1e8398c2e449b32b56b8b00c7639a9f54a7df41bf9efe43f90f554e6f074ca56,0.056,0.802,0.141,0.7584,2025-04-25
2025-04-25 08:44:00,Wall Street Is Screaming to Buy Nvidia Stock Hand Over Fist Right Now. Should You Listen?,Yahoo,https://finnhub.io/api/news?id=b2c630fcabacc04ee933e8f042609f8760ba6384aa6fa9d4d050bd7fa32778cd,0.035,0.831,0.134,0.7351,2025-04-25
2025-04-25 08:14:18,Sentiment Fissures In the Semiconductor Space Put Spotlight On Direxion's AMD-Focused Bull And Bear Funds,Benzinga,https://finnhub.io/api/news?id=841ecb798fddc06482b3645c7f33b6ec71e626de70e20484d3445438f2e065c9,0.0,1.0,0.0,0.0,2025-04-25
2025-04-25 07:45:00,"Tesla Stock vs. Nvidia Stock: The Best Buy Right Now, According to Wall Street",Yahoo,https://finnhub.io/api/news?id=bbc8ab7d14f915ce28c9de4ebe8fd332cd1042309686d9f5510f4b7c7a50c53f,0.03,0.834,0.136,0.8519,2025-04-25
2025-04-25 07:15:00,1 Wall Street Analyst Thinks Nvidia Stock Is Going to $150. Is It a Buy?,Yahoo,https://finnhub.io/api/news?id=3add79199b30766253db447c5389364162277486d280b9ec37e19fbc6e5c26b9,0.0,0.893,0.107,0.8334,2025-04-25
2025-04-25 06:30:36,"NVDY: The Market Has Changed, So Has My Opinion (Upgrade)",SeekingAlpha,https://finnhub.io/api/news?id=76493291c5824a9a82ea54bcd047e71795027a840eb96b5b2cd54a80228aa6b5,0.0,0.896,0.104,0.5927,2025-04-25
2025-04-25 05:54:23,China's Momenta Not Worried About US Chip Curb,Finnhub,https://finnhub.io/api/news?id=62c421180f1be74acc4e2e0dc8af71f8de8d187f6c2d7ae609035493333507ad,0.0,0.894,0.106,0.4168,2025-04-25
2025-04-25 05:38:00,Intel Layoffs Can’t Solve the Chip Maker’s Issues. Why Wall Street Is Wary of the Stock.,MarketWatch,https://finnhub.io/api/news?id=1452c10548e89a3546dd10b11d5d4ef87b11a3b70b622581a2ac715cd753ebc9,0.0,0.893,0.107,0.3818,2025-04-25
2025-04-25 03:35:21,"Jim Cramer Stays Bullish On Data Centers, Says If Trump Tariffs Eases, These AI Stocks 'Will Fly Again' Despite Wall Street Doubts",Benzinga,https://finnhub.io/api/news?id=c7cb0fd5b55d8b910b478b00574b17d00675772db9f62e49ad8d6da0e8af57d5,0.127,0.675,0.198,0.5248,2025-04-25
2025-04-25 00:17:45,"Analysis-After years of failed AI deals, Intel plans homegrown challenge to Nvidia",Yahoo,https://finnhub.io/api/news?id=a5283e9598c6b6dda82269769a36ff34425780ada41574765860a7721158aa61,0.066,0.86,0.073,-0.3182,2025-04-25
2025-04-24 22:09:00,"Intel Cuts Outlook, Says Layoffs Are in Store",Yahoo,https://finnhub.io/api/news?id=4521d5695b238086f291eb4f914ad02a6481fcb6a76c971ae94a5e01b4df8573,0.071,0.877,0.052,-0.1531,2025-04-25
2025-04-24 21:33:20,Is NVIDIA Corporation (NVDA) the Best Aggressive Growth Stock to Buy Now?,Yahoo,https://finnhub.io/api/news?id=5810ead1b3c2ce6aa3cc833cfa5d6071eb1061c3e055ab9a7c3433d1eb05070e,0.057,0.706,0.237,0.9517,2025-04-25
2025-04-24 20:57:17,"Nvidia Supplier SK hynix Rides AI Boom With Big Q1, Steady HBM Outlook",Yahoo,https://finnhub.io/api/news?id=832bc7fc3d75ada9f77a59d6be3f55441ec72dc0840eee7cd98b20893d1d0a5e,0.0,0.773,0.227,0.7867,2025-04-25
2025-04-24 20:18:42,"Tech stocks climb as Nvidia, Amazon reject claims of AI buildout slowdown",Yahoo,https://finnhub.io/api/news?id=7c2590587d46482f693bea6e76e41c19db66acc9bda154678f4f4deae6f768df,0.051,0.796,0.153,0.8176,2025-04-25
2025-04-24 20:11:00,Why Broadcom Stock Soared Today,Yahoo,https://finnhub.io/api/news?id=855637b07d25ecbf13bd7e660af956807b11b104d2d8c305b640c4c74abd0665,0.021,0.788,0.191,0.9153,2025-04-25
2025-04-24 18:30:58,"Alphabet Q1: Excellent Results, Strong Buy",SeekingAlpha,https://finnhub.io/api/news?id=229d1d725304464ee91e001d72aa0bf68684a1470ce075265821204aed7989b6,0.0,0.711,0.289,0.8957,2025-04-25
2025-04-24 17:43:53,NVIDIA (NasdaqGS:NVDA) Powers Cerence's Next-Gen Automotive AI with MediaTek Partnership,Yahoo,https://finnhub.io/api/news?id=0955a3fa77d2da3b23f62c50d251289124f6ca380bb774597cd10f89f2e1e291,0.0,0.825,0.175,0.9337,2025-04-25
2025-04-24 16:44:28,Josh Brown Explains Long-Term Threats to Nvidia (NVDA),Yahoo,https://finnhub.io/api/news?id=7fb994a79567ef2af4c32e296992d349b46422d0d9a4f68487e811224fc85e1b,0.043,0.957,0.0,-0.4215,2025-04-25
2025-04-24 16:39:46,Hold Your Horses On Nvidia: Why Long-Term Risks Temper The AI Euphoria,SeekingAlpha,https://finnhub.io/api/news?id=22e234df0fa0da0439e248f3d4d9b3e9051a5f172c96afc9fdb6473ba50bcbfe,0.159,0.683,0.157,0.2263,2025-04-25
2025-04-24 16:31:59,Dean of Valuation Damodaran on CoreWeave (CRWV): ‘Buzzwords’ AI and Nvidia ‘Aren’t Working Anymore’,Yahoo,https://finnhub.io/api/news?id=6d4aef18ee4760b12e0dd7bab4f91263f3ea9d1b79b22a0f91b091c699f4b5e6,0.0,1.0,0.0,0.0,2025-04-25
2025-04-24 16:07:00,This veteran investor is known for spotting winning stocks. Here’s why he’s all-in on Nvidia and Eli Lilly.,MarketWatch,https://finnhub.io/api/news?id=d16ac7bae85c2258f323ffcd267ce17c0ee13084fddf9b475b73a1a0db63fd51,0.0,0.833,0.167,0.7783,2025-04-25
2025-04-24 15:34:00,Should You Forget Nvidia and Buy These 2 Millionaire-Maker AI Stocks Instead?,Yahoo,https://finnhub.io/api/news?id=1fad4a8b672f16522884808c3ce0088243d040d3c28a4a56807f145fd0adde6a,0.056,0.817,0.128,0.7184,2025-04-24
2025-04-24 15:25:00,Nvidia Stock Climbs. It’s Headed for Its 3rd Straight Day of Gains.,Yahoo,https://finnhub.io/api/news?id=da6ddd134387a6ab92e76b55136d65d72525eb39da365d250f89a9239d9de3b7,0.109,0.798,0.093,-0.3716,2025-04-24
2025-04-24 14:42:00,"Salesforce, Caterpillar share gains lead Dow's 480-point rally",MarketWatch,https://finnhub.io/api/news?id=c2bdec0145e581d759429f17a85688a0a63a304bf369d3ac0ed487c559eefd94,0.0,0.566,0.434,0.802,2025-04-24
2025-04-24 14:33:00,Nvidia could see an unexpected benefit from the trade war,Yahoo,https://finnhub.io/api/news?id=8b732f38658ba3b95b03ba9e323e4ba25cb3cb2035f69332a21d4e203c1d5050,0.187,0.707,0.106,-0.3182,2025-04-24
2025-04-24 14:20:00,Wall Street Lunch: Tesla The Story Of The Week,SeekingAlpha,https://finnhub.io/api/news?id=4b93bfc70a7f64e577e22c6a90067f6ad49e3daf2af387fb472f0033958bdc85,0.231,0.769,0.0,-0.6249,2025-04-24
2025-04-24 14:16:15,"A16z Unleashes $20 Billion AI Fund Fueled By 20,000 Nvidia GPUs As Marc Andreessen Bets Big On The Next Tech Superstars",Yahoo,https://finnhub.io/api/news?id=146007b896df9269d0b5f3c53478736d39687cf7615d1bc1278abadcce233011,0.0,0.907,0.093,0.8402,2025-04-24
2025-04-24 14:05:22,Nvidia Heads Higher But Watch Out For This Retest; Is Nvidia A Buy Now?,Yahoo,https://finnhub.io/api/news?id=2b9743c61b0e3b103aded493a4fde55fe31529bbdd07b2ebd54146b993f512e5,0.038,0.854,0.108,0.7827,2025-04-24
2025-04-24 14:04:13,NVIDIA Corporation (NVDA): Among Louis Navellier’s Stock Picks with Huge Upside Potential,Yahoo,https://finnhub.io/api/news?id=c07a58e7237d01eab955ac69c06ee0cf832853fafd608236d1800b5a44a984e8,0.0,0.905,0.095,0.7096,2025-04-24
2025-04-24 13:48:24,"Shares of semiconductor companies are trading higher amid overall market strength due to March's strong durable goods orders economic data, and President Trump's announcement that he met with China earlier today.",Benzinga,https://finnhub.io/api/news?id=29c535c19917e6611456b55128854f776025392433d7a47ba7d0d81e990d2404,0.0,0.763,0.237,0.8271,2025-04-24
2025-04-24 13:45:00,Is IonQ Stock a Buy?,Yahoo,https://finnhub.io/api/news?id=6f897a76e0f2ed40f573e7d00138ce2008996ca7805f2001c86303ad0b49e0fd,0.0,0.961,0.039,0.34,2025-04-24
2025-04-24 12:34:00,"Zacks Investment Ideas feature highlights: Alphabet, NVIDIA and CrowdStrike",Yahoo,https://finnhub.io/api/news?id=51e7ed88aa0713ff69095f09b342a129bea9b16e5a312123e563bda3e622fc79,0.0,1.0,0.0,0.0,2025-04-24
2025-04-24 12:30:00,"Dow's 379-point rally highlighted by gains for Salesforce, Caterpillar shares",MarketWatch,https://finnhub.io/api/news?id=6c4592a229ba8bb6b141b0a1a7415df6b386470b3bb53cd695a0b64d7a38b376,0.0,0.635,0.365,0.802,2025-04-24
2025-04-24 11:52:04,Norway’s $1.7 Trillion Fund to Keep Buying US Stocks After Loss,Yahoo,https://finnhub.io/api/news?id=4104962883d5f139a085db121ee7d9d507a6b54ffe930322bf8185f7774c26a3,0.091,0.798,0.111,0.4767,2025-04-24
2025-04-24 11:51:00,Nvidia Stock Drops. What’s Behind the Weakness.,Yahoo,https://finnhub.io/api/news?id=617396912cc7fb1630a8a1e40e785b0e18a48f7c54eeb512fd8635b503ccb8ec,0.196,0.804,0.0,-0.6808,2025-04-24
2025-04-24 11:33:00,Prediction: The Trade Desk Will Beat the Market. Here's Why.,Yahoo,https://finnhub.io/api/news?id=1d3a4ca8e8152c364e6da70f972770ea40094c68062c2909569ae61f862fb9ff,0.0,0.934,0.066,0.2263,2025-04-24
2025-04-24 11:20:00,"Dow's 269-point rally highlighted by gains for Salesforce, Caterpillar stocks",MarketWatch,https://finnhub.io/api/news?id=c55f40e10a6b188de0f5f44a2929fd72b46fe9a272f9e38154898396abdda6d3,0.0,0.789,0.211,0.5859,2025-04-24
2025-04-24 11:15:00,Nasdaq Bear Market: Is AMD or Nvidia the Best Buy Now?,Yahoo,https://finnhub.io/api/news?id=c46e25889e3eccb5a7efb56949fbf271e06294024c064e8321d380527b59871f,0.0,0.771,0.229,0.9617,2025-04-24
2025-04-24 11:01:00,These Were the 3 Worst-Performing Stocks in the Dow Jones Industrial Average in March 2025,Yahoo,https://finnhub.io/api/news?id=6a76118fcca3b981412352099b092d058e8eef0ea7aa4af959dd6a110a671787,0.073,0.885,0.042,-0.34,2025-04-24
2025-04-24 11:00:27,Why Nvidia's Real Story Is Mispriced,SeekingAlpha,https://finnhub.io/api/news?id=b835518c57db5eed9f85330f566173cf86562477130edddea267a916a8bf9937,0.0,0.836,0.164,0.7096,2025-04-24
2025-04-24 10:59:58,Why the stock market's problem isn't only about tariffs,MarketWatch,https://finnhub.io/api/news?id=84732cbbdae77e080631addb6012bf00dd849a4d7ede172f6ceb442a0df1a4fb,0.252,0.748,0.0,-0.6597,2025-04-24
2025-04-24 10:59:00,"BAI: Not An Encouraging Start For An AI Portfolio, But Still Very Much A Buy",SeekingAlpha,https://finnhub.io/api/news?id=1fa787c77de64df920fd54a5dc06deb5c3002273bee8c94aa3c8cad72cddf3dd,0.097,0.79,0.113,0.193,2025-04-24
2025-04-24 10:50:00,Micron Stock Is Rising. How Earnings From a Rival Are Helping.,MarketWatch,https://finnhub.io/api/news?id=f3e032e4bf93e726236e3034f507e715cc6cbd657b43ab0ea6ae9d9d4bb4667f,0.0,0.82,0.18,0.5267,2025-04-24
2025-04-24 10:45:00,1 No-Brainer Vanguard ETF to Buy Right Now,Yahoo,https://finnhub.io/api/news?id=b8cf05e87481b50a5e829646d12c975052dc3aacbdd7957c2051d2f360c8b9dc,0.077,0.845,0.079,0.0433,2025-04-24
2025-04-24 10:19:00,"Dow's 100-point rally led by gains for Salesforce, Walt Disney stocks",MarketWatch,https://finnhub.io/api/news?id=64c5465169bc868b324be933780e086b19b297888b00295d3823c7a751490921,0.0,0.806,0.194,0.5859,2025-04-24
2025-04-24 10:16:39,Nvidia's Recent Troubles Should Be Absorbed By The Big Picture (Upgrade),SeekingAlpha,https://finnhub.io/api/news?id=b82f76171ee6c4749dbdb05e6b519f46d10551fd44675d5d9f4a35fcaa34c7a7,0.156,0.714,0.13,-0.0057,2025-04-24
2025-04-24 10:12:00,AWS Just Delivered Great News for Nvidia Shareholders,Yahoo,https://finnhub.io/api/news?id=483736b7f88767c5272b79b79e73aad02da4b823b95ad9133e7b7db979c9c4b0,0.08,0.86,0.06,-0.2973,2025-04-24
2025-04-24 10:10:00,"Microsoft Just Showed the Future of AI, and It's Great News for Intel and AMD",Yahoo,https://finnhub.io/api/news?id=9b4d41e27bfe41122c4fa5fb652a30b614a142d89f13c4542281e3b15a619947,0.014,0.849,0.137,0.9159,2025-04-24
2025-04-24 10:00:31,"NVDY: Lower Risk Option Than Nvidia, But Also Lower Returns",SeekingAlpha,https://finnhub.io/api/news?id=5e2ba951bd11963afd5ad3681536b1195ce33bfd14fe558ce4405aeba9fd8cf4,0.195,0.727,0.077,-0.4939,2025-04-24
2025-04-24 10:00:00,"Most big cryptocurrencies fall on Dogecoin, Ethereum drops",MarketWatch,https://finnhub.io/api/news?id=24be27b211080f992c993ec0fbad8ecc42850c577b3bac9f13f8f6be7187da62,0.0,1.0,0.0,0.0,2025-04-24
2025-04-24 09:55:55,AI Play Vertiv Soars On Strong Earnings,SeekingAlpha,https://finnhub.io/api/news?id=247dc2dc2b17180dbcaea27ad1de49c542f43dcbbc144a1b2a341edd197e4d73,0.037,0.65,0.312,0.875,2025-04-24
2025-04-24 09:54:34,"Dow Jones Falls On Trump Tariff News; Nvidia, Tesla Rally",DowJones,https://finnhub.io/api/news?id=24163b765220f961a0fa922a2ba9691b832c6b0bdc817e9139eb28c34a268cde,0.0,1.0,0.0,0.0,2025-04-24
2025-04-24 09:45:00,Aristotle Focus Growth Q1 2025 Commentary,SeekingAlpha,https://finnhub.io/api/news?id=caecf4cef5701c9a9b3d697e6917003e23a0ffa78a6367195aeb2a3738fd16f4,0.076,0.733,0.191,0.5719,2025-04-24
2025-04-24 09:36:52,"Intel Slashes Staff Ahead Of Q1 Earnings, ETFs Brace For Impact",Benzinga,https://finnhub.io/api/news?id=679fe8ef886397bd8842b39a9597b13491d70c111e1df635d7f776e5bc84f922,0.057,0.943,0.0,-0.2023,2025-04-24
2025-04-24 09:27:05,Concerns about AI spending by 'Magnificent Seven' aren't going away: DB,MarketWatch,https://finnhub.io/api/news?id=c0725b32b916049c36a72cbd8479b4e58337c353a9cacd57dc0072928a1131b2,0.0,0.719,0.281,0.8316,2025-04-24
2025-04-24 09:19:23,"VGT: In A Rut, Mixed Analysis, Hold Tight",SeekingAlpha,https://finnhub.io/api/news?id=d81d4cf8ac5359cc8fa754ee27aa5a2aba385a58d900e1da5c21a96ad22e01b9,0.0,0.907,0.093,0.5267,2025-04-24
2025-04-24 08:30:00,2 Hypergrowth Tech Stocks to Buy in 2025,Yahoo,https://finnhub.io/api/news?id=8af0d99e2162bd3003bec95218fdf0f43e5874533375d735d2220b781390cbbb,0.0,0.88,0.12,0.8126,2025-04-24
2025-04-24 08:27:58,Nvidia: Inevitable CapEx Pullback Has Started,SeekingAlpha,https://finnhub.io/api/news?id=5fb6178a4f5ac94a95d40d0bf4e0ac3c611571df8f6b30c8ad4ff76e89f635e9,0.0,0.873,0.127,0.4939,2025-04-24
2025-04-24 08:20:00,Tariff Turbulence: How Risky Are Tech Stocks Right Now?,Yahoo,https://finnhub.io/api/news?id=a9fd2b30212fdf03d73eea1a6fda9ac9fc7e1d0bb560694424aa588ab728cfb7,0.07,0.887,0.043,-0.128,2025-04-24
2025-04-24 08:02:00,"If You'd Invested $1,000 in Nvidia Stock 5 Years Ago, Here's How Much You'd Have Today",Yahoo,https://finnhub.io/api/news?id=1d10d4ee409ccfcadd3f21f635383af8ea1d3086dcc6b5c960638f3ccf85e79b,0.0,0.903,0.097,0.4767,2025-04-24
2025-04-24 07:45:00,Bretton Fund Q1 2025 Shareholder Letter,SeekingAlpha,https://finnhub.io/api/news?id=2079de071db92fc94f59e6053fc8386ab1061dbe81d02749e4abc22684808be7,0.0,1.0,0.0,0.0,2025-04-24
2025-04-24 07:14:00,The Next Big Theme: April 2025,SeekingAlpha,https://finnhub.io/api/news?id=f62ec3824aa9e0b4897a347c6347068843248641fbf613a186feef60edb40efe,0.046,0.859,0.095,0.3804,2025-04-24
2025-04-24 07:14:00,Inflection Points: Roll With The Changes,SeekingAlpha,https://finnhub.io/api/news?id=7dfafb52e05cf2ec561d83eff136438c4fcca4a11d43a8405c970ebd5a9a0960,0.0,1.0,0.0,0.0,2025-04-24
2025-04-24 06:50:46,"A Big No For NVDU, Use These Strategies On Nvidia Instead",SeekingAlpha,https://finnhub.io/api/news?id=d169aebd34571688b0946a125012023d146cebb23c4e82082e36edccdf476045,0.18,0.82,0.0,-0.296,2025-04-24
2025-04-24 06:23:25,Nvidia supplier SK Hynix warns of turbulence from US tariffs,Yahoo,https://finnhub.io/api/news?id=c7051b81be08813529fed00eb1ebb40f2f9c21640c55c541ba351f3c8adbfd81,0.087,0.787,0.126,0.5817,2025-04-24
2025-04-24 05:03:05,CoreWeave: IPO Stumble Out Of Nasdaq Rodeo Chute May Be An Opportunity,SeekingAlpha,https://finnhub.io/api/news?id=08b67765ea7ae30d8fc081c4c1507bfad81cde546bf6ecd7e35e950878873e4f,0.0,0.797,0.203,0.4215,2025-04-24
2025-04-24 01:40:30,TSMC’s Cutting-Edge A14 Chip Tech to Start Production in 2028,Yahoo,https://finnhub.io/api/news?id=b7295807c60c1e22595db733161b58bec5a551f0f04f6e7ec2a1dec70dd6c2fc,0.043,0.863,0.094,0.6908,2025-04-24
2025-04-24 00:49:04,"Jim Cramer Urges Caution on NVIDIA Corporation (NVDA): ‘Don’t Trade It, But Don’t Abandon It’",Yahoo,https://finnhub.io/api/news?id=d03cd9526a2f81a0b3774f02a16562836be193e17b67b81341509840ba70595f,0.052,0.948,0.0,-0.5927,2025-04-24
2025-04-24 00:41:06,Is NVIDIA Corporation (NVDA) the Best Nancy Pelosi Stock To Invest In Now?,Yahoo,https://finnhub.io/api/news?id=b76c47064a58c926bd05d870761954d2125572b8bb21c6619fc7dbe6c949f32a,0.0,0.84,0.16,0.9274,2025-04-24
2025-04-23 22:52:03,"Nvidia supplier SK Hynix logs bumper Q1, sees limited tariff impact on AI chips",Yahoo,https://finnhub.io/api/news?id=5ddcf882e8dc304b7a9a0c214d8493d557152c1eb0285331039db2d4d10c505a,0.075,0.851,0.074,0.2062,2025-04-24
2025-04-23 22:32:13,Why WeRide Stock Plummeted Today,Yahoo,https://finnhub.io/api/news?id=62030276ec8a73dc47d02ec3fb76cbfb61997e9b4361265ee79b573f758314a5,0.038,0.898,0.064,0.25,2025-04-24
2025-04-23 22:30:00,Prediction: 2 Artificial Intelligence (AI) Stocks That Could Be Worth More Than Nvidia by 2030,Yahoo,https://finnhub.io/api/news?id=68080f892c92c54de573fe23ede344d8142116e9c54b5a07b53c68b51020d62b,0.0,0.731,0.269,0.9509,2025-04-24
2025-04-23 22:00:00,3 Artificial Intelligence (AI) Stocks That Could Soar in the Second Half of 2025,Yahoo,https://finnhub.io/api/news?id=4df6b50651085430a29e511f68d694e596c233c0f97268bba71dfc27c3dc2575,0.063,0.808,0.129,0.6543,2025-04-24
2025-04-23 21:23:21,Cathie Wood Buys More NVIDIA And AMD Stock As Chinese Tech Giants Stockpile Chips Amid Looming US Export Curbs,Benzinga,https://finnhub.io/api/news?id=f8e3cbe58a8fb946a19176cb08336340a84f2189538647800a48855923e6393c,0.068,0.932,0.0,-0.25,2025-04-24
2025-04-23 21:00:36,Is NVIDIA (NVDA) Among the Best Guru Stocks to Buy According to Wall Street Analysts?,Yahoo,https://finnhub.io/api/news?id=ad2efc78251cef9d2c80e5bfb5336800e47d80aabff3005e4851e2a2b86836e9,0.041,0.825,0.134,0.8228,2025-04-24
2025-04-23 18:34:19,Ultimate Insider Marjorie Taylor Greene’s #3 Stock Pick: NVIDIA Corporation (NVDA),Yahoo,https://finnhub.io/api/news?id=a7b6568d05e50fafecb3a7c3c22e7591120b48d31936144abd3be35dd3e1a0e7,0.0,0.849,0.151,0.908,2025-04-24
2025-04-23 18:01:07,Nvidia CEO Jensen Huang Earns Praise From Former Intel CEO Pat Gelsinger: 'Run Hard To Stay In The Front',Yahoo,https://finnhub.io/api/news?id=f93037b2d2e99c31c8d4cc9f2514b7084a716ac085fd59a0dce0b70e5fbb7225,0.021,0.695,0.284,0.9571,2025-04-24
2025-04-23 17:17:27,"Big Tech relief rally, Intel's pre-earnings surge, OpenAI & Oklo",Yahoo,https://finnhub.io/api/news?id=0b47b391e414e1cade4cc87ea8a87cbafae79b00ac6ca2b9d0cf124e2405e815,0.021,0.922,0.057,0.5574,2025-04-24
2025-04-23 16:48:22,Nvidia Jumps As Trump Signals Lower China Tariff; Is Nvidia A Buy Now?,Yahoo,https://finnhub.io/api/news?id=ecd4bfc0ec25da72ed25c30a5aa1981e162c8414c90cb2ecaf0ab7c2c38bece0,0.07,0.887,0.043,-0.2389,2025-04-24
2025-04-23 16:41:43,"AI Data Center Momentum Remains Strong, Vertiv Says",DowJones,https://finnhub.io/api/news?id=224093560151aca9fbac68dd4ac55c42d4c389dae4647d734004115b0e43559b,0.0,0.68,0.32,0.765,2025-04-24
2025-04-23 16:39:22,Why Two CNBC Panelists Were Very Bearish on Nvidia (NVDA) Stock,Yahoo,https://finnhub.io/api/news?id=eb6224c9fff6321a8bfd1cb5b8b8aa64527c4313833b56f6d5560e424ac0f98e,0.089,0.88,0.03,-0.6478,2025-04-24
2025-04-23 16:33:00,Here's Why Data Center Equipment Company Vertiv's Stock Soared Today,Yahoo,https://finnhub.io/api/news?id=cd5297ae0e2677960c4ad8af2851478fd0d1966abaf7ebb65328f660633d9682,0.014,0.824,0.162,0.9374,2025-04-24
2025-04-23 16:23:42,"Cathie Wood Adds Nvidia, AMD, Sells Microsoft as Chip Curbs Weigh",Yahoo,https://finnhub.io/api/news?id=c8c2fcaabf4326fbce877f4e0eee0fda347b51020a7fa7d2c26a495dca6f8a74,0.0,0.905,0.095,0.296,2025-04-24
2025-04-23 16:10:00,Why Nvidia Stock Is Rising Today,Yahoo,https://finnhub.io/api/news?id=0914ea7164578deee70c7b93610d7cd437d7234dee2c038187be31f315094559,0.0,0.864,0.136,0.7717,2025-04-24
2025-04-23 16:09:02,Nvidia: A 50-60% Drop From Highs Is Becoming A Realistic Possibility,SeekingAlpha,https://finnhub.io/api/news?id=878252cda11ec45aab9b272d090de40e8d27108ac74fc4ff6fb7472df3a52f18,0.174,0.826,0.0,-0.2732,2025-04-24
2025-04-23 16:00:16,Big Tech earnings kick off as tariff uncertainty continues to roil markets,Yahoo,https://finnhub.io/api/news?id=d68512ed9b3fe8866557fe822a874492ce96262ccab014b0da119f318975c9c8,0.198,0.755,0.047,-0.7003,2025-04-24
2025-04-23 15:25:03,Analysts reboot AMD stock price targets ahead of earnings,Yahoo,https://finnhub.io/api/news?id=d4f8bb2f9d9996a418f3cb7725fa5bfc3eecec24b64532d23f38e34d14253527,0.0,0.885,0.115,0.296,2025-04-23
2025-04-23 15:23:26,Is NVIDIA Corp. (NASDAQ:NVDA) the Best Stock Under $100 to Buy According to Hedge Funds?,Yahoo,https://finnhub.io/api/news?id=be2a37792755161ad1b136ed132691891c2c8dc974751760beaee7dbfa152330,0.0,0.891,0.109,0.8555,2025-04-23
2025-04-23 15:19:00,"Dow up 350 points on gains for shares of Boeing, Amazon.com Inc.",MarketWatch,https://finnhub.io/api/news?id=434d4ef938d65a6076740f66dd18ef4605a31907a68dea3274e4cfaf3719a54a,0.0,0.685,0.315,0.802,2025-04-23
2025-04-23 15:18:47,"Nvidia, Other Chip Stocks Rally as Trump Says China Tariffs Will Come Down",Yahoo,https://finnhub.io/api/news?id=0266a44d1cc22044c67beb9749fc2f40e7c41fb95bce9285380452bb2877a554,0.0,1.0,0.0,0.0,2025-04-23
2025-04-23 15:04:00,Alphabet's Big Bet: Why $32 Billion for Wiz is Genius,Yahoo,https://finnhub.io/api/news?id=fcc3ac2e367e9a02f3bada3c161754ffbd190f88c9a02f9e5312f81917b0187f,0.0,0.822,0.178,0.6597,2025-04-23
2025-04-23 14:34:27,'Magnificent 7' tech stocks surge as Trump hints at China tariff reprieve,Yahoo,https://finnhub.io/api/news?id=7ca69cdb3190edc94fc5414fbb3e3c16fbbb1fd68dc296c3335e623450893dae,0.077,0.812,0.111,0.1779,2025-04-23
2025-04-23 14:33:00,"Nvidia, AMD, and Other Chip Stocks Rally. Tariffs Fears Are Lifting—but There Is Another Concern to Watch.",Yahoo,https://finnhub.io/api/news?id=68b5ae153133f89b36b33614c123e064ad02a7370e92aef17197c6829ff7f10e,0.054,0.946,0.0,-0.4215,2025-04-23
2025-04-23 14:30:00,Wall Street Lunch: Bessent Comments On China Tariffs,SeekingAlpha,https://finnhub.io/api/news?id=e7ea83e080f16c21c176159e721c5c7fd7205b37567f23db5202d27b2d3f878b,0.0,1.0,0.0,0.0,2025-04-23
2025-04-23 14:27:00,Palantir Stock Jumps to Highest Level Since February. What’s Behind Its Rise.,MarketWatch,https://finnhub.io/api/news?id=c0bfa8bf11da7103b69d4a7773551c31562ac243976cbba44d0be325b7accd52,0.0,1.0,0.0,0.0,2025-04-23
2025-04-23 14:25:26,Why TSMC's Solid Q1 Earnings Isn't Creating Market-Beating Price Movements,SeekingAlpha,https://finnhub.io/api/news?id=41576ae5e7716abf1fa3380e5889d093c833499d720e86cd1c7050ae16c8b2b8,0.164,0.696,0.139,-0.0742,2025-04-23
2025-04-23 14:18:00,"Dow rallies nearly 550 points on gains in shares of Boeing, Amazon.com Inc.",MarketWatch,https://finnhub.io/api/news?id=a3cb08a06aed5b717156e2e05a75871a23ba9da15043356c78021671851adf5c,0.0,0.705,0.295,0.802,2025-04-23
2025-04-23 14:07:00,Cathie Wood Goes Bargain Hunting: 3 Stocks She Just Bought,Yahoo,https://finnhub.io/api/news?id=f13c1d05791eb6b32582543c02c4f2c1d89e03b0f9d8a658597ec953783fc0c6,0.06,0.677,0.263,0.6597,2025-04-23
2025-04-23 14:00:00,"Here’s How Big the AI Revolution Really Is, in Four Charts",Yahoo,https://finnhub.io/api/news?id=5fcaa584e25b92cc81df296c857f4a2a5b518a0767285f68eaadd9ef6381f6ab,0.075,0.925,0.0,-0.3818,2025-04-23
2025-04-23 13:59:00,Vertiv Stock Soars on Better-Than-Expected Earnings. The AI Trade May Not Be Dead.,MarketWatch,https://finnhub.io/api/news?id=5b10860c028c6a1cca1d404ef7f2bd7ceb50dc33fce83a9a50c6c94d963afb9f,0.0,0.777,0.223,0.7835,2025-04-23
2025-04-23 13:43:05,Has the stock market fully priced in a recession?,Yahoo,https://finnhub.io/api/news?id=85797f6df11bb53bbf5b4ffb33af244bec06d71f9b27239c411368e27f55d7ee,0.135,0.865,0.0,-0.4215,2025-04-23
2025-04-23 13:40:01,"Shares of companies within the broader technology sector are trading higher amid overall market strength after President Trump said he had no intention of firing Fed Chair Powell. Additionally, Trump indicated the final tariff rate would be less than the current 145% but not 0%.",Benzinga,https://finnhub.io/api/news?id=945fe9ae89f8f38680996d23d38b8733cc794de46258b6412138908a1c4d0c4f,0.069,0.854,0.077,0.1027,2025-04-23
2025-04-23 13:17:00,"Dow's 669-point rally highlighted by gains in shares of Boeing, NVIDIA Corp.",MarketWatch,https://finnhub.io/api/news?id=6705f144a5c7e6d9c14da2a8f200c89a121d2135fb2f599031ed316b71d3dd7d,0.0,0.685,0.315,0.802,2025-04-23
2025-04-23 12:23:48,Nvidia's 'Bargain Price' Distracts From Its Slowly Draining Moat,SeekingAlpha,https://finnhub.io/api/news?id=5167357f52006f088a57ffb97d1dfe1b036f13fa6cedf46877f1590ab49e43e1,0.207,0.631,0.162,-0.128,2025-04-23
2025-04-23 12:01:00,"Dow up 568 points on gains for shares of Boeing, Amazon.com Inc.",MarketWatch,https://finnhub.io/api/news?id=6ef1ec7ae3500ff86c1fc9f1dfe53439120db454909e7a3ff1664d583384c2d6,0.0,0.685,0.315,0.802,2025-04-23
2025-04-23 11:00:00,"Boeing, Amazon.com Inc. share gains contribute to Dow's 850-point surge",MarketWatch,https://finnhub.io/api/news?id=cfa6cbf28ab0e0761ef04d9f62506cfee46eca6033bcefad8a11e1776c71495f,0.0,0.635,0.365,0.802,2025-04-23
2025-04-23 10:46:49,36-Year-Old With $253K In Stocks Says 'Need Some Direction' – Only Gets $4.2K Dividends And Reddit Is Losing It Over His Holdings,Benzinga,https://finnhub.io/api/news?id=b54db52e3fb0f00043dfc01ada23042d20f5ffd2524b96fcf7f9436787f2a08d,0.073,0.847,0.079,0.0772,2025-04-23
2025-04-23 10:40:39,"Amphenol Posts Better-Than-Expected Results, Joins SAP, Tesla, Pegasystems And Other Big Stocks Moving Higher On Wednesday",Benzinga,https://finnhub.io/api/news?id=43468ed45b53a9153d48d2e22afbca2b3a188be125fb767108ab783ae6e49862,0.0,1.0,0.0,0.0,2025-04-23
2025-04-23 10:37:00,Intel Plans to Slash More Than 20% of Workforce: Report. The Stock Is Rising.,MarketWatch,https://finnhub.io/api/news?id=0250965e13f77ff7c68f1b1803bf84f1ec12a7e251898f51190409669e6ad94f,0.139,0.861,0.0,-0.4939,2025-04-23
2025-04-23 10:10:41,Nvidia: AI Infrastructure Is More Critically Needed Than Ever,SeekingAlpha,https://finnhub.io/api/news?id=ab86f3362e9b8c52912108f740387d1b0e0d6311531c1b56c901392fb77b2170,0.0,1.0,0.0,0.0,2025-04-23
2025-04-23 10:00:00,Sui leads way as large cryptocurrencies post gains,MarketWatch,https://finnhub.io/api/news?id=9cd0ebcb3d91dd51deb66a0c090b2d63ca3c01a4ad4921385321a5b688f17605,0.0,0.745,0.255,0.5859,2025-04-23
2025-04-23 09:56:34,"Dow Jones Surges 1,000 Points On Trump Comments; Apple, Nvidia, Tesla Rally",DowJones,https://finnhub.io/api/news?id=f77621b5cb789565e7a3fd718b56e98078015725eb604805bf110beb7566d3d4,0.0,1.0,0.0,0.0,2025-04-23
2025-04-23 09:52:00,AI data center buildups are boosting Vertiv’s sales. Its stock is rallying.,MarketWatch,https://finnhub.io/api/news?id=96453be7ab1dcf2abc15ac398f3cd7aa1657b294fe03c449bc8e6b290f24b20a,0.0,0.821,0.179,0.5859,2025-04-23
2025-04-23 09:48:14,Nvidia's $5.5 Billion Charge Is The Downturn's Start,SeekingAlpha,https://finnhub.io/api/news?id=86a40dcb477b2abac80bc29bb738bdc89695a634a50d15b2bb038e7d0bd2a9db,0.05,0.833,0.117,0.34,2025-04-23
2025-04-23 09:26:54,The Reason Nvidia Is Still A Short For Me,SeekingAlpha,https://finnhub.io/api/news?id=c1f8e354f724c8aba4ccdd5c48e1d6d5148769e212fe2db221d4884a3e93af67,0.0,1.0,0.0,0.0,2025-04-23
2025-04-23 09:23:00,Netflix Director Plans to Sell $132 Million of Stock,MarketWatch,https://finnhub.io/api/news?id=ab82bb7c6cc831f0fa736b2c0758109a6734c7c960e19efbbaf0a94f6def1ac2,0.0,1.0,0.0,0.0,2025-04-23
2025-04-23 09:20:00,The Ithaka Group's Top Contributors And Detractors For Q1 2025,SeekingAlpha,https://finnhub.io/api/news?id=15e6c482df0c5efdcafe9062d0cfc21158c2e5aef42e28e2de819d3c05316b75,0.0,0.833,0.167,0.2023,2025-04-23
2025-04-23 09:10:00,Polen Focus Growth Portfolio Q1 2025 Commentary,SeekingAlpha,https://finnhub.io/api/news?id=c04a2e189437aa14ee5196a62e1771aeac71d0437b10bfd1f20b731be320ef8e,0.0,0.698,0.302,0.3818,2025-04-23
2025-04-23 09:05:00,The Ithaka Group Q1 2025 Commentary,SeekingAlpha,https://finnhub.io/api/news?id=05d3a414160810b61e927072d27fe0aa78b65e1132c54968758e195c92b98227,0.0,1.0,0.0,0.0,2025-04-23
2025-04-23 09:00:00,Nvidia Thinks It Has a Better Way of Building AI Agents,DowJones,https://finnhub.io/api/news?id=961b9354929d9dfab4c876baf172a8f1436fc9eb98efea1390c24ba68dbf7105,0.0,0.775,0.225,0.7003,2025-04-23
2025-04-23 08:40:00,Polen Global Growth Portfolio Q1 2025 Commentary,SeekingAlpha,https://finnhub.io/api/news?id=cd7f1b50aba2e060166309a404e8d989fdc67a296de85b97ff9ff6a6f773bddb,0.0,0.698,0.302,0.3818,2025-04-23
2025-04-23 08:01:49,"Top Funds Shun Tesla And Nvidia, But Bankroll This Stock",DowJones,https://finnhub.io/api/news?id=848457100ac4478b3cf33fca6e29a26ac6d27fa28e4b3446961d5e363d7ba36a,0.0,0.833,0.167,0.3818,2025-04-23
2025-04-23 06:04:04,"Nvidia shares back above $100 as traders hope for China/U.S. trade rapprochement, and other early movers",MarketWatch,https://finnhub.io/api/news?id=648f8fae19cecc198713d878473c992aedb657d1b7de2806f51072fae55aee8f,0.0,0.733,0.267,0.8481,2025-04-23
2025-04-23 04:08:57,Broadcom: Premium Priced With Non-AI Headwinds,SeekingAlpha,https://finnhub.io/api/news?id=8e87c0c0fea6319c0d81763a7c5919864ddc56f6c67fd6785a932c5be6ca8de5,0.0,1.0,0.0,0.0,2025-04-23
2025-04-23 02:30:00,Liberty Park Capital Q1 2025 Letter To Partners,SeekingAlpha,https://finnhub.io/api/news?id=fd517ac68f54a36524794672e058cdcf11050919e470c1b327cc9c77790cc9e7,0.0,0.673,0.327,0.5267,2025-04-23
2025-04-23 01:15:00,Nvidia Stock Falls on Export Control Warning. Why This Could Be a Great Buying Opportunity.,Yahoo,https://finnhub.io/api/news?id=b6bf06bfc12a3fc7ccbece3ca6fb8e4c620d79c0e506fd13a5fb31f88604e149,0.033,0.85,0.117,0.872,2025-04-23
2025-04-23 01:00:00,Should You Forget Nvidia and Buy These 2 Millionaire-Maker Stocks Instead?,Yahoo,https://finnhub.io/api/news?id=f9b0da779f9564875f83d6705a19c08f12f3da78856ed741245b9b3254c77929,0.015,0.887,0.097,0.8555,2025-04-23
2025-04-22 23:24:43,Upgrading TSMC On Management Confidence Despite Tariff Uncertainty,SeekingAlpha,https://finnhub.io/api/news?id=cdcb241e364212eab30a736f47d9e5e9f9f2e0eb95b20ca0568539d97af5b7b5,0.0,0.861,0.139,0.6526,2025-04-23
2025-04-22 22:30:43,NVIDIA Corporation (NVDA): Among Stocks That Could 10X Over the Next 2 Years,Yahoo,https://finnhub.io/api/news?id=9cf40385e1aeb828d1ca189cb012e05e08b70f27171aba34a4a264c05ebfa8b6,0.035,0.965,0.0,-0.3612,2025-04-23
2025-04-22 21:41:36,"Cathie Wood Increases Bet On Nvidia And AMD Despite China Chip Hurdles, Ark Dumps Microsoft Stock Worth $9.7 Million",Benzinga,https://finnhub.io/api/news?id=b1a27523cbdddc3095acfb47311788294077aa4687ca81662be84a796af2ef1c,0.047,0.877,0.075,0.1531,2025-04-23
2025-04-22 20:21:00,"These Stocks Moved the Most Today: Tesla, Boeing, Northrop, RTX, 3M, GE Aerospace, Lockheed, Verizon, First Solar, and More",Yahoo,https://finnhub.io/api/news?id=3be250fac5efd9e0f2f6b64974aecb1fc9f393a37a1127532f673d6fa04d8317,0.031,0.785,0.184,0.8271,2025-04-23
2025-04-22 19:55:32,"Miners, Insurers — And Netflix — Lead 33 'Perfect' Stocks In Damaged Market",Yahoo,https://finnhub.io/api/news?id=2a78d1bdc0da527768a75c09a88d593e94b0ee18373b0ed7028e07925c88a5bd,0.12,0.747,0.133,0.128,2025-04-23
2025-04-22 19:31:00,CoreWeave Stock Gets a Wave of Buy Ratings. But No One Is Denying the Risk.,Yahoo,https://finnhub.io/api/news?id=8973ff8deeee13cc4b832657195b502e514308c2a6429174ce172472556a4724,0.221,0.711,0.067,-0.7783,2025-04-23
2025-04-22 18:06:24,Nvidia (NVDA) Stock Identified as Top AI Stock by Veteran Investor,Yahoo,https://finnhub.io/api/news?id=889c81013bd9510f74d218bb68e64ac5a86988f29b55dc67c4624aea5bdcdb17,0.0,0.864,0.136,0.836,2025-04-23
2025-04-22 18:05:34,Nvidia-Backed CoreWeave's Stock Jumps as Analysts Launch Coverage—Here's What They're Saying,Yahoo,https://finnhub.io/api/news?id=aca040a800eb9ced93fb91e8428c4f3b4b0996425ab0e9742574d68577d9ee19,0.0,0.721,0.279,0.8625,2025-04-23
2025-04-22 17:45:00,"NewsOut Launches Weekly Video Press Release Coverage on Tesla, Amazon, Apple, NVIDIA, and Microsoft",Yahoo,https://finnhub.io/api/news?id=835d5ee8e5e9838fd08e8fab13488ea31415915968b1a88d78d05954171829f4,0.0,0.914,0.086,0.5984,2025-04-23
2025-04-22 17:42:00,"Q1 Earnings Season Scorecard and Analyst Reports for NVIDIA, Alphabet & Berkshire Hathaway",Yahoo,https://finnhub.io/api/news?id=e63c0b4ac9aaa516bb10dfe28cbb6122f411a7151b342b27701e2060713cc3eb,0.0,1.0,0.0,0.0,2025-04-23
2025-04-22 17:40:29,"NVIDIA (NVDA) Maintains Positive Momentum Despite China Export Restrictions, Says Susquehanna",Yahoo,https://finnhub.io/api/news?id=e864a3f5fd8c148909caceae63915803dfdc87b140b123bcfeddafa668814cb7,0.05,0.81,0.139,0.7723,2025-04-23
2025-04-22 17:22:08,NVIDIA (NasdaqGS:NVDA) Partners With Vertiv To Launch Sovereign AI Data Center In Italy,Yahoo,https://finnhub.io/api/news?id=1a57777a19adee8fac33c73e03989a85da0be5b0eb51f48a47c0f8942f1ef2f8,0.035,0.924,0.041,-0.1406,2025-04-23
2025-04-22 17:09:08,"Trade deals are key to halting US tech decline, Wedbush’s Ives says",Yahoo,https://finnhub.io/api/news?id=a930478cfede6e97a2c3e5f79ed6f91516a65427942ea1b0f9b41111dc9fbe20,0.101,0.836,0.064,-0.5859,2025-04-23
2025-04-22 17:00:39,"Stocks to Watch Tuesday: First Solar, 3M, Equifax, Tesla",Yahoo,https://finnhub.io/api/news?id=d0af2a96ee6d3fce8fbf2993e82241dd1d8420aa2fba29571fbabe960c0bbc42,0.039,0.881,0.08,0.4215,2025-04-23
2025-04-22 16:57:39,ARM: Perils Of Future Growth Speculation,SeekingAlpha,https://finnhub.io/api/news?id=eaf94dda18cc27e49565cbbe1f2686f80af87d3c95edc04793357c32fcaf8057,0.0,0.658,0.342,0.3818,2025-04-23
2025-04-22 16:50:11,Trump’s restrictions on Nvidia’s China sales may not be enough to contain Beijing’s AI ambitions,Yahoo,https://finnhub.io/api/news?id=125c876f41bdad26e3f6c55f2670555c235a1f766bc2b76f42b843203486c33a,0.0,0.922,0.078,0.4391,2025-04-23
2025-04-22 16:37:00,Trump’s Inauguration Fund Smashed Records. Donations From These Companies Helped Big Time.,MarketWatch,https://finnhub.io/api/news?id=5ff249ec45a6fce1cc6e0bca5c91e0a58c3c482ab799e4348197d99ba0409e41,0.0,1.0,0.0,0.0,2025-04-23
2025-04-22 15:53:00,"Earnings might not revive markets, analyst says. Here’s the one thing that could.",MarketWatch,https://finnhub.io/api/news?id=5cc9edd2a9c66185ee9d889a6262de273bfaf5ae034040013deecc7ef014903a,0.145,0.855,0.0,-0.4717,2025-04-22
2025-04-22 15:14:18,"Sumitomo, SBI Throw Support Behind FPT's Nvidia-Powered AI Expansion",Yahoo,https://finnhub.io/api/news?id=fe83f5b877776cd80cfecb6e7c35fa24adf96609ca4a36c174bab081d3d2ab98,0.0,0.787,0.213,0.6597,2025-04-22
2025-04-22 15:01:00,Nvidia Stock Gains. Amazon May Not Be Cutting AI Spending After All.,Yahoo,https://finnhub.io/api/news?id=5ccac186307d6e18d6e96c78acb6ca792c25ba5261a70e16c8e4049e06e21b43,0.0,0.772,0.228,0.6878,2025-04-22
2025-04-22 14:59:23,Is NVIDIA (NVDA) the Most Promising Long-Term Stock According to Analysts?,Yahoo,https://finnhub.io/api/news?id=6f1d37634b4ad8fbe421af7bd9faeb6bebc1a2d0c03355c3fba1e45cacd5a196,0.03,0.853,0.118,0.7569,2025-04-22
2025-04-22 14:39:00,"GraniteShares Unleashes 2x Lucid And Rivian ETFs, But Are DRIV And IDRV The Smarter EV Plays?",Benzinga,https://finnhub.io/api/news?id=1a3eeb7cd4e1e85918c22bf810abf64cc138d1b277cfc49fe966428755b7f8bb,0.0,0.84,0.16,0.7579,2025-04-22
2025-04-22 16:45:00,10 ‘pure value’ stocks favored by analysts to soar 20% to 96% over the next year,Yahoo,https://finnhub.io/api/news?id=23b199674701db8581c22fe4641b81160b74535a98f752c3cbe97692cf6ba277,0.066,0.857,0.077,0.1045,2025-04-23
2025-04-22 12:00:00,AMD: Time To Move On,SeekingAlpha,https://finnhub.io/api/news?id=8e1104076d53844d7932e0d3c511fd9135719652bc1552718008e7a27b6ec28a,0.0,1.0,0.0,0.0,2025-04-22
2025-04-22 12:00:00,Patient Capital Management Q1 2025 Investment Review,SeekingAlpha,https://finnhub.io/api/news?id=d10dfd478c6312329a10aad0df3cf488f63b69e6695e106005298423803f9736,0.0,1.0,0.0,0.0,2025-04-22
2025-04-22 11:20:00,Patient Capital Management Q1 2025 Commentary,SeekingAlpha,https://finnhub.io/api/news?id=6c2ab59b274781b1680b0829702b5dfc23cb1399fda7943a3a9981db07bbbab8,0.0,1.0,0.0,0.0,2025-04-22
2025-04-22 10:36:49,Why CoreWeave Stock Is Controversial Amid Wall Street Analyst Initiations,DowJones,https://finnhub.io/api/news?id=1f300efeec017d657b944a4d221daed302d146bfc994f92722aa5970e48e3102,0.167,0.833,0.0,-0.3818,2025-04-22
2025-04-22 10:31:00,"These Stocks Are Moving the Most Today: Tesla, Nvidia, GE Aerospace, Verizon, Lockheed Martin, and More",Yahoo,https://finnhub.io/api/news?id=b0872f0ddc5c2d7d839af20590531e6a28ed5c11e70a81e1372ef05aaf8b713c,0.0,0.833,0.167,0.7351,2025-04-22
2025-04-22 10:15:00,3 Millionaire-Maker Artificial Intelligence (AI) Stocks to Buy Now,Yahoo,https://finnhub.io/api/news?id=5c67a2ab092d3c3c109422300edb612f0239cc721f83d266ed2c7353d52fc00c,0.0,0.916,0.084,0.6486,2025-04-22
2025-04-22 10:00:00,Most big cryptocurrencies increase as Sui  rallies,MarketWatch,https://finnhub.io/api/news?id=75ae67ad29971a45b6de2e1b8edfe1293a9862f565beeefb0cb593f786b7e271,0.0,0.701,0.299,0.6282,2025-04-22
2025-04-22 09:52:57,Intel: It's A No-Brainer Under $20 - Upgrading To Strong Buy,SeekingAlpha,https://finnhub.io/api/news?id=788e52082ce911f13e3106e372bd9729d8aad878eb4e365468cb26c32138c01a,0.0,0.752,0.248,0.5106,2025-04-22
2025-04-22 09:52:50,Dow Jones Jumps 550 Points After Market Sell-Off; Tesla Rallies Ahead Of Earnings,DowJones,https://finnhub.io/api/news?id=838449861cb26122cb7c6cf7df72e2c8476539881cc7f25f120b4130bba2bf99,0.0,1.0,0.0,0.0,2025-04-22
2025-04-22 09:40:00,Nvidia Stock Gains as Amazon Reassures Markets on AI Data-Center Plans. What to Know.,Yahoo,https://finnhub.io/api/news?id=382aca788ed771f436db11aef34b57485af1d0852e36914a58a919a5b93dac9a,0.0,0.761,0.239,0.7783,2025-04-22
2025-04-22 09:19:41,"Top 10 Trending Stocks On WallStreetBets As Of April 22, 2025 (Via Swaggy Stocks)",Benzinga,https://finnhub.io/api/news?id=ffdc195fb041e0b671212a8201ab824c8a96041a2a4678ec77ebc00cc78240ee,0.0,0.899,0.101,0.2023,2025-04-22
2025-04-22 08:18:00,Nvidia Is Expensive. Here Are 3 High-Yield Artificial Intelligence Plays That Aren't.,Yahoo,https://finnhub.io/api/news?id=e991bef7f9682f1340e82e0149173dc1334a2f84f4ee393b36980c7abadf2e94,0.04,0.784,0.176,0.8176,2025-04-22
2025-04-22 07:36:00,Prediction: 8 Wall Street Analysts Lowered Nvidia's Price Target Last Week -- and This Is Just the Beginning,Yahoo,https://finnhub.io/api/news?id=9724321411bbdfd5533c0b155403a0b48c73c4add12d3ccaffff455870ca968b,0.038,0.702,0.261,0.872,2025-04-22
2025-04-22 06:24:37,Is Huawei's AI chip ready to dethrone Nvidia in China?,Finnhub,https://finnhub.io/api/news?id=bd849a3fb97b26e507d38b1a9d076e6299ea98cc44bef06340b6a0db97fd6758,0.0,0.826,0.174,0.765,2025-04-22
2025-04-22 05:52:38,"US Stocks Likely To Open Higher Amid Trump's Preemptive Rate Cut Call:  Earnings Are Starting To Reflect This 'Uncertainty,' Says Expert",Benzinga,https://finnhub.io/api/news?id=18393b044c3c1a29091a3afcfc3bb94e9c9543548bcb622c065702288cc26e90,0.116,0.884,0.0,-0.5927,2025-04-22
2025-04-22 01:47:32,Is NVIDIA Corporation (NVDA) the Best Edge Computing Stock to Buy According to Hedge Funds?,Yahoo,https://finnhub.io/api/news?id=6f1e621c668eebb08339ff3d26aae39ea4b27c28abd33ab7296eb9677c80d1d3,0.0,0.844,0.156,0.9274,2025-04-22
2025-04-21 22:31:47,"Dow Jones Futures Rise: Trump Calls Powell 'Loser'; Apple, Nvidia, Tesla Sell Off",DowJones,https://finnhub.io/api/news?id=04033ee1558137add5c4ad01c16f452ff6a34bd14a89853222f9d854dee52c26,0.221,0.779,0.0,-0.7783,2025-04-22
2025-04-21 22:00:00,Better AI Chip Stock: Nvidia vs. Broadcom,Yahoo,https://finnhub.io/api/news?id=7fa6750663bede1150db2d4b3057df55ad35ed0ee3ab97ed5ab2489101ce28d4,0.0,0.862,0.138,0.8442,2025-04-22
2025-04-21 21:28:48,Nvidia CEO Urges Japan to Boost Power Supply for AI Expansion,Yahoo,https://finnhub.io/api/news?id=381255010adfe8925deef84c733da7e5ef5ec8eced06b03aa2d77d0f71d60db6,0.0,0.833,0.167,0.5859,2025-04-22
2025-04-21 20:43:08,Jim Cramer Says NVIDIA (NVDA) Stock Isn’t Cheap ‘Unless Everything Goes Right’,Yahoo,https://finnhub.io/api/news?id=523a91f66eb7103f5d833ae0f0efaeabd3f0cfc44411be507624322afdf4ec95,0.044,0.956,0.0,-0.4767,2025-04-22
2025-04-21 20:05:33,What Huawei's reported chip production boost means for Nvidia,Yahoo,https://finnhub.io/api/news?id=3c469a86913bedd977bd064860e40be56c2429971a1178461a5f50a80a384dae,0.06,0.858,0.082,0.5456,2025-04-22
2025-04-21 20:00:49,"Stock market today: Dow drops 950 points, S&P 500, Nasdaq tumble as Trump bashes Fed's Powell again",Yahoo,https://finnhub.io/api/news?id=b681e673785cbe6a283e65fc1f868fecfdc4852c06be0abdaf9837b07186b400,0.0,0.952,0.048,0.2263,2025-04-22
2025-04-21 19:55:00,"Top Stock Picks for Week of April 21, 2025",Yahoo,https://finnhub.io/api/news?id=c82b9e324437dd819a0b97fdda376537517d4280b1b575ba8bc8478e91059161,0.0,0.924,0.076,0.2023,2025-04-22
2025-04-21 19:47:33,Sector Update: Tech Stocks Slump Late Afternoon,Yahoo,https://finnhub.io/api/news?id=712c00e8c6428277880fc17f0dfd296da619d463852d82e0847a4d7c82f0104a,0.17,0.83,0.0,-0.5106,2025-04-22
2025-04-21 19:38:02,"Nvidia down, Huawei to ship AI chips to China amid tightening U.S. curbs",Yahoo,https://finnhub.io/api/news?id=e7e7c8932f9d68e2c1eef0d21cf6517e0e6899238b7fedf14479a53d0431e3cd,0.0,0.875,0.125,0.743,2025-04-22
2025-04-21 19:27:08,The Stock Market's Winners and Losers Today,Yahoo,https://finnhub.io/api/news?id=14c7f5445e2cc8f4278830581298bab4b75b6c236865545287174f45a36edefc,0.186,0.668,0.146,-0.3612,2025-04-22
2025-04-21 19:20:50,Nvidia CEO Visits China as New U.S. Export Curbs Hit $5.5 Billion in Orders,Yahoo,https://finnhub.io/api/news?id=d7db190cf7e7b0dc024d1516db3a8790e9a7092f10d2ac2a37efdaeb7a355dfe,0.0,1.0,0.0,0.0,2025-04-22
2025-04-21 18:56:46,Nvidia Faces $5.5B Blow as Tech Sector Urged to Brace for Tariff Fallout,Yahoo,https://finnhub.io/api/news?id=a4b0d64868ce8ddf986b8adfa83d51ef592f9df6157d471b8a74349d39458a74,0.072,0.844,0.084,0.1027,2025-04-22
2025-04-21 18:55:09,Is NVIDIA Corporation (NVDA) the Best Stock to Buy According to Billionaire Chris Rokos?,Yahoo,https://finnhub.io/api/news?id=202e0f5ad019bff95c2566a8399fedec37ac22d8e06c9527714b192122b08788,0.0,0.805,0.195,0.9516,2025-04-22
2025-04-21 18:35:50,Nvidia Has Now Lost More Than $1.3 Trillion in Market Cap. Is It Finally Time to Buy the Stock?,Yahoo,https://finnhub.io/api/news?id=5335e84776e479442b14fd873af8dd27078c8ee913e3d4ed591a3c6a82617c57,0.144,0.856,0.0,-0.5719,2025-04-22
2025-04-21 18:14:00,"Should You Buy, Sell or Hold ServiceNow Stock Before Q1 Earnings?",Yahoo,https://finnhub.io/api/news?id=9ccb76f5a8c665c9a492072b1cce538e3c9ce3f43f248b5a5bc6f70bd0d3a382,0.0,0.823,0.177,0.7845,2025-04-22
2025-04-21 18:07:00,Why Nvidia Stock Is Sinking Today,Yahoo,https://finnhub.io/api/news?id=decf4cb50affcc3efabcfe3d93a5c41c29159bb9b7b603e6b803a55c807f474b,0.091,0.857,0.051,-0.5574,2025-04-22
2025-04-21 18:02:52,Sector Update: Tech Stocks Slump Monday Afternoon,Yahoo,https://finnhub.io/api/news?id=6f7f51114a83beaf76bf7cce72d4b181903f89621e43dfac51b6b43d694634fc,0.0,1.0,0.0,0.0,2025-04-22
2025-04-21 17:16:33,Former Intel CEO on Nvidia: You have to be 10x better to dethrone the king,Yahoo,https://finnhub.io/api/news?id=d1095ca42344f75f5d9e5737f199ba90aa160045f50cf222bfea76d582aaa53d,0.082,0.819,0.099,0.1265,2025-04-22
2025-04-21 17:03:35,Keeping AI Chips Out of China,Finnhub,https://finnhub.io/api/news?id=5965294a1101573aad3a55104ab7268571b1031ed4ab8f0f600c1fc46fbcb00a,0.0,0.937,0.063,0.3612,2025-04-22
2025-04-21 16:37:00,Nvidia Just Lost a $5.5 Billion Opportunity. This Fast-Growing Tech Stock Could Scoop It Up,Yahoo,https://finnhub.io/api/news?id=c091f3afb1936805886c775a29b1e372d860a06a3dc34b976f04d3d0a5dc9273,0.131,0.81,0.058,-0.7964,2025-04-22
2025-04-21 16:36:37,"Stock Market Today: Dow Jones Dives After Trump Does This; Netflix Tests Entry, Bill Ackman Stock Skids (Live Coverage)",DowJones,https://finnhub.io/api/news?id=21820786e167ade39ab67fe1a999b4852a288a2a0289c58ffafd4d3719d62ff9,0.0,1.0,0.0,0.0,2025-04-22
2025-04-21 16:34:31,China's Huawei Launches AI Chip To Fill Nvidia Void,DowJones,https://finnhub.io/api/news?id=5df18ba04658bec9b7cbf30e362a6d627847000fa374d4c706c317033307d8c6,0.0,1.0,0.0,0.0,2025-04-22
2025-04-21 16:18:55,Why Nvidia (NVDA) Shares Are Getting Obliterated Today,Yahoo,https://finnhub.io/api/news?id=578a549a1fcb93a54adb09ab8e0272d4f191c676bf34ccbcef2fa9e3902903ce,0.179,0.702,0.119,-0.624,2025-04-22
2025-04-21 16:09:42,"Chicken, crypto and Nvidia: The companies that helped Trump’s inauguration shatter fundraising records",Yahoo,https://finnhub.io/api/news?id=254377ba4ebee8b1577b47874b863bd183453450265106debf7cb5fe210046aa,0.0,1.0,0.0,0.0,2025-04-22
2025-04-21 15:50:36,NVDY: Buy On U.S.-China Chip Turmoil But Don't Expect 100%+ Yields,SeekingAlpha,https://finnhub.io/api/news?id=273f186b1186f9854360565b63d0d9334e115effce2ae96832821fbd4fa7f88c,0.149,0.851,0.0,-0.1901,2025-04-21
2025-04-21 15:07:30,"Nvidia & Japan, Hertz, Strategy & bitcoin: Trending Tickers",Yahoo,https://finnhub.io/api/news?id=58f9a5456162cc4e05e9268946dd38b1c146f8b46f8385f418e01ef3ae0af69f,0.0,0.894,0.106,0.8934,2025-04-21
2025-04-21 14:49:00,The Dow plunges 800 points and the Nasdaq reels as Trump blames Powell and Tesla adds to tech woes,Yahoo,https://finnhub.io/api/news?id=8520c054089cb552f7b56e587cbceb0b0373ef81b1c125c16e54001e8d600a99,0.281,0.719,0.0,-0.8934,2025-04-21
2025-04-21 14:19:56,AMD Q1 Preview: Ryzen 9000 Is Sold Out,SeekingAlpha,https://finnhub.io/api/news?id=c2996341a9060fac48eaf315b7ee0896402789f7249762d8423a9d607335e87a,0.0,1.0,0.0,0.0,2025-04-21
2025-04-21 14:04:27,Veteran Investor Says NVDA Can Reach $130 After Earnings,Yahoo,https://finnhub.io/api/news?id=f9ad2ddd3885e42c0fcee7fe17a1e2e3233704b19b82b437869482b4a27dafb2,0.0,0.884,0.116,0.7184,2025-04-21
2025-04-21 14:03:01,Is NVIDIA Corporation (NVDA) The Best WallStreetBets Stock To Buy According to Hedge Funds?,Yahoo,https://finnhub.io/api/news?id=4088c6c2cf7c081ec84e1724ed8b6a12a75c3b2a72ea0898bbf872eb66936f6e,0.0,0.847,0.153,0.9274,2025-04-21
2025-05-02 15:57:16,"Top Stock Movers Now: Dexcom, Berkshire Hathaway, Nvidia, and More",Yahoo,https://finnhub.io/api/news?id=f6218eb78cc84d99416ce541a359daf59b54d9da06a6b5621b1f818e83dd4f7d,0.0,0.85,0.15,0.4703,2025-05-02
2025-05-02 15:25:50,"Trump weighs easing Nvidia chip sales to UAE, Bloomberg reports",Yahoo,https://finnhub.io/api/news?id=6e3d15bf813a0086c4c6cbf646743e8752b52eaa69463a4514bbfe249d5f0590,0.0,0.898,0.102,0.7684,2025-05-02
2025-04-23 12:09:47,What to expect from Mag 7 company earnings in light of Trump tariff turmoil,Yahoo,https://finnhub.io/api/news?id=98961d5ea2e16f43b50cf3386670e51b0e901e3ab5391bea7b393b6cc9080694,0.072,0.867,0.061,-0.1027,2025-04-23
2025-05-02 14:59:22,Nvidia Jumps Past Key Level As Amazon Reports AI Spend Boost; Is Nvidia A Buy Now?,Yahoo,https://finnhub.io/api/news?id=b7a5ede7d0ba0ad1228d16f06f204b73d3e4171e3c7793e55ca330888a44745a,0.021,0.856,0.123,0.7506,2025-05-02
2025-05-02 14:50:00,"3M, Caterpillar share gains lead Dow's nearly 500-point rally",MarketWatch,https://finnhub.io/api/news?id=b4d6de9486a43023b099e8f89600cbecbc5d5028f16abed59cfce6e847e741cb,0.0,0.603,0.397,0.802,2025-05-02
2025-05-02 14:23:35,Nvidia Warns: U.S. Policy May Be Handing Huawei the AI Chip Crown,Yahoo,https://finnhub.io/api/news?id=23bcbef991b3eecd8f5d6e3dd77c74be4a0e6c6aedfe47774a0000d108f2e84b,0.049,0.951,0.0,-0.1027,2025-05-02
2025-05-02 14:04:18,Nvidia Warns Export Curbs Could Cost Billions,Yahoo,https://finnhub.io/api/news?id=2d7ae7a1f1c2dbf71c6e4c75f9ee92c6e894f069f818de282d635d1404e3991d,0.149,0.851,0.0,-0.3612,2025-05-02
2025-05-02 13:54:04,Why Super Micro Computer Stock Is Plummeting This Week,Yahoo,https://finnhub.io/api/news?id=c2c517bf300a765d5625c72ab9397b49cabb8549abbc053f5c30d21673428eec,0.047,0.769,0.184,0.8658,2025-05-02
2025-05-02 13:48:13,"Nvidia AI boost, Block cuts outlook, Reddit surges on sales",Yahoo,https://finnhub.io/api/news?id=0abae367d6441dd430a2b537942cb8f3bc18436b6e08236552bd3b332219750f,0.084,0.797,0.119,0.5994,2025-05-02
2025-05-02 13:43:00,Nvidia CEO Jensen Huang got his first raise in a decade,Yahoo,https://finnhub.io/api/news?id=60ac767b2b77267cfda905e07d75cc386e2cbbf4303a16d639e87fe65e9721d1,0.0,1.0,0.0,0.0,2025-05-02
2025-05-02 13:42:00,"Warren Buffett turns 95 this summer, and he’s still working weekends",MarketWatch,https://finnhub.io/api/news?id=8f5365b1b02aa12ac2b50b18248835cb12f77c61db004cbd3d40855d1e4db4d4,0.0,1.0,0.0,0.0,2025-05-02
2025-05-02 13:39:00,"The Zacks Analyst Blog Highlights NVIDIA, Visa, HIVE Blockchain and Accenture",Yahoo,https://finnhub.io/api/news?id=c129026a080dce0d992a20daf64512c95b8f64fa7f22ed3cf32bbd99ce135606,0.0,1.0,0.0,0.0,2025-05-02
2025-05-02 13:35:51,Nvidia (NVDA) Hit With Rare Sell Call as AI Buzz Looks Priced In,Yahoo,https://finnhub.io/api/news?id=4c8066976f89497344cf42cbeeb047fbe866149f5c2740dafad6380027dcf4cd,0.0,0.868,0.132,0.5423,2025-05-02
2025-05-02 13:14:38,"Nvidia is working on China-tailored chips again after US export ban, The Information reports",Yahoo,https://finnhub.io/api/news?id=76155e676c35c52f50e467901e418078a9ae281f8d837d6cc5ddb95b6d81c3c6,0.067,0.933,0.0,-0.6705,2025-05-02
2025-05-02 13:13:28,Nvidia (NVDA) Blasts Anthropic's Support of AI Chip Export Limits,Yahoo,https://finnhub.io/api/news?id=230ba40568643f11caa07821f8d6112618b5e0276e5b4fd154c213f5911cca9e,0.092,0.805,0.103,0.0772,2025-05-02
2025-05-02 12:45:00,AMD: You May Not Get It This Cheap Again,SeekingAlpha,https://finnhub.io/api/news?id=022a4dd85236a4d72fab2eb8d02a50d1ef1e265d8abeac76ccefcb45a513c1a7,0.046,0.738,0.216,0.7717,2025-05-02
2025-05-02 12:27:00,"Dow rallies 613 points on gains for American Express, 3M stocks",MarketWatch,https://finnhub.io/api/news?id=203e447af83a77540acff8ec703a2675767ddb2e7935b2f7ef86ca4240a06663,0.0,0.806,0.194,0.5859,2025-05-02
2025-05-02 12:20:00,Nvidia Stock Rises. It Just Got This Amazon AI Boost.,Yahoo,https://finnhub.io/api/news?id=a4be071562fc43d685204b995039919a02b34788cdbf6ca1eab0ca8de6240d19,0.0,0.826,0.174,0.8472,2025-05-02
2025-05-02 12:11:00,Prediction: 3 Quantum Computing Stocks That Will Be Worth More Than IonQ 10 Years From Now,Yahoo,https://finnhub.io/api/news?id=a850548e5180e1a705438ccaeb66947b57c9f6c5ef5182fc8659ef1071be4a83,0.0,0.858,0.142,0.7269,2025-05-02
2025-05-02 11:52:42,Jim Cramer Says ‘You Bet Against NVIDIA Corporation (NVDA) At Your Own Peril’,Yahoo,https://finnhub.io/api/news?id=f215e2b39a75548dd4ead100a56576704dea1adc786f139d785ee57832d317e0,0.042,0.872,0.086,0.5267,2025-05-02
2025-05-02 11:52:03,Breakfast News: China Considers Trade Talks,Yahoo,https://finnhub.io/api/news?id=278f7bf67ae006bd0e164452ca1bd2f9eef29083618dbdcb44b447f53b3b6a7b,0.102,0.667,0.231,0.4404,2025-05-02
2025-05-02 11:45:00,"Netflix Stock Just Notched a New All-Time High. Is This a Brilliant ""Recession-Proof"" Stock Pick?",Yahoo,https://finnhub.io/api/news?id=ae803dbf370987b5202f82587c44fbfacaba76092752118b99b237c4b77b0860,0.107,0.823,0.07,-0.4019,2025-05-02
2025-05-02 11:40:09,This Week In AI Chips - Revolutionizing Power Integrity With Movellus PDN Analyzer,Yahoo,https://finnhub.io/api/news?id=d04802a040b90343fb1e39768edb03c2f646e459904778d33fa676117101a7c5,0.026,0.872,0.102,0.6908,2025-05-02
2025-05-02 11:37:06,"EXCLUSIVE: April's 20 Most-Searched Tickers On Benzinga Pro — Where Do Tesla, Apple, Palantir, Nvidia Stocks Rank?",Benzinga,https://finnhub.io/api/news?id=c0a02d7d149e72e045684049cb34985558b5301940e08350a1dae53bced74a24,0.0,0.953,0.047,0.3034,2025-05-02
2025-05-02 11:34:00,Ukraine’s Minerals Won’t Help AI and Tech Companies for Years,MarketWatch,https://finnhub.io/api/news?id=47ffb783fb57fc3ffa7ba606ce7321ced8ccad68db1dd2c92f494a0072c2879e,0.0,0.769,0.231,0.6597,2025-05-02
2025-05-02 11:30:00,A Major Market Disruption Is Likely Coming,SeekingAlpha,https://finnhub.io/api/news?id=61af25477e7d847bfa3ffd92a339bcce297bdfff7f8fd6b7bbe869ba8f472ab9,0.124,0.799,0.077,-0.1918,2025-05-02
2025-05-02 11:30:00,"Did Huawei Just Say ""Checkmate"" to Nvidia?",Yahoo,https://finnhub.io/api/news?id=64841d24664011605b4daf23524c02c7c8619029ba49612c44fa7c853e2e4fcd,0.054,0.875,0.07,0.2064,2025-05-02
2025-05-02 11:26:54,Nvidia slams Anthropic for telling ‘tall tales’ after the AI lab claimed China is smuggling chips in ‘prosthetic baby bumps’,Yahoo,https://finnhub.io/api/news?id=e314899500635fb40acdde8c9a8f192b26deeb01b4e3399d18d920a45391d292,0.07,0.884,0.045,-0.2732,2025-05-02
2025-05-02 11:26:00,"NVIDIA Corp., Microsoft share gains lead Dow's nearly 350-point climb",MarketWatch,https://finnhub.io/api/news?id=c433236e3b143496dc78d886d9d508b736a52fb271f1950f6d850e160697140a,0.0,0.635,0.365,0.802,2025-05-02
2025-05-02 11:00:00,Should You Forget Nvidia and Buy 2 Artificial Intelligence (AI) Stocks Right Now?,Yahoo,https://finnhub.io/api/news?id=65211ae0f38eaef6795e53be2fc989aafc7772c62a33d11c74b1c9a13736cf64,0.113,0.687,0.199,0.6597,2025-05-02
2025-05-02 11:00:00,Alphabet Just Delivered Fantastic News for Nvidia Shareholders,Yahoo,https://finnhub.io/api/news?id=75527a1821b8cd2dc3cd11da00d8f1073f80344dbd48d4d3f48aa5ba378cec5f,0.0,0.827,0.173,0.8402,2025-05-02
2025-05-02 10:00:06,Tech investing playbook: Evolution of Big Tech dominance,Yahoo,https://finnhub.io/api/news?id=6384f2f2445bfac33f20c2348d4ada8073c52996f22ac834c03b1a3a2992cde8,0.0,0.862,0.138,0.8718,2025-05-02
2025-05-02 10:00:00,Large cryptocurrencies mixed as Cardano climbs,MarketWatch,https://finnhub.io/api/news?id=606fb3038990bb54a58c9a53ab5a2ebaa06d604829350fa609f62dacb561e544,0.0,1.0,0.0,0.0,2025-05-02
2025-05-02 09:45:00,"Nike, NVIDIA Corp. share gains lead Dow's 450-point rally",MarketWatch,https://finnhub.io/api/news?id=aaa6f502df4ff1c11b5165668d6be6b9a365b2974d38e12f3cccfe733c24a63b,0.0,0.603,0.397,0.802,2025-05-02
2025-05-02 09:34:11,Dow Jones Rallies On Surprise Jobs Report; Apple Dives On Earnings,DowJones,https://finnhub.io/api/news?id=f32d532635e95dc570b544259c0557fd89fe9bacc5046d42872783b09d1cbaca,0.0,0.826,0.174,0.4939,2025-05-02
2025-05-02 09:30:00,Surging Tariffs Are Flipping The Chip Script,SeekingAlpha,https://finnhub.io/api/news?id=c15e001a423bbc39362458a3efb6b3aee7053fe4ad112b43c2ee98a857987ba2,0.0,0.833,0.167,0.6597,2025-05-02
2025-05-02 09:18:55,AMD: It Could Get Worse Before The Turnaround Occurs,SeekingAlpha,https://finnhub.io/api/news?id=032610313364433db083a3cc035b327a09b437c89b7ae6e033daf64148b79d21,0.139,0.81,0.051,-0.5423,2025-05-02
2025-05-02 09:03:52,Nvidia Is Again Working On China-Tailored Chips After U.S. Export Ban - The Information,Finnhub,https://finnhub.io/api/news?id=1010459ac1e24cc7d3671866f259f3a953972038c397c0732ea35c9c6ab0f532,0.189,0.811,0.0,-0.8374,2025-05-02
2025-05-02 08:00:00,Pay Close Attention to This Crucial Revenue Source for Artificial Intelligence (AI) Giant Nvidia,Yahoo,https://finnhub.io/api/news?id=a21f51fdad7ddb974162b2eaf5a0520c4fcaf8bdb9a2d14f6bb82288a27bedf1,0.026,0.846,0.128,0.7506,2025-05-02
2025-05-02 06:00:00,Comparing This Cycle Of Tariff Market Volatility With Previous Swings,SeekingAlpha,https://finnhub.io/api/news?id=153925a8159b20621245775808510fa0d7da45bbfcd1a89c500a5be853971fd2,0.064,0.936,0.0,-0.34,2025-05-02
2025-05-01 22:58:00,Franklin Rising Dividends SMA Q1 2025 Commentary,SeekingAlpha,https://finnhub.io/api/news?id=fc01313836da0e6b7e6dc652feea43d4abfa03a69d1ab5965b04ca5ef81ebf34,0.0,1.0,0.0,0.0,2025-05-02
2025-05-01 16:40:47,Microsoft Nabs Apple's Crown,Yahoo,https://finnhub.io/api/news?id=5970b4e20060b4c38e96d90b839d4e76fc00b21701184b074a040d43448037f7,0.055,0.945,0.0,-0.296,2025-05-02
2025-05-01 16:40:15,Why Nvidia Stock Bounded Higher Thursday,Yahoo,https://finnhub.io/api/news?id=78ab84987f59edd52ad589b970fd018496bc20db909b7e4bc82242372daba7fc,0.0,0.739,0.261,0.7184,2025-05-02
2025-05-01 16:27:16,"What AI Slowdown? Nvidia Rallies As Meta, Microsoft Boost Data Center Spending.",Yahoo,https://finnhub.io/api/news?id=00c4699caa229ea2ffc30a24ed7b1cdf10e52aefd41c2dda5251f88001eb70e7,0.042,0.876,0.082,0.3182,2025-05-02
2025-05-01 16:21:59,"Nvidia, Anthropic reportedly clash over US chip export controls",Yahoo,https://finnhub.io/api/news?id=c9b902d2824d7ffa37cf1cf9e7e2577a2dfa4f87a0610d71534d7f1aa9c92280,0.015,0.848,0.137,0.9273,2025-05-02
2025-05-01 16:11:00,Nvidia Stock Rises. The AI Trade Is So Back.,Yahoo,https://finnhub.io/api/news?id=5c901a526e2b86e6fa51db5d8a9d9cc7f8d959b7d5c265b80c452e8b8fc3ff27,0.0,0.939,0.061,0.6249,2025-05-02
2025-05-01 16:10:21,Big Tech Stocks Have Had a Magnificent Day So Far,Yahoo,https://finnhub.io/api/news?id=5652aa8407d5342bdb32aa3b8555fa79bd2209b3a0c5d563ee052a8590b9f4fe,0.0,0.757,0.243,0.926,2025-05-02
2025-05-01 15:55:09,"Artificial Intelligence IPO CoreWeave Pops On Microsoft, Meta Earnings",Yahoo,https://finnhub.io/api/news?id=3067cdc9de28641437ccd57c3ac112892580811ae505130c505b6cb5164f482f,0.0,0.807,0.193,0.7351,2025-05-01
2025-05-01 15:31:50,US weighs easing Nvidia chip curbs on UAE as Trump plans visit,Yahoo,https://finnhub.io/api/news?id=43ce6c2ca11e9a84332c2ca3f9de60110f3c873e6dada56afbbc1f172694af23,0.023,0.9,0.077,0.5574,2025-05-01
2025-05-01 15:00:00,1 Artificial Intelligence (AI) Stock That Could Go Parabolic,Yahoo,https://finnhub.io/api/news?id=ea8a7f7e9c14e78b6a009a82122340832dc27aa55c3608cc51db7a50ee1835f7,0.023,0.836,0.141,0.8717,2025-05-01
2025-05-01 14:53:06,Megacap tech once again a 'safety trade',MarketWatch,https://finnhub.io/api/news?id=2217a30f48bb95b7f54f14f13628b0959a4b3064ec9b167fab9dfed7211b023e,0.0,0.682,0.318,0.6808,2025-05-01
2025-05-01 14:51:50,Eerie Calm For Markets As U.S. Recession Odds Hit 67%,SeekingAlpha,https://finnhub.io/api/news?id=85c6853ba1b11afd97dd134d6672588398904b07d12323b95970b8982c01fd11,0.191,0.729,0.08,-0.6908,2025-05-01
2025-05-01 14:41:30,"Nvidia CEO, Qualcomm outlook, Roblox strength: Trending Tickers",Yahoo,https://finnhub.io/api/news?id=8ecd8c67de20b75aac4f82b3629dba80cdfc06e7560fb672c8390061df493c92,0.029,0.865,0.106,0.7674,2025-05-01
2025-05-01 14:40:00,The AI trade will have 'multiple winners': Strategist's picks,Yahoo,https://finnhub.io/api/news?id=1f46412524f331a4ff0949325bdc92dff40e592e0fd38527f3859f8e300b74df,0.0,0.874,0.126,0.9153,2025-05-01
2025-05-01 14:37:22,Nvidia Soars As Mag Seven Double Down On AI Spend; Is Nvidia A Buy Now?,Yahoo,https://finnhub.io/api/news?id=54d609935d440942cd3c62db028f3315a03c3ea7b7442e696b872d25889dddec,0.0,0.918,0.082,0.644,2025-05-01
2025-05-01 14:28:00,Nvidia and other chip stocks are riding AI optimism. Will Amazon’s earnings change that?,MarketWatch,https://finnhub.io/api/news?id=b302fdefd8fb0a5dfa6255814b775575368a3319b8e7978ad0675f0636c94b4d,0.0,0.779,0.221,0.8105,2025-05-01
2025-05-01 14:06:23,Nvidia raised concerns about Huawei's growing AI capabilities with US lawmakers,Finnhub,https://finnhub.io/api/news?id=7d486f3afa89d7f9f68d5ee17b0f953dd4fde018de3764969d7760caf192b6a3,0.0,0.862,0.138,0.5859,2025-05-01
2025-05-01 13:56:13,These are the top 10 April stock purchases on Robinhood U.K.,Yahoo,https://finnhub.io/api/news?id=37f5fc17ec6b575e380fbb35149361ea2ffe82044bccc28848a72bb60f02a488,0.02,0.796,0.184,0.9022,2025-05-01
2025-05-01 13:55:01,Jim Cramer on NVIDIA (NVDA): ‘It Will Only Get Worse’,Yahoo,https://finnhub.io/api/news?id=dd82602603a02c6f2243cf795ddd6603e0dedd90c90f958385e1af17792d2f4b,0.052,0.948,0.0,-0.5574,2025-05-01
2025-05-01 13:45:00,1 Thing Smart Investors Know About Bear Markets,Yahoo,https://finnhub.io/api/news?id=1c596e526fb22d57a6085b88e36c987af0aa133c21d1e51116758b7241e7238e,0.134,0.784,0.082,-0.4731,2025-05-01
2025-05-01 13:34:42,"Magnificent Seven Stocks: Nvidia, Tesla Rally; Meta, Microsoft Surge On Earnings",DowJones,https://finnhub.io/api/news?id=f6ec37a8c952097bb411a9c5065fc13496873b47494f09961e7687193fa3f35d,0.0,0.719,0.281,0.8316,2025-05-01
2025-05-01 13:29:48,Nvidia raised concerns about Huawei's growing AI capabilities to US lawmakers,Finnhub,https://finnhub.io/api/news?id=562c90f4d254a40e99f2df770b5db006fb9fada3b9ed98176576f77122839f15,0.0,0.831,0.169,0.6705,2025-05-01
2025-05-01 13:21:36,"Microsoft, Nvidia doing heavy lifting to boost Dow, despite drag of UnitedHealth",MarketWatch,https://finnhub.io/api/news?id=292febef3a86ef3f28243fdae5a48e79d0ccfa82471ba850d723614a77b88ade,0.0,0.696,0.304,0.7738,2025-05-01
2025-05-01 13:08:37,Cadence Design's Q1: Backlog Capitulation,SeekingAlpha,https://finnhub.io/api/news?id=854221df7b12ced85ada43e3d56a360ced9aa5785c50caa7e03a073330339022,0.0,0.856,0.144,0.6369,2025-05-01
2025-05-01 13:07:10,The most bought US stocks in Trump's first 100 days,Yahoo,https://finnhub.io/api/news?id=70d63b46143a955f4efe1de400f10db26c5f3dce31bd0dc66c5a79ef704b20e6,0.0,1.0,0.0,0.0,2025-05-01
2025-05-01 12:52:00,Bitcoin On Track to Resume Rally: 4 Crypto Stocks in Focus,Yahoo,https://finnhub.io/api/news?id=3f5add4d76f52778738d908629c69b5673f8362c7a1fc842b793c03f39609436,0.0,0.82,0.18,0.6705,2025-05-01
2025-05-01 12:43:24,"Nvidia stock rises to lead chip rally after Meta, Microsoft back AI investment plans",Yahoo,https://finnhub.io/api/news?id=de98cb0e7ec02264b0e0f8a50f864342de0c05c52724096ffef4cdd1cb34ab07,0.0,0.881,0.119,0.5574,2025-05-01
2025-05-01 12:29:29,Nvidia: Could Be A Short Opportunity Because Of DeepSeek's R2,SeekingAlpha,https://finnhub.io/api/news?id=c491198817b6f4e1b50e8841846a135ade982610b1106637f7076f0f2797f9e5,0.147,0.777,0.075,-0.4019,2025-05-01
2025-05-01 11:56:00,"Microsoft, NVIDIA Corp. share gains lead Dow's 200-point climb",MarketWatch,https://finnhub.io/api/news?id=fe4e9a138b5ab96cf06d4eb8a6cd03f84a1ac9e751c8c7931ef0fa9d4f0242e6,0.0,0.603,0.397,0.802,2025-05-01
2025-05-01 11:23:06,US Weighs Easing Nvidia Chip Curbs On UAE As Trump Plans Visit - Bloomberg News,Finnhub,https://finnhub.io/api/news?id=e4baaa4a7f416b96d8c1076989685c7300e920f6e29fa2045986a31c90a262cb,0.0,0.875,0.125,0.5766,2025-05-01
2025-05-01 10:50:54,Disappointment Is Just Getting Started; Sell Call On Super Micro Computer,SeekingAlpha,https://finnhub.io/api/news?id=643ba6d044864d4d20fd899ec10f271dbc24253b8598c4913973b32fdca62072,0.238,0.575,0.187,-0.3612,2025-05-01
2025-05-01 10:48:00,"Dow rallies nearly 325 points on gains in Microsoft, NVIDIA Corp. shares",MarketWatch,https://finnhub.io/api/news?id=d23f33259e6f14c2818c55490fbe8e3641d53ae7a35c3c027523a4c86b7e454a,0.0,0.685,0.315,0.802,2025-05-01
2025-05-01 10:20:00,ClearBridge Appreciation Fund Q1 2025 Commentary,SeekingAlpha,https://finnhub.io/api/news?id=ef4d2ebf293acf440c9ed44ef37a9524f79dcfd1256a59dde45be764b72a9985,0.0,0.762,0.238,0.802,2025-05-01
2025-05-01 10:05:03,"Big Tech ETF jumps as investors await earnings from Amazon, Apple",MarketWatch,https://finnhub.io/api/news?id=7316bd14e0c9d67d9a54315e2fa0a3ea941bc9ef25ac21f03aede59fbf15c76e,0.0,0.744,0.256,0.4939,2025-05-01
2025-05-01 10:00:00,Sui leads way as large cryptocurrencies post increases,MarketWatch,https://finnhub.io/api/news?id=be4c426b3ec390d0cf1f960ebc9713f5374ef6e72ef3d89a900d020831d12a75,0.0,1.0,0.0,0.0,2025-05-01
2025-05-01 09:57:25,"Dow Jones Rallies After Surprise Jobless Claims; Meta, Microsoft Surge On Earnings",DowJones,https://finnhub.io/api/news?id=2cb06b5b528993dfd328ee2b390a27323b0a6ca54c23dc99105394502e0bd3de,0.0,0.84,0.16,0.4939,2025-05-01
2025-05-01 09:45:00,"Microsoft, NVIDIA Corp. share gains lead Dow's 215-point climb",MarketWatch,https://finnhub.io/api/news?id=672c9e69a2f4f2d8b639f2b498884a636a4372c1580ca36389d83e3b6d644dc5,0.0,0.603,0.397,0.802,2025-05-01
2025-05-01 09:00:00,Living Without China: A Realistic Outlook For The U.S. Economy,SeekingAlpha,https://finnhub.io/api/news?id=4af61fa63816f87298b39ecbc1d6c81360173f0bd3a025296d94120ae408d3fc,0.0,1.0,0.0,0.0,2025-05-01
2025-05-01 08:51:00,"What investors are overlooking at Nvidia, Apple and a cruise-line operator, according to this fund manager",MarketWatch,https://finnhub.io/api/news?id=b832b71c45e0c955e473f9597a3e141f7bb93aec08fa2ea4a60bd87ebbfaf3a2,0.0,1.0,0.0,0.0,2025-05-01
2025-05-01 07:28:00,The Highest-Paid CEO in America Is Someone You’ve Probably Never Heard Of,MarketWatch,https://finnhub.io/api/news?id=c7c4a86420a97298fbd800ba1afe4aff679e96dda6ad976869c3a4d03642e852,0.0,1.0,0.0,0.0,2025-05-01
2025-05-01 06:45:00,Super Micro Computer: Why You Should Buy Before The Full Q3 Earnings Release,SeekingAlpha,https://finnhub.io/api/news?id=afb4918cae9bbdc655e4d18820187a425e8fa9306fb9f1581cf702b604c7f81a,0.0,0.778,0.222,0.8555,2025-05-01
2025-05-01 05:48:31,"Qualcomm shares dip after earnings, and other early market movers",MarketWatch,https://finnhub.io/api/news?id=4324cbe52970322346d7a81e4926f8071674f2845d51bb24961c225befd89ba6,0.0,0.804,0.196,0.5267,2025-05-01
2025-05-01 02:56:18,"As Trump Completes 100 Days As President, Elon Musk, Jeff Bezos, Mark Zuckerberg And Other Billionaire Backers See $195 Billion Wealth Wipeout Amid Market Turmoil",Yahoo,https://finnhub.io/api/news?id=357be8e6f24a61312c147442513e532cbc91d3c9bafcff7d494e5f2cc51b064e,0.035,0.845,0.12,0.6369,2025-05-01
2025-05-01 01:08:49,Broadcom: Buy This Dip - Solid Upside Ahead,SeekingAlpha,https://finnhub.io/api/news?id=11ab206e35fdbc3c8f3fdfd5c5894b591cba97f890c6dd71752cc3b4a9b4af8d,0.0,0.754,0.246,0.7783,2025-05-01
2025-05-01 00:22:08,NVIDIA Corporation (NVDA): Is the AI Hype Overpriced? Seaport Initiates With a Rare ‘Sell’ Call,Yahoo,https://finnhub.io/api/news?id=28725f80e915d13f2675c3db2158e6d9adbc7cc0a5542bcccc0529f5bc1b368e,0.0,1.0,0.0,0.0,2025-05-01
2025-04-30 23:50:00,Franklin Global Equity Fund Q1 2025 Commentary,SeekingAlpha,https://finnhub.io/api/news?id=add304a3ab757e79b9ad0319825662e9fcf86ab08aa9fe55c09c3b0c156d77d8,0.0,1.0,0.0,0.0,2025-05-01
2025-04-30 23:40:39,"Closing Bell Movers: Snap falls 14% after Q1 results, no guidance",Yahoo,https://finnhub.io/api/news?id=7fa3ea8e501e70cc60de161786debf821d63449c12c2ffcc8ed1de23229f5bbe,0.125,0.852,0.024,-0.9083,2025-05-01
2025-04-30 23:27:00,Franklin Rising Dividends Fund Q1 2025 Commentary,SeekingAlpha,https://finnhub.io/api/news?id=26941f83084757ed624985370f3fd39d40943f91642b1ebf6fc6e3c4526f1c0d,0.0,1.0,0.0,0.0,2025-05-01
2025-04-30 22:52:59,NVIDIA CEO Jensen Huang discusses U.S. chip investment at White House event,Yahoo,https://finnhub.io/api/news?id=88db5766f3b0ec40d3b4d4b4888de1f3b6f70427e3cf96674006b1ee241863f3,0.0,0.849,0.151,0.9099,2025-05-01
2025-04-30 22:44:00,"Nvidia CEO Says All Companies Will Need ‘AI Factories,’ Touts Creation of American Jobs",Yahoo,https://finnhub.io/api/news?id=56a9faeda1015d727f0db1b4db67e25c41bff9c7507d5169a84a73c0b46166ba,0.034,0.901,0.065,0.25,2025-05-01
2025-04-30 22:10:00,"Nvidia is still a buy, 'far ahead' of competitors: Analyst",Yahoo,https://finnhub.io/api/news?id=81d47d53e30cf808ef79b4ae246a64d1f3d918f77773d0ad872bdd809d8adfe8,0.073,0.905,0.022,-0.4902,2025-05-01
2025-04-30 21:45:25,"Advanced Micro Devices, Inc. (AMD) Started With a Buy Rating by Investment Bank",Yahoo,https://finnhub.io/api/news?id=d35b7676041361d4db1fd86dfe8de7c7876d15b277cc96e637e05c374c14316d,0.0,0.801,0.199,0.9081,2025-05-01
2025-04-30 21:29:58,"Nvidia (NVDA) Will “Walk Away” From China, Strategist Says",Yahoo,https://finnhub.io/api/news?id=e5bfb45952f3deb13eb605aae8b6f6327e03e18e13919382fea9d57a6ee9a1d2,0.048,0.935,0.017,-0.4754,2025-05-01
2025-04-30 21:05:13,Supermicro Warning Takes Down AI Data Center Stocks,Yahoo,https://finnhub.io/api/news?id=6fa4af48e0e07464cae39181805c57d1fec4bf96f62b75ee423358fcbcf718d2,0.174,0.826,0.0,-0.7269,2025-05-01
2025-04-30 21:04:57,NVIDIA stock gains as Meta boosts AI capex... again,Yahoo,https://finnhub.io/api/news?id=9f4605146278e257a1f18503b17f2ee260b13ff9d4f90441d87ad0c4efe9df61,0.0,0.756,0.244,0.8625,2025-05-01
2025-04-30 21:03:27,Peter Lynch Once Revealed Existence Of A One Liner So Loved By Warren Buffett That The Oracle Of Omaha Called Him To Borrow It: 'The One Line He Picked…Has Been The Greatest Mistake',Benzinga,https://finnhub.io/api/news?id=8e900f63a1e8cfb32005c310c65be1172874efb6ecc0dfb8ed5329d4c323c848,0.06,0.697,0.243,0.9551,2025-05-01
2025-04-30 21:00:00,NVIDIA Sets Conference Call for First-Quarter Financial Results,Yahoo,https://finnhub.io/api/news?id=ed148dcf7ef127572f9b2f76e6949ec732a7a7be3f1e3c2cd10c905738e97615,0.02,0.96,0.02,0.0,2025-05-01
2025-04-30 20:54:25,Amazon Plans to Build Dozens of US Warehouses in Rural Expansion,Yahoo,https://finnhub.io/api/news?id=56861eb1cef96cefdb3bd67e8706b4aa92705ecdcaa46b56800ff5d034a91aaa,0.024,0.942,0.035,0.0258,2025-05-01
2025-04-30 20:34:57,Nvidia hit with Sell rating. Analysts say upside is priced in.,Yahoo,https://finnhub.io/api/news?id=758dc82cc8a593d8fe129fed9360b564197336250a3735d03531bb95442ac738,0.018,0.88,0.101,0.7796,2025-05-01
2025-04-30 20:21:41,"’No evidence’ SMCI’s weak guidance hurts NVIDIA, Navellier says",Yahoo,https://finnhub.io/api/news?id=e8d1acdb6561d28adefb254fb071d5fd1e5180dd77e38d1060f42eedfc05d25f,0.186,0.67,0.144,-0.2075,2025-05-01
2025-04-30 20:20:06,"Stock Market Today: Dow, S&P 500 Turn It Around As Soft Inflation Report Trumps Economic Contraction (Live Coverage)",Yahoo,https://finnhub.io/api/news?id=7a2e1bb1211852a32d1ecd4b7c8090c0c1c316d5dba29ae048954170a5f735c4,0.0,0.909,0.091,0.5994,2025-05-01
2025-04-30 20:19:39,NVIDIA Corporation (NVDA): Jim Cramer Says Demand Is ‘Insane’ — But the Government Holds the Keys,Yahoo,https://finnhub.io/api/news?id=56faa9861967e55cda0a46ca905a80aed1d33bf6195c89e482db90dad0e0d6d6,0.017,0.983,0.0,-0.0644,2025-05-01
2025-04-30 19:57:53,"Top Investor Suggests NVDA, AMD Have Lost Pricing Power",Yahoo,https://finnhub.io/api/news?id=b2668973cb7115d32e6998a816876323d92ac16acc563cc0b9a351ac9f151b2e,0.067,0.819,0.115,0.5423,2025-05-01
2025-04-30 19:56:00,Trump’s Next Move on Nvidia Could Be a Costly Mistake,Yahoo,https://finnhub.io/api/news?id=ea5ea27ce0119bf3525bc5440337a75d26fc2d349eecd211283f4bcfc09e3770,0.146,0.755,0.099,0.0534,2025-05-01
2025-04-30 19:55:46,Sector Update: Tech Stocks Higher Late Afternoon,Yahoo,https://finnhub.io/api/news?id=74d5b3ef0218856a02db4072b7d283e069e8f3f1041bf1b691459f3d97eda8ed,0.0,1.0,0.0,0.0,2025-05-01
2025-04-30 19:31:26,Nvidia Slashed to Sell by Seaport Research,Yahoo,https://finnhub.io/api/news?id=388e55290753d9f407193a44c21b230ddd145d3000c3bc6e9184fc1cac798a01,0.193,0.807,0.0,-0.5106,2025-05-01
2025-04-30 18:15:10,"Meta Beats Q1 Earnings And Rallies 5% After Hours--Still, I'm Staying Put",SeekingAlpha,https://finnhub.io/api/news?id=19379a4f2d1021c9d36c28fe8caa6258664c39c7615cf76de56c4f172a5ed0be,0.0,0.887,0.113,0.6652,2025-05-01
2025-04-30 15:27:00,"Dow's 218-point drop led by losses for Amazon.com Inc., Nike stocks",MarketWatch,https://finnhub.io/api/news?id=702dec8d12b3ab46f404d857ab41959e912290ad64a60151f7d6239a159ad61a,0.348,0.652,0.0,-0.8225,2025-04-30
2025-04-30 15:05:00,ClearBridge Appreciation Portfolios Q1 2025 Commentary,SeekingAlpha,https://finnhub.io/api/news?id=fdd2322c3ab98387db66531d584acc0998360d53b29d6846fafca59161c0e972,0.0,0.602,0.398,0.5106,2025-04-30
2025-04-30 14:53:00,How to Play Defense in the Market if You’re Worried About a Recession,MarketWatch,https://finnhub.io/api/news?id=46e6dd79c91a41434cef689226245010451ab197abd92e8098898aa10ca41198,0.279,0.503,0.218,-0.4939,2025-04-30
2025-04-30 14:21:00,"Chevron, Amazon.com Inc. share losses contribute to Dow's 100-point fall",MarketWatch,https://finnhub.io/api/news?id=28c159562f0c03ac267f99eaf3aa3241a5b93b999413bd1d4d17d90575f34e92,0.209,0.62,0.171,-0.25,2025-04-30
2025-04-30 14:18:38,Nvidia's Risk To Chinese Trade Restrictions May Be Easing,SeekingAlpha,https://finnhub.io/api/news?id=91eecdaeecee892bd991b36c2048dd031188602f1b871fd5667e61c38180b9c1,0.075,0.624,0.301,0.9032,2025-04-30
2025-04-30 14:08:00,3 Reasons Arista Networks Could Rally Significantly In The Next 12 Months,SeekingAlpha,https://finnhub.io/api/news?id=e5ae654ce79206b1d237b6e9617d1ef0c2ff9a9aac06177530bd77defdfa71f0,0.0,0.778,0.222,0.8271,2025-04-30
2025-04-30 13:35:11,10 Information Technology Stocks With Whale Alerts In Today's Session,Benzinga,https://finnhub.io/api/news?id=71cfecf423b7bb020680e1b919805fc9a3b3f9b8709678b60791cb7a81a76acc,0.0,1.0,0.0,0.0,2025-04-30
2025-04-30 13:23:05,"Dividend Investor Who Earned $18,000 a Month Despite 'Bloody' Selloff Shares His Top 6 Stock Picks",Benzinga,https://finnhub.io/api/news?id=47b9f36d442c793d7c06d0d8db37966aef8358964d7bb2a916cc4491fd8fad54,0.099,0.681,0.22,0.3222,2025-04-30
2025-04-30 13:13:00,"Amazon.com Inc., Nike share losses lead Dow's nearly 350-point drop",MarketWatch,https://finnhub.io/api/news?id=2aa0490bb5c7ce29ec9be71ec1d57700639dec9aaab4d8c3bab17e6f7cfe1862,0.343,0.5,0.157,-0.6369,2025-04-30
2025-04-30 12:03:00,Super Micro’s big warning is taking these stocks down with it,MarketWatch,https://finnhub.io/api/news?id=818d5964837ab753f04a3b52bc26ef7d677bc944207c9ab45b827cb8cac4d06d,0.157,0.588,0.255,0.6124,2025-04-30
2025-04-30 11:51:00,Nvidia’s stock gets a rare sell call – due to ‘mounting questions’ about AI,MarketWatch,https://finnhub.io/api/news?id=34b4ab6e80864a296f5aa1eae9da3eec29af69c8ba0a9a46252481c890e1f75b,0.0,1.0,0.0,0.0,2025-04-30
2025-04-30 11:47:00,"Dow's 237-point fall led by losses in Chevron, Amazon.com Inc. stocks",MarketWatch,https://finnhub.io/api/news?id=8f5db8bb05f279b315d175cf3df51eee27a83b72c60e0b3c17a7da160779d936,0.213,0.787,0.0,-0.6597,2025-04-30
2025-04-30 11:42:14,"Nvidia CEO says Trump should revise AI chip export rules, Bloomberg News reports",Finnhub,https://finnhub.io/api/news?id=73f41a14e1857da193e073dbf3d832776c05db31c7da89f7b452d0032078c2e4,0.0,0.876,0.124,0.6597,2025-04-30
2025-04-30 11:35:06,"Stock Market Today: Dow Jones Plunges On Surprise GDP; Nvidia, Tesla Dive As Super Micro Crashes (Live Coverage)",DowJones,https://finnhub.io/api/news?id=e1179fa3561e5563ebf90d474db0791e233ce2d12b11f12b0cb6b3ef09a60e5d,0.0,0.727,0.273,0.9001,2025-04-30
2025-04-30 11:19:00,"These Stocks Are Moving the Most Today: Super Micro, Nvidia, Tesla, Starbucks, Seagate, Norwegian, First Solar, Snap, and More",MarketWatch,https://finnhub.io/api/news?id=24aa0f9be2cbf4f5a0a8af72f881c499ffb0ce4a72d0b6c7f5dde6d9b194ff9b,0.0,0.812,0.188,0.854,2025-04-30
2025-04-30 11:13:25,Super Micro Computer Results Suggest Nvidia Will Miss Q2 Outlook: Strong Sell,SeekingAlpha,https://finnhub.io/api/news?id=ddc9bfa5fa8a4c36b3c7538a60ca4ab64dd42823dda3b2339bd87571dfc2c636,0.159,0.69,0.151,0.3818,2025-04-30
2025-04-30 11:00:27,Tech CEOs Meet With Lawmakers for National Security Summit,Yahoo,https://finnhub.io/api/news?id=7a319472a70d83d96fa0453382f11560b6e3dca38098659c4fc0fa1c223453c0,0.0,0.877,0.123,0.836,2025-04-30
2025-04-30 10:59:29,Nvidia CEO Says Trump Should Revise Rules For AI Chip Exports- Bloomberg News,Finnhub,https://finnhub.io/api/news?id=486fdc75fa5a282169ea42a15fc2a00c36389e5d39e16c958590fc3e357cc6e0,0.0,1.0,0.0,0.0,2025-04-30
2025-04-30 10:56:07,Taiwan's ASE evaluates how it will support Nvidia's $500 billion US plan,Yahoo,https://finnhub.io/api/news?id=73808e5f365ea1805b2eb24cda6d827136eb3675144386ad1f732c1792ddd3ea,0.0,0.911,0.089,0.8934,2025-04-30
2025-04-30 10:46:00,"Dow drops nearly 450 points on losses in shares of Amazon.com Inc., Nike",MarketWatch,https://finnhub.io/api/news?id=9fe743e469fa3e0676239462836e200a28292f33e954787c5d2c99c49c92fa70,0.17,0.692,0.138,-0.25,2025-04-30
2025-04-30 10:32:17,Nvidia CEO Jensen Huang Says I'm Certain We Can Manufacture Chips On Shore With Resources Of Our Country - CNBC Interview,Finnhub,https://finnhub.io/api/news?id=6a1aea0e9cb4f7f8515cfe2e14966700f8a687ee559544597879fd2f8c243b80,0.0,0.901,0.099,0.6037,2025-04-30
2025-04-30 10:15:00,"These 2 Chip Stocks Could Be Better Bets Than Nvidia, Analyst Says",MarketWatch,https://finnhub.io/api/news?id=eba6efd65ef8cb48e7807ec02ce9c0a79aba22bef92cd3a4e17ca16498f17bd1,0.0,0.791,0.209,0.7003,2025-04-30
2025-04-30 10:15:00,The Davenport Core Leaders Fund Q1 2025 Commentary,SeekingAlpha,https://finnhub.io/api/news?id=30cbbdae87c9b1b956e51ece59c8a96cf5c63ad9d62c5732ec1a96c345d1f8cc,0.0,1.0,0.0,0.0,2025-04-30
2025-04-30 10:12:00,Prediction: 1 Stock That'll Be Worth More Than Apple a Year From Now,Yahoo,https://finnhub.io/api/news?id=4cbbe989904989ded6f923684f1524ad775fe656914665e5dd95f1e0b85c00ee,0.021,0.726,0.252,0.9643,2025-04-30
2025-04-30 10:07:00,Super Micro Stock Is on Track for Its Worst Day Since November. Here’s Why.,MarketWatch,https://finnhub.io/api/news?id=bb6cbf49d01c3bd844158c901b8cd347aa15acf17ee50fddfcda50e8b8c661c0,0.205,0.6,0.195,-0.1027,2025-04-30
2025-04-30 10:00:00,"Large cryptocurrencies drop on XRP, Sui declines",MarketWatch,https://finnhub.io/api/news?id=06b50a926f97a8b8f66f470ffc9468a68eb8e92e0052b1cab3425ccb7b25e27a,0.259,0.741,0.0,-0.4939,2025-04-30
2025-04-30 09:59:00,"Sell Nvidia Stock, Analyst Says. Here’s Why.",MarketWatch,https://finnhub.io/api/news?id=6ab18474e670cfcde56b9cf4a721ad3f9790bdd9c8d3f76ded0056e7300e9de0,0.0,1.0,0.0,0.0,2025-04-30
2025-04-30 09:57:36,"Dow Jones Slides 650 Points On Surprise GDP, Jobs Data; Nvidia, Tesla, Super Micro Sell Off",DowJones,https://finnhub.io/api/news?id=7c0cc56ea3d9e7f584ebd1eca50430814c185b4a350a744f0e4ee204dc6df78b,0.0,0.7,0.3,0.9001,2025-04-30
2025-04-30 09:45:00,"Nike, Amazon.com Inc. share losses contribute to Dow's 650-point drop",MarketWatch,https://finnhub.io/api/news?id=50ef0844d99f076e1545463dbb61a4899a4701de9126ad2f36eea95cc337a0b9,0.343,0.5,0.157,-0.6369,2025-04-30
2025-04-30 09:38:00,"These Stocks Are Moving the Most Today: Super Micro, Snap, First Solar, Starbucks, Seagate, Microsoft, Meta, and More",Yahoo,https://finnhub.io/api/news?id=db3ec42e4706fccb401914a19ca3ac9feb67c2b546af641c3ea471cc8a746da0,0.0,0.784,0.216,0.8878,2025-04-30
2025-04-30 09:29:00,Nasdaq Bear Market? 3 Artificial Intelligence Stocks Down 15% This Year.,Yahoo,https://finnhub.io/api/news?id=a95123a0657db68345672087556fc22514a72632a1cdd41cb916672b44c090be,0.0,0.669,0.331,0.9694,2025-04-30
2025-04-30 09:15:24,"Top 10 Trending Stocks On WallStreetBets As Of April 30, 2025 (Via Swaggy Stocks)",Benzinga,https://finnhub.io/api/news?id=7bdc1692e710acbfb237497d7ee465789623ebb8e20d84b14b44415503e52091,0.0,0.899,0.101,0.2023,2025-04-30
2025-04-30 09:12:00,Nvidia Stock Slips. What the Chip Maker Needs from Meta and Microsoft Earnings.,Yahoo,https://finnhub.io/api/news?id=73a849679fc8a720114d01a791855dfdb71c5f06f3705bad36ab1297e61e419c,0.0,0.933,0.067,0.4215,2025-04-30
2025-04-30 09:08:11,This Nvidia Analyst Begins Coverage On A Bearish Note; Here Are Top 5 Initiations For Wednesday,Benzinga,https://finnhub.io/api/news?id=9312f004521b64fce8e3a445e4612d13425470cd2c45f0e7b3bd2f1a98738485,0.0,0.893,0.107,0.2023,2025-04-30
2025-04-30 08:58:00,Better Semiconductor Stock: AMD vs. Nvidia,Yahoo,https://finnhub.io/api/news?id=a61cea2c071b24dc4279a0d7fec88007b12653d83c39f9f5f6d2972cba765f4d,0.101,0.767,0.132,0.34,2025-04-30
2025-04-30 08:50:00,Billionaires Sell Nvidia Stock Before the Market Crash and Buy a Golden ETF Up 166% in 10 Years,Yahoo,https://finnhub.io/api/news?id=5e9fd332ce60ae9ff4bb06f20b2b6f6a6c8e895d1aed0d398729bcac4a49414d,0.08,0.84,0.08,-0.0,2025-04-30
2025-04-30 08:27:00,Tariff And Tumble: April's Market Mood Swings,SeekingAlpha,https://finnhub.io/api/news?id=f92bb6891932e980e9955be0e1f8ec8fb5428b2485a512c9949cf6191b8e273a,0.0,1.0,0.0,0.0,2025-04-30
2025-04-30 08:15:00,TSMC Stock Gets Trump Boost. Intel Thinks It Knows How to Strike Back.,MarketWatch,https://finnhub.io/api/news?id=b517492407eeba543c6df8af8b6fe5d499542853b10764d302076f765f4a783f,0.099,0.724,0.178,0.5267,2025-04-30
2025-04-30 08:15:00,Should You Buy SoundHound AI Stock Before May 8? This Recent Move by Nvidia Might Hold the Answer,Yahoo,https://finnhub.io/api/news?id=edcb3f2090e7b0f56ac406e8c241f40664b0d2d607054fae988a9ecd6fcf96eb,0.014,0.836,0.15,0.9565,2025-04-30
2025-04-30 08:14:20,Dow Jones Futures: Stock Market Rallies On 'Done' Trade Deal; Nvidia Partner Super Micro Dives Late,DowJones,https://finnhub.io/api/news?id=50141434c9839cbb37eb268da158e2229824baba19b4cec3170f5b84b1598199,0.0,0.794,0.206,0.8316,2025-04-30
2025-04-30 08:10:00,Should Investors Worry About Nvidia's Future in China?,Yahoo,https://finnhub.io/api/news?id=80f9e9a851a9944e847ce8d4aa40bee3bbb1119b841b98a031877882318d4c74,0.034,0.879,0.087,0.3612,2025-04-30
2025-04-30 08:05:55,Is NVIDIA Corporation (NVDA) a Stock That Should Double in 3 Years?,Yahoo,https://finnhub.io/api/news?id=435c888b7fe112602771316aab11322480955df976889c7a86e1c39923c5b6ca,0.0,0.964,0.036,0.3612,2025-04-30
2025-04-30 07:50:47,Taiwan's ASE: evaluating how it will support Nvidia's $500 billion US plan,Finnhub,https://finnhub.io/api/news?id=bcdd7c62c1ec920924dd87ce2022f85bb129b893e6baafc095c7546299dc5643,0.0,0.805,0.195,0.8555,2025-04-30
2025-04-30 07:11:31,Samsung profit slows after US-China trade war hits AI spending,Yahoo,https://finnhub.io/api/news?id=97b7658ccb669aa72e7ff893df84270e1b645a9952e77e4d641953150d3ccbdb,0.114,0.772,0.114,0.0,2025-04-30
2025-04-30 06:22:09,"Super Micro shares dive, Nvidia dips, and other early market movers",MarketWatch,https://finnhub.io/api/news?id=86acc270299f9d5106f201ce99111cea8dd5bc566b3af40b251f174bf49e1c46,0.0,0.596,0.404,0.9042,2025-04-30
2025-04-30 05:10:00,Deep Sail Capital Partner Q1 2025  Investor Letter,SeekingAlpha,https://finnhub.io/api/news?id=5f965399513cb14b84ef3ef41a567a1ac86c76f81149cf5ddf454f0921799161,0.0,1.0,0.0,0.0,2025-04-30
2025-04-30 01:55:25,TSMC Starts Building Third Arizona Plant As US Tariffs Loom,Yahoo,https://finnhub.io/api/news?id=a8954f0c3129dad1e5a7739a2c401d43b26e6886e262271264deeca170604035,0.051,0.949,0.0,-0.5423,2025-04-30
2025-04-30 00:57:40,Nvidia: Bullish Thesis Fully Intact,SeekingAlpha,https://finnhub.io/api/news?id=49c625e6eff9d8b2cee2d0c8e80f95b5ae342eeff04d7c0b9c5d0f7e18016ddc,0.043,0.634,0.323,0.9099,2025-04-30
2025-04-29 23:30:26,"Brad Gerstner Says He’s Buying NVIDIA (NVDA) Amid ‘Off The Charts’ GPU Demand, Secular Growth",Yahoo,https://finnhub.io/api/news?id=7f269108bbfe196931249ecf1645a30998d22f448c37096d3ad87d3c0a18a428,0.131,0.837,0.033,-0.7717,2025-04-30
2025-04-29 21:45:16,Nvidia (NVDA) Gains But Lags Market: What You Should Know,Yahoo,https://finnhub.io/api/news?id=501983642c4dab8fadc4793f6c1b4ede943600b0ceec8b8c003377247eae629d,0.105,0.84,0.055,-0.3716,2025-04-30
2025-04-29 21:30:40,"NVIDIA, Dell fall after-hours after SMCI’s Q3 warning",Yahoo,https://finnhub.io/api/news?id=11e765f6f4d383bfe785cf90f13a790404d1ebaf4cd25759c8765e822b4afad0,0.042,0.704,0.253,0.8996,2025-04-30
2025-04-29 21:30:00,Franklin Growth Fund Q1 2025 Commentary,SeekingAlpha,https://finnhub.io/api/news?id=a091628b0a27d1cf98991f0b43e4b870ee995ccbc62e3a1b6d1eb96ddc3bf609,0.0,0.809,0.191,0.6369,2025-04-30
2025-04-29 21:26:32,Super Micro Computer Stock Plunges On Weak March-Quarter Figures,Yahoo,https://finnhub.io/api/news?id=2685e868fc77b0b8492a27a73dea976586555f8c2485958b971f054de7746f07,0.081,0.642,0.277,0.7906,2025-04-30
2025-04-29 20:46:43,Jim Cramer Says NVIDIA (NVDA) Being ‘Punished’ for Doing Business With ‘Enemy Nation’,Yahoo,https://finnhub.io/api/news?id=8e8f38f31d0997f34ed0f930667a0a8f8ebda8d43ed21d42d0755967a8e69d04,0.0,0.921,0.079,0.5719,2025-04-30
2025-04-29 20:46:00,Trump Touts Economic Wins in Detroit Speech. Americans Aren’t Buying It.,MarketWatch,https://finnhub.io/api/news?id=894f4c2b17060051d215b00750f8b1016c97b3f546e01d577e2de7b7bbc65944,0.08,0.652,0.268,0.802,2025-04-30
2025-04-29 20:19:00,"These Stocks Moved the Most Today: GM, Tesla, Ford, JetBlue, Wolfspeed, SoFi, Nvidia, and More",Yahoo,https://finnhub.io/api/news?id=4e2a441a6f7bd1351ea550e83b1594d1eaaee563f558ab5e9de8770c8c79fb1c,0.0,0.846,0.154,0.659,2025-04-30
2025-04-29 20:18:00,Super Micro’s stock tanks and Nvidia could be the reason why,MarketWatch,https://finnhub.io/api/news?id=29e1963197f8b285801d54d2636cff2a88d3ecfbfa9628eefdefc30e3f76fa70,0.0,0.719,0.281,0.8316,2025-04-30
2025-04-29 19:58:48,Nvidia stock dips amid Reuters report on AI chip export rule review,Yahoo,https://finnhub.io/api/news?id=baa290a973314e62b2e40e29648c64ee7948b91900cd313d52459de384c6c29c,0.047,0.893,0.06,0.2263,2025-04-30
2025-04-29 17:39:00,These Charts Show How Every S&P 500 Stock Has Performed in Trump’s First 100 Days,MarketWatch,https://finnhub.io/api/news?id=f46c73afbb904310bba13a89e72df3321f20d01f8c72ad30441f389692485445,0.0,1.0,0.0,0.0,2025-04-30
2025-04-29 17:24:00,Super Micro Stock Tumbles on Big Earnings Miss,MarketWatch,https://finnhub.io/api/news?id=447428d0592bfe12c64f1eaf1ea80ba303c7c22f39f774e22c614ab4acca5fe1,0.139,0.522,0.339,0.765,2025-04-30
2025-04-29 16:55:02,QQQ Vs CQQQ: Which Tech ETF Should You Bet On Now As AI Boom Meets U.S.-China Trade Thaw?,Benzinga,https://finnhub.io/api/news?id=068db98c5702c6a9db76b99b0cd3baa801393b261cf00136472db607066b1aae,0.059,0.897,0.044,-0.1779,2025-04-30
2025-04-29 16:10:55,"IGM: Mag 7's P/E Has Come Down Ahead Of Q1 Earnings, But Technical Damage Done",SeekingAlpha,https://finnhub.io/api/news?id=7c9e304cead5b4e7264c467e7adac95eb451e30ca85b688a28a6ae909fc613a0,0.093,0.777,0.131,0.1901,2025-04-30
2025-04-29 15:38:16,NVIDIA Corporation (NVDA): Among Billionaire Andreas Halvorsen’s Stock Picks With Huge Upside Potential,Yahoo,https://finnhub.io/api/news?id=d97eb3cdaefc14fa42e94492c0ef907cc658c75ad8543e7556e8bf8aadebd8ee,0.0,0.876,0.124,0.802,2025-04-29
2025-04-29 14:53:22,"Nvidia's Technology Gap At Risk Amid Blackwell Delay, Analyst Says; Is Nvidia A Sell Now?",Yahoo,https://finnhub.io/api/news?id=9d85ab7403e4daf065a66c7fc11dff3e8dd747d4d01df10a93d256946ed802c8,0.118,0.772,0.11,-0.1179,2025-04-29
2025-04-29 14:45:00,Nvidia Stock Drops. Where This Analyst Sees a ‘Threat to Sales.’,Yahoo,https://finnhub.io/api/news?id=56d37478c03d672c8e4e0eeacbfd07bb1c58140fe9a4c6ca8ed882689ba6a11e,0.0,1.0,0.0,0.0,2025-04-29
2025-04-29 14:41:24,"NVDA Stock Can Perform Well in the Long Term, Veteran Investor Says",Yahoo,https://finnhub.io/api/news?id=e7b7ae1b9cc13d853cc45a019ef43f99ad4cb0acf88717123d29c0c6cfa733e5,0.02,0.841,0.139,0.836,2025-04-29
2025-04-29 14:16:50,Is NVIDIA Corporation (NVDA) the Worst-Performing Blue Chip Stock So Far in 2025?,Yahoo,https://finnhub.io/api/news?id=0299c04f60a22b349e0f77d823246fa0011791463b4d0923a9cde873b77e33b5,0.068,0.932,0.0,-0.5994,2025-04-29
2025-04-29 13:54:58,Mag 7: What the technicals are saying about Big Tech stocks,Yahoo,https://finnhub.io/api/news?id=60c5a227ca78dd7a1c300a62836c4809dc9ca5a991e062f7b5787efa61043db0,0.013,0.935,0.052,0.6369,2025-04-29
2025-04-29 13:37:00,"The Best Vanguard ETF to Invest $1,000 in Right Now",Yahoo,https://finnhub.io/api/news?id=b3651620f414dc7ae760d8e73f3c2e6c5d438ae9dbf255e3b81f3d69be59e4f3,0.0,0.84,0.16,0.6369,2025-04-29
2025-04-29 13:36:55,Microsoft and Amazon Capex in Focus Amid Potential AI Pullback,Yahoo,https://finnhub.io/api/news?id=4c685c105b41eb7fa2d70d10e3da7fa6b562e224747c90dea138c1d7860c5f95,0.0,0.952,0.048,0.5267,2025-04-29
2025-04-29 13:21:08,Here’s Why NVIDIA Corporation (NVDA) Fell in Q1,Yahoo,https://finnhub.io/api/news?id=acee33cc3611cd83c2be2d05c872b8933bbad060803ea747926f51f0902e7ab7,0.0,0.896,0.104,0.7506,2025-04-29
2025-04-29 13:00:13,NVIDIA Corporation (NVDA) is Attracting Investor Attention: Here is What You Should Know,Yahoo,https://finnhub.io/api/news?id=52e996c5ccbe1896b015687a671d50bb3e13cfd0cb58b46867c0ca313d9eabb8,0.0,0.825,0.175,0.7351,2025-04-29
2025-04-29 12:30:27,Q1 2025 Cadence Design Systems Inc Earnings Call,Yahoo,https://finnhub.io/api/news?id=697841abe9d921ccb2eb22088ef71a2700a2d42ebe82a7bd3879e490eeb8f966,0.0,1.0,0.0,0.0,2025-04-29
2025-04-29 12:24:10,Summer Recession Forecasted By Apollo: Is This S&P 500 Rally Built To Last?,SeekingAlpha,https://finnhub.io/api/news?id=a0c69b4efd976a5ee680260b10cdb2bcf12984af2572c66ee3e01a58c766cc21,0.19,0.81,0.0,-0.7906,2025-04-29
2025-04-29 12:18:00,"These Stocks Are Moving the Most Today: GM, Tesla, Ford, JetBlue, Wolfspeed, SoFi, Nvidia, and More",Yahoo,https://finnhub.io/api/news?id=1151b2c836f02dd34e07ffe6c40faa79af2d9eabe1c6367bbb71db0e2fc9478e,0.0,0.849,0.151,0.659,2025-04-29
2025-04-29 12:11:00,Stock-Split Watch: Is Nvidia Next?,Yahoo,https://finnhub.io/api/news?id=99b23908e0f0102bd78e83b770b5b23ade36fdb75feb5c261fc9d3fb53822312,0.0,0.917,0.083,0.6808,2025-04-29
2025-04-29 12:00:55,S&P 493 earnings growth appears to be gaining as Mag 7 slows,Yahoo,https://finnhub.io/api/news?id=2d2bf1f72d5fd04e3cddd14140d0d2031eeb0374e5284055f4bd16c5003c0873,0.0,0.849,0.151,0.9349,2025-04-29
2025-04-29 12:00:00,Nvidia: Time To Go All In,SeekingAlpha,https://finnhub.io/api/news?id=2df417600d5ba4e923b61d24465555e6d7b419cacdebac879e42491650a2d814,0.078,0.855,0.067,-0.0772,2025-04-29
2025-04-29 10:05:00,Markets Hold Their Breath,SeekingAlpha,https://finnhub.io/api/news?id=1a88606f14911bbb783653406da86bff017c587d50b635656a561583835a6cc5,0.0,0.838,0.162,0.6597,2025-04-29
2025-04-29 10:00:00,Sui leads declines as large cryptocurrencies start mixed,MarketWatch,https://finnhub.io/api/news?id=e219fc413625ce94fc02aba03c5b1a61a16355b2f05e2cc42f4ce20e8369c2a6,0.0,1.0,0.0,0.0,2025-04-29
2025-04-29 09:42:21,Dow Jones Rises Amid Key Economic Data; Spotify Plunges On Earnings,DowJones,https://finnhub.io/api/news?id=4e8f8f243ebf9eed381c71a59c74f9d07ec7d447ecb1fa02109cd3e831f9a6c8,0.0,1.0,0.0,0.0,2025-04-29
2025-04-29 09:32:00,2 Artificial Intelligence (AI) Stocks That Could Make You a Millionaire,Yahoo,https://finnhub.io/api/news?id=c15abfab48be9743b3955b0b0c2c195323429d61270083c3822fbce0a79a68e2,0.054,0.724,0.222,0.9577,2025-04-29
2025-04-29 09:30:00,Nvidia’s Trump Worries Go Far Beyond China,Yahoo,https://finnhub.io/api/news?id=d9ddb2b7578f819728ef69a17c94f6917f6544358f5b05f36746167bcd33f0d1,0.087,0.717,0.196,0.5413,2025-04-29
2025-04-29 09:12:26,"H100 Renting Prices Will Drop, Fast - Reiterating Sell On Nebius",SeekingAlpha,https://finnhub.io/api/news?id=7f5f98dc6db1908086a3c7365b4eddd6269d3fc71d06d6e4c94fe6348b2c55dd,0.17,0.785,0.045,-0.5859,2025-04-29
2025-04-29 09:05:00,Chip Design Hits AI Crossover Point,SeekingAlpha,https://finnhub.io/api/news?id=6c17033151b1bf166f032b85890d34248092bd7bef1b5e4a760af45f2fd9ba7e,0.0,0.657,0.343,0.9118,2025-04-29
2025-04-29 08:45:00,The Best Tech ETF to Invest $250 in Right Now,Yahoo,https://finnhub.io/api/news?id=c5b7db10eb1e8c5c1b9152e5c8b9e6accea1d4207d5b4d6698e8803adfdcf059,0.052,0.809,0.14,0.6641,2025-04-29
2025-04-29 08:30:00,Fiduciary Management Q1 2025 Shareholder Letter,SeekingAlpha,https://finnhub.io/api/news?id=b9f4b3c750f97cf925ab0e33e6b24da8791c9cc97ec59f3cbf76e121b4766c15,0.0,0.949,0.051,0.1027,2025-04-29
2025-04-29 08:30:00,ClearBridge Global Value Improvers Strategy Q1 2025 Commentary,SeekingAlpha,https://finnhub.io/api/news?id=4777d1093e87a14df62c8046130e86746a78550592dfcc51a616b39754e74653,0.0,0.561,0.439,0.5719,2025-04-29
2025-04-29 08:25:00,Prediction: Nvidia Will Beat the Tariff Turmoil (and the Stock Will Soar),Yahoo,https://finnhub.io/api/news?id=d41d6657d0b0c863de403cabb3297cae18c5fd9eebca6d187143cb81c2db2ac7,0.029,0.898,0.074,0.5994,2025-04-29
2025-04-29 06:51:00,Why Trump’s Next 100 Days Will Be More Crucial for Stock Markets and 5 Other Things to Know Today.,MarketWatch,https://finnhub.io/api/news?id=f78935f0cbb49de1c3049de7ebc757a65d09fa428b2bb263b8c4b9f7d59d8196,0.0,1.0,0.0,0.0,2025-04-29
2025-04-29 06:25:53,Nvidia: The Reversion Angle Executed My Thesis Much Faster,SeekingAlpha,https://finnhub.io/api/news?id=359a0beeeb1d3f3f90b9ac711bd1519a012e37d8178b40a35c114826a3c0801a,0.0,1.0,0.0,0.0,2025-04-29
2025-04-29 06:07:00,Grey Owl Capital Management Q1 2025 Client Letter,SeekingAlpha,https://finnhub.io/api/news?id=0c5652cb17f37bf21469b52fe2edbfc48dd2f3a84446404e47fe024cd5735ec9,0.0,0.787,0.213,0.743,2025-04-29
2025-04-29 05:25:20,"Nvidia, Johnson & Johnson, Hyundai, Toyota, SoftBank CEOs To Join Trump At White House As He Touts Investment Surge In First 100 Days: Report",Benzinga,https://finnhub.io/api/news?id=43ce1906ee7cb9a482836fef1e4727cc06cedf7945b4db4374a918286b7d4bd6,0.021,0.854,0.124,0.6486,2025-04-29
2025-04-29 02:15:00,Alphabet Sets A Positive Tone Ahead Of Mega Tech Earnings Results This Week,SeekingAlpha,https://finnhub.io/api/news?id=dc13ebbfecea942308757fd0ac43260ba4092619f845854fd643fdea3987fe21,0.0,0.838,0.162,0.7351,2025-04-29
2025-04-28 22:00:29,"Dow Jones Futures: Nvidia, Tesla Test Key Levels; Apple, Amazon Lead Big Earnings Reports",DowJones,https://finnhub.io/api/news?id=1b86cb5b023a5157422b87f0b2ec1ab92103c249e3c7aaeccc4b6e0c62aaa8e9,0.0,0.884,0.116,0.34,2025-04-29
2025-04-28 20:05:00,Why Nvidia investors shouldn’t worry about Huawei’s new AI chip,MarketWatch,https://finnhub.io/api/news?id=01be21d77f75445728c045d67004aaf6c1514b4d3b23d2153c7325fe4449a97a,0.244,0.756,0.0,-0.7003,2025-04-29
2025-04-28 17:09:00,Nvidia Stock Falls. This Huawei Breakthrough Won’t Help.,MarketWatch,https://finnhub.io/api/news?id=a9c32468dbbe27729cc4e3257d4a0bf01c99610eaf079aff5ab64f14b60b72f3,0.0,0.722,0.278,0.6597,2025-04-29
2025-04-28 16:54:00,"Quantum Computing Stock Can Nearly Double, Says Analyst",MarketWatch,https://finnhub.io/api/news?id=0c5140752db335cc57002886a9e681a73373eb063b411d4fd62398420f6a161e,0.0,1.0,0.0,0.0,2025-04-29
2025-04-28 16:27:08,Nvidia Stock Sinks On China's Growing AI Chip Ambitions,DowJones,https://finnhub.io/api/news?id=6e5ff7dc396f2a56b4fe168b02adcbed548944906aa279adcdffd9201d71c885,0.0,0.825,0.175,0.34,2025-04-29
2025-04-28 16:23:05,Stock Market Today: Dow Jones Up But Nvidia Falls On New China Threat; Cathie Wood Loads Up On This Stock (Live Coverage),DowJones,https://finnhub.io/api/news?id=4b78f07bcef4af8df2d5f7eacbfbafc289c157149691d14e1319d1324224b71a,0.18,0.82,0.0,-0.8807,2025-04-29
2025-04-28 16:12:00,"These Stocks Moved the Most Today: Tesla, Nvidia, Domino’s, Spirit AeroSystems, IBM, MicroStrategy, and More",MarketWatch,https://finnhub.io/api/news?id=af0aae079a31b7d770d6080f8ee964a1e490b170feed80c493f3acc00f5d1208,0.0,0.892,0.108,0.34,2025-04-29
2025-04-28 15:03:05,Stock Market Today: Dow Jones Up As Indexes Seek More Gains; Biotech Soars On Key Approval (Live Coverage),Yahoo,https://finnhub.io/api/news?id=fc6ca16334a0325eef77a38e404b9962a0993ce908ff15d6659addfed4293fe2,0.0,0.813,0.187,0.8169,2025-04-28
2025-04-28 15:00:09,Retail traders should consider more conservative investments: Wall Street veteran,Yahoo,https://finnhub.io/api/news?id=28b26a8ec7e1d95318471f9c4b6d04601e04be9627a010b9246c1ffb49b6df6f,0.194,0.806,0.0,-0.7184,2025-04-28
2025-04-28 14:48:06,AI And Energy Play Persist In Real Economy,SeekingAlpha,https://finnhub.io/api/news?id=974fe9c802141e7b6ce19e93abd7fbbaf0742ce9833d4f72c8f6c07ff096d26c,0.0,0.816,0.184,0.6486,2025-04-28
